method_name,seed,policy_id,candidate_label,episode_id,env_idx,env_seed,step_idx,rule_id,severity,blue_action_name,blue_target_hostname,blue_target_subnet,red_action_name,red_target_hostname,critical_state_before,critical_state_after,compromised_hosts_before,compromised_hosts_after,response_context
ours_stage2_fair,11,stage2_ext_001_obj_2,critical_safe_balanced,episode_000,0,11,24,Q2_user_action_during_critical_breach,high,DecoySSHD,User4,User,PrivilegeEscalate,Op_Server0,"[""Op_Server0""]","[""Op_Server0""]","[""Enterprise1"", ""Op_Server0"", ""User0"", ""User2""]","[""Enterprise1"", ""Op_Server0"", ""User0"", ""User2""]","{""blue_first_relevant_response_after_critical"": 13, ""blue_first_relevant_response_after_enterprise"": 7, ""enterprise_foothold_step"": 5, ""first_critical_hit_step"": 12, ""window_end"": null, ""window_start"": null}"
ours_stage2_fair,11,stage2_ext_001_obj_2,critical_safe_balanced,episode_000,0,11,26,Q2_user_action_during_critical_breach,high,DecoySvchost,User4,User,Impact,Op_Server0,"[""Op_Server0""]","[""Op_Server0""]","[""Enterprise1"", ""Op_Server0"", ""User0"", ""User2""]","[""Enterprise1"", ""Op_Server0"", ""User0"", ""User2""]","{""blue_first_relevant_response_after_critical"": 13, ""blue_first_relevant_response_after_enterprise"": 7, ""enterprise_foothold_step"": 5, ""first_critical_hit_step"": 12, ""window_end"": null, ""window_start"": null}"
ours_stage2_fair,11,stage2_ext_001_obj_2,critical_safe_balanced,episode_000,0,11,27,Q2_user_action_during_critical_breach,high,DecoySvchost,User4,User,Impact,Op_Server0,"[""Op_Server0""]","[""Op_Server0""]","[""Enterprise1"", ""Op_Server0"", ""User0"", ""User2""]","[""Enterprise1"", ""Op_Server0"", ""User0"", ""User2""]","{""blue_first_relevant_response_after_critical"": 13, ""blue_first_relevant_response_after_enterprise"": 7, ""enterprise_foothold_step"": 5, ""first_critical_hit_step"": 12, ""window_end"": null, ""window_start"": null}"
ours_stage2_fair,11,stage2_ext_001_obj_2,critical_safe_balanced,episode_000,0,11,28,Q2_user_action_during_critical_breach,high,DecoySvchost,User4,User,Impact,Op_Server0,"[""Op_Server0""]","[""Op_Server0""]","[""Enterprise1"", ""Op_Server0"", ""User0"", ""User2""]","[""Enterprise1"", ""Op_Server0"", ""User0"", ""User2""]","{""blue_first_relevant_response_after_critical"": 13, ""blue_first_relevant_response_after_enterprise"": 7, ""enterprise_foothold_step"": 5, ""first_critical_hit_step"": 12, ""window_end"": null, ""window_start"": null}"
ours_stage2_fair,11,stage2_ext_001_obj_2,critical_safe_balanced,episode_000,0,11,42,Q2_user_action_during_critical_breach,high,DecoySSHD,User4,User,Impact,Op_Server0,"[""Op_Server0""]","[""Op_Server0""]","[""Enterprise1"", ""Op_Server0"", ""User0"", ""User2""]","[""Enterprise1"", ""Op_Server0"", ""User0"", ""User2""]","{""blue_first_relevant_response_after_critical"": 13, ""blue_first_relevant_response_after_enterprise"": 7, ""enterprise_foothold_step"": 5, ""first_critical_hit_step"": 12, ""window_end"": null, ""window_start"": null}"
ours_stage2_fair,11,stage2_ext_001_obj_2,critical_safe_balanced,episode_000,0,11,43,Q2_user_action_during_critical_breach,high,DecoySSHD,User4,User,Impact,Op_Server0,"[""Op_Server0""]","[""Op_Server0""]","[""Enterprise1"", ""Op_Server0"", ""User0"", ""User2""]","[""Enterprise1"", ""Op_Server0"", ""User0"", ""User2""]","{""blue_first_relevant_response_after_critical"": 13, ""blue_first_relevant_response_after_enterprise"": 7, ""enterprise_foothold_step"": 5, ""first_critical_hit_step"": 12, ""window_end"": null, ""window_start"": null}"
ours_stage2_fair,11,stage2_ext_001_obj_2,critical_safe_balanced,episode_000,0,11,45,Q2_user_action_during_critical_breach,high,DecoySSHD,User4,User,Impact,Op_Server0,"[""Op_Server0""]","[""Op_Server0""]","[""Enterprise1"", ""Op_Server0"", ""User0"", ""User2""]","[""Enterprise1"", ""Op_Server0"", ""User0"", ""User2""]","{""blue_first_relevant_response_after_critical"": 13, ""blue_first_relevant_response_after_enterprise"": 7, ""enterprise_foothold_step"": 5, ""first_critical_hit_step"": 12, ""window_end"": null, ""window_start"": null}"
ours_stage2_fair,11,stage2_ext_001_obj_2,critical_safe_balanced,episode_000,0,11,48,Q2_user_action_during_critical_breach,high,DecoyVsftpd,User4,User,Impact,Op_Server0,"[""Op_Server0""]","[""Op_Server0""]","[""Enterprise1"", ""Op_Server0"", ""User0"", ""User2""]","[""Enterprise1"", ""Op_Server0"", ""User0"", ""User2""]","{""blue_first_relevant_response_after_critical"": 13, ""blue_first_relevant_response_after_enterprise"": 7, ""enterprise_foothold_step"": 5, ""first_critical_hit_step"": 12, ""window_end"": null, ""window_start"": null}"
ours_stage2_fair,11,stage2_ext_001_obj_2,critical_safe_balanced,episode_000,0,11,49,Q2_user_action_during_critical_breach,high,DecoySSHD,User4,User,Impact,Op_Server0,"[""Op_Server0""]","[""Op_Server0""]","[""Enterprise1"", ""Op_Server0"", ""User0"", ""User2""]","[""Enterprise1"", ""Op_Server0"", ""User0"", ""User2""]","{""blue_first_relevant_response_after_critical"": 13, ""blue_first_relevant_response_after_enterprise"": 7, ""enterprise_foothold_step"": 5, ""first_critical_hit_step"": 12, ""window_end"": null, ""window_start"": null}"
ours_stage2_fair,11,stage2_ext_001_obj_2,critical_safe_balanced,episode_000,0,11,51,Q2_user_action_during_critical_breach,high,DecoyVsftpd,User2,User,Impact,Op_Server0,"[""Op_Server0""]","[""Op_Server0""]","[""Enterprise1"", ""Op_Server0"", ""User0"", ""User2""]","[""Enterprise1"", ""Op_Server0"", ""User0"", ""User2""]","{""blue_first_relevant_response_after_critical"": 13, ""blue_first_relevant_response_after_enterprise"": 7, ""enterprise_foothold_step"": 5, ""first_critical_hit_step"": 12, ""window_end"": null, ""window_start"": null}"
ours_stage2_fair,11,stage2_ext_001_obj_2,critical_safe_balanced,episode_000,0,11,52,Q2_user_action_during_critical_breach,high,DecoySvchost,User4,User,Impact,Op_Server0,"[""Op_Server0""]","[""Op_Server0""]","[""Enterprise1"", ""Op_Server0"", ""User0"", ""User2""]","[""Enterprise1"", ""Op_Server0"", ""User0"", ""User2""]","{""blue_first_relevant_response_after_critical"": 13, ""blue_first_relevant_response_after_enterprise"": 7, ""enterprise_foothold_step"": 5, ""first_critical_hit_step"": 12, ""window_end"": null, ""window_start"": null}"
ours_stage2_fair,11,stage2_ext_001_obj_2,critical_safe_balanced,episode_000,0,11,57,Q2_user_action_during_critical_breach,high,DecoyVsftpd,User4,User,Impact,Op_Server0,"[""Op_Server0""]","[""Op_Server0""]","[""Enterprise1"", ""Op_Server0"", ""User0"", ""User2""]","[""Enterprise1"", ""Op_Server0"", ""User0"", ""User2""]","{""blue_first_relevant_response_after_critical"": 13, ""blue_first_relevant_response_after_enterprise"": 7, ""enterprise_foothold_step"": 5, ""first_critical_hit_step"": 12, ""window_end"": null, ""window_start"": null}"
ours_stage2_fair,11,stage2_ext_001_obj_2,critical_safe_balanced,episode_000,0,11,66,Q2_user_action_during_critical_breach,high,DecoySSHD,User4,User,Impact,Op_Server0,"[""Op_Server0""]","[""Op_Server0""]","[""Enterprise1"", ""Op_Server0"", ""User0"", ""User2""]","[""Enterprise1"", ""Op_Server0"", ""User0"", ""User2""]","{""blue_first_relevant_response_after_critical"": 13, ""blue_first_relevant_response_after_enterprise"": 7, ""enterprise_foothold_step"": 5, ""first_critical_hit_step"": 12, ""window_end"": null, ""window_start"": null}"
ours_stage2_fair,11,stage2_ext_001_obj_2,critical_safe_balanced,episode_000,0,11,68,Q2_user_action_during_critical_breach,high,Remove,User3,User,Impact,Op_Server0,"[""Op_Server0""]","[""Op_Server0""]","[""Enterprise1"", ""Op_Server0"", ""User0"", ""User2""]","[""Enterprise1"", ""Op_Server0"", ""User0"", ""User2""]","{""blue_first_relevant_response_after_critical"": 13, ""blue_first_relevant_response_after_enterprise"": 7, ""enterprise_foothold_step"": 5, ""first_critical_hit_step"": 12, ""window_end"": null, ""window_start"": null}"
ours_stage2_fair,11,stage2_ext_001_obj_2,critical_safe_balanced,episode_000,0,11,69,Q2_user_action_during_critical_breach,high,DecoySvchost,User4,User,Impact,Op_Server0,"[""Op_Server0""]","[""Op_Server0""]","[""Enterprise1"", ""Op_Server0"", ""User0"", ""User2""]","[""Enterprise1"", ""Op_Server0"", ""User0"", ""User2""]","{""blue_first_relevant_response_after_critical"": 13, ""blue_first_relevant_response_after_enterprise"": 7, ""enterprise_foothold_step"": 5, ""first_critical_hit_step"": 12, ""window_end"": null, ""window_start"": null}"
ours_stage2_fair,11,stage2_ext_001_obj_2,critical_safe_balanced,episode_000,0,11,70,Q2_user_action_during_critical_breach,high,DecoyVsftpd,User2,User,Impact,Op_Server0,"[""Op_Server0""]","[""Op_Server0""]","[""Enterprise1"", ""Op_Server0"", ""User0"", ""User2""]","[""Enterprise1"", ""Op_Server0"", ""User0"", ""User2""]","{""blue_first_relevant_response_after_critical"": 13, ""blue_first_relevant_response_after_enterprise"": 7, ""enterprise_foothold_step"": 5, ""first_critical_hit_step"": 12, ""window_end"": null, ""window_start"": null}"
ours_stage2_fair,11,stage2_ext_001_obj_2,critical_safe_balanced,episode_000,0,11,71,Q2_user_action_during_critical_breach,high,DecoySSHD,User4,User,Impact,Op_Server0,"[""Op_Server0""]","[""Op_Server0""]","[""Enterprise1"", ""Op_Server0"", ""User0"", ""User2""]","[""Enterprise1"", ""Op_Server0"", ""User0"", ""User2""]","{""blue_first_relevant_response_after_critical"": 13, ""blue_first_relevant_response_after_enterprise"": 7, ""enterprise_foothold_step"": 5, ""first_critical_hit_step"": 12, ""window_end"": null, ""window_start"": null}"
ours_stage2_fair,11,stage2_ext_001_obj_2,critical_safe_balanced,episode_000,0,11,73,Q2_user_action_during_critical_breach,high,DecoySSHD,User4,User,Impact,Op_Server0,"[""Op_Server0""]","[""Op_Server0""]","[""Enterprise1"", ""Op_Server0"", ""User0"", ""User2""]","[""Enterprise1"", ""Op_Server0"", ""User0"", ""User2""]","{""blue_first_relevant_response_after_critical"": 13, ""blue_first_relevant_response_after_enterprise"": 7, ""enterprise_foothold_step"": 5, ""first_critical_hit_step"": 12, ""window_end"": null, ""window_start"": null}"
ours_stage2_fair,11,stage2_ext_001_obj_2,critical_safe_balanced,episode_000,0,11,75,Q2_user_action_during_critical_breach,high,DecoySSHD,User4,User,Impact,Op_Server0,"[""Op_Server0""]","[""Op_Server0""]","[""Enterprise1"", ""Op_Server0"", ""User0"", ""User2""]","[""Enterprise1"", ""Op_Server0"", ""User0"", ""User2""]","{""blue_first_relevant_response_after_critical"": 13, ""blue_first_relevant_response_after_enterprise"": 7, ""enterprise_foothold_step"": 5, ""first_critical_hit_step"": 12, ""window_end"": null, ""window_start"": null}"
ours_stage2_fair,11,stage2_ext_001_obj_2,critical_safe_balanced,episode_000,0,11,77,Q2_user_action_during_critical_breach,high,DecoySSHD,User4,User,Impact,Op_Server0,"[""Op_Server0""]","[""Op_Server0""]","[""Enterprise1"", ""Op_Server0"", ""User0"", ""User2""]","[""Enterprise1"", ""Op_Server0"", ""User0"", ""User2""]","{""blue_first_relevant_response_after_critical"": 13, ""blue_first_relevant_response_after_enterprise"": 7, ""enterprise_foothold_step"": 5, ""first_critical_hit_step"": 12, ""window_end"": null, ""window_start"": null}"
ours_stage2_fair,11,stage2_ext_001_obj_2,critical_safe_balanced,episode_000,0,11,91,Q2_user_action_during_critical_breach,high,DecoyApache,User4,User,PrivilegeEscalate,Op_Server0,"[""Op_Server0""]","[""Op_Server0""]","[""Enterprise1"", ""Op_Server0"", ""User0"", ""User2""]","[""Enterprise1"", ""Op_Server0"", ""User0"", ""User2""]","{""blue_first_relevant_response_after_critical"": 13, ""blue_first_relevant_response_after_enterprise"": 7, ""enterprise_foothold_step"": 5, ""first_critical_hit_step"": 12, ""window_end"": null, ""window_start"": null}"
ours_stage2_fair,11,stage2_ext_001_obj_2,critical_safe_balanced,episode_000,0,11,94,Q2_user_action_during_critical_breach,high,Remove,User1,User,Impact,Op_Server0,"[""Op_Server0""]","[""Op_Server0""]","[""Enterprise1"", ""Op_Server0"", ""User0"", ""User2""]","[""Enterprise1"", ""Op_Server0"", ""User0"", ""User2""]","{""blue_first_relevant_response_after_critical"": 13, ""blue_first_relevant_response_after_enterprise"": 7, ""enterprise_foothold_step"": 5, ""first_critical_hit_step"": 12, ""window_end"": null, ""window_start"": null}"
ours_stage2_fair,11,stage2_ext_001_obj_2,critical_safe_balanced,episode_000,0,11,95,Q2_user_action_during_critical_breach,high,DecoySvchost,User4,User,Impact,Op_Server0,"[""Op_Server0""]","[""Op_Server0""]","[""Enterprise1"", ""Op_Server0"", ""User0"", ""User2""]","[""Enterprise1"", ""Op_Server0"", ""User0"", ""User2""]","{""blue_first_relevant_response_after_critical"": 13, ""blue_first_relevant_response_after_enterprise"": 7, ""enterprise_foothold_step"": 5, ""first_critical_hit_step"": 12, ""window_end"": null, ""window_start"": null}"
ours_stage2_fair,11,stage2_ext_001_obj_2,critical_safe_balanced,episode_000,0,11,96,Q2_user_action_during_critical_breach,high,DecoySSHD,User4,User,Impact,Op_Server0,"[""Op_Server0""]","[""Op_Server0""]","[""Enterprise1"", ""Op_Server0"", ""User0"", ""User2""]","[""Enterprise1"", ""Op_Server0"", ""User0"", ""User2""]","{""blue_first_relevant_response_after_critical"": 13, ""blue_first_relevant_response_after_enterprise"": 7, ""enterprise_foothold_step"": 5, ""first_critical_hit_step"": 12, ""window_end"": null, ""window_start"": null}"
ours_stage2_fair,11,stage2_ext_001_obj_2,critical_safe_balanced,episode_000,0,11,97,Q2_user_action_during_critical_breach,high,DecoyFemitter,User4,User,Impact,Op_Server0,"[""Op_Server0""]","[""Op_Server0""]","[""Enterprise1"", ""Op_Server0"", ""User0"", ""User2""]","[""Enterprise1"", ""Op_Server0"", ""User0"", ""User2""]","{""blue_first_relevant_response_after_critical"": 13, ""blue_first_relevant_response_after_enterprise"": 7, ""enterprise_foothold_step"": 5, ""first_critical_hit_step"": 12, ""window_end"": null, ""window_start"": null}"
ours_stage2_fair,11,stage2_ext_001_obj_2,critical_safe_balanced,episode_000,0,11,26,Q4_user_focus_after_enterprise_foothold,medium,DecoySvchost,User4,User,Impact,Op_Server0,"[""Op_Server0""]","[""Op_Server0""]","[""Enterprise1"", ""Op_Server0"", ""User0"", ""User2""]","[""Enterprise1"", ""Op_Server0"", ""User0"", ""User2""]","{""blue_first_relevant_response_after_critical"": 13, ""blue_first_relevant_response_after_enterprise"": 7, ""enterprise_foothold_step"": 5, ""first_critical_hit_step"": 12, ""window_end"": 28, ""window_start"": 26}"
ours_stage2_fair,11,stage2_ext_001_obj_2,critical_safe_balanced,episode_000,0,11,68,Q4_user_focus_after_enterprise_foothold,medium,Remove,User3,User,Impact,Op_Server0,"[""Op_Server0""]","[""Op_Server0""]","[""Enterprise1"", ""Op_Server0"", ""User0"", ""User2""]","[""Enterprise1"", ""Op_Server0"", ""User0"", ""User2""]","{""blue_first_relevant_response_after_critical"": 13, ""blue_first_relevant_response_after_enterprise"": 7, ""enterprise_foothold_step"": 5, ""first_critical_hit_step"": 12, ""window_end"": 70, ""window_start"": 68}"
ours_stage2_fair,11,stage2_ext_001_obj_2,critical_safe_balanced,episode_000,0,11,69,Q4_user_focus_after_enterprise_foothold,medium,DecoySvchost,User4,User,Impact,Op_Server0,"[""Op_Server0""]","[""Op_Server0""]","[""Enterprise1"", ""Op_Server0"", ""User0"", ""User2""]","[""Enterprise1"", ""Op_Server0"", ""User0"", ""User2""]","{""blue_first_relevant_response_after_critical"": 13, ""blue_first_relevant_response_after_enterprise"": 7, ""enterprise_foothold_step"": 5, ""first_critical_hit_step"": 12, ""window_end"": 71, ""window_start"": 69}"
ours_stage2_fair,11,stage2_ext_001_obj_2,critical_safe_balanced,episode_000,0,11,94,Q4_user_focus_after_enterprise_foothold,medium,Remove,User1,User,Impact,Op_Server0,"[""Op_Server0""]","[""Op_Server0""]","[""Enterprise1"", ""Op_Server0"", ""User0"", ""User2""]","[""Enterprise1"", ""Op_Server0"", ""User0"", ""User2""]","{""blue_first_relevant_response_after_critical"": 13, ""blue_first_relevant_response_after_enterprise"": 7, ""enterprise_foothold_step"": 5, ""first_critical_hit_step"": 12, ""window_end"": 96, ""window_start"": 94}"
ours_stage2_fair,11,stage2_ext_001_obj_2,critical_safe_balanced,episode_000,0,11,95,Q4_user_focus_after_enterprise_foothold,medium,DecoySvchost,User4,User,Impact,Op_Server0,"[""Op_Server0""]","[""Op_Server0""]","[""Enterprise1"", ""Op_Server0"", ""User0"", ""User2""]","[""Enterprise1"", ""Op_Server0"", ""User0"", ""User2""]","{""blue_first_relevant_response_after_critical"": 13, ""blue_first_relevant_response_after_enterprise"": 7, ""enterprise_foothold_step"": 5, ""first_critical_hit_step"": 12, ""window_end"": 97, ""window_start"": 95}"
ours_stage2_fair,11,stage2_ext_001_obj_2,critical_safe_balanced,episode_000,0,11,6,Q5_repeated_low_value_decoy_loop,medium,DecoySSHD,User4,User,PrivilegeEscalate,Enterprise1,[],[],"[""Enterprise1"", ""User0"", ""User2""]","[""Enterprise1"", ""User0"", ""User2""]","{""blue_first_relevant_response_after_critical"": 13, ""blue_first_relevant_response_after_enterprise"": 7, ""enterprise_foothold_step"": 5, ""first_critical_hit_step"": 12, ""window_end"": 15, ""window_start"": 6}"
ours_stage2_fair,11,stage2_ext_001_obj_2,critical_safe_balanced,episode_000,0,11,26,Q5_repeated_low_value_decoy_loop,medium,DecoySvchost,User4,User,Impact,Op_Server0,"[""Op_Server0""]","[""Op_Server0""]","[""Enterprise1"", ""Op_Server0"", ""User0"", ""User2""]","[""Enterprise1"", ""Op_Server0"", ""User0"", ""User2""]","{""blue_first_relevant_response_after_critical"": 13, ""blue_first_relevant_response_after_enterprise"": 7, ""enterprise_foothold_step"": 5, ""first_critical_hit_step"": 12, ""window_end"": 32, ""window_start"": 23}"
ours_stage2_fair,11,stage2_ext_001_obj_2,critical_safe_balanced,episode_000,1,1011,13,Q2_user_action_during_critical_breach,high,DecoySvchost,User4,User,PrivilegeEscalate,Op_Server0,"[""Op_Server0""]","[""Op_Server0""]","[""Enterprise0"", ""Op_Server0"", ""User0"", ""User4""]","[""Enterprise0"", ""Op_Server0"", ""User0"", ""User4""]","{""blue_first_relevant_response_after_critical"": 14, ""blue_first_relevant_response_after_enterprise"": 12, ""enterprise_foothold_step"": 5, ""first_critical_hit_step"": 12, ""window_end"": null, ""window_start"": null}"
ours_stage2_fair,11,stage2_ext_001_obj_2,critical_safe_balanced,episode_000,1,1011,16,Q2_user_action_during_critical_breach,high,DecoyVsftpd,User4,User,Impact,Op_Server0,"[""Op_Server0""]","[""Op_Server0""]","[""Enterprise0"", ""Op_Server0"", ""User0"", ""User4""]","[""Enterprise0"", ""Op_Server0"", ""User0"", ""User4""]","{""blue_first_relevant_response_after_critical"": 14, ""blue_first_relevant_response_after_enterprise"": 12, ""enterprise_foothold_step"": 5, ""first_critical_hit_step"": 12, ""window_end"": null, ""window_start"": null}"
ours_stage2_fair,11,stage2_ext_001_obj_2,critical_safe_balanced,episode_000,1,1011,17,Q2_user_action_during_critical_breach,high,DecoyHarakaSMPT,User0,User,Impact,Op_Server0,"[""Op_Server0""]","[""Op_Server0""]","[""Enterprise0"", ""Op_Server0"", ""User0"", ""User4""]","[""Enterprise0"", ""Op_Server0"", ""User0"", ""User4""]","{""blue_first_relevant_response_after_critical"": 14, ""blue_first_relevant_response_after_enterprise"": 12, ""enterprise_foothold_step"": 5, ""first_critical_hit_step"": 12, ""window_end"": null, ""window_start"": null}"
ours_stage2_fair,11,stage2_ext_001_obj_2,critical_safe_balanced,episode_000,1,1011,19,Q2_user_action_during_critical_breach,high,DecoyApache,User0,User,Impact,Op_Server0,"[""Op_Server0""]","[""Op_Server0""]","[""Enterprise0"", ""Op_Server0"", ""User0"", ""User4""]","[""Enterprise0"", ""Op_Server0"", ""User0"", ""User4""]","{""blue_first_relevant_response_after_critical"": 14, ""blue_first_relevant_response_after_enterprise"": 12, ""enterprise_foothold_step"": 5, ""first_critical_hit_step"": 12, ""window_end"": null, ""window_start"": null}"
ours_stage2_fair,11,stage2_ext_001_obj_2,critical_safe_balanced,episode_000,1,1011,20,Q2_user_action_during_critical_breach,high,DecoySvchost,User4,User,Impact,Op_Server0,"[""Op_Server0""]","[""Op_Server0""]","[""Enterprise0"", ""Op_Server0"", ""User0"", ""User4""]","[""Enterprise0"", ""Op_Server0"", ""User0"", ""User4""]","{""blue_first_relevant_response_after_critical"": 14, ""blue_first_relevant_response_after_enterprise"": 12, ""enterprise_foothold_step"": 5, ""first_critical_hit_step"": 12, ""window_end"": null, ""window_start"": null}"
ours_stage2_fair,11,stage2_ext_001_obj_2,critical_safe_balanced,episode_000,1,1011,21,Q2_user_action_during_critical_breach,high,DecoySvchost,User4,User,Impact,Op_Server0,"[""Op_Server0""]","[""Op_Server0""]","[""Enterprise0"", ""Op_Server0"", ""User0"", ""User4""]","[""Enterprise0"", ""Op_Server0"", ""User0"", ""User4""]","{""blue_first_relevant_response_after_critical"": 14, ""blue_first_relevant_response_after_enterprise"": 12, ""enterprise_foothold_step"": 5, ""first_critical_hit_step"": 12, ""window_end"": null, ""window_start"": null}"
ours_stage2_fair,11,stage2_ext_001_obj_2,critical_safe_balanced,episode_000,1,1011,25,Q2_user_action_during_critical_breach,high,DecoySSHD,User4,User,Impact,Op_Server0,"[""Op_Server0""]","[""Op_Server0""]","[""Enterprise0"", ""Op_Server0"", ""User0"", ""User4""]","[""Enterprise0"", ""Op_Server0"", ""User0"", ""User4""]","{""blue_first_relevant_response_after_critical"": 14, ""blue_first_relevant_response_after_enterprise"": 12, ""enterprise_foothold_step"": 5, ""first_critical_hit_step"": 12, ""window_end"": null, ""window_start"": null}"
ours_stage2_fair,11,stage2_ext_001_obj_2,critical_safe_balanced,episode_000,1,1011,27,Q2_user_action_during_critical_breach,high,DecoySvchost,User4,User,Impact,Op_Server0,"[""Op_Server0""]","[""Op_Server0""]","[""Enterprise0"", ""Op_Server0"", ""User0"", ""User4""]","[""Enterprise0"", ""Op_Server0"", ""User0"", ""User4""]","{""blue_first_relevant_response_after_critical"": 14, ""blue_first_relevant_response_after_enterprise"": 12, ""enterprise_foothold_step"": 5, ""first_critical_hit_step"": 12, ""window_end"": null, ""window_start"": null}"
ours_stage2_fair,11,stage2_ext_001_obj_2,critical_safe_balanced,episode_000,1,1011,33,Q2_user_action_during_critical_breach,high,DecoySSHD,User4,User,Impact,Op_Server0,"[""Op_Server0""]","[""Op_Server0""]","[""Enterprise0"", ""Op_Server0"", ""User0"", ""User4""]","[""Enterprise0"", ""Op_Server0"", ""User0"", ""User4""]","{""blue_first_relevant_response_after_critical"": 14, ""blue_first_relevant_response_after_enterprise"": 12, ""enterprise_foothold_step"": 5, ""first_critical_hit_step"": 12, ""window_end"": null, ""window_start"": null}"
ours_stage2_fair,11,stage2_ext_001_obj_2,critical_safe_balanced,episode_000,1,1011,34,Q2_user_action_during_critical_breach,high,DecoySvchost,User4,User,Impact,Op_Server0,"[""Op_Server0""]","[""Op_Server0""]","[""Enterprise0"", ""Op_Server0"", ""User0"", ""User4""]","[""Enterprise0"", ""Op_Server0"", ""User0"", ""User4""]","{""blue_first_relevant_response_after_critical"": 14, ""blue_first_relevant_response_after_enterprise"": 12, ""enterprise_foothold_step"": 5, ""first_critical_hit_step"": 12, ""window_end"": null, ""window_start"": null}"
ours_stage2_fair,11,stage2_ext_001_obj_2,critical_safe_balanced,episode_000,1,1011,35,Q2_user_action_during_critical_breach,high,DecoySSHD,User4,User,Impact,Op_Server0,"[""Op_Server0""]","[""Op_Server0""]","[""Enterprise0"", ""Op_Server0"", ""User0"", ""User4""]","[""Enterprise0"", ""Op_Server0"", ""User0"", ""User4""]","{""blue_first_relevant_response_after_critical"": 14, ""blue_first_relevant_response_after_enterprise"": 12, ""enterprise_foothold_step"": 5, ""first_critical_hit_step"": 12, ""window_end"": null, ""window_start"": null}"
ours_stage2_fair,11,stage2_ext_001_obj_2,critical_safe_balanced,episode_000,1,1011,36,Q2_user_action_during_critical_breach,high,DecoySSHD,User4,User,Impact,Op_Server0,"[""Op_Server0""]","[""Op_Server0""]","[""Enterprise0"", ""Op_Server0"", ""User0"", ""User4""]","[""Enterprise0"", ""Op_Server0"", ""User0"", ""User4""]","{""blue_first_relevant_response_after_critical"": 14, ""blue_first_relevant_response_after_enterprise"": 12, ""enterprise_foothold_step"": 5, ""first_critical_hit_step"": 12, ""window_end"": null, ""window_start"": null}"
ours_stage2_fair,11,stage2_ext_001_obj_2,critical_safe_balanced,episode_000,1,1011,41,Q2_user_action_during_critical_breach,high,DecoySSHD,User4,User,Impact,Op_Server0,"[""Op_Server0""]","[""Op_Server0""]","[""Enterprise0"", ""Op_Server0"", ""User0"", ""User4""]","[""Enterprise0"", ""Op_Server0"", ""User0"", ""User4""]","{""blue_first_relevant_response_after_critical"": 14, ""blue_first_relevant_response_after_enterprise"": 12, ""enterprise_foothold_step"": 5, ""first_critical_hit_step"": 12, ""window_end"": null, ""window_start"": null}"
ours_stage2_fair,11,stage2_ext_001_obj_2,critical_safe_balanced,episode_000,1,1011,43,Q2_user_action_during_critical_breach,high,DecoySSHD,User4,User,Impact,Op_Server0,"[""Op_Server0""]","[""Op_Server0""]","[""Enterprise0"", ""Op_Server0"", ""User0"", ""User4""]","[""Enterprise0"", ""Op_Server0"", ""User0"", ""User4""]","{""blue_first_relevant_response_after_critical"": 14, ""blue_first_relevant_response_after_enterprise"": 12, ""enterprise_foothold_step"": 5, ""first_critical_hit_step"": 12, ""window_end"": null, ""window_start"": null}"
ours_stage2_fair,11,stage2_ext_001_obj_2,critical_safe_balanced,episode_000,1,1011,44,Q2_user_action_during_critical_breach,high,Remove,User3,User,Impact,Op_Server0,"[""Op_Server0""]","[""Op_Server0""]","[""Enterprise0"", ""Op_Server0"", ""User0"", ""User4""]","[""Enterprise0"", ""Op_Server0"", ""User0"", ""User4""]","{""blue_first_relevant_response_after_critical"": 14, ""blue_first_relevant_response_after_enterprise"": 12, ""enterprise_foothold_step"": 5, ""first_critical_hit_step"": 12, ""window_end"": null, ""window_start"": null}"
ours_stage2_fair,11,stage2_ext_001_obj_2,critical_safe_balanced,episode_000,1,1011,46,Q2_user_action_during_critical_breach,high,DecoySvchost,User4,User,Impact,Op_Server0,"[""Op_Server0""]","[""Op_Server0""]","[""Enterprise0"", ""Op_Server0"", ""User0"", ""User4""]","[""Enterprise0"", ""Op_Server0"", ""User0"", ""User4""]","{""blue_first_relevant_response_after_critical"": 14, ""blue_first_relevant_response_after_enterprise"": 12, ""enterprise_foothold_step"": 5, ""first_critical_hit_step"": 12, ""window_end"": null, ""window_start"": null}"
ours_stage2_fair,11,stage2_ext_001_obj_2,critical_safe_balanced,episode_000,1,1011,48,Q2_user_action_during_critical_breach,high,DecoyHarakaSMPT,User0,User,Impact,Op_Server0,"[""Op_Server0""]","[""Op_Server0""]","[""Enterprise0"", ""Op_Server0"", ""User0"", ""User4""]","[""Enterprise0"", ""Op_Server0"", ""User0"", ""User4""]","{""blue_first_relevant_response_after_critical"": 14, ""blue_first_relevant_response_after_enterprise"": 12, ""enterprise_foothold_step"": 5, ""first_critical_hit_step"": 12, ""window_end"": null, ""window_start"": null}"
ours_stage2_fair,11,stage2_ext_001_obj_2,critical_safe_balanced,episode_000,1,1011,50,Q2_user_action_during_critical_breach,high,DecoyApache,User0,User,Impact,Op_Server0,"[""Op_Server0""]","[""Op_Server0""]","[""Enterprise0"", ""Op_Server0"", ""User0"", ""User4""]","[""Enterprise0"", ""Op_Server0"", ""User0"", ""User4""]","{""blue_first_relevant_response_after_critical"": 14, ""blue_first_relevant_response_after_enterprise"": 12, ""enterprise_foothold_step"": 5, ""first_critical_hit_step"": 12, ""window_end"": null, ""window_start"": null}"
ours_stage2_fair,11,stage2_ext_001_obj_2,critical_safe_balanced,episode_000,1,1011,51,Q2_user_action_during_critical_breach,high,DecoySSHD,User4,User,Impact,Op_Server0,"[""Op_Server0""]","[""Op_Server0""]","[""Enterprise0"", ""Op_Server0"", ""User0"", ""User4""]","[""Enterprise0"", ""Op_Server0"", ""User0"", ""User4""]","{""blue_first_relevant_response_after_critical"": 14, ""blue_first_relevant_response_after_enterprise"": 12, ""enterprise_foothold_step"": 5, ""first_critical_hit_step"": 12, ""window_end"": null, ""window_start"": null}"
ours_stage2_fair,11,stage2_ext_001_obj_2,critical_safe_balanced,episode_000,1,1011,52,Q2_user_action_during_critical_breach,high,DecoySSHD,User4,User,Impact,Op_Server0,"[""Op_Server0""]","[""Op_Server0""]","[""Enterprise0"", ""Op_Server0"", ""User0"", ""User4""]","[""Enterprise0"", ""Op_Server0"", ""User0"", ""User4""]","{""blue_first_relevant_response_after_critical"": 14, ""blue_first_relevant_response_after_enterprise"": 12, ""enterprise_foothold_step"": 5, ""first_critical_hit_step"": 12, ""window_end"": null, ""window_start"": null}"
ours_stage2_fair,11,stage2_ext_001_obj_2,critical_safe_balanced,episode_000,1,1011,53,Q2_user_action_during_critical_breach,high,DecoySSHD,User4,User,Impact,Op_Server0,"[""Op_Server0""]","[""Op_Server0""]","[""Enterprise0"", ""Op_Server0"", ""User0"", ""User4""]","[""Enterprise0"", ""Op_Server0"", ""User0"", ""User4""]","{""blue_first_relevant_response_after_critical"": 14, ""blue_first_relevant_response_after_enterprise"": 12, ""enterprise_foothold_step"": 5, ""first_critical_hit_step"": 12, ""window_end"": null, ""window_start"": null}"
ours_stage2_fair,11,stage2_ext_001_obj_2,critical_safe_balanced,episode_000,1,1011,54,Q2_user_action_during_critical_breach,high,DecoyVsftpd,User2,User,Impact,Op_Server0,"[""Op_Server0""]","[""Op_Server0""]","[""Enterprise0"", ""Op_Server0"", ""User0"", ""User4""]","[""Enterprise0"", ""Op_Server0"", ""User0"", ""User4""]","{""blue_first_relevant_response_after_critical"": 14, ""blue_first_relevant_response_after_enterprise"": 12, ""enterprise_foothold_step"": 5, ""first_critical_hit_step"": 12, ""window_end"": null, ""window_start"": null}"
ours_stage2_fair,11,stage2_ext_001_obj_2,critical_safe_balanced,episode_000,1,1011,60,Q2_user_action_during_critical_breach,high,DecoyHarakaSMPT,User0,User,Impact,Op_Server0,"[""Op_Server0""]","[""Op_Server0""]","[""Enterprise0"", ""Op_Server0"", ""User0"", ""User4""]","[""Enterprise0"", ""Op_Server0"", ""User0"", ""User4""]","{""blue_first_relevant_response_after_critical"": 14, ""blue_first_relevant_response_after_enterprise"": 12, ""enterprise_foothold_step"": 5, ""first_critical_hit_step"": 12, ""window_end"": null, ""window_start"": null}"
ours_stage2_fair,11,stage2_ext_001_obj_2,critical_safe_balanced,episode_000,1,1011,61,Q2_user_action_during_critical_breach,high,DecoySSHD,User2,User,Impact,Op_Server0,"[""Op_Server0""]","[""Op_Server0""]","[""Enterprise0"", ""Op_Server0"", ""User0"", ""User4""]","[""Enterprise0"", ""Op_Server0"", ""User0"", ""User4""]","{""blue_first_relevant_response_after_critical"": 14, ""blue_first_relevant_response_after_enterprise"": 12, ""enterprise_foothold_step"": 5, ""first_critical_hit_step"": 12, ""window_end"": null, ""window_start"": null}"
ours_stage2_fair,11,stage2_ext_001_obj_2,critical_safe_balanced,episode_000,1,1011,63,Q2_user_action_during_critical_breach,high,DecoySvchost,User4,User,Impact,Op_Server0,"[""Op_Server0""]","[""Op_Server0""]","[""Enterprise0"", ""Op_Server0"", ""User0"", ""User4""]","[""Enterprise0"", ""Op_Server0"", ""User0"", ""User4""]","{""blue_first_relevant_response_after_critical"": 14, ""blue_first_relevant_response_after_enterprise"": 12, ""enterprise_foothold_step"": 5, ""first_critical_hit_step"": 12, ""window_end"": null, ""window_start"": null}"
ours_stage2_fair,11,stage2_ext_001_obj_2,critical_safe_balanced,episode_000,1,1011,65,Q2_user_action_during_critical_breach,high,DecoySSHD,User4,User,Impact,Op_Server0,"[""Op_Server0""]","[""Op_Server0""]","[""Enterprise0"", ""Op_Server0"", ""User0"", ""User4""]","[""Enterprise0"", ""Op_Server0"", ""User0"", ""User4""]","{""blue_first_relevant_response_after_critical"": 14, ""blue_first_relevant_response_after_enterprise"": 12, ""enterprise_foothold_step"": 5, ""first_critical_hit_step"": 12, ""window_end"": null, ""window_start"": null}"
ours_stage2_fair,11,stage2_ext_001_obj_2,critical_safe_balanced,episode_000,1,1011,66,Q2_user_action_during_critical_breach,high,DecoyVsftpd,User2,User,Impact,Op_Server0,"[""Op_Server0""]","[""Op_Server0""]","[""Enterprise0"", ""Op_Server0"", ""User0"", ""User4""]","[""Enterprise0"", ""Op_Server0"", ""User0"", ""User4""]","{""blue_first_relevant_response_after_critical"": 14, ""blue_first_relevant_response_after_enterprise"": 12, ""enterprise_foothold_step"": 5, ""first_critical_hit_step"": 12, ""window_end"": null, ""window_start"": null}"
ours_stage2_fair,11,stage2_ext_001_obj_2,critical_safe_balanced,episode_000,1,1011,67,Q2_user_action_during_critical_breach,high,DecoySSHD,User4,User,Impact,Op_Server0,"[""Op_Server0""]","[""Op_Server0""]","[""Enterprise0"", ""Op_Server0"", ""User0"", ""User4""]","[""Enterprise0"", ""Op_Server0"", ""User0"", ""User4""]","{""blue_first_relevant_response_after_critical"": 14, ""blue_first_relevant_response_after_enterprise"": 12, ""enterprise_foothold_step"": 5, ""first_critical_hit_step"": 12, ""window_end"": null, ""window_start"": null}"
ours_stage2_fair,11,stage2_ext_001_obj_2,critical_safe_balanced,episode_000,1,1011,69,Q2_user_action_during_critical_breach,high,DecoySSHD,User4,User,Impact,Op_Server0,"[""Op_Server0""]","[""Op_Server0""]","[""Enterprise0"", ""Op_Server0"", ""User0"", ""User4""]","[""Enterprise0"", ""Op_Server0"", ""User0"", ""User4""]","{""blue_first_relevant_response_after_critical"": 14, ""blue_first_relevant_response_after_enterprise"": 12, ""enterprise_foothold_step"": 5, ""first_critical_hit_step"": 12, ""window_end"": null, ""window_start"": null}"
ours_stage2_fair,11,stage2_ext_001_obj_2,critical_safe_balanced,episode_000,1,1011,70,Q2_user_action_during_critical_breach,high,DecoySvchost,User2,User,Impact,Op_Server0,"[""Op_Server0""]","[""Op_Server0""]","[""Enterprise0"", ""Op_Server0"", ""User0"", ""User4""]","[""Enterprise0"", ""Op_Server0"", ""User0"", ""User4""]","{""blue_first_relevant_response_after_critical"": 14, ""blue_first_relevant_response_after_enterprise"": 12, ""enterprise_foothold_step"": 5, ""first_critical_hit_step"": 12, ""window_end"": null, ""window_start"": null}"
ours_stage2_fair,11,stage2_ext_001_obj_2,critical_safe_balanced,episode_000,1,1011,71,Q2_user_action_during_critical_breach,high,DecoySvchost,User4,User,Impact,Op_Server0,"[""Op_Server0""]","[""Op_Server0""]","[""Enterprise0"", ""Op_Server0"", ""User0"", ""User4""]","[""Enterprise0"", ""Op_Server0"", ""User0"", ""User4""]","{""blue_first_relevant_response_after_critical"": 14, ""blue_first_relevant_response_after_enterprise"": 12, ""enterprise_foothold_step"": 5, ""first_critical_hit_step"": 12, ""window_end"": null, ""window_start"": null}"
ours_stage2_fair,11,stage2_ext_001_obj_2,critical_safe_balanced,episode_000,1,1011,74,Q2_user_action_during_critical_breach,high,DecoySSHD,User4,User,Impact,Op_Server0,"[""Op_Server0""]","[""Op_Server0""]","[""Enterprise0"", ""Op_Server0"", ""User0"", ""User4""]","[""Enterprise0"", ""Op_Server0"", ""User0"", ""User4""]","{""blue_first_relevant_response_after_critical"": 14, ""blue_first_relevant_response_after_enterprise"": 12, ""enterprise_foothold_step"": 5, ""first_critical_hit_step"": 12, ""window_end"": null, ""window_start"": null}"
ours_stage2_fair,11,stage2_ext_001_obj_2,critical_safe_balanced,episode_000,1,1011,75,Q2_user_action_during_critical_breach,high,DecoySvchost,User4,User,Impact,Op_Server0,"[""Op_Server0""]","[""Op_Server0""]","[""Enterprise0"", ""Op_Server0"", ""User0"", ""User4""]","[""Enterprise0"", ""Op_Server0"", ""User0"", ""User4""]","{""blue_first_relevant_response_after_critical"": 14, ""blue_first_relevant_response_after_enterprise"": 12, ""enterprise_foothold_step"": 5, ""first_critical_hit_step"": 12, ""window_end"": null, ""window_start"": null}"
ours_stage2_fair,11,stage2_ext_001_obj_2,critical_safe_balanced,episode_000,1,1011,78,Q2_user_action_during_critical_breach,high,DecoySSHD,User4,User,Impact,Op_Server0,"[""Op_Server0""]","[""Op_Server0""]","[""Enterprise0"", ""Op_Server0"", ""User0"", ""User4""]","[""Enterprise0"", ""Op_Server0"", ""User0"", ""User4""]","{""blue_first_relevant_response_after_critical"": 14, ""blue_first_relevant_response_after_enterprise"": 12, ""enterprise_foothold_step"": 5, ""first_critical_hit_step"": 12, ""window_end"": null, ""window_start"": null}"
ours_stage2_fair,11,stage2_ext_001_obj_2,critical_safe_balanced,episode_000,1,1011,79,Q2_user_action_during_critical_breach,high,DecoySvchost,User4,User,Impact,Op_Server0,"[""Op_Server0""]","[""Op_Server0""]","[""Enterprise0"", ""Op_Server0"", ""User0"", ""User4""]","[""Enterprise0"", ""Op_Server0"", ""User0"", ""User4""]","{""blue_first_relevant_response_after_critical"": 14, ""blue_first_relevant_response_after_enterprise"": 12, ""enterprise_foothold_step"": 5, ""first_critical_hit_step"": 12, ""window_end"": null, ""window_start"": null}"
ours_stage2_fair,11,stage2_ext_001_obj_2,critical_safe_balanced,episode_000,1,1011,83,Q2_user_action_during_critical_breach,high,DecoySvchost,User4,User,PrivilegeEscalate,Op_Server0,"[""Op_Server0""]","[""Op_Server0""]","[""Enterprise0"", ""Op_Server0"", ""User0"", ""User4""]","[""Enterprise0"", ""Op_Server0"", ""User0"", ""User4""]","{""blue_first_relevant_response_after_critical"": 14, ""blue_first_relevant_response_after_enterprise"": 12, ""enterprise_foothold_step"": 5, ""first_critical_hit_step"": 12, ""window_end"": null, ""window_start"": null}"
ours_stage2_fair,11,stage2_ext_001_obj_2,critical_safe_balanced,episode_000,1,1011,89,Q2_user_action_during_critical_breach,high,DecoyFemitter,User0,User,Impact,Op_Server0,"[""Op_Server0""]","[""Op_Server0""]","[""Enterprise0"", ""Op_Server0"", ""User0"", ""User4""]","[""Enterprise0"", ""Op_Server0"", ""User0"", ""User4""]","{""blue_first_relevant_response_after_critical"": 14, ""blue_first_relevant_response_after_enterprise"": 12, ""enterprise_foothold_step"": 5, ""first_critical_hit_step"": 12, ""window_end"": null, ""window_start"": null}"
ours_stage2_fair,11,stage2_ext_001_obj_2,critical_safe_balanced,episode_000,1,1011,90,Q2_user_action_during_critical_breach,high,DecoySSHD,User4,User,Impact,Op_Server0,"[""Op_Server0""]","[""Op_Server0""]","[""Enterprise0"", ""Op_Server0"", ""User0"", ""User4""]","[""Enterprise0"", ""Op_Server0"", ""User0"", ""User4""]","{""blue_first_relevant_response_after_critical"": 14, ""blue_first_relevant_response_after_enterprise"": 12, ""enterprise_foothold_step"": 5, ""first_critical_hit_step"": 12, ""window_end"": null, ""window_start"": null}"
ours_stage2_fair,11,stage2_ext_001_obj_2,critical_safe_balanced,episode_000,1,1011,93,Q2_user_action_during_critical_breach,high,DecoySvchost,User2,User,Impact,Op_Server0,"[""Op_Server0""]","[""Op_Server0""]","[""Enterprise0"", ""Op_Server0"", ""User0"", ""User4""]","[""Enterprise0"", ""Op_Server0"", ""User0"", ""User4""]","{""blue_first_relevant_response_after_critical"": 14, ""blue_first_relevant_response_after_enterprise"": 12, ""enterprise_foothold_step"": 5, ""first_critical_hit_step"": 12, ""window_end"": null, ""window_start"": null}"
ours_stage2_fair,11,stage2_ext_001_obj_2,critical_safe_balanced,episode_000,1,1011,19,Q4_user_focus_after_enterprise_foothold,medium,DecoyApache,User0,User,Impact,Op_Server0,"[""Op_Server0""]","[""Op_Server0""]","[""Enterprise0"", ""Op_Server0"", ""User0"", ""User4""]","[""Enterprise0"", ""Op_Server0"", ""User0"", ""User4""]","{""blue_first_relevant_response_after_critical"": 14, ""blue_first_relevant_response_after_enterprise"": 12, ""enterprise_foothold_step"": 5, ""first_critical_hit_step"": 12, ""window_end"": 21, ""window_start"": 19}"
ours_stage2_fair,11,stage2_ext_001_obj_2,critical_safe_balanced,episode_000,1,1011,33,Q4_user_focus_after_enterprise_foothold,medium,DecoySSHD,User4,User,Impact,Op_Server0,"[""Op_Server0""]","[""Op_Server0""]","[""Enterprise0"", ""Op_Server0"", ""User0"", ""User4""]","[""Enterprise0"", ""Op_Server0"", ""User0"", ""User4""]","{""blue_first_relevant_response_after_critical"": 14, ""blue_first_relevant_response_after_enterprise"": 12, ""enterprise_foothold_step"": 5, ""first_critical_hit_step"": 12, ""window_end"": 35, ""window_start"": 33}"
ours_stage2_fair,11,stage2_ext_001_obj_2,critical_safe_balanced,episode_000,1,1011,34,Q4_user_focus_after_enterprise_foothold,medium,DecoySvchost,User4,User,Impact,Op_Server0,"[""Op_Server0""]","[""Op_Server0""]","[""Enterprise0"", ""Op_Server0"", ""User0"", ""User4""]","[""Enterprise0"", ""Op_Server0"", ""User0"", ""User4""]","{""blue_first_relevant_response_after_critical"": 14, ""blue_first_relevant_response_after_enterprise"": 12, ""enterprise_foothold_step"": 5, ""first_critical_hit_step"": 12, ""window_end"": 36, ""window_start"": 34}"
ours_stage2_fair,11,stage2_ext_001_obj_2,critical_safe_balanced,episode_000,1,1011,50,Q4_user_focus_after_enterprise_foothold,medium,DecoyApache,User0,User,Impact,Op_Server0,"[""Op_Server0""]","[""Op_Server0""]","[""Enterprise0"", ""Op_Server0"", ""User0"", ""User4""]","[""Enterprise0"", ""Op_Server0"", ""User0"", ""User4""]","{""blue_first_relevant_response_after_critical"": 14, ""blue_first_relevant_response_after_enterprise"": 12, ""enterprise_foothold_step"": 5, ""first_critical_hit_step"": 12, ""window_end"": 52, ""window_start"": 50}"
ours_stage2_fair,11,stage2_ext_001_obj_2,critical_safe_balanced,episode_000,1,1011,51,Q4_user_focus_after_enterprise_foothold,medium,DecoySSHD,User4,User,Impact,Op_Server0,"[""Op_Server0""]","[""Op_Server0""]","[""Enterprise0"", ""Op_Server0"", ""User0"", ""User4""]","[""Enterprise0"", ""Op_Server0"", ""User0"", ""User4""]","{""blue_first_relevant_response_after_critical"": 14, ""blue_first_relevant_response_after_enterprise"": 12, ""enterprise_foothold_step"": 5, ""first_critical_hit_step"": 12, ""window_end"": 53, ""window_start"": 51}"
ours_stage2_fair,11,stage2_ext_001_obj_2,critical_safe_balanced,episode_000,1,1011,52,Q4_user_focus_after_enterprise_foothold,medium,DecoySSHD,User4,User,Impact,Op_Server0,"[""Op_Server0""]","[""Op_Server0""]","[""Enterprise0"", ""Op_Server0"", ""User0"", ""User4""]","[""Enterprise0"", ""Op_Server0"", ""User0"", ""User4""]","{""blue_first_relevant_response_after_critical"": 14, ""blue_first_relevant_response_after_enterprise"": 12, ""enterprise_foothold_step"": 5, ""first_critical_hit_step"": 12, ""window_end"": 54, ""window_start"": 52}"
ours_stage2_fair,11,stage2_ext_001_obj_2,critical_safe_balanced,episode_000,1,1011,65,Q4_user_focus_after_enterprise_foothold,medium,DecoySSHD,User4,User,Impact,Op_Server0,"[""Op_Server0""]","[""Op_Server0""]","[""Enterprise0"", ""Op_Server0"", ""User0"", ""User4""]","[""Enterprise0"", ""Op_Server0"", ""User0"", ""User4""]","{""blue_first_relevant_response_after_critical"": 14, ""blue_first_relevant_response_after_enterprise"": 12, ""enterprise_foothold_step"": 5, ""first_critical_hit_step"": 12, ""window_end"": 67, ""window_start"": 65}"
ours_stage2_fair,11,stage2_ext_001_obj_2,critical_safe_balanced,episode_000,1,1011,69,Q4_user_focus_after_enterprise_foothold,medium,DecoySSHD,User4,User,Impact,Op_Server0,"[""Op_Server0""]","[""Op_Server0""]","[""Enterprise0"", ""Op_Server0"", ""User0"", ""User4""]","[""Enterprise0"", ""Op_Server0"", ""User0"", ""User4""]","{""blue_first_relevant_response_after_critical"": 14, ""blue_first_relevant_response_after_enterprise"": 12, ""enterprise_foothold_step"": 5, ""first_critical_hit_step"": 12, ""window_end"": 71, ""window_start"": 69}"
ours_stage2_fair,11,stage2_ext_001_obj_2,critical_safe_balanced,episode_000,1,1011,81,Q4_user_focus_after_enterprise_foothold,medium,DecoySSHD,User4,User,PrivilegeEscalate,Op_Server0,[],[],"[""Enterprise0"", ""User0"", ""User4""]","[""Enterprise0"", ""User0"", ""User4""]","{""blue_first_relevant_response_after_critical"": 14, ""blue_first_relevant_response_after_enterprise"": 12, ""enterprise_foothold_step"": 5, ""first_critical_hit_step"": 12, ""window_end"": 83, ""window_start"": 81}"
ours_stage2_fair,11,stage2_ext_001_obj_2,critical_safe_balanced,episode_000,1,1011,6,Q5_repeated_low_value_decoy_loop,medium,DecoySvchost,User4,User,PrivilegeEscalate,Enterprise0,[],[],"[""Enterprise0"", ""User0"", ""User4""]","[""Enterprise0"", ""User0"", ""User4""]","{""blue_first_relevant_response_after_critical"": 14, ""blue_first_relevant_response_after_enterprise"": 12, ""enterprise_foothold_step"": 5, ""first_critical_hit_step"": 12, ""window_end"": 15, ""window_start"": 6}"
ours_stage2_fair,11,stage2_ext_001_obj_2,critical_safe_balanced,episode_000,1,1011,33,Q5_repeated_low_value_decoy_loop,medium,DecoySSHD,User4,User,Impact,Op_Server0,"[""Op_Server0""]","[""Op_Server0""]","[""Enterprise0"", ""Op_Server0"", ""User0"", ""User4""]","[""Enterprise0"", ""Op_Server0"", ""User0"", ""User4""]","{""blue_first_relevant_response_after_critical"": 14, ""blue_first_relevant_response_after_enterprise"": 12, ""enterprise_foothold_step"": 5, ""first_critical_hit_step"": 12, ""window_end"": 38, ""window_start"": 29}"
ours_stage2_fair,11,stage2_ext_001_obj_2,critical_safe_balanced,episode_000,2,2011,19,Q2_user_action_during_critical_breach,high,DecoySSHD,User4,User,Impact,Op_Server0,"[""Op_Server0""]","[""Op_Server0""]","[""Enterprise0"", ""Op_Server0"", ""User0"", ""User4""]","[""Enterprise0"", ""Op_Server0"", ""User0"", ""User4""]","{""blue_first_relevant_response_after_critical"": 14, ""blue_first_relevant_response_after_enterprise"": 6, ""enterprise_foothold_step"": 5, ""first_critical_hit_step"": 12, ""window_end"": null, ""window_start"": null}"
ours_stage2_fair,11,stage2_ext_001_obj_2,critical_safe_balanced,episode_000,2,2011,20,Q2_user_action_during_critical_breach,high,DecoyApache,User4,User,Impact,Op_Server0,"[""Op_Server0""]","[""Op_Server0""]","[""Enterprise0"", ""Op_Server0"", ""User0"", ""User4""]","[""Enterprise0"", ""Op_Server0"", ""User0"", ""User4""]","{""blue_first_relevant_response_after_critical"": 14, ""blue_first_relevant_response_after_enterprise"": 6, ""enterprise_foothold_step"": 5, ""first_critical_hit_step"": 12, ""window_end"": null, ""window_start"": null}"
ours_stage2_fair,11,stage2_ext_001_obj_2,critical_safe_balanced,episode_000,2,2011,28,Q2_user_action_during_critical_breach,high,DecoySSHD,User4,User,PrivilegeEscalate,Op_Server0,"[""Op_Server0""]","[""Op_Server0""]","[""Enterprise0"", ""Op_Server0"", ""User0"", ""User4""]","[""Enterprise0"", ""Op_Server0"", ""User0"", ""User4""]","{""blue_first_relevant_response_after_critical"": 14, ""blue_first_relevant_response_after_enterprise"": 6, ""enterprise_foothold_step"": 5, ""first_critical_hit_step"": 12, ""window_end"": null, ""window_start"": null}"
ours_stage2_fair,11,stage2_ext_001_obj_2,critical_safe_balanced,episode_000,2,2011,32,Q2_user_action_during_critical_breach,high,DecoySvchost,User4,User,PrivilegeEscalate,Op_Server0,"[""Op_Server0""]","[""Op_Server0""]","[""Enterprise0"", ""Op_Server0"", ""User0"", ""User4""]","[""Enterprise0"", ""Op_Server0"", ""User0"", ""User4""]","{""blue_first_relevant_response_after_critical"": 14, ""blue_first_relevant_response_after_enterprise"": 6, ""enterprise_foothold_step"": 5, ""first_critical_hit_step"": 12, ""window_end"": null, ""window_start"": null}"
ours_stage2_fair,11,stage2_ext_001_obj_2,critical_safe_balanced,episode_000,2,2011,33,Q2_user_action_during_critical_breach,high,DecoySSHD,User4,User,Impact,Op_Server0,"[""Op_Server0""]","[""Op_Server0""]","[""Enterprise0"", ""Op_Server0"", ""User0"", ""User4""]","[""Enterprise0"", ""Op_Server0"", ""User0"", ""User4""]","{""blue_first_relevant_response_after_critical"": 14, ""blue_first_relevant_response_after_enterprise"": 6, ""enterprise_foothold_step"": 5, ""first_critical_hit_step"": 12, ""window_end"": null, ""window_start"": null}"
ours_stage2_fair,11,stage2_ext_001_obj_2,critical_safe_balanced,episode_000,2,2011,37,Q2_user_action_during_critical_breach,high,DecoySSHD,User4,User,PrivilegeEscalate,Op_Server0,"[""Op_Server0""]","[""Op_Server0""]","[""Enterprise0"", ""Op_Server0"", ""User0"", ""User4""]","[""Enterprise0"", ""Op_Server0"", ""User0"", ""User4""]","{""blue_first_relevant_response_after_critical"": 14, ""blue_first_relevant_response_after_enterprise"": 6, ""enterprise_foothold_step"": 5, ""first_critical_hit_step"": 12, ""window_end"": null, ""window_start"": null}"
ours_stage2_fair,11,stage2_ext_001_obj_2,critical_safe_balanced,episode_000,2,2011,41,Q2_user_action_during_critical_breach,high,DecoyHarakaSMPT,User3,User,PrivilegeEscalate,Op_Server0,"[""Op_Server0""]","[""Op_Server0""]","[""Enterprise0"", ""Op_Server0"", ""User0"", ""User4""]","[""Enterprise0"", ""Op_Server0"", ""User0"", ""User4""]","{""blue_first_relevant_response_after_critical"": 14, ""blue_first_relevant_response_after_enterprise"": 6, ""enterprise_foothold_step"": 5, ""first_critical_hit_step"": 12, ""window_end"": null, ""window_start"": null}"
ours_stage2_fair,11,stage2_ext_001_obj_2,critical_safe_balanced,episode_000,2,2011,42,Q2_user_action_during_critical_breach,high,DecoySSHD,User4,User,Impact,Op_Server0,"[""Op_Server0""]","[""Op_Server0""]","[""Enterprise0"", ""Op_Server0"", ""User0"", ""User4""]","[""Enterprise0"", ""Op_Server0"", ""User0"", ""User4""]","{""blue_first_relevant_response_after_critical"": 14, ""blue_first_relevant_response_after_enterprise"": 6, ""enterprise_foothold_step"": 5, ""first_critical_hit_step"": 12, ""window_end"": null, ""window_start"": null}"
ours_stage2_fair,11,stage2_ext_001_obj_2,critical_safe_balanced,episode_000,2,2011,43,Q2_user_action_during_critical_breach,high,DecoySSHD,User4,User,Impact,Op_Server0,"[""Op_Server0""]","[""Op_Server0""]","[""Enterprise0"", ""Op_Server0"", ""User0"", ""User4""]","[""Enterprise0"", ""Op_Server0"", ""User0"", ""User4""]","{""blue_first_relevant_response_after_critical"": 14, ""blue_first_relevant_response_after_enterprise"": 6, ""enterprise_foothold_step"": 5, ""first_critical_hit_step"": 12, ""window_end"": null, ""window_start"": null}"
ours_stage2_fair,11,stage2_ext_001_obj_2,critical_safe_balanced,episode_000,2,2011,48,Q2_user_action_during_critical_breach,high,DecoySSHD,User4,User,Impact,Op_Server0,"[""Op_Server0""]","[""Op_Server0""]","[""Enterprise0"", ""Op_Server0"", ""User0"", ""User4""]","[""Enterprise0"", ""Op_Server0"", ""User0"", ""User4""]","{""blue_first_relevant_response_after_critical"": 14, ""blue_first_relevant_response_after_enterprise"": 6, ""enterprise_foothold_step"": 5, ""first_critical_hit_step"": 12, ""window_end"": null, ""window_start"": null}"
ours_stage2_fair,11,stage2_ext_001_obj_2,critical_safe_balanced,episode_000,2,2011,51,Q2_user_action_during_critical_breach,high,DecoyTomcat,User4,User,Impact,Op_Server0,"[""Op_Server0""]","[""Op_Server0""]","[""Enterprise0"", ""Op_Server0"", ""User0"", ""User4""]","[""Enterprise0"", ""Op_Server0"", ""User0"", ""User4""]","{""blue_first_relevant_response_after_critical"": 14, ""blue_first_relevant_response_after_enterprise"": 6, ""enterprise_foothold_step"": 5, ""first_critical_hit_step"": 12, ""window_end"": null, ""window_start"": null}"
ours_stage2_fair,11,stage2_ext_001_obj_2,critical_safe_balanced,episode_000,2,2011,52,Q2_user_action_during_critical_breach,high,DecoySvchost,User4,User,Impact,Op_Server0,"[""Op_Server0""]","[""Op_Server0""]","[""Enterprise0"", ""Op_Server0"", ""User0"", ""User4""]","[""Enterprise0"", ""Op_Server0"", ""User0"", ""User4""]","{""blue_first_relevant_response_after_critical"": 14, ""blue_first_relevant_response_after_enterprise"": 6, ""enterprise_foothold_step"": 5, ""first_critical_hit_step"": 12, ""window_end"": null, ""window_start"": null}"
ours_stage2_fair,11,stage2_ext_001_obj_2,critical_safe_balanced,episode_000,2,2011,55,Q2_user_action_during_critical_breach,high,DecoyTomcat,User4,User,Impact,Op_Server0,"[""Op_Server0""]","[""Op_Server0""]","[""Enterprise0"", ""Op_Server0"", ""User0"", ""User4""]","[""Enterprise0"", ""Op_Server0"", ""User0"", ""User4""]","{""blue_first_relevant_response_after_critical"": 14, ""blue_first_relevant_response_after_enterprise"": 6, ""enterprise_foothold_step"": 5, ""first_critical_hit_step"": 12, ""window_end"": null, ""window_start"": null}"
ours_stage2_fair,11,stage2_ext_001_obj_2,critical_safe_balanced,episode_000,2,2011,56,Q2_user_action_during_critical_breach,high,DecoySSHD,User4,User,Impact,Op_Server0,"[""Op_Server0""]","[""Op_Server0""]","[""Enterprise0"", ""Op_Server0"", ""User0"", ""User4""]","[""Enterprise0"", ""Op_Server0"", ""User0"", ""User4""]","{""blue_first_relevant_response_after_critical"": 14, ""blue_first_relevant_response_after_enterprise"": 6, ""enterprise_foothold_step"": 5, ""first_critical_hit_step"": 12, ""window_end"": null, ""window_start"": null}"
ours_stage2_fair,11,stage2_ext_001_obj_2,critical_safe_balanced,episode_000,2,2011,61,Q2_user_action_during_critical_breach,high,DecoySvchost,User4,User,Impact,Op_Server0,"[""Op_Server0""]","[""Op_Server0""]","[""Enterprise0"", ""Op_Server0"", ""User0"", ""User4""]","[""Enterprise0"", ""Op_Server0"", ""User0"", ""User4""]","{""blue_first_relevant_response_after_critical"": 14, ""blue_first_relevant_response_after_enterprise"": 6, ""enterprise_foothold_step"": 5, ""first_critical_hit_step"": 12, ""window_end"": null, ""window_start"": null}"
ours_stage2_fair,11,stage2_ext_001_obj_2,critical_safe_balanced,episode_000,2,2011,62,Q2_user_action_during_critical_breach,high,DecoySvchost,User4,User,Impact,Op_Server0,"[""Op_Server0""]","[""Op_Server0""]","[""Enterprise0"", ""Op_Server0"", ""User0"", ""User4""]","[""Enterprise0"", ""Op_Server0"", ""User0"", ""User4""]","{""blue_first_relevant_response_after_critical"": 14, ""blue_first_relevant_response_after_enterprise"": 6, ""enterprise_foothold_step"": 5, ""first_critical_hit_step"": 12, ""window_end"": null, ""window_start"": null}"
ours_stage2_fair,11,stage2_ext_001_obj_2,critical_safe_balanced,episode_000,2,2011,67,Q2_user_action_during_critical_breach,high,DecoySSHD,User4,User,Impact,Op_Server0,"[""Op_Server0""]","[""Op_Server0""]","[""Enterprise0"", ""Op_Server0"", ""User0"", ""User4""]","[""Enterprise0"", ""Op_Server0"", ""User0"", ""User4""]","{""blue_first_relevant_response_after_critical"": 14, ""blue_first_relevant_response_after_enterprise"": 6, ""enterprise_foothold_step"": 5, ""first_critical_hit_step"": 12, ""window_end"": null, ""window_start"": null}"
ours_stage2_fair,11,stage2_ext_001_obj_2,critical_safe_balanced,episode_000,2,2011,73,Q2_user_action_during_critical_breach,high,DecoySvchost,User4,User,PrivilegeEscalate,Op_Server0,"[""Op_Server0""]","[""Op_Server0""]","[""Enterprise0"", ""Op_Server0"", ""User0"", ""User4""]","[""Enterprise0"", ""Op_Server0"", ""User0"", ""User4""]","{""blue_first_relevant_response_after_critical"": 14, ""blue_first_relevant_response_after_enterprise"": 6, ""enterprise_foothold_step"": 5, ""first_critical_hit_step"": 12, ""window_end"": null, ""window_start"": null}"
ours_stage2_fair,11,stage2_ext_001_obj_2,critical_safe_balanced,episode_000,2,2011,74,Q2_user_action_during_critical_breach,high,DecoySSHD,User4,User,Impact,Op_Server0,"[""Op_Server0""]","[""Op_Server0""]","[""Enterprise0"", ""Op_Server0"", ""User0"", ""User4""]","[""Enterprise0"", ""Op_Server0"", ""User0"", ""User4""]","{""blue_first_relevant_response_after_critical"": 14, ""blue_first_relevant_response_after_enterprise"": 6, ""enterprise_foothold_step"": 5, ""first_critical_hit_step"": 12, ""window_end"": null, ""window_start"": null}"
ours_stage2_fair,11,stage2_ext_001_obj_2,critical_safe_balanced,episode_000,2,2011,77,Q2_user_action_during_critical_breach,high,DecoySSHD,User4,User,Impact,Op_Server0,"[""Op_Server0""]","[""Op_Server0""]","[""Enterprise0"", ""Op_Server0"", ""User0"", ""User4""]","[""Enterprise0"", ""Op_Server0"", ""User0"", ""User4""]","{""blue_first_relevant_response_after_critical"": 14, ""blue_first_relevant_response_after_enterprise"": 6, ""enterprise_foothold_step"": 5, ""first_critical_hit_step"": 12, ""window_end"": null, ""window_start"": null}"
ours_stage2_fair,11,stage2_ext_001_obj_2,critical_safe_balanced,episode_000,2,2011,82,Q2_user_action_during_critical_breach,high,DecoySvchost,User4,User,Impact,Op_Server0,"[""Op_Server0""]","[""Op_Server0""]","[""Enterprise0"", ""Op_Server0"", ""User0"", ""User4""]","[""Enterprise0"", ""Op_Server0"", ""User0"", ""User4""]","{""blue_first_relevant_response_after_critical"": 14, ""blue_first_relevant_response_after_enterprise"": 6, ""enterprise_foothold_step"": 5, ""first_critical_hit_step"": 12, ""window_end"": null, ""window_start"": null}"
ours_stage2_fair,11,stage2_ext_001_obj_2,critical_safe_balanced,episode_000,2,2011,84,Q2_user_action_during_critical_breach,high,Restore,User4,User,Impact,Op_Server0,"[""Op_Server0""]","[""Op_Server0""]","[""Enterprise0"", ""Op_Server0"", ""User0"", ""User4""]","[""Enterprise0"", ""Op_Server0"", ""User0""]","{""blue_first_relevant_response_after_critical"": 14, ""blue_first_relevant_response_after_enterprise"": 6, ""enterprise_foothold_step"": 5, ""first_critical_hit_step"": 12, ""window_end"": null, ""window_start"": null}"
ours_stage2_fair,11,stage2_ext_001_obj_2,critical_safe_balanced,episode_000,2,2011,86,Q2_user_action_during_critical_breach,high,DecoySSHD,User4,User,Impact,Op_Server0,"[""Op_Server0""]","[""Op_Server0""]","[""Enterprise0"", ""Op_Server0"", ""User0""]","[""Enterprise0"", ""Op_Server0"", ""User0""]","{""blue_first_relevant_response_after_critical"": 14, ""blue_first_relevant_response_after_enterprise"": 6, ""enterprise_foothold_step"": 5, ""first_critical_hit_step"": 12, ""window_end"": null, ""window_start"": null}"
ours_stage2_fair,11,stage2_ext_001_obj_2,critical_safe_balanced,episode_000,2,2011,92,Q2_user_action_during_critical_breach,high,DecoySSHD,User4,User,Impact,Op_Server0,"[""Op_Server0""]","[""Op_Server0""]","[""Enterprise0"", ""Op_Server0"", ""User0""]","[""Enterprise0"", ""Op_Server0"", ""User0""]","{""blue_first_relevant_response_after_critical"": 14, ""blue_first_relevant_response_after_enterprise"": 6, ""enterprise_foothold_step"": 5, ""first_critical_hit_step"": 12, ""window_end"": null, ""window_start"": null}"
ours_stage2_fair,11,stage2_ext_001_obj_2,critical_safe_balanced,episode_000,2,2011,95,Q2_user_action_during_critical_breach,high,DecoySvchost,User4,User,Impact,Op_Server0,"[""Op_Server0""]","[""Op_Server0""]","[""Enterprise0"", ""Op_Server0"", ""User0""]","[""Enterprise0"", ""Op_Server0"", ""User0""]","{""blue_first_relevant_response_after_critical"": 14, ""blue_first_relevant_response_after_enterprise"": 6, ""enterprise_foothold_step"": 5, ""first_critical_hit_step"": 12, ""window_end"": null, ""window_start"": null}"
ours_stage2_fair,11,stage2_ext_001_obj_2,critical_safe_balanced,episode_000,2,2011,96,Q2_user_action_during_critical_breach,high,DecoySvchost,User4,User,Impact,Op_Server0,"[""Op_Server0""]","[""Op_Server0""]","[""Enterprise0"", ""Op_Server0"", ""User0""]","[""Enterprise0"", ""Op_Server0"", ""User0""]","{""blue_first_relevant_response_after_critical"": 14, ""blue_first_relevant_response_after_enterprise"": 6, ""enterprise_foothold_step"": 5, ""first_critical_hit_step"": 12, ""window_end"": null, ""window_start"": null}"
ours_stage2_fair,11,stage2_ext_001_obj_2,critical_safe_balanced,episode_000,2,2011,7,Q4_user_focus_after_enterprise_foothold,medium,DecoySSHD,User4,User,DiscoverRemoteSystems,,[],[],"[""Enterprise0"", ""User0"", ""User4""]","[""Enterprise0"", ""User0"", ""User4""]","{""blue_first_relevant_response_after_critical"": 14, ""blue_first_relevant_response_after_enterprise"": 6, ""enterprise_foothold_step"": 5, ""first_critical_hit_step"": 12, ""window_end"": 9, ""window_start"": 7}"
ours_stage2_fair,11,stage2_ext_001_obj_2,critical_safe_balanced,episode_000,2,2011,30,Q4_user_focus_after_enterprise_foothold,medium,DecoySvchost,User4,User,PrivilegeEscalate,Op_Server0,[],[],"[""Enterprise0"", ""User0"", ""User4""]","[""Enterprise0"", ""User0"", ""User4""]","{""blue_first_relevant_response_after_critical"": 14, ""blue_first_relevant_response_after_enterprise"": 6, ""enterprise_foothold_step"": 5, ""first_critical_hit_step"": 12, ""window_end"": 32, ""window_start"": 30}"
ours_stage2_fair,11,stage2_ext_001_obj_2,critical_safe_balanced,episode_000,2,2011,31,Q4_user_focus_after_enterprise_foothold,medium,DecoySvchost,User4,User,ExploitRemoteService,,[],"[""Op_Server0""]","[""Enterprise0"", ""User0"", ""User4""]","[""Enterprise0"", ""Op_Server0"", ""User0"", ""User4""]","{""blue_first_relevant_response_after_critical"": 14, ""blue_first_relevant_response_after_enterprise"": 6, ""enterprise_foothold_step"": 5, ""first_critical_hit_step"": 12, ""window_end"": 33, ""window_start"": 31}"
ours_stage2_fair,11,stage2_ext_001_obj_2,critical_safe_balanced,episode_000,2,2011,41,Q4_user_focus_after_enterprise_foothold,medium,DecoyHarakaSMPT,User3,User,PrivilegeEscalate,Op_Server0,"[""Op_Server0""]","[""Op_Server0""]","[""Enterprise0"", ""Op_Server0"", ""User0"", ""User4""]","[""Enterprise0"", ""Op_Server0"", ""User0"", ""User4""]","{""blue_first_relevant_response_after_critical"": 14, ""blue_first_relevant_response_after_enterprise"": 6, ""enterprise_foothold_step"": 5, ""first_critical_hit_step"": 12, ""window_end"": 43, ""window_start"": 41}"
ours_stage2_fair,11,stage2_ext_001_obj_2,critical_safe_balanced,episode_000,2,2011,7,Q5_repeated_low_value_decoy_loop,medium,DecoySSHD,User4,User,DiscoverRemoteSystems,,[],[],"[""Enterprise0"", ""User0"", ""User4""]","[""Enterprise0"", ""User0"", ""User4""]","{""blue_first_relevant_response_after_critical"": 14, ""blue_first_relevant_response_after_enterprise"": 6, ""enterprise_foothold_step"": 5, ""first_critical_hit_step"": 12, ""window_end"": 15, ""window_start"": 6}"
ours_stage2_fair,11,stage2_ext_001_obj_2,critical_safe_balanced,episode_000,2,2011,30,Q5_repeated_low_value_decoy_loop,medium,DecoySvchost,User4,User,PrivilegeEscalate,Op_Server0,[],[],"[""Enterprise0"", ""User0"", ""User4""]","[""Enterprise0"", ""User0"", ""User4""]","{""blue_first_relevant_response_after_critical"": 14, ""blue_first_relevant_response_after_enterprise"": 6, ""enterprise_foothold_step"": 5, ""first_critical_hit_step"": 12, ""window_end"": 35, ""window_start"": 26}"
ours_stage2_fair,11,stage2_ext_001_obj_2,critical_safe_balanced,episode_000,3,3011,13,Q2_user_action_during_critical_breach,high,DecoySSHD,User4,User,PrivilegeEscalate,Op_Server0,"[""Op_Server0""]","[""Op_Server0""]","[""Enterprise0"", ""Enterprise2"", ""Op_Server0"", ""User0"", ""User3""]","[""Enterprise0"", ""Enterprise2"", ""Op_Server0"", ""User0"", ""User3""]","{""blue_first_relevant_response_after_critical"": 16, ""blue_first_relevant_response_after_enterprise"": 7, ""enterprise_foothold_step"": 5, ""first_critical_hit_step"": 12, ""window_end"": null, ""window_start"": null}"
ours_stage2_fair,11,stage2_ext_001_obj_2,critical_safe_balanced,episode_000,3,3011,14,Q2_user_action_during_critical_breach,high,DecoyVsftpd,User2,User,Impact,Op_Server0,"[""Op_Server0""]","[""Op_Server0""]","[""Enterprise0"", ""Enterprise2"", ""Op_Server0"", ""User0"", ""User3""]","[""Enterprise0"", ""Enterprise2"", ""Op_Server0"", ""User0"", ""User3""]","{""blue_first_relevant_response_after_critical"": 16, ""blue_first_relevant_response_after_enterprise"": 7, ""enterprise_foothold_step"": 5, ""first_critical_hit_step"": 12, ""window_end"": null, ""window_start"": null}"
ours_stage2_fair,11,stage2_ext_001_obj_2,critical_safe_balanced,episode_000,3,3011,15,Q2_user_action_during_critical_breach,high,DecoySSHD,User4,User,Impact,Op_Server0,"[""Op_Server0""]","[""Op_Server0""]","[""Enterprise0"", ""Enterprise2"", ""Op_Server0"", ""User0"", ""User3""]","[""Enterprise0"", ""Enterprise2"", ""Op_Server0"", ""User0"", ""User3""]","{""blue_first_relevant_response_after_critical"": 16, ""blue_first_relevant_response_after_enterprise"": 7, ""enterprise_foothold_step"": 5, ""first_critical_hit_step"": 12, ""window_end"": null, ""window_start"": null}"
ours_stage2_fair,11,stage2_ext_001_obj_2,critical_safe_balanced,episode_000,3,3011,19,Q2_user_action_during_critical_breach,high,DecoySSHD,User4,User,Impact,Op_Server0,"[""Op_Server0""]","[""Op_Server0""]","[""Enterprise0"", ""Enterprise2"", ""Op_Server0"", ""User0"", ""User3""]","[""Enterprise0"", ""Enterprise2"", ""Op_Server0"", ""User0"", ""User3""]","{""blue_first_relevant_response_after_critical"": 16, ""blue_first_relevant_response_after_enterprise"": 7, ""enterprise_foothold_step"": 5, ""first_critical_hit_step"": 12, ""window_end"": null, ""window_start"": null}"
ours_stage2_fair,11,stage2_ext_001_obj_2,critical_safe_balanced,episode_000,3,3011,20,Q2_user_action_during_critical_breach,high,Remove,User3,User,Impact,Op_Server0,"[""Op_Server0""]","[""Op_Server0""]","[""Enterprise0"", ""Enterprise2"", ""Op_Server0"", ""User0"", ""User3""]","[""Enterprise0"", ""Enterprise2"", ""Op_Server0"", ""User0"", ""User3""]","{""blue_first_relevant_response_after_critical"": 16, ""blue_first_relevant_response_after_enterprise"": 7, ""enterprise_foothold_step"": 5, ""first_critical_hit_step"": 12, ""window_end"": null, ""window_start"": null}"
ours_stage2_fair,11,stage2_ext_001_obj_2,critical_safe_balanced,episode_000,3,3011,21,Q2_user_action_during_critical_breach,high,DecoySSHD,User4,User,Impact,Op_Server0,"[""Op_Server0""]","[""Op_Server0""]","[""Enterprise0"", ""Enterprise2"", ""Op_Server0"", ""User0"", ""User3""]","[""Enterprise0"", ""Enterprise2"", ""Op_Server0"", ""User0"", ""User3""]","{""blue_first_relevant_response_after_critical"": 16, ""blue_first_relevant_response_after_enterprise"": 7, ""enterprise_foothold_step"": 5, ""first_critical_hit_step"": 12, ""window_end"": null, ""window_start"": null}"
ours_stage2_fair,11,stage2_ext_001_obj_2,critical_safe_balanced,episode_000,3,3011,23,Q2_user_action_during_critical_breach,high,Analyse,User0,User,Impact,Op_Server0,"[""Op_Server0""]","[""Op_Server0""]","[""Enterprise0"", ""Enterprise2"", ""Op_Server0"", ""User0"", ""User3""]","[""Enterprise0"", ""Enterprise2"", ""Op_Server0"", ""User0"", ""User3""]","{""blue_first_relevant_response_after_critical"": 16, ""blue_first_relevant_response_after_enterprise"": 7, ""enterprise_foothold_step"": 5, ""first_critical_hit_step"": 12, ""window_end"": null, ""window_start"": null}"
ours_stage2_fair,11,stage2_ext_001_obj_2,critical_safe_balanced,episode_000,3,3011,24,Q2_user_action_during_critical_breach,high,DecoySSHD,User4,User,Impact,Op_Server0,"[""Op_Server0""]","[""Op_Server0""]","[""Enterprise0"", ""Enterprise2"", ""Op_Server0"", ""User0"", ""User3""]","[""Enterprise0"", ""Enterprise2"", ""Op_Server0"", ""User0"", ""User3""]","{""blue_first_relevant_response_after_critical"": 16, ""blue_first_relevant_response_after_enterprise"": 7, ""enterprise_foothold_step"": 5, ""first_critical_hit_step"": 12, ""window_end"": null, ""window_start"": null}"
ours_stage2_fair,11,stage2_ext_001_obj_2,critical_safe_balanced,episode_000,3,3011,25,Q2_user_action_during_critical_breach,high,DecoySvchost,User4,User,Impact,Op_Server0,"[""Op_Server0""]","[""Op_Server0""]","[""Enterprise0"", ""Enterprise2"", ""Op_Server0"", ""User0"", ""User3""]","[""Enterprise0"", ""Enterprise2"", ""Op_Server0"", ""User0"", ""User3""]","{""blue_first_relevant_response_after_critical"": 16, ""blue_first_relevant_response_after_enterprise"": 7, ""enterprise_foothold_step"": 5, ""first_critical_hit_step"": 12, ""window_end"": null, ""window_start"": null}"
ours_stage2_fair,11,stage2_ext_001_obj_2,critical_safe_balanced,episode_000,3,3011,26,Q2_user_action_during_critical_breach,high,DecoySvchost,User4,User,Impact,Op_Server0,"[""Op_Server0""]","[""Op_Server0""]","[""Enterprise0"", ""Enterprise2"", ""Op_Server0"", ""User0"", ""User3""]","[""Enterprise0"", ""Enterprise2"", ""Op_Server0"", ""User0"", ""User3""]","{""blue_first_relevant_response_after_critical"": 16, ""blue_first_relevant_response_after_enterprise"": 7, ""enterprise_foothold_step"": 5, ""first_critical_hit_step"": 12, ""window_end"": null, ""window_start"": null}"
ours_stage2_fair,11,stage2_ext_001_obj_2,critical_safe_balanced,episode_000,3,3011,29,Q2_user_action_during_critical_breach,high,DecoySvchost,User4,User,Impact,Op_Server0,"[""Op_Server0""]","[""Op_Server0""]","[""Enterprise0"", ""Enterprise2"", ""Op_Server0"", ""User0"", ""User3""]","[""Enterprise0"", ""Enterprise2"", ""Op_Server0"", ""User0"", ""User3""]","{""blue_first_relevant_response_after_critical"": 16, ""blue_first_relevant_response_after_enterprise"": 7, ""enterprise_foothold_step"": 5, ""first_critical_hit_step"": 12, ""window_end"": null, ""window_start"": null}"
ours_stage2_fair,11,stage2_ext_001_obj_2,critical_safe_balanced,episode_000,3,3011,33,Q2_user_action_during_critical_breach,high,DecoySSHD,User4,User,Impact,Op_Server0,"[""Op_Server0""]","[""Op_Server0""]","[""Enterprise0"", ""Op_Server0"", ""User0"", ""User3""]","[""Enterprise0"", ""Op_Server0"", ""User0"", ""User3""]","{""blue_first_relevant_response_after_critical"": 16, ""blue_first_relevant_response_after_enterprise"": 7, ""enterprise_foothold_step"": 5, ""first_critical_hit_step"": 12, ""window_end"": null, ""window_start"": null}"
ours_stage2_fair,11,stage2_ext_001_obj_2,critical_safe_balanced,episode_000,3,3011,34,Q2_user_action_during_critical_breach,high,DecoySSHD,User4,User,Impact,Op_Server0,"[""Op_Server0""]","[""Op_Server0""]","[""Enterprise0"", ""Op_Server0"", ""User0"", ""User3""]","[""Enterprise0"", ""Op_Server0"", ""User0"", ""User3""]","{""blue_first_relevant_response_after_critical"": 16, ""blue_first_relevant_response_after_enterprise"": 7, ""enterprise_foothold_step"": 5, ""first_critical_hit_step"": 12, ""window_end"": null, ""window_start"": null}"
ours_stage2_fair,11,stage2_ext_001_obj_2,critical_safe_balanced,episode_000,3,3011,37,Q2_user_action_during_critical_breach,high,DecoySSHD,User4,User,Impact,Op_Server0,"[""Op_Server0""]","[""Op_Server0""]","[""Enterprise0"", ""Op_Server0"", ""User0"", ""User3""]","[""Enterprise0"", ""Op_Server0"", ""User0"", ""User3""]","{""blue_first_relevant_response_after_critical"": 16, ""blue_first_relevant_response_after_enterprise"": 7, ""enterprise_foothold_step"": 5, ""first_critical_hit_step"": 12, ""window_end"": null, ""window_start"": null}"
ours_stage2_fair,11,stage2_ext_001_obj_2,critical_safe_balanced,episode_000,3,3011,38,Q2_user_action_during_critical_breach,high,DecoySSHD,User4,User,Impact,Op_Server0,"[""Op_Server0""]","[""Op_Server0""]","[""Enterprise0"", ""Op_Server0"", ""User0"", ""User3""]","[""Enterprise0"", ""Op_Server0"", ""User0"", ""User3""]","{""blue_first_relevant_response_after_critical"": 16, ""blue_first_relevant_response_after_enterprise"": 7, ""enterprise_foothold_step"": 5, ""first_critical_hit_step"": 12, ""window_end"": null, ""window_start"": null}"
ours_stage2_fair,11,stage2_ext_001_obj_2,critical_safe_balanced,episode_000,3,3011,40,Q2_user_action_during_critical_breach,high,DecoySSHD,User4,User,Impact,Op_Server0,"[""Op_Server0""]","[""Op_Server0""]","[""Enterprise0"", ""Op_Server0"", ""User0"", ""User3""]","[""Enterprise0"", ""Op_Server0"", ""User0"", ""User3""]","{""blue_first_relevant_response_after_critical"": 16, ""blue_first_relevant_response_after_enterprise"": 7, ""enterprise_foothold_step"": 5, ""first_critical_hit_step"": 12, ""window_end"": null, ""window_start"": null}"
ours_stage2_fair,11,stage2_ext_001_obj_2,critical_safe_balanced,episode_000,3,3011,41,Q2_user_action_during_critical_breach,high,DecoySvchost,User2,User,Impact,Op_Server0,"[""Op_Server0""]","[""Op_Server0""]","[""Enterprise0"", ""Op_Server0"", ""User0"", ""User3""]","[""Enterprise0"", ""Op_Server0"", ""User0"", ""User3""]","{""blue_first_relevant_response_after_critical"": 16, ""blue_first_relevant_response_after_enterprise"": 7, ""enterprise_foothold_step"": 5, ""first_critical_hit_step"": 12, ""window_end"": null, ""window_start"": null}"
ours_stage2_fair,11,stage2_ext_001_obj_2,critical_safe_balanced,episode_000,3,3011,43,Q2_user_action_during_critical_breach,high,DecoyTomcat,User1,User,Impact,Op_Server0,"[""Op_Server0""]","[""Op_Server0""]","[""Enterprise0"", ""Op_Server0"", ""User0"", ""User3""]","[""Enterprise0"", ""Op_Server0"", ""User0"", ""User3""]","{""blue_first_relevant_response_after_critical"": 16, ""blue_first_relevant_response_after_enterprise"": 7, ""enterprise_foothold_step"": 5, ""first_critical_hit_step"": 12, ""window_end"": null, ""window_start"": null}"
ours_stage2_fair,11,stage2_ext_001_obj_2,critical_safe_balanced,episode_000,3,3011,47,Q2_user_action_during_critical_breach,high,Remove,User1,User,Impact,Op_Server0,"[""Op_Server0""]","[""Op_Server0""]","[""Enterprise0"", ""Op_Server0"", ""User0"", ""User3""]","[""Enterprise0"", ""Op_Server0"", ""User0"", ""User3""]","{""blue_first_relevant_response_after_critical"": 16, ""blue_first_relevant_response_after_enterprise"": 7, ""enterprise_foothold_step"": 5, ""first_critical_hit_step"": 12, ""window_end"": null, ""window_start"": null}"
ours_stage2_fair,11,stage2_ext_001_obj_2,critical_safe_balanced,episode_000,3,3011,48,Q2_user_action_during_critical_breach,high,DecoySSHD,User4,User,Impact,Op_Server0,"[""Op_Server0""]","[""Op_Server0""]","[""Enterprise0"", ""Op_Server0"", ""User0"", ""User3""]","[""Enterprise0"", ""Op_Server0"", ""User0"", ""User3""]","{""blue_first_relevant_response_after_critical"": 16, ""blue_first_relevant_response_after_enterprise"": 7, ""enterprise_foothold_step"": 5, ""first_critical_hit_step"": 12, ""window_end"": null, ""window_start"": null}"
ours_stage2_fair,11,stage2_ext_001_obj_2,critical_safe_balanced,episode_000,3,3011,50,Q2_user_action_during_critical_breach,high,DecoySvchost,User4,User,Impact,Op_Server0,"[""Op_Server0""]","[""Op_Server0""]","[""Enterprise0"", ""Op_Server0"", ""User0"", ""User3""]","[""Enterprise0"", ""Op_Server0"", ""User0"", ""User3""]","{""blue_first_relevant_response_after_critical"": 16, ""blue_first_relevant_response_after_enterprise"": 7, ""enterprise_foothold_step"": 5, ""first_critical_hit_step"": 12, ""window_end"": null, ""window_start"": null}"
ours_stage2_fair,11,stage2_ext_001_obj_2,critical_safe_balanced,episode_000,3,3011,54,Q2_user_action_during_critical_breach,high,DecoyTomcat,User4,User,PrivilegeEscalate,Op_Server0,"[""Op_Server0""]","[""Op_Server0""]","[""Enterprise0"", ""Op_Server0"", ""User0"", ""User3""]","[""Enterprise0"", ""Op_Server0"", ""User0"", ""User3""]","{""blue_first_relevant_response_after_critical"": 16, ""blue_first_relevant_response_after_enterprise"": 7, ""enterprise_foothold_step"": 5, ""first_critical_hit_step"": 12, ""window_end"": null, ""window_start"": null}"
ours_stage2_fair,11,stage2_ext_001_obj_2,critical_safe_balanced,episode_000,3,3011,55,Q2_user_action_during_critical_breach,high,DecoySSHD,User4,User,Impact,Op_Server0,"[""Op_Server0""]","[""Op_Server0""]","[""Enterprise0"", ""Op_Server0"", ""User0"", ""User3""]","[""Enterprise0"", ""Op_Server0"", ""User0"", ""User3""]","{""blue_first_relevant_response_after_critical"": 16, ""blue_first_relevant_response_after_enterprise"": 7, ""enterprise_foothold_step"": 5, ""first_critical_hit_step"": 12, ""window_end"": null, ""window_start"": null}"
ours_stage2_fair,11,stage2_ext_001_obj_2,critical_safe_balanced,episode_000,3,3011,58,Q2_user_action_during_critical_breach,high,DecoySvchost,User4,User,Impact,Op_Server0,"[""Op_Server0""]","[""Op_Server0""]","[""Enterprise0"", ""Op_Server0"", ""User0"", ""User3""]","[""Enterprise0"", ""Op_Server0"", ""User0"", ""User3""]","{""blue_first_relevant_response_after_critical"": 16, ""blue_first_relevant_response_after_enterprise"": 7, ""enterprise_foothold_step"": 5, ""first_critical_hit_step"": 12, ""window_end"": null, ""window_start"": null}"
ours_stage2_fair,11,stage2_ext_001_obj_2,critical_safe_balanced,episode_000,3,3011,66,Q2_user_action_during_critical_breach,high,DecoySSHD,User4,User,Impact,Op_Server0,"[""Op_Server0""]","[""Op_Server0""]","[""Enterprise0"", ""Op_Server0"", ""User0"", ""User3""]","[""Enterprise0"", ""Op_Server0"", ""User0"", ""User3""]","{""blue_first_relevant_response_after_critical"": 16, ""blue_first_relevant_response_after_enterprise"": 7, ""enterprise_foothold_step"": 5, ""first_critical_hit_step"": 12, ""window_end"": null, ""window_start"": null}"
ours_stage2_fair,11,stage2_ext_001_obj_2,critical_safe_balanced,episode_000,3,3011,72,Q2_user_action_during_critical_breach,high,DecoySvchost,User4,User,PrivilegeEscalate,Op_Server0,"[""Op_Server0""]","[""Op_Server0""]","[""Enterprise0"", ""Op_Server0"", ""User0"", ""User3""]","[""Enterprise0"", ""Op_Server0"", ""User0"", ""User3""]","{""blue_first_relevant_response_after_critical"": 16, ""blue_first_relevant_response_after_enterprise"": 7, ""enterprise_foothold_step"": 5, ""first_critical_hit_step"": 12, ""window_end"": null, ""window_start"": null}"
ours_stage2_fair,11,stage2_ext_001_obj_2,critical_safe_balanced,episode_000,3,3011,74,Q2_user_action_during_critical_breach,high,DecoySSHD,User0,User,Impact,Op_Server0,"[""Op_Server0""]","[""Op_Server0""]","[""Enterprise0"", ""Op_Server0"", ""User0"", ""User3""]","[""Enterprise0"", ""Op_Server0"", ""User0"", ""User3""]","{""blue_first_relevant_response_after_critical"": 16, ""blue_first_relevant_response_after_enterprise"": 7, ""enterprise_foothold_step"": 5, ""first_critical_hit_step"": 12, ""window_end"": null, ""window_start"": null}"
ours_stage2_fair,11,stage2_ext_001_obj_2,critical_safe_balanced,episode_000,3,3011,75,Q2_user_action_during_critical_breach,high,DecoyTomcat,User0,User,Impact,Op_Server0,"[""Op_Server0""]","[""Op_Server0""]","[""Enterprise0"", ""Op_Server0"", ""User0"", ""User3""]","[""Enterprise0"", ""Op_Server0"", ""User0"", ""User3""]","{""blue_first_relevant_response_after_critical"": 16, ""blue_first_relevant_response_after_enterprise"": 7, ""enterprise_foothold_step"": 5, ""first_critical_hit_step"": 12, ""window_end"": null, ""window_start"": null}"
ours_stage2_fair,11,stage2_ext_001_obj_2,critical_safe_balanced,episode_000,3,3011,79,Q2_user_action_during_critical_breach,high,DecoySSHD,User4,User,PrivilegeEscalate,Op_Server0,"[""Op_Server0""]","[""Op_Server0""]","[""Enterprise0"", ""Op_Server0"", ""User0"", ""User3""]","[""Enterprise0"", ""Op_Server0"", ""User0"", ""User3""]","{""blue_first_relevant_response_after_critical"": 16, ""blue_first_relevant_response_after_enterprise"": 7, ""enterprise_foothold_step"": 5, ""first_critical_hit_step"": 12, ""window_end"": null, ""window_start"": null}"
ours_stage2_fair,11,stage2_ext_001_obj_2,critical_safe_balanced,episode_000,3,3011,80,Q2_user_action_during_critical_breach,high,DecoySvchost,User4,User,Impact,Op_Server0,"[""Op_Server0""]","[""Op_Server0""]","[""Enterprise0"", ""Op_Server0"", ""User0"", ""User3""]","[""Enterprise0"", ""Op_Server0"", ""User0"", ""User3""]","{""blue_first_relevant_response_after_critical"": 16, ""blue_first_relevant_response_after_enterprise"": 7, ""enterprise_foothold_step"": 5, ""first_critical_hit_step"": 12, ""window_end"": null, ""window_start"": null}"
ours_stage2_fair,11,stage2_ext_001_obj_2,critical_safe_balanced,episode_000,3,3011,82,Q2_user_action_during_critical_breach,high,DecoyTomcat,User4,User,Impact,Op_Server0,"[""Op_Server0""]","[""Op_Server0""]","[""Enterprise0"", ""Op_Server0"", ""User0"", ""User3""]","[""Enterprise0"", ""Op_Server0"", ""User0"", ""User3""]","{""blue_first_relevant_response_after_critical"": 16, ""blue_first_relevant_response_after_enterprise"": 7, ""enterprise_foothold_step"": 5, ""first_critical_hit_step"": 12, ""window_end"": null, ""window_start"": null}"
ours_stage2_fair,11,stage2_ext_001_obj_2,critical_safe_balanced,episode_000,3,3011,87,Q2_user_action_during_critical_breach,high,DecoySvchost,User4,User,Impact,Op_Server0,"[""Op_Server0""]","[""Op_Server0""]","[""Enterprise0"", ""Op_Server0"", ""User0"", ""User3""]","[""Enterprise0"", ""Op_Server0"", ""User0"", ""User3""]","{""blue_first_relevant_response_after_critical"": 16, ""blue_first_relevant_response_after_enterprise"": 7, ""enterprise_foothold_step"": 5, ""first_critical_hit_step"": 12, ""window_end"": null, ""window_start"": null}"
ours_stage2_fair,11,stage2_ext_001_obj_2,critical_safe_balanced,episode_000,3,3011,88,Q2_user_action_during_critical_breach,high,DecoySSHD,User4,User,Impact,Op_Server0,"[""Op_Server0""]","[""Op_Server0""]","[""Enterprise0"", ""Op_Server0"", ""User0"", ""User3""]","[""Enterprise0"", ""Op_Server0"", ""User0"", ""User3""]","{""blue_first_relevant_response_after_critical"": 16, ""blue_first_relevant_response_after_enterprise"": 7, ""enterprise_foothold_step"": 5, ""first_critical_hit_step"": 12, ""window_end"": null, ""window_start"": null}"
ours_stage2_fair,11,stage2_ext_001_obj_2,critical_safe_balanced,episode_000,3,3011,89,Q2_user_action_during_critical_breach,high,DecoySvchost,User4,User,Impact,Op_Server0,"[""Op_Server0""]","[""Op_Server0""]","[""Enterprise0"", ""Op_Server0"", ""User0"", ""User3""]","[""Enterprise0"", ""Op_Server0"", ""User0"", ""User3""]","{""blue_first_relevant_response_after_critical"": 16, ""blue_first_relevant_response_after_enterprise"": 7, ""enterprise_foothold_step"": 5, ""first_critical_hit_step"": 12, ""window_end"": null, ""window_start"": null}"
ours_stage2_fair,11,stage2_ext_001_obj_2,critical_safe_balanced,episode_000,3,3011,90,Q2_user_action_during_critical_breach,high,DecoyApache,User4,User,Impact,Op_Server0,"[""Op_Server0""]","[""Op_Server0""]","[""Enterprise0"", ""Op_Server0"", ""User0"", ""User3""]","[""Enterprise0"", ""Op_Server0"", ""User0"", ""User3""]","{""blue_first_relevant_response_after_critical"": 16, ""blue_first_relevant_response_after_enterprise"": 7, ""enterprise_foothold_step"": 5, ""first_critical_hit_step"": 12, ""window_end"": null, ""window_start"": null}"
ours_stage2_fair,11,stage2_ext_001_obj_2,critical_safe_balanced,episode_000,3,3011,93,Q2_user_action_during_critical_breach,high,DecoySSHD,User4,User,Impact,Op_Server0,"[""Op_Server0""]","[""Op_Server0""]","[""Enterprise0"", ""Op_Server0"", ""User0"", ""User3""]","[""Enterprise0"", ""Op_Server0"", ""User0"", ""User3""]","{""blue_first_relevant_response_after_critical"": 16, ""blue_first_relevant_response_after_enterprise"": 7, ""enterprise_foothold_step"": 5, ""first_critical_hit_step"": 12, ""window_end"": null, ""window_start"": null}"
ours_stage2_fair,11,stage2_ext_001_obj_2,critical_safe_balanced,episode_000,3,3011,12,Q3_missed_immediate_response_to_critical_hit,high,Restore,Op_Server0,Operational,ExploitRemoteService,,[],"[""Op_Server0""]","[""Enterprise0"", ""Enterprise2"", ""User0"", ""User3""]","[""Enterprise0"", ""Enterprise2"", ""Op_Server0"", ""User0"", ""User3""]","{""blue_first_relevant_response_after_critical"": 16, ""blue_first_relevant_response_after_enterprise"": 7, ""enterprise_foothold_step"": 5, ""first_critical_hit_step"": 12, ""window_end"": 15, ""window_start"": 13}"
ours_stage2_fair,11,stage2_ext_001_obj_2,critical_safe_balanced,episode_000,3,3011,13,Q4_user_focus_after_enterprise_foothold,medium,DecoySSHD,User4,User,PrivilegeEscalate,Op_Server0,"[""Op_Server0""]","[""Op_Server0""]","[""Enterprise0"", ""Enterprise2"", ""Op_Server0"", ""User0"", ""User3""]","[""Enterprise0"", ""Enterprise2"", ""Op_Server0"", ""User0"", ""User3""]","{""blue_first_relevant_response_after_critical"": 16, ""blue_first_relevant_response_after_enterprise"": 7, ""enterprise_foothold_step"": 5, ""first_critical_hit_step"": 12, ""window_end"": 15, ""window_start"": 13}"
ours_stage2_fair,11,stage2_ext_001_obj_2,critical_safe_balanced,episode_000,3,3011,19,Q4_user_focus_after_enterprise_foothold,medium,DecoySSHD,User4,User,Impact,Op_Server0,"[""Op_Server0""]","[""Op_Server0""]","[""Enterprise0"", ""Enterprise2"", ""Op_Server0"", ""User0"", ""User3""]","[""Enterprise0"", ""Enterprise2"", ""Op_Server0"", ""User0"", ""User3""]","{""blue_first_relevant_response_after_critical"": 16, ""blue_first_relevant_response_after_enterprise"": 7, ""enterprise_foothold_step"": 5, ""first_critical_hit_step"": 12, ""window_end"": 21, ""window_start"": 19}"
ours_stage2_fair,11,stage2_ext_001_obj_2,critical_safe_balanced,episode_000,3,3011,23,Q4_user_focus_after_enterprise_foothold,medium,Analyse,User0,User,Impact,Op_Server0,"[""Op_Server0""]","[""Op_Server0""]","[""Enterprise0"", ""Enterprise2"", ""Op_Server0"", ""User0"", ""User3""]","[""Enterprise0"", ""Enterprise2"", ""Op_Server0"", ""User0"", ""User3""]","{""blue_first_relevant_response_after_critical"": 16, ""blue_first_relevant_response_after_enterprise"": 7, ""enterprise_foothold_step"": 5, ""first_critical_hit_step"": 12, ""window_end"": 25, ""window_start"": 23}"
ours_stage2_fair,11,stage2_ext_001_obj_2,critical_safe_balanced,episode_000,3,3011,24,Q4_user_focus_after_enterprise_foothold,medium,DecoySSHD,User4,User,Impact,Op_Server0,"[""Op_Server0""]","[""Op_Server0""]","[""Enterprise0"", ""Enterprise2"", ""Op_Server0"", ""User0"", ""User3""]","[""Enterprise0"", ""Enterprise2"", ""Op_Server0"", ""User0"", ""User3""]","{""blue_first_relevant_response_after_critical"": 16, ""blue_first_relevant_response_after_enterprise"": 7, ""enterprise_foothold_step"": 5, ""first_critical_hit_step"": 12, ""window_end"": 26, ""window_start"": 24}"
ours_stage2_fair,11,stage2_ext_001_obj_2,critical_safe_balanced,episode_000,3,3011,87,Q4_user_focus_after_enterprise_foothold,medium,DecoySvchost,User4,User,Impact,Op_Server0,"[""Op_Server0""]","[""Op_Server0""]","[""Enterprise0"", ""Op_Server0"", ""User0"", ""User3""]","[""Enterprise0"", ""Op_Server0"", ""User0"", ""User3""]","{""blue_first_relevant_response_after_critical"": 16, ""blue_first_relevant_response_after_enterprise"": 7, ""enterprise_foothold_step"": 5, ""first_critical_hit_step"": 12, ""window_end"": 89, ""window_start"": 87}"
ours_stage2_fair,11,stage2_ext_001_obj_2,critical_safe_balanced,episode_000,3,3011,88,Q4_user_focus_after_enterprise_foothold,medium,DecoySSHD,User4,User,Impact,Op_Server0,"[""Op_Server0""]","[""Op_Server0""]","[""Enterprise0"", ""Op_Server0"", ""User0"", ""User3""]","[""Enterprise0"", ""Op_Server0"", ""User0"", ""User3""]","{""blue_first_relevant_response_after_critical"": 16, ""blue_first_relevant_response_after_enterprise"": 7, ""enterprise_foothold_step"": 5, ""first_critical_hit_step"": 12, ""window_end"": 90, ""window_start"": 88}"
ours_stage2_fair,11,stage2_ext_001_obj_2,critical_safe_balanced,episode_000,3,3011,6,Q5_repeated_low_value_decoy_loop,medium,DecoySSHD,User4,User,PrivilegeEscalate,Enterprise0,[],[],"[""Enterprise0"", ""User0"", ""User3""]","[""Enterprise0"", ""User0"", ""User3""]","{""blue_first_relevant_response_after_critical"": 16, ""blue_first_relevant_response_after_enterprise"": 7, ""enterprise_foothold_step"": 5, ""first_critical_hit_step"": 12, ""window_end"": 15, ""window_start"": 6}"
ours_stage2_fair,11,stage2_ext_001_obj_2,critical_safe_balanced,episode_000,3,3011,25,Q5_repeated_low_value_decoy_loop,medium,DecoySvchost,User4,User,Impact,Op_Server0,"[""Op_Server0""]","[""Op_Server0""]","[""Enterprise0"", ""Enterprise2"", ""Op_Server0"", ""User0"", ""User3""]","[""Enterprise0"", ""Enterprise2"", ""Op_Server0"", ""User0"", ""User3""]","{""blue_first_relevant_response_after_critical"": 16, ""blue_first_relevant_response_after_enterprise"": 7, ""enterprise_foothold_step"": 5, ""first_critical_hit_step"": 12, ""window_end"": 29, ""window_start"": 20}"
ours_stage2_fair,11,stage2_ext_001_obj_2,critical_safe_balanced,episode_000,4,4011,13,Q2_user_action_during_critical_breach,high,DecoySvchost,User4,User,PrivilegeEscalate,Op_Server0,"[""Op_Server0""]","[""Op_Server0""]","[""Enterprise1"", ""Enterprise2"", ""Op_Server0"", ""User0"", ""User1""]","[""Enterprise1"", ""Enterprise2"", ""Op_Server0"", ""User0"", ""User1""]","{""blue_first_relevant_response_after_critical"": 14, ""blue_first_relevant_response_after_enterprise"": 9, ""enterprise_foothold_step"": 5, ""first_critical_hit_step"": 12, ""window_end"": null, ""window_start"": null}"
ours_stage2_fair,11,stage2_ext_001_obj_2,critical_safe_balanced,episode_000,4,4011,15,Q2_user_action_during_critical_breach,high,DecoySSHD,User4,User,Impact,Op_Server0,"[""Op_Server0""]","[""Op_Server0""]","[""Enterprise1"", ""Enterprise2"", ""Op_Server0"", ""User0"", ""User1""]","[""Enterprise1"", ""Enterprise2"", ""Op_Server0"", ""User0"", ""User1""]","{""blue_first_relevant_response_after_critical"": 14, ""blue_first_relevant_response_after_enterprise"": 9, ""enterprise_foothold_step"": 5, ""first_critical_hit_step"": 12, ""window_end"": null, ""window_start"": null}"
ours_stage2_fair,11,stage2_ext_001_obj_2,critical_safe_balanced,episode_000,4,4011,18,Q2_user_action_during_critical_breach,high,DecoySSHD,User4,User,Impact,Op_Server0,"[""Op_Server0""]","[""Op_Server0""]","[""Enterprise1"", ""Enterprise2"", ""Op_Server0"", ""User0"", ""User1""]","[""Enterprise1"", ""Enterprise2"", ""Op_Server0"", ""User0"", ""User1""]","{""blue_first_relevant_response_after_critical"": 14, ""blue_first_relevant_response_after_enterprise"": 9, ""enterprise_foothold_step"": 5, ""first_critical_hit_step"": 12, ""window_end"": null, ""window_start"": null}"
ours_stage2_fair,11,stage2_ext_001_obj_2,critical_safe_balanced,episode_000,4,4011,20,Q2_user_action_during_critical_breach,high,DecoySSHD,User4,User,Impact,Op_Server0,"[""Op_Server0""]","[""Op_Server0""]","[""Enterprise1"", ""Enterprise2"", ""Op_Server0"", ""User0"", ""User1""]","[""Enterprise1"", ""Enterprise2"", ""Op_Server0"", ""User0"", ""User1""]","{""blue_first_relevant_response_after_critical"": 14, ""blue_first_relevant_response_after_enterprise"": 9, ""enterprise_foothold_step"": 5, ""first_critical_hit_step"": 12, ""window_end"": null, ""window_start"": null}"
ours_stage2_fair,11,stage2_ext_001_obj_2,critical_safe_balanced,episode_000,4,4011,21,Q2_user_action_during_critical_breach,high,DecoySSHD,User4,User,Impact,Op_Server0,"[""Op_Server0""]","[""Op_Server0""]","[""Enterprise1"", ""Enterprise2"", ""Op_Server0"", ""User0"", ""User1""]","[""Enterprise1"", ""Enterprise2"", ""Op_Server0"", ""User0"", ""User1""]","{""blue_first_relevant_response_after_critical"": 14, ""blue_first_relevant_response_after_enterprise"": 9, ""enterprise_foothold_step"": 5, ""first_critical_hit_step"": 12, ""window_end"": null, ""window_start"": null}"
ours_stage2_fair,11,stage2_ext_001_obj_2,critical_safe_balanced,episode_000,4,4011,25,Q2_user_action_during_critical_breach,high,DecoySvchost,User4,User,Impact,Op_Server0,"[""Op_Server0""]","[""Op_Server0""]","[""Enterprise1"", ""Enterprise2"", ""Op_Server0"", ""User0"", ""User1""]","[""Enterprise1"", ""Enterprise2"", ""Op_Server0"", ""User0"", ""User1""]","{""blue_first_relevant_response_after_critical"": 14, ""blue_first_relevant_response_after_enterprise"": 9, ""enterprise_foothold_step"": 5, ""first_critical_hit_step"": 12, ""window_end"": null, ""window_start"": null}"
ours_stage2_fair,11,stage2_ext_001_obj_2,critical_safe_balanced,episode_000,4,4011,28,Q2_user_action_during_critical_breach,high,DecoyVsftpd,User4,User,Impact,Op_Server0,"[""Op_Server0""]","[""Op_Server0""]","[""Enterprise1"", ""Enterprise2"", ""Op_Server0"", ""User0"", ""User1""]","[""Enterprise1"", ""Enterprise2"", ""Op_Server0"", ""User0"", ""User1""]","{""blue_first_relevant_response_after_critical"": 14, ""blue_first_relevant_response_after_enterprise"": 9, ""enterprise_foothold_step"": 5, ""first_critical_hit_step"": 12, ""window_end"": null, ""window_start"": null}"
ours_stage2_fair,11,stage2_ext_001_obj_2,critical_safe_balanced,episode_000,4,4011,29,Q2_user_action_during_critical_breach,high,DecoySvchost,User4,User,Impact,Op_Server0,"[""Op_Server0""]","[""Op_Server0""]","[""Enterprise1"", ""Enterprise2"", ""Op_Server0"", ""User0"", ""User1""]","[""Enterprise1"", ""Enterprise2"", ""Op_Server0"", ""User0"", ""User1""]","{""blue_first_relevant_response_after_critical"": 14, ""blue_first_relevant_response_after_enterprise"": 9, ""enterprise_foothold_step"": 5, ""first_critical_hit_step"": 12, ""window_end"": null, ""window_start"": null}"
ours_stage2_fair,11,stage2_ext_001_obj_2,critical_safe_balanced,episode_000,4,4011,31,Q2_user_action_during_critical_breach,high,DecoySSHD,User4,User,Impact,Op_Server0,"[""Op_Server0""]","[""Op_Server0""]","[""Enterprise1"", ""Enterprise2"", ""Op_Server0"", ""User0"", ""User1""]","[""Enterprise1"", ""Enterprise2"", ""Op_Server0"", ""User0"", ""User1""]","{""blue_first_relevant_response_after_critical"": 14, ""blue_first_relevant_response_after_enterprise"": 9, ""enterprise_foothold_step"": 5, ""first_critical_hit_step"": 12, ""window_end"": null, ""window_start"": null}"
ours_stage2_fair,11,stage2_ext_001_obj_2,critical_safe_balanced,episode_000,4,4011,32,Q2_user_action_during_critical_breach,high,DecoySSHD,User4,User,Impact,Op_Server0,"[""Op_Server0""]","[""Op_Server0""]","[""Enterprise1"", ""Enterprise2"", ""Op_Server0"", ""User0"", ""User1""]","[""Enterprise1"", ""Enterprise2"", ""Op_Server0"", ""User0"", ""User1""]","{""blue_first_relevant_response_after_critical"": 14, ""blue_first_relevant_response_after_enterprise"": 9, ""enterprise_foothold_step"": 5, ""first_critical_hit_step"": 12, ""window_end"": null, ""window_start"": null}"
ours_stage2_fair,11,stage2_ext_001_obj_2,critical_safe_balanced,episode_000,4,4011,33,Q2_user_action_during_critical_breach,high,DecoyVsftpd,User2,User,Impact,Op_Server0,"[""Op_Server0""]","[""Op_Server0""]","[""Enterprise1"", ""Enterprise2"", ""Op_Server0"", ""User0"", ""User1""]","[""Enterprise1"", ""Enterprise2"", ""Op_Server0"", ""User0"", ""User1""]","{""blue_first_relevant_response_after_critical"": 14, ""blue_first_relevant_response_after_enterprise"": 9, ""enterprise_foothold_step"": 5, ""first_critical_hit_step"": 12, ""window_end"": null, ""window_start"": null}"
ours_stage2_fair,11,stage2_ext_001_obj_2,critical_safe_balanced,episode_000,4,4011,36,Q2_user_action_during_critical_breach,high,DecoySvchost,User4,User,Impact,Op_Server0,"[""Op_Server0""]","[""Op_Server0""]","[""Enterprise1"", ""Op_Server0"", ""User0"", ""User1""]","[""Enterprise1"", ""Op_Server0"", ""User0"", ""User1""]","{""blue_first_relevant_response_after_critical"": 14, ""blue_first_relevant_response_after_enterprise"": 9, ""enterprise_foothold_step"": 5, ""first_critical_hit_step"": 12, ""window_end"": null, ""window_start"": null}"
ours_stage2_fair,11,stage2_ext_001_obj_2,critical_safe_balanced,episode_000,4,4011,44,Q2_user_action_during_critical_breach,high,DecoySvchost,User4,User,PrivilegeEscalate,Op_Server0,"[""Op_Server0""]","[""Op_Server0""]","[""Enterprise1"", ""Enterprise2"", ""Op_Server0"", ""User0"", ""User1""]","[""Enterprise1"", ""Enterprise2"", ""Op_Server0"", ""User0"", ""User1""]","{""blue_first_relevant_response_after_critical"": 14, ""blue_first_relevant_response_after_enterprise"": 9, ""enterprise_foothold_step"": 5, ""first_critical_hit_step"": 12, ""window_end"": null, ""window_start"": null}"
ours_stage2_fair,11,stage2_ext_001_obj_2,critical_safe_balanced,episode_000,4,4011,50,Q2_user_action_during_critical_breach,high,DecoySSHD,User4,User,Impact,Op_Server0,"[""Op_Server0""]","[""Op_Server0""]","[""Enterprise1"", ""Op_Server0"", ""User0"", ""User1""]","[""Enterprise1"", ""Op_Server0"", ""User0"", ""User1""]","{""blue_first_relevant_response_after_critical"": 14, ""blue_first_relevant_response_after_enterprise"": 9, ""enterprise_foothold_step"": 5, ""first_critical_hit_step"": 12, ""window_end"": null, ""window_start"": null}"
ours_stage2_fair,11,stage2_ext_001_obj_2,critical_safe_balanced,episode_000,4,4011,51,Q2_user_action_during_critical_breach,high,DecoySSHD,User4,User,Impact,Op_Server0,"[""Op_Server0""]","[""Op_Server0""]","[""Enterprise1"", ""Op_Server0"", ""User0"", ""User1""]","[""Enterprise1"", ""Op_Server0"", ""User0"", ""User1""]","{""blue_first_relevant_response_after_critical"": 14, ""blue_first_relevant_response_after_enterprise"": 9, ""enterprise_foothold_step"": 5, ""first_critical_hit_step"": 12, ""window_end"": null, ""window_start"": null}"
ours_stage2_fair,11,stage2_ext_001_obj_2,critical_safe_balanced,episode_000,4,4011,55,Q2_user_action_during_critical_breach,high,DecoySSHD,User4,User,Impact,Op_Server0,"[""Op_Server0""]","[""Op_Server0""]","[""Enterprise1"", ""Op_Server0"", ""User0"", ""User1""]","[""Enterprise1"", ""Op_Server0"", ""User0"", ""User1""]","{""blue_first_relevant_response_after_critical"": 14, ""blue_first_relevant_response_after_enterprise"": 9, ""enterprise_foothold_step"": 5, ""first_critical_hit_step"": 12, ""window_end"": null, ""window_start"": null}"
ours_stage2_fair,11,stage2_ext_001_obj_2,critical_safe_balanced,episode_000,4,4011,59,Q2_user_action_during_critical_breach,high,DecoySSHD,User4,User,Impact,Op_Server0,"[""Op_Server0""]","[""Op_Server0""]","[""Enterprise1"", ""Op_Server0"", ""User0"", ""User1""]","[""Enterprise1"", ""Op_Server0"", ""User0"", ""User1""]","{""blue_first_relevant_response_after_critical"": 14, ""blue_first_relevant_response_after_enterprise"": 9, ""enterprise_foothold_step"": 5, ""first_critical_hit_step"": 12, ""window_end"": null, ""window_start"": null}"
ours_stage2_fair,11,stage2_ext_001_obj_2,critical_safe_balanced,episode_000,4,4011,62,Q2_user_action_during_critical_breach,high,DecoySSHD,User4,User,Impact,Op_Server0,"[""Op_Server0""]","[""Op_Server0""]","[""Enterprise1"", ""Op_Server0"", ""User0"", ""User1""]","[""Enterprise1"", ""Op_Server0"", ""User0"", ""User1""]","{""blue_first_relevant_response_after_critical"": 14, ""blue_first_relevant_response_after_enterprise"": 9, ""enterprise_foothold_step"": 5, ""first_critical_hit_step"": 12, ""window_end"": null, ""window_start"": null}"
ours_stage2_fair,11,stage2_ext_001_obj_2,critical_safe_balanced,episode_000,4,4011,67,Q2_user_action_during_critical_breach,high,DecoyTomcat,User4,User,PrivilegeEscalate,Op_Server0,"[""Op_Server0""]","[""Op_Server0""]","[""Enterprise1"", ""Op_Server0"", ""User0"", ""User1""]","[""Enterprise1"", ""Op_Server0"", ""User0"", ""User1""]","{""blue_first_relevant_response_after_critical"": 14, ""blue_first_relevant_response_after_enterprise"": 9, ""enterprise_foothold_step"": 5, ""first_critical_hit_step"": 12, ""window_end"": null, ""window_start"": null}"
ours_stage2_fair,11,stage2_ext_001_obj_2,critical_safe_balanced,episode_000,4,4011,68,Q2_user_action_during_critical_breach,high,DecoySvchost,User4,User,Impact,Op_Server0,"[""Op_Server0""]","[""Op_Server0""]","[""Enterprise1"", ""Op_Server0"", ""User0"", ""User1""]","[""Enterprise1"", ""Op_Server0"", ""User0"", ""User1""]","{""blue_first_relevant_response_after_critical"": 14, ""blue_first_relevant_response_after_enterprise"": 9, ""enterprise_foothold_step"": 5, ""first_critical_hit_step"": 12, ""window_end"": null, ""window_start"": null}"
ours_stage2_fair,11,stage2_ext_001_obj_2,critical_safe_balanced,episode_000,4,4011,69,Q2_user_action_during_critical_breach,high,DecoySvchost,User4,User,Impact,Op_Server0,"[""Op_Server0""]","[""Op_Server0""]","[""Enterprise1"", ""Op_Server0"", ""User0"", ""User1""]","[""Enterprise1"", ""Op_Server0"", ""User0"", ""User1""]","{""blue_first_relevant_response_after_critical"": 14, ""blue_first_relevant_response_after_enterprise"": 9, ""enterprise_foothold_step"": 5, ""first_critical_hit_step"": 12, ""window_end"": null, ""window_start"": null}"
ours_stage2_fair,11,stage2_ext_001_obj_2,critical_safe_balanced,episode_000,4,4011,72,Q2_user_action_during_critical_breach,high,DecoyTomcat,User4,User,Impact,Op_Server0,"[""Op_Server0""]","[""Op_Server0""]","[""Enterprise1"", ""Op_Server0"", ""User0"", ""User1""]","[""Enterprise1"", ""Op_Server0"", ""User0"", ""User1""]","{""blue_first_relevant_response_after_critical"": 14, ""blue_first_relevant_response_after_enterprise"": 9, ""enterprise_foothold_step"": 5, ""first_critical_hit_step"": 12, ""window_end"": null, ""window_start"": null}"
ours_stage2_fair,11,stage2_ext_001_obj_2,critical_safe_balanced,episode_000,4,4011,73,Q2_user_action_during_critical_breach,high,DecoySSHD,User4,User,Impact,Op_Server0,"[""Op_Server0""]","[""Op_Server0""]","[""Enterprise1"", ""Op_Server0"", ""User0"", ""User1""]","[""Enterprise1"", ""Op_Server0"", ""User0"", ""User1""]","{""blue_first_relevant_response_after_critical"": 14, ""blue_first_relevant_response_after_enterprise"": 9, ""enterprise_foothold_step"": 5, ""first_critical_hit_step"": 12, ""window_end"": null, ""window_start"": null}"
ours_stage2_fair,11,stage2_ext_001_obj_2,critical_safe_balanced,episode_000,4,4011,74,Q2_user_action_during_critical_breach,high,DecoyHarakaSMPT,User4,User,Impact,Op_Server0,"[""Op_Server0""]","[""Op_Server0""]","[""Enterprise1"", ""Op_Server0"", ""User0"", ""User1""]","[""Enterprise1"", ""Op_Server0"", ""User0"", ""User1""]","{""blue_first_relevant_response_after_critical"": 14, ""blue_first_relevant_response_after_enterprise"": 9, ""enterprise_foothold_step"": 5, ""first_critical_hit_step"": 12, ""window_end"": null, ""window_start"": null}"
ours_stage2_fair,11,stage2_ext_001_obj_2,critical_safe_balanced,episode_000,4,4011,77,Q2_user_action_during_critical_breach,high,DecoySSHD,User4,User,Impact,Op_Server0,"[""Op_Server0""]","[""Op_Server0""]","[""Enterprise1"", ""Op_Server0"", ""User0"", ""User1""]","[""Enterprise1"", ""Op_Server0"", ""User0"", ""User1""]","{""blue_first_relevant_response_after_critical"": 14, ""blue_first_relevant_response_after_enterprise"": 9, ""enterprise_foothold_step"": 5, ""first_critical_hit_step"": 12, ""window_end"": null, ""window_start"": null}"
ours_stage2_fair,11,stage2_ext_001_obj_2,critical_safe_balanced,episode_000,4,4011,79,Q2_user_action_during_critical_breach,high,DecoySvchost,User2,User,Impact,Op_Server0,"[""Op_Server0""]","[""Op_Server0""]","[""Enterprise1"", ""Op_Server0"", ""User0"", ""User1""]","[""Enterprise1"", ""Op_Server0"", ""User0"", ""User1""]","{""blue_first_relevant_response_after_critical"": 14, ""blue_first_relevant_response_after_enterprise"": 9, ""enterprise_foothold_step"": 5, ""first_critical_hit_step"": 12, ""window_end"": null, ""window_start"": null}"
ours_stage2_fair,11,stage2_ext_001_obj_2,critical_safe_balanced,episode_000,4,4011,81,Q2_user_action_during_critical_breach,high,DecoySSHD,User4,User,Impact,Op_Server0,"[""Op_Server0""]","[""Op_Server0""]","[""Enterprise1"", ""Op_Server0"", ""User0"", ""User1""]","[""Enterprise1"", ""Op_Server0"", ""User0"", ""User1""]","{""blue_first_relevant_response_after_critical"": 14, ""blue_first_relevant_response_after_enterprise"": 9, ""enterprise_foothold_step"": 5, ""first_critical_hit_step"": 12, ""window_end"": null, ""window_start"": null}"
ours_stage2_fair,11,stage2_ext_001_obj_2,critical_safe_balanced,episode_000,4,4011,86,Q2_user_action_during_critical_breach,high,DecoySvchost,User4,User,PrivilegeEscalate,Op_Server0,"[""Op_Server0""]","[""Op_Server0""]","[""Enterprise1"", ""Op_Server0"", ""User0"", ""User1""]","[""Enterprise1"", ""Op_Server0"", ""User0"", ""User1""]","{""blue_first_relevant_response_after_critical"": 14, ""blue_first_relevant_response_after_enterprise"": 9, ""enterprise_foothold_step"": 5, ""first_critical_hit_step"": 12, ""window_end"": null, ""window_start"": null}"
ours_stage2_fair,11,stage2_ext_001_obj_2,critical_safe_balanced,episode_000,4,4011,87,Q2_user_action_during_critical_breach,high,DecoySSHD,User4,User,Impact,Op_Server0,"[""Op_Server0""]","[""Op_Server0""]","[""Enterprise1"", ""Op_Server0"", ""User0"", ""User1""]","[""Enterprise1"", ""Op_Server0"", ""User0"", ""User1""]","{""blue_first_relevant_response_after_critical"": 14, ""blue_first_relevant_response_after_enterprise"": 9, ""enterprise_foothold_step"": 5, ""first_critical_hit_step"": 12, ""window_end"": null, ""window_start"": null}"
ours_stage2_fair,11,stage2_ext_001_obj_2,critical_safe_balanced,episode_000,4,4011,97,Q2_user_action_during_critical_breach,high,DecoySSHD,User4,User,PrivilegeEscalate,Op_Server0,"[""Op_Server0""]","[""Op_Server0""]","[""Enterprise1"", ""Op_Server0"", ""User0"", ""User1""]","[""Enterprise1"", ""Op_Server0"", ""User0"", ""User1""]","{""blue_first_relevant_response_after_critical"": 14, ""blue_first_relevant_response_after_enterprise"": 9, ""enterprise_foothold_step"": 5, ""first_critical_hit_step"": 12, ""window_end"": null, ""window_start"": null}"
ours_stage2_fair,11,stage2_ext_001_obj_2,critical_safe_balanced,episode_000,4,4011,6,Q4_user_focus_after_enterprise_foothold,medium,DecoySSHD,User4,User,PrivilegeEscalate,Enterprise1,[],[],"[""Enterprise1"", ""User0"", ""User1""]","[""Enterprise1"", ""User0"", ""User1""]","{""blue_first_relevant_response_after_critical"": 14, ""blue_first_relevant_response_after_enterprise"": 9, ""enterprise_foothold_step"": 5, ""first_critical_hit_step"": 12, ""window_end"": 8, ""window_start"": 6}"
ours_stage2_fair,11,stage2_ext_001_obj_2,critical_safe_balanced,episode_000,4,4011,11,Q4_user_focus_after_enterprise_foothold,medium,DecoySSHD,User4,User,DiscoverNetworkServices,,[],[],"[""Enterprise1"", ""Enterprise2"", ""User0"", ""User1""]","[""Enterprise1"", ""Enterprise2"", ""User0"", ""User1""]","{""blue_first_relevant_response_after_critical"": 14, ""blue_first_relevant_response_after_enterprise"": 9, ""enterprise_foothold_step"": 5, ""first_critical_hit_step"": 12, ""window_end"": 13, ""window_start"": 11}"
ours_stage2_fair,11,stage2_ext_001_obj_2,critical_safe_balanced,episode_000,4,4011,31,Q4_user_focus_after_enterprise_foothold,medium,DecoySSHD,User4,User,Impact,Op_Server0,"[""Op_Server0""]","[""Op_Server0""]","[""Enterprise1"", ""Enterprise2"", ""Op_Server0"", ""User0"", ""User1""]","[""Enterprise1"", ""Enterprise2"", ""Op_Server0"", ""User0"", ""User1""]","{""blue_first_relevant_response_after_critical"": 14, ""blue_first_relevant_response_after_enterprise"": 9, ""enterprise_foothold_step"": 5, ""first_critical_hit_step"": 12, ""window_end"": 33, ""window_start"": 31}"
ours_stage2_fair,11,stage2_ext_001_obj_2,critical_safe_balanced,episode_000,4,4011,67,Q4_user_focus_after_enterprise_foothold,medium,DecoyTomcat,User4,User,PrivilegeEscalate,Op_Server0,"[""Op_Server0""]","[""Op_Server0""]","[""Enterprise1"", ""Op_Server0"", ""User0"", ""User1""]","[""Enterprise1"", ""Op_Server0"", ""User0"", ""User1""]","{""blue_first_relevant_response_after_critical"": 14, ""blue_first_relevant_response_after_enterprise"": 9, ""enterprise_foothold_step"": 5, ""first_critical_hit_step"": 12, ""window_end"": 69, ""window_start"": 67}"
ours_stage2_fair,11,stage2_ext_001_obj_2,critical_safe_balanced,episode_000,4,4011,72,Q4_user_focus_after_enterprise_foothold,medium,DecoyTomcat,User4,User,Impact,Op_Server0,"[""Op_Server0""]","[""Op_Server0""]","[""Enterprise1"", ""Op_Server0"", ""User0"", ""User1""]","[""Enterprise1"", ""Op_Server0"", ""User0"", ""User1""]","{""blue_first_relevant_response_after_critical"": 14, ""blue_first_relevant_response_after_enterprise"": 9, ""enterprise_foothold_step"": 5, ""first_critical_hit_step"": 12, ""window_end"": 74, ""window_start"": 72}"
ours_stage2_fair,11,stage2_ext_001_obj_2,critical_safe_balanced,episode_000,4,4011,85,Q4_user_focus_after_enterprise_foothold,medium,DecoySSHD,User4,User,ExploitRemoteService,,[],"[""Op_Server0""]","[""Enterprise1"", ""User0"", ""User1""]","[""Enterprise1"", ""Op_Server0"", ""User0"", ""User1""]","{""blue_first_relevant_response_after_critical"": 14, ""blue_first_relevant_response_after_enterprise"": 9, ""enterprise_foothold_step"": 5, ""first_critical_hit_step"": 12, ""window_end"": 87, ""window_start"": 85}"
ours_stage2_fair,11,stage2_ext_001_obj_2,critical_safe_balanced,episode_000,4,4011,6,Q5_repeated_low_value_decoy_loop,medium,DecoySSHD,User4,User,PrivilegeEscalate,Enterprise1,[],[],"[""Enterprise1"", ""User0"", ""User1""]","[""Enterprise1"", ""User0"", ""User1""]","{""blue_first_relevant_response_after_critical"": 14, ""blue_first_relevant_response_after_enterprise"": 9, ""enterprise_foothold_step"": 5, ""first_critical_hit_step"": 12, ""window_end"": 15, ""window_start"": 6}"
ours_stage2_fair,11,stage2_ext_001_obj_2,critical_safe_balanced,episode_000,5,5011,14,Q2_user_action_during_critical_breach,high,DecoySSHD,User4,User,Impact,Op_Server0,"[""Op_Server0""]","[""Op_Server0""]","[""Enterprise0"", ""Enterprise2"", ""Op_Server0"", ""User0"", ""User4""]","[""Enterprise0"", ""Enterprise2"", ""Op_Server0"", ""User0"", ""User4""]","{""blue_first_relevant_response_after_critical"": 16, ""blue_first_relevant_response_after_enterprise"": 6, ""enterprise_foothold_step"": 5, ""first_critical_hit_step"": 12, ""window_end"": null, ""window_start"": null}"
ours_stage2_fair,11,stage2_ext_001_obj_2,critical_safe_balanced,episode_000,5,5011,15,Q2_user_action_during_critical_breach,high,DecoyVsftpd,User2,User,Impact,Op_Server0,"[""Op_Server0""]","[""Op_Server0""]","[""Enterprise0"", ""Enterprise2"", ""Op_Server0"", ""User0"", ""User4""]","[""Enterprise0"", ""Enterprise2"", ""Op_Server0"", ""User0"", ""User4""]","{""blue_first_relevant_response_after_critical"": 16, ""blue_first_relevant_response_after_enterprise"": 6, ""enterprise_foothold_step"": 5, ""first_critical_hit_step"": 12, ""window_end"": null, ""window_start"": null}"
ours_stage2_fair,11,stage2_ext_001_obj_2,critical_safe_balanced,episode_000,5,5011,18,Q2_user_action_during_critical_breach,high,DecoyFemitter,User0,User,Impact,Op_Server0,"[""Op_Server0""]","[""Op_Server0""]","[""Enterprise0"", ""Enterprise2"", ""Op_Server0"", ""User0"", ""User4""]","[""Enterprise0"", ""Enterprise2"", ""Op_Server0"", ""User0"", ""User4""]","{""blue_first_relevant_response_after_critical"": 16, ""blue_first_relevant_response_after_enterprise"": 6, ""enterprise_foothold_step"": 5, ""first_critical_hit_step"": 12, ""window_end"": null, ""window_start"": null}"
ours_stage2_fair,11,stage2_ext_001_obj_2,critical_safe_balanced,episode_000,5,5011,20,Q2_user_action_during_critical_breach,high,DecoySSHD,User4,User,Impact,Op_Server0,"[""Op_Server0""]","[""Op_Server0""]","[""Enterprise0"", ""Enterprise2"", ""Op_Server0"", ""User0"", ""User4""]","[""Enterprise0"", ""Enterprise2"", ""Op_Server0"", ""User0"", ""User4""]","{""blue_first_relevant_response_after_critical"": 16, ""blue_first_relevant_response_after_enterprise"": 6, ""enterprise_foothold_step"": 5, ""first_critical_hit_step"": 12, ""window_end"": null, ""window_start"": null}"
ours_stage2_fair,11,stage2_ext_001_obj_2,critical_safe_balanced,episode_000,5,5011,22,Q2_user_action_during_critical_breach,high,DecoySvchost,User4,User,Impact,Op_Server0,"[""Op_Server0""]","[""Op_Server0""]","[""Enterprise0"", ""Enterprise2"", ""Op_Server0"", ""User0"", ""User4""]","[""Enterprise0"", ""Enterprise2"", ""Op_Server0"", ""User0"", ""User4""]","{""blue_first_relevant_response_after_critical"": 16, ""blue_first_relevant_response_after_enterprise"": 6, ""enterprise_foothold_step"": 5, ""first_critical_hit_step"": 12, ""window_end"": null, ""window_start"": null}"
ours_stage2_fair,11,stage2_ext_001_obj_2,critical_safe_balanced,episode_000,5,5011,24,Q2_user_action_during_critical_breach,high,DecoyVsftpd,User2,User,Impact,Op_Server0,"[""Op_Server0""]","[""Op_Server0""]","[""Enterprise0"", ""Enterprise2"", ""Op_Server0"", ""User0"", ""User4""]","[""Enterprise0"", ""Enterprise2"", ""Op_Server0"", ""User0"", ""User4""]","{""blue_first_relevant_response_after_critical"": 16, ""blue_first_relevant_response_after_enterprise"": 6, ""enterprise_foothold_step"": 5, ""first_critical_hit_step"": 12, ""window_end"": null, ""window_start"": null}"
ours_stage2_fair,11,stage2_ext_001_obj_2,critical_safe_balanced,episode_000,5,5011,34,Q2_user_action_during_critical_breach,high,DecoySSHD,User4,User,Impact,Op_Server0,"[""Op_Server0""]","[""Op_Server0""]","[""Enterprise0"", ""Op_Server0"", ""User0"", ""User4""]","[""Enterprise0"", ""Op_Server0"", ""User0"", ""User4""]","{""blue_first_relevant_response_after_critical"": 16, ""blue_first_relevant_response_after_enterprise"": 6, ""enterprise_foothold_step"": 5, ""first_critical_hit_step"": 12, ""window_end"": null, ""window_start"": null}"
ours_stage2_fair,11,stage2_ext_001_obj_2,critical_safe_balanced,episode_000,5,5011,37,Q2_user_action_during_critical_breach,high,DecoySvchost,User2,User,Impact,Op_Server0,"[""Op_Server0""]","[""Op_Server0""]","[""Enterprise0"", ""Op_Server0"", ""User0"", ""User4""]","[""Enterprise0"", ""Op_Server0"", ""User0"", ""User4""]","{""blue_first_relevant_response_after_critical"": 16, ""blue_first_relevant_response_after_enterprise"": 6, ""enterprise_foothold_step"": 5, ""first_critical_hit_step"": 12, ""window_end"": null, ""window_start"": null}"
ours_stage2_fair,11,stage2_ext_001_obj_2,critical_safe_balanced,episode_000,5,5011,38,Q2_user_action_during_critical_breach,high,Remove,User1,User,Impact,Op_Server0,"[""Op_Server0""]","[""Op_Server0""]","[""Enterprise0"", ""Op_Server0"", ""User0"", ""User4""]","[""Enterprise0"", ""Op_Server0"", ""User0"", ""User4""]","{""blue_first_relevant_response_after_critical"": 16, ""blue_first_relevant_response_after_enterprise"": 6, ""enterprise_foothold_step"": 5, ""first_critical_hit_step"": 12, ""window_end"": null, ""window_start"": null}"
ours_stage2_fair,11,stage2_ext_001_obj_2,critical_safe_balanced,episode_000,5,5011,39,Q2_user_action_during_critical_breach,high,DecoyHarakaSMPT,User0,User,Impact,Op_Server0,"[""Op_Server0""]","[""Op_Server0""]","[""Enterprise0"", ""Op_Server0"", ""User0"", ""User4""]","[""Enterprise0"", ""Op_Server0"", ""User0"", ""User4""]","{""blue_first_relevant_response_after_critical"": 16, ""blue_first_relevant_response_after_enterprise"": 6, ""enterprise_foothold_step"": 5, ""first_critical_hit_step"": 12, ""window_end"": null, ""window_start"": null}"
ours_stage2_fair,11,stage2_ext_001_obj_2,critical_safe_balanced,episode_000,5,5011,40,Q2_user_action_during_critical_breach,high,DecoyHarakaSMPT,User1,User,Impact,Op_Server0,"[""Op_Server0""]","[""Op_Server0""]","[""Enterprise0"", ""Op_Server0"", ""User0"", ""User4""]","[""Enterprise0"", ""Op_Server0"", ""User0"", ""User4""]","{""blue_first_relevant_response_after_critical"": 16, ""blue_first_relevant_response_after_enterprise"": 6, ""enterprise_foothold_step"": 5, ""first_critical_hit_step"": 12, ""window_end"": null, ""window_start"": null}"
ours_stage2_fair,11,stage2_ext_001_obj_2,critical_safe_balanced,episode_000,5,5011,46,Q2_user_action_during_critical_breach,high,DecoyApache,User3,User,Impact,Op_Server0,"[""Op_Server0""]","[""Op_Server0""]","[""Enterprise0"", ""Op_Server0"", ""User0"", ""User4""]","[""Enterprise0"", ""Op_Server0"", ""User0"", ""User4""]","{""blue_first_relevant_response_after_critical"": 16, ""blue_first_relevant_response_after_enterprise"": 6, ""enterprise_foothold_step"": 5, ""first_critical_hit_step"": 12, ""window_end"": null, ""window_start"": null}"
ours_stage2_fair,11,stage2_ext_001_obj_2,critical_safe_balanced,episode_000,5,5011,47,Q2_user_action_during_critical_breach,high,DecoySSHD,User4,User,Impact,Op_Server0,"[""Op_Server0""]","[""Op_Server0""]","[""Enterprise0"", ""Op_Server0"", ""User0"", ""User4""]","[""Enterprise0"", ""Op_Server0"", ""User0"", ""User4""]","{""blue_first_relevant_response_after_critical"": 16, ""blue_first_relevant_response_after_enterprise"": 6, ""enterprise_foothold_step"": 5, ""first_critical_hit_step"": 12, ""window_end"": null, ""window_start"": null}"
ours_stage2_fair,11,stage2_ext_001_obj_2,critical_safe_balanced,episode_000,5,5011,54,Q2_user_action_during_critical_breach,high,DecoySSHD,User4,User,Impact,Op_Server0,"[""Op_Server0""]","[""Op_Server0""]","[""Enterprise0"", ""Op_Server0"", ""User0"", ""User4""]","[""Enterprise0"", ""Op_Server0"", ""User0"", ""User4""]","{""blue_first_relevant_response_after_critical"": 16, ""blue_first_relevant_response_after_enterprise"": 6, ""enterprise_foothold_step"": 5, ""first_critical_hit_step"": 12, ""window_end"": null, ""window_start"": null}"
ours_stage2_fair,11,stage2_ext_001_obj_2,critical_safe_balanced,episode_000,5,5011,59,Q2_user_action_during_critical_breach,high,DecoyTomcat,User4,User,PrivilegeEscalate,Op_Server0,"[""Op_Server0""]","[""Op_Server0""]","[""Enterprise0"", ""Op_Server0"", ""User0"", ""User4""]","[""Enterprise0"", ""Op_Server0"", ""User0"", ""User4""]","{""blue_first_relevant_response_after_critical"": 16, ""blue_first_relevant_response_after_enterprise"": 6, ""enterprise_foothold_step"": 5, ""first_critical_hit_step"": 12, ""window_end"": null, ""window_start"": null}"
ours_stage2_fair,11,stage2_ext_001_obj_2,critical_safe_balanced,episode_000,5,5011,60,Q2_user_action_during_critical_breach,high,DecoyVsftpd,User4,User,Impact,Op_Server0,"[""Op_Server0""]","[""Op_Server0""]","[""Enterprise0"", ""Op_Server0"", ""User0"", ""User4""]","[""Enterprise0"", ""Op_Server0"", ""User0"", ""User4""]","{""blue_first_relevant_response_after_critical"": 16, ""blue_first_relevant_response_after_enterprise"": 6, ""enterprise_foothold_step"": 5, ""first_critical_hit_step"": 12, ""window_end"": null, ""window_start"": null}"
ours_stage2_fair,11,stage2_ext_001_obj_2,critical_safe_balanced,episode_000,5,5011,64,Q2_user_action_during_critical_breach,high,DecoySSHD,User4,User,PrivilegeEscalate,Op_Server0,"[""Op_Server0""]","[""Op_Server0""]","[""Enterprise0"", ""Op_Server0"", ""User0"", ""User4""]","[""Enterprise0"", ""Op_Server0"", ""User0"", ""User4""]","{""blue_first_relevant_response_after_critical"": 16, ""blue_first_relevant_response_after_enterprise"": 6, ""enterprise_foothold_step"": 5, ""first_critical_hit_step"": 12, ""window_end"": null, ""window_start"": null}"
ours_stage2_fair,11,stage2_ext_001_obj_2,critical_safe_balanced,episode_000,5,5011,67,Q2_user_action_during_critical_breach,high,DecoySvchost,User4,User,Impact,Op_Server0,"[""Op_Server0""]","[""Op_Server0""]","[""Enterprise0"", ""Op_Server0"", ""User0"", ""User4""]","[""Enterprise0"", ""Op_Server0"", ""User0"", ""User4""]","{""blue_first_relevant_response_after_critical"": 16, ""blue_first_relevant_response_after_enterprise"": 6, ""enterprise_foothold_step"": 5, ""first_critical_hit_step"": 12, ""window_end"": null, ""window_start"": null}"
ours_stage2_fair,11,stage2_ext_001_obj_2,critical_safe_balanced,episode_000,5,5011,68,Q2_user_action_during_critical_breach,high,DecoyFemitter,User0,User,Impact,Op_Server0,"[""Op_Server0""]","[""Op_Server0""]","[""Enterprise0"", ""Op_Server0"", ""User0"", ""User4""]","[""Enterprise0"", ""Op_Server0"", ""User0"", ""User4""]","{""blue_first_relevant_response_after_critical"": 16, ""blue_first_relevant_response_after_enterprise"": 6, ""enterprise_foothold_step"": 5, ""first_critical_hit_step"": 12, ""window_end"": null, ""window_start"": null}"
ours_stage2_fair,11,stage2_ext_001_obj_2,critical_safe_balanced,episode_000,5,5011,70,Q2_user_action_during_critical_breach,high,DecoySvchost,User4,User,Impact,Op_Server0,"[""Op_Server0""]","[""Op_Server0""]","[""Enterprise0"", ""Op_Server0"", ""User0"", ""User4""]","[""Enterprise0"", ""Op_Server0"", ""User0"", ""User4""]","{""blue_first_relevant_response_after_critical"": 16, ""blue_first_relevant_response_after_enterprise"": 6, ""enterprise_foothold_step"": 5, ""first_critical_hit_step"": 12, ""window_end"": null, ""window_start"": null}"
ours_stage2_fair,11,stage2_ext_001_obj_2,critical_safe_balanced,episode_000,5,5011,72,Q2_user_action_during_critical_breach,high,DecoyTomcat,User4,User,Impact,Op_Server0,"[""Op_Server0""]","[""Op_Server0""]","[""Enterprise0"", ""Op_Server0"", ""User0"", ""User4""]","[""Enterprise0"", ""Op_Server0"", ""User0"", ""User4""]","{""blue_first_relevant_response_after_critical"": 16, ""blue_first_relevant_response_after_enterprise"": 6, ""enterprise_foothold_step"": 5, ""first_critical_hit_step"": 12, ""window_end"": null, ""window_start"": null}"
ours_stage2_fair,11,stage2_ext_001_obj_2,critical_safe_balanced,episode_000,5,5011,75,Q2_user_action_during_critical_breach,high,DecoySvchost,User4,User,Impact,Op_Server0,"[""Op_Server0""]","[""Op_Server0""]","[""Enterprise0"", ""Op_Server0"", ""User0"", ""User4""]","[""Enterprise0"", ""Op_Server0"", ""User0"", ""User4""]","{""blue_first_relevant_response_after_critical"": 16, ""blue_first_relevant_response_after_enterprise"": 6, ""enterprise_foothold_step"": 5, ""first_critical_hit_step"": 12, ""window_end"": null, ""window_start"": null}"
ours_stage2_fair,11,stage2_ext_001_obj_2,critical_safe_balanced,episode_000,5,5011,80,Q2_user_action_during_critical_breach,high,DecoyVsftpd,User2,User,Impact,Op_Server0,"[""Op_Server0""]","[""Op_Server0""]","[""Enterprise0"", ""Op_Server0"", ""User0"", ""User4""]","[""Enterprise0"", ""Op_Server0"", ""User0"", ""User4""]","{""blue_first_relevant_response_after_critical"": 16, ""blue_first_relevant_response_after_enterprise"": 6, ""enterprise_foothold_step"": 5, ""first_critical_hit_step"": 12, ""window_end"": null, ""window_start"": null}"
ours_stage2_fair,11,stage2_ext_001_obj_2,critical_safe_balanced,episode_000,5,5011,83,Q2_user_action_during_critical_breach,high,DecoySvchost,User4,User,Impact,Op_Server0,"[""Op_Server0""]","[""Op_Server0""]","[""Enterprise0"", ""Op_Server0"", ""User0"", ""User4""]","[""Enterprise0"", ""Op_Server0"", ""User0"", ""User4""]","{""blue_first_relevant_response_after_critical"": 16, ""blue_first_relevant_response_after_enterprise"": 6, ""enterprise_foothold_step"": 5, ""first_critical_hit_step"": 12, ""window_end"": null, ""window_start"": null}"
ours_stage2_fair,11,stage2_ext_001_obj_2,critical_safe_balanced,episode_000,5,5011,84,Q2_user_action_during_critical_breach,high,DecoySvchost,User4,User,Impact,Op_Server0,"[""Op_Server0""]","[""Op_Server0""]","[""Enterprise0"", ""Op_Server0"", ""User0"", ""User4""]","[""Enterprise0"", ""Op_Server0"", ""User0"", ""User4""]","{""blue_first_relevant_response_after_critical"": 16, ""blue_first_relevant_response_after_enterprise"": 6, ""enterprise_foothold_step"": 5, ""first_critical_hit_step"": 12, ""window_end"": null, ""window_start"": null}"
ours_stage2_fair,11,stage2_ext_001_obj_2,critical_safe_balanced,episode_000,5,5011,89,Q2_user_action_during_critical_breach,high,DecoyVsftpd,User2,User,Impact,Op_Server0,"[""Op_Server0""]","[""Op_Server0""]","[""Enterprise0"", ""Op_Server0"", ""User0"", ""User4""]","[""Enterprise0"", ""Op_Server0"", ""User0"", ""User4""]","{""blue_first_relevant_response_after_critical"": 16, ""blue_first_relevant_response_after_enterprise"": 6, ""enterprise_foothold_step"": 5, ""first_critical_hit_step"": 12, ""window_end"": null, ""window_start"": null}"
ours_stage2_fair,11,stage2_ext_001_obj_2,critical_safe_balanced,episode_000,5,5011,90,Q2_user_action_during_critical_breach,high,DecoyHarakaSMPT,User0,User,Impact,Op_Server0,"[""Op_Server0""]","[""Op_Server0""]","[""Enterprise0"", ""Op_Server0"", ""User0"", ""User4""]","[""Enterprise0"", ""Op_Server0"", ""User0"", ""User4""]","{""blue_first_relevant_response_after_critical"": 16, ""blue_first_relevant_response_after_enterprise"": 6, ""enterprise_foothold_step"": 5, ""first_critical_hit_step"": 12, ""window_end"": null, ""window_start"": null}"
ours_stage2_fair,11,stage2_ext_001_obj_2,critical_safe_balanced,episode_000,5,5011,95,Q2_user_action_during_critical_breach,high,DecoySSHD,User4,User,Impact,Op_Server0,"[""Op_Server0""]","[""Op_Server0""]","[""Enterprise0"", ""Op_Server0"", ""User0"", ""User4""]","[""Enterprise0"", ""Op_Server0"", ""User0"", ""User4""]","{""blue_first_relevant_response_after_critical"": 16, ""blue_first_relevant_response_after_enterprise"": 6, ""enterprise_foothold_step"": 5, ""first_critical_hit_step"": 12, ""window_end"": null, ""window_start"": null}"
ours_stage2_fair,11,stage2_ext_001_obj_2,critical_safe_balanced,episode_000,5,5011,12,Q3_missed_immediate_response_to_critical_hit,high,DecoyTomcat,Defender,Enterprise,ExploitRemoteService,,[],"[""Op_Server0""]","[""Enterprise0"", ""Enterprise2"", ""User0"", ""User4""]","[""Enterprise0"", ""Enterprise2"", ""Op_Server0"", ""User0"", ""User4""]","{""blue_first_relevant_response_after_critical"": 16, ""blue_first_relevant_response_after_enterprise"": 6, ""enterprise_foothold_step"": 5, ""first_critical_hit_step"": 12, ""window_end"": 15, ""window_start"": 13}"
ours_stage2_fair,11,stage2_ext_001_obj_2,critical_safe_balanced,episode_000,5,5011,37,Q4_user_focus_after_enterprise_foothold,medium,DecoySvchost,User2,User,Impact,Op_Server0,"[""Op_Server0""]","[""Op_Server0""]","[""Enterprise0"", ""Op_Server0"", ""User0"", ""User4""]","[""Enterprise0"", ""Op_Server0"", ""User0"", ""User4""]","{""blue_first_relevant_response_after_critical"": 16, ""blue_first_relevant_response_after_enterprise"": 6, ""enterprise_foothold_step"": 5, ""first_critical_hit_step"": 12, ""window_end"": 39, ""window_start"": 37}"
ours_stage2_fair,11,stage2_ext_001_obj_2,critical_safe_balanced,episode_000,5,5011,38,Q4_user_focus_after_enterprise_foothold,medium,Remove,User1,User,Impact,Op_Server0,"[""Op_Server0""]","[""Op_Server0""]","[""Enterprise0"", ""Op_Server0"", ""User0"", ""User4""]","[""Enterprise0"", ""Op_Server0"", ""User0"", ""User4""]","{""blue_first_relevant_response_after_critical"": 16, ""blue_first_relevant_response_after_enterprise"": 6, ""enterprise_foothold_step"": 5, ""first_critical_hit_step"": 12, ""window_end"": 40, ""window_start"": 38}"
ours_stage2_fair,11,stage2_ext_001_obj_2,critical_safe_balanced,episode_000,5,5011,57,Q4_user_focus_after_enterprise_foothold,medium,DecoySvchost,User4,User,PrivilegeEscalate,Op_Server0,[],[],"[""Enterprise0"", ""User0"", ""User4""]","[""Enterprise0"", ""User0"", ""User4""]","{""blue_first_relevant_response_after_critical"": 16, ""blue_first_relevant_response_after_enterprise"": 6, ""enterprise_foothold_step"": 5, ""first_critical_hit_step"": 12, ""window_end"": 59, ""window_start"": 57}"
ours_stage2_fair,11,stage2_ext_001_obj_2,critical_safe_balanced,episode_000,5,5011,58,Q4_user_focus_after_enterprise_foothold,medium,DecoySSHD,User4,User,ExploitRemoteService,,[],"[""Op_Server0""]","[""Enterprise0"", ""User0"", ""User4""]","[""Enterprise0"", ""Op_Server0"", ""User0"", ""User4""]","{""blue_first_relevant_response_after_critical"": 16, ""blue_first_relevant_response_after_enterprise"": 6, ""enterprise_foothold_step"": 5, ""first_critical_hit_step"": 12, ""window_end"": 60, ""window_start"": 58}"
ours_stage2_fair,11,stage2_ext_001_obj_2,critical_safe_balanced,episode_000,5,5011,58,Q5_repeated_low_value_decoy_loop,medium,DecoySSHD,User4,User,ExploitRemoteService,,[],"[""Op_Server0""]","[""Enterprise0"", ""User0"", ""User4""]","[""Enterprise0"", ""Op_Server0"", ""User0"", ""User4""]","{""blue_first_relevant_response_after_critical"": 16, ""blue_first_relevant_response_after_enterprise"": 6, ""enterprise_foothold_step"": 5, ""first_critical_hit_step"": 12, ""window_end"": 66, ""window_start"": 57}"
ours_stage2_fair,11,stage2_ext_001_obj_2,critical_safe_balanced,episode_000,5,5011,67,Q5_repeated_low_value_decoy_loop,medium,DecoySvchost,User4,User,Impact,Op_Server0,"[""Op_Server0""]","[""Op_Server0""]","[""Enterprise0"", ""Op_Server0"", ""User0"", ""User4""]","[""Enterprise0"", ""Op_Server0"", ""User0"", ""User4""]","{""blue_first_relevant_response_after_critical"": 16, ""blue_first_relevant_response_after_enterprise"": 6, ""enterprise_foothold_step"": 5, ""first_critical_hit_step"": 12, ""window_end"": 75, ""window_start"": 66}"
ours_stage2_fair,11,stage2_ext_001_obj_2,critical_safe_balanced,episode_000,6,6011,22,Q2_user_action_during_critical_breach,high,Restore,User4,User,Impact,Op_Server0,"[""Op_Server0""]","[""Op_Server0""]","[""Enterprise0"", ""Op_Server0"", ""User0"", ""User3""]","[""Enterprise0"", ""Op_Server0"", ""User0"", ""User3""]","{""blue_first_relevant_response_after_critical"": 14, ""blue_first_relevant_response_after_enterprise"": 6, ""enterprise_foothold_step"": 5, ""first_critical_hit_step"": 12, ""window_end"": null, ""window_start"": null}"
ours_stage2_fair,11,stage2_ext_001_obj_2,critical_safe_balanced,episode_000,6,6011,23,Q2_user_action_during_critical_breach,high,DecoyApache,User0,User,Impact,Op_Server0,"[""Op_Server0""]","[""Op_Server0""]","[""Enterprise0"", ""Op_Server0"", ""User0"", ""User3""]","[""Enterprise0"", ""Op_Server0"", ""User0"", ""User3""]","{""blue_first_relevant_response_after_critical"": 14, ""blue_first_relevant_response_after_enterprise"": 6, ""enterprise_foothold_step"": 5, ""first_critical_hit_step"": 12, ""window_end"": null, ""window_start"": null}"
ours_stage2_fair,11,stage2_ext_001_obj_2,critical_safe_balanced,episode_000,6,6011,24,Q2_user_action_during_critical_breach,high,DecoyHarakaSMPT,User4,User,Impact,Op_Server0,"[""Op_Server0""]","[""Op_Server0""]","[""Enterprise0"", ""Op_Server0"", ""User0"", ""User3""]","[""Enterprise0"", ""Op_Server0"", ""User0"", ""User3""]","{""blue_first_relevant_response_after_critical"": 14, ""blue_first_relevant_response_after_enterprise"": 6, ""enterprise_foothold_step"": 5, ""first_critical_hit_step"": 12, ""window_end"": null, ""window_start"": null}"
ours_stage2_fair,11,stage2_ext_001_obj_2,critical_safe_balanced,episode_000,6,6011,26,Q2_user_action_during_critical_breach,high,DecoyHarakaSMPT,User2,User,Impact,Op_Server0,"[""Op_Server0""]","[""Op_Server0""]","[""Enterprise0"", ""Op_Server0"", ""User0"", ""User3""]","[""Enterprise0"", ""Op_Server0"", ""User0"", ""User3""]","{""blue_first_relevant_response_after_critical"": 14, ""blue_first_relevant_response_after_enterprise"": 6, ""enterprise_foothold_step"": 5, ""first_critical_hit_step"": 12, ""window_end"": null, ""window_start"": null}"
ours_stage2_fair,11,stage2_ext_001_obj_2,critical_safe_balanced,episode_000,6,6011,31,Q2_user_action_during_critical_breach,high,DecoySvchost,User4,User,Impact,Op_Server0,"[""Op_Server0""]","[""Op_Server0""]","[""Enterprise0"", ""Op_Server0"", ""User0"", ""User3""]","[""Enterprise0"", ""Op_Server0"", ""User0"", ""User3""]","{""blue_first_relevant_response_after_critical"": 14, ""blue_first_relevant_response_after_enterprise"": 6, ""enterprise_foothold_step"": 5, ""first_critical_hit_step"": 12, ""window_end"": null, ""window_start"": null}"
ours_stage2_fair,11,stage2_ext_001_obj_2,critical_safe_balanced,episode_000,6,6011,32,Q2_user_action_during_critical_breach,high,DecoySSHD,User4,User,Impact,Op_Server0,"[""Op_Server0""]","[""Op_Server0""]","[""Enterprise0"", ""Op_Server0"", ""User0"", ""User3""]","[""Enterprise0"", ""Op_Server0"", ""User0"", ""User3""]","{""blue_first_relevant_response_after_critical"": 14, ""blue_first_relevant_response_after_enterprise"": 6, ""enterprise_foothold_step"": 5, ""first_critical_hit_step"": 12, ""window_end"": null, ""window_start"": null}"
ours_stage2_fair,11,stage2_ext_001_obj_2,critical_safe_balanced,episode_000,6,6011,35,Q2_user_action_during_critical_breach,high,DecoySvchost,User4,User,Impact,Op_Server0,"[""Op_Server0""]","[""Op_Server0""]","[""Enterprise0"", ""Op_Server0"", ""User0"", ""User3""]","[""Enterprise0"", ""Op_Server0"", ""User0"", ""User3""]","{""blue_first_relevant_response_after_critical"": 14, ""blue_first_relevant_response_after_enterprise"": 6, ""enterprise_foothold_step"": 5, ""first_critical_hit_step"": 12, ""window_end"": null, ""window_start"": null}"
ours_stage2_fair,11,stage2_ext_001_obj_2,critical_safe_balanced,episode_000,6,6011,38,Q2_user_action_during_critical_breach,high,DecoySvchost,User3,User,Impact,Op_Server0,"[""Op_Server0""]","[""Op_Server0""]","[""Enterprise0"", ""Op_Server0"", ""User0"", ""User3""]","[""Enterprise0"", ""Op_Server0"", ""User0"", ""User3""]","{""blue_first_relevant_response_after_critical"": 14, ""blue_first_relevant_response_after_enterprise"": 6, ""enterprise_foothold_step"": 5, ""first_critical_hit_step"": 12, ""window_end"": null, ""window_start"": null}"
ours_stage2_fair,11,stage2_ext_001_obj_2,critical_safe_balanced,episode_000,6,6011,42,Q2_user_action_during_critical_breach,high,DecoySSHD,User4,User,Impact,Op_Server0,"[""Op_Server0""]","[""Op_Server0""]","[""Enterprise0"", ""Op_Server0"", ""User0"", ""User3""]","[""Enterprise0"", ""Op_Server0"", ""User0"", ""User3""]","{""blue_first_relevant_response_after_critical"": 14, ""blue_first_relevant_response_after_enterprise"": 6, ""enterprise_foothold_step"": 5, ""first_critical_hit_step"": 12, ""window_end"": null, ""window_start"": null}"
ours_stage2_fair,11,stage2_ext_001_obj_2,critical_safe_balanced,episode_000,6,6011,43,Q2_user_action_during_critical_breach,high,DecoySSHD,User4,User,Impact,Op_Server0,"[""Op_Server0""]","[""Op_Server0""]","[""Enterprise0"", ""Op_Server0"", ""User0"", ""User3""]","[""Enterprise0"", ""Op_Server0"", ""User0"", ""User3""]","{""blue_first_relevant_response_after_critical"": 14, ""blue_first_relevant_response_after_enterprise"": 6, ""enterprise_foothold_step"": 5, ""first_critical_hit_step"": 12, ""window_end"": null, ""window_start"": null}"
ours_stage2_fair,11,stage2_ext_001_obj_2,critical_safe_balanced,episode_000,6,6011,55,Q2_user_action_during_critical_breach,high,DecoySSHD,User4,User,Impact,Op_Server0,"[""Op_Server0""]","[""Op_Server0""]","[""Enterprise0"", ""Op_Server0"", ""User0"", ""User3""]","[""Enterprise0"", ""Op_Server0"", ""User0"", ""User3""]","{""blue_first_relevant_response_after_critical"": 14, ""blue_first_relevant_response_after_enterprise"": 6, ""enterprise_foothold_step"": 5, ""first_critical_hit_step"": 12, ""window_end"": null, ""window_start"": null}"
ours_stage2_fair,11,stage2_ext_001_obj_2,critical_safe_balanced,episode_000,6,6011,60,Q2_user_action_during_critical_breach,high,DecoyHarakaSMPT,User0,User,Impact,Op_Server0,"[""Op_Server0""]","[""Op_Server0""]","[""Enterprise0"", ""Op_Server0"", ""User0"", ""User3""]","[""Enterprise0"", ""Op_Server0"", ""User0"", ""User3""]","{""blue_first_relevant_response_after_critical"": 14, ""blue_first_relevant_response_after_enterprise"": 6, ""enterprise_foothold_step"": 5, ""first_critical_hit_step"": 12, ""window_end"": null, ""window_start"": null}"
ours_stage2_fair,11,stage2_ext_001_obj_2,critical_safe_balanced,episode_000,6,6011,62,Q2_user_action_during_critical_breach,high,DecoySSHD,User4,User,Impact,Op_Server0,"[""Op_Server0""]","[""Op_Server0""]","[""Enterprise0"", ""Op_Server0"", ""User0"", ""User3""]","[""Enterprise0"", ""Op_Server0"", ""User0"", ""User3""]","{""blue_first_relevant_response_after_critical"": 14, ""blue_first_relevant_response_after_enterprise"": 6, ""enterprise_foothold_step"": 5, ""first_critical_hit_step"": 12, ""window_end"": null, ""window_start"": null}"
ours_stage2_fair,11,stage2_ext_001_obj_2,critical_safe_balanced,episode_000,6,6011,63,Q2_user_action_during_critical_breach,high,DecoyHarakaSMPT,User0,User,Impact,Op_Server0,"[""Op_Server0""]","[""Op_Server0""]","[""Enterprise0"", ""Op_Server0"", ""User0"", ""User3""]","[""Enterprise0"", ""Op_Server0"", ""User0"", ""User3""]","{""blue_first_relevant_response_after_critical"": 14, ""blue_first_relevant_response_after_enterprise"": 6, ""enterprise_foothold_step"": 5, ""first_critical_hit_step"": 12, ""window_end"": null, ""window_start"": null}"
ours_stage2_fair,11,stage2_ext_001_obj_2,critical_safe_balanced,episode_000,6,6011,64,Q2_user_action_during_critical_breach,high,DecoySvchost,User4,User,Impact,Op_Server0,"[""Op_Server0""]","[""Op_Server0""]","[""Enterprise0"", ""Op_Server0"", ""User0"", ""User3""]","[""Enterprise0"", ""Op_Server0"", ""User0"", ""User3""]","{""blue_first_relevant_response_after_critical"": 14, ""blue_first_relevant_response_after_enterprise"": 6, ""enterprise_foothold_step"": 5, ""first_critical_hit_step"": 12, ""window_end"": null, ""window_start"": null}"
ours_stage2_fair,11,stage2_ext_001_obj_2,critical_safe_balanced,episode_000,6,6011,68,Q2_user_action_during_critical_breach,high,DecoySSHD,User4,User,PrivilegeEscalate,Op_Server0,"[""Op_Server0""]","[""Op_Server0""]","[""Enterprise0"", ""Op_Server0"", ""User0"", ""User3""]","[""Enterprise0"", ""Op_Server0"", ""User0"", ""User3""]","{""blue_first_relevant_response_after_critical"": 14, ""blue_first_relevant_response_after_enterprise"": 6, ""enterprise_foothold_step"": 5, ""first_critical_hit_step"": 12, ""window_end"": null, ""window_start"": null}"
ours_stage2_fair,11,stage2_ext_001_obj_2,critical_safe_balanced,episode_000,6,6011,70,Q2_user_action_during_critical_breach,high,DecoyVsftpd,User2,User,Impact,Op_Server0,"[""Op_Server0""]","[""Op_Server0""]","[""Enterprise0"", ""Op_Server0"", ""User0"", ""User3""]","[""Enterprise0"", ""Op_Server0"", ""User0"", ""User3""]","{""blue_first_relevant_response_after_critical"": 14, ""blue_first_relevant_response_after_enterprise"": 6, ""enterprise_foothold_step"": 5, ""first_critical_hit_step"": 12, ""window_end"": null, ""window_start"": null}"
ours_stage2_fair,11,stage2_ext_001_obj_2,critical_safe_balanced,episode_000,6,6011,75,Q2_user_action_during_critical_breach,high,DecoyApache,User0,User,Impact,Op_Server0,"[""Op_Server0""]","[""Op_Server0""]","[""Enterprise0"", ""Op_Server0"", ""User0"", ""User3""]","[""Enterprise0"", ""Op_Server0"", ""User0"", ""User3""]","{""blue_first_relevant_response_after_critical"": 14, ""blue_first_relevant_response_after_enterprise"": 6, ""enterprise_foothold_step"": 5, ""first_critical_hit_step"": 12, ""window_end"": null, ""window_start"": null}"
ours_stage2_fair,11,stage2_ext_001_obj_2,critical_safe_balanced,episode_000,6,6011,76,Q2_user_action_during_critical_breach,high,DecoySSHD,User4,User,Impact,Op_Server0,"[""Op_Server0""]","[""Op_Server0""]","[""Enterprise0"", ""Op_Server0"", ""User0"", ""User3""]","[""Enterprise0"", ""Op_Server0"", ""User0"", ""User3""]","{""blue_first_relevant_response_after_critical"": 14, ""blue_first_relevant_response_after_enterprise"": 6, ""enterprise_foothold_step"": 5, ""first_critical_hit_step"": 12, ""window_end"": null, ""window_start"": null}"
ours_stage2_fair,11,stage2_ext_001_obj_2,critical_safe_balanced,episode_000,6,6011,84,Q2_user_action_during_critical_breach,high,DecoySSHD,User4,User,Impact,Op_Server0,"[""Op_Server0""]","[""Op_Server0""]","[""Enterprise0"", ""Op_Server0"", ""User0"", ""User3""]","[""Enterprise0"", ""Op_Server0"", ""User0"", ""User3""]","{""blue_first_relevant_response_after_critical"": 14, ""blue_first_relevant_response_after_enterprise"": 6, ""enterprise_foothold_step"": 5, ""first_critical_hit_step"": 12, ""window_end"": null, ""window_start"": null}"
ours_stage2_fair,11,stage2_ext_001_obj_2,critical_safe_balanced,episode_000,6,6011,92,Q2_user_action_during_critical_breach,high,DecoySSHD,User4,User,Impact,Op_Server0,"[""Op_Server0""]","[""Op_Server0""]","[""Enterprise0"", ""Op_Server0"", ""User0"", ""User3""]","[""Enterprise0"", ""Op_Server0"", ""User0"", ""User3""]","{""blue_first_relevant_response_after_critical"": 14, ""blue_first_relevant_response_after_enterprise"": 6, ""enterprise_foothold_step"": 5, ""first_critical_hit_step"": 12, ""window_end"": null, ""window_start"": null}"
ours_stage2_fair,11,stage2_ext_001_obj_2,critical_safe_balanced,episode_000,6,6011,93,Q2_user_action_during_critical_breach,high,DecoySvchost,User4,User,Impact,Op_Server0,"[""Op_Server0""]","[""Op_Server0""]","[""Enterprise0"", ""Op_Server0"", ""User0"", ""User3""]","[""Enterprise0"", ""Op_Server0"", ""User0"", ""User3""]","{""blue_first_relevant_response_after_critical"": 14, ""blue_first_relevant_response_after_enterprise"": 6, ""enterprise_foothold_step"": 5, ""first_critical_hit_step"": 12, ""window_end"": null, ""window_start"": null}"
ours_stage2_fair,11,stage2_ext_001_obj_2,critical_safe_balanced,episode_000,6,6011,98,Q2_user_action_during_critical_breach,high,DecoySSHD,User4,User,Impact,Op_Server0,"[""Op_Server0""]","[""Op_Server0""]","[""Enterprise0"", ""Op_Server0"", ""User0"", ""User3""]","[""Enterprise0"", ""Op_Server0"", ""User0"", ""User3""]","{""blue_first_relevant_response_after_critical"": 14, ""blue_first_relevant_response_after_enterprise"": 6, ""enterprise_foothold_step"": 5, ""first_critical_hit_step"": 12, ""window_end"": null, ""window_start"": null}"
ours_stage2_fair,11,stage2_ext_001_obj_2,critical_safe_balanced,episode_000,6,6011,99,Q2_user_action_during_critical_breach,high,DecoySSHD,User4,User,Impact,Op_Server0,"[""Op_Server0""]","[""Op_Server0""]","[""Enterprise0"", ""Op_Server0"", ""User0"", ""User3""]","[""Enterprise0"", ""Op_Server0"", ""User0"", ""User3""]","{""blue_first_relevant_response_after_critical"": 14, ""blue_first_relevant_response_after_enterprise"": 6, ""enterprise_foothold_step"": 5, ""first_critical_hit_step"": 12, ""window_end"": null, ""window_start"": null}"
ours_stage2_fair,11,stage2_ext_001_obj_2,critical_safe_balanced,episode_000,6,6011,22,Q4_user_focus_after_enterprise_foothold,medium,Restore,User4,User,Impact,Op_Server0,"[""Op_Server0""]","[""Op_Server0""]","[""Enterprise0"", ""Op_Server0"", ""User0"", ""User3""]","[""Enterprise0"", ""Op_Server0"", ""User0"", ""User3""]","{""blue_first_relevant_response_after_critical"": 14, ""blue_first_relevant_response_after_enterprise"": 6, ""enterprise_foothold_step"": 5, ""first_critical_hit_step"": 12, ""window_end"": 24, ""window_start"": 22}"
ours_stage2_fair,11,stage2_ext_001_obj_2,critical_safe_balanced,episode_000,6,6011,62,Q4_user_focus_after_enterprise_foothold,medium,DecoySSHD,User4,User,Impact,Op_Server0,"[""Op_Server0""]","[""Op_Server0""]","[""Enterprise0"", ""Op_Server0"", ""User0"", ""User3""]","[""Enterprise0"", ""Op_Server0"", ""User0"", ""User3""]","{""blue_first_relevant_response_after_critical"": 14, ""blue_first_relevant_response_after_enterprise"": 6, ""enterprise_foothold_step"": 5, ""first_critical_hit_step"": 12, ""window_end"": 64, ""window_start"": 62}"
ours_stage2_fair,11,stage2_ext_001_obj_2,critical_safe_balanced,episode_000,6,6011,92,Q5_repeated_low_value_decoy_loop,medium,DecoySSHD,User4,User,Impact,Op_Server0,"[""Op_Server0""]","[""Op_Server0""]","[""Enterprise0"", ""Op_Server0"", ""User0"", ""User3""]","[""Enterprise0"", ""Op_Server0"", ""User0"", ""User3""]","{""blue_first_relevant_response_after_critical"": 14, ""blue_first_relevant_response_after_enterprise"": 6, ""enterprise_foothold_step"": 5, ""first_critical_hit_step"": 12, ""window_end"": 99, ""window_start"": 90}"
ours_stage2_fair,11,stage2_ext_001_obj_2,critical_safe_balanced,episode_000,7,7011,25,Q2_user_action_during_critical_breach,high,DecoyHarakaSMPT,User0,User,Impact,Op_Server0,"[""Op_Server0""]","[""Op_Server0""]","[""Enterprise0"", ""Op_Server0"", ""User0"", ""User3""]","[""Enterprise0"", ""Op_Server0"", ""User0"", ""User3""]","{""blue_first_relevant_response_after_critical"": 13, ""blue_first_relevant_response_after_enterprise"": 8, ""enterprise_foothold_step"": 5, ""first_critical_hit_step"": 12, ""window_end"": null, ""window_start"": null}"
ours_stage2_fair,11,stage2_ext_001_obj_2,critical_safe_balanced,episode_000,7,7011,31,Q2_user_action_during_critical_breach,high,DecoySvchost,User4,User,Impact,Op_Server0,"[""Op_Server0""]","[""Op_Server0""]","[""Enterprise0"", ""Op_Server0"", ""User0"", ""User3""]","[""Enterprise0"", ""Op_Server0"", ""User0"", ""User3""]","{""blue_first_relevant_response_after_critical"": 13, ""blue_first_relevant_response_after_enterprise"": 8, ""enterprise_foothold_step"": 5, ""first_critical_hit_step"": 12, ""window_end"": null, ""window_start"": null}"
ours_stage2_fair,11,stage2_ext_001_obj_2,critical_safe_balanced,episode_000,7,7011,32,Q2_user_action_during_critical_breach,high,DecoySSHD,User4,User,Impact,Op_Server0,"[""Op_Server0""]","[""Op_Server0""]","[""Enterprise0"", ""Op_Server0"", ""User0"", ""User3""]","[""Enterprise0"", ""Op_Server0"", ""User0"", ""User3""]","{""blue_first_relevant_response_after_critical"": 13, ""blue_first_relevant_response_after_enterprise"": 8, ""enterprise_foothold_step"": 5, ""first_critical_hit_step"": 12, ""window_end"": null, ""window_start"": null}"
ours_stage2_fair,11,stage2_ext_001_obj_2,critical_safe_balanced,episode_000,7,7011,33,Q2_user_action_during_critical_breach,high,DecoySvchost,User4,User,Impact,Op_Server0,"[""Op_Server0""]","[""Op_Server0""]","[""Enterprise0"", ""Op_Server0"", ""User0"", ""User3""]","[""Enterprise0"", ""Op_Server0"", ""User0"", ""User3""]","{""blue_first_relevant_response_after_critical"": 13, ""blue_first_relevant_response_after_enterprise"": 8, ""enterprise_foothold_step"": 5, ""first_critical_hit_step"": 12, ""window_end"": null, ""window_start"": null}"
ours_stage2_fair,11,stage2_ext_001_obj_2,critical_safe_balanced,episode_000,7,7011,41,Q2_user_action_during_critical_breach,high,DecoySSHD,User4,User,Impact,Op_Server0,"[""Op_Server0""]","[""Op_Server0""]","[""Enterprise0"", ""Op_Server0"", ""User0"", ""User3""]","[""Enterprise0"", ""Op_Server0"", ""User0"", ""User3""]","{""blue_first_relevant_response_after_critical"": 13, ""blue_first_relevant_response_after_enterprise"": 8, ""enterprise_foothold_step"": 5, ""first_critical_hit_step"": 12, ""window_end"": null, ""window_start"": null}"
ours_stage2_fair,11,stage2_ext_001_obj_2,critical_safe_balanced,episode_000,7,7011,42,Q2_user_action_during_critical_breach,high,Restore,User0,User,Impact,Op_Server0,"[""Op_Server0""]","[""Op_Server0""]","[""Enterprise0"", ""Op_Server0"", ""User0"", ""User3""]","[""Enterprise0"", ""Op_Server0"", ""User0"", ""User3""]","{""blue_first_relevant_response_after_critical"": 13, ""blue_first_relevant_response_after_enterprise"": 8, ""enterprise_foothold_step"": 5, ""first_critical_hit_step"": 12, ""window_end"": null, ""window_start"": null}"
ours_stage2_fair,11,stage2_ext_001_obj_2,critical_safe_balanced,episode_000,7,7011,46,Q2_user_action_during_critical_breach,high,DecoySvchost,User4,User,PrivilegeEscalate,Op_Server0,"[""Op_Server0""]","[""Op_Server0""]","[""Enterprise0"", ""Op_Server0"", ""User0"", ""User3""]","[""Enterprise0"", ""Op_Server0"", ""User0"", ""User3""]","{""blue_first_relevant_response_after_critical"": 13, ""blue_first_relevant_response_after_enterprise"": 8, ""enterprise_foothold_step"": 5, ""first_critical_hit_step"": 12, ""window_end"": null, ""window_start"": null}"
ours_stage2_fair,11,stage2_ext_001_obj_2,critical_safe_balanced,episode_000,7,7011,47,Q2_user_action_during_critical_breach,high,DecoySvchost,User4,User,Impact,Op_Server0,"[""Op_Server0""]","[""Op_Server0""]","[""Enterprise0"", ""Op_Server0"", ""User0"", ""User3""]","[""Enterprise0"", ""Op_Server0"", ""User0"", ""User3""]","{""blue_first_relevant_response_after_critical"": 13, ""blue_first_relevant_response_after_enterprise"": 8, ""enterprise_foothold_step"": 5, ""first_critical_hit_step"": 12, ""window_end"": null, ""window_start"": null}"
ours_stage2_fair,11,stage2_ext_001_obj_2,critical_safe_balanced,episode_000,7,7011,48,Q2_user_action_during_critical_breach,high,DecoySSHD,User4,User,Impact,Op_Server0,"[""Op_Server0""]","[""Op_Server0""]","[""Enterprise0"", ""Op_Server0"", ""User0"", ""User3""]","[""Enterprise0"", ""Op_Server0"", ""User0"", ""User3""]","{""blue_first_relevant_response_after_critical"": 13, ""blue_first_relevant_response_after_enterprise"": 8, ""enterprise_foothold_step"": 5, ""first_critical_hit_step"": 12, ""window_end"": null, ""window_start"": null}"
ours_stage2_fair,11,stage2_ext_001_obj_2,critical_safe_balanced,episode_000,7,7011,49,Q2_user_action_during_critical_breach,high,DecoyVsftpd,User4,User,Impact,Op_Server0,"[""Op_Server0""]","[""Op_Server0""]","[""Enterprise0"", ""Op_Server0"", ""User0"", ""User3""]","[""Enterprise0"", ""Op_Server0"", ""User0"", ""User3""]","{""blue_first_relevant_response_after_critical"": 13, ""blue_first_relevant_response_after_enterprise"": 8, ""enterprise_foothold_step"": 5, ""first_critical_hit_step"": 12, ""window_end"": null, ""window_start"": null}"
ours_stage2_fair,11,stage2_ext_001_obj_2,critical_safe_balanced,episode_000,7,7011,53,Q2_user_action_during_critical_breach,high,Analyse,User1,User,PrivilegeEscalate,Op_Server0,"[""Op_Server0""]","[""Op_Server0""]","[""Enterprise0"", ""Op_Server0"", ""User0"", ""User3""]","[""Enterprise0"", ""Op_Server0"", ""User0"", ""User3""]","{""blue_first_relevant_response_after_critical"": 13, ""blue_first_relevant_response_after_enterprise"": 8, ""enterprise_foothold_step"": 5, ""first_critical_hit_step"": 12, ""window_end"": null, ""window_start"": null}"
ours_stage2_fair,11,stage2_ext_001_obj_2,critical_safe_balanced,episode_000,7,7011,54,Q2_user_action_during_critical_breach,high,DecoySvchost,User4,User,Impact,Op_Server0,"[""Op_Server0""]","[""Op_Server0""]","[""Enterprise0"", ""Op_Server0"", ""User0"", ""User3""]","[""Enterprise0"", ""Op_Server0"", ""User0"", ""User3""]","{""blue_first_relevant_response_after_critical"": 13, ""blue_first_relevant_response_after_enterprise"": 8, ""enterprise_foothold_step"": 5, ""first_critical_hit_step"": 12, ""window_end"": null, ""window_start"": null}"
ours_stage2_fair,11,stage2_ext_001_obj_2,critical_safe_balanced,episode_000,7,7011,55,Q2_user_action_during_critical_breach,high,DecoyApache,User0,User,Impact,Op_Server0,"[""Op_Server0""]","[""Op_Server0""]","[""Enterprise0"", ""Op_Server0"", ""User0"", ""User3""]","[""Enterprise0"", ""Op_Server0"", ""User0"", ""User3""]","{""blue_first_relevant_response_after_critical"": 13, ""blue_first_relevant_response_after_enterprise"": 8, ""enterprise_foothold_step"": 5, ""first_critical_hit_step"": 12, ""window_end"": null, ""window_start"": null}"
ours_stage2_fair,11,stage2_ext_001_obj_2,critical_safe_balanced,episode_000,7,7011,56,Q2_user_action_during_critical_breach,high,DecoySSHD,User4,User,Impact,Op_Server0,"[""Op_Server0""]","[""Op_Server0""]","[""Enterprise0"", ""Op_Server0"", ""User0"", ""User3""]","[""Enterprise0"", ""Op_Server0"", ""User0"", ""User3""]","{""blue_first_relevant_response_after_critical"": 13, ""blue_first_relevant_response_after_enterprise"": 8, ""enterprise_foothold_step"": 5, ""first_critical_hit_step"": 12, ""window_end"": null, ""window_start"": null}"
ours_stage2_fair,11,stage2_ext_001_obj_2,critical_safe_balanced,episode_000,7,7011,57,Q2_user_action_during_critical_breach,high,DecoyVsftpd,User4,User,Impact,Op_Server0,"[""Op_Server0""]","[""Op_Server0""]","[""Enterprise0"", ""Op_Server0"", ""User0"", ""User3""]","[""Enterprise0"", ""Op_Server0"", ""User0"", ""User3""]","{""blue_first_relevant_response_after_critical"": 13, ""blue_first_relevant_response_after_enterprise"": 8, ""enterprise_foothold_step"": 5, ""first_critical_hit_step"": 12, ""window_end"": null, ""window_start"": null}"
ours_stage2_fair,11,stage2_ext_001_obj_2,critical_safe_balanced,episode_000,7,7011,58,Q2_user_action_during_critical_breach,high,DecoySvchost,User4,User,Impact,Op_Server0,"[""Op_Server0""]","[""Op_Server0""]","[""Enterprise0"", ""Op_Server0"", ""User0"", ""User3""]","[""Enterprise0"", ""Op_Server0"", ""User0"", ""User3""]","{""blue_first_relevant_response_after_critical"": 13, ""blue_first_relevant_response_after_enterprise"": 8, ""enterprise_foothold_step"": 5, ""first_critical_hit_step"": 12, ""window_end"": null, ""window_start"": null}"
ours_stage2_fair,11,stage2_ext_001_obj_2,critical_safe_balanced,episode_000,7,7011,59,Q2_user_action_during_critical_breach,high,DecoyTomcat,User2,User,Impact,Op_Server0,"[""Op_Server0""]","[""Op_Server0""]","[""Enterprise0"", ""Op_Server0"", ""User0"", ""User3""]","[""Enterprise0"", ""Op_Server0"", ""User0"", ""User3""]","{""blue_first_relevant_response_after_critical"": 13, ""blue_first_relevant_response_after_enterprise"": 8, ""enterprise_foothold_step"": 5, ""first_critical_hit_step"": 12, ""window_end"": null, ""window_start"": null}"
ours_stage2_fair,11,stage2_ext_001_obj_2,critical_safe_balanced,episode_000,7,7011,62,Q2_user_action_during_critical_breach,high,DecoySSHD,User4,User,Impact,Op_Server0,"[""Op_Server0""]","[""Op_Server0""]","[""Enterprise0"", ""Op_Server0"", ""User0"", ""User3""]","[""Enterprise0"", ""Op_Server0"", ""User0"", ""User3""]","{""blue_first_relevant_response_after_critical"": 13, ""blue_first_relevant_response_after_enterprise"": 8, ""enterprise_foothold_step"": 5, ""first_critical_hit_step"": 12, ""window_end"": null, ""window_start"": null}"
ours_stage2_fair,11,stage2_ext_001_obj_2,critical_safe_balanced,episode_000,7,7011,72,Q2_user_action_during_critical_breach,high,DecoyHarakaSMPT,User4,User,PrivilegeEscalate,Op_Server0,"[""Op_Server0""]","[""Op_Server0""]","[""Enterprise0"", ""Op_Server0"", ""User0"", ""User3""]","[""Enterprise0"", ""Op_Server0"", ""User0"", ""User3""]","{""blue_first_relevant_response_after_critical"": 13, ""blue_first_relevant_response_after_enterprise"": 8, ""enterprise_foothold_step"": 5, ""first_critical_hit_step"": 12, ""window_end"": null, ""window_start"": null}"
ours_stage2_fair,11,stage2_ext_001_obj_2,critical_safe_balanced,episode_000,7,7011,78,Q2_user_action_during_critical_breach,high,DecoySSHD,User4,User,PrivilegeEscalate,Op_Server0,"[""Op_Server0""]","[""Op_Server0""]","[""Enterprise0"", ""Op_Server0"", ""User0"", ""User3""]","[""Enterprise0"", ""Op_Server0"", ""User0"", ""User3""]","{""blue_first_relevant_response_after_critical"": 13, ""blue_first_relevant_response_after_enterprise"": 8, ""enterprise_foothold_step"": 5, ""first_critical_hit_step"": 12, ""window_end"": null, ""window_start"": null}"
ours_stage2_fair,11,stage2_ext_001_obj_2,critical_safe_balanced,episode_000,7,7011,80,Q2_user_action_during_critical_breach,high,DecoyHarakaSMPT,User3,User,Impact,Op_Server0,"[""Op_Server0""]","[""Op_Server0""]","[""Enterprise0"", ""Op_Server0"", ""User0"", ""User3""]","[""Enterprise0"", ""Op_Server0"", ""User0"", ""User3""]","{""blue_first_relevant_response_after_critical"": 13, ""blue_first_relevant_response_after_enterprise"": 8, ""enterprise_foothold_step"": 5, ""first_critical_hit_step"": 12, ""window_end"": null, ""window_start"": null}"
ours_stage2_fair,11,stage2_ext_001_obj_2,critical_safe_balanced,episode_000,7,7011,84,Q2_user_action_during_critical_breach,high,DecoyVsftpd,User4,User,PrivilegeEscalate,Op_Server0,"[""Op_Server0""]","[""Op_Server0""]","[""Enterprise0"", ""Op_Server0"", ""User0"", ""User3""]","[""Enterprise0"", ""Op_Server0"", ""User0"", ""User3""]","{""blue_first_relevant_response_after_critical"": 13, ""blue_first_relevant_response_after_enterprise"": 8, ""enterprise_foothold_step"": 5, ""first_critical_hit_step"": 12, ""window_end"": null, ""window_start"": null}"
ours_stage2_fair,11,stage2_ext_001_obj_2,critical_safe_balanced,episode_000,7,7011,86,Q2_user_action_during_critical_breach,high,DecoySvchost,User4,User,Impact,Op_Server0,"[""Op_Server0""]","[""Op_Server0""]","[""Enterprise0"", ""Op_Server0"", ""User0"", ""User3""]","[""Enterprise0"", ""Op_Server0"", ""User0"", ""User3""]","{""blue_first_relevant_response_after_critical"": 13, ""blue_first_relevant_response_after_enterprise"": 8, ""enterprise_foothold_step"": 5, ""first_critical_hit_step"": 12, ""window_end"": null, ""window_start"": null}"
ours_stage2_fair,11,stage2_ext_001_obj_2,critical_safe_balanced,episode_000,7,7011,93,Q2_user_action_during_critical_breach,high,DecoySSHD,User4,User,Impact,Op_Server0,"[""Op_Server0""]","[""Op_Server0""]","[""Enterprise0"", ""Op_Server0"", ""User0"", ""User3""]","[""Enterprise0"", ""Op_Server0"", ""User0"", ""User3""]","{""blue_first_relevant_response_after_critical"": 13, ""blue_first_relevant_response_after_enterprise"": 8, ""enterprise_foothold_step"": 5, ""first_critical_hit_step"": 12, ""window_end"": null, ""window_start"": null}"
ours_stage2_fair,11,stage2_ext_001_obj_2,critical_safe_balanced,episode_000,7,7011,95,Q2_user_action_during_critical_breach,high,Remove,User3,User,Impact,Op_Server0,"[""Op_Server0""]","[""Op_Server0""]","[""Enterprise0"", ""Op_Server0"", ""User0"", ""User3""]","[""Enterprise0"", ""Op_Server0"", ""User0"", ""User3""]","{""blue_first_relevant_response_after_critical"": 13, ""blue_first_relevant_response_after_enterprise"": 8, ""enterprise_foothold_step"": 5, ""first_critical_hit_step"": 12, ""window_end"": null, ""window_start"": null}"
ours_stage2_fair,11,stage2_ext_001_obj_2,critical_safe_balanced,episode_000,7,7011,31,Q4_user_focus_after_enterprise_foothold,medium,DecoySvchost,User4,User,Impact,Op_Server0,"[""Op_Server0""]","[""Op_Server0""]","[""Enterprise0"", ""Op_Server0"", ""User0"", ""User3""]","[""Enterprise0"", ""Op_Server0"", ""User0"", ""User3""]","{""blue_first_relevant_response_after_critical"": 13, ""blue_first_relevant_response_after_enterprise"": 8, ""enterprise_foothold_step"": 5, ""first_critical_hit_step"": 12, ""window_end"": 33, ""window_start"": 31}"
ours_stage2_fair,11,stage2_ext_001_obj_2,critical_safe_balanced,episode_000,7,7011,45,Q4_user_focus_after_enterprise_foothold,medium,DecoyHarakaSMPT,User0,User,ExploitRemoteService,,[],"[""Op_Server0""]","[""Enterprise0"", ""User0"", ""User3""]","[""Enterprise0"", ""Op_Server0"", ""User0"", ""User3""]","{""blue_first_relevant_response_after_critical"": 13, ""blue_first_relevant_response_after_enterprise"": 8, ""enterprise_foothold_step"": 5, ""first_critical_hit_step"": 12, ""window_end"": 47, ""window_start"": 45}"
ours_stage2_fair,11,stage2_ext_001_obj_2,critical_safe_balanced,episode_000,7,7011,46,Q4_user_focus_after_enterprise_foothold,medium,DecoySvchost,User4,User,PrivilegeEscalate,Op_Server0,"[""Op_Server0""]","[""Op_Server0""]","[""Enterprise0"", ""Op_Server0"", ""User0"", ""User3""]","[""Enterprise0"", ""Op_Server0"", ""User0"", ""User3""]","{""blue_first_relevant_response_after_critical"": 13, ""blue_first_relevant_response_after_enterprise"": 8, ""enterprise_foothold_step"": 5, ""first_critical_hit_step"": 12, ""window_end"": 48, ""window_start"": 46}"
ours_stage2_fair,11,stage2_ext_001_obj_2,critical_safe_balanced,episode_000,7,7011,47,Q4_user_focus_after_enterprise_foothold,medium,DecoySvchost,User4,User,Impact,Op_Server0,"[""Op_Server0""]","[""Op_Server0""]","[""Enterprise0"", ""Op_Server0"", ""User0"", ""User3""]","[""Enterprise0"", ""Op_Server0"", ""User0"", ""User3""]","{""blue_first_relevant_response_after_critical"": 13, ""blue_first_relevant_response_after_enterprise"": 8, ""enterprise_foothold_step"": 5, ""first_critical_hit_step"": 12, ""window_end"": 49, ""window_start"": 47}"
ours_stage2_fair,11,stage2_ext_001_obj_2,critical_safe_balanced,episode_000,7,7011,53,Q4_user_focus_after_enterprise_foothold,medium,Analyse,User1,User,PrivilegeEscalate,Op_Server0,"[""Op_Server0""]","[""Op_Server0""]","[""Enterprise0"", ""Op_Server0"", ""User0"", ""User3""]","[""Enterprise0"", ""Op_Server0"", ""User0"", ""User3""]","{""blue_first_relevant_response_after_critical"": 13, ""blue_first_relevant_response_after_enterprise"": 8, ""enterprise_foothold_step"": 5, ""first_critical_hit_step"": 12, ""window_end"": 55, ""window_start"": 53}"
ours_stage2_fair,11,stage2_ext_001_obj_2,critical_safe_balanced,episode_000,7,7011,54,Q4_user_focus_after_enterprise_foothold,medium,DecoySvchost,User4,User,Impact,Op_Server0,"[""Op_Server0""]","[""Op_Server0""]","[""Enterprise0"", ""Op_Server0"", ""User0"", ""User3""]","[""Enterprise0"", ""Op_Server0"", ""User0"", ""User3""]","{""blue_first_relevant_response_after_critical"": 13, ""blue_first_relevant_response_after_enterprise"": 8, ""enterprise_foothold_step"": 5, ""first_critical_hit_step"": 12, ""window_end"": 56, ""window_start"": 54}"
ours_stage2_fair,11,stage2_ext_001_obj_2,critical_safe_balanced,episode_000,7,7011,55,Q4_user_focus_after_enterprise_foothold,medium,DecoyApache,User0,User,Impact,Op_Server0,"[""Op_Server0""]","[""Op_Server0""]","[""Enterprise0"", ""Op_Server0"", ""User0"", ""User3""]","[""Enterprise0"", ""Op_Server0"", ""User0"", ""User3""]","{""blue_first_relevant_response_after_critical"": 13, ""blue_first_relevant_response_after_enterprise"": 8, ""enterprise_foothold_step"": 5, ""first_critical_hit_step"": 12, ""window_end"": 57, ""window_start"": 55}"
ours_stage2_fair,11,stage2_ext_001_obj_2,critical_safe_balanced,episode_000,7,7011,56,Q4_user_focus_after_enterprise_foothold,medium,DecoySSHD,User4,User,Impact,Op_Server0,"[""Op_Server0""]","[""Op_Server0""]","[""Enterprise0"", ""Op_Server0"", ""User0"", ""User3""]","[""Enterprise0"", ""Op_Server0"", ""User0"", ""User3""]","{""blue_first_relevant_response_after_critical"": 13, ""blue_first_relevant_response_after_enterprise"": 8, ""enterprise_foothold_step"": 5, ""first_critical_hit_step"": 12, ""window_end"": 58, ""window_start"": 56}"
ours_stage2_fair,11,stage2_ext_001_obj_2,critical_safe_balanced,episode_000,7,7011,57,Q4_user_focus_after_enterprise_foothold,medium,DecoyVsftpd,User4,User,Impact,Op_Server0,"[""Op_Server0""]","[""Op_Server0""]","[""Enterprise0"", ""Op_Server0"", ""User0"", ""User3""]","[""Enterprise0"", ""Op_Server0"", ""User0"", ""User3""]","{""blue_first_relevant_response_after_critical"": 13, ""blue_first_relevant_response_after_enterprise"": 8, ""enterprise_foothold_step"": 5, ""first_critical_hit_step"": 12, ""window_end"": 59, ""window_start"": 57}"
ours_stage2_fair,11,stage2_ext_001_obj_2,critical_safe_balanced,episode_000,7,7011,46,Q5_repeated_low_value_decoy_loop,medium,DecoySvchost,User4,User,PrivilegeEscalate,Op_Server0,"[""Op_Server0""]","[""Op_Server0""]","[""Enterprise0"", ""Op_Server0"", ""User0"", ""User3""]","[""Enterprise0"", ""Op_Server0"", ""User0"", ""User3""]","{""blue_first_relevant_response_after_critical"": 13, ""blue_first_relevant_response_after_enterprise"": 8, ""enterprise_foothold_step"": 5, ""first_critical_hit_step"": 12, ""window_end"": 54, ""window_start"": 45}"
ours_stage2_fair,11,stage2_ext_001_obj_2,critical_safe_balanced,episode_001,0,12,14,Q2_user_action_during_critical_breach,high,DecoySSHD,User4,User,Impact,Op_Server0,"[""Op_Server0""]","[""Op_Server0""]","[""Enterprise0"", ""Op_Server0"", ""User0"", ""User3""]","[""Enterprise0"", ""Op_Server0"", ""User0"", ""User3""]","{""blue_first_relevant_response_after_critical"": 13, ""blue_first_relevant_response_after_enterprise"": 13, ""enterprise_foothold_step"": 5, ""first_critical_hit_step"": 12, ""window_end"": null, ""window_start"": null}"
ours_stage2_fair,11,stage2_ext_001_obj_2,critical_safe_balanced,episode_001,0,12,15,Q2_user_action_during_critical_breach,high,DecoySSHD,User4,User,Impact,Op_Server0,"[""Op_Server0""]","[""Op_Server0""]","[""Enterprise0"", ""Op_Server0"", ""User0"", ""User3""]","[""Enterprise0"", ""Op_Server0"", ""User0"", ""User3""]","{""blue_first_relevant_response_after_critical"": 13, ""blue_first_relevant_response_after_enterprise"": 13, ""enterprise_foothold_step"": 5, ""first_critical_hit_step"": 12, ""window_end"": null, ""window_start"": null}"
ours_stage2_fair,11,stage2_ext_001_obj_2,critical_safe_balanced,episode_001,0,12,16,Q2_user_action_during_critical_breach,high,DecoySvchost,User4,User,Impact,Op_Server0,"[""Op_Server0""]","[""Op_Server0""]","[""Enterprise0"", ""Op_Server0"", ""User0"", ""User3""]","[""Enterprise0"", ""Op_Server0"", ""User0"", ""User3""]","{""blue_first_relevant_response_after_critical"": 13, ""blue_first_relevant_response_after_enterprise"": 13, ""enterprise_foothold_step"": 5, ""first_critical_hit_step"": 12, ""window_end"": null, ""window_start"": null}"
ours_stage2_fair,11,stage2_ext_001_obj_2,critical_safe_balanced,episode_001,0,12,17,Q2_user_action_during_critical_breach,high,DecoySvchost,User4,User,Impact,Op_Server0,"[""Op_Server0""]","[""Op_Server0""]","[""Enterprise0"", ""Op_Server0"", ""User0"", ""User3""]","[""Enterprise0"", ""Op_Server0"", ""User0"", ""User3""]","{""blue_first_relevant_response_after_critical"": 13, ""blue_first_relevant_response_after_enterprise"": 13, ""enterprise_foothold_step"": 5, ""first_critical_hit_step"": 12, ""window_end"": null, ""window_start"": null}"
ours_stage2_fair,11,stage2_ext_001_obj_2,critical_safe_balanced,episode_001,0,12,18,Q2_user_action_during_critical_breach,high,DecoySSHD,User4,User,Impact,Op_Server0,"[""Op_Server0""]","[""Op_Server0""]","[""Enterprise0"", ""Op_Server0"", ""User0"", ""User3""]","[""Enterprise0"", ""Op_Server0"", ""User0"", ""User3""]","{""blue_first_relevant_response_after_critical"": 13, ""blue_first_relevant_response_after_enterprise"": 13, ""enterprise_foothold_step"": 5, ""first_critical_hit_step"": 12, ""window_end"": null, ""window_start"": null}"
ours_stage2_fair,11,stage2_ext_001_obj_2,critical_safe_balanced,episode_001,0,12,20,Q2_user_action_during_critical_breach,high,DecoySvchost,User4,User,Impact,Op_Server0,"[""Op_Server0""]","[""Op_Server0""]","[""Op_Server0"", ""User0"", ""User3""]","[""Op_Server0"", ""User0"", ""User3""]","{""blue_first_relevant_response_after_critical"": 13, ""blue_first_relevant_response_after_enterprise"": 13, ""enterprise_foothold_step"": 5, ""first_critical_hit_step"": 12, ""window_end"": null, ""window_start"": null}"
ours_stage2_fair,11,stage2_ext_001_obj_2,critical_safe_balanced,episode_001,0,12,23,Q2_user_action_during_critical_breach,high,DecoySSHD,User4,User,Impact,Op_Server0,"[""Op_Server0""]","[""Op_Server0""]","[""Op_Server0"", ""User0"", ""User3""]","[""Op_Server0"", ""User0"", ""User3""]","{""blue_first_relevant_response_after_critical"": 13, ""blue_first_relevant_response_after_enterprise"": 13, ""enterprise_foothold_step"": 5, ""first_critical_hit_step"": 12, ""window_end"": null, ""window_start"": null}"
ours_stage2_fair,11,stage2_ext_001_obj_2,critical_safe_balanced,episode_001,0,12,57,Q2_user_action_during_critical_breach,high,DecoySSHD,User4,User,PrivilegeEscalate,Op_Server0,"[""Op_Server0""]","[""Op_Server0""]","[""Enterprise2"", ""Op_Server0"", ""User0"", ""User3""]","[""Enterprise2"", ""Op_Server0"", ""User0"", ""User3""]","{""blue_first_relevant_response_after_critical"": 13, ""blue_first_relevant_response_after_enterprise"": 13, ""enterprise_foothold_step"": 5, ""first_critical_hit_step"": 12, ""window_end"": null, ""window_start"": null}"
ours_stage2_fair,11,stage2_ext_001_obj_2,critical_safe_balanced,episode_001,0,12,58,Q2_user_action_during_critical_breach,high,DecoyVsftpd,User2,User,Impact,Op_Server0,"[""Op_Server0""]","[""Op_Server0""]","[""Enterprise2"", ""Op_Server0"", ""User0"", ""User3""]","[""Enterprise2"", ""Op_Server0"", ""User0"", ""User3""]","{""blue_first_relevant_response_after_critical"": 13, ""blue_first_relevant_response_after_enterprise"": 13, ""enterprise_foothold_step"": 5, ""first_critical_hit_step"": 12, ""window_end"": null, ""window_start"": null}"
ours_stage2_fair,11,stage2_ext_001_obj_2,critical_safe_balanced,episode_001,0,12,73,Q2_user_action_during_critical_breach,high,DecoySvchost,User4,User,PrivilegeEscalate,Op_Server0,"[""Op_Server0""]","[""Op_Server0""]","[""Enterprise2"", ""Op_Server0"", ""User0"", ""User3""]","[""Enterprise2"", ""Op_Server0"", ""User0"", ""User3""]","{""blue_first_relevant_response_after_critical"": 13, ""blue_first_relevant_response_after_enterprise"": 13, ""enterprise_foothold_step"": 5, ""first_critical_hit_step"": 12, ""window_end"": null, ""window_start"": null}"
ours_stage2_fair,11,stage2_ext_001_obj_2,critical_safe_balanced,episode_001,0,12,77,Q2_user_action_during_critical_breach,high,DecoyApache,User3,User,Impact,Op_Server0,"[""Op_Server0""]","[""Op_Server0""]","[""Op_Server0"", ""User0"", ""User3""]","[""Op_Server0"", ""User0"", ""User3""]","{""blue_first_relevant_response_after_critical"": 13, ""blue_first_relevant_response_after_enterprise"": 13, ""enterprise_foothold_step"": 5, ""first_critical_hit_step"": 12, ""window_end"": null, ""window_start"": null}"
ours_stage2_fair,11,stage2_ext_001_obj_2,critical_safe_balanced,episode_001,0,12,78,Q2_user_action_during_critical_breach,high,DecoySvchost,User4,User,Impact,Op_Server0,"[""Op_Server0""]","[""Op_Server0""]","[""Op_Server0"", ""User0"", ""User3""]","[""Op_Server0"", ""User0"", ""User3""]","{""blue_first_relevant_response_after_critical"": 13, ""blue_first_relevant_response_after_enterprise"": 13, ""enterprise_foothold_step"": 5, ""first_critical_hit_step"": 12, ""window_end"": null, ""window_start"": null}"
ours_stage2_fair,11,stage2_ext_001_obj_2,critical_safe_balanced,episode_001,0,12,79,Q2_user_action_during_critical_breach,high,DecoySSHD,User4,User,Impact,Op_Server0,"[""Op_Server0""]","[""Op_Server0""]","[""Op_Server0"", ""User0"", ""User3""]","[""Op_Server0"", ""User0"", ""User3""]","{""blue_first_relevant_response_after_critical"": 13, ""blue_first_relevant_response_after_enterprise"": 13, ""enterprise_foothold_step"": 5, ""first_critical_hit_step"": 12, ""window_end"": null, ""window_start"": null}"
ours_stage2_fair,11,stage2_ext_001_obj_2,critical_safe_balanced,episode_001,0,12,81,Q2_user_action_during_critical_breach,high,DecoyTomcat,User4,User,Impact,Op_Server0,"[""Op_Server0""]","[""Op_Server0""]","[""Op_Server0"", ""User0"", ""User3""]","[""Op_Server0"", ""User0"", ""User3""]","{""blue_first_relevant_response_after_critical"": 13, ""blue_first_relevant_response_after_enterprise"": 13, ""enterprise_foothold_step"": 5, ""first_critical_hit_step"": 12, ""window_end"": null, ""window_start"": null}"
ours_stage2_fair,11,stage2_ext_001_obj_2,critical_safe_balanced,episode_001,0,12,82,Q2_user_action_during_critical_breach,high,DecoySvchost,User4,User,Impact,Op_Server0,"[""Op_Server0""]","[""Op_Server0""]","[""Op_Server0"", ""User0"", ""User3""]","[""Op_Server0"", ""User0"", ""User3""]","{""blue_first_relevant_response_after_critical"": 13, ""blue_first_relevant_response_after_enterprise"": 13, ""enterprise_foothold_step"": 5, ""first_critical_hit_step"": 12, ""window_end"": null, ""window_start"": null}"
ours_stage2_fair,11,stage2_ext_001_obj_2,critical_safe_balanced,episode_001,0,12,86,Q2_user_action_during_critical_breach,high,DecoySSHD,User4,User,Impact,Op_Server0,"[""Op_Server0""]","[""Op_Server0""]","[""Op_Server0"", ""User0"", ""User3""]","[""Op_Server0"", ""User0"", ""User3""]","{""blue_first_relevant_response_after_critical"": 13, ""blue_first_relevant_response_after_enterprise"": 13, ""enterprise_foothold_step"": 5, ""first_critical_hit_step"": 12, ""window_end"": null, ""window_start"": null}"
ours_stage2_fair,11,stage2_ext_001_obj_2,critical_safe_balanced,episode_001,0,12,88,Q2_user_action_during_critical_breach,high,DecoySSHD,User4,User,Impact,Op_Server0,"[""Op_Server0""]","[""Op_Server0""]","[""Op_Server0"", ""User0"", ""User3""]","[""Op_Server0"", ""User0"", ""User3""]","{""blue_first_relevant_response_after_critical"": 13, ""blue_first_relevant_response_after_enterprise"": 13, ""enterprise_foothold_step"": 5, ""first_critical_hit_step"": 12, ""window_end"": null, ""window_start"": null}"
ours_stage2_fair,11,stage2_ext_001_obj_2,critical_safe_balanced,episode_001,0,12,91,Q2_user_action_during_critical_breach,high,DecoyApache,User4,User,Impact,Op_Server0,"[""Op_Server0""]","[""Op_Server0""]","[""Op_Server0"", ""User0"", ""User3""]","[""Op_Server0"", ""User0"", ""User3""]","{""blue_first_relevant_response_after_critical"": 13, ""blue_first_relevant_response_after_enterprise"": 13, ""enterprise_foothold_step"": 5, ""first_critical_hit_step"": 12, ""window_end"": null, ""window_start"": null}"
ours_stage2_fair,11,stage2_ext_001_obj_2,critical_safe_balanced,episode_001,0,12,93,Q2_user_action_during_critical_breach,high,DecoySSHD,User4,User,Impact,Op_Server0,"[""Op_Server0""]","[""Op_Server0""]","[""Op_Server0"", ""User0"", ""User3""]","[""Op_Server0"", ""User0"", ""User3""]","{""blue_first_relevant_response_after_critical"": 13, ""blue_first_relevant_response_after_enterprise"": 13, ""enterprise_foothold_step"": 5, ""first_critical_hit_step"": 12, ""window_end"": null, ""window_start"": null}"
ours_stage2_fair,11,stage2_ext_001_obj_2,critical_safe_balanced,episode_001,0,12,95,Q2_user_action_during_critical_breach,high,DecoyHarakaSMPT,User0,User,Impact,Op_Server0,"[""Op_Server0""]","[""Op_Server0""]","[""Op_Server0"", ""User0"", ""User3""]","[""Op_Server0"", ""User0"", ""User3""]","{""blue_first_relevant_response_after_critical"": 13, ""blue_first_relevant_response_after_enterprise"": 13, ""enterprise_foothold_step"": 5, ""first_critical_hit_step"": 12, ""window_end"": null, ""window_start"": null}"
ours_stage2_fair,11,stage2_ext_001_obj_2,critical_safe_balanced,episode_001,0,12,99,Q2_user_action_during_critical_breach,high,DecoySSHD,User4,User,Impact,Op_Server0,"[""Op_Server0""]","[""Op_Server0""]","[""Op_Server0"", ""User0"", ""User3""]","[""Op_Server0"", ""User0"", ""User3""]","{""blue_first_relevant_response_after_critical"": 13, ""blue_first_relevant_response_after_enterprise"": 13, ""enterprise_foothold_step"": 5, ""first_critical_hit_step"": 12, ""window_end"": null, ""window_start"": null}"
ours_stage2_fair,11,stage2_ext_001_obj_2,critical_safe_balanced,episode_001,0,12,14,Q4_user_focus_after_enterprise_foothold,medium,DecoySSHD,User4,User,Impact,Op_Server0,"[""Op_Server0""]","[""Op_Server0""]","[""Enterprise0"", ""Op_Server0"", ""User0"", ""User3""]","[""Enterprise0"", ""Op_Server0"", ""User0"", ""User3""]","{""blue_first_relevant_response_after_critical"": 13, ""blue_first_relevant_response_after_enterprise"": 13, ""enterprise_foothold_step"": 5, ""first_critical_hit_step"": 12, ""window_end"": 16, ""window_start"": 14}"
ours_stage2_fair,11,stage2_ext_001_obj_2,critical_safe_balanced,episode_001,0,12,15,Q4_user_focus_after_enterprise_foothold,medium,DecoySSHD,User4,User,Impact,Op_Server0,"[""Op_Server0""]","[""Op_Server0""]","[""Enterprise0"", ""Op_Server0"", ""User0"", ""User3""]","[""Enterprise0"", ""Op_Server0"", ""User0"", ""User3""]","{""blue_first_relevant_response_after_critical"": 13, ""blue_first_relevant_response_after_enterprise"": 13, ""enterprise_foothold_step"": 5, ""first_critical_hit_step"": 12, ""window_end"": 17, ""window_start"": 15}"
ours_stage2_fair,11,stage2_ext_001_obj_2,critical_safe_balanced,episode_001,0,12,16,Q4_user_focus_after_enterprise_foothold,medium,DecoySvchost,User4,User,Impact,Op_Server0,"[""Op_Server0""]","[""Op_Server0""]","[""Enterprise0"", ""Op_Server0"", ""User0"", ""User3""]","[""Enterprise0"", ""Op_Server0"", ""User0"", ""User3""]","{""blue_first_relevant_response_after_critical"": 13, ""blue_first_relevant_response_after_enterprise"": 13, ""enterprise_foothold_step"": 5, ""first_critical_hit_step"": 12, ""window_end"": 18, ""window_start"": 16}"
ours_stage2_fair,11,stage2_ext_001_obj_2,critical_safe_balanced,episode_001,0,12,55,Q4_user_focus_after_enterprise_foothold,medium,DecoyTomcat,User4,User,DiscoverNetworkServices,,[],[],"[""Enterprise2"", ""User0"", ""User3""]","[""Enterprise2"", ""User0"", ""User3""]","{""blue_first_relevant_response_after_critical"": 13, ""blue_first_relevant_response_after_enterprise"": 13, ""enterprise_foothold_step"": 5, ""first_critical_hit_step"": 12, ""window_end"": 57, ""window_start"": 55}"
ours_stage2_fair,11,stage2_ext_001_obj_2,critical_safe_balanced,episode_001,0,12,56,Q4_user_focus_after_enterprise_foothold,medium,DecoySSHD,User4,User,ExploitRemoteService,,[],"[""Op_Server0""]","[""Enterprise2"", ""User0"", ""User3""]","[""Enterprise2"", ""Op_Server0"", ""User0"", ""User3""]","{""blue_first_relevant_response_after_critical"": 13, ""blue_first_relevant_response_after_enterprise"": 13, ""enterprise_foothold_step"": 5, ""first_critical_hit_step"": 12, ""window_end"": 58, ""window_start"": 56}"
ours_stage2_fair,11,stage2_ext_001_obj_2,critical_safe_balanced,episode_001,0,12,77,Q4_user_focus_after_enterprise_foothold,medium,DecoyApache,User3,User,Impact,Op_Server0,"[""Op_Server0""]","[""Op_Server0""]","[""Op_Server0"", ""User0"", ""User3""]","[""Op_Server0"", ""User0"", ""User3""]","{""blue_first_relevant_response_after_critical"": 13, ""blue_first_relevant_response_after_enterprise"": 13, ""enterprise_foothold_step"": 5, ""first_critical_hit_step"": 12, ""window_end"": 79, ""window_start"": 77}"
ours_stage2_fair,11,stage2_ext_001_obj_2,critical_safe_balanced,episode_001,0,12,6,Q5_repeated_low_value_decoy_loop,medium,DecoySSHD,User4,User,PrivilegeEscalate,Enterprise0,[],[],"[""Enterprise0"", ""User0"", ""User3""]","[""Enterprise0"", ""User0"", ""User3""]","{""blue_first_relevant_response_after_critical"": 13, ""blue_first_relevant_response_after_enterprise"": 13, ""enterprise_foothold_step"": 5, ""first_critical_hit_step"": 12, ""window_end"": 15, ""window_start"": 6}"
ours_stage2_fair,11,stage2_ext_001_obj_2,critical_safe_balanced,episode_001,0,12,8,Q5_repeated_low_value_decoy_loop,medium,DecoySvchost,User4,User,DiscoverNetworkServices,,[],[],"[""Enterprise0"", ""User0"", ""User3""]","[""Enterprise0"", ""User0"", ""User3""]","{""blue_first_relevant_response_after_critical"": 13, ""blue_first_relevant_response_after_enterprise"": 13, ""enterprise_foothold_step"": 5, ""first_critical_hit_step"": 12, ""window_end"": 17, ""window_start"": 8}"
ours_stage2_fair,11,stage2_ext_001_obj_2,critical_safe_balanced,episode_001,1,1012,34,Q2_user_action_during_critical_breach,high,DecoySSHD,User4,User,Impact,Op_Server0,"[""Op_Server0""]","[""Op_Server0""]","[""Enterprise1"", ""Enterprise2"", ""Op_Server0"", ""User0"", ""User2""]","[""Enterprise1"", ""Enterprise2"", ""Op_Server0"", ""User0"", ""User2""]","{""blue_first_relevant_response_after_critical"": 39, ""blue_first_relevant_response_after_enterprise"": 6, ""enterprise_foothold_step"": 5, ""first_critical_hit_step"": 32, ""window_end"": null, ""window_start"": null}"
ours_stage2_fair,11,stage2_ext_001_obj_2,critical_safe_balanced,episode_001,1,1012,35,Q2_user_action_during_critical_breach,high,DecoySvchost,User4,User,Impact,Op_Server0,"[""Op_Server0""]","[""Op_Server0""]","[""Enterprise1"", ""Enterprise2"", ""Op_Server0"", ""User0"", ""User2""]","[""Enterprise1"", ""Enterprise2"", ""Op_Server0"", ""User0"", ""User2""]","{""blue_first_relevant_response_after_critical"": 39, ""blue_first_relevant_response_after_enterprise"": 6, ""enterprise_foothold_step"": 5, ""first_critical_hit_step"": 32, ""window_end"": null, ""window_start"": null}"
ours_stage2_fair,11,stage2_ext_001_obj_2,critical_safe_balanced,episode_001,1,1012,36,Q2_user_action_during_critical_breach,high,Remove,User1,User,Impact,Op_Server0,"[""Op_Server0""]","[""Op_Server0""]","[""Enterprise1"", ""Enterprise2"", ""Op_Server0"", ""User0"", ""User2""]","[""Enterprise1"", ""Enterprise2"", ""Op_Server0"", ""User0"", ""User2""]","{""blue_first_relevant_response_after_critical"": 39, ""blue_first_relevant_response_after_enterprise"": 6, ""enterprise_foothold_step"": 5, ""first_critical_hit_step"": 32, ""window_end"": null, ""window_start"": null}"
ours_stage2_fair,11,stage2_ext_001_obj_2,critical_safe_balanced,episode_001,1,1012,37,Q2_user_action_during_critical_breach,high,DecoyTomcat,User4,User,Impact,Op_Server0,"[""Op_Server0""]","[""Op_Server0""]","[""Enterprise1"", ""Enterprise2"", ""Op_Server0"", ""User0"", ""User2""]","[""Enterprise1"", ""Enterprise2"", ""Op_Server0"", ""User0"", ""User2""]","{""blue_first_relevant_response_after_critical"": 39, ""blue_first_relevant_response_after_enterprise"": 6, ""enterprise_foothold_step"": 5, ""first_critical_hit_step"": 32, ""window_end"": null, ""window_start"": null}"
ours_stage2_fair,11,stage2_ext_001_obj_2,critical_safe_balanced,episode_001,1,1012,43,Q2_user_action_during_critical_breach,high,DecoyHarakaSMPT,User0,User,Impact,Op_Server0,"[""Op_Server0""]","[""Op_Server0""]","[""Enterprise1"", ""Op_Server0"", ""User0"", ""User2""]","[""Enterprise1"", ""Op_Server0"", ""User0"", ""User2""]","{""blue_first_relevant_response_after_critical"": 39, ""blue_first_relevant_response_after_enterprise"": 6, ""enterprise_foothold_step"": 5, ""first_critical_hit_step"": 32, ""window_end"": null, ""window_start"": null}"
ours_stage2_fair,11,stage2_ext_001_obj_2,critical_safe_balanced,episode_001,1,1012,44,Q2_user_action_during_critical_breach,high,DecoySSHD,User4,User,Impact,Op_Server0,"[""Op_Server0""]","[""Op_Server0""]","[""Enterprise1"", ""Op_Server0"", ""User0"", ""User2""]","[""Enterprise1"", ""Op_Server0"", ""User0"", ""User2""]","{""blue_first_relevant_response_after_critical"": 39, ""blue_first_relevant_response_after_enterprise"": 6, ""enterprise_foothold_step"": 5, ""first_critical_hit_step"": 32, ""window_end"": null, ""window_start"": null}"
ours_stage2_fair,11,stage2_ext_001_obj_2,critical_safe_balanced,episode_001,1,1012,56,Q2_user_action_during_critical_breach,high,DecoySvchost,User4,User,Impact,Op_Server0,"[""Op_Server0""]","[""Op_Server0""]","[""Enterprise1"", ""Op_Server0"", ""User0"", ""User2""]","[""Enterprise1"", ""Op_Server0"", ""User0"", ""User2""]","{""blue_first_relevant_response_after_critical"": 39, ""blue_first_relevant_response_after_enterprise"": 6, ""enterprise_foothold_step"": 5, ""first_critical_hit_step"": 32, ""window_end"": null, ""window_start"": null}"
ours_stage2_fair,11,stage2_ext_001_obj_2,critical_safe_balanced,episode_001,1,1012,57,Q2_user_action_during_critical_breach,high,DecoyApache,User0,User,Impact,Op_Server0,"[""Op_Server0""]","[""Op_Server0""]","[""Enterprise1"", ""Op_Server0"", ""User0"", ""User2""]","[""Enterprise1"", ""Op_Server0"", ""User0"", ""User2""]","{""blue_first_relevant_response_after_critical"": 39, ""blue_first_relevant_response_after_enterprise"": 6, ""enterprise_foothold_step"": 5, ""first_critical_hit_step"": 32, ""window_end"": null, ""window_start"": null}"
ours_stage2_fair,11,stage2_ext_001_obj_2,critical_safe_balanced,episode_001,1,1012,58,Q2_user_action_during_critical_breach,high,DecoySSHD,User4,User,Impact,Op_Server0,"[""Op_Server0""]","[""Op_Server0""]","[""Enterprise1"", ""Op_Server0"", ""User0"", ""User2""]","[""Enterprise1"", ""Op_Server0"", ""User0"", ""User2""]","{""blue_first_relevant_response_after_critical"": 39, ""blue_first_relevant_response_after_enterprise"": 6, ""enterprise_foothold_step"": 5, ""first_critical_hit_step"": 32, ""window_end"": null, ""window_start"": null}"
ours_stage2_fair,11,stage2_ext_001_obj_2,critical_safe_balanced,episode_001,1,1012,60,Q2_user_action_during_critical_breach,high,DecoySSHD,User4,User,Impact,Op_Server0,"[""Op_Server0""]","[""Op_Server0""]","[""Enterprise1"", ""Op_Server0"", ""User0"", ""User2""]","[""Enterprise1"", ""Op_Server0"", ""User0"", ""User2""]","{""blue_first_relevant_response_after_critical"": 39, ""blue_first_relevant_response_after_enterprise"": 6, ""enterprise_foothold_step"": 5, ""first_critical_hit_step"": 32, ""window_end"": null, ""window_start"": null}"
ours_stage2_fair,11,stage2_ext_001_obj_2,critical_safe_balanced,episode_001,1,1012,63,Q2_user_action_during_critical_breach,high,DecoySSHD,User4,User,Impact,Op_Server0,"[""Op_Server0""]","[""Op_Server0""]","[""Enterprise1"", ""Op_Server0"", ""User0"", ""User2""]","[""Enterprise1"", ""Op_Server0"", ""User0"", ""User2""]","{""blue_first_relevant_response_after_critical"": 39, ""blue_first_relevant_response_after_enterprise"": 6, ""enterprise_foothold_step"": 5, ""first_critical_hit_step"": 32, ""window_end"": null, ""window_start"": null}"
ours_stage2_fair,11,stage2_ext_001_obj_2,critical_safe_balanced,episode_001,1,1012,64,Q2_user_action_during_critical_breach,high,DecoySvchost,User4,User,Impact,Op_Server0,"[""Op_Server0""]","[""Op_Server0""]","[""Enterprise1"", ""Op_Server0"", ""User0"", ""User2""]","[""Enterprise1"", ""Op_Server0"", ""User0"", ""User2""]","{""blue_first_relevant_response_after_critical"": 39, ""blue_first_relevant_response_after_enterprise"": 6, ""enterprise_foothold_step"": 5, ""first_critical_hit_step"": 32, ""window_end"": null, ""window_start"": null}"
ours_stage2_fair,11,stage2_ext_001_obj_2,critical_safe_balanced,episode_001,1,1012,66,Q2_user_action_during_critical_breach,high,DecoyVsftpd,User2,User,Impact,Op_Server0,"[""Op_Server0""]","[""Op_Server0""]","[""Enterprise1"", ""Op_Server0"", ""User0"", ""User2""]","[""Enterprise1"", ""Op_Server0"", ""User0"", ""User2""]","{""blue_first_relevant_response_after_critical"": 39, ""blue_first_relevant_response_after_enterprise"": 6, ""enterprise_foothold_step"": 5, ""first_critical_hit_step"": 32, ""window_end"": null, ""window_start"": null}"
ours_stage2_fair,11,stage2_ext_001_obj_2,critical_safe_balanced,episode_001,1,1012,67,Q2_user_action_during_critical_breach,high,DecoyTomcat,User1,User,Impact,Op_Server0,"[""Op_Server0""]","[""Op_Server0""]","[""Enterprise1"", ""Op_Server0"", ""User0"", ""User2""]","[""Enterprise1"", ""Op_Server0"", ""User0"", ""User2""]","{""blue_first_relevant_response_after_critical"": 39, ""blue_first_relevant_response_after_enterprise"": 6, ""enterprise_foothold_step"": 5, ""first_critical_hit_step"": 32, ""window_end"": null, ""window_start"": null}"
ours_stage2_fair,11,stage2_ext_001_obj_2,critical_safe_balanced,episode_001,1,1012,68,Q2_user_action_during_critical_breach,high,DecoyTomcat,User4,User,Impact,Op_Server0,"[""Op_Server0""]","[""Op_Server0""]","[""Enterprise1"", ""Op_Server0"", ""User0"", ""User2""]","[""Enterprise1"", ""Op_Server0"", ""User0"", ""User2""]","{""blue_first_relevant_response_after_critical"": 39, ""blue_first_relevant_response_after_enterprise"": 6, ""enterprise_foothold_step"": 5, ""first_critical_hit_step"": 32, ""window_end"": null, ""window_start"": null}"
ours_stage2_fair,11,stage2_ext_001_obj_2,critical_safe_balanced,episode_001,1,1012,69,Q2_user_action_during_critical_breach,high,DecoySSHD,User4,User,Impact,Op_Server0,"[""Op_Server0""]","[""Op_Server0""]","[""Enterprise1"", ""Op_Server0"", ""User0"", ""User2""]","[""Enterprise1"", ""Op_Server0"", ""User0"", ""User2""]","{""blue_first_relevant_response_after_critical"": 39, ""blue_first_relevant_response_after_enterprise"": 6, ""enterprise_foothold_step"": 5, ""first_critical_hit_step"": 32, ""window_end"": null, ""window_start"": null}"
ours_stage2_fair,11,stage2_ext_001_obj_2,critical_safe_balanced,episode_001,1,1012,71,Q2_user_action_during_critical_breach,high,DecoySvchost,User4,User,Impact,Op_Server0,"[""Op_Server0""]","[""Op_Server0""]","[""Enterprise1"", ""Op_Server0"", ""User0"", ""User2""]","[""Enterprise1"", ""Op_Server0"", ""User0"", ""User2""]","{""blue_first_relevant_response_after_critical"": 39, ""blue_first_relevant_response_after_enterprise"": 6, ""enterprise_foothold_step"": 5, ""first_critical_hit_step"": 32, ""window_end"": null, ""window_start"": null}"
ours_stage2_fair,11,stage2_ext_001_obj_2,critical_safe_balanced,episode_001,1,1012,75,Q2_user_action_during_critical_breach,high,DecoySvchost,User4,User,Impact,Op_Server0,"[""Op_Server0""]","[""Op_Server0""]","[""Enterprise1"", ""Op_Server0"", ""User0"", ""User2""]","[""Enterprise1"", ""Op_Server0"", ""User0"", ""User2""]","{""blue_first_relevant_response_after_critical"": 39, ""blue_first_relevant_response_after_enterprise"": 6, ""enterprise_foothold_step"": 5, ""first_critical_hit_step"": 32, ""window_end"": null, ""window_start"": null}"
ours_stage2_fair,11,stage2_ext_001_obj_2,critical_safe_balanced,episode_001,1,1012,92,Q2_user_action_during_critical_breach,high,DecoyVsftpd,User2,User,Impact,Op_Server0,"[""Op_Server0""]","[""Op_Server0""]","[""Enterprise1"", ""Op_Server0"", ""User0"", ""User2""]","[""Enterprise1"", ""Op_Server0"", ""User0"", ""User2""]","{""blue_first_relevant_response_after_critical"": 39, ""blue_first_relevant_response_after_enterprise"": 6, ""enterprise_foothold_step"": 5, ""first_critical_hit_step"": 32, ""window_end"": null, ""window_start"": null}"
ours_stage2_fair,11,stage2_ext_001_obj_2,critical_safe_balanced,episode_001,1,1012,93,Q2_user_action_during_critical_breach,high,DecoyVsftpd,User4,User,Impact,Op_Server0,"[""Op_Server0""]","[""Op_Server0""]","[""Enterprise1"", ""Op_Server0"", ""User0"", ""User2""]","[""Enterprise1"", ""Op_Server0"", ""User0"", ""User2""]","{""blue_first_relevant_response_after_critical"": 39, ""blue_first_relevant_response_after_enterprise"": 6, ""enterprise_foothold_step"": 5, ""first_critical_hit_step"": 32, ""window_end"": null, ""window_start"": null}"
ours_stage2_fair,11,stage2_ext_001_obj_2,critical_safe_balanced,episode_001,1,1012,95,Q2_user_action_during_critical_breach,high,DecoySvchost,User4,User,Impact,Op_Server0,"[""Op_Server0""]","[""Op_Server0""]","[""Enterprise1"", ""Op_Server0"", ""User0"", ""User2""]","[""Enterprise1"", ""Op_Server0"", ""User0"", ""User2""]","{""blue_first_relevant_response_after_critical"": 39, ""blue_first_relevant_response_after_enterprise"": 6, ""enterprise_foothold_step"": 5, ""first_critical_hit_step"": 32, ""window_end"": null, ""window_start"": null}"
ours_stage2_fair,11,stage2_ext_001_obj_2,critical_safe_balanced,episode_001,1,1012,97,Q2_user_action_during_critical_breach,high,DecoySSHD,User4,User,Impact,Op_Server0,"[""Op_Server0""]","[""Op_Server0""]","[""Enterprise1"", ""Op_Server0"", ""User0"", ""User2""]","[""Enterprise1"", ""Op_Server0"", ""User0"", ""User2""]","{""blue_first_relevant_response_after_critical"": 39, ""blue_first_relevant_response_after_enterprise"": 6, ""enterprise_foothold_step"": 5, ""first_critical_hit_step"": 32, ""window_end"": null, ""window_start"": null}"
ours_stage2_fair,11,stage2_ext_001_obj_2,critical_safe_balanced,episode_001,1,1012,98,Q2_user_action_during_critical_breach,high,DecoySSHD,User4,User,Impact,Op_Server0,"[""Op_Server0""]","[""Op_Server0""]","[""Enterprise1"", ""Op_Server0"", ""User0"", ""User2""]","[""Enterprise1"", ""Op_Server0"", ""User0"", ""User2""]","{""blue_first_relevant_response_after_critical"": 39, ""blue_first_relevant_response_after_enterprise"": 6, ""enterprise_foothold_step"": 5, ""first_critical_hit_step"": 32, ""window_end"": null, ""window_start"": null}"
ours_stage2_fair,11,stage2_ext_001_obj_2,critical_safe_balanced,episode_001,1,1012,32,Q3_missed_immediate_response_to_critical_hit,high,DecoySSHD,User4,User,ExploitRemoteService,,[],"[""Op_Server0""]","[""Enterprise1"", ""Enterprise2"", ""User0"", ""User2""]","[""Enterprise1"", ""Enterprise2"", ""Op_Server0"", ""User0"", ""User2""]","{""blue_first_relevant_response_after_critical"": 39, ""blue_first_relevant_response_after_enterprise"": 6, ""enterprise_foothold_step"": 5, ""first_critical_hit_step"": 32, ""window_end"": 35, ""window_start"": 33}"
ours_stage2_fair,11,stage2_ext_001_obj_2,critical_safe_balanced,episode_001,1,1012,26,Q4_user_focus_after_enterprise_foothold,medium,DecoySvchost,User4,User,PrivilegeEscalate,Enterprise2,[],[],"[""Enterprise1"", ""Enterprise2"", ""User0"", ""User2""]","[""Enterprise1"", ""Enterprise2"", ""User0"", ""User2""]","{""blue_first_relevant_response_after_critical"": 39, ""blue_first_relevant_response_after_enterprise"": 6, ""enterprise_foothold_step"": 5, ""first_critical_hit_step"": 32, ""window_end"": 28, ""window_start"": 26}"
ours_stage2_fair,11,stage2_ext_001_obj_2,critical_safe_balanced,episode_001,1,1012,34,Q4_user_focus_after_enterprise_foothold,medium,DecoySSHD,User4,User,Impact,Op_Server0,"[""Op_Server0""]","[""Op_Server0""]","[""Enterprise1"", ""Enterprise2"", ""Op_Server0"", ""User0"", ""User2""]","[""Enterprise1"", ""Enterprise2"", ""Op_Server0"", ""User0"", ""User2""]","{""blue_first_relevant_response_after_critical"": 39, ""blue_first_relevant_response_after_enterprise"": 6, ""enterprise_foothold_step"": 5, ""first_critical_hit_step"": 32, ""window_end"": 36, ""window_start"": 34}"
ours_stage2_fair,11,stage2_ext_001_obj_2,critical_safe_balanced,episode_001,1,1012,35,Q4_user_focus_after_enterprise_foothold,medium,DecoySvchost,User4,User,Impact,Op_Server0,"[""Op_Server0""]","[""Op_Server0""]","[""Enterprise1"", ""Enterprise2"", ""Op_Server0"", ""User0"", ""User2""]","[""Enterprise1"", ""Enterprise2"", ""Op_Server0"", ""User0"", ""User2""]","{""blue_first_relevant_response_after_critical"": 39, ""blue_first_relevant_response_after_enterprise"": 6, ""enterprise_foothold_step"": 5, ""first_critical_hit_step"": 32, ""window_end"": 37, ""window_start"": 35}"
ours_stage2_fair,11,stage2_ext_001_obj_2,critical_safe_balanced,episode_001,1,1012,56,Q4_user_focus_after_enterprise_foothold,medium,DecoySvchost,User4,User,Impact,Op_Server0,"[""Op_Server0""]","[""Op_Server0""]","[""Enterprise1"", ""Op_Server0"", ""User0"", ""User2""]","[""Enterprise1"", ""Op_Server0"", ""User0"", ""User2""]","{""blue_first_relevant_response_after_critical"": 39, ""blue_first_relevant_response_after_enterprise"": 6, ""enterprise_foothold_step"": 5, ""first_critical_hit_step"": 32, ""window_end"": 58, ""window_start"": 56}"
ours_stage2_fair,11,stage2_ext_001_obj_2,critical_safe_balanced,episode_001,1,1012,66,Q4_user_focus_after_enterprise_foothold,medium,DecoyVsftpd,User2,User,Impact,Op_Server0,"[""Op_Server0""]","[""Op_Server0""]","[""Enterprise1"", ""Op_Server0"", ""User0"", ""User2""]","[""Enterprise1"", ""Op_Server0"", ""User0"", ""User2""]","{""blue_first_relevant_response_after_critical"": 39, ""blue_first_relevant_response_after_enterprise"": 6, ""enterprise_foothold_step"": 5, ""first_critical_hit_step"": 32, ""window_end"": 68, ""window_start"": 66}"
ours_stage2_fair,11,stage2_ext_001_obj_2,critical_safe_balanced,episode_001,1,1012,67,Q4_user_focus_after_enterprise_foothold,medium,DecoyTomcat,User1,User,Impact,Op_Server0,"[""Op_Server0""]","[""Op_Server0""]","[""Enterprise1"", ""Op_Server0"", ""User0"", ""User2""]","[""Enterprise1"", ""Op_Server0"", ""User0"", ""User2""]","{""blue_first_relevant_response_after_critical"": 39, ""blue_first_relevant_response_after_enterprise"": 6, ""enterprise_foothold_step"": 5, ""first_critical_hit_step"": 32, ""window_end"": 69, ""window_start"": 67}"
ours_stage2_fair,11,stage2_ext_001_obj_2,critical_safe_balanced,episode_001,1,1012,14,Q5_repeated_low_value_decoy_loop,medium,DecoySSHD,User4,User,PrivilegeEscalate,Enterprise2,[],[],"[""Enterprise1"", ""Enterprise2"", ""User0"", ""User2""]","[""Enterprise1"", ""Enterprise2"", ""User0"", ""User2""]","{""blue_first_relevant_response_after_critical"": 39, ""blue_first_relevant_response_after_enterprise"": 6, ""enterprise_foothold_step"": 5, ""first_critical_hit_step"": 32, ""window_end"": 21, ""window_start"": 12}"
ours_stage2_fair,11,stage2_ext_001_obj_2,critical_safe_balanced,episode_001,1,1012,26,Q5_repeated_low_value_decoy_loop,medium,DecoySvchost,User4,User,PrivilegeEscalate,Enterprise2,[],[],"[""Enterprise1"", ""Enterprise2"", ""User0"", ""User2""]","[""Enterprise1"", ""Enterprise2"", ""User0"", ""User2""]","{""blue_first_relevant_response_after_critical"": 39, ""blue_first_relevant_response_after_enterprise"": 6, ""enterprise_foothold_step"": 5, ""first_critical_hit_step"": 32, ""window_end"": 35, ""window_start"": 26}"
ours_stage2_fair,11,stage2_ext_001_obj_2,critical_safe_balanced,episode_001,2,2012,13,Q2_user_action_during_critical_breach,high,DecoySSHD,User4,User,PrivilegeEscalate,Op_Server0,"[""Op_Server0""]","[""Op_Server0""]","[""Enterprise1"", ""Op_Server0"", ""User0"", ""User1""]","[""Enterprise1"", ""Op_Server0"", ""User0"", ""User1""]","{""blue_first_relevant_response_after_critical"": 15, ""blue_first_relevant_response_after_enterprise"": 7, ""enterprise_foothold_step"": 5, ""first_critical_hit_step"": 12, ""window_end"": null, ""window_start"": null}"
ours_stage2_fair,11,stage2_ext_001_obj_2,critical_safe_balanced,episode_001,2,2012,25,Q2_user_action_during_critical_breach,high,DecoySSHD,User4,User,Impact,Op_Server0,"[""Op_Server0""]","[""Op_Server0""]","[""Enterprise1"", ""Op_Server0"", ""User0"", ""User1""]","[""Enterprise1"", ""Op_Server0"", ""User0"", ""User1""]","{""blue_first_relevant_response_after_critical"": 15, ""blue_first_relevant_response_after_enterprise"": 7, ""enterprise_foothold_step"": 5, ""first_critical_hit_step"": 12, ""window_end"": null, ""window_start"": null}"
ours_stage2_fair,11,stage2_ext_001_obj_2,critical_safe_balanced,episode_001,2,2012,28,Q2_user_action_during_critical_breach,high,DecoyApache,User0,User,Impact,Op_Server0,"[""Op_Server0""]","[""Op_Server0""]","[""Enterprise1"", ""Op_Server0"", ""User0"", ""User1""]","[""Enterprise1"", ""Op_Server0"", ""User0"", ""User1""]","{""blue_first_relevant_response_after_critical"": 15, ""blue_first_relevant_response_after_enterprise"": 7, ""enterprise_foothold_step"": 5, ""first_critical_hit_step"": 12, ""window_end"": null, ""window_start"": null}"
ours_stage2_fair,11,stage2_ext_001_obj_2,critical_safe_balanced,episode_001,2,2012,32,Q2_user_action_during_critical_breach,high,DecoySSHD,User4,User,Impact,Op_Server0,"[""Op_Server0""]","[""Op_Server0""]","[""Enterprise1"", ""Op_Server0"", ""User0"", ""User1""]","[""Enterprise1"", ""Op_Server0"", ""User0"", ""User1""]","{""blue_first_relevant_response_after_critical"": 15, ""blue_first_relevant_response_after_enterprise"": 7, ""enterprise_foothold_step"": 5, ""first_critical_hit_step"": 12, ""window_end"": null, ""window_start"": null}"
ours_stage2_fair,11,stage2_ext_001_obj_2,critical_safe_balanced,episode_001,2,2012,34,Q2_user_action_during_critical_breach,high,DecoyHarakaSMPT,User0,User,Impact,Op_Server0,"[""Op_Server0""]","[""Op_Server0""]","[""Enterprise1"", ""Op_Server0"", ""User0"", ""User1""]","[""Enterprise1"", ""Op_Server0"", ""User0"", ""User1""]","{""blue_first_relevant_response_after_critical"": 15, ""blue_first_relevant_response_after_enterprise"": 7, ""enterprise_foothold_step"": 5, ""first_critical_hit_step"": 12, ""window_end"": null, ""window_start"": null}"
ours_stage2_fair,11,stage2_ext_001_obj_2,critical_safe_balanced,episode_001,2,2012,40,Q2_user_action_during_critical_breach,high,DecoySSHD,User4,User,PrivilegeEscalate,Op_Server0,"[""Op_Server0""]","[""Op_Server0""]","[""Enterprise1"", ""Op_Server0"", ""User0"", ""User1""]","[""Enterprise1"", ""Op_Server0"", ""User0"", ""User1""]","{""blue_first_relevant_response_after_critical"": 15, ""blue_first_relevant_response_after_enterprise"": 7, ""enterprise_foothold_step"": 5, ""first_critical_hit_step"": 12, ""window_end"": null, ""window_start"": null}"
ours_stage2_fair,11,stage2_ext_001_obj_2,critical_safe_balanced,episode_001,2,2012,42,Q2_user_action_during_critical_breach,high,DecoySSHD,User4,User,Impact,Op_Server0,"[""Op_Server0""]","[""Op_Server0""]","[""Enterprise1"", ""Op_Server0"", ""User0"", ""User1""]","[""Enterprise1"", ""Op_Server0"", ""User0"", ""User1""]","{""blue_first_relevant_response_after_critical"": 15, ""blue_first_relevant_response_after_enterprise"": 7, ""enterprise_foothold_step"": 5, ""first_critical_hit_step"": 12, ""window_end"": null, ""window_start"": null}"
ours_stage2_fair,11,stage2_ext_001_obj_2,critical_safe_balanced,episode_001,2,2012,43,Q2_user_action_during_critical_breach,high,DecoyHarakaSMPT,User0,User,Impact,Op_Server0,"[""Op_Server0""]","[""Op_Server0""]","[""Enterprise1"", ""Op_Server0"", ""User0"", ""User1""]","[""Enterprise1"", ""Op_Server0"", ""User0"", ""User1""]","{""blue_first_relevant_response_after_critical"": 15, ""blue_first_relevant_response_after_enterprise"": 7, ""enterprise_foothold_step"": 5, ""first_critical_hit_step"": 12, ""window_end"": null, ""window_start"": null}"
ours_stage2_fair,11,stage2_ext_001_obj_2,critical_safe_balanced,episode_001,2,2012,46,Q2_user_action_during_critical_breach,high,DecoySSHD,User4,User,Impact,Op_Server0,"[""Op_Server0""]","[""Op_Server0""]","[""Enterprise1"", ""Op_Server0"", ""User0"", ""User1""]","[""Enterprise1"", ""Op_Server0"", ""User0"", ""User1""]","{""blue_first_relevant_response_after_critical"": 15, ""blue_first_relevant_response_after_enterprise"": 7, ""enterprise_foothold_step"": 5, ""first_critical_hit_step"": 12, ""window_end"": null, ""window_start"": null}"
ours_stage2_fair,11,stage2_ext_001_obj_2,critical_safe_balanced,episode_001,2,2012,47,Q2_user_action_during_critical_breach,high,DecoySSHD,User4,User,Impact,Op_Server0,"[""Op_Server0""]","[""Op_Server0""]","[""Enterprise1"", ""Op_Server0"", ""User0"", ""User1""]","[""Enterprise1"", ""Op_Server0"", ""User0"", ""User1""]","{""blue_first_relevant_response_after_critical"": 15, ""blue_first_relevant_response_after_enterprise"": 7, ""enterprise_foothold_step"": 5, ""first_critical_hit_step"": 12, ""window_end"": null, ""window_start"": null}"
ours_stage2_fair,11,stage2_ext_001_obj_2,critical_safe_balanced,episode_001,2,2012,49,Q2_user_action_during_critical_breach,high,DecoySSHD,User4,User,Impact,Op_Server0,"[""Op_Server0""]","[""Op_Server0""]","[""Enterprise1"", ""Op_Server0"", ""User0"", ""User1""]","[""Enterprise1"", ""Op_Server0"", ""User0"", ""User1""]","{""blue_first_relevant_response_after_critical"": 15, ""blue_first_relevant_response_after_enterprise"": 7, ""enterprise_foothold_step"": 5, ""first_critical_hit_step"": 12, ""window_end"": null, ""window_start"": null}"
ours_stage2_fair,11,stage2_ext_001_obj_2,critical_safe_balanced,episode_001,2,2012,55,Q2_user_action_during_critical_breach,high,DecoySvchost,User4,User,Impact,Op_Server0,"[""Op_Server0""]","[""Op_Server0""]","[""Enterprise1"", ""Op_Server0"", ""User0"", ""User1""]","[""Enterprise1"", ""Op_Server0"", ""User0"", ""User1""]","{""blue_first_relevant_response_after_critical"": 15, ""blue_first_relevant_response_after_enterprise"": 7, ""enterprise_foothold_step"": 5, ""first_critical_hit_step"": 12, ""window_end"": null, ""window_start"": null}"
ours_stage2_fair,11,stage2_ext_001_obj_2,critical_safe_balanced,episode_001,2,2012,56,Q2_user_action_during_critical_breach,high,DecoySSHD,User4,User,Impact,Op_Server0,"[""Op_Server0""]","[""Op_Server0""]","[""Enterprise1"", ""Op_Server0"", ""User0"", ""User1""]","[""Enterprise1"", ""Op_Server0"", ""User0"", ""User1""]","{""blue_first_relevant_response_after_critical"": 15, ""blue_first_relevant_response_after_enterprise"": 7, ""enterprise_foothold_step"": 5, ""first_critical_hit_step"": 12, ""window_end"": null, ""window_start"": null}"
ours_stage2_fair,11,stage2_ext_001_obj_2,critical_safe_balanced,episode_001,2,2012,60,Q2_user_action_during_critical_breach,high,DecoyVsftpd,User2,User,Impact,Op_Server0,"[""Op_Server0""]","[""Op_Server0""]","[""Enterprise1"", ""Op_Server0"", ""User0"", ""User1""]","[""Enterprise1"", ""Op_Server0"", ""User0"", ""User1""]","{""blue_first_relevant_response_after_critical"": 15, ""blue_first_relevant_response_after_enterprise"": 7, ""enterprise_foothold_step"": 5, ""first_critical_hit_step"": 12, ""window_end"": null, ""window_start"": null}"
ours_stage2_fair,11,stage2_ext_001_obj_2,critical_safe_balanced,episode_001,2,2012,66,Q2_user_action_during_critical_breach,high,Remove,User3,User,Impact,Op_Server0,"[""Op_Server0""]","[""Op_Server0""]","[""Enterprise1"", ""Op_Server0"", ""User0"", ""User1""]","[""Enterprise1"", ""Op_Server0"", ""User0"", ""User1""]","{""blue_first_relevant_response_after_critical"": 15, ""blue_first_relevant_response_after_enterprise"": 7, ""enterprise_foothold_step"": 5, ""first_critical_hit_step"": 12, ""window_end"": null, ""window_start"": null}"
ours_stage2_fair,11,stage2_ext_001_obj_2,critical_safe_balanced,episode_001,2,2012,67,Q2_user_action_during_critical_breach,high,DecoyFemitter,User0,User,Impact,Op_Server0,"[""Op_Server0""]","[""Op_Server0""]","[""Enterprise1"", ""Op_Server0"", ""User0"", ""User1""]","[""Enterprise1"", ""Op_Server0"", ""User0"", ""User1""]","{""blue_first_relevant_response_after_critical"": 15, ""blue_first_relevant_response_after_enterprise"": 7, ""enterprise_foothold_step"": 5, ""first_critical_hit_step"": 12, ""window_end"": null, ""window_start"": null}"
ours_stage2_fair,11,stage2_ext_001_obj_2,critical_safe_balanced,episode_001,2,2012,68,Q2_user_action_during_critical_breach,high,DecoySSHD,User4,User,Impact,Op_Server0,"[""Op_Server0""]","[""Op_Server0""]","[""Enterprise1"", ""Op_Server0"", ""User0"", ""User1""]","[""Enterprise1"", ""Op_Server0"", ""User0"", ""User1""]","{""blue_first_relevant_response_after_critical"": 15, ""blue_first_relevant_response_after_enterprise"": 7, ""enterprise_foothold_step"": 5, ""first_critical_hit_step"": 12, ""window_end"": null, ""window_start"": null}"
ours_stage2_fair,11,stage2_ext_001_obj_2,critical_safe_balanced,episode_001,2,2012,72,Q2_user_action_during_critical_breach,high,DecoySvchost,User4,User,PrivilegeEscalate,Op_Server0,"[""Op_Server0""]","[""Op_Server0""]","[""Enterprise1"", ""Op_Server0"", ""User0"", ""User1""]","[""Enterprise1"", ""Op_Server0"", ""User0"", ""User1""]","{""blue_first_relevant_response_after_critical"": 15, ""blue_first_relevant_response_after_enterprise"": 7, ""enterprise_foothold_step"": 5, ""first_critical_hit_step"": 12, ""window_end"": null, ""window_start"": null}"
ours_stage2_fair,11,stage2_ext_001_obj_2,critical_safe_balanced,episode_001,2,2012,77,Q2_user_action_during_critical_breach,high,DecoySSHD,User4,User,Impact,Op_Server0,"[""Op_Server0""]","[""Op_Server0""]","[""Enterprise1"", ""Op_Server0"", ""User0"", ""User1""]","[""Enterprise1"", ""Op_Server0"", ""User0"", ""User1""]","{""blue_first_relevant_response_after_critical"": 15, ""blue_first_relevant_response_after_enterprise"": 7, ""enterprise_foothold_step"": 5, ""first_critical_hit_step"": 12, ""window_end"": null, ""window_start"": null}"
ours_stage2_fair,11,stage2_ext_001_obj_2,critical_safe_balanced,episode_001,2,2012,78,Q2_user_action_during_critical_breach,high,DecoySvchost,User4,User,Impact,Op_Server0,"[""Op_Server0""]","[""Op_Server0""]","[""Enterprise1"", ""Op_Server0"", ""User0"", ""User1""]","[""Enterprise1"", ""Op_Server0"", ""User0"", ""User1""]","{""blue_first_relevant_response_after_critical"": 15, ""blue_first_relevant_response_after_enterprise"": 7, ""enterprise_foothold_step"": 5, ""first_critical_hit_step"": 12, ""window_end"": null, ""window_start"": null}"
ours_stage2_fair,11,stage2_ext_001_obj_2,critical_safe_balanced,episode_001,2,2012,84,Q2_user_action_during_critical_breach,high,DecoySvchost,User4,User,Impact,Op_Server0,"[""Op_Server0""]","[""Op_Server0""]","[""Enterprise1"", ""Op_Server0"", ""User0"", ""User1""]","[""Enterprise1"", ""Op_Server0"", ""User0"", ""User1""]","{""blue_first_relevant_response_after_critical"": 15, ""blue_first_relevant_response_after_enterprise"": 7, ""enterprise_foothold_step"": 5, ""first_critical_hit_step"": 12, ""window_end"": null, ""window_start"": null}"
ours_stage2_fair,11,stage2_ext_001_obj_2,critical_safe_balanced,episode_001,2,2012,88,Q2_user_action_during_critical_breach,high,DecoySvchost,User4,User,Impact,Op_Server0,"[""Op_Server0""]","[""Op_Server0""]","[""Enterprise1"", ""Op_Server0"", ""User0"", ""User1""]","[""Enterprise1"", ""Op_Server0"", ""User0"", ""User1""]","{""blue_first_relevant_response_after_critical"": 15, ""blue_first_relevant_response_after_enterprise"": 7, ""enterprise_foothold_step"": 5, ""first_critical_hit_step"": 12, ""window_end"": null, ""window_start"": null}"
ours_stage2_fair,11,stage2_ext_001_obj_2,critical_safe_balanced,episode_001,2,2012,95,Q2_user_action_during_critical_breach,high,DecoyTomcat,User4,User,PrivilegeEscalate,Op_Server0,"[""Op_Server0""]","[""Op_Server0""]","[""Enterprise1"", ""Op_Server0"", ""User0"", ""User1""]","[""Enterprise1"", ""Op_Server0"", ""User0"", ""User1""]","{""blue_first_relevant_response_after_critical"": 15, ""blue_first_relevant_response_after_enterprise"": 7, ""enterprise_foothold_step"": 5, ""first_critical_hit_step"": 12, ""window_end"": null, ""window_start"": null}"
ours_stage2_fair,11,stage2_ext_001_obj_2,critical_safe_balanced,episode_001,2,2012,98,Q2_user_action_during_critical_breach,high,DecoySSHD,User4,User,Impact,Op_Server0,"[""Op_Server0""]","[""Op_Server0""]","[""Enterprise1"", ""Op_Server0"", ""User0"", ""User1""]","[""Enterprise1"", ""Op_Server0"", ""User0"", ""User1""]","{""blue_first_relevant_response_after_critical"": 15, ""blue_first_relevant_response_after_enterprise"": 7, ""enterprise_foothold_step"": 5, ""first_critical_hit_step"": 12, ""window_end"": null, ""window_start"": null}"
ours_stage2_fair,11,stage2_ext_001_obj_2,critical_safe_balanced,episode_001,2,2012,8,Q4_user_focus_after_enterprise_foothold,medium,DecoyFemitter,User3,User,DiscoverNetworkServices,,[],[],"[""Enterprise1"", ""User0"", ""User1""]","[""Enterprise1"", ""User0"", ""User1""]","{""blue_first_relevant_response_after_critical"": 15, ""blue_first_relevant_response_after_enterprise"": 7, ""enterprise_foothold_step"": 5, ""first_critical_hit_step"": 12, ""window_end"": 10, ""window_start"": 8}"
ours_stage2_fair,11,stage2_ext_001_obj_2,critical_safe_balanced,episode_001,2,2012,66,Q4_user_focus_after_enterprise_foothold,medium,Remove,User3,User,Impact,Op_Server0,"[""Op_Server0""]","[""Op_Server0""]","[""Enterprise1"", ""Op_Server0"", ""User0"", ""User1""]","[""Enterprise1"", ""Op_Server0"", ""User0"", ""User1""]","{""blue_first_relevant_response_after_critical"": 15, ""blue_first_relevant_response_after_enterprise"": 7, ""enterprise_foothold_step"": 5, ""first_critical_hit_step"": 12, ""window_end"": 68, ""window_start"": 66}"
ours_stage2_fair,11,stage2_ext_001_obj_2,critical_safe_balanced,episode_001,2,2012,10,Q5_repeated_low_value_decoy_loop,medium,DecoySSHD,User4,User,PrivilegeEscalate,Enterprise2,[],[],"[""Enterprise1"", ""Enterprise2"", ""User0"", ""User1""]","[""Enterprise1"", ""Enterprise2"", ""User0"", ""User1""]","{""blue_first_relevant_response_after_critical"": 15, ""blue_first_relevant_response_after_enterprise"": 7, ""enterprise_foothold_step"": 5, ""first_critical_hit_step"": 12, ""window_end"": 16, ""window_start"": 7}"
ours_stage2_fair,11,stage2_ext_001_obj_2,critical_safe_balanced,episode_001,2,2012,72,Q5_repeated_low_value_decoy_loop,medium,DecoySvchost,User4,User,PrivilegeEscalate,Op_Server0,"[""Op_Server0""]","[""Op_Server0""]","[""Enterprise1"", ""Op_Server0"", ""User0"", ""User1""]","[""Enterprise1"", ""Op_Server0"", ""User0"", ""User1""]","{""blue_first_relevant_response_after_critical"": 15, ""blue_first_relevant_response_after_enterprise"": 7, ""enterprise_foothold_step"": 5, ""first_critical_hit_step"": 12, ""window_end"": 79, ""window_start"": 70}"
ours_stage2_fair,11,stage2_ext_001_obj_2,critical_safe_balanced,episode_001,3,3012,13,Q2_user_action_during_critical_breach,high,DecoySSHD,User4,User,PrivilegeEscalate,Op_Server0,"[""Op_Server0""]","[""Op_Server0""]","[""Enterprise1"", ""Enterprise2"", ""Op_Server0"", ""User0"", ""User2""]","[""Enterprise1"", ""Enterprise2"", ""Op_Server0"", ""User0"", ""User2""]","{""blue_first_relevant_response_after_critical"": 14, ""blue_first_relevant_response_after_enterprise"": 6, ""enterprise_foothold_step"": 5, ""first_critical_hit_step"": 12, ""window_end"": null, ""window_start"": null}"
ours_stage2_fair,11,stage2_ext_001_obj_2,critical_safe_balanced,episode_001,3,3012,16,Q2_user_action_during_critical_breach,high,DecoySSHD,User4,User,Impact,Op_Server0,"[""Op_Server0""]","[""Op_Server0""]","[""Enterprise1"", ""Enterprise2"", ""Op_Server0"", ""User0"", ""User2""]","[""Enterprise1"", ""Enterprise2"", ""Op_Server0"", ""User0"", ""User2""]","{""blue_first_relevant_response_after_critical"": 14, ""blue_first_relevant_response_after_enterprise"": 6, ""enterprise_foothold_step"": 5, ""first_critical_hit_step"": 12, ""window_end"": null, ""window_start"": null}"
ours_stage2_fair,11,stage2_ext_001_obj_2,critical_safe_balanced,episode_001,3,3012,17,Q2_user_action_during_critical_breach,high,DecoySvchost,User4,User,Impact,Op_Server0,"[""Op_Server0""]","[""Op_Server0""]","[""Enterprise1"", ""Enterprise2"", ""Op_Server0"", ""User0"", ""User2""]","[""Enterprise1"", ""Enterprise2"", ""Op_Server0"", ""User0"", ""User2""]","{""blue_first_relevant_response_after_critical"": 14, ""blue_first_relevant_response_after_enterprise"": 6, ""enterprise_foothold_step"": 5, ""first_critical_hit_step"": 12, ""window_end"": null, ""window_start"": null}"
ours_stage2_fair,11,stage2_ext_001_obj_2,critical_safe_balanced,episode_001,3,3012,18,Q2_user_action_during_critical_breach,high,DecoySvchost,User4,User,Impact,Op_Server0,"[""Op_Server0""]","[""Op_Server0""]","[""Enterprise1"", ""Enterprise2"", ""Op_Server0"", ""User0"", ""User2""]","[""Enterprise1"", ""Enterprise2"", ""Op_Server0"", ""User0"", ""User2""]","{""blue_first_relevant_response_after_critical"": 14, ""blue_first_relevant_response_after_enterprise"": 6, ""enterprise_foothold_step"": 5, ""first_critical_hit_step"": 12, ""window_end"": null, ""window_start"": null}"
ours_stage2_fair,11,stage2_ext_001_obj_2,critical_safe_balanced,episode_001,3,3012,19,Q2_user_action_during_critical_breach,high,DecoySvchost,User4,User,Impact,Op_Server0,"[""Op_Server0""]","[""Op_Server0""]","[""Enterprise1"", ""Enterprise2"", ""Op_Server0"", ""User0"", ""User2""]","[""Enterprise1"", ""Enterprise2"", ""Op_Server0"", ""User0"", ""User2""]","{""blue_first_relevant_response_after_critical"": 14, ""blue_first_relevant_response_after_enterprise"": 6, ""enterprise_foothold_step"": 5, ""first_critical_hit_step"": 12, ""window_end"": null, ""window_start"": null}"
ours_stage2_fair,11,stage2_ext_001_obj_2,critical_safe_balanced,episode_001,3,3012,21,Q2_user_action_during_critical_breach,high,DecoySvchost,User4,User,Impact,Op_Server0,"[""Op_Server0""]","[""Op_Server0""]","[""Enterprise1"", ""Enterprise2"", ""Op_Server0"", ""User0"", ""User2""]","[""Enterprise1"", ""Enterprise2"", ""Op_Server0"", ""User0"", ""User2""]","{""blue_first_relevant_response_after_critical"": 14, ""blue_first_relevant_response_after_enterprise"": 6, ""enterprise_foothold_step"": 5, ""first_critical_hit_step"": 12, ""window_end"": null, ""window_start"": null}"
ours_stage2_fair,11,stage2_ext_001_obj_2,critical_safe_balanced,episode_001,3,3012,29,Q2_user_action_during_critical_breach,high,DecoySvchost,User2,User,Impact,Op_Server0,"[""Op_Server0""]","[""Op_Server0""]","[""Enterprise1"", ""Enterprise2"", ""Op_Server0"", ""User0"", ""User2""]","[""Enterprise1"", ""Enterprise2"", ""Op_Server0"", ""User0"", ""User2""]","{""blue_first_relevant_response_after_critical"": 14, ""blue_first_relevant_response_after_enterprise"": 6, ""enterprise_foothold_step"": 5, ""first_critical_hit_step"": 12, ""window_end"": null, ""window_start"": null}"
ours_stage2_fair,11,stage2_ext_001_obj_2,critical_safe_balanced,episode_001,3,3012,30,Q2_user_action_during_critical_breach,high,DecoySvchost,User4,User,Impact,Op_Server0,"[""Op_Server0""]","[""Op_Server0""]","[""Enterprise1"", ""Enterprise2"", ""Op_Server0"", ""User0"", ""User2""]","[""Enterprise1"", ""Enterprise2"", ""Op_Server0"", ""User0"", ""User2""]","{""blue_first_relevant_response_after_critical"": 14, ""blue_first_relevant_response_after_enterprise"": 6, ""enterprise_foothold_step"": 5, ""first_critical_hit_step"": 12, ""window_end"": null, ""window_start"": null}"
ours_stage2_fair,11,stage2_ext_001_obj_2,critical_safe_balanced,episode_001,3,3012,32,Q2_user_action_during_critical_breach,high,DecoyApache,User0,User,Impact,Op_Server0,"[""Op_Server0""]","[""Op_Server0""]","[""Enterprise1"", ""Enterprise2"", ""Op_Server0"", ""User0"", ""User2""]","[""Enterprise1"", ""Enterprise2"", ""Op_Server0"", ""User0"", ""User2""]","{""blue_first_relevant_response_after_critical"": 14, ""blue_first_relevant_response_after_enterprise"": 6, ""enterprise_foothold_step"": 5, ""first_critical_hit_step"": 12, ""window_end"": null, ""window_start"": null}"
ours_stage2_fair,11,stage2_ext_001_obj_2,critical_safe_balanced,episode_001,3,3012,34,Q2_user_action_during_critical_breach,high,DecoySvchost,User4,User,Impact,Op_Server0,"[""Op_Server0""]","[""Op_Server0""]","[""Enterprise1"", ""Enterprise2"", ""Op_Server0"", ""User0"", ""User2""]","[""Enterprise1"", ""Enterprise2"", ""Op_Server0"", ""User0"", ""User2""]","{""blue_first_relevant_response_after_critical"": 14, ""blue_first_relevant_response_after_enterprise"": 6, ""enterprise_foothold_step"": 5, ""first_critical_hit_step"": 12, ""window_end"": null, ""window_start"": null}"
ours_stage2_fair,11,stage2_ext_001_obj_2,critical_safe_balanced,episode_001,3,3012,35,Q2_user_action_during_critical_breach,high,Remove,User3,User,Impact,Op_Server0,"[""Op_Server0""]","[""Op_Server0""]","[""Enterprise1"", ""Enterprise2"", ""Op_Server0"", ""User0"", ""User2""]","[""Enterprise1"", ""Enterprise2"", ""Op_Server0"", ""User0"", ""User2""]","{""blue_first_relevant_response_after_critical"": 14, ""blue_first_relevant_response_after_enterprise"": 6, ""enterprise_foothold_step"": 5, ""first_critical_hit_step"": 12, ""window_end"": null, ""window_start"": null}"
ours_stage2_fair,11,stage2_ext_001_obj_2,critical_safe_balanced,episode_001,3,3012,37,Q2_user_action_during_critical_breach,high,DecoySvchost,User4,User,Impact,Op_Server0,"[""Op_Server0""]","[""Op_Server0""]","[""Enterprise1"", ""Enterprise2"", ""Op_Server0"", ""User0"", ""User2""]","[""Enterprise1"", ""Enterprise2"", ""Op_Server0"", ""User0"", ""User2""]","{""blue_first_relevant_response_after_critical"": 14, ""blue_first_relevant_response_after_enterprise"": 6, ""enterprise_foothold_step"": 5, ""first_critical_hit_step"": 12, ""window_end"": null, ""window_start"": null}"
ours_stage2_fair,11,stage2_ext_001_obj_2,critical_safe_balanced,episode_001,3,3012,38,Q2_user_action_during_critical_breach,high,DecoyTomcat,User0,User,Impact,Op_Server0,"[""Op_Server0""]","[""Op_Server0""]","[""Enterprise1"", ""Enterprise2"", ""Op_Server0"", ""User0"", ""User2""]","[""Enterprise1"", ""Enterprise2"", ""Op_Server0"", ""User0"", ""User2""]","{""blue_first_relevant_response_after_critical"": 14, ""blue_first_relevant_response_after_enterprise"": 6, ""enterprise_foothold_step"": 5, ""first_critical_hit_step"": 12, ""window_end"": null, ""window_start"": null}"
ours_stage2_fair,11,stage2_ext_001_obj_2,critical_safe_balanced,episode_001,3,3012,48,Q2_user_action_during_critical_breach,high,DecoySSHD,User1,User,Impact,Op_Server0,"[""Op_Server0""]","[""Op_Server0""]","[""Enterprise1"", ""Op_Server0"", ""User0"", ""User2""]","[""Enterprise1"", ""Op_Server0"", ""User0"", ""User2""]","{""blue_first_relevant_response_after_critical"": 14, ""blue_first_relevant_response_after_enterprise"": 6, ""enterprise_foothold_step"": 5, ""first_critical_hit_step"": 12, ""window_end"": null, ""window_start"": null}"
ours_stage2_fair,11,stage2_ext_001_obj_2,critical_safe_balanced,episode_001,3,3012,51,Q2_user_action_during_critical_breach,high,DecoyFemitter,User0,User,Impact,Op_Server0,"[""Op_Server0""]","[""Op_Server0""]","[""Enterprise1"", ""Op_Server0"", ""User0"", ""User2""]","[""Enterprise1"", ""Op_Server0"", ""User0"", ""User2""]","{""blue_first_relevant_response_after_critical"": 14, ""blue_first_relevant_response_after_enterprise"": 6, ""enterprise_foothold_step"": 5, ""first_critical_hit_step"": 12, ""window_end"": null, ""window_start"": null}"
ours_stage2_fair,11,stage2_ext_001_obj_2,critical_safe_balanced,episode_001,3,3012,53,Q2_user_action_during_critical_breach,high,DecoySSHD,User4,User,Impact,Op_Server0,"[""Op_Server0""]","[""Op_Server0""]","[""Enterprise1"", ""Op_Server0"", ""User0"", ""User2""]","[""Enterprise1"", ""Op_Server0"", ""User0"", ""User2""]","{""blue_first_relevant_response_after_critical"": 14, ""blue_first_relevant_response_after_enterprise"": 6, ""enterprise_foothold_step"": 5, ""first_critical_hit_step"": 12, ""window_end"": null, ""window_start"": null}"
ours_stage2_fair,11,stage2_ext_001_obj_2,critical_safe_balanced,episode_001,3,3012,55,Q2_user_action_during_critical_breach,high,DecoySSHD,User4,User,Impact,Op_Server0,"[""Op_Server0""]","[""Op_Server0""]","[""Enterprise1"", ""Op_Server0"", ""User0"", ""User2""]","[""Enterprise1"", ""Op_Server0"", ""User0"", ""User2""]","{""blue_first_relevant_response_after_critical"": 14, ""blue_first_relevant_response_after_enterprise"": 6, ""enterprise_foothold_step"": 5, ""first_critical_hit_step"": 12, ""window_end"": null, ""window_start"": null}"
ours_stage2_fair,11,stage2_ext_001_obj_2,critical_safe_balanced,episode_001,3,3012,59,Q2_user_action_during_critical_breach,high,DecoySSHD,User4,User,PrivilegeEscalate,Op_Server0,"[""Op_Server0""]","[""Op_Server0""]","[""Enterprise1"", ""Op_Server0"", ""User0"", ""User2""]","[""Enterprise1"", ""Op_Server0"", ""User0"", ""User2""]","{""blue_first_relevant_response_after_critical"": 14, ""blue_first_relevant_response_after_enterprise"": 6, ""enterprise_foothold_step"": 5, ""first_critical_hit_step"": 12, ""window_end"": null, ""window_start"": null}"
ours_stage2_fair,11,stage2_ext_001_obj_2,critical_safe_balanced,episode_001,3,3012,62,Q2_user_action_during_critical_breach,high,Remove,User1,User,Impact,Op_Server0,"[""Op_Server0""]","[""Op_Server0""]","[""Enterprise1"", ""Op_Server0"", ""User0"", ""User2""]","[""Enterprise1"", ""Op_Server0"", ""User0"", ""User2""]","{""blue_first_relevant_response_after_critical"": 14, ""blue_first_relevant_response_after_enterprise"": 6, ""enterprise_foothold_step"": 5, ""first_critical_hit_step"": 12, ""window_end"": null, ""window_start"": null}"
ours_stage2_fair,11,stage2_ext_001_obj_2,critical_safe_balanced,episode_001,3,3012,63,Q2_user_action_during_critical_breach,high,DecoySSHD,User4,User,Impact,Op_Server0,"[""Op_Server0""]","[""Op_Server0""]","[""Enterprise1"", ""Op_Server0"", ""User0"", ""User2""]","[""Enterprise1"", ""Op_Server0"", ""User0"", ""User2""]","{""blue_first_relevant_response_after_critical"": 14, ""blue_first_relevant_response_after_enterprise"": 6, ""enterprise_foothold_step"": 5, ""first_critical_hit_step"": 12, ""window_end"": null, ""window_start"": null}"
ours_stage2_fair,11,stage2_ext_001_obj_2,critical_safe_balanced,episode_001,3,3012,65,Q2_user_action_during_critical_breach,high,DecoySvchost,User4,User,Impact,Op_Server0,"[""Op_Server0""]","[""Op_Server0""]","[""Enterprise1"", ""Op_Server0"", ""User0"", ""User2""]","[""Enterprise1"", ""Op_Server0"", ""User0"", ""User2""]","{""blue_first_relevant_response_after_critical"": 14, ""blue_first_relevant_response_after_enterprise"": 6, ""enterprise_foothold_step"": 5, ""first_critical_hit_step"": 12, ""window_end"": null, ""window_start"": null}"
ours_stage2_fair,11,stage2_ext_001_obj_2,critical_safe_balanced,episode_001,3,3012,68,Q2_user_action_during_critical_breach,high,DecoySvchost,User4,User,Impact,Op_Server0,"[""Op_Server0""]","[""Op_Server0""]","[""Enterprise1"", ""Op_Server0"", ""User0"", ""User2""]","[""Enterprise1"", ""Op_Server0"", ""User0"", ""User2""]","{""blue_first_relevant_response_after_critical"": 14, ""blue_first_relevant_response_after_enterprise"": 6, ""enterprise_foothold_step"": 5, ""first_critical_hit_step"": 12, ""window_end"": null, ""window_start"": null}"
ours_stage2_fair,11,stage2_ext_001_obj_2,critical_safe_balanced,episode_001,3,3012,69,Q2_user_action_during_critical_breach,high,DecoyVsftpd,User4,User,Impact,Op_Server0,"[""Op_Server0""]","[""Op_Server0""]","[""Enterprise1"", ""Op_Server0"", ""User0"", ""User2""]","[""Enterprise1"", ""Op_Server0"", ""User0"", ""User2""]","{""blue_first_relevant_response_after_critical"": 14, ""blue_first_relevant_response_after_enterprise"": 6, ""enterprise_foothold_step"": 5, ""first_critical_hit_step"": 12, ""window_end"": null, ""window_start"": null}"
ours_stage2_fair,11,stage2_ext_001_obj_2,critical_safe_balanced,episode_001,3,3012,71,Q2_user_action_during_critical_breach,high,DecoySSHD,User4,User,Impact,Op_Server0,"[""Op_Server0""]","[""Op_Server0""]","[""Enterprise1"", ""Op_Server0"", ""User0"", ""User2""]","[""Enterprise1"", ""Op_Server0"", ""User0"", ""User2""]","{""blue_first_relevant_response_after_critical"": 14, ""blue_first_relevant_response_after_enterprise"": 6, ""enterprise_foothold_step"": 5, ""first_critical_hit_step"": 12, ""window_end"": null, ""window_start"": null}"
ours_stage2_fair,11,stage2_ext_001_obj_2,critical_safe_balanced,episode_001,3,3012,74,Q2_user_action_during_critical_breach,high,DecoySSHD,User0,User,Impact,Op_Server0,"[""Op_Server0""]","[""Op_Server0""]","[""Enterprise1"", ""Op_Server0"", ""User0"", ""User2""]","[""Enterprise1"", ""Op_Server0"", ""User0"", ""User2""]","{""blue_first_relevant_response_after_critical"": 14, ""blue_first_relevant_response_after_enterprise"": 6, ""enterprise_foothold_step"": 5, ""first_critical_hit_step"": 12, ""window_end"": null, ""window_start"": null}"
ours_stage2_fair,11,stage2_ext_001_obj_2,critical_safe_balanced,episode_001,3,3012,81,Q2_user_action_during_critical_breach,high,DecoySvchost,User4,User,Impact,Op_Server0,"[""Op_Server0""]","[""Op_Server0""]","[""Enterprise1"", ""Op_Server0"", ""User0"", ""User2""]","[""Enterprise1"", ""Op_Server0"", ""User0"", ""User2""]","{""blue_first_relevant_response_after_critical"": 14, ""blue_first_relevant_response_after_enterprise"": 6, ""enterprise_foothold_step"": 5, ""first_critical_hit_step"": 12, ""window_end"": null, ""window_start"": null}"
ours_stage2_fair,11,stage2_ext_001_obj_2,critical_safe_balanced,episode_001,3,3012,84,Q2_user_action_during_critical_breach,high,DecoySvchost,User4,User,Impact,Op_Server0,"[""Op_Server0""]","[""Op_Server0""]","[""Enterprise1"", ""Op_Server0"", ""User0"", ""User2""]","[""Enterprise1"", ""Op_Server0"", ""User0"", ""User2""]","{""blue_first_relevant_response_after_critical"": 14, ""blue_first_relevant_response_after_enterprise"": 6, ""enterprise_foothold_step"": 5, ""first_critical_hit_step"": 12, ""window_end"": null, ""window_start"": null}"
ours_stage2_fair,11,stage2_ext_001_obj_2,critical_safe_balanced,episode_001,3,3012,91,Q2_user_action_during_critical_breach,high,DecoySSHD,User4,User,Impact,Op_Server0,"[""Op_Server0""]","[""Op_Server0""]","[""Enterprise1"", ""Op_Server0"", ""User0"", ""User2""]","[""Enterprise1"", ""Op_Server0"", ""User0"", ""User2""]","{""blue_first_relevant_response_after_critical"": 14, ""blue_first_relevant_response_after_enterprise"": 6, ""enterprise_foothold_step"": 5, ""first_critical_hit_step"": 12, ""window_end"": null, ""window_start"": null}"
ours_stage2_fair,11,stage2_ext_001_obj_2,critical_safe_balanced,episode_001,3,3012,93,Q2_user_action_during_critical_breach,high,DecoyFemitter,User0,User,Impact,Op_Server0,"[""Op_Server0""]","[""Op_Server0""]","[""Enterprise1"", ""Op_Server0"", ""User0"", ""User2""]","[""Enterprise1"", ""Op_Server0"", ""User0"", ""User2""]","{""blue_first_relevant_response_after_critical"": 14, ""blue_first_relevant_response_after_enterprise"": 6, ""enterprise_foothold_step"": 5, ""first_critical_hit_step"": 12, ""window_end"": null, ""window_start"": null}"
ours_stage2_fair,11,stage2_ext_001_obj_2,critical_safe_balanced,episode_001,3,3012,98,Q2_user_action_during_critical_breach,high,DecoySvchost,User2,User,Impact,Op_Server0,"[""Op_Server0""]","[""Op_Server0""]","[""Enterprise1"", ""Op_Server0"", ""User0"", ""User2""]","[""Enterprise1"", ""Op_Server0"", ""User0"", ""User2""]","{""blue_first_relevant_response_after_critical"": 14, ""blue_first_relevant_response_after_enterprise"": 6, ""enterprise_foothold_step"": 5, ""first_critical_hit_step"": 12, ""window_end"": null, ""window_start"": null}"
ours_stage2_fair,11,stage2_ext_001_obj_2,critical_safe_balanced,episode_001,3,3012,99,Q2_user_action_during_critical_breach,high,DecoySSHD,User4,User,Impact,Op_Server0,"[""Op_Server0""]","[""Op_Server0""]","[""Enterprise1"", ""Op_Server0"", ""User0"", ""User2""]","[""Enterprise1"", ""Op_Server0"", ""User0"", ""User2""]","{""blue_first_relevant_response_after_critical"": 14, ""blue_first_relevant_response_after_enterprise"": 6, ""enterprise_foothold_step"": 5, ""first_critical_hit_step"": 12, ""window_end"": null, ""window_start"": null}"
ours_stage2_fair,11,stage2_ext_001_obj_2,critical_safe_balanced,episode_001,3,3012,16,Q4_user_focus_after_enterprise_foothold,medium,DecoySSHD,User4,User,Impact,Op_Server0,"[""Op_Server0""]","[""Op_Server0""]","[""Enterprise1"", ""Enterprise2"", ""Op_Server0"", ""User0"", ""User2""]","[""Enterprise1"", ""Enterprise2"", ""Op_Server0"", ""User0"", ""User2""]","{""blue_first_relevant_response_after_critical"": 14, ""blue_first_relevant_response_after_enterprise"": 6, ""enterprise_foothold_step"": 5, ""first_critical_hit_step"": 12, ""window_end"": 18, ""window_start"": 16}"
ours_stage2_fair,11,stage2_ext_001_obj_2,critical_safe_balanced,episode_001,3,3012,17,Q4_user_focus_after_enterprise_foothold,medium,DecoySvchost,User4,User,Impact,Op_Server0,"[""Op_Server0""]","[""Op_Server0""]","[""Enterprise1"", ""Enterprise2"", ""Op_Server0"", ""User0"", ""User2""]","[""Enterprise1"", ""Enterprise2"", ""Op_Server0"", ""User0"", ""User2""]","{""blue_first_relevant_response_after_critical"": 14, ""blue_first_relevant_response_after_enterprise"": 6, ""enterprise_foothold_step"": 5, ""first_critical_hit_step"": 12, ""window_end"": 19, ""window_start"": 17}"
ours_stage2_fair,11,stage2_ext_001_obj_2,critical_safe_balanced,episode_001,3,3012,11,Q5_repeated_low_value_decoy_loop,medium,DecoySSHD,User4,User,DiscoverNetworkServices,,[],[],"[""Enterprise1"", ""Enterprise2"", ""User0"", ""User2""]","[""Enterprise1"", ""Enterprise2"", ""User0"", ""User2""]","{""blue_first_relevant_response_after_critical"": 14, ""blue_first_relevant_response_after_enterprise"": 6, ""enterprise_foothold_step"": 5, ""first_critical_hit_step"": 12, ""window_end"": 16, ""window_start"": 7}"
ours_stage2_fair,11,stage2_ext_001_obj_2,critical_safe_balanced,episode_001,3,3012,17,Q5_repeated_low_value_decoy_loop,medium,DecoySvchost,User4,User,Impact,Op_Server0,"[""Op_Server0""]","[""Op_Server0""]","[""Enterprise1"", ""Enterprise2"", ""Op_Server0"", ""User0"", ""User2""]","[""Enterprise1"", ""Enterprise2"", ""Op_Server0"", ""User0"", ""User2""]","{""blue_first_relevant_response_after_critical"": 14, ""blue_first_relevant_response_after_enterprise"": 6, ""enterprise_foothold_step"": 5, ""first_critical_hit_step"": 12, ""window_end"": 19, ""window_start"": 10}"
ours_stage2_fair,11,stage2_ext_001_obj_2,critical_safe_balanced,episode_001,4,4012,15,Q2_user_action_during_critical_breach,high,DecoySSHD,User4,User,Impact,Op_Server0,"[""Op_Server0""]","[""Op_Server0""]","[""Enterprise1"", ""Op_Server0"", ""User0"", ""User1""]","[""Enterprise1"", ""Op_Server0"", ""User0"", ""User1""]","{""blue_first_relevant_response_after_critical"": 13, ""blue_first_relevant_response_after_enterprise"": 6, ""enterprise_foothold_step"": 5, ""first_critical_hit_step"": 12, ""window_end"": null, ""window_start"": null}"
ours_stage2_fair,11,stage2_ext_001_obj_2,critical_safe_balanced,episode_001,4,4012,18,Q2_user_action_during_critical_breach,high,DecoyApache,User0,User,Impact,Op_Server0,"[""Op_Server0""]","[""Op_Server0""]","[""Enterprise1"", ""Op_Server0"", ""User0"", ""User1""]","[""Enterprise1"", ""Op_Server0"", ""User0"", ""User1""]","{""blue_first_relevant_response_after_critical"": 13, ""blue_first_relevant_response_after_enterprise"": 6, ""enterprise_foothold_step"": 5, ""first_critical_hit_step"": 12, ""window_end"": null, ""window_start"": null}"
ours_stage2_fair,11,stage2_ext_001_obj_2,critical_safe_balanced,episode_001,4,4012,23,Q2_user_action_during_critical_breach,high,DecoySSHD,User4,User,Impact,Op_Server0,"[""Op_Server0""]","[""Op_Server0""]","[""Enterprise1"", ""Op_Server0"", ""User0"", ""User1""]","[""Enterprise1"", ""Op_Server0"", ""User0"", ""User1""]","{""blue_first_relevant_response_after_critical"": 13, ""blue_first_relevant_response_after_enterprise"": 6, ""enterprise_foothold_step"": 5, ""first_critical_hit_step"": 12, ""window_end"": null, ""window_start"": null}"
ours_stage2_fair,11,stage2_ext_001_obj_2,critical_safe_balanced,episode_001,4,4012,24,Q2_user_action_during_critical_breach,high,DecoySSHD,User4,User,Impact,Op_Server0,"[""Op_Server0""]","[""Op_Server0""]","[""Enterprise1"", ""Op_Server0"", ""User0"", ""User1""]","[""Enterprise1"", ""Op_Server0"", ""User0"", ""User1""]","{""blue_first_relevant_response_after_critical"": 13, ""blue_first_relevant_response_after_enterprise"": 6, ""enterprise_foothold_step"": 5, ""first_critical_hit_step"": 12, ""window_end"": null, ""window_start"": null}"
ours_stage2_fair,11,stage2_ext_001_obj_2,critical_safe_balanced,episode_001,4,4012,29,Q2_user_action_during_critical_breach,high,DecoySSHD,User4,User,Impact,Op_Server0,"[""Op_Server0""]","[""Op_Server0""]","[""Enterprise1"", ""Op_Server0"", ""User0"", ""User1""]","[""Enterprise1"", ""Op_Server0"", ""User0"", ""User1""]","{""blue_first_relevant_response_after_critical"": 13, ""blue_first_relevant_response_after_enterprise"": 6, ""enterprise_foothold_step"": 5, ""first_critical_hit_step"": 12, ""window_end"": null, ""window_start"": null}"
ours_stage2_fair,11,stage2_ext_001_obj_2,critical_safe_balanced,episode_001,4,4012,31,Q2_user_action_during_critical_breach,high,DecoySvchost,User4,User,Impact,Op_Server0,"[""Op_Server0""]","[""Op_Server0""]","[""Enterprise1"", ""Op_Server0"", ""User0"", ""User1""]","[""Enterprise1"", ""Op_Server0"", ""User0"", ""User1""]","{""blue_first_relevant_response_after_critical"": 13, ""blue_first_relevant_response_after_enterprise"": 6, ""enterprise_foothold_step"": 5, ""first_critical_hit_step"": 12, ""window_end"": null, ""window_start"": null}"
ours_stage2_fair,11,stage2_ext_001_obj_2,critical_safe_balanced,episode_001,4,4012,35,Q2_user_action_during_critical_breach,high,DecoySSHD,User4,User,Impact,Op_Server0,"[""Op_Server0""]","[""Op_Server0""]","[""Enterprise1"", ""Op_Server0"", ""User0"", ""User1""]","[""Enterprise1"", ""Op_Server0"", ""User0"", ""User1""]","{""blue_first_relevant_response_after_critical"": 13, ""blue_first_relevant_response_after_enterprise"": 6, ""enterprise_foothold_step"": 5, ""first_critical_hit_step"": 12, ""window_end"": null, ""window_start"": null}"
ours_stage2_fair,11,stage2_ext_001_obj_2,critical_safe_balanced,episode_001,4,4012,37,Q2_user_action_during_critical_breach,high,DecoyFemitter,User0,User,Impact,Op_Server0,"[""Op_Server0""]","[""Op_Server0""]","[""Enterprise1"", ""Op_Server0"", ""User0"", ""User1""]","[""Enterprise1"", ""Op_Server0"", ""User0"", ""User1""]","{""blue_first_relevant_response_after_critical"": 13, ""blue_first_relevant_response_after_enterprise"": 6, ""enterprise_foothold_step"": 5, ""first_critical_hit_step"": 12, ""window_end"": null, ""window_start"": null}"
ours_stage2_fair,11,stage2_ext_001_obj_2,critical_safe_balanced,episode_001,4,4012,39,Q2_user_action_during_critical_breach,high,Remove,User1,User,Impact,Op_Server0,"[""Op_Server0""]","[""Op_Server0""]","[""Enterprise1"", ""Op_Server0"", ""User0"", ""User1""]","[""Enterprise1"", ""Op_Server0"", ""User0"", ""User1""]","{""blue_first_relevant_response_after_critical"": 13, ""blue_first_relevant_response_after_enterprise"": 6, ""enterprise_foothold_step"": 5, ""first_critical_hit_step"": 12, ""window_end"": null, ""window_start"": null}"
ours_stage2_fair,11,stage2_ext_001_obj_2,critical_safe_balanced,episode_001,4,4012,43,Q2_user_action_during_critical_breach,high,DecoySSHD,User4,User,Impact,Op_Server0,"[""Op_Server0""]","[""Op_Server0""]","[""Enterprise1"", ""Op_Server0"", ""User0"", ""User1""]","[""Enterprise1"", ""Op_Server0"", ""User0"", ""User1""]","{""blue_first_relevant_response_after_critical"": 13, ""blue_first_relevant_response_after_enterprise"": 6, ""enterprise_foothold_step"": 5, ""first_critical_hit_step"": 12, ""window_end"": null, ""window_start"": null}"
ours_stage2_fair,11,stage2_ext_001_obj_2,critical_safe_balanced,episode_001,4,4012,44,Q2_user_action_during_critical_breach,high,DecoyTomcat,User3,User,Impact,Op_Server0,"[""Op_Server0""]","[""Op_Server0""]","[""Enterprise1"", ""Op_Server0"", ""User0"", ""User1""]","[""Enterprise1"", ""Op_Server0"", ""User0"", ""User1""]","{""blue_first_relevant_response_after_critical"": 13, ""blue_first_relevant_response_after_enterprise"": 6, ""enterprise_foothold_step"": 5, ""first_critical_hit_step"": 12, ""window_end"": null, ""window_start"": null}"
ours_stage2_fair,11,stage2_ext_001_obj_2,critical_safe_balanced,episode_001,4,4012,48,Q2_user_action_during_critical_breach,high,DecoySvchost,User4,User,Impact,Op_Server0,"[""Op_Server0""]","[""Op_Server0""]","[""Enterprise1"", ""Op_Server0"", ""User0"", ""User1""]","[""Enterprise1"", ""Op_Server0"", ""User0"", ""User1""]","{""blue_first_relevant_response_after_critical"": 13, ""blue_first_relevant_response_after_enterprise"": 6, ""enterprise_foothold_step"": 5, ""first_critical_hit_step"": 12, ""window_end"": null, ""window_start"": null}"
ours_stage2_fair,11,stage2_ext_001_obj_2,critical_safe_balanced,episode_001,4,4012,49,Q2_user_action_during_critical_breach,high,DecoyHarakaSMPT,User0,User,Impact,Op_Server0,"[""Op_Server0""]","[""Op_Server0""]","[""Enterprise1"", ""Op_Server0"", ""User0"", ""User1""]","[""Enterprise1"", ""Op_Server0"", ""User0"", ""User1""]","{""blue_first_relevant_response_after_critical"": 13, ""blue_first_relevant_response_after_enterprise"": 6, ""enterprise_foothold_step"": 5, ""first_critical_hit_step"": 12, ""window_end"": null, ""window_start"": null}"
ours_stage2_fair,11,stage2_ext_001_obj_2,critical_safe_balanced,episode_001,4,4012,54,Q2_user_action_during_critical_breach,high,DecoySSHD,User4,User,PrivilegeEscalate,Op_Server0,"[""Op_Server0""]","[""Op_Server0""]","[""Enterprise1"", ""Op_Server0"", ""User0"", ""User1""]","[""Enterprise1"", ""Op_Server0"", ""User0"", ""User1""]","{""blue_first_relevant_response_after_critical"": 13, ""blue_first_relevant_response_after_enterprise"": 6, ""enterprise_foothold_step"": 5, ""first_critical_hit_step"": 12, ""window_end"": null, ""window_start"": null}"
ours_stage2_fair,11,stage2_ext_001_obj_2,critical_safe_balanced,episode_001,4,4012,57,Q2_user_action_during_critical_breach,high,DecoyFemitter,User4,User,Impact,Op_Server0,"[""Op_Server0""]","[""Op_Server0""]","[""Enterprise1"", ""Op_Server0"", ""User0"", ""User1""]","[""Enterprise1"", ""Op_Server0"", ""User0"", ""User1""]","{""blue_first_relevant_response_after_critical"": 13, ""blue_first_relevant_response_after_enterprise"": 6, ""enterprise_foothold_step"": 5, ""first_critical_hit_step"": 12, ""window_end"": null, ""window_start"": null}"
ours_stage2_fair,11,stage2_ext_001_obj_2,critical_safe_balanced,episode_001,4,4012,62,Q2_user_action_during_critical_breach,high,DecoySSHD,User4,User,Impact,Op_Server0,"[""Op_Server0""]","[""Op_Server0""]","[""Enterprise1"", ""Op_Server0"", ""User0"", ""User1""]","[""Enterprise1"", ""Op_Server0"", ""User0"", ""User1""]","{""blue_first_relevant_response_after_critical"": 13, ""blue_first_relevant_response_after_enterprise"": 6, ""enterprise_foothold_step"": 5, ""first_critical_hit_step"": 12, ""window_end"": null, ""window_start"": null}"
ours_stage2_fair,11,stage2_ext_001_obj_2,critical_safe_balanced,episode_001,4,4012,66,Q2_user_action_during_critical_breach,high,DecoyTomcat,User4,User,Impact,Op_Server0,"[""Op_Server0""]","[""Op_Server0""]","[""Enterprise1"", ""Op_Server0"", ""User0"", ""User1""]","[""Enterprise1"", ""Op_Server0"", ""User0"", ""User1""]","{""blue_first_relevant_response_after_critical"": 13, ""blue_first_relevant_response_after_enterprise"": 6, ""enterprise_foothold_step"": 5, ""first_critical_hit_step"": 12, ""window_end"": null, ""window_start"": null}"
ours_stage2_fair,11,stage2_ext_001_obj_2,critical_safe_balanced,episode_001,4,4012,79,Q2_user_action_during_critical_breach,high,DecoyHarakaSMPT,User2,User,Impact,Op_Server0,"[""Op_Server0""]","[""Op_Server0""]","[""Enterprise1"", ""Op_Server0"", ""User0"", ""User1""]","[""Enterprise1"", ""Op_Server0"", ""User0"", ""User1""]","{""blue_first_relevant_response_after_critical"": 13, ""blue_first_relevant_response_after_enterprise"": 6, ""enterprise_foothold_step"": 5, ""first_critical_hit_step"": 12, ""window_end"": null, ""window_start"": null}"
ours_stage2_fair,11,stage2_ext_001_obj_2,critical_safe_balanced,episode_001,4,4012,88,Q2_user_action_during_critical_breach,high,DecoyVsftpd,User3,User,Impact,Op_Server0,"[""Op_Server0""]","[""Op_Server0""]","[""Enterprise1"", ""Op_Server0"", ""User0"", ""User1""]","[""Enterprise1"", ""Op_Server0"", ""User0"", ""User1""]","{""blue_first_relevant_response_after_critical"": 13, ""blue_first_relevant_response_after_enterprise"": 6, ""enterprise_foothold_step"": 5, ""first_critical_hit_step"": 12, ""window_end"": null, ""window_start"": null}"
ours_stage2_fair,11,stage2_ext_001_obj_2,critical_safe_balanced,episode_001,4,4012,15,Q5_repeated_low_value_decoy_loop,medium,DecoySSHD,User4,User,Impact,Op_Server0,"[""Op_Server0""]","[""Op_Server0""]","[""Enterprise1"", ""Op_Server0"", ""User0"", ""User1""]","[""Enterprise1"", ""Op_Server0"", ""User0"", ""User1""]","{""blue_first_relevant_response_after_critical"": 13, ""blue_first_relevant_response_after_enterprise"": 6, ""enterprise_foothold_step"": 5, ""first_critical_hit_step"": 12, ""window_end"": 24, ""window_start"": 15}"
ours_stage2_fair,11,stage2_ext_001_obj_2,critical_safe_balanced,episode_001,5,5012,19,Q2_user_action_during_critical_breach,high,DecoyHarakaSMPT,User0,User,Impact,Op_Server0,"[""Op_Server0""]","[""Op_Server0""]","[""Enterprise0"", ""Enterprise2"", ""Op_Server0"", ""User0"", ""User3""]","[""Enterprise0"", ""Enterprise2"", ""Op_Server0"", ""User0"", ""User3""]","{""blue_first_relevant_response_after_critical"": 13, ""blue_first_relevant_response_after_enterprise"": 8, ""enterprise_foothold_step"": 5, ""first_critical_hit_step"": 12, ""window_end"": null, ""window_start"": null}"
ours_stage2_fair,11,stage2_ext_001_obj_2,critical_safe_balanced,episode_001,5,5012,21,Q2_user_action_during_critical_breach,high,DecoySvchost,User4,User,Impact,Op_Server0,"[""Op_Server0""]","[""Op_Server0""]","[""Enterprise0"", ""Op_Server0"", ""User0"", ""User3""]","[""Enterprise0"", ""Op_Server0"", ""User0"", ""User3""]","{""blue_first_relevant_response_after_critical"": 13, ""blue_first_relevant_response_after_enterprise"": 8, ""enterprise_foothold_step"": 5, ""first_critical_hit_step"": 12, ""window_end"": null, ""window_start"": null}"
ours_stage2_fair,11,stage2_ext_001_obj_2,critical_safe_balanced,episode_001,5,5012,27,Q2_user_action_during_critical_breach,high,DecoyHarakaSMPT,User4,User,Impact,Op_Server0,"[""Op_Server0""]","[""Op_Server0""]","[""Enterprise0"", ""Op_Server0"", ""User0"", ""User3""]","[""Enterprise0"", ""Op_Server0"", ""User0"", ""User3""]","{""blue_first_relevant_response_after_critical"": 13, ""blue_first_relevant_response_after_enterprise"": 8, ""enterprise_foothold_step"": 5, ""first_critical_hit_step"": 12, ""window_end"": null, ""window_start"": null}"
ours_stage2_fair,11,stage2_ext_001_obj_2,critical_safe_balanced,episode_001,5,5012,31,Q2_user_action_during_critical_breach,high,DecoySSHD,User4,User,Impact,Op_Server0,"[""Op_Server0""]","[""Op_Server0""]","[""Enterprise0"", ""Op_Server0"", ""User0"", ""User3""]","[""Enterprise0"", ""Op_Server0"", ""User0"", ""User3""]","{""blue_first_relevant_response_after_critical"": 13, ""blue_first_relevant_response_after_enterprise"": 8, ""enterprise_foothold_step"": 5, ""first_critical_hit_step"": 12, ""window_end"": null, ""window_start"": null}"
ours_stage2_fair,11,stage2_ext_001_obj_2,critical_safe_balanced,episode_001,5,5012,32,Q2_user_action_during_critical_breach,high,DecoySSHD,User4,User,Impact,Op_Server0,"[""Op_Server0""]","[""Op_Server0""]","[""Enterprise0"", ""Op_Server0"", ""User0"", ""User3""]","[""Enterprise0"", ""Op_Server0"", ""User0"", ""User3""]","{""blue_first_relevant_response_after_critical"": 13, ""blue_first_relevant_response_after_enterprise"": 8, ""enterprise_foothold_step"": 5, ""first_critical_hit_step"": 12, ""window_end"": null, ""window_start"": null}"
ours_stage2_fair,11,stage2_ext_001_obj_2,critical_safe_balanced,episode_001,5,5012,35,Q2_user_action_during_critical_breach,high,DecoySSHD,User4,User,Impact,Op_Server0,"[""Op_Server0""]","[""Op_Server0""]","[""Enterprise0"", ""Op_Server0"", ""User0"", ""User3""]","[""Enterprise0"", ""Op_Server0"", ""User0"", ""User3""]","{""blue_first_relevant_response_after_critical"": 13, ""blue_first_relevant_response_after_enterprise"": 8, ""enterprise_foothold_step"": 5, ""first_critical_hit_step"": 12, ""window_end"": null, ""window_start"": null}"
ours_stage2_fair,11,stage2_ext_001_obj_2,critical_safe_balanced,episode_001,5,5012,48,Q2_user_action_during_critical_breach,high,DecoySSHD,User4,User,Impact,Op_Server0,"[""Op_Server0""]","[""Op_Server0""]","[""Enterprise0"", ""Op_Server0"", ""User0"", ""User3""]","[""Enterprise0"", ""Op_Server0"", ""User0"", ""User3""]","{""blue_first_relevant_response_after_critical"": 13, ""blue_first_relevant_response_after_enterprise"": 8, ""enterprise_foothold_step"": 5, ""first_critical_hit_step"": 12, ""window_end"": null, ""window_start"": null}"
ours_stage2_fair,11,stage2_ext_001_obj_2,critical_safe_balanced,episode_001,5,5012,50,Q2_user_action_during_critical_breach,high,DecoyVsftpd,User2,User,Impact,Op_Server0,"[""Op_Server0""]","[""Op_Server0""]","[""Enterprise0"", ""Op_Server0"", ""User0"", ""User3""]","[""Enterprise0"", ""Op_Server0"", ""User0"", ""User3""]","{""blue_first_relevant_response_after_critical"": 13, ""blue_first_relevant_response_after_enterprise"": 8, ""enterprise_foothold_step"": 5, ""first_critical_hit_step"": 12, ""window_end"": null, ""window_start"": null}"
ours_stage2_fair,11,stage2_ext_001_obj_2,critical_safe_balanced,episode_001,5,5012,55,Q2_user_action_during_critical_breach,high,DecoySSHD,User4,User,Impact,Op_Server0,"[""Op_Server0""]","[""Op_Server0""]","[""Enterprise0"", ""Op_Server0"", ""User0"", ""User3""]","[""Enterprise0"", ""Op_Server0"", ""User0"", ""User3""]","{""blue_first_relevant_response_after_critical"": 13, ""blue_first_relevant_response_after_enterprise"": 8, ""enterprise_foothold_step"": 5, ""first_critical_hit_step"": 12, ""window_end"": null, ""window_start"": null}"
ours_stage2_fair,11,stage2_ext_001_obj_2,critical_safe_balanced,episode_001,5,5012,58,Q2_user_action_during_critical_breach,high,DecoyTomcat,User4,User,Impact,Op_Server0,"[""Op_Server0""]","[""Op_Server0""]","[""Enterprise0"", ""Op_Server0"", ""User0"", ""User3""]","[""Enterprise0"", ""Op_Server0"", ""User0"", ""User3""]","{""blue_first_relevant_response_after_critical"": 13, ""blue_first_relevant_response_after_enterprise"": 8, ""enterprise_foothold_step"": 5, ""first_critical_hit_step"": 12, ""window_end"": null, ""window_start"": null}"
ours_stage2_fair,11,stage2_ext_001_obj_2,critical_safe_balanced,episode_001,5,5012,62,Q2_user_action_during_critical_breach,high,DecoyFemitter,User4,User,Impact,Op_Server0,"[""Op_Server0""]","[""Op_Server0""]","[""Enterprise0"", ""Op_Server0"", ""User0"", ""User3""]","[""Enterprise0"", ""Op_Server0"", ""User0"", ""User3""]","{""blue_first_relevant_response_after_critical"": 13, ""blue_first_relevant_response_after_enterprise"": 8, ""enterprise_foothold_step"": 5, ""first_critical_hit_step"": 12, ""window_end"": null, ""window_start"": null}"
ours_stage2_fair,11,stage2_ext_001_obj_2,critical_safe_balanced,episode_001,5,5012,64,Q2_user_action_during_critical_breach,high,DecoyApache,User0,User,Impact,Op_Server0,"[""Op_Server0""]","[""Op_Server0""]","[""Enterprise0"", ""Op_Server0"", ""User0"", ""User3""]","[""Enterprise0"", ""Op_Server0"", ""User0"", ""User3""]","{""blue_first_relevant_response_after_critical"": 13, ""blue_first_relevant_response_after_enterprise"": 8, ""enterprise_foothold_step"": 5, ""first_critical_hit_step"": 12, ""window_end"": null, ""window_start"": null}"
ours_stage2_fair,11,stage2_ext_001_obj_2,critical_safe_balanced,episode_001,5,5012,65,Q2_user_action_during_critical_breach,high,DecoySvchost,User4,User,Impact,Op_Server0,"[""Op_Server0""]","[""Op_Server0""]","[""Enterprise0"", ""Op_Server0"", ""User0"", ""User3""]","[""Enterprise0"", ""Op_Server0"", ""User0"", ""User3""]","{""blue_first_relevant_response_after_critical"": 13, ""blue_first_relevant_response_after_enterprise"": 8, ""enterprise_foothold_step"": 5, ""first_critical_hit_step"": 12, ""window_end"": null, ""window_start"": null}"
ours_stage2_fair,11,stage2_ext_001_obj_2,critical_safe_balanced,episode_001,5,5012,66,Q2_user_action_during_critical_breach,high,DecoySvchost,User4,User,Impact,Op_Server0,"[""Op_Server0""]","[""Op_Server0""]","[""Enterprise0"", ""Op_Server0"", ""User0"", ""User3""]","[""Enterprise0"", ""Op_Server0"", ""User0"", ""User3""]","{""blue_first_relevant_response_after_critical"": 13, ""blue_first_relevant_response_after_enterprise"": 8, ""enterprise_foothold_step"": 5, ""first_critical_hit_step"": 12, ""window_end"": null, ""window_start"": null}"
ours_stage2_fair,11,stage2_ext_001_obj_2,critical_safe_balanced,episode_001,5,5012,71,Q2_user_action_during_critical_breach,high,DecoySSHD,User4,User,Impact,Op_Server0,"[""Op_Server0""]","[""Op_Server0""]","[""Enterprise0"", ""Op_Server0"", ""User0"", ""User3""]","[""Enterprise0"", ""Op_Server0"", ""User0"", ""User3""]","{""blue_first_relevant_response_after_critical"": 13, ""blue_first_relevant_response_after_enterprise"": 8, ""enterprise_foothold_step"": 5, ""first_critical_hit_step"": 12, ""window_end"": null, ""window_start"": null}"
ours_stage2_fair,11,stage2_ext_001_obj_2,critical_safe_balanced,episode_001,5,5012,72,Q2_user_action_during_critical_breach,high,DecoyApache,User4,User,Impact,Op_Server0,"[""Op_Server0""]","[""Op_Server0""]","[""Enterprise0"", ""Op_Server0"", ""User0"", ""User3""]","[""Enterprise0"", ""Op_Server0"", ""User0"", ""User3""]","{""blue_first_relevant_response_after_critical"": 13, ""blue_first_relevant_response_after_enterprise"": 8, ""enterprise_foothold_step"": 5, ""first_critical_hit_step"": 12, ""window_end"": null, ""window_start"": null}"
ours_stage2_fair,11,stage2_ext_001_obj_2,critical_safe_balanced,episode_001,5,5012,73,Q2_user_action_during_critical_breach,high,DecoySvchost,User4,User,Impact,Op_Server0,"[""Op_Server0""]","[""Op_Server0""]","[""Enterprise0"", ""Op_Server0"", ""User0"", ""User3""]","[""Enterprise0"", ""Op_Server0"", ""User0"", ""User3""]","{""blue_first_relevant_response_after_critical"": 13, ""blue_first_relevant_response_after_enterprise"": 8, ""enterprise_foothold_step"": 5, ""first_critical_hit_step"": 12, ""window_end"": null, ""window_start"": null}"
ours_stage2_fair,11,stage2_ext_001_obj_2,critical_safe_balanced,episode_001,5,5012,76,Q2_user_action_during_critical_breach,high,DecoyFemitter,User0,User,Impact,Op_Server0,"[""Op_Server0""]","[""Op_Server0""]","[""Enterprise0"", ""Op_Server0"", ""User0"", ""User3""]","[""Enterprise0"", ""Op_Server0"", ""User0"", ""User3""]","{""blue_first_relevant_response_after_critical"": 13, ""blue_first_relevant_response_after_enterprise"": 8, ""enterprise_foothold_step"": 5, ""first_critical_hit_step"": 12, ""window_end"": null, ""window_start"": null}"
ours_stage2_fair,11,stage2_ext_001_obj_2,critical_safe_balanced,episode_001,5,5012,81,Q2_user_action_during_critical_breach,high,DecoySSHD,User4,User,Impact,Op_Server0,"[""Op_Server0""]","[""Op_Server0""]","[""Enterprise0"", ""Op_Server0"", ""User0"", ""User3""]","[""Enterprise0"", ""Op_Server0"", ""User0"", ""User3""]","{""blue_first_relevant_response_after_critical"": 13, ""blue_first_relevant_response_after_enterprise"": 8, ""enterprise_foothold_step"": 5, ""first_critical_hit_step"": 12, ""window_end"": null, ""window_start"": null}"
ours_stage2_fair,11,stage2_ext_001_obj_2,critical_safe_balanced,episode_001,5,5012,84,Q2_user_action_during_critical_breach,high,DecoySvchost,User2,User,Impact,Op_Server0,"[""Op_Server0""]","[""Op_Server0""]","[""Enterprise0"", ""Op_Server0"", ""User0"", ""User3""]","[""Enterprise0"", ""Op_Server0"", ""User0"", ""User3""]","{""blue_first_relevant_response_after_critical"": 13, ""blue_first_relevant_response_after_enterprise"": 8, ""enterprise_foothold_step"": 5, ""first_critical_hit_step"": 12, ""window_end"": null, ""window_start"": null}"
ours_stage2_fair,11,stage2_ext_001_obj_2,critical_safe_balanced,episode_001,5,5012,86,Q2_user_action_during_critical_breach,high,DecoySSHD,User4,User,Impact,Op_Server0,"[""Op_Server0""]","[""Op_Server0""]","[""Enterprise0"", ""Op_Server0"", ""User0"", ""User3""]","[""Enterprise0"", ""Op_Server0"", ""User0"", ""User3""]","{""blue_first_relevant_response_after_critical"": 13, ""blue_first_relevant_response_after_enterprise"": 8, ""enterprise_foothold_step"": 5, ""first_critical_hit_step"": 12, ""window_end"": null, ""window_start"": null}"
ours_stage2_fair,11,stage2_ext_001_obj_2,critical_safe_balanced,episode_001,5,5012,87,Q2_user_action_during_critical_breach,high,DecoySvchost,User4,User,Impact,Op_Server0,"[""Op_Server0""]","[""Op_Server0""]","[""Enterprise0"", ""Op_Server0"", ""User0"", ""User3""]","[""Enterprise0"", ""Op_Server0"", ""User0"", ""User3""]","{""blue_first_relevant_response_after_critical"": 13, ""blue_first_relevant_response_after_enterprise"": 8, ""enterprise_foothold_step"": 5, ""first_critical_hit_step"": 12, ""window_end"": null, ""window_start"": null}"
ours_stage2_fair,11,stage2_ext_001_obj_2,critical_safe_balanced,episode_001,5,5012,88,Q2_user_action_during_critical_breach,high,DecoySvchost,User4,User,Impact,Op_Server0,"[""Op_Server0""]","[""Op_Server0""]","[""Enterprise0"", ""Op_Server0"", ""User0"", ""User3""]","[""Enterprise0"", ""Op_Server0"", ""User0"", ""User3""]","{""blue_first_relevant_response_after_critical"": 13, ""blue_first_relevant_response_after_enterprise"": 8, ""enterprise_foothold_step"": 5, ""first_critical_hit_step"": 12, ""window_end"": null, ""window_start"": null}"
ours_stage2_fair,11,stage2_ext_001_obj_2,critical_safe_balanced,episode_001,5,5012,93,Q2_user_action_during_critical_breach,high,DecoyHarakaSMPT,User0,User,PrivilegeEscalate,Op_Server0,"[""Op_Server0""]","[""Op_Server0""]","[""Enterprise0"", ""Op_Server0"", ""User0"", ""User3""]","[""Enterprise0"", ""Op_Server0"", ""User0"", ""User3""]","{""blue_first_relevant_response_after_critical"": 13, ""blue_first_relevant_response_after_enterprise"": 8, ""enterprise_foothold_step"": 5, ""first_critical_hit_step"": 12, ""window_end"": null, ""window_start"": null}"
ours_stage2_fair,11,stage2_ext_001_obj_2,critical_safe_balanced,episode_001,5,5012,94,Q2_user_action_during_critical_breach,high,Remove,User1,User,Impact,Op_Server0,"[""Op_Server0""]","[""Op_Server0""]","[""Enterprise0"", ""Op_Server0"", ""User0"", ""User3""]","[""Enterprise0"", ""Op_Server0"", ""User0"", ""User3""]","{""blue_first_relevant_response_after_critical"": 13, ""blue_first_relevant_response_after_enterprise"": 8, ""enterprise_foothold_step"": 5, ""first_critical_hit_step"": 12, ""window_end"": null, ""window_start"": null}"
ours_stage2_fair,11,stage2_ext_001_obj_2,critical_safe_balanced,episode_001,5,5012,95,Q2_user_action_during_critical_breach,high,DecoySvchost,User4,User,Impact,Op_Server0,"[""Op_Server0""]","[""Op_Server0""]","[""Enterprise0"", ""Op_Server0"", ""User0"", ""User3""]","[""Enterprise0"", ""Op_Server0"", ""User0"", ""User3""]","{""blue_first_relevant_response_after_critical"": 13, ""blue_first_relevant_response_after_enterprise"": 8, ""enterprise_foothold_step"": 5, ""first_critical_hit_step"": 12, ""window_end"": null, ""window_start"": null}"
ours_stage2_fair,11,stage2_ext_001_obj_2,critical_safe_balanced,episode_001,5,5012,96,Q2_user_action_during_critical_breach,high,DecoySvchost,User0,User,Impact,Op_Server0,"[""Op_Server0""]","[""Op_Server0""]","[""Enterprise0"", ""Op_Server0"", ""User0"", ""User3""]","[""Enterprise0"", ""Op_Server0"", ""User0"", ""User3""]","{""blue_first_relevant_response_after_critical"": 13, ""blue_first_relevant_response_after_enterprise"": 8, ""enterprise_foothold_step"": 5, ""first_critical_hit_step"": 12, ""window_end"": null, ""window_start"": null}"
ours_stage2_fair,11,stage2_ext_001_obj_2,critical_safe_balanced,episode_001,5,5012,97,Q2_user_action_during_critical_breach,high,DecoySSHD,User4,User,Impact,Op_Server0,"[""Op_Server0""]","[""Op_Server0""]","[""Enterprise0"", ""Op_Server0"", ""User0"", ""User3""]","[""Enterprise0"", ""Op_Server0"", ""User0"", ""User3""]","{""blue_first_relevant_response_after_critical"": 13, ""blue_first_relevant_response_after_enterprise"": 8, ""enterprise_foothold_step"": 5, ""first_critical_hit_step"": 12, ""window_end"": null, ""window_start"": null}"
ours_stage2_fair,11,stage2_ext_001_obj_2,critical_safe_balanced,episode_001,5,5012,99,Q2_user_action_during_critical_breach,high,DecoySvchost,User4,User,Impact,Op_Server0,"[""Op_Server0""]","[""Op_Server0""]","[""Enterprise0"", ""Op_Server0"", ""User0"", ""User3""]","[""Enterprise0"", ""Op_Server0"", ""User0"", ""User3""]","{""blue_first_relevant_response_after_critical"": 13, ""blue_first_relevant_response_after_enterprise"": 8, ""enterprise_foothold_step"": 5, ""first_critical_hit_step"": 12, ""window_end"": null, ""window_start"": null}"
ours_stage2_fair,11,stage2_ext_001_obj_2,critical_safe_balanced,episode_001,5,5012,64,Q4_user_focus_after_enterprise_foothold,medium,DecoyApache,User0,User,Impact,Op_Server0,"[""Op_Server0""]","[""Op_Server0""]","[""Enterprise0"", ""Op_Server0"", ""User0"", ""User3""]","[""Enterprise0"", ""Op_Server0"", ""User0"", ""User3""]","{""blue_first_relevant_response_after_critical"": 13, ""blue_first_relevant_response_after_enterprise"": 8, ""enterprise_foothold_step"": 5, ""first_critical_hit_step"": 12, ""window_end"": 66, ""window_start"": 64}"
ours_stage2_fair,11,stage2_ext_001_obj_2,critical_safe_balanced,episode_001,5,5012,71,Q4_user_focus_after_enterprise_foothold,medium,DecoySSHD,User4,User,Impact,Op_Server0,"[""Op_Server0""]","[""Op_Server0""]","[""Enterprise0"", ""Op_Server0"", ""User0"", ""User3""]","[""Enterprise0"", ""Op_Server0"", ""User0"", ""User3""]","{""blue_first_relevant_response_after_critical"": 13, ""blue_first_relevant_response_after_enterprise"": 8, ""enterprise_foothold_step"": 5, ""first_critical_hit_step"": 12, ""window_end"": 73, ""window_start"": 71}"
ours_stage2_fair,11,stage2_ext_001_obj_2,critical_safe_balanced,episode_001,5,5012,86,Q4_user_focus_after_enterprise_foothold,medium,DecoySSHD,User4,User,Impact,Op_Server0,"[""Op_Server0""]","[""Op_Server0""]","[""Enterprise0"", ""Op_Server0"", ""User0"", ""User3""]","[""Enterprise0"", ""Op_Server0"", ""User0"", ""User3""]","{""blue_first_relevant_response_after_critical"": 13, ""blue_first_relevant_response_after_enterprise"": 8, ""enterprise_foothold_step"": 5, ""first_critical_hit_step"": 12, ""window_end"": 88, ""window_start"": 86}"
ours_stage2_fair,11,stage2_ext_001_obj_2,critical_safe_balanced,episode_001,5,5012,93,Q4_user_focus_after_enterprise_foothold,medium,DecoyHarakaSMPT,User0,User,PrivilegeEscalate,Op_Server0,"[""Op_Server0""]","[""Op_Server0""]","[""Enterprise0"", ""Op_Server0"", ""User0"", ""User3""]","[""Enterprise0"", ""Op_Server0"", ""User0"", ""User3""]","{""blue_first_relevant_response_after_critical"": 13, ""blue_first_relevant_response_after_enterprise"": 8, ""enterprise_foothold_step"": 5, ""first_critical_hit_step"": 12, ""window_end"": 95, ""window_start"": 93}"
ours_stage2_fair,11,stage2_ext_001_obj_2,critical_safe_balanced,episode_001,5,5012,94,Q4_user_focus_after_enterprise_foothold,medium,Remove,User1,User,Impact,Op_Server0,"[""Op_Server0""]","[""Op_Server0""]","[""Enterprise0"", ""Op_Server0"", ""User0"", ""User3""]","[""Enterprise0"", ""Op_Server0"", ""User0"", ""User3""]","{""blue_first_relevant_response_after_critical"": 13, ""blue_first_relevant_response_after_enterprise"": 8, ""enterprise_foothold_step"": 5, ""first_critical_hit_step"": 12, ""window_end"": 96, ""window_start"": 94}"
ours_stage2_fair,11,stage2_ext_001_obj_2,critical_safe_balanced,episode_001,5,5012,95,Q4_user_focus_after_enterprise_foothold,medium,DecoySvchost,User4,User,Impact,Op_Server0,"[""Op_Server0""]","[""Op_Server0""]","[""Enterprise0"", ""Op_Server0"", ""User0"", ""User3""]","[""Enterprise0"", ""Op_Server0"", ""User0"", ""User3""]","{""blue_first_relevant_response_after_critical"": 13, ""blue_first_relevant_response_after_enterprise"": 8, ""enterprise_foothold_step"": 5, ""first_critical_hit_step"": 12, ""window_end"": 97, ""window_start"": 95}"
ours_stage2_fair,11,stage2_ext_001_obj_2,critical_safe_balanced,episode_001,5,5012,23,Q5_repeated_low_value_decoy_loop,medium,DecoySSHD,User4,User,PrivilegeEscalate,Op_Server0,[],[],"[""Enterprise0"", ""User0"", ""User3""]","[""Enterprise0"", ""User0"", ""User3""]","{""blue_first_relevant_response_after_critical"": 13, ""blue_first_relevant_response_after_enterprise"": 8, ""enterprise_foothold_step"": 5, ""first_critical_hit_step"": 12, ""window_end"": 32, ""window_start"": 23}"
ours_stage2_fair,11,stage2_ext_001_obj_2,critical_safe_balanced,episode_001,6,6012,15,Q2_user_action_during_critical_breach,high,DecoySvchost,User4,User,Impact,Op_Server0,"[""Op_Server0""]","[""Op_Server0""]","[""Enterprise1"", ""Op_Server0"", ""User0"", ""User2""]","[""Enterprise1"", ""Op_Server0"", ""User0"", ""User2""]","{""blue_first_relevant_response_after_critical"": 14, ""blue_first_relevant_response_after_enterprise"": 7, ""enterprise_foothold_step"": 5, ""first_critical_hit_step"": 12, ""window_end"": null, ""window_start"": null}"
ours_stage2_fair,11,stage2_ext_001_obj_2,critical_safe_balanced,episode_001,6,6012,20,Q2_user_action_during_critical_breach,high,DecoySSHD,User4,User,PrivilegeEscalate,Op_Server0,"[""Op_Server0""]","[""Op_Server0""]","[""Enterprise1"", ""Op_Server0"", ""User0"", ""User2""]","[""Enterprise1"", ""Op_Server0"", ""User0"", ""User2""]","{""blue_first_relevant_response_after_critical"": 14, ""blue_first_relevant_response_after_enterprise"": 7, ""enterprise_foothold_step"": 5, ""first_critical_hit_step"": 12, ""window_end"": null, ""window_start"": null}"
ours_stage2_fair,11,stage2_ext_001_obj_2,critical_safe_balanced,episode_001,6,6012,21,Q2_user_action_during_critical_breach,high,DecoyVsftpd,User4,User,Impact,Op_Server0,"[""Op_Server0""]","[""Op_Server0""]","[""Enterprise1"", ""Op_Server0"", ""User0"", ""User2""]","[""Enterprise1"", ""Op_Server0"", ""User0"", ""User2""]","{""blue_first_relevant_response_after_critical"": 14, ""blue_first_relevant_response_after_enterprise"": 7, ""enterprise_foothold_step"": 5, ""first_critical_hit_step"": 12, ""window_end"": null, ""window_start"": null}"
ours_stage2_fair,11,stage2_ext_001_obj_2,critical_safe_balanced,episode_001,6,6012,34,Q2_user_action_during_critical_breach,high,DecoySvchost,User4,User,Impact,Op_Server0,"[""Op_Server0""]","[""Op_Server0""]","[""Enterprise1"", ""Op_Server0"", ""User0"", ""User2""]","[""Enterprise1"", ""Op_Server0"", ""User0"", ""User2""]","{""blue_first_relevant_response_after_critical"": 14, ""blue_first_relevant_response_after_enterprise"": 7, ""enterprise_foothold_step"": 5, ""first_critical_hit_step"": 12, ""window_end"": null, ""window_start"": null}"
ours_stage2_fair,11,stage2_ext_001_obj_2,critical_safe_balanced,episode_001,6,6012,35,Q2_user_action_during_critical_breach,high,DecoyVsftpd,User4,User,Impact,Op_Server0,"[""Op_Server0""]","[""Op_Server0""]","[""Enterprise1"", ""Op_Server0"", ""User0"", ""User2""]","[""Enterprise1"", ""Op_Server0"", ""User0"", ""User2""]","{""blue_first_relevant_response_after_critical"": 14, ""blue_first_relevant_response_after_enterprise"": 7, ""enterprise_foothold_step"": 5, ""first_critical_hit_step"": 12, ""window_end"": null, ""window_start"": null}"
ours_stage2_fair,11,stage2_ext_001_obj_2,critical_safe_balanced,episode_001,6,6012,37,Q2_user_action_during_critical_breach,high,DecoyFemitter,User4,User,Impact,Op_Server0,"[""Op_Server0""]","[""Op_Server0""]","[""Enterprise1"", ""Op_Server0"", ""User0"", ""User2""]","[""Enterprise1"", ""Op_Server0"", ""User0"", ""User2""]","{""blue_first_relevant_response_after_critical"": 14, ""blue_first_relevant_response_after_enterprise"": 7, ""enterprise_foothold_step"": 5, ""first_critical_hit_step"": 12, ""window_end"": null, ""window_start"": null}"
ours_stage2_fair,11,stage2_ext_001_obj_2,critical_safe_balanced,episode_001,6,6012,47,Q2_user_action_during_critical_breach,high,Remove,User3,User,Impact,Op_Server0,"[""Op_Server0""]","[""Op_Server0""]","[""Enterprise1"", ""Op_Server0"", ""User0"", ""User2""]","[""Enterprise1"", ""Op_Server0"", ""User0"", ""User2""]","{""blue_first_relevant_response_after_critical"": 14, ""blue_first_relevant_response_after_enterprise"": 7, ""enterprise_foothold_step"": 5, ""first_critical_hit_step"": 12, ""window_end"": null, ""window_start"": null}"
ours_stage2_fair,11,stage2_ext_001_obj_2,critical_safe_balanced,episode_001,6,6012,54,Q2_user_action_during_critical_breach,high,DecoySSHD,User4,User,Impact,Op_Server0,"[""Op_Server0""]","[""Op_Server0""]","[""Enterprise1"", ""Op_Server0"", ""User0"", ""User2""]","[""Enterprise1"", ""Op_Server0"", ""User0"", ""User2""]","{""blue_first_relevant_response_after_critical"": 14, ""blue_first_relevant_response_after_enterprise"": 7, ""enterprise_foothold_step"": 5, ""first_critical_hit_step"": 12, ""window_end"": null, ""window_start"": null}"
ours_stage2_fair,11,stage2_ext_001_obj_2,critical_safe_balanced,episode_001,6,6012,59,Q2_user_action_during_critical_breach,high,DecoyVsftpd,User4,User,Impact,Op_Server0,"[""Op_Server0""]","[""Op_Server0""]","[""Enterprise1"", ""Op_Server0"", ""User0"", ""User2""]","[""Enterprise1"", ""Op_Server0"", ""User0"", ""User2""]","{""blue_first_relevant_response_after_critical"": 14, ""blue_first_relevant_response_after_enterprise"": 7, ""enterprise_foothold_step"": 5, ""first_critical_hit_step"": 12, ""window_end"": null, ""window_start"": null}"
ours_stage2_fair,11,stage2_ext_001_obj_2,critical_safe_balanced,episode_001,6,6012,63,Q2_user_action_during_critical_breach,high,DecoySSHD,User4,User,PrivilegeEscalate,Op_Server0,"[""Op_Server0""]","[""Op_Server0""]","[""Enterprise1"", ""Op_Server0"", ""User0"", ""User2""]","[""Enterprise1"", ""Op_Server0"", ""User0"", ""User2""]","{""blue_first_relevant_response_after_critical"": 14, ""blue_first_relevant_response_after_enterprise"": 7, ""enterprise_foothold_step"": 5, ""first_critical_hit_step"": 12, ""window_end"": null, ""window_start"": null}"
ours_stage2_fair,11,stage2_ext_001_obj_2,critical_safe_balanced,episode_001,6,6012,65,Q2_user_action_during_critical_breach,high,DecoySSHD,User4,User,Impact,Op_Server0,"[""Op_Server0""]","[""Op_Server0""]","[""Enterprise1"", ""Op_Server0"", ""User0"", ""User2""]","[""Enterprise1"", ""Op_Server0"", ""User0"", ""User2""]","{""blue_first_relevant_response_after_critical"": 14, ""blue_first_relevant_response_after_enterprise"": 7, ""enterprise_foothold_step"": 5, ""first_critical_hit_step"": 12, ""window_end"": null, ""window_start"": null}"
ours_stage2_fair,11,stage2_ext_001_obj_2,critical_safe_balanced,episode_001,6,6012,75,Q2_user_action_during_critical_breach,high,DecoySvchost,User4,User,Impact,Op_Server0,"[""Op_Server0""]","[""Op_Server0""]","[""Enterprise1"", ""Op_Server0"", ""User0"", ""User2""]","[""Enterprise1"", ""Op_Server0"", ""User0"", ""User2""]","{""blue_first_relevant_response_after_critical"": 14, ""blue_first_relevant_response_after_enterprise"": 7, ""enterprise_foothold_step"": 5, ""first_critical_hit_step"": 12, ""window_end"": null, ""window_start"": null}"
ours_stage2_fair,11,stage2_ext_001_obj_2,critical_safe_balanced,episode_001,6,6012,78,Q2_user_action_during_critical_breach,high,DecoyTomcat,User4,User,Impact,Op_Server0,"[""Op_Server0""]","[""Op_Server0""]","[""Enterprise1"", ""Op_Server0"", ""User0"", ""User2""]","[""Enterprise1"", ""Op_Server0"", ""User0"", ""User2""]","{""blue_first_relevant_response_after_critical"": 14, ""blue_first_relevant_response_after_enterprise"": 7, ""enterprise_foothold_step"": 5, ""first_critical_hit_step"": 12, ""window_end"": null, ""window_start"": null}"
ours_stage2_fair,11,stage2_ext_001_obj_2,critical_safe_balanced,episode_001,6,6012,81,Q2_user_action_during_critical_breach,high,DecoySSHD,User4,User,Impact,Op_Server0,"[""Op_Server0""]","[""Op_Server0""]","[""Enterprise1"", ""Op_Server0"", ""User0"", ""User2""]","[""Enterprise1"", ""Op_Server0"", ""User0"", ""User2""]","{""blue_first_relevant_response_after_critical"": 14, ""blue_first_relevant_response_after_enterprise"": 7, ""enterprise_foothold_step"": 5, ""first_critical_hit_step"": 12, ""window_end"": null, ""window_start"": null}"
ours_stage2_fair,11,stage2_ext_001_obj_2,critical_safe_balanced,episode_001,6,6012,82,Q2_user_action_during_critical_breach,high,DecoyVsftpd,User2,User,Impact,Op_Server0,"[""Op_Server0""]","[""Op_Server0""]","[""Enterprise1"", ""Op_Server0"", ""User0"", ""User2""]","[""Enterprise1"", ""Op_Server0"", ""User0"", ""User2""]","{""blue_first_relevant_response_after_critical"": 14, ""blue_first_relevant_response_after_enterprise"": 7, ""enterprise_foothold_step"": 5, ""first_critical_hit_step"": 12, ""window_end"": null, ""window_start"": null}"
ours_stage2_fair,11,stage2_ext_001_obj_2,critical_safe_balanced,episode_001,6,6012,86,Q2_user_action_during_critical_breach,high,DecoyVsftpd,User2,User,PrivilegeEscalate,Op_Server0,"[""Op_Server0""]","[""Op_Server0""]","[""Enterprise1"", ""Op_Server0"", ""User0"", ""User2""]","[""Enterprise1"", ""Op_Server0"", ""User0"", ""User2""]","{""blue_first_relevant_response_after_critical"": 14, ""blue_first_relevant_response_after_enterprise"": 7, ""enterprise_foothold_step"": 5, ""first_critical_hit_step"": 12, ""window_end"": null, ""window_start"": null}"
ours_stage2_fair,11,stage2_ext_001_obj_2,critical_safe_balanced,episode_001,6,6012,88,Q2_user_action_during_critical_breach,high,DecoySSHD,User4,User,Impact,Op_Server0,"[""Op_Server0""]","[""Op_Server0""]","[""Enterprise1"", ""Op_Server0"", ""User0"", ""User2""]","[""Enterprise1"", ""Op_Server0"", ""User0"", ""User2""]","{""blue_first_relevant_response_after_critical"": 14, ""blue_first_relevant_response_after_enterprise"": 7, ""enterprise_foothold_step"": 5, ""first_critical_hit_step"": 12, ""window_end"": null, ""window_start"": null}"
ours_stage2_fair,11,stage2_ext_001_obj_2,critical_safe_balanced,episode_001,6,6012,89,Q2_user_action_during_critical_breach,high,DecoySSHD,User4,User,Impact,Op_Server0,"[""Op_Server0""]","[""Op_Server0""]","[""Enterprise1"", ""Op_Server0"", ""User0"", ""User2""]","[""Enterprise1"", ""Op_Server0"", ""User0"", ""User2""]","{""blue_first_relevant_response_after_critical"": 14, ""blue_first_relevant_response_after_enterprise"": 7, ""enterprise_foothold_step"": 5, ""first_critical_hit_step"": 12, ""window_end"": null, ""window_start"": null}"
ours_stage2_fair,11,stage2_ext_001_obj_2,critical_safe_balanced,episode_001,6,6012,91,Q2_user_action_during_critical_breach,high,DecoySSHD,User4,User,Impact,Op_Server0,"[""Op_Server0""]","[""Op_Server0""]","[""Enterprise1"", ""Op_Server0"", ""User0"", ""User2""]","[""Enterprise1"", ""Op_Server0"", ""User0"", ""User2""]","{""blue_first_relevant_response_after_critical"": 14, ""blue_first_relevant_response_after_enterprise"": 7, ""enterprise_foothold_step"": 5, ""first_critical_hit_step"": 12, ""window_end"": null, ""window_start"": null}"
ours_stage2_fair,11,stage2_ext_001_obj_2,critical_safe_balanced,episode_001,6,6012,94,Q2_user_action_during_critical_breach,high,DecoySSHD,User4,User,Impact,Op_Server0,"[""Op_Server0""]","[""Op_Server0""]","[""Enterprise1"", ""Op_Server0"", ""User0"", ""User2""]","[""Enterprise1"", ""Op_Server0"", ""User0"", ""User2""]","{""blue_first_relevant_response_after_critical"": 14, ""blue_first_relevant_response_after_enterprise"": 7, ""enterprise_foothold_step"": 5, ""first_critical_hit_step"": 12, ""window_end"": null, ""window_start"": null}"
ours_stage2_fair,11,stage2_ext_001_obj_2,critical_safe_balanced,episode_001,6,6012,96,Q2_user_action_during_critical_breach,high,DecoySSHD,User0,User,Impact,Op_Server0,"[""Op_Server0""]","[""Op_Server0""]","[""Enterprise1"", ""Op_Server0"", ""User0"", ""User2""]","[""Enterprise1"", ""Op_Server0"", ""User0"", ""User2""]","{""blue_first_relevant_response_after_critical"": 14, ""blue_first_relevant_response_after_enterprise"": 7, ""enterprise_foothold_step"": 5, ""first_critical_hit_step"": 12, ""window_end"": null, ""window_start"": null}"
ours_stage2_fair,11,stage2_ext_001_obj_2,critical_safe_balanced,episode_001,6,6012,18,Q4_user_focus_after_enterprise_foothold,medium,DecoySvchost,User4,User,PrivilegeEscalate,Op_Server0,[],[],"[""Enterprise1"", ""User0"", ""User2""]","[""Enterprise1"", ""User0"", ""User2""]","{""blue_first_relevant_response_after_critical"": 14, ""blue_first_relevant_response_after_enterprise"": 7, ""enterprise_foothold_step"": 5, ""first_critical_hit_step"": 12, ""window_end"": 20, ""window_start"": 18}"
ours_stage2_fair,11,stage2_ext_001_obj_2,critical_safe_balanced,episode_001,6,6012,19,Q4_user_focus_after_enterprise_foothold,medium,DecoySSHD,User4,User,ExploitRemoteService,,[],"[""Op_Server0""]","[""Enterprise1"", ""User0"", ""User2""]","[""Enterprise1"", ""Op_Server0"", ""User0"", ""User2""]","{""blue_first_relevant_response_after_critical"": 14, ""blue_first_relevant_response_after_enterprise"": 7, ""enterprise_foothold_step"": 5, ""first_critical_hit_step"": 12, ""window_end"": 21, ""window_start"": 19}"
ours_stage2_fair,11,stage2_ext_001_obj_2,critical_safe_balanced,episode_001,6,6012,88,Q5_repeated_low_value_decoy_loop,medium,DecoySSHD,User4,User,Impact,Op_Server0,"[""Op_Server0""]","[""Op_Server0""]","[""Enterprise1"", ""Op_Server0"", ""User0"", ""User2""]","[""Enterprise1"", ""Op_Server0"", ""User0"", ""User2""]","{""blue_first_relevant_response_after_critical"": 14, ""blue_first_relevant_response_after_enterprise"": 7, ""enterprise_foothold_step"": 5, ""first_critical_hit_step"": 12, ""window_end"": 93, ""window_start"": 84}"
ours_stage2_fair,11,stage2_ext_001_obj_2,critical_safe_balanced,episode_001,7,7012,16,Q2_user_action_during_critical_breach,high,Remove,User1,User,Impact,Op_Server0,"[""Op_Server0""]","[""Op_Server0""]","[""Enterprise0"", ""Enterprise2"", ""Op_Server0"", ""User0"", ""User4""]","[""Enterprise0"", ""Enterprise2"", ""Op_Server0"", ""User0"", ""User4""]","{""blue_first_relevant_response_after_critical"": 14, ""blue_first_relevant_response_after_enterprise"": 9, ""enterprise_foothold_step"": 5, ""first_critical_hit_step"": 12, ""window_end"": null, ""window_start"": null}"
ours_stage2_fair,11,stage2_ext_001_obj_2,critical_safe_balanced,episode_001,7,7012,17,Q2_user_action_during_critical_breach,high,DecoySvchost,User4,User,Impact,Op_Server0,"[""Op_Server0""]","[""Op_Server0""]","[""Enterprise0"", ""Enterprise2"", ""Op_Server0"", ""User0"", ""User4""]","[""Enterprise0"", ""Enterprise2"", ""Op_Server0"", ""User0"", ""User4""]","{""blue_first_relevant_response_after_critical"": 14, ""blue_first_relevant_response_after_enterprise"": 9, ""enterprise_foothold_step"": 5, ""first_critical_hit_step"": 12, ""window_end"": null, ""window_start"": null}"
ours_stage2_fair,11,stage2_ext_001_obj_2,critical_safe_balanced,episode_001,7,7012,23,Q2_user_action_during_critical_breach,high,DecoyVsftpd,User2,User,PrivilegeEscalate,Op_Server0,"[""Op_Server0""]","[""Op_Server0""]","[""Enterprise0"", ""Enterprise2"", ""Op_Server0"", ""User0"", ""User4""]","[""Enterprise0"", ""Enterprise2"", ""Op_Server0"", ""User0"", ""User4""]","{""blue_first_relevant_response_after_critical"": 14, ""blue_first_relevant_response_after_enterprise"": 9, ""enterprise_foothold_step"": 5, ""first_critical_hit_step"": 12, ""window_end"": null, ""window_start"": null}"
ours_stage2_fair,11,stage2_ext_001_obj_2,critical_safe_balanced,episode_001,7,7012,25,Q2_user_action_during_critical_breach,high,DecoyVsftpd,User4,User,Impact,Op_Server0,"[""Op_Server0""]","[""Op_Server0""]","[""Enterprise0"", ""Enterprise2"", ""Op_Server0"", ""User0"", ""User4""]","[""Enterprise0"", ""Enterprise2"", ""Op_Server0"", ""User0"", ""User4""]","{""blue_first_relevant_response_after_critical"": 14, ""blue_first_relevant_response_after_enterprise"": 9, ""enterprise_foothold_step"": 5, ""first_critical_hit_step"": 12, ""window_end"": null, ""window_start"": null}"
ours_stage2_fair,11,stage2_ext_001_obj_2,critical_safe_balanced,episode_001,7,7012,28,Q2_user_action_during_critical_breach,high,DecoyTomcat,User2,User,Impact,Op_Server0,"[""Op_Server0""]","[""Op_Server0""]","[""Enterprise0"", ""Enterprise2"", ""Op_Server0"", ""User0"", ""User4""]","[""Enterprise0"", ""Enterprise2"", ""Op_Server0"", ""User0"", ""User4""]","{""blue_first_relevant_response_after_critical"": 14, ""blue_first_relevant_response_after_enterprise"": 9, ""enterprise_foothold_step"": 5, ""first_critical_hit_step"": 12, ""window_end"": null, ""window_start"": null}"
ours_stage2_fair,11,stage2_ext_001_obj_2,critical_safe_balanced,episode_001,7,7012,29,Q2_user_action_during_critical_breach,high,DecoySSHD,User1,User,Impact,Op_Server0,"[""Op_Server0""]","[""Op_Server0""]","[""Enterprise0"", ""Enterprise2"", ""Op_Server0"", ""User0"", ""User4""]","[""Enterprise0"", ""Enterprise2"", ""Op_Server0"", ""User0"", ""User4""]","{""blue_first_relevant_response_after_critical"": 14, ""blue_first_relevant_response_after_enterprise"": 9, ""enterprise_foothold_step"": 5, ""first_critical_hit_step"": 12, ""window_end"": null, ""window_start"": null}"
ours_stage2_fair,11,stage2_ext_001_obj_2,critical_safe_balanced,episode_001,7,7012,36,Q2_user_action_during_critical_breach,high,DecoySSHD,User4,User,Impact,Op_Server0,"[""Op_Server0""]","[""Op_Server0""]","[""Enterprise0"", ""Op_Server0"", ""User0"", ""User4""]","[""Enterprise0"", ""Op_Server0"", ""User0"", ""User4""]","{""blue_first_relevant_response_after_critical"": 14, ""blue_first_relevant_response_after_enterprise"": 9, ""enterprise_foothold_step"": 5, ""first_critical_hit_step"": 12, ""window_end"": null, ""window_start"": null}"
ours_stage2_fair,11,stage2_ext_001_obj_2,critical_safe_balanced,episode_001,7,7012,37,Q2_user_action_during_critical_breach,high,Remove,User3,User,Impact,Op_Server0,"[""Op_Server0""]","[""Op_Server0""]","[""Enterprise0"", ""Op_Server0"", ""User0"", ""User4""]","[""Enterprise0"", ""Op_Server0"", ""User0"", ""User4""]","{""blue_first_relevant_response_after_critical"": 14, ""blue_first_relevant_response_after_enterprise"": 9, ""enterprise_foothold_step"": 5, ""first_critical_hit_step"": 12, ""window_end"": null, ""window_start"": null}"
ours_stage2_fair,11,stage2_ext_001_obj_2,critical_safe_balanced,episode_001,7,7012,43,Q2_user_action_during_critical_breach,high,DecoySvchost,User4,User,Impact,Op_Server0,"[""Op_Server0""]","[""Op_Server0""]","[""Enterprise0"", ""Op_Server0"", ""User0"", ""User4""]","[""Enterprise0"", ""Op_Server0"", ""User0"", ""User4""]","{""blue_first_relevant_response_after_critical"": 14, ""blue_first_relevant_response_after_enterprise"": 9, ""enterprise_foothold_step"": 5, ""first_critical_hit_step"": 12, ""window_end"": null, ""window_start"": null}"
ours_stage2_fair,11,stage2_ext_001_obj_2,critical_safe_balanced,episode_001,7,7012,44,Q2_user_action_during_critical_breach,high,DecoySvchost,User4,User,Impact,Op_Server0,"[""Op_Server0""]","[""Op_Server0""]","[""Enterprise0"", ""Op_Server0"", ""User0"", ""User4""]","[""Enterprise0"", ""Op_Server0"", ""User0"", ""User4""]","{""blue_first_relevant_response_after_critical"": 14, ""blue_first_relevant_response_after_enterprise"": 9, ""enterprise_foothold_step"": 5, ""first_critical_hit_step"": 12, ""window_end"": null, ""window_start"": null}"
ours_stage2_fair,11,stage2_ext_001_obj_2,critical_safe_balanced,episode_001,7,7012,46,Q2_user_action_during_critical_breach,high,DecoyVsftpd,User2,User,Impact,Op_Server0,"[""Op_Server0""]","[""Op_Server0""]","[""Enterprise0"", ""Op_Server0"", ""User0"", ""User4""]","[""Enterprise0"", ""Op_Server0"", ""User0"", ""User4""]","{""blue_first_relevant_response_after_critical"": 14, ""blue_first_relevant_response_after_enterprise"": 9, ""enterprise_foothold_step"": 5, ""first_critical_hit_step"": 12, ""window_end"": null, ""window_start"": null}"
ours_stage2_fair,11,stage2_ext_001_obj_2,critical_safe_balanced,episode_001,7,7012,47,Q2_user_action_during_critical_breach,high,DecoySSHD,User4,User,Impact,Op_Server0,"[""Op_Server0""]","[""Op_Server0""]","[""Enterprise0"", ""Op_Server0"", ""User0"", ""User4""]","[""Enterprise0"", ""Op_Server0"", ""User0"", ""User4""]","{""blue_first_relevant_response_after_critical"": 14, ""blue_first_relevant_response_after_enterprise"": 9, ""enterprise_foothold_step"": 5, ""first_critical_hit_step"": 12, ""window_end"": null, ""window_start"": null}"
ours_stage2_fair,11,stage2_ext_001_obj_2,critical_safe_balanced,episode_001,7,7012,48,Q2_user_action_during_critical_breach,high,DecoySvchost,User4,User,Impact,Op_Server0,"[""Op_Server0""]","[""Op_Server0""]","[""Enterprise0"", ""Op_Server0"", ""User0"", ""User4""]","[""Enterprise0"", ""Op_Server0"", ""User0"", ""User4""]","{""blue_first_relevant_response_after_critical"": 14, ""blue_first_relevant_response_after_enterprise"": 9, ""enterprise_foothold_step"": 5, ""first_critical_hit_step"": 12, ""window_end"": null, ""window_start"": null}"
ours_stage2_fair,11,stage2_ext_001_obj_2,critical_safe_balanced,episode_001,7,7012,50,Q2_user_action_during_critical_breach,high,DecoySvchost,User4,User,Impact,Op_Server0,"[""Op_Server0""]","[""Op_Server0""]","[""Enterprise0"", ""Op_Server0"", ""User0"", ""User4""]","[""Enterprise0"", ""Op_Server0"", ""User0"", ""User4""]","{""blue_first_relevant_response_after_critical"": 14, ""blue_first_relevant_response_after_enterprise"": 9, ""enterprise_foothold_step"": 5, ""first_critical_hit_step"": 12, ""window_end"": null, ""window_start"": null}"
ours_stage2_fair,11,stage2_ext_001_obj_2,critical_safe_balanced,episode_001,7,7012,52,Q2_user_action_during_critical_breach,high,DecoySvchost,User4,User,Impact,Op_Server0,"[""Op_Server0""]","[""Op_Server0""]","[""Enterprise0"", ""Op_Server0"", ""User0"", ""User4""]","[""Enterprise0"", ""Op_Server0"", ""User0"", ""User4""]","{""blue_first_relevant_response_after_critical"": 14, ""blue_first_relevant_response_after_enterprise"": 9, ""enterprise_foothold_step"": 5, ""first_critical_hit_step"": 12, ""window_end"": null, ""window_start"": null}"
ours_stage2_fair,11,stage2_ext_001_obj_2,critical_safe_balanced,episode_001,7,7012,53,Q2_user_action_during_critical_breach,high,DecoySvchost,User4,User,Impact,Op_Server0,"[""Op_Server0""]","[""Op_Server0""]","[""Enterprise0"", ""Op_Server0"", ""User0"", ""User4""]","[""Enterprise0"", ""Op_Server0"", ""User0"", ""User4""]","{""blue_first_relevant_response_after_critical"": 14, ""blue_first_relevant_response_after_enterprise"": 9, ""enterprise_foothold_step"": 5, ""first_critical_hit_step"": 12, ""window_end"": null, ""window_start"": null}"
ours_stage2_fair,11,stage2_ext_001_obj_2,critical_safe_balanced,episode_001,7,7012,56,Q2_user_action_during_critical_breach,high,DecoySSHD,User4,User,Impact,Op_Server0,"[""Op_Server0""]","[""Op_Server0""]","[""Enterprise0"", ""Op_Server0"", ""User0"", ""User4""]","[""Enterprise0"", ""Op_Server0"", ""User0"", ""User4""]","{""blue_first_relevant_response_after_critical"": 14, ""blue_first_relevant_response_after_enterprise"": 9, ""enterprise_foothold_step"": 5, ""first_critical_hit_step"": 12, ""window_end"": null, ""window_start"": null}"
ours_stage2_fair,11,stage2_ext_001_obj_2,critical_safe_balanced,episode_001,7,7012,58,Q2_user_action_during_critical_breach,high,DecoySSHD,User4,User,Impact,Op_Server0,"[""Op_Server0""]","[""Op_Server0""]","[""Enterprise0"", ""Op_Server0"", ""User0"", ""User4""]","[""Enterprise0"", ""Op_Server0"", ""User0"", ""User4""]","{""blue_first_relevant_response_after_critical"": 14, ""blue_first_relevant_response_after_enterprise"": 9, ""enterprise_foothold_step"": 5, ""first_critical_hit_step"": 12, ""window_end"": null, ""window_start"": null}"
ours_stage2_fair,11,stage2_ext_001_obj_2,critical_safe_balanced,episode_001,7,7012,60,Q2_user_action_during_critical_breach,high,DecoySvchost,User4,User,Impact,Op_Server0,"[""Op_Server0""]","[""Op_Server0""]","[""Enterprise0"", ""Op_Server0"", ""User0"", ""User4""]","[""Enterprise0"", ""Op_Server0"", ""User0"", ""User4""]","{""blue_first_relevant_response_after_critical"": 14, ""blue_first_relevant_response_after_enterprise"": 9, ""enterprise_foothold_step"": 5, ""first_critical_hit_step"": 12, ""window_end"": null, ""window_start"": null}"
ours_stage2_fair,11,stage2_ext_001_obj_2,critical_safe_balanced,episode_001,7,7012,61,Q2_user_action_during_critical_breach,high,Remove,User4,User,Impact,Op_Server0,"[""Op_Server0""]","[""Op_Server0""]","[""Enterprise0"", ""Op_Server0"", ""User0"", ""User4""]","[""Enterprise0"", ""Op_Server0"", ""User0"", ""User4""]","{""blue_first_relevant_response_after_critical"": 14, ""blue_first_relevant_response_after_enterprise"": 9, ""enterprise_foothold_step"": 5, ""first_critical_hit_step"": 12, ""window_end"": null, ""window_start"": null}"
ours_stage2_fair,11,stage2_ext_001_obj_2,critical_safe_balanced,episode_001,7,7012,66,Q2_user_action_during_critical_breach,high,DecoySSHD,User4,User,Impact,Op_Server0,"[""Op_Server0""]","[""Op_Server0""]","[""Enterprise0"", ""Op_Server0"", ""User0"", ""User4""]","[""Enterprise0"", ""Op_Server0"", ""User0"", ""User4""]","{""blue_first_relevant_response_after_critical"": 14, ""blue_first_relevant_response_after_enterprise"": 9, ""enterprise_foothold_step"": 5, ""first_critical_hit_step"": 12, ""window_end"": null, ""window_start"": null}"
ours_stage2_fair,11,stage2_ext_001_obj_2,critical_safe_balanced,episode_001,7,7012,67,Q2_user_action_during_critical_breach,high,DecoySSHD,User4,User,Impact,Op_Server0,"[""Op_Server0""]","[""Op_Server0""]","[""Enterprise0"", ""Op_Server0"", ""User0"", ""User4""]","[""Enterprise0"", ""Op_Server0"", ""User0"", ""User4""]","{""blue_first_relevant_response_after_critical"": 14, ""blue_first_relevant_response_after_enterprise"": 9, ""enterprise_foothold_step"": 5, ""first_critical_hit_step"": 12, ""window_end"": null, ""window_start"": null}"
ours_stage2_fair,11,stage2_ext_001_obj_2,critical_safe_balanced,episode_001,7,7012,70,Q2_user_action_during_critical_breach,high,DecoySSHD,User0,User,Impact,Op_Server0,"[""Op_Server0""]","[""Op_Server0""]","[""Enterprise0"", ""Op_Server0"", ""User0"", ""User4""]","[""Enterprise0"", ""Op_Server0"", ""User0"", ""User4""]","{""blue_first_relevant_response_after_critical"": 14, ""blue_first_relevant_response_after_enterprise"": 9, ""enterprise_foothold_step"": 5, ""first_critical_hit_step"": 12, ""window_end"": null, ""window_start"": null}"
ours_stage2_fair,11,stage2_ext_001_obj_2,critical_safe_balanced,episode_001,7,7012,72,Q2_user_action_during_critical_breach,high,DecoySSHD,User4,User,Impact,Op_Server0,"[""Op_Server0""]","[""Op_Server0""]","[""Enterprise0"", ""Op_Server0"", ""User0"", ""User4""]","[""Enterprise0"", ""Op_Server0"", ""User0"", ""User4""]","{""blue_first_relevant_response_after_critical"": 14, ""blue_first_relevant_response_after_enterprise"": 9, ""enterprise_foothold_step"": 5, ""first_critical_hit_step"": 12, ""window_end"": null, ""window_start"": null}"
ours_stage2_fair,11,stage2_ext_001_obj_2,critical_safe_balanced,episode_001,7,7012,83,Q2_user_action_during_critical_breach,high,DecoySSHD,User4,User,Impact,Op_Server0,"[""Op_Server0""]","[""Op_Server0""]","[""Enterprise0"", ""Op_Server0"", ""User0"", ""User4""]","[""Enterprise0"", ""Op_Server0"", ""User0"", ""User4""]","{""blue_first_relevant_response_after_critical"": 14, ""blue_first_relevant_response_after_enterprise"": 9, ""enterprise_foothold_step"": 5, ""first_critical_hit_step"": 12, ""window_end"": null, ""window_start"": null}"
ours_stage2_fair,11,stage2_ext_001_obj_2,critical_safe_balanced,episode_001,7,7012,89,Q2_user_action_during_critical_breach,high,DecoySSHD,User4,User,Impact,Op_Server0,"[""Op_Server0""]","[""Op_Server0""]","[""Enterprise0"", ""Op_Server0"", ""User0"", ""User4""]","[""Enterprise0"", ""Op_Server0"", ""User0"", ""User4""]","{""blue_first_relevant_response_after_critical"": 14, ""blue_first_relevant_response_after_enterprise"": 9, ""enterprise_foothold_step"": 5, ""first_critical_hit_step"": 12, ""window_end"": null, ""window_start"": null}"
ours_stage2_fair,11,stage2_ext_001_obj_2,critical_safe_balanced,episode_001,7,7012,92,Q2_user_action_during_critical_breach,high,DecoySSHD,User4,User,Impact,Op_Server0,"[""Op_Server0""]","[""Op_Server0""]","[""Enterprise0"", ""Op_Server0"", ""User0"", ""User4""]","[""Enterprise0"", ""Op_Server0"", ""User0"", ""User4""]","{""blue_first_relevant_response_after_critical"": 14, ""blue_first_relevant_response_after_enterprise"": 9, ""enterprise_foothold_step"": 5, ""first_critical_hit_step"": 12, ""window_end"": null, ""window_start"": null}"
ours_stage2_fair,11,stage2_ext_001_obj_2,critical_safe_balanced,episode_001,7,7012,93,Q2_user_action_during_critical_breach,high,DecoySvchost,User4,User,Impact,Op_Server0,"[""Op_Server0""]","[""Op_Server0""]","[""Enterprise0"", ""Op_Server0"", ""User0"", ""User4""]","[""Enterprise0"", ""Op_Server0"", ""User0"", ""User4""]","{""blue_first_relevant_response_after_critical"": 14, ""blue_first_relevant_response_after_enterprise"": 9, ""enterprise_foothold_step"": 5, ""first_critical_hit_step"": 12, ""window_end"": null, ""window_start"": null}"
ours_stage2_fair,11,stage2_ext_001_obj_2,critical_safe_balanced,episode_001,7,7012,94,Q2_user_action_during_critical_breach,high,DecoyVsftpd,User2,User,Impact,Op_Server0,"[""Op_Server0""]","[""Op_Server0""]","[""Enterprise0"", ""Op_Server0"", ""User0"", ""User4""]","[""Enterprise0"", ""Op_Server0"", ""User0"", ""User4""]","{""blue_first_relevant_response_after_critical"": 14, ""blue_first_relevant_response_after_enterprise"": 9, ""enterprise_foothold_step"": 5, ""first_critical_hit_step"": 12, ""window_end"": null, ""window_start"": null}"
ours_stage2_fair,11,stage2_ext_001_obj_2,critical_safe_balanced,episode_001,7,7012,96,Q2_user_action_during_critical_breach,high,DecoySSHD,User4,User,Impact,Op_Server0,"[""Op_Server0""]","[""Op_Server0""]","[""Enterprise0"", ""Op_Server0"", ""User0"", ""User4""]","[""Enterprise0"", ""Op_Server0"", ""User0"", ""User4""]","{""blue_first_relevant_response_after_critical"": 14, ""blue_first_relevant_response_after_enterprise"": 9, ""enterprise_foothold_step"": 5, ""first_critical_hit_step"": 12, ""window_end"": null, ""window_start"": null}"
ours_stage2_fair,11,stage2_ext_001_obj_2,critical_safe_balanced,episode_001,7,7012,46,Q4_user_focus_after_enterprise_foothold,medium,DecoyVsftpd,User2,User,Impact,Op_Server0,"[""Op_Server0""]","[""Op_Server0""]","[""Enterprise0"", ""Op_Server0"", ""User0"", ""User4""]","[""Enterprise0"", ""Op_Server0"", ""User0"", ""User4""]","{""blue_first_relevant_response_after_critical"": 14, ""blue_first_relevant_response_after_enterprise"": 9, ""enterprise_foothold_step"": 5, ""first_critical_hit_step"": 12, ""window_end"": 48, ""window_start"": 46}"
ours_stage2_fair,11,stage2_ext_001_obj_2,critical_safe_balanced,episode_001,7,7012,92,Q4_user_focus_after_enterprise_foothold,medium,DecoySSHD,User4,User,Impact,Op_Server0,"[""Op_Server0""]","[""Op_Server0""]","[""Enterprise0"", ""Op_Server0"", ""User0"", ""User4""]","[""Enterprise0"", ""Op_Server0"", ""User0"", ""User4""]","{""blue_first_relevant_response_after_critical"": 14, ""blue_first_relevant_response_after_enterprise"": 9, ""enterprise_foothold_step"": 5, ""first_critical_hit_step"": 12, ""window_end"": 94, ""window_start"": 92}"
ours_stage2_fair,11,stage2_ext_001_obj_2,critical_safe_balanced,episode_001,7,7012,39,Q5_repeated_low_value_decoy_loop,medium,DecoySvchost,User4,User,PrivilegeEscalate,Op_Server0,[],[],"[""Enterprise0"", ""User0"", ""User4""]","[""Enterprise0"", ""User0"", ""User4""]","{""blue_first_relevant_response_after_critical"": 14, ""blue_first_relevant_response_after_enterprise"": 9, ""enterprise_foothold_step"": 5, ""first_critical_hit_step"": 12, ""window_end"": 48, ""window_start"": 39}"
ours_stage2_fair,11,stage2_ext_001_obj_2,critical_safe_balanced,episode_001,7,7012,66,Q5_repeated_low_value_decoy_loop,medium,DecoySSHD,User4,User,Impact,Op_Server0,"[""Op_Server0""]","[""Op_Server0""]","[""Enterprise0"", ""Op_Server0"", ""User0"", ""User4""]","[""Enterprise0"", ""Op_Server0"", ""User0"", ""User4""]","{""blue_first_relevant_response_after_critical"": 14, ""blue_first_relevant_response_after_enterprise"": 9, ""enterprise_foothold_step"": 5, ""first_critical_hit_step"": 12, ""window_end"": 72, ""window_start"": 63}"
ours_stage2_fair,11,stage2_ext_001_obj_2,critical_safe_balanced,episode_002,0,13,45,Q2_user_action_during_critical_breach,high,DecoySvchost,User4,User,PrivilegeEscalate,Op_Server0,"[""Op_Server0""]","[""Op_Server0""]","[""Enterprise1"", ""Enterprise2"", ""Op_Server0"", ""User0"", ""User1""]","[""Enterprise1"", ""Enterprise2"", ""Op_Server0"", ""User0"", ""User1""]","{""blue_first_relevant_response_after_critical"": 46, ""blue_first_relevant_response_after_enterprise"": 6, ""enterprise_foothold_step"": 5, ""first_critical_hit_step"": 44, ""window_end"": null, ""window_start"": null}"
ours_stage2_fair,11,stage2_ext_001_obj_2,critical_safe_balanced,episode_002,0,13,49,Q2_user_action_during_critical_breach,high,DecoySSHD,User4,User,Impact,Op_Server0,"[""Op_Server0""]","[""Op_Server0""]","[""Enterprise1"", ""Op_Server0"", ""User0"", ""User1""]","[""Enterprise1"", ""Op_Server0"", ""User0"", ""User1""]","{""blue_first_relevant_response_after_critical"": 46, ""blue_first_relevant_response_after_enterprise"": 6, ""enterprise_foothold_step"": 5, ""first_critical_hit_step"": 44, ""window_end"": null, ""window_start"": null}"
ours_stage2_fair,11,stage2_ext_001_obj_2,critical_safe_balanced,episode_002,0,13,50,Q2_user_action_during_critical_breach,high,DecoySSHD,User4,User,Impact,Op_Server0,"[""Op_Server0""]","[""Op_Server0""]","[""Enterprise1"", ""Op_Server0"", ""User0"", ""User1""]","[""Enterprise1"", ""Op_Server0"", ""User0"", ""User1""]","{""blue_first_relevant_response_after_critical"": 46, ""blue_first_relevant_response_after_enterprise"": 6, ""enterprise_foothold_step"": 5, ""first_critical_hit_step"": 44, ""window_end"": null, ""window_start"": null}"
ours_stage2_fair,11,stage2_ext_001_obj_2,critical_safe_balanced,episode_002,0,13,51,Q2_user_action_during_critical_breach,high,DecoySSHD,User4,User,Impact,Op_Server0,"[""Op_Server0""]","[""Op_Server0""]","[""Enterprise1"", ""Op_Server0"", ""User0"", ""User1""]","[""Enterprise1"", ""Op_Server0"", ""User0"", ""User1""]","{""blue_first_relevant_response_after_critical"": 46, ""blue_first_relevant_response_after_enterprise"": 6, ""enterprise_foothold_step"": 5, ""first_critical_hit_step"": 44, ""window_end"": null, ""window_start"": null}"
ours_stage2_fair,11,stage2_ext_001_obj_2,critical_safe_balanced,episode_002,0,13,52,Q2_user_action_during_critical_breach,high,DecoySvchost,User4,User,Impact,Op_Server0,"[""Op_Server0""]","[""Op_Server0""]","[""Enterprise1"", ""Op_Server0"", ""User0"", ""User1""]","[""Enterprise1"", ""Op_Server0"", ""User0"", ""User1""]","{""blue_first_relevant_response_after_critical"": 46, ""blue_first_relevant_response_after_enterprise"": 6, ""enterprise_foothold_step"": 5, ""first_critical_hit_step"": 44, ""window_end"": null, ""window_start"": null}"
ours_stage2_fair,11,stage2_ext_001_obj_2,critical_safe_balanced,episode_002,0,13,56,Q2_user_action_during_critical_breach,high,Restore,User4,User,PrivilegeEscalate,Op_Server0,"[""Op_Server0""]","[""Op_Server0""]","[""Enterprise1"", ""Op_Server0"", ""User0"", ""User1""]","[""Enterprise1"", ""Op_Server0"", ""User0"", ""User1""]","{""blue_first_relevant_response_after_critical"": 46, ""blue_first_relevant_response_after_enterprise"": 6, ""enterprise_foothold_step"": 5, ""first_critical_hit_step"": 44, ""window_end"": null, ""window_start"": null}"
ours_stage2_fair,11,stage2_ext_001_obj_2,critical_safe_balanced,episode_002,0,13,62,Q2_user_action_during_critical_breach,high,DecoySvchost,User4,User,PrivilegeEscalate,Op_Server0,"[""Op_Server0""]","[""Op_Server0""]","[""Enterprise1"", ""Op_Server0"", ""User0"", ""User1""]","[""Enterprise1"", ""Op_Server0"", ""User0"", ""User1""]","{""blue_first_relevant_response_after_critical"": 46, ""blue_first_relevant_response_after_enterprise"": 6, ""enterprise_foothold_step"": 5, ""first_critical_hit_step"": 44, ""window_end"": null, ""window_start"": null}"
ours_stage2_fair,11,stage2_ext_001_obj_2,critical_safe_balanced,episode_002,0,13,66,Q2_user_action_during_critical_breach,high,DecoySSHD,User4,User,PrivilegeEscalate,Op_Server0,"[""Op_Server0""]","[""Op_Server0""]","[""Enterprise1"", ""Op_Server0"", ""User0"", ""User1""]","[""Enterprise1"", ""Op_Server0"", ""User0"", ""User1""]","{""blue_first_relevant_response_after_critical"": 46, ""blue_first_relevant_response_after_enterprise"": 6, ""enterprise_foothold_step"": 5, ""first_critical_hit_step"": 44, ""window_end"": null, ""window_start"": null}"
ours_stage2_fair,11,stage2_ext_001_obj_2,critical_safe_balanced,episode_002,0,13,68,Q2_user_action_during_critical_breach,high,DecoySSHD,User4,User,Impact,Op_Server0,"[""Op_Server0""]","[""Op_Server0""]","[""Enterprise1"", ""Op_Server0"", ""User0"", ""User1""]","[""Enterprise1"", ""Op_Server0"", ""User0"", ""User1""]","{""blue_first_relevant_response_after_critical"": 46, ""blue_first_relevant_response_after_enterprise"": 6, ""enterprise_foothold_step"": 5, ""first_critical_hit_step"": 44, ""window_end"": null, ""window_start"": null}"
ours_stage2_fair,11,stage2_ext_001_obj_2,critical_safe_balanced,episode_002,0,13,70,Q2_user_action_during_critical_breach,high,DecoySvchost,User4,User,Impact,Op_Server0,"[""Op_Server0""]","[""Op_Server0""]","[""Enterprise1"", ""Op_Server0"", ""User0"", ""User1""]","[""Enterprise1"", ""Op_Server0"", ""User0"", ""User1""]","{""blue_first_relevant_response_after_critical"": 46, ""blue_first_relevant_response_after_enterprise"": 6, ""enterprise_foothold_step"": 5, ""first_critical_hit_step"": 44, ""window_end"": null, ""window_start"": null}"
ours_stage2_fair,11,stage2_ext_001_obj_2,critical_safe_balanced,episode_002,0,13,74,Q2_user_action_during_critical_breach,high,DecoyHarakaSMPT,User1,User,Impact,Op_Server0,"[""Op_Server0""]","[""Op_Server0""]","[""Enterprise1"", ""Op_Server0"", ""User0"", ""User1""]","[""Enterprise1"", ""Op_Server0"", ""User0"", ""User1""]","{""blue_first_relevant_response_after_critical"": 46, ""blue_first_relevant_response_after_enterprise"": 6, ""enterprise_foothold_step"": 5, ""first_critical_hit_step"": 44, ""window_end"": null, ""window_start"": null}"
ours_stage2_fair,11,stage2_ext_001_obj_2,critical_safe_balanced,episode_002,0,13,77,Q2_user_action_during_critical_breach,high,DecoySSHD,User4,User,Impact,Op_Server0,"[""Op_Server0""]","[""Op_Server0""]","[""Enterprise1"", ""Op_Server0"", ""User0"", ""User1""]","[""Enterprise1"", ""Op_Server0"", ""User0"", ""User1""]","{""blue_first_relevant_response_after_critical"": 46, ""blue_first_relevant_response_after_enterprise"": 6, ""enterprise_foothold_step"": 5, ""first_critical_hit_step"": 44, ""window_end"": null, ""window_start"": null}"
ours_stage2_fair,11,stage2_ext_001_obj_2,critical_safe_balanced,episode_002,0,13,78,Q2_user_action_during_critical_breach,high,DecoySvchost,User4,User,Impact,Op_Server0,"[""Op_Server0""]","[""Op_Server0""]","[""Enterprise1"", ""Op_Server0"", ""User0"", ""User1""]","[""Enterprise1"", ""Op_Server0"", ""User0"", ""User1""]","{""blue_first_relevant_response_after_critical"": 46, ""blue_first_relevant_response_after_enterprise"": 6, ""enterprise_foothold_step"": 5, ""first_critical_hit_step"": 44, ""window_end"": null, ""window_start"": null}"
ours_stage2_fair,11,stage2_ext_001_obj_2,critical_safe_balanced,episode_002,0,13,81,Q2_user_action_during_critical_breach,high,DecoySSHD,User4,User,Impact,Op_Server0,"[""Op_Server0""]","[""Op_Server0""]","[""Enterprise1"", ""Op_Server0"", ""User0"", ""User1""]","[""Enterprise1"", ""Op_Server0"", ""User0"", ""User1""]","{""blue_first_relevant_response_after_critical"": 46, ""blue_first_relevant_response_after_enterprise"": 6, ""enterprise_foothold_step"": 5, ""first_critical_hit_step"": 44, ""window_end"": null, ""window_start"": null}"
ours_stage2_fair,11,stage2_ext_001_obj_2,critical_safe_balanced,episode_002,0,13,90,Q2_user_action_during_critical_breach,high,DecoyTomcat,User2,User,Impact,Op_Server0,"[""Op_Server0""]","[""Op_Server0""]","[""Enterprise1"", ""Op_Server0"", ""User0"", ""User1""]","[""Enterprise1"", ""Op_Server0"", ""User0"", ""User1""]","{""blue_first_relevant_response_after_critical"": 46, ""blue_first_relevant_response_after_enterprise"": 6, ""enterprise_foothold_step"": 5, ""first_critical_hit_step"": 44, ""window_end"": null, ""window_start"": null}"
ours_stage2_fair,11,stage2_ext_001_obj_2,critical_safe_balanced,episode_002,0,13,94,Q2_user_action_during_critical_breach,high,DecoyTomcat,User4,User,Impact,Op_Server0,"[""Op_Server0""]","[""Op_Server0""]","[""Enterprise1"", ""Op_Server0"", ""User0"", ""User1""]","[""Enterprise1"", ""Op_Server0"", ""User0"", ""User1""]","{""blue_first_relevant_response_after_critical"": 46, ""blue_first_relevant_response_after_enterprise"": 6, ""enterprise_foothold_step"": 5, ""first_critical_hit_step"": 44, ""window_end"": null, ""window_start"": null}"
ours_stage2_fair,11,stage2_ext_001_obj_2,critical_safe_balanced,episode_002,0,13,97,Q2_user_action_during_critical_breach,high,DecoySSHD,User4,User,Impact,Op_Server0,"[""Op_Server0""]","[""Op_Server0""]","[""Enterprise1"", ""Op_Server0"", ""User0"", ""User1""]","[""Enterprise1"", ""Op_Server0"", ""User0"", ""User1""]","{""blue_first_relevant_response_after_critical"": 46, ""blue_first_relevant_response_after_enterprise"": 6, ""enterprise_foothold_step"": 5, ""first_critical_hit_step"": 44, ""window_end"": null, ""window_start"": null}"
ours_stage2_fair,11,stage2_ext_001_obj_2,critical_safe_balanced,episode_002,0,13,98,Q2_user_action_during_critical_breach,high,DecoySSHD,User4,User,Impact,Op_Server0,"[""Op_Server0""]","[""Op_Server0""]","[""Enterprise1"", ""Op_Server0"", ""User0"", ""User1""]","[""Enterprise1"", ""Op_Server0"", ""User0"", ""User1""]","{""blue_first_relevant_response_after_critical"": 46, ""blue_first_relevant_response_after_enterprise"": 6, ""enterprise_foothold_step"": 5, ""first_critical_hit_step"": 44, ""window_end"": null, ""window_start"": null}"
ours_stage2_fair,11,stage2_ext_001_obj_2,critical_safe_balanced,episode_002,0,13,7,Q4_user_focus_after_enterprise_foothold,medium,DecoySvchost,User4,User,DiscoverRemoteSystems,,[],[],"[""Enterprise1"", ""User0"", ""User1""]","[""Enterprise1"", ""User0"", ""User1""]","{""blue_first_relevant_response_after_critical"": 46, ""blue_first_relevant_response_after_enterprise"": 6, ""enterprise_foothold_step"": 5, ""first_critical_hit_step"": 44, ""window_end"": 9, ""window_start"": 7}"
ours_stage2_fair,11,stage2_ext_001_obj_2,critical_safe_balanced,episode_002,0,13,49,Q4_user_focus_after_enterprise_foothold,medium,DecoySSHD,User4,User,Impact,Op_Server0,"[""Op_Server0""]","[""Op_Server0""]","[""Enterprise1"", ""Op_Server0"", ""User0"", ""User1""]","[""Enterprise1"", ""Op_Server0"", ""User0"", ""User1""]","{""blue_first_relevant_response_after_critical"": 46, ""blue_first_relevant_response_after_enterprise"": 6, ""enterprise_foothold_step"": 5, ""first_critical_hit_step"": 44, ""window_end"": 51, ""window_start"": 49}"
ours_stage2_fair,11,stage2_ext_001_obj_2,critical_safe_balanced,episode_002,0,13,50,Q4_user_focus_after_enterprise_foothold,medium,DecoySSHD,User4,User,Impact,Op_Server0,"[""Op_Server0""]","[""Op_Server0""]","[""Enterprise1"", ""Op_Server0"", ""User0"", ""User1""]","[""Enterprise1"", ""Op_Server0"", ""User0"", ""User1""]","{""blue_first_relevant_response_after_critical"": 46, ""blue_first_relevant_response_after_enterprise"": 6, ""enterprise_foothold_step"": 5, ""first_critical_hit_step"": 44, ""window_end"": 52, ""window_start"": 50}"
ours_stage2_fair,11,stage2_ext_001_obj_2,critical_safe_balanced,episode_002,0,13,7,Q5_repeated_low_value_decoy_loop,medium,DecoySvchost,User4,User,DiscoverRemoteSystems,,[],[],"[""Enterprise1"", ""User0"", ""User1""]","[""Enterprise1"", ""User0"", ""User1""]","{""blue_first_relevant_response_after_critical"": 46, ""blue_first_relevant_response_after_enterprise"": 6, ""enterprise_foothold_step"": 5, ""first_critical_hit_step"": 44, ""window_end"": 15, ""window_start"": 6}"
ours_stage2_fair,11,stage2_ext_001_obj_2,critical_safe_balanced,episode_002,0,13,26,Q5_repeated_low_value_decoy_loop,medium,DecoySSHD,User4,User,PrivilegeEscalate,Enterprise2,[],[],"[""Enterprise1"", ""Enterprise2"", ""User0"", ""User1""]","[""Enterprise1"", ""Enterprise2"", ""User0"", ""User1""]","{""blue_first_relevant_response_after_critical"": 46, ""blue_first_relevant_response_after_enterprise"": 6, ""enterprise_foothold_step"": 5, ""first_critical_hit_step"": 44, ""window_end"": 35, ""window_start"": 26}"
ours_stage2_fair,11,stage2_ext_001_obj_2,critical_safe_balanced,episode_002,1,1013,15,Q2_user_action_during_critical_breach,high,DecoyApache,User0,User,Impact,Op_Server0,"[""Op_Server0""]","[""Op_Server0""]","[""Enterprise1"", ""Enterprise2"", ""Op_Server0"", ""User0"", ""User2""]","[""Enterprise1"", ""Enterprise2"", ""Op_Server0"", ""User0"", ""User2""]","{""blue_first_relevant_response_after_critical"": 14, ""blue_first_relevant_response_after_enterprise"": 7, ""enterprise_foothold_step"": 5, ""first_critical_hit_step"": 12, ""window_end"": null, ""window_start"": null}"
ours_stage2_fair,11,stage2_ext_001_obj_2,critical_safe_balanced,episode_002,1,1013,16,Q2_user_action_during_critical_breach,high,DecoyHarakaSMPT,User0,User,Impact,Op_Server0,"[""Op_Server0""]","[""Op_Server0""]","[""Enterprise1"", ""Enterprise2"", ""Op_Server0"", ""User0"", ""User2""]","[""Enterprise1"", ""Enterprise2"", ""Op_Server0"", ""User0"", ""User2""]","{""blue_first_relevant_response_after_critical"": 14, ""blue_first_relevant_response_after_enterprise"": 7, ""enterprise_foothold_step"": 5, ""first_critical_hit_step"": 12, ""window_end"": null, ""window_start"": null}"
ours_stage2_fair,11,stage2_ext_001_obj_2,critical_safe_balanced,episode_002,1,1013,17,Q2_user_action_during_critical_breach,high,DecoySSHD,User4,User,Impact,Op_Server0,"[""Op_Server0""]","[""Op_Server0""]","[""Enterprise1"", ""Enterprise2"", ""Op_Server0"", ""User0"", ""User2""]","[""Enterprise1"", ""Enterprise2"", ""Op_Server0"", ""User0"", ""User2""]","{""blue_first_relevant_response_after_critical"": 14, ""blue_first_relevant_response_after_enterprise"": 7, ""enterprise_foothold_step"": 5, ""first_critical_hit_step"": 12, ""window_end"": null, ""window_start"": null}"
ours_stage2_fair,11,stage2_ext_001_obj_2,critical_safe_balanced,episode_002,1,1013,22,Q2_user_action_during_critical_breach,high,DecoyVsftpd,User4,User,Impact,Op_Server0,"[""Op_Server0""]","[""Op_Server0""]","[""Enterprise1"", ""Op_Server0"", ""User0"", ""User2""]","[""Enterprise1"", ""Op_Server0"", ""User0"", ""User2""]","{""blue_first_relevant_response_after_critical"": 14, ""blue_first_relevant_response_after_enterprise"": 7, ""enterprise_foothold_step"": 5, ""first_critical_hit_step"": 12, ""window_end"": null, ""window_start"": null}"
ours_stage2_fair,11,stage2_ext_001_obj_2,critical_safe_balanced,episode_002,1,1013,26,Q2_user_action_during_critical_breach,high,DecoySvchost,User4,User,Impact,Op_Server0,"[""Op_Server0""]","[""Op_Server0""]","[""Enterprise1"", ""Op_Server0"", ""User0"", ""User2""]","[""Enterprise1"", ""Op_Server0"", ""User0"", ""User2""]","{""blue_first_relevant_response_after_critical"": 14, ""blue_first_relevant_response_after_enterprise"": 7, ""enterprise_foothold_step"": 5, ""first_critical_hit_step"": 12, ""window_end"": null, ""window_start"": null}"
ours_stage2_fair,11,stage2_ext_001_obj_2,critical_safe_balanced,episode_002,1,1013,27,Q2_user_action_during_critical_breach,high,DecoySvchost,User4,User,Impact,Op_Server0,"[""Op_Server0""]","[""Op_Server0""]","[""Enterprise1"", ""Op_Server0"", ""User0"", ""User2""]","[""Enterprise1"", ""Op_Server0"", ""User0"", ""User2""]","{""blue_first_relevant_response_after_critical"": 14, ""blue_first_relevant_response_after_enterprise"": 7, ""enterprise_foothold_step"": 5, ""first_critical_hit_step"": 12, ""window_end"": null, ""window_start"": null}"
ours_stage2_fair,11,stage2_ext_001_obj_2,critical_safe_balanced,episode_002,1,1013,32,Q2_user_action_during_critical_breach,high,DecoySSHD,User3,User,Impact,Op_Server0,"[""Op_Server0""]","[""Op_Server0""]","[""Enterprise1"", ""Op_Server0"", ""User0"", ""User2""]","[""Enterprise1"", ""Op_Server0"", ""User0"", ""User2""]","{""blue_first_relevant_response_after_critical"": 14, ""blue_first_relevant_response_after_enterprise"": 7, ""enterprise_foothold_step"": 5, ""first_critical_hit_step"": 12, ""window_end"": null, ""window_start"": null}"
ours_stage2_fair,11,stage2_ext_001_obj_2,critical_safe_balanced,episode_002,1,1013,33,Q2_user_action_during_critical_breach,high,DecoySSHD,User4,User,Impact,Op_Server0,"[""Op_Server0""]","[""Op_Server0""]","[""Enterprise1"", ""Op_Server0"", ""User0"", ""User2""]","[""Enterprise1"", ""Op_Server0"", ""User0"", ""User2""]","{""blue_first_relevant_response_after_critical"": 14, ""blue_first_relevant_response_after_enterprise"": 7, ""enterprise_foothold_step"": 5, ""first_critical_hit_step"": 12, ""window_end"": null, ""window_start"": null}"
ours_stage2_fair,11,stage2_ext_001_obj_2,critical_safe_balanced,episode_002,1,1013,35,Q2_user_action_during_critical_breach,high,DecoySSHD,User4,User,Impact,Op_Server0,"[""Op_Server0""]","[""Op_Server0""]","[""Op_Server0"", ""User0"", ""User2""]","[""Op_Server0"", ""User0"", ""User2""]","{""blue_first_relevant_response_after_critical"": 14, ""blue_first_relevant_response_after_enterprise"": 7, ""enterprise_foothold_step"": 5, ""first_critical_hit_step"": 12, ""window_end"": null, ""window_start"": null}"
ours_stage2_fair,11,stage2_ext_001_obj_2,critical_safe_balanced,episode_002,1,1013,43,Q2_user_action_during_critical_breach,high,DecoySSHD,User4,User,PrivilegeEscalate,Op_Server0,"[""Op_Server0""]","[""Op_Server0""]","[""Enterprise2"", ""Op_Server0"", ""User0"", ""User2""]","[""Enterprise2"", ""Op_Server0"", ""User0"", ""User2""]","{""blue_first_relevant_response_after_critical"": 14, ""blue_first_relevant_response_after_enterprise"": 7, ""enterprise_foothold_step"": 5, ""first_critical_hit_step"": 12, ""window_end"": null, ""window_start"": null}"
ours_stage2_fair,11,stage2_ext_001_obj_2,critical_safe_balanced,episode_002,1,1013,44,Q2_user_action_during_critical_breach,high,DecoySSHD,User4,User,Impact,Op_Server0,"[""Op_Server0""]","[""Op_Server0""]","[""Enterprise2"", ""Op_Server0"", ""User0"", ""User2""]","[""Enterprise2"", ""Op_Server0"", ""User0"", ""User2""]","{""blue_first_relevant_response_after_critical"": 14, ""blue_first_relevant_response_after_enterprise"": 7, ""enterprise_foothold_step"": 5, ""first_critical_hit_step"": 12, ""window_end"": null, ""window_start"": null}"
ours_stage2_fair,11,stage2_ext_001_obj_2,critical_safe_balanced,episode_002,1,1013,46,Q2_user_action_during_critical_breach,high,DecoyApache,User0,User,Impact,Op_Server0,"[""Op_Server0""]","[""Op_Server0""]","[""Enterprise2"", ""Op_Server0"", ""User0"", ""User2""]","[""Enterprise2"", ""Op_Server0"", ""User0"", ""User2""]","{""blue_first_relevant_response_after_critical"": 14, ""blue_first_relevant_response_after_enterprise"": 7, ""enterprise_foothold_step"": 5, ""first_critical_hit_step"": 12, ""window_end"": null, ""window_start"": null}"
ours_stage2_fair,11,stage2_ext_001_obj_2,critical_safe_balanced,episode_002,1,1013,58,Q2_user_action_during_critical_breach,high,DecoySvchost,User4,User,Impact,Op_Server0,"[""Op_Server0""]","[""Op_Server0""]","[""Enterprise2"", ""Op_Server0"", ""User0"", ""User2""]","[""Enterprise2"", ""Op_Server0"", ""User0"", ""User2""]","{""blue_first_relevant_response_after_critical"": 14, ""blue_first_relevant_response_after_enterprise"": 7, ""enterprise_foothold_step"": 5, ""first_critical_hit_step"": 12, ""window_end"": null, ""window_start"": null}"
ours_stage2_fair,11,stage2_ext_001_obj_2,critical_safe_balanced,episode_002,1,1013,75,Q2_user_action_during_critical_breach,high,DecoySvchost,User4,User,PrivilegeEscalate,Op_Server0,"[""Op_Server0""]","[""Op_Server0""]","[""Enterprise2"", ""Op_Server0"", ""User0"", ""User2""]","[""Enterprise2"", ""Op_Server0"", ""User0"", ""User2""]","{""blue_first_relevant_response_after_critical"": 14, ""blue_first_relevant_response_after_enterprise"": 7, ""enterprise_foothold_step"": 5, ""first_critical_hit_step"": 12, ""window_end"": null, ""window_start"": null}"
ours_stage2_fair,11,stage2_ext_001_obj_2,critical_safe_balanced,episode_002,1,1013,77,Q2_user_action_during_critical_breach,high,DecoySvchost,User4,User,Impact,Op_Server0,"[""Op_Server0""]","[""Op_Server0""]","[""Enterprise2"", ""Op_Server0"", ""User0"", ""User2""]","[""Enterprise2"", ""Op_Server0"", ""User0"", ""User2""]","{""blue_first_relevant_response_after_critical"": 14, ""blue_first_relevant_response_after_enterprise"": 7, ""enterprise_foothold_step"": 5, ""first_critical_hit_step"": 12, ""window_end"": null, ""window_start"": null}"
ours_stage2_fair,11,stage2_ext_001_obj_2,critical_safe_balanced,episode_002,1,1013,81,Q2_user_action_during_critical_breach,high,DecoySSHD,User4,User,Impact,Op_Server0,"[""Op_Server0""]","[""Op_Server0""]","[""Op_Server0"", ""User0"", ""User2""]","[""Op_Server0"", ""User0"", ""User2""]","{""blue_first_relevant_response_after_critical"": 14, ""blue_first_relevant_response_after_enterprise"": 7, ""enterprise_foothold_step"": 5, ""first_critical_hit_step"": 12, ""window_end"": null, ""window_start"": null}"
ours_stage2_fair,11,stage2_ext_001_obj_2,critical_safe_balanced,episode_002,1,1013,82,Q2_user_action_during_critical_breach,high,Remove,User1,User,Impact,Op_Server0,"[""Op_Server0""]","[""Op_Server0""]","[""Op_Server0"", ""User0"", ""User2""]","[""Op_Server0"", ""User0"", ""User2""]","{""blue_first_relevant_response_after_critical"": 14, ""blue_first_relevant_response_after_enterprise"": 7, ""enterprise_foothold_step"": 5, ""first_critical_hit_step"": 12, ""window_end"": null, ""window_start"": null}"
ours_stage2_fair,11,stage2_ext_001_obj_2,critical_safe_balanced,episode_002,1,1013,83,Q2_user_action_during_critical_breach,high,DecoySvchost,User4,User,Impact,Op_Server0,"[""Op_Server0""]","[""Op_Server0""]","[""Op_Server0"", ""User0"", ""User2""]","[""Op_Server0"", ""User0"", ""User2""]","{""blue_first_relevant_response_after_critical"": 14, ""blue_first_relevant_response_after_enterprise"": 7, ""enterprise_foothold_step"": 5, ""first_critical_hit_step"": 12, ""window_end"": null, ""window_start"": null}"
ours_stage2_fair,11,stage2_ext_001_obj_2,critical_safe_balanced,episode_002,1,1013,88,Q2_user_action_during_critical_breach,high,DecoyVsftpd,User2,User,Impact,Op_Server0,"[""Op_Server0""]","[""Op_Server0""]","[""Op_Server0"", ""User0"", ""User2""]","[""Op_Server0"", ""User0"", ""User2""]","{""blue_first_relevant_response_after_critical"": 14, ""blue_first_relevant_response_after_enterprise"": 7, ""enterprise_foothold_step"": 5, ""first_critical_hit_step"": 12, ""window_end"": null, ""window_start"": null}"
ours_stage2_fair,11,stage2_ext_001_obj_2,critical_safe_balanced,episode_002,1,1013,90,Q2_user_action_during_critical_breach,high,DecoySSHD,User4,User,Impact,Op_Server0,"[""Op_Server0""]","[""Op_Server0""]","[""Op_Server0"", ""User0"", ""User2""]","[""Op_Server0"", ""User0"", ""User2""]","{""blue_first_relevant_response_after_critical"": 14, ""blue_first_relevant_response_after_enterprise"": 7, ""enterprise_foothold_step"": 5, ""first_critical_hit_step"": 12, ""window_end"": null, ""window_start"": null}"
ours_stage2_fair,11,stage2_ext_001_obj_2,critical_safe_balanced,episode_002,1,1013,94,Q2_user_action_during_critical_breach,high,DecoyHarakaSMPT,User0,User,Impact,Op_Server0,"[""Op_Server0""]","[""Op_Server0""]","[""Op_Server0"", ""User0"", ""User2""]","[""Op_Server0"", ""User0"", ""User2""]","{""blue_first_relevant_response_after_critical"": 14, ""blue_first_relevant_response_after_enterprise"": 7, ""enterprise_foothold_step"": 5, ""first_critical_hit_step"": 12, ""window_end"": null, ""window_start"": null}"
ours_stage2_fair,11,stage2_ext_001_obj_2,critical_safe_balanced,episode_002,1,1013,10,Q4_user_focus_after_enterprise_foothold,medium,Analyse,User0,User,PrivilegeEscalate,Enterprise2,[],[],"[""Enterprise1"", ""Enterprise2"", ""User0"", ""User2""]","[""Enterprise1"", ""Enterprise2"", ""User0"", ""User2""]","{""blue_first_relevant_response_after_critical"": 14, ""blue_first_relevant_response_after_enterprise"": 7, ""enterprise_foothold_step"": 5, ""first_critical_hit_step"": 12, ""window_end"": 12, ""window_start"": 10}"
ours_stage2_fair,11,stage2_ext_001_obj_2,critical_safe_balanced,episode_002,1,1013,15,Q4_user_focus_after_enterprise_foothold,medium,DecoyApache,User0,User,Impact,Op_Server0,"[""Op_Server0""]","[""Op_Server0""]","[""Enterprise1"", ""Enterprise2"", ""Op_Server0"", ""User0"", ""User2""]","[""Enterprise1"", ""Enterprise2"", ""Op_Server0"", ""User0"", ""User2""]","{""blue_first_relevant_response_after_critical"": 14, ""blue_first_relevant_response_after_enterprise"": 7, ""enterprise_foothold_step"": 5, ""first_critical_hit_step"": 12, ""window_end"": 17, ""window_start"": 15}"
ours_stage2_fair,11,stage2_ext_001_obj_2,critical_safe_balanced,episode_002,1,1013,39,Q4_user_focus_after_enterprise_foothold,medium,DecoySSHD,User4,User,ExploitRemoteService,,[],[],"[""User0"", ""User2""]","[""Enterprise2"", ""User0"", ""User2""]","{""blue_first_relevant_response_after_critical"": 14, ""blue_first_relevant_response_after_enterprise"": 7, ""enterprise_foothold_step"": 5, ""first_critical_hit_step"": 12, ""window_end"": 41, ""window_start"": 39}"
ours_stage2_fair,11,stage2_ext_001_obj_2,critical_safe_balanced,episode_002,1,1013,40,Q4_user_focus_after_enterprise_foothold,medium,DecoyFemitter,User0,User,PrivilegeEscalate,Enterprise2,[],[],"[""Enterprise2"", ""User0"", ""User2""]","[""Enterprise2"", ""User0"", ""User2""]","{""blue_first_relevant_response_after_critical"": 14, ""blue_first_relevant_response_after_enterprise"": 7, ""enterprise_foothold_step"": 5, ""first_critical_hit_step"": 12, ""window_end"": 42, ""window_start"": 40}"
ours_stage2_fair,11,stage2_ext_001_obj_2,critical_safe_balanced,episode_002,1,1013,41,Q4_user_focus_after_enterprise_foothold,medium,DecoySSHD,User4,User,DiscoverNetworkServices,,[],[],"[""Enterprise2"", ""User0"", ""User2""]","[""Enterprise2"", ""User0"", ""User2""]","{""blue_first_relevant_response_after_critical"": 14, ""blue_first_relevant_response_after_enterprise"": 7, ""enterprise_foothold_step"": 5, ""first_critical_hit_step"": 12, ""window_end"": 43, ""window_start"": 41}"
ours_stage2_fair,11,stage2_ext_001_obj_2,critical_safe_balanced,episode_002,1,1013,42,Q4_user_focus_after_enterprise_foothold,medium,DecoySvchost,User4,User,ExploitRemoteService,,[],"[""Op_Server0""]","[""Enterprise2"", ""User0"", ""User2""]","[""Enterprise2"", ""Op_Server0"", ""User0"", ""User2""]","{""blue_first_relevant_response_after_critical"": 14, ""blue_first_relevant_response_after_enterprise"": 7, ""enterprise_foothold_step"": 5, ""first_critical_hit_step"": 12, ""window_end"": 44, ""window_start"": 42}"
ours_stage2_fair,11,stage2_ext_001_obj_2,critical_safe_balanced,episode_002,1,1013,81,Q4_user_focus_after_enterprise_foothold,medium,DecoySSHD,User4,User,Impact,Op_Server0,"[""Op_Server0""]","[""Op_Server0""]","[""Op_Server0"", ""User0"", ""User2""]","[""Op_Server0"", ""User0"", ""User2""]","{""blue_first_relevant_response_after_critical"": 14, ""blue_first_relevant_response_after_enterprise"": 7, ""enterprise_foothold_step"": 5, ""first_critical_hit_step"": 12, ""window_end"": 83, ""window_start"": 81}"
ours_stage2_fair,11,stage2_ext_001_obj_2,critical_safe_balanced,episode_002,1,1013,39,Q5_repeated_low_value_decoy_loop,medium,DecoySSHD,User4,User,ExploitRemoteService,,[],[],"[""User0"", ""User2""]","[""Enterprise2"", ""User0"", ""User2""]","{""blue_first_relevant_response_after_critical"": 14, ""blue_first_relevant_response_after_enterprise"": 7, ""enterprise_foothold_step"": 5, ""first_critical_hit_step"": 12, ""window_end"": 46, ""window_start"": 37}"
ours_stage2_fair,11,stage2_ext_001_obj_2,critical_safe_balanced,episode_002,1,1013,75,Q5_repeated_low_value_decoy_loop,medium,DecoySvchost,User4,User,PrivilegeEscalate,Op_Server0,"[""Op_Server0""]","[""Op_Server0""]","[""Enterprise2"", ""Op_Server0"", ""User0"", ""User2""]","[""Enterprise2"", ""Op_Server0"", ""User0"", ""User2""]","{""blue_first_relevant_response_after_critical"": 14, ""blue_first_relevant_response_after_enterprise"": 7, ""enterprise_foothold_step"": 5, ""first_critical_hit_step"": 12, ""window_end"": 83, ""window_start"": 74}"
ours_stage2_fair,11,stage2_ext_001_obj_2,critical_safe_balanced,episode_002,2,2013,14,Q2_user_action_during_critical_breach,high,DecoySSHD,User4,User,Impact,Op_Server0,"[""Op_Server0""]","[""Op_Server0""]","[""Enterprise0"", ""Enterprise2"", ""Op_Server0"", ""User0"", ""User4""]","[""Enterprise0"", ""Enterprise2"", ""Op_Server0"", ""User0"", ""User4""]","{""blue_first_relevant_response_after_critical"": 13, ""blue_first_relevant_response_after_enterprise"": 8, ""enterprise_foothold_step"": 5, ""first_critical_hit_step"": 12, ""window_end"": null, ""window_start"": null}"
ours_stage2_fair,11,stage2_ext_001_obj_2,critical_safe_balanced,episode_002,2,2013,22,Q2_user_action_during_critical_breach,high,DecoySSHD,User4,User,Impact,Op_Server0,"[""Op_Server0""]","[""Op_Server0""]","[""Enterprise0"", ""Enterprise2"", ""Op_Server0"", ""User0"", ""User4""]","[""Enterprise0"", ""Enterprise2"", ""Op_Server0"", ""User0"", ""User4""]","{""blue_first_relevant_response_after_critical"": 13, ""blue_first_relevant_response_after_enterprise"": 8, ""enterprise_foothold_step"": 5, ""first_critical_hit_step"": 12, ""window_end"": null, ""window_start"": null}"
ours_stage2_fair,11,stage2_ext_001_obj_2,critical_safe_balanced,episode_002,2,2013,24,Q2_user_action_during_critical_breach,high,DecoyTomcat,User4,User,Impact,Op_Server0,"[""Op_Server0""]","[""Op_Server0""]","[""Enterprise0"", ""Enterprise2"", ""Op_Server0"", ""User0"", ""User4""]","[""Enterprise0"", ""Enterprise2"", ""Op_Server0"", ""User0"", ""User4""]","{""blue_first_relevant_response_after_critical"": 13, ""blue_first_relevant_response_after_enterprise"": 8, ""enterprise_foothold_step"": 5, ""first_critical_hit_step"": 12, ""window_end"": null, ""window_start"": null}"
ours_stage2_fair,11,stage2_ext_001_obj_2,critical_safe_balanced,episode_002,2,2013,25,Q2_user_action_during_critical_breach,high,DecoySSHD,User4,User,Impact,Op_Server0,"[""Op_Server0""]","[""Op_Server0""]","[""Enterprise0"", ""Enterprise2"", ""Op_Server0"", ""User0"", ""User4""]","[""Enterprise0"", ""Enterprise2"", ""Op_Server0"", ""User0"", ""User4""]","{""blue_first_relevant_response_after_critical"": 13, ""blue_first_relevant_response_after_enterprise"": 8, ""enterprise_foothold_step"": 5, ""first_critical_hit_step"": 12, ""window_end"": null, ""window_start"": null}"
ours_stage2_fair,11,stage2_ext_001_obj_2,critical_safe_balanced,episode_002,2,2013,26,Q2_user_action_during_critical_breach,high,DecoySvchost,User2,User,Impact,Op_Server0,"[""Op_Server0""]","[""Op_Server0""]","[""Enterprise0"", ""Enterprise2"", ""Op_Server0"", ""User0"", ""User4""]","[""Enterprise0"", ""Enterprise2"", ""Op_Server0"", ""User0"", ""User4""]","{""blue_first_relevant_response_after_critical"": 13, ""blue_first_relevant_response_after_enterprise"": 8, ""enterprise_foothold_step"": 5, ""first_critical_hit_step"": 12, ""window_end"": null, ""window_start"": null}"
ours_stage2_fair,11,stage2_ext_001_obj_2,critical_safe_balanced,episode_002,2,2013,27,Q2_user_action_during_critical_breach,high,DecoySSHD,User4,User,Impact,Op_Server0,"[""Op_Server0""]","[""Op_Server0""]","[""Enterprise0"", ""Enterprise2"", ""Op_Server0"", ""User0"", ""User4""]","[""Enterprise0"", ""Enterprise2"", ""Op_Server0"", ""User0"", ""User4""]","{""blue_first_relevant_response_after_critical"": 13, ""blue_first_relevant_response_after_enterprise"": 8, ""enterprise_foothold_step"": 5, ""first_critical_hit_step"": 12, ""window_end"": null, ""window_start"": null}"
ours_stage2_fair,11,stage2_ext_001_obj_2,critical_safe_balanced,episode_002,2,2013,32,Q2_user_action_during_critical_breach,high,DecoyVsftpd,User2,User,Impact,Op_Server0,"[""Op_Server0""]","[""Op_Server0""]","[""Enterprise0"", ""Enterprise2"", ""Op_Server0"", ""User0"", ""User4""]","[""Enterprise0"", ""Enterprise2"", ""Op_Server0"", ""User0"", ""User4""]","{""blue_first_relevant_response_after_critical"": 13, ""blue_first_relevant_response_after_enterprise"": 8, ""enterprise_foothold_step"": 5, ""first_critical_hit_step"": 12, ""window_end"": null, ""window_start"": null}"
ours_stage2_fair,11,stage2_ext_001_obj_2,critical_safe_balanced,episode_002,2,2013,33,Q2_user_action_during_critical_breach,high,Remove,User1,User,Impact,Op_Server0,"[""Op_Server0""]","[""Op_Server0""]","[""Enterprise0"", ""Enterprise2"", ""Op_Server0"", ""User0"", ""User4""]","[""Enterprise0"", ""Enterprise2"", ""Op_Server0"", ""User0"", ""User4""]","{""blue_first_relevant_response_after_critical"": 13, ""blue_first_relevant_response_after_enterprise"": 8, ""enterprise_foothold_step"": 5, ""first_critical_hit_step"": 12, ""window_end"": null, ""window_start"": null}"
ours_stage2_fair,11,stage2_ext_001_obj_2,critical_safe_balanced,episode_002,2,2013,34,Q2_user_action_during_critical_breach,high,Remove,User3,User,Impact,Op_Server0,"[""Op_Server0""]","[""Op_Server0""]","[""Enterprise0"", ""Enterprise2"", ""Op_Server0"", ""User0"", ""User4""]","[""Enterprise0"", ""Enterprise2"", ""Op_Server0"", ""User0"", ""User4""]","{""blue_first_relevant_response_after_critical"": 13, ""blue_first_relevant_response_after_enterprise"": 8, ""enterprise_foothold_step"": 5, ""first_critical_hit_step"": 12, ""window_end"": null, ""window_start"": null}"
ours_stage2_fair,11,stage2_ext_001_obj_2,critical_safe_balanced,episode_002,2,2013,35,Q2_user_action_during_critical_breach,high,DecoySSHD,User4,User,Impact,Op_Server0,"[""Op_Server0""]","[""Op_Server0""]","[""Enterprise0"", ""Enterprise2"", ""Op_Server0"", ""User0"", ""User4""]","[""Enterprise0"", ""Enterprise2"", ""Op_Server0"", ""User0"", ""User4""]","{""blue_first_relevant_response_after_critical"": 13, ""blue_first_relevant_response_after_enterprise"": 8, ""enterprise_foothold_step"": 5, ""first_critical_hit_step"": 12, ""window_end"": null, ""window_start"": null}"
ours_stage2_fair,11,stage2_ext_001_obj_2,critical_safe_balanced,episode_002,2,2013,36,Q2_user_action_during_critical_breach,high,DecoySvchost,User4,User,Impact,Op_Server0,"[""Op_Server0""]","[""Op_Server0""]","[""Enterprise0"", ""Enterprise2"", ""Op_Server0"", ""User0"", ""User4""]","[""Enterprise0"", ""Enterprise2"", ""Op_Server0"", ""User0"", ""User4""]","{""blue_first_relevant_response_after_critical"": 13, ""blue_first_relevant_response_after_enterprise"": 8, ""enterprise_foothold_step"": 5, ""first_critical_hit_step"": 12, ""window_end"": null, ""window_start"": null}"
ours_stage2_fair,11,stage2_ext_001_obj_2,critical_safe_balanced,episode_002,2,2013,40,Q2_user_action_during_critical_breach,high,DecoySSHD,User4,User,PrivilegeEscalate,Op_Server0,"[""Op_Server0""]","[""Op_Server0""]","[""Enterprise0"", ""Enterprise2"", ""Op_Server0"", ""User0"", ""User4""]","[""Enterprise0"", ""Enterprise2"", ""Op_Server0"", ""User0"", ""User4""]","{""blue_first_relevant_response_after_critical"": 13, ""blue_first_relevant_response_after_enterprise"": 8, ""enterprise_foothold_step"": 5, ""first_critical_hit_step"": 12, ""window_end"": null, ""window_start"": null}"
ours_stage2_fair,11,stage2_ext_001_obj_2,critical_safe_balanced,episode_002,2,2013,41,Q2_user_action_during_critical_breach,high,Remove,User4,User,Impact,Op_Server0,"[""Op_Server0""]","[""Op_Server0""]","[""Enterprise0"", ""Enterprise2"", ""Op_Server0"", ""User0"", ""User4""]","[""Enterprise0"", ""Enterprise2"", ""Op_Server0"", ""User0"", ""User4""]","{""blue_first_relevant_response_after_critical"": 13, ""blue_first_relevant_response_after_enterprise"": 8, ""enterprise_foothold_step"": 5, ""first_critical_hit_step"": 12, ""window_end"": null, ""window_start"": null}"
ours_stage2_fair,11,stage2_ext_001_obj_2,critical_safe_balanced,episode_002,2,2013,42,Q2_user_action_during_critical_breach,high,DecoySSHD,User4,User,Impact,Op_Server0,"[""Op_Server0""]","[""Op_Server0""]","[""Enterprise0"", ""Enterprise2"", ""Op_Server0"", ""User0"", ""User4""]","[""Enterprise0"", ""Enterprise2"", ""Op_Server0"", ""User0"", ""User4""]","{""blue_first_relevant_response_after_critical"": 13, ""blue_first_relevant_response_after_enterprise"": 8, ""enterprise_foothold_step"": 5, ""first_critical_hit_step"": 12, ""window_end"": null, ""window_start"": null}"
ours_stage2_fair,11,stage2_ext_001_obj_2,critical_safe_balanced,episode_002,2,2013,44,Q2_user_action_during_critical_breach,high,DecoyApache,User0,User,Impact,Op_Server0,"[""Op_Server0""]","[""Op_Server0""]","[""Enterprise0"", ""Enterprise2"", ""Op_Server0"", ""User0"", ""User4""]","[""Enterprise0"", ""Enterprise2"", ""Op_Server0"", ""User0"", ""User4""]","{""blue_first_relevant_response_after_critical"": 13, ""blue_first_relevant_response_after_enterprise"": 8, ""enterprise_foothold_step"": 5, ""first_critical_hit_step"": 12, ""window_end"": null, ""window_start"": null}"
ours_stage2_fair,11,stage2_ext_001_obj_2,critical_safe_balanced,episode_002,2,2013,46,Q2_user_action_during_critical_breach,high,DecoySSHD,User4,User,Impact,Op_Server0,"[""Op_Server0""]","[""Op_Server0""]","[""Enterprise0"", ""Enterprise2"", ""Op_Server0"", ""User0"", ""User4""]","[""Enterprise0"", ""Enterprise2"", ""Op_Server0"", ""User0"", ""User4""]","{""blue_first_relevant_response_after_critical"": 13, ""blue_first_relevant_response_after_enterprise"": 8, ""enterprise_foothold_step"": 5, ""first_critical_hit_step"": 12, ""window_end"": null, ""window_start"": null}"
ours_stage2_fair,11,stage2_ext_001_obj_2,critical_safe_balanced,episode_002,2,2013,47,Q2_user_action_during_critical_breach,high,DecoySSHD,User4,User,Impact,Op_Server0,"[""Op_Server0""]","[""Op_Server0""]","[""Enterprise0"", ""Enterprise2"", ""Op_Server0"", ""User0"", ""User4""]","[""Enterprise0"", ""Enterprise2"", ""Op_Server0"", ""User0"", ""User4""]","{""blue_first_relevant_response_after_critical"": 13, ""blue_first_relevant_response_after_enterprise"": 8, ""enterprise_foothold_step"": 5, ""first_critical_hit_step"": 12, ""window_end"": null, ""window_start"": null}"
ours_stage2_fair,11,stage2_ext_001_obj_2,critical_safe_balanced,episode_002,2,2013,53,Q2_user_action_during_critical_breach,high,DecoySvchost,User4,User,Impact,Op_Server0,"[""Op_Server0""]","[""Op_Server0""]","[""Enterprise0"", ""Enterprise2"", ""Op_Server0"", ""User0"", ""User4""]","[""Enterprise0"", ""Enterprise2"", ""Op_Server0"", ""User0"", ""User4""]","{""blue_first_relevant_response_after_critical"": 13, ""blue_first_relevant_response_after_enterprise"": 8, ""enterprise_foothold_step"": 5, ""first_critical_hit_step"": 12, ""window_end"": null, ""window_start"": null}"
ours_stage2_fair,11,stage2_ext_001_obj_2,critical_safe_balanced,episode_002,2,2013,54,Q2_user_action_during_critical_breach,high,DecoySvchost,User4,User,Impact,Op_Server0,"[""Op_Server0""]","[""Op_Server0""]","[""Enterprise0"", ""Enterprise2"", ""Op_Server0"", ""User0"", ""User4""]","[""Enterprise0"", ""Enterprise2"", ""Op_Server0"", ""User0"", ""User4""]","{""blue_first_relevant_response_after_critical"": 13, ""blue_first_relevant_response_after_enterprise"": 8, ""enterprise_foothold_step"": 5, ""first_critical_hit_step"": 12, ""window_end"": null, ""window_start"": null}"
ours_stage2_fair,11,stage2_ext_001_obj_2,critical_safe_balanced,episode_002,2,2013,57,Q2_user_action_during_critical_breach,high,DecoyTomcat,User4,User,Impact,Op_Server0,"[""Op_Server0""]","[""Op_Server0""]","[""Enterprise0"", ""Enterprise2"", ""Op_Server0"", ""User0"", ""User4""]","[""Enterprise0"", ""Enterprise2"", ""Op_Server0"", ""User0"", ""User4""]","{""blue_first_relevant_response_after_critical"": 13, ""blue_first_relevant_response_after_enterprise"": 8, ""enterprise_foothold_step"": 5, ""first_critical_hit_step"": 12, ""window_end"": null, ""window_start"": null}"
ours_stage2_fair,11,stage2_ext_001_obj_2,critical_safe_balanced,episode_002,2,2013,58,Q2_user_action_during_critical_breach,high,Restore,User4,User,Impact,Op_Server0,"[""Op_Server0""]","[""Op_Server0""]","[""Enterprise0"", ""Enterprise2"", ""Op_Server0"", ""User0"", ""User4""]","[""Enterprise0"", ""Enterprise2"", ""Op_Server0"", ""User0""]","{""blue_first_relevant_response_after_critical"": 13, ""blue_first_relevant_response_after_enterprise"": 8, ""enterprise_foothold_step"": 5, ""first_critical_hit_step"": 12, ""window_end"": null, ""window_start"": null}"
ours_stage2_fair,11,stage2_ext_001_obj_2,critical_safe_balanced,episode_002,2,2013,62,Q2_user_action_during_critical_breach,high,DecoySvchost,User4,User,PrivilegeEscalate,Op_Server0,"[""Op_Server0""]","[""Op_Server0""]","[""Enterprise0"", ""Enterprise2"", ""Op_Server0"", ""User0""]","[""Enterprise0"", ""Enterprise2"", ""Op_Server0"", ""User0""]","{""blue_first_relevant_response_after_critical"": 13, ""blue_first_relevant_response_after_enterprise"": 8, ""enterprise_foothold_step"": 5, ""first_critical_hit_step"": 12, ""window_end"": null, ""window_start"": null}"
ours_stage2_fair,11,stage2_ext_001_obj_2,critical_safe_balanced,episode_002,2,2013,67,Q2_user_action_during_critical_breach,high,DecoySSHD,User4,User,Impact,Op_Server0,"[""Op_Server0""]","[""Op_Server0""]","[""Enterprise0"", ""Op_Server0"", ""User0""]","[""Enterprise0"", ""Op_Server0"", ""User0""]","{""blue_first_relevant_response_after_critical"": 13, ""blue_first_relevant_response_after_enterprise"": 8, ""enterprise_foothold_step"": 5, ""first_critical_hit_step"": 12, ""window_end"": null, ""window_start"": null}"
ours_stage2_fair,11,stage2_ext_001_obj_2,critical_safe_balanced,episode_002,2,2013,69,Q2_user_action_during_critical_breach,high,DecoySvchost,User4,User,Impact,Op_Server0,"[""Op_Server0""]","[""Op_Server0""]","[""Enterprise0"", ""Op_Server0"", ""User0""]","[""Enterprise0"", ""Op_Server0"", ""User0""]","{""blue_first_relevant_response_after_critical"": 13, ""blue_first_relevant_response_after_enterprise"": 8, ""enterprise_foothold_step"": 5, ""first_critical_hit_step"": 12, ""window_end"": null, ""window_start"": null}"
ours_stage2_fair,11,stage2_ext_001_obj_2,critical_safe_balanced,episode_002,2,2013,70,Q2_user_action_during_critical_breach,high,DecoySSHD,User4,User,Impact,Op_Server0,"[""Op_Server0""]","[""Op_Server0""]","[""Enterprise0"", ""Op_Server0"", ""User0""]","[""Enterprise0"", ""Op_Server0"", ""User0""]","{""blue_first_relevant_response_after_critical"": 13, ""blue_first_relevant_response_after_enterprise"": 8, ""enterprise_foothold_step"": 5, ""first_critical_hit_step"": 12, ""window_end"": null, ""window_start"": null}"
ours_stage2_fair,11,stage2_ext_001_obj_2,critical_safe_balanced,episode_002,2,2013,71,Q2_user_action_during_critical_breach,high,DecoySSHD,User4,User,Impact,Op_Server0,"[""Op_Server0""]","[""Op_Server0""]","[""Enterprise0"", ""Op_Server0"", ""User0""]","[""Enterprise0"", ""Op_Server0"", ""User0""]","{""blue_first_relevant_response_after_critical"": 13, ""blue_first_relevant_response_after_enterprise"": 8, ""enterprise_foothold_step"": 5, ""first_critical_hit_step"": 12, ""window_end"": null, ""window_start"": null}"
ours_stage2_fair,11,stage2_ext_001_obj_2,critical_safe_balanced,episode_002,2,2013,76,Q2_user_action_during_critical_breach,high,DecoySSHD,User4,User,Impact,Op_Server0,"[""Op_Server0""]","[""Op_Server0""]","[""Enterprise0"", ""Op_Server0"", ""User0""]","[""Enterprise0"", ""Op_Server0"", ""User0""]","{""blue_first_relevant_response_after_critical"": 13, ""blue_first_relevant_response_after_enterprise"": 8, ""enterprise_foothold_step"": 5, ""first_critical_hit_step"": 12, ""window_end"": null, ""window_start"": null}"
ours_stage2_fair,11,stage2_ext_001_obj_2,critical_safe_balanced,episode_002,2,2013,78,Q2_user_action_during_critical_breach,high,DecoySSHD,User1,User,Impact,Op_Server0,"[""Op_Server0""]","[""Op_Server0""]","[""Enterprise0"", ""Op_Server0"", ""User0""]","[""Enterprise0"", ""Op_Server0"", ""User0""]","{""blue_first_relevant_response_after_critical"": 13, ""blue_first_relevant_response_after_enterprise"": 8, ""enterprise_foothold_step"": 5, ""first_critical_hit_step"": 12, ""window_end"": null, ""window_start"": null}"
ours_stage2_fair,11,stage2_ext_001_obj_2,critical_safe_balanced,episode_002,2,2013,79,Q2_user_action_during_critical_breach,high,DecoySvchost,User4,User,Impact,Op_Server0,"[""Op_Server0""]","[""Op_Server0""]","[""Enterprise0"", ""Op_Server0"", ""User0""]","[""Enterprise0"", ""Op_Server0"", ""User0""]","{""blue_first_relevant_response_after_critical"": 13, ""blue_first_relevant_response_after_enterprise"": 8, ""enterprise_foothold_step"": 5, ""first_critical_hit_step"": 12, ""window_end"": null, ""window_start"": null}"
ours_stage2_fair,11,stage2_ext_001_obj_2,critical_safe_balanced,episode_002,2,2013,81,Q2_user_action_during_critical_breach,high,DecoySvchost,User2,User,Impact,Op_Server0,"[""Op_Server0""]","[""Op_Server0""]","[""Enterprise0"", ""Op_Server0"", ""User0""]","[""Enterprise0"", ""Op_Server0"", ""User0""]","{""blue_first_relevant_response_after_critical"": 13, ""blue_first_relevant_response_after_enterprise"": 8, ""enterprise_foothold_step"": 5, ""first_critical_hit_step"": 12, ""window_end"": null, ""window_start"": null}"
ours_stage2_fair,11,stage2_ext_001_obj_2,critical_safe_balanced,episode_002,2,2013,84,Q2_user_action_during_critical_breach,high,DecoySSHD,User4,User,Impact,Op_Server0,"[""Op_Server0""]","[""Op_Server0""]","[""Enterprise0"", ""Op_Server0"", ""User0""]","[""Enterprise0"", ""Op_Server0"", ""User0""]","{""blue_first_relevant_response_after_critical"": 13, ""blue_first_relevant_response_after_enterprise"": 8, ""enterprise_foothold_step"": 5, ""first_critical_hit_step"": 12, ""window_end"": null, ""window_start"": null}"
ours_stage2_fair,11,stage2_ext_001_obj_2,critical_safe_balanced,episode_002,2,2013,85,Q2_user_action_during_critical_breach,high,DecoySvchost,User4,User,Impact,Op_Server0,"[""Op_Server0""]","[""Op_Server0""]","[""Enterprise0"", ""Op_Server0"", ""User0""]","[""Enterprise0"", ""Op_Server0"", ""User0""]","{""blue_first_relevant_response_after_critical"": 13, ""blue_first_relevant_response_after_enterprise"": 8, ""enterprise_foothold_step"": 5, ""first_critical_hit_step"": 12, ""window_end"": null, ""window_start"": null}"
ours_stage2_fair,11,stage2_ext_001_obj_2,critical_safe_balanced,episode_002,2,2013,93,Q2_user_action_during_critical_breach,high,DecoySvchost,User3,User,Impact,Op_Server0,"[""Op_Server0""]","[""Op_Server0""]","[""Enterprise0"", ""Op_Server0"", ""User0""]","[""Enterprise0"", ""Op_Server0"", ""User0""]","{""blue_first_relevant_response_after_critical"": 13, ""blue_first_relevant_response_after_enterprise"": 8, ""enterprise_foothold_step"": 5, ""first_critical_hit_step"": 12, ""window_end"": null, ""window_start"": null}"
ours_stage2_fair,11,stage2_ext_001_obj_2,critical_safe_balanced,episode_002,2,2013,99,Q2_user_action_during_critical_breach,high,DecoyVsftpd,User2,User,Impact,Op_Server0,"[""Op_Server0""]","[""Op_Server0""]","[""Enterprise0"", ""Op_Server0"", ""User0""]","[""Enterprise0"", ""Op_Server0"", ""User0""]","{""blue_first_relevant_response_after_critical"": 13, ""blue_first_relevant_response_after_enterprise"": 8, ""enterprise_foothold_step"": 5, ""first_critical_hit_step"": 12, ""window_end"": null, ""window_start"": null}"
ours_stage2_fair,11,stage2_ext_001_obj_2,critical_safe_balanced,episode_002,2,2013,24,Q4_user_focus_after_enterprise_foothold,medium,DecoyTomcat,User4,User,Impact,Op_Server0,"[""Op_Server0""]","[""Op_Server0""]","[""Enterprise0"", ""Enterprise2"", ""Op_Server0"", ""User0"", ""User4""]","[""Enterprise0"", ""Enterprise2"", ""Op_Server0"", ""User0"", ""User4""]","{""blue_first_relevant_response_after_critical"": 13, ""blue_first_relevant_response_after_enterprise"": 8, ""enterprise_foothold_step"": 5, ""first_critical_hit_step"": 12, ""window_end"": 26, ""window_start"": 24}"
ours_stage2_fair,11,stage2_ext_001_obj_2,critical_safe_balanced,episode_002,2,2013,25,Q4_user_focus_after_enterprise_foothold,medium,DecoySSHD,User4,User,Impact,Op_Server0,"[""Op_Server0""]","[""Op_Server0""]","[""Enterprise0"", ""Enterprise2"", ""Op_Server0"", ""User0"", ""User4""]","[""Enterprise0"", ""Enterprise2"", ""Op_Server0"", ""User0"", ""User4""]","{""blue_first_relevant_response_after_critical"": 13, ""blue_first_relevant_response_after_enterprise"": 8, ""enterprise_foothold_step"": 5, ""first_critical_hit_step"": 12, ""window_end"": 27, ""window_start"": 25}"
ours_stage2_fair,11,stage2_ext_001_obj_2,critical_safe_balanced,episode_002,2,2013,32,Q4_user_focus_after_enterprise_foothold,medium,DecoyVsftpd,User2,User,Impact,Op_Server0,"[""Op_Server0""]","[""Op_Server0""]","[""Enterprise0"", ""Enterprise2"", ""Op_Server0"", ""User0"", ""User4""]","[""Enterprise0"", ""Enterprise2"", ""Op_Server0"", ""User0"", ""User4""]","{""blue_first_relevant_response_after_critical"": 13, ""blue_first_relevant_response_after_enterprise"": 8, ""enterprise_foothold_step"": 5, ""first_critical_hit_step"": 12, ""window_end"": 34, ""window_start"": 32}"
ours_stage2_fair,11,stage2_ext_001_obj_2,critical_safe_balanced,episode_002,2,2013,33,Q4_user_focus_after_enterprise_foothold,medium,Remove,User1,User,Impact,Op_Server0,"[""Op_Server0""]","[""Op_Server0""]","[""Enterprise0"", ""Enterprise2"", ""Op_Server0"", ""User0"", ""User4""]","[""Enterprise0"", ""Enterprise2"", ""Op_Server0"", ""User0"", ""User4""]","{""blue_first_relevant_response_after_critical"": 13, ""blue_first_relevant_response_after_enterprise"": 8, ""enterprise_foothold_step"": 5, ""first_critical_hit_step"": 12, ""window_end"": 35, ""window_start"": 33}"
ours_stage2_fair,11,stage2_ext_001_obj_2,critical_safe_balanced,episode_002,2,2013,34,Q4_user_focus_after_enterprise_foothold,medium,Remove,User3,User,Impact,Op_Server0,"[""Op_Server0""]","[""Op_Server0""]","[""Enterprise0"", ""Enterprise2"", ""Op_Server0"", ""User0"", ""User4""]","[""Enterprise0"", ""Enterprise2"", ""Op_Server0"", ""User0"", ""User4""]","{""blue_first_relevant_response_after_critical"": 13, ""blue_first_relevant_response_after_enterprise"": 8, ""enterprise_foothold_step"": 5, ""first_critical_hit_step"": 12, ""window_end"": 36, ""window_start"": 34}"
ours_stage2_fair,11,stage2_ext_001_obj_2,critical_safe_balanced,episode_002,2,2013,38,Q4_user_focus_after_enterprise_foothold,medium,DecoySSHD,User4,User,PrivilegeEscalate,Op_Server0,[],[],"[""Enterprise0"", ""Enterprise2"", ""User0"", ""User4""]","[""Enterprise0"", ""Enterprise2"", ""User0"", ""User4""]","{""blue_first_relevant_response_after_critical"": 13, ""blue_first_relevant_response_after_enterprise"": 8, ""enterprise_foothold_step"": 5, ""first_critical_hit_step"": 12, ""window_end"": 40, ""window_start"": 38}"
ours_stage2_fair,11,stage2_ext_001_obj_2,critical_safe_balanced,episode_002,2,2013,39,Q4_user_focus_after_enterprise_foothold,medium,DecoySSHD,User4,User,ExploitRemoteService,,[],"[""Op_Server0""]","[""Enterprise0"", ""Enterprise2"", ""User0"", ""User4""]","[""Enterprise0"", ""Enterprise2"", ""Op_Server0"", ""User0"", ""User4""]","{""blue_first_relevant_response_after_critical"": 13, ""blue_first_relevant_response_after_enterprise"": 8, ""enterprise_foothold_step"": 5, ""first_critical_hit_step"": 12, ""window_end"": 41, ""window_start"": 39}"
ours_stage2_fair,11,stage2_ext_001_obj_2,critical_safe_balanced,episode_002,2,2013,40,Q4_user_focus_after_enterprise_foothold,medium,DecoySSHD,User4,User,PrivilegeEscalate,Op_Server0,"[""Op_Server0""]","[""Op_Server0""]","[""Enterprise0"", ""Enterprise2"", ""Op_Server0"", ""User0"", ""User4""]","[""Enterprise0"", ""Enterprise2"", ""Op_Server0"", ""User0"", ""User4""]","{""blue_first_relevant_response_after_critical"": 13, ""blue_first_relevant_response_after_enterprise"": 8, ""enterprise_foothold_step"": 5, ""first_critical_hit_step"": 12, ""window_end"": 42, ""window_start"": 40}"
ours_stage2_fair,11,stage2_ext_001_obj_2,critical_safe_balanced,episode_002,2,2013,69,Q4_user_focus_after_enterprise_foothold,medium,DecoySvchost,User4,User,Impact,Op_Server0,"[""Op_Server0""]","[""Op_Server0""]","[""Enterprise0"", ""Op_Server0"", ""User0""]","[""Enterprise0"", ""Op_Server0"", ""User0""]","{""blue_first_relevant_response_after_critical"": 13, ""blue_first_relevant_response_after_enterprise"": 8, ""enterprise_foothold_step"": 5, ""first_critical_hit_step"": 12, ""window_end"": 71, ""window_start"": 69}"
ours_stage2_fair,11,stage2_ext_001_obj_2,critical_safe_balanced,episode_002,2,2013,6,Q5_repeated_low_value_decoy_loop,medium,DecoySvchost,User4,User,PrivilegeEscalate,Enterprise0,[],[],"[""Enterprise0"", ""User0"", ""User4""]","[""Enterprise0"", ""User0"", ""User4""]","{""blue_first_relevant_response_after_critical"": 13, ""blue_first_relevant_response_after_enterprise"": 8, ""enterprise_foothold_step"": 5, ""first_critical_hit_step"": 12, ""window_end"": 15, ""window_start"": 6}"
ours_stage2_fair,11,stage2_ext_001_obj_2,critical_safe_balanced,episode_002,2,2013,22,Q5_repeated_low_value_decoy_loop,medium,DecoySSHD,User4,User,Impact,Op_Server0,"[""Op_Server0""]","[""Op_Server0""]","[""Enterprise0"", ""Enterprise2"", ""Op_Server0"", ""User0"", ""User4""]","[""Enterprise0"", ""Enterprise2"", ""Op_Server0"", ""User0"", ""User4""]","{""blue_first_relevant_response_after_critical"": 13, ""blue_first_relevant_response_after_enterprise"": 8, ""enterprise_foothold_step"": 5, ""first_critical_hit_step"": 12, ""window_end"": 27, ""window_start"": 18}"
ours_stage2_fair,11,stage2_ext_001_obj_2,critical_safe_balanced,episode_002,3,3013,14,Q2_user_action_during_critical_breach,high,DecoySvchost,User4,User,Impact,Op_Server0,"[""Op_Server0""]","[""Op_Server0""]","[""Enterprise1"", ""Enterprise2"", ""Op_Server0"", ""User0"", ""User2""]","[""Enterprise1"", ""Enterprise2"", ""Op_Server0"", ""User0"", ""User2""]","{""blue_first_relevant_response_after_critical"": 17, ""blue_first_relevant_response_after_enterprise"": 9, ""enterprise_foothold_step"": 5, ""first_critical_hit_step"": 12, ""window_end"": null, ""window_start"": null}"
ours_stage2_fair,11,stage2_ext_001_obj_2,critical_safe_balanced,episode_002,3,3013,15,Q2_user_action_during_critical_breach,high,DecoySSHD,User4,User,Impact,Op_Server0,"[""Op_Server0""]","[""Op_Server0""]","[""Enterprise1"", ""Enterprise2"", ""Op_Server0"", ""User0"", ""User2""]","[""Enterprise1"", ""Enterprise2"", ""Op_Server0"", ""User0"", ""User2""]","{""blue_first_relevant_response_after_critical"": 17, ""blue_first_relevant_response_after_enterprise"": 9, ""enterprise_foothold_step"": 5, ""first_critical_hit_step"": 12, ""window_end"": null, ""window_start"": null}"
ours_stage2_fair,11,stage2_ext_001_obj_2,critical_safe_balanced,episode_002,3,3013,16,Q2_user_action_during_critical_breach,high,DecoySvchost,User4,User,Impact,Op_Server0,"[""Op_Server0""]","[""Op_Server0""]","[""Enterprise1"", ""Enterprise2"", ""Op_Server0"", ""User0"", ""User2""]","[""Enterprise1"", ""Enterprise2"", ""Op_Server0"", ""User0"", ""User2""]","{""blue_first_relevant_response_after_critical"": 17, ""blue_first_relevant_response_after_enterprise"": 9, ""enterprise_foothold_step"": 5, ""first_critical_hit_step"": 12, ""window_end"": null, ""window_start"": null}"
ours_stage2_fair,11,stage2_ext_001_obj_2,critical_safe_balanced,episode_002,3,3013,18,Q2_user_action_during_critical_breach,high,DecoyApache,User0,User,Impact,Op_Server0,"[""Op_Server0""]","[""Op_Server0""]","[""Enterprise1"", ""Op_Server0"", ""User0"", ""User2""]","[""Enterprise1"", ""Op_Server0"", ""User0"", ""User2""]","{""blue_first_relevant_response_after_critical"": 17, ""blue_first_relevant_response_after_enterprise"": 9, ""enterprise_foothold_step"": 5, ""first_critical_hit_step"": 12, ""window_end"": null, ""window_start"": null}"
ours_stage2_fair,11,stage2_ext_001_obj_2,critical_safe_balanced,episode_002,3,3013,20,Q2_user_action_during_critical_breach,high,DecoyTomcat,User2,User,Impact,Op_Server0,"[""Op_Server0""]","[""Op_Server0""]","[""Enterprise1"", ""Op_Server0"", ""User0"", ""User2""]","[""Enterprise1"", ""Op_Server0"", ""User0"", ""User2""]","{""blue_first_relevant_response_after_critical"": 17, ""blue_first_relevant_response_after_enterprise"": 9, ""enterprise_foothold_step"": 5, ""first_critical_hit_step"": 12, ""window_end"": null, ""window_start"": null}"
ours_stage2_fair,11,stage2_ext_001_obj_2,critical_safe_balanced,episode_002,3,3013,22,Q2_user_action_during_critical_breach,high,DecoyTomcat,User1,User,Impact,Op_Server0,"[""Op_Server0""]","[""Op_Server0""]","[""Enterprise1"", ""Op_Server0"", ""User0"", ""User2""]","[""Enterprise1"", ""Op_Server0"", ""User0"", ""User2""]","{""blue_first_relevant_response_after_critical"": 17, ""blue_first_relevant_response_after_enterprise"": 9, ""enterprise_foothold_step"": 5, ""first_critical_hit_step"": 12, ""window_end"": null, ""window_start"": null}"
ours_stage2_fair,11,stage2_ext_001_obj_2,critical_safe_balanced,episode_002,3,3013,28,Q2_user_action_during_critical_breach,high,DecoyVsftpd,User0,User,Impact,Op_Server0,"[""Op_Server0""]","[""Op_Server0""]","[""Enterprise1"", ""Op_Server0"", ""User0"", ""User2""]","[""Enterprise1"", ""Op_Server0"", ""User0"", ""User2""]","{""blue_first_relevant_response_after_critical"": 17, ""blue_first_relevant_response_after_enterprise"": 9, ""enterprise_foothold_step"": 5, ""first_critical_hit_step"": 12, ""window_end"": null, ""window_start"": null}"
ours_stage2_fair,11,stage2_ext_001_obj_2,critical_safe_balanced,episode_002,3,3013,31,Q2_user_action_during_critical_breach,high,DecoySSHD,User4,User,Impact,Op_Server0,"[""Op_Server0""]","[""Op_Server0""]","[""Enterprise1"", ""Op_Server0"", ""User0"", ""User2""]","[""Enterprise1"", ""Op_Server0"", ""User0"", ""User2""]","{""blue_first_relevant_response_after_critical"": 17, ""blue_first_relevant_response_after_enterprise"": 9, ""enterprise_foothold_step"": 5, ""first_critical_hit_step"": 12, ""window_end"": null, ""window_start"": null}"
ours_stage2_fair,11,stage2_ext_001_obj_2,critical_safe_balanced,episode_002,3,3013,34,Q2_user_action_during_critical_breach,high,DecoySSHD,User4,User,Impact,Op_Server0,"[""Op_Server0""]","[""Op_Server0""]","[""Enterprise1"", ""Op_Server0"", ""User0"", ""User2""]","[""Enterprise1"", ""Op_Server0"", ""User0"", ""User2""]","{""blue_first_relevant_response_after_critical"": 17, ""blue_first_relevant_response_after_enterprise"": 9, ""enterprise_foothold_step"": 5, ""first_critical_hit_step"": 12, ""window_end"": null, ""window_start"": null}"
ours_stage2_fair,11,stage2_ext_001_obj_2,critical_safe_balanced,episode_002,3,3013,39,Q2_user_action_during_critical_breach,high,DecoyVsftpd,User2,User,PrivilegeEscalate,Op_Server0,"[""Op_Server0""]","[""Op_Server0""]","[""Enterprise1"", ""Op_Server0"", ""User0"", ""User2""]","[""Enterprise1"", ""Op_Server0"", ""User0"", ""User2""]","{""blue_first_relevant_response_after_critical"": 17, ""blue_first_relevant_response_after_enterprise"": 9, ""enterprise_foothold_step"": 5, ""first_critical_hit_step"": 12, ""window_end"": null, ""window_start"": null}"
ours_stage2_fair,11,stage2_ext_001_obj_2,critical_safe_balanced,episode_002,3,3013,43,Q2_user_action_during_critical_breach,high,DecoyVsftpd,User2,User,Impact,Op_Server0,"[""Op_Server0""]","[""Op_Server0""]","[""Enterprise1"", ""Op_Server0"", ""User0"", ""User2""]","[""Enterprise1"", ""Op_Server0"", ""User0"", ""User2""]","{""blue_first_relevant_response_after_critical"": 17, ""blue_first_relevant_response_after_enterprise"": 9, ""enterprise_foothold_step"": 5, ""first_critical_hit_step"": 12, ""window_end"": null, ""window_start"": null}"
ours_stage2_fair,11,stage2_ext_001_obj_2,critical_safe_balanced,episode_002,3,3013,49,Q2_user_action_during_critical_breach,high,DecoySSHD,User4,User,PrivilegeEscalate,Op_Server0,"[""Op_Server0""]","[""Op_Server0""]","[""Enterprise1"", ""Op_Server0"", ""User0"", ""User2""]","[""Enterprise1"", ""Op_Server0"", ""User0"", ""User2""]","{""blue_first_relevant_response_after_critical"": 17, ""blue_first_relevant_response_after_enterprise"": 9, ""enterprise_foothold_step"": 5, ""first_critical_hit_step"": 12, ""window_end"": null, ""window_start"": null}"
ours_stage2_fair,11,stage2_ext_001_obj_2,critical_safe_balanced,episode_002,3,3013,58,Q2_user_action_during_critical_breach,high,DecoySvchost,User4,User,PrivilegeEscalate,Op_Server0,"[""Op_Server0""]","[""Op_Server0""]","[""Enterprise1"", ""Op_Server0"", ""User0"", ""User2""]","[""Enterprise1"", ""Op_Server0"", ""User0"", ""User2""]","{""blue_first_relevant_response_after_critical"": 17, ""blue_first_relevant_response_after_enterprise"": 9, ""enterprise_foothold_step"": 5, ""first_critical_hit_step"": 12, ""window_end"": null, ""window_start"": null}"
ours_stage2_fair,11,stage2_ext_001_obj_2,critical_safe_balanced,episode_002,3,3013,66,Q2_user_action_during_critical_breach,high,DecoyVsftpd,User2,User,Impact,Op_Server0,"[""Op_Server0""]","[""Op_Server0""]","[""Enterprise1"", ""Op_Server0"", ""User0"", ""User2""]","[""Enterprise1"", ""Op_Server0"", ""User0"", ""User2""]","{""blue_first_relevant_response_after_critical"": 17, ""blue_first_relevant_response_after_enterprise"": 9, ""enterprise_foothold_step"": 5, ""first_critical_hit_step"": 12, ""window_end"": null, ""window_start"": null}"
ours_stage2_fair,11,stage2_ext_001_obj_2,critical_safe_balanced,episode_002,3,3013,67,Q2_user_action_during_critical_breach,high,Analyse,User0,User,Impact,Op_Server0,"[""Op_Server0""]","[""Op_Server0""]","[""Enterprise1"", ""Op_Server0"", ""User0"", ""User2""]","[""Enterprise1"", ""Op_Server0"", ""User0"", ""User2""]","{""blue_first_relevant_response_after_critical"": 17, ""blue_first_relevant_response_after_enterprise"": 9, ""enterprise_foothold_step"": 5, ""first_critical_hit_step"": 12, ""window_end"": null, ""window_start"": null}"
ours_stage2_fair,11,stage2_ext_001_obj_2,critical_safe_balanced,episode_002,3,3013,70,Q2_user_action_during_critical_breach,high,DecoyFemitter,User0,User,Impact,Op_Server0,"[""Op_Server0""]","[""Op_Server0""]","[""Enterprise1"", ""Op_Server0"", ""User0"", ""User2""]","[""Enterprise1"", ""Op_Server0"", ""User0"", ""User2""]","{""blue_first_relevant_response_after_critical"": 17, ""blue_first_relevant_response_after_enterprise"": 9, ""enterprise_foothold_step"": 5, ""first_critical_hit_step"": 12, ""window_end"": null, ""window_start"": null}"
ours_stage2_fair,11,stage2_ext_001_obj_2,critical_safe_balanced,episode_002,3,3013,71,Q2_user_action_during_critical_breach,high,DecoySvchost,User4,User,Impact,Op_Server0,"[""Op_Server0""]","[""Op_Server0""]","[""Enterprise1"", ""Op_Server0"", ""User0"", ""User2""]","[""Enterprise1"", ""Op_Server0"", ""User0"", ""User2""]","{""blue_first_relevant_response_after_critical"": 17, ""blue_first_relevant_response_after_enterprise"": 9, ""enterprise_foothold_step"": 5, ""first_critical_hit_step"": 12, ""window_end"": null, ""window_start"": null}"
ours_stage2_fair,11,stage2_ext_001_obj_2,critical_safe_balanced,episode_002,3,3013,73,Q2_user_action_during_critical_breach,high,DecoySvchost,User4,User,Impact,Op_Server0,"[""Op_Server0""]","[""Op_Server0""]","[""Enterprise1"", ""Op_Server0"", ""User0"", ""User2""]","[""Enterprise1"", ""Op_Server0"", ""User0"", ""User2""]","{""blue_first_relevant_response_after_critical"": 17, ""blue_first_relevant_response_after_enterprise"": 9, ""enterprise_foothold_step"": 5, ""first_critical_hit_step"": 12, ""window_end"": null, ""window_start"": null}"
ours_stage2_fair,11,stage2_ext_001_obj_2,critical_safe_balanced,episode_002,3,3013,77,Q2_user_action_during_critical_breach,high,DecoySvchost,User4,User,Impact,Op_Server0,"[""Op_Server0""]","[""Op_Server0""]","[""Enterprise1"", ""Op_Server0"", ""User0"", ""User2""]","[""Enterprise1"", ""Op_Server0"", ""User0"", ""User2""]","{""blue_first_relevant_response_after_critical"": 17, ""blue_first_relevant_response_after_enterprise"": 9, ""enterprise_foothold_step"": 5, ""first_critical_hit_step"": 12, ""window_end"": null, ""window_start"": null}"
ours_stage2_fair,11,stage2_ext_001_obj_2,critical_safe_balanced,episode_002,3,3013,78,Q2_user_action_during_critical_breach,high,DecoySSHD,User4,User,Impact,Op_Server0,"[""Op_Server0""]","[""Op_Server0""]","[""Enterprise1"", ""Op_Server0"", ""User0"", ""User2""]","[""Enterprise1"", ""Op_Server0"", ""User0"", ""User2""]","{""blue_first_relevant_response_after_critical"": 17, ""blue_first_relevant_response_after_enterprise"": 9, ""enterprise_foothold_step"": 5, ""first_critical_hit_step"": 12, ""window_end"": null, ""window_start"": null}"
ours_stage2_fair,11,stage2_ext_001_obj_2,critical_safe_balanced,episode_002,3,3013,79,Q2_user_action_during_critical_breach,high,DecoySSHD,User4,User,Impact,Op_Server0,"[""Op_Server0""]","[""Op_Server0""]","[""Enterprise1"", ""Op_Server0"", ""User0"", ""User2""]","[""Enterprise1"", ""Op_Server0"", ""User0"", ""User2""]","{""blue_first_relevant_response_after_critical"": 17, ""blue_first_relevant_response_after_enterprise"": 9, ""enterprise_foothold_step"": 5, ""first_critical_hit_step"": 12, ""window_end"": null, ""window_start"": null}"
ours_stage2_fair,11,stage2_ext_001_obj_2,critical_safe_balanced,episode_002,3,3013,80,Q2_user_action_during_critical_breach,high,Remove,User0,User,Impact,Op_Server0,"[""Op_Server0""]","[""Op_Server0""]","[""Enterprise1"", ""Op_Server0"", ""User0"", ""User2""]","[""Enterprise1"", ""Op_Server0"", ""User0"", ""User2""]","{""blue_first_relevant_response_after_critical"": 17, ""blue_first_relevant_response_after_enterprise"": 9, ""enterprise_foothold_step"": 5, ""first_critical_hit_step"": 12, ""window_end"": null, ""window_start"": null}"
ours_stage2_fair,11,stage2_ext_001_obj_2,critical_safe_balanced,episode_002,3,3013,82,Q2_user_action_during_critical_breach,high,DecoySSHD,User4,User,Impact,Op_Server0,"[""Op_Server0""]","[""Op_Server0""]","[""Enterprise1"", ""Op_Server0"", ""User0"", ""User2""]","[""Enterprise1"", ""Op_Server0"", ""User0"", ""User2""]","{""blue_first_relevant_response_after_critical"": 17, ""blue_first_relevant_response_after_enterprise"": 9, ""enterprise_foothold_step"": 5, ""first_critical_hit_step"": 12, ""window_end"": null, ""window_start"": null}"
ours_stage2_fair,11,stage2_ext_001_obj_2,critical_safe_balanced,episode_002,3,3013,85,Q2_user_action_during_critical_breach,high,DecoySvchost,User4,User,Impact,Op_Server0,"[""Op_Server0""]","[""Op_Server0""]","[""Enterprise1"", ""Op_Server0"", ""User0"", ""User2""]","[""Enterprise1"", ""Op_Server0"", ""User0"", ""User2""]","{""blue_first_relevant_response_after_critical"": 17, ""blue_first_relevant_response_after_enterprise"": 9, ""enterprise_foothold_step"": 5, ""first_critical_hit_step"": 12, ""window_end"": null, ""window_start"": null}"
ours_stage2_fair,11,stage2_ext_001_obj_2,critical_safe_balanced,episode_002,3,3013,89,Q2_user_action_during_critical_breach,high,DecoySSHD,User4,User,PrivilegeEscalate,Op_Server0,"[""Op_Server0""]","[""Op_Server0""]","[""Enterprise1"", ""Op_Server0"", ""User0"", ""User2""]","[""Enterprise1"", ""Op_Server0"", ""User0"", ""User2""]","{""blue_first_relevant_response_after_critical"": 17, ""blue_first_relevant_response_after_enterprise"": 9, ""enterprise_foothold_step"": 5, ""first_critical_hit_step"": 12, ""window_end"": null, ""window_start"": null}"
ours_stage2_fair,11,stage2_ext_001_obj_2,critical_safe_balanced,episode_002,3,3013,91,Q2_user_action_during_critical_breach,high,DecoySSHD,User4,User,Impact,Op_Server0,"[""Op_Server0""]","[""Op_Server0""]","[""Enterprise1"", ""Op_Server0"", ""User0"", ""User2""]","[""Enterprise1"", ""Op_Server0"", ""User0"", ""User2""]","{""blue_first_relevant_response_after_critical"": 17, ""blue_first_relevant_response_after_enterprise"": 9, ""enterprise_foothold_step"": 5, ""first_critical_hit_step"": 12, ""window_end"": null, ""window_start"": null}"
ours_stage2_fair,11,stage2_ext_001_obj_2,critical_safe_balanced,episode_002,3,3013,94,Q2_user_action_during_critical_breach,high,DecoySSHD,User4,User,Impact,Op_Server0,"[""Op_Server0""]","[""Op_Server0""]","[""Enterprise1"", ""Op_Server0"", ""User0"", ""User2""]","[""Enterprise1"", ""Op_Server0"", ""User0"", ""User2""]","{""blue_first_relevant_response_after_critical"": 17, ""blue_first_relevant_response_after_enterprise"": 9, ""enterprise_foothold_step"": 5, ""first_critical_hit_step"": 12, ""window_end"": null, ""window_start"": null}"
ours_stage2_fair,11,stage2_ext_001_obj_2,critical_safe_balanced,episode_002,3,3013,96,Q2_user_action_during_critical_breach,high,DecoySSHD,User4,User,Impact,Op_Server0,"[""Op_Server0""]","[""Op_Server0""]","[""Enterprise1"", ""Op_Server0"", ""User0"", ""User2""]","[""Enterprise1"", ""Op_Server0"", ""User0"", ""User2""]","{""blue_first_relevant_response_after_critical"": 17, ""blue_first_relevant_response_after_enterprise"": 9, ""enterprise_foothold_step"": 5, ""first_critical_hit_step"": 12, ""window_end"": null, ""window_start"": null}"
ours_stage2_fair,11,stage2_ext_001_obj_2,critical_safe_balanced,episode_002,3,3013,97,Q2_user_action_during_critical_breach,high,DecoySvchost,User4,User,Impact,Op_Server0,"[""Op_Server0""]","[""Op_Server0""]","[""Enterprise1"", ""Op_Server0"", ""User0"", ""User2""]","[""Enterprise1"", ""Op_Server0"", ""User0"", ""User2""]","{""blue_first_relevant_response_after_critical"": 17, ""blue_first_relevant_response_after_enterprise"": 9, ""enterprise_foothold_step"": 5, ""first_critical_hit_step"": 12, ""window_end"": null, ""window_start"": null}"
ours_stage2_fair,11,stage2_ext_001_obj_2,critical_safe_balanced,episode_002,3,3013,99,Q2_user_action_during_critical_breach,high,DecoySSHD,User4,User,Impact,Op_Server0,"[""Op_Server0""]","[""Op_Server0""]","[""Enterprise1"", ""Op_Server0"", ""User0"", ""User2""]","[""Enterprise1"", ""Op_Server0"", ""User0"", ""User2""]","{""blue_first_relevant_response_after_critical"": 17, ""blue_first_relevant_response_after_enterprise"": 9, ""enterprise_foothold_step"": 5, ""first_critical_hit_step"": 12, ""window_end"": null, ""window_start"": null}"
ours_stage2_fair,11,stage2_ext_001_obj_2,critical_safe_balanced,episode_002,3,3013,12,Q3_missed_immediate_response_to_critical_hit,high,DecoySSHD,User3,User,ExploitRemoteService,,[],"[""Op_Server0""]","[""Enterprise1"", ""Enterprise2"", ""User0"", ""User2""]","[""Enterprise1"", ""Enterprise2"", ""Op_Server0"", ""User0"", ""User2""]","{""blue_first_relevant_response_after_critical"": 17, ""blue_first_relevant_response_after_enterprise"": 9, ""enterprise_foothold_step"": 5, ""first_critical_hit_step"": 12, ""window_end"": 15, ""window_start"": 13}"
ours_stage2_fair,11,stage2_ext_001_obj_2,critical_safe_balanced,episode_002,3,3013,14,Q4_user_focus_after_enterprise_foothold,medium,DecoySvchost,User4,User,Impact,Op_Server0,"[""Op_Server0""]","[""Op_Server0""]","[""Enterprise1"", ""Enterprise2"", ""Op_Server0"", ""User0"", ""User2""]","[""Enterprise1"", ""Enterprise2"", ""Op_Server0"", ""User0"", ""User2""]","{""blue_first_relevant_response_after_critical"": 17, ""blue_first_relevant_response_after_enterprise"": 9, ""enterprise_foothold_step"": 5, ""first_critical_hit_step"": 12, ""window_end"": 16, ""window_start"": 14}"
ours_stage2_fair,11,stage2_ext_001_obj_2,critical_safe_balanced,episode_002,3,3013,77,Q4_user_focus_after_enterprise_foothold,medium,DecoySvchost,User4,User,Impact,Op_Server0,"[""Op_Server0""]","[""Op_Server0""]","[""Enterprise1"", ""Op_Server0"", ""User0"", ""User2""]","[""Enterprise1"", ""Op_Server0"", ""User0"", ""User2""]","{""blue_first_relevant_response_after_critical"": 17, ""blue_first_relevant_response_after_enterprise"": 9, ""enterprise_foothold_step"": 5, ""first_critical_hit_step"": 12, ""window_end"": 79, ""window_start"": 77}"
ours_stage2_fair,11,stage2_ext_001_obj_2,critical_safe_balanced,episode_002,3,3013,78,Q4_user_focus_after_enterprise_foothold,medium,DecoySSHD,User4,User,Impact,Op_Server0,"[""Op_Server0""]","[""Op_Server0""]","[""Enterprise1"", ""Op_Server0"", ""User0"", ""User2""]","[""Enterprise1"", ""Op_Server0"", ""User0"", ""User2""]","{""blue_first_relevant_response_after_critical"": 17, ""blue_first_relevant_response_after_enterprise"": 9, ""enterprise_foothold_step"": 5, ""first_critical_hit_step"": 12, ""window_end"": 80, ""window_start"": 78}"
ours_stage2_fair,11,stage2_ext_001_obj_2,critical_safe_balanced,episode_002,3,3013,26,Q5_repeated_low_value_decoy_loop,medium,DecoySSHD,User4,User,ExploitRemoteService,,[],"[""Op_Server0""]","[""Enterprise1"", ""User0"", ""User2""]","[""Enterprise1"", ""Op_Server0"", ""User0"", ""User2""]","{""blue_first_relevant_response_after_critical"": 17, ""blue_first_relevant_response_after_enterprise"": 9, ""enterprise_foothold_step"": 5, ""first_critical_hit_step"": 12, ""window_end"": 34, ""window_start"": 25}"
ours_stage2_fair,11,stage2_ext_001_obj_2,critical_safe_balanced,episode_002,3,3013,71,Q5_repeated_low_value_decoy_loop,medium,DecoySvchost,User4,User,Impact,Op_Server0,"[""Op_Server0""]","[""Op_Server0""]","[""Enterprise1"", ""Op_Server0"", ""User0"", ""User2""]","[""Enterprise1"", ""Op_Server0"", ""User0"", ""User2""]","{""blue_first_relevant_response_after_critical"": 17, ""blue_first_relevant_response_after_enterprise"": 9, ""enterprise_foothold_step"": 5, ""first_critical_hit_step"": 12, ""window_end"": 77, ""window_start"": 68}"
ours_stage2_fair,11,stage2_ext_001_obj_2,critical_safe_balanced,episode_002,4,4013,18,Q2_user_action_during_critical_breach,high,DecoySSHD,User4,User,Impact,Op_Server0,"[""Op_Server0""]","[""Op_Server0""]","[""Enterprise1"", ""Enterprise2"", ""Op_Server0"", ""User0"", ""User2""]","[""Enterprise1"", ""Enterprise2"", ""Op_Server0"", ""User0"", ""User2""]","{""blue_first_relevant_response_after_critical"": 27, ""blue_first_relevant_response_after_enterprise"": 6, ""enterprise_foothold_step"": 5, ""first_critical_hit_step"": 16, ""window_end"": null, ""window_start"": null}"
ours_stage2_fair,11,stage2_ext_001_obj_2,critical_safe_balanced,episode_002,4,4013,22,Q2_user_action_during_critical_breach,high,DecoySvchost,User4,User,Impact,Op_Server0,"[""Op_Server0""]","[""Op_Server0""]","[""Enterprise1"", ""Enterprise2"", ""Op_Server0"", ""User0"", ""User2""]","[""Enterprise1"", ""Enterprise2"", ""Op_Server0"", ""User0"", ""User2""]","{""blue_first_relevant_response_after_critical"": 27, ""blue_first_relevant_response_after_enterprise"": 6, ""enterprise_foothold_step"": 5, ""first_critical_hit_step"": 16, ""window_end"": null, ""window_start"": null}"
ours_stage2_fair,11,stage2_ext_001_obj_2,critical_safe_balanced,episode_002,4,4013,23,Q2_user_action_during_critical_breach,high,DecoySSHD,User4,User,Impact,Op_Server0,"[""Op_Server0""]","[""Op_Server0""]","[""Enterprise1"", ""Enterprise2"", ""Op_Server0"", ""User0"", ""User2""]","[""Enterprise1"", ""Enterprise2"", ""Op_Server0"", ""User0"", ""User2""]","{""blue_first_relevant_response_after_critical"": 27, ""blue_first_relevant_response_after_enterprise"": 6, ""enterprise_foothold_step"": 5, ""first_critical_hit_step"": 16, ""window_end"": null, ""window_start"": null}"
ours_stage2_fair,11,stage2_ext_001_obj_2,critical_safe_balanced,episode_002,4,4013,24,Q2_user_action_during_critical_breach,high,DecoyHarakaSMPT,User0,User,Impact,Op_Server0,"[""Op_Server0""]","[""Op_Server0""]","[""Enterprise1"", ""Enterprise2"", ""Op_Server0"", ""User0"", ""User2""]","[""Enterprise1"", ""Enterprise2"", ""Op_Server0"", ""User0"", ""User2""]","{""blue_first_relevant_response_after_critical"": 27, ""blue_first_relevant_response_after_enterprise"": 6, ""enterprise_foothold_step"": 5, ""first_critical_hit_step"": 16, ""window_end"": null, ""window_start"": null}"
ours_stage2_fair,11,stage2_ext_001_obj_2,critical_safe_balanced,episode_002,4,4013,25,Q2_user_action_during_critical_breach,high,DecoySSHD,User4,User,Impact,Op_Server0,"[""Op_Server0""]","[""Op_Server0""]","[""Enterprise1"", ""Enterprise2"", ""Op_Server0"", ""User0"", ""User2""]","[""Enterprise1"", ""Enterprise2"", ""Op_Server0"", ""User0"", ""User2""]","{""blue_first_relevant_response_after_critical"": 27, ""blue_first_relevant_response_after_enterprise"": 6, ""enterprise_foothold_step"": 5, ""first_critical_hit_step"": 16, ""window_end"": null, ""window_start"": null}"
ours_stage2_fair,11,stage2_ext_001_obj_2,critical_safe_balanced,episode_002,4,4013,26,Q2_user_action_during_critical_breach,high,DecoySSHD,User4,User,Impact,Op_Server0,"[""Op_Server0""]","[""Op_Server0""]","[""Enterprise1"", ""Enterprise2"", ""Op_Server0"", ""User0"", ""User2""]","[""Enterprise1"", ""Enterprise2"", ""Op_Server0"", ""User0"", ""User2""]","{""blue_first_relevant_response_after_critical"": 27, ""blue_first_relevant_response_after_enterprise"": 6, ""enterprise_foothold_step"": 5, ""first_critical_hit_step"": 16, ""window_end"": null, ""window_start"": null}"
ours_stage2_fair,11,stage2_ext_001_obj_2,critical_safe_balanced,episode_002,4,4013,32,Q2_user_action_during_critical_breach,high,DecoySvchost,User4,User,Impact,Op_Server0,"[""Op_Server0""]","[""Op_Server0""]","[""Enterprise1"", ""Op_Server0"", ""User0"", ""User2""]","[""Enterprise1"", ""Op_Server0"", ""User0"", ""User2""]","{""blue_first_relevant_response_after_critical"": 27, ""blue_first_relevant_response_after_enterprise"": 6, ""enterprise_foothold_step"": 5, ""first_critical_hit_step"": 16, ""window_end"": null, ""window_start"": null}"
ours_stage2_fair,11,stage2_ext_001_obj_2,critical_safe_balanced,episode_002,4,4013,33,Q2_user_action_during_critical_breach,high,DecoyFemitter,User0,User,Impact,Op_Server0,"[""Op_Server0""]","[""Op_Server0""]","[""Enterprise1"", ""Op_Server0"", ""User0"", ""User2""]","[""Enterprise1"", ""Op_Server0"", ""User0"", ""User2""]","{""blue_first_relevant_response_after_critical"": 27, ""blue_first_relevant_response_after_enterprise"": 6, ""enterprise_foothold_step"": 5, ""first_critical_hit_step"": 16, ""window_end"": null, ""window_start"": null}"
ours_stage2_fair,11,stage2_ext_001_obj_2,critical_safe_balanced,episode_002,4,4013,37,Q2_user_action_during_critical_breach,high,DecoySvchost,User4,User,Impact,Op_Server0,"[""Op_Server0""]","[""Op_Server0""]","[""Enterprise1"", ""Op_Server0"", ""User0"", ""User2""]","[""Enterprise1"", ""Op_Server0"", ""User0"", ""User2""]","{""blue_first_relevant_response_after_critical"": 27, ""blue_first_relevant_response_after_enterprise"": 6, ""enterprise_foothold_step"": 5, ""first_critical_hit_step"": 16, ""window_end"": null, ""window_start"": null}"
ours_stage2_fair,11,stage2_ext_001_obj_2,critical_safe_balanced,episode_002,4,4013,42,Q2_user_action_during_critical_breach,high,DecoyFemitter,User0,User,Impact,Op_Server0,"[""Op_Server0""]","[""Op_Server0""]","[""Enterprise1"", ""Op_Server0"", ""User0"", ""User2""]","[""Enterprise1"", ""Op_Server0"", ""User0"", ""User2""]","{""blue_first_relevant_response_after_critical"": 27, ""blue_first_relevant_response_after_enterprise"": 6, ""enterprise_foothold_step"": 5, ""first_critical_hit_step"": 16, ""window_end"": null, ""window_start"": null}"
ours_stage2_fair,11,stage2_ext_001_obj_2,critical_safe_balanced,episode_002,4,4013,43,Q2_user_action_during_critical_breach,high,DecoySvchost,User4,User,Impact,Op_Server0,"[""Op_Server0""]","[""Op_Server0""]","[""Enterprise1"", ""Op_Server0"", ""User0"", ""User2""]","[""Enterprise1"", ""Op_Server0"", ""User0"", ""User2""]","{""blue_first_relevant_response_after_critical"": 27, ""blue_first_relevant_response_after_enterprise"": 6, ""enterprise_foothold_step"": 5, ""first_critical_hit_step"": 16, ""window_end"": null, ""window_start"": null}"
ours_stage2_fair,11,stage2_ext_001_obj_2,critical_safe_balanced,episode_002,4,4013,44,Q2_user_action_during_critical_breach,high,DecoySSHD,User4,User,Impact,Op_Server0,"[""Op_Server0""]","[""Op_Server0""]","[""Enterprise1"", ""Op_Server0"", ""User0"", ""User2""]","[""Enterprise1"", ""Op_Server0"", ""User0"", ""User2""]","{""blue_first_relevant_response_after_critical"": 27, ""blue_first_relevant_response_after_enterprise"": 6, ""enterprise_foothold_step"": 5, ""first_critical_hit_step"": 16, ""window_end"": null, ""window_start"": null}"
ours_stage2_fair,11,stage2_ext_001_obj_2,critical_safe_balanced,episode_002,4,4013,57,Q2_user_action_during_critical_breach,high,DecoySSHD,User4,User,PrivilegeEscalate,Op_Server0,"[""Op_Server0""]","[""Op_Server0""]","[""Enterprise1"", ""Op_Server0"", ""User0"", ""User2""]","[""Enterprise1"", ""Op_Server0"", ""User0"", ""User2""]","{""blue_first_relevant_response_after_critical"": 27, ""blue_first_relevant_response_after_enterprise"": 6, ""enterprise_foothold_step"": 5, ""first_critical_hit_step"": 16, ""window_end"": null, ""window_start"": null}"
ours_stage2_fair,11,stage2_ext_001_obj_2,critical_safe_balanced,episode_002,4,4013,63,Q2_user_action_during_critical_breach,high,DecoySvchost,User4,User,PrivilegeEscalate,Op_Server0,"[""Op_Server0""]","[""Op_Server0""]","[""Enterprise1"", ""Op_Server0"", ""User0"", ""User2""]","[""Enterprise1"", ""Op_Server0"", ""User0"", ""User2""]","{""blue_first_relevant_response_after_critical"": 27, ""blue_first_relevant_response_after_enterprise"": 6, ""enterprise_foothold_step"": 5, ""first_critical_hit_step"": 16, ""window_end"": null, ""window_start"": null}"
ours_stage2_fair,11,stage2_ext_001_obj_2,critical_safe_balanced,episode_002,4,4013,64,Q2_user_action_during_critical_breach,high,DecoySvchost,User4,User,Impact,Op_Server0,"[""Op_Server0""]","[""Op_Server0""]","[""Enterprise1"", ""Op_Server0"", ""User0"", ""User2""]","[""Enterprise1"", ""Op_Server0"", ""User0"", ""User2""]","{""blue_first_relevant_response_after_critical"": 27, ""blue_first_relevant_response_after_enterprise"": 6, ""enterprise_foothold_step"": 5, ""first_critical_hit_step"": 16, ""window_end"": null, ""window_start"": null}"
ours_stage2_fair,11,stage2_ext_001_obj_2,critical_safe_balanced,episode_002,4,4013,68,Q2_user_action_during_critical_breach,high,DecoySSHD,User4,User,PrivilegeEscalate,Op_Server0,"[""Op_Server0""]","[""Op_Server0""]","[""Enterprise1"", ""Op_Server0"", ""User0"", ""User2""]","[""Enterprise1"", ""Op_Server0"", ""User0"", ""User2""]","{""blue_first_relevant_response_after_critical"": 27, ""blue_first_relevant_response_after_enterprise"": 6, ""enterprise_foothold_step"": 5, ""first_critical_hit_step"": 16, ""window_end"": null, ""window_start"": null}"
ours_stage2_fair,11,stage2_ext_001_obj_2,critical_safe_balanced,episode_002,4,4013,70,Q2_user_action_during_critical_breach,high,DecoyApache,User0,User,Impact,Op_Server0,"[""Op_Server0""]","[""Op_Server0""]","[""Enterprise1"", ""Op_Server0"", ""User0"", ""User2""]","[""Enterprise1"", ""Op_Server0"", ""User0"", ""User2""]","{""blue_first_relevant_response_after_critical"": 27, ""blue_first_relevant_response_after_enterprise"": 6, ""enterprise_foothold_step"": 5, ""first_critical_hit_step"": 16, ""window_end"": null, ""window_start"": null}"
ours_stage2_fair,11,stage2_ext_001_obj_2,critical_safe_balanced,episode_002,4,4013,71,Q2_user_action_during_critical_breach,high,DecoyFemitter,User0,User,Impact,Op_Server0,"[""Op_Server0""]","[""Op_Server0""]","[""Enterprise1"", ""Op_Server0"", ""User0"", ""User2""]","[""Enterprise1"", ""Op_Server0"", ""User0"", ""User2""]","{""blue_first_relevant_response_after_critical"": 27, ""blue_first_relevant_response_after_enterprise"": 6, ""enterprise_foothold_step"": 5, ""first_critical_hit_step"": 16, ""window_end"": null, ""window_start"": null}"
ours_stage2_fair,11,stage2_ext_001_obj_2,critical_safe_balanced,episode_002,4,4013,72,Q2_user_action_during_critical_breach,high,DecoySSHD,User4,User,Impact,Op_Server0,"[""Op_Server0""]","[""Op_Server0""]","[""Enterprise1"", ""Op_Server0"", ""User0"", ""User2""]","[""Enterprise1"", ""Op_Server0"", ""User0"", ""User2""]","{""blue_first_relevant_response_after_critical"": 27, ""blue_first_relevant_response_after_enterprise"": 6, ""enterprise_foothold_step"": 5, ""first_critical_hit_step"": 16, ""window_end"": null, ""window_start"": null}"
ours_stage2_fair,11,stage2_ext_001_obj_2,critical_safe_balanced,episode_002,4,4013,73,Q2_user_action_during_critical_breach,high,Restore,User2,User,Impact,Op_Server0,"[""Op_Server0""]","[""Op_Server0""]","[""Enterprise1"", ""Op_Server0"", ""User0"", ""User2""]","[""Enterprise1"", ""Op_Server0"", ""User0""]","{""blue_first_relevant_response_after_critical"": 27, ""blue_first_relevant_response_after_enterprise"": 6, ""enterprise_foothold_step"": 5, ""first_critical_hit_step"": 16, ""window_end"": null, ""window_start"": null}"
ours_stage2_fair,11,stage2_ext_001_obj_2,critical_safe_balanced,episode_002,4,4013,77,Q2_user_action_during_critical_breach,high,DecoySvchost,User4,User,Impact,Op_Server0,"[""Op_Server0""]","[""Op_Server0""]","[""Enterprise1"", ""Op_Server0"", ""User0""]","[""Enterprise1"", ""Op_Server0"", ""User0""]","{""blue_first_relevant_response_after_critical"": 27, ""blue_first_relevant_response_after_enterprise"": 6, ""enterprise_foothold_step"": 5, ""first_critical_hit_step"": 16, ""window_end"": null, ""window_start"": null}"
ours_stage2_fair,11,stage2_ext_001_obj_2,critical_safe_balanced,episode_002,4,4013,91,Q2_user_action_during_critical_breach,high,DecoySvchost,User4,User,PrivilegeEscalate,Op_Server0,"[""Op_Server0""]","[""Op_Server0""]","[""Enterprise1"", ""Op_Server0"", ""User0""]","[""Enterprise1"", ""Op_Server0"", ""User0""]","{""blue_first_relevant_response_after_critical"": 27, ""blue_first_relevant_response_after_enterprise"": 6, ""enterprise_foothold_step"": 5, ""first_critical_hit_step"": 16, ""window_end"": null, ""window_start"": null}"
ours_stage2_fair,11,stage2_ext_001_obj_2,critical_safe_balanced,episode_002,4,4013,92,Q2_user_action_during_critical_breach,high,DecoySSHD,User4,User,Impact,Op_Server0,"[""Op_Server0""]","[""Op_Server0""]","[""Enterprise1"", ""Op_Server0"", ""User0""]","[""Enterprise1"", ""Op_Server0"", ""User0""]","{""blue_first_relevant_response_after_critical"": 27, ""blue_first_relevant_response_after_enterprise"": 6, ""enterprise_foothold_step"": 5, ""first_critical_hit_step"": 16, ""window_end"": null, ""window_start"": null}"
ours_stage2_fair,11,stage2_ext_001_obj_2,critical_safe_balanced,episode_002,4,4013,93,Q2_user_action_during_critical_breach,high,DecoySSHD,User4,User,Impact,Op_Server0,"[""Op_Server0""]","[""Op_Server0""]","[""Enterprise1"", ""Op_Server0"", ""User0""]","[""Enterprise1"", ""Op_Server0"", ""User0""]","{""blue_first_relevant_response_after_critical"": 27, ""blue_first_relevant_response_after_enterprise"": 6, ""enterprise_foothold_step"": 5, ""first_critical_hit_step"": 16, ""window_end"": null, ""window_start"": null}"
ours_stage2_fair,11,stage2_ext_001_obj_2,critical_safe_balanced,episode_002,4,4013,99,Q2_user_action_during_critical_breach,high,DecoySvchost,User4,User,PrivilegeEscalate,Op_Server0,"[""Op_Server0""]","[""Op_Server0""]","[""Enterprise1"", ""Op_Server0"", ""User0""]","[""Enterprise1"", ""Op_Server0"", ""User0""]","{""blue_first_relevant_response_after_critical"": 27, ""blue_first_relevant_response_after_enterprise"": 6, ""enterprise_foothold_step"": 5, ""first_critical_hit_step"": 16, ""window_end"": null, ""window_start"": null}"
ours_stage2_fair,11,stage2_ext_001_obj_2,critical_safe_balanced,episode_002,4,4013,16,Q3_missed_immediate_response_to_critical_hit,high,DecoySSHD,User4,User,ExploitRemoteService,,[],"[""Op_Server0""]","[""Enterprise1"", ""Enterprise2"", ""User0"", ""User2""]","[""Enterprise1"", ""Enterprise2"", ""Op_Server0"", ""User0"", ""User2""]","{""blue_first_relevant_response_after_critical"": 27, ""blue_first_relevant_response_after_enterprise"": 6, ""enterprise_foothold_step"": 5, ""first_critical_hit_step"": 16, ""window_end"": 19, ""window_start"": 17}"
ours_stage2_fair,11,stage2_ext_001_obj_2,critical_safe_balanced,episode_002,4,4013,22,Q4_user_focus_after_enterprise_foothold,medium,DecoySvchost,User4,User,Impact,Op_Server0,"[""Op_Server0""]","[""Op_Server0""]","[""Enterprise1"", ""Enterprise2"", ""Op_Server0"", ""User0"", ""User2""]","[""Enterprise1"", ""Enterprise2"", ""Op_Server0"", ""User0"", ""User2""]","{""blue_first_relevant_response_after_critical"": 27, ""blue_first_relevant_response_after_enterprise"": 6, ""enterprise_foothold_step"": 5, ""first_critical_hit_step"": 16, ""window_end"": 24, ""window_start"": 22}"
ours_stage2_fair,11,stage2_ext_001_obj_2,critical_safe_balanced,episode_002,4,4013,23,Q4_user_focus_after_enterprise_foothold,medium,DecoySSHD,User4,User,Impact,Op_Server0,"[""Op_Server0""]","[""Op_Server0""]","[""Enterprise1"", ""Enterprise2"", ""Op_Server0"", ""User0"", ""User2""]","[""Enterprise1"", ""Enterprise2"", ""Op_Server0"", ""User0"", ""User2""]","{""blue_first_relevant_response_after_critical"": 27, ""blue_first_relevant_response_after_enterprise"": 6, ""enterprise_foothold_step"": 5, ""first_critical_hit_step"": 16, ""window_end"": 25, ""window_start"": 23}"
ours_stage2_fair,11,stage2_ext_001_obj_2,critical_safe_balanced,episode_002,4,4013,24,Q4_user_focus_after_enterprise_foothold,medium,DecoyHarakaSMPT,User0,User,Impact,Op_Server0,"[""Op_Server0""]","[""Op_Server0""]","[""Enterprise1"", ""Enterprise2"", ""Op_Server0"", ""User0"", ""User2""]","[""Enterprise1"", ""Enterprise2"", ""Op_Server0"", ""User0"", ""User2""]","{""blue_first_relevant_response_after_critical"": 27, ""blue_first_relevant_response_after_enterprise"": 6, ""enterprise_foothold_step"": 5, ""first_critical_hit_step"": 16, ""window_end"": 26, ""window_start"": 24}"
ours_stage2_fair,11,stage2_ext_001_obj_2,critical_safe_balanced,episode_002,4,4013,42,Q4_user_focus_after_enterprise_foothold,medium,DecoyFemitter,User0,User,Impact,Op_Server0,"[""Op_Server0""]","[""Op_Server0""]","[""Enterprise1"", ""Op_Server0"", ""User0"", ""User2""]","[""Enterprise1"", ""Op_Server0"", ""User0"", ""User2""]","{""blue_first_relevant_response_after_critical"": 27, ""blue_first_relevant_response_after_enterprise"": 6, ""enterprise_foothold_step"": 5, ""first_critical_hit_step"": 16, ""window_end"": 44, ""window_start"": 42}"
ours_stage2_fair,11,stage2_ext_001_obj_2,critical_safe_balanced,episode_002,4,4013,61,Q4_user_focus_after_enterprise_foothold,medium,DecoySSHD,User4,User,PrivilegeEscalate,Op_Server0,[],[],"[""Enterprise1"", ""User0"", ""User2""]","[""Enterprise1"", ""User0"", ""User2""]","{""blue_first_relevant_response_after_critical"": 27, ""blue_first_relevant_response_after_enterprise"": 6, ""enterprise_foothold_step"": 5, ""first_critical_hit_step"": 16, ""window_end"": 63, ""window_start"": 61}"
ours_stage2_fair,11,stage2_ext_001_obj_2,critical_safe_balanced,episode_002,4,4013,62,Q4_user_focus_after_enterprise_foothold,medium,DecoySSHD,User4,User,ExploitRemoteService,,[],"[""Op_Server0""]","[""Enterprise1"", ""User0"", ""User2""]","[""Enterprise1"", ""Op_Server0"", ""User0"", ""User2""]","{""blue_first_relevant_response_after_critical"": 27, ""blue_first_relevant_response_after_enterprise"": 6, ""enterprise_foothold_step"": 5, ""first_critical_hit_step"": 16, ""window_end"": 64, ""window_start"": 62}"
ours_stage2_fair,11,stage2_ext_001_obj_2,critical_safe_balanced,episode_002,4,4013,70,Q4_user_focus_after_enterprise_foothold,medium,DecoyApache,User0,User,Impact,Op_Server0,"[""Op_Server0""]","[""Op_Server0""]","[""Enterprise1"", ""Op_Server0"", ""User0"", ""User2""]","[""Enterprise1"", ""Op_Server0"", ""User0"", ""User2""]","{""blue_first_relevant_response_after_critical"": 27, ""blue_first_relevant_response_after_enterprise"": 6, ""enterprise_foothold_step"": 5, ""first_critical_hit_step"": 16, ""window_end"": 72, ""window_start"": 70}"
ours_stage2_fair,11,stage2_ext_001_obj_2,critical_safe_balanced,episode_002,4,4013,71,Q4_user_focus_after_enterprise_foothold,medium,DecoyFemitter,User0,User,Impact,Op_Server0,"[""Op_Server0""]","[""Op_Server0""]","[""Enterprise1"", ""Op_Server0"", ""User0"", ""User2""]","[""Enterprise1"", ""Op_Server0"", ""User0"", ""User2""]","{""blue_first_relevant_response_after_critical"": 27, ""blue_first_relevant_response_after_enterprise"": 6, ""enterprise_foothold_step"": 5, ""first_critical_hit_step"": 16, ""window_end"": 73, ""window_start"": 71}"
ours_stage2_fair,11,stage2_ext_001_obj_2,critical_safe_balanced,episode_002,4,4013,90,Q4_user_focus_after_enterprise_foothold,medium,DecoyApache,User0,User,ExploitRemoteService,,[],"[""Op_Server0""]","[""Enterprise1"", ""User0""]","[""Enterprise1"", ""Op_Server0"", ""User0""]","{""blue_first_relevant_response_after_critical"": 27, ""blue_first_relevant_response_after_enterprise"": 6, ""enterprise_foothold_step"": 5, ""first_critical_hit_step"": 16, ""window_end"": 92, ""window_start"": 90}"
ours_stage2_fair,11,stage2_ext_001_obj_2,critical_safe_balanced,episode_002,4,4013,91,Q4_user_focus_after_enterprise_foothold,medium,DecoySvchost,User4,User,PrivilegeEscalate,Op_Server0,"[""Op_Server0""]","[""Op_Server0""]","[""Enterprise1"", ""Op_Server0"", ""User0""]","[""Enterprise1"", ""Op_Server0"", ""User0""]","{""blue_first_relevant_response_after_critical"": 27, ""blue_first_relevant_response_after_enterprise"": 6, ""enterprise_foothold_step"": 5, ""first_critical_hit_step"": 16, ""window_end"": 93, ""window_start"": 91}"
ours_stage2_fair,11,stage2_ext_001_obj_2,critical_safe_balanced,episode_002,4,4013,16,Q5_repeated_low_value_decoy_loop,medium,DecoySSHD,User4,User,ExploitRemoteService,,[],"[""Op_Server0""]","[""Enterprise1"", ""Enterprise2"", ""User0"", ""User2""]","[""Enterprise1"", ""Enterprise2"", ""Op_Server0"", ""User0"", ""User2""]","{""blue_first_relevant_response_after_critical"": 27, ""blue_first_relevant_response_after_enterprise"": 6, ""enterprise_foothold_step"": 5, ""first_critical_hit_step"": 16, ""window_end"": 23, ""window_start"": 14}"
ours_stage2_fair,11,stage2_ext_001_obj_2,critical_safe_balanced,episode_002,5,5013,19,Q2_user_action_during_critical_breach,high,DecoySSHD,User4,User,PrivilegeEscalate,Op_Server0,"[""Op_Server0""]","[""Op_Server0""]","[""Enterprise0"", ""Op_Server0"", ""User0"", ""User3""]","[""Enterprise0"", ""Op_Server0"", ""User0"", ""User3""]","{""blue_first_relevant_response_after_critical"": 21, ""blue_first_relevant_response_after_enterprise"": 8, ""enterprise_foothold_step"": 5, ""first_critical_hit_step"": 18, ""window_end"": null, ""window_start"": null}"
ours_stage2_fair,11,stage2_ext_001_obj_2,critical_safe_balanced,episode_002,5,5013,32,Q2_user_action_during_critical_breach,high,DecoySSHD,User4,User,PrivilegeEscalate,Op_Server0,"[""Op_Server0""]","[""Op_Server0""]","[""Enterprise0"", ""Op_Server0"", ""User0"", ""User3""]","[""Enterprise0"", ""Op_Server0"", ""User0"", ""User3""]","{""blue_first_relevant_response_after_critical"": 21, ""blue_first_relevant_response_after_enterprise"": 8, ""enterprise_foothold_step"": 5, ""first_critical_hit_step"": 18, ""window_end"": null, ""window_start"": null}"
ours_stage2_fair,11,stage2_ext_001_obj_2,critical_safe_balanced,episode_002,5,5013,35,Q2_user_action_during_critical_breach,high,DecoySvchost,User4,User,Impact,Op_Server0,"[""Op_Server0""]","[""Op_Server0""]","[""Enterprise0"", ""Op_Server0"", ""User0"", ""User3""]","[""Enterprise0"", ""Op_Server0"", ""User0"", ""User3""]","{""blue_first_relevant_response_after_critical"": 21, ""blue_first_relevant_response_after_enterprise"": 8, ""enterprise_foothold_step"": 5, ""first_critical_hit_step"": 18, ""window_end"": null, ""window_start"": null}"
ours_stage2_fair,11,stage2_ext_001_obj_2,critical_safe_balanced,episode_002,5,5013,37,Q2_user_action_during_critical_breach,high,DecoySvchost,User4,User,Impact,Op_Server0,"[""Op_Server0""]","[""Op_Server0""]","[""Enterprise0"", ""Op_Server0"", ""User0"", ""User3""]","[""Enterprise0"", ""Op_Server0"", ""User0"", ""User3""]","{""blue_first_relevant_response_after_critical"": 21, ""blue_first_relevant_response_after_enterprise"": 8, ""enterprise_foothold_step"": 5, ""first_critical_hit_step"": 18, ""window_end"": null, ""window_start"": null}"
ours_stage2_fair,11,stage2_ext_001_obj_2,critical_safe_balanced,episode_002,5,5013,38,Q2_user_action_during_critical_breach,high,DecoySvchost,User4,User,Impact,Op_Server0,"[""Op_Server0""]","[""Op_Server0""]","[""Enterprise0"", ""Op_Server0"", ""User0"", ""User3""]","[""Enterprise0"", ""Op_Server0"", ""User0"", ""User3""]","{""blue_first_relevant_response_after_critical"": 21, ""blue_first_relevant_response_after_enterprise"": 8, ""enterprise_foothold_step"": 5, ""first_critical_hit_step"": 18, ""window_end"": null, ""window_start"": null}"
ours_stage2_fair,11,stage2_ext_001_obj_2,critical_safe_balanced,episode_002,5,5013,41,Q2_user_action_during_critical_breach,high,DecoySSHD,User4,User,Impact,Op_Server0,"[""Op_Server0""]","[""Op_Server0""]","[""Enterprise0"", ""Op_Server0"", ""User0"", ""User3""]","[""Enterprise0"", ""Op_Server0"", ""User0"", ""User3""]","{""blue_first_relevant_response_after_critical"": 21, ""blue_first_relevant_response_after_enterprise"": 8, ""enterprise_foothold_step"": 5, ""first_critical_hit_step"": 18, ""window_end"": null, ""window_start"": null}"
ours_stage2_fair,11,stage2_ext_001_obj_2,critical_safe_balanced,episode_002,5,5013,43,Q2_user_action_during_critical_breach,high,DecoySSHD,User4,User,Impact,Op_Server0,"[""Op_Server0""]","[""Op_Server0""]","[""Enterprise0"", ""Op_Server0"", ""User0"", ""User3""]","[""Enterprise0"", ""Op_Server0"", ""User0"", ""User3""]","{""blue_first_relevant_response_after_critical"": 21, ""blue_first_relevant_response_after_enterprise"": 8, ""enterprise_foothold_step"": 5, ""first_critical_hit_step"": 18, ""window_end"": null, ""window_start"": null}"
ours_stage2_fair,11,stage2_ext_001_obj_2,critical_safe_balanced,episode_002,5,5013,44,Q2_user_action_during_critical_breach,high,DecoySSHD,User4,User,Impact,Op_Server0,"[""Op_Server0""]","[""Op_Server0""]","[""Enterprise0"", ""Op_Server0"", ""User0"", ""User3""]","[""Enterprise0"", ""Op_Server0"", ""User0"", ""User3""]","{""blue_first_relevant_response_after_critical"": 21, ""blue_first_relevant_response_after_enterprise"": 8, ""enterprise_foothold_step"": 5, ""first_critical_hit_step"": 18, ""window_end"": null, ""window_start"": null}"
ours_stage2_fair,11,stage2_ext_001_obj_2,critical_safe_balanced,episode_002,5,5013,46,Q2_user_action_during_critical_breach,high,DecoySSHD,User4,User,Impact,Op_Server0,"[""Op_Server0""]","[""Op_Server0""]","[""Enterprise0"", ""Op_Server0"", ""User0"", ""User3""]","[""Enterprise0"", ""Op_Server0"", ""User0"", ""User3""]","{""blue_first_relevant_response_after_critical"": 21, ""blue_first_relevant_response_after_enterprise"": 8, ""enterprise_foothold_step"": 5, ""first_critical_hit_step"": 18, ""window_end"": null, ""window_start"": null}"
ours_stage2_fair,11,stage2_ext_001_obj_2,critical_safe_balanced,episode_002,5,5013,50,Q2_user_action_during_critical_breach,high,DecoyTomcat,User4,User,Impact,Op_Server0,"[""Op_Server0""]","[""Op_Server0""]","[""Enterprise0"", ""Op_Server0"", ""User0"", ""User3""]","[""Enterprise0"", ""Op_Server0"", ""User0"", ""User3""]","{""blue_first_relevant_response_after_critical"": 21, ""blue_first_relevant_response_after_enterprise"": 8, ""enterprise_foothold_step"": 5, ""first_critical_hit_step"": 18, ""window_end"": null, ""window_start"": null}"
ours_stage2_fair,11,stage2_ext_001_obj_2,critical_safe_balanced,episode_002,5,5013,56,Q2_user_action_during_critical_breach,high,DecoyFemitter,User0,User,PrivilegeEscalate,Op_Server0,"[""Op_Server0""]","[""Op_Server0""]","[""Enterprise0"", ""Op_Server0"", ""User0"", ""User3""]","[""Enterprise0"", ""Op_Server0"", ""User0"", ""User3""]","{""blue_first_relevant_response_after_critical"": 21, ""blue_first_relevant_response_after_enterprise"": 8, ""enterprise_foothold_step"": 5, ""first_critical_hit_step"": 18, ""window_end"": null, ""window_start"": null}"
ours_stage2_fair,11,stage2_ext_001_obj_2,critical_safe_balanced,episode_002,5,5013,58,Q2_user_action_during_critical_breach,high,DecoyFemitter,User4,User,Impact,Op_Server0,"[""Op_Server0""]","[""Op_Server0""]","[""Enterprise0"", ""Op_Server0"", ""User0"", ""User3""]","[""Enterprise0"", ""Op_Server0"", ""User0"", ""User3""]","{""blue_first_relevant_response_after_critical"": 21, ""blue_first_relevant_response_after_enterprise"": 8, ""enterprise_foothold_step"": 5, ""first_critical_hit_step"": 18, ""window_end"": null, ""window_start"": null}"
ours_stage2_fair,11,stage2_ext_001_obj_2,critical_safe_balanced,episode_002,5,5013,59,Q2_user_action_during_critical_breach,high,Remove,User4,User,Impact,Op_Server0,"[""Op_Server0""]","[""Op_Server0""]","[""Enterprise0"", ""Op_Server0"", ""User0"", ""User3""]","[""Enterprise0"", ""Op_Server0"", ""User0"", ""User3""]","{""blue_first_relevant_response_after_critical"": 21, ""blue_first_relevant_response_after_enterprise"": 8, ""enterprise_foothold_step"": 5, ""first_critical_hit_step"": 18, ""window_end"": null, ""window_start"": null}"
ours_stage2_fair,11,stage2_ext_001_obj_2,critical_safe_balanced,episode_002,5,5013,61,Q2_user_action_during_critical_breach,high,DecoySvchost,User4,User,Impact,Op_Server0,"[""Op_Server0""]","[""Op_Server0""]","[""Enterprise0"", ""Op_Server0"", ""User0"", ""User3""]","[""Enterprise0"", ""Op_Server0"", ""User0"", ""User3""]","{""blue_first_relevant_response_after_critical"": 21, ""blue_first_relevant_response_after_enterprise"": 8, ""enterprise_foothold_step"": 5, ""first_critical_hit_step"": 18, ""window_end"": null, ""window_start"": null}"
ours_stage2_fair,11,stage2_ext_001_obj_2,critical_safe_balanced,episode_002,5,5013,64,Q2_user_action_during_critical_breach,high,DecoySSHD,User4,User,Impact,Op_Server0,"[""Op_Server0""]","[""Op_Server0""]","[""Enterprise0"", ""Op_Server0"", ""User0"", ""User3""]","[""Enterprise0"", ""Op_Server0"", ""User0"", ""User3""]","{""blue_first_relevant_response_after_critical"": 21, ""blue_first_relevant_response_after_enterprise"": 8, ""enterprise_foothold_step"": 5, ""first_critical_hit_step"": 18, ""window_end"": null, ""window_start"": null}"
ours_stage2_fair,11,stage2_ext_001_obj_2,critical_safe_balanced,episode_002,5,5013,65,Q2_user_action_during_critical_breach,high,DecoySvchost,User4,User,Impact,Op_Server0,"[""Op_Server0""]","[""Op_Server0""]","[""Enterprise0"", ""Op_Server0"", ""User0"", ""User3""]","[""Enterprise0"", ""Op_Server0"", ""User0"", ""User3""]","{""blue_first_relevant_response_after_critical"": 21, ""blue_first_relevant_response_after_enterprise"": 8, ""enterprise_foothold_step"": 5, ""first_critical_hit_step"": 18, ""window_end"": null, ""window_start"": null}"
ours_stage2_fair,11,stage2_ext_001_obj_2,critical_safe_balanced,episode_002,5,5013,71,Q2_user_action_during_critical_breach,high,DecoyApache,User0,User,Impact,Op_Server0,"[""Op_Server0""]","[""Op_Server0""]","[""Enterprise0"", ""Op_Server0"", ""User0"", ""User3""]","[""Enterprise0"", ""Op_Server0"", ""User0"", ""User3""]","{""blue_first_relevant_response_after_critical"": 21, ""blue_first_relevant_response_after_enterprise"": 8, ""enterprise_foothold_step"": 5, ""first_critical_hit_step"": 18, ""window_end"": null, ""window_start"": null}"
ours_stage2_fair,11,stage2_ext_001_obj_2,critical_safe_balanced,episode_002,5,5013,72,Q2_user_action_during_critical_breach,high,DecoySvchost,User4,User,Impact,Op_Server0,"[""Op_Server0""]","[""Op_Server0""]","[""Enterprise0"", ""Op_Server0"", ""User0"", ""User3""]","[""Enterprise0"", ""Op_Server0"", ""User0"", ""User3""]","{""blue_first_relevant_response_after_critical"": 21, ""blue_first_relevant_response_after_enterprise"": 8, ""enterprise_foothold_step"": 5, ""first_critical_hit_step"": 18, ""window_end"": null, ""window_start"": null}"
ours_stage2_fair,11,stage2_ext_001_obj_2,critical_safe_balanced,episode_002,5,5013,77,Q2_user_action_during_critical_breach,high,DecoySSHD,User4,User,Impact,Op_Server0,"[""Op_Server0""]","[""Op_Server0""]","[""Enterprise0"", ""Op_Server0"", ""User0"", ""User3""]","[""Enterprise0"", ""Op_Server0"", ""User0"", ""User3""]","{""blue_first_relevant_response_after_critical"": 21, ""blue_first_relevant_response_after_enterprise"": 8, ""enterprise_foothold_step"": 5, ""first_critical_hit_step"": 18, ""window_end"": null, ""window_start"": null}"
ours_stage2_fair,11,stage2_ext_001_obj_2,critical_safe_balanced,episode_002,5,5013,84,Q2_user_action_during_critical_breach,high,DecoySSHD,User4,User,Impact,Op_Server0,"[""Op_Server0""]","[""Op_Server0""]","[""Enterprise0"", ""Op_Server0"", ""User0"", ""User3""]","[""Enterprise0"", ""Op_Server0"", ""User0"", ""User3""]","{""blue_first_relevant_response_after_critical"": 21, ""blue_first_relevant_response_after_enterprise"": 8, ""enterprise_foothold_step"": 5, ""first_critical_hit_step"": 18, ""window_end"": null, ""window_start"": null}"
ours_stage2_fair,11,stage2_ext_001_obj_2,critical_safe_balanced,episode_002,5,5013,85,Q2_user_action_during_critical_breach,high,DecoySSHD,User4,User,Impact,Op_Server0,"[""Op_Server0""]","[""Op_Server0""]","[""Enterprise0"", ""Op_Server0"", ""User0"", ""User3""]","[""Enterprise0"", ""Op_Server0"", ""User0"", ""User3""]","{""blue_first_relevant_response_after_critical"": 21, ""blue_first_relevant_response_after_enterprise"": 8, ""enterprise_foothold_step"": 5, ""first_critical_hit_step"": 18, ""window_end"": null, ""window_start"": null}"
ours_stage2_fair,11,stage2_ext_001_obj_2,critical_safe_balanced,episode_002,5,5013,88,Q2_user_action_during_critical_breach,high,DecoySvchost,User4,User,Impact,Op_Server0,"[""Op_Server0""]","[""Op_Server0""]","[""Enterprise0"", ""Op_Server0"", ""User0"", ""User3""]","[""Enterprise0"", ""Op_Server0"", ""User0"", ""User3""]","{""blue_first_relevant_response_after_critical"": 21, ""blue_first_relevant_response_after_enterprise"": 8, ""enterprise_foothold_step"": 5, ""first_critical_hit_step"": 18, ""window_end"": null, ""window_start"": null}"
ours_stage2_fair,11,stage2_ext_001_obj_2,critical_safe_balanced,episode_002,5,5013,93,Q2_user_action_during_critical_breach,high,DecoySvchost,User4,User,Impact,Op_Server0,"[""Op_Server0""]","[""Op_Server0""]","[""Enterprise0"", ""Op_Server0"", ""User0"", ""User3""]","[""Enterprise0"", ""Op_Server0"", ""User0"", ""User3""]","{""blue_first_relevant_response_after_critical"": 21, ""blue_first_relevant_response_after_enterprise"": 8, ""enterprise_foothold_step"": 5, ""first_critical_hit_step"": 18, ""window_end"": null, ""window_start"": null}"
ours_stage2_fair,11,stage2_ext_001_obj_2,critical_safe_balanced,episode_002,5,5013,7,Q5_repeated_low_value_decoy_loop,medium,DecoySvchost,User4,User,DiscoverRemoteSystems,,[],[],"[""Enterprise0"", ""User0"", ""User3""]","[""Enterprise0"", ""User0"", ""User3""]","{""blue_first_relevant_response_after_critical"": 21, ""blue_first_relevant_response_after_enterprise"": 8, ""enterprise_foothold_step"": 5, ""first_critical_hit_step"": 18, ""window_end"": 16, ""window_start"": 7}"
ours_stage2_fair,11,stage2_ext_001_obj_2,critical_safe_balanced,episode_002,5,5013,41,Q5_repeated_low_value_decoy_loop,medium,DecoySSHD,User4,User,Impact,Op_Server0,"[""Op_Server0""]","[""Op_Server0""]","[""Enterprise0"", ""Op_Server0"", ""User0"", ""User3""]","[""Enterprise0"", ""Op_Server0"", ""User0"", ""User3""]","{""blue_first_relevant_response_after_critical"": 21, ""blue_first_relevant_response_after_enterprise"": 8, ""enterprise_foothold_step"": 5, ""first_critical_hit_step"": 18, ""window_end"": 44, ""window_start"": 35}"
ours_stage2_fair,11,stage2_ext_001_obj_2,critical_safe_balanced,episode_002,6,6013,14,Q2_user_action_during_critical_breach,high,DecoySvchost,User4,User,Impact,Op_Server0,"[""Op_Server0""]","[""Op_Server0""]","[""Enterprise1"", ""Enterprise2"", ""Op_Server0"", ""User0"", ""User2""]","[""Enterprise1"", ""Enterprise2"", ""Op_Server0"", ""User0"", ""User2""]","{""blue_first_relevant_response_after_critical"": 13, ""blue_first_relevant_response_after_enterprise"": 13, ""enterprise_foothold_step"": 5, ""first_critical_hit_step"": 12, ""window_end"": null, ""window_start"": null}"
ours_stage2_fair,11,stage2_ext_001_obj_2,critical_safe_balanced,episode_002,6,6013,15,Q2_user_action_during_critical_breach,high,DecoyVsftpd,User2,User,Impact,Op_Server0,"[""Op_Server0""]","[""Op_Server0""]","[""Enterprise1"", ""Enterprise2"", ""Op_Server0"", ""User0"", ""User2""]","[""Enterprise1"", ""Enterprise2"", ""Op_Server0"", ""User0"", ""User2""]","{""blue_first_relevant_response_after_critical"": 13, ""blue_first_relevant_response_after_enterprise"": 13, ""enterprise_foothold_step"": 5, ""first_critical_hit_step"": 12, ""window_end"": null, ""window_start"": null}"
ours_stage2_fair,11,stage2_ext_001_obj_2,critical_safe_balanced,episode_002,6,6013,17,Q2_user_action_during_critical_breach,high,DecoySvchost,User4,User,Impact,Op_Server0,"[""Op_Server0""]","[""Op_Server0""]","[""Enterprise1"", ""Op_Server0"", ""User0"", ""User2""]","[""Enterprise1"", ""Op_Server0"", ""User0"", ""User2""]","{""blue_first_relevant_response_after_critical"": 13, ""blue_first_relevant_response_after_enterprise"": 13, ""enterprise_foothold_step"": 5, ""first_critical_hit_step"": 12, ""window_end"": null, ""window_start"": null}"
ours_stage2_fair,11,stage2_ext_001_obj_2,critical_safe_balanced,episode_002,6,6013,18,Q2_user_action_during_critical_breach,high,DecoySSHD,User4,User,Impact,Op_Server0,"[""Op_Server0""]","[""Op_Server0""]","[""Enterprise1"", ""Op_Server0"", ""User0"", ""User2""]","[""Enterprise1"", ""Op_Server0"", ""User0"", ""User2""]","{""blue_first_relevant_response_after_critical"": 13, ""blue_first_relevant_response_after_enterprise"": 13, ""enterprise_foothold_step"": 5, ""first_critical_hit_step"": 12, ""window_end"": null, ""window_start"": null}"
ours_stage2_fair,11,stage2_ext_001_obj_2,critical_safe_balanced,episode_002,6,6013,21,Q2_user_action_during_critical_breach,high,DecoySSHD,User4,User,Impact,Op_Server0,"[""Op_Server0""]","[""Op_Server0""]","[""Enterprise1"", ""Op_Server0"", ""User0"", ""User2""]","[""Enterprise1"", ""Op_Server0"", ""User0"", ""User2""]","{""blue_first_relevant_response_after_critical"": 13, ""blue_first_relevant_response_after_enterprise"": 13, ""enterprise_foothold_step"": 5, ""first_critical_hit_step"": 12, ""window_end"": null, ""window_start"": null}"
ours_stage2_fair,11,stage2_ext_001_obj_2,critical_safe_balanced,episode_002,6,6013,26,Q2_user_action_during_critical_breach,high,DecoySvchost,User4,User,Impact,Op_Server0,"[""Op_Server0""]","[""Op_Server0""]","[""Enterprise1"", ""Op_Server0"", ""User0"", ""User2""]","[""Enterprise1"", ""Op_Server0"", ""User0"", ""User2""]","{""blue_first_relevant_response_after_critical"": 13, ""blue_first_relevant_response_after_enterprise"": 13, ""enterprise_foothold_step"": 5, ""first_critical_hit_step"": 12, ""window_end"": null, ""window_start"": null}"
ours_stage2_fair,11,stage2_ext_001_obj_2,critical_safe_balanced,episode_002,6,6013,30,Q2_user_action_during_critical_breach,high,Restore,User3,User,PrivilegeEscalate,Op_Server0,"[""Op_Server0""]","[""Op_Server0""]","[""Enterprise1"", ""Op_Server0"", ""User0"", ""User2""]","[""Enterprise1"", ""Op_Server0"", ""User0"", ""User2""]","{""blue_first_relevant_response_after_critical"": 13, ""blue_first_relevant_response_after_enterprise"": 13, ""enterprise_foothold_step"": 5, ""first_critical_hit_step"": 12, ""window_end"": null, ""window_start"": null}"
ours_stage2_fair,11,stage2_ext_001_obj_2,critical_safe_balanced,episode_002,6,6013,34,Q2_user_action_during_critical_breach,high,DecoySSHD,User4,User,PrivilegeEscalate,Op_Server0,"[""Op_Server0""]","[""Op_Server0""]","[""Enterprise1"", ""Op_Server0"", ""User0"", ""User2""]","[""Enterprise1"", ""Op_Server0"", ""User0"", ""User2""]","{""blue_first_relevant_response_after_critical"": 13, ""blue_first_relevant_response_after_enterprise"": 13, ""enterprise_foothold_step"": 5, ""first_critical_hit_step"": 12, ""window_end"": null, ""window_start"": null}"
ours_stage2_fair,11,stage2_ext_001_obj_2,critical_safe_balanced,episode_002,6,6013,42,Q2_user_action_during_critical_breach,high,DecoyTomcat,User4,User,Impact,Op_Server0,"[""Op_Server0""]","[""Op_Server0""]","[""Enterprise1"", ""Op_Server0"", ""User0"", ""User2""]","[""Enterprise1"", ""Op_Server0"", ""User0"", ""User2""]","{""blue_first_relevant_response_after_critical"": 13, ""blue_first_relevant_response_after_enterprise"": 13, ""enterprise_foothold_step"": 5, ""first_critical_hit_step"": 12, ""window_end"": null, ""window_start"": null}"
ours_stage2_fair,11,stage2_ext_001_obj_2,critical_safe_balanced,episode_002,6,6013,44,Q2_user_action_during_critical_breach,high,DecoyFemitter,User0,User,Impact,Op_Server0,"[""Op_Server0""]","[""Op_Server0""]","[""Enterprise1"", ""Op_Server0"", ""User0"", ""User2""]","[""Enterprise1"", ""Op_Server0"", ""User0"", ""User2""]","{""blue_first_relevant_response_after_critical"": 13, ""blue_first_relevant_response_after_enterprise"": 13, ""enterprise_foothold_step"": 5, ""first_critical_hit_step"": 12, ""window_end"": null, ""window_start"": null}"
ours_stage2_fair,11,stage2_ext_001_obj_2,critical_safe_balanced,episode_002,6,6013,45,Q2_user_action_during_critical_breach,high,Restore,User4,User,Impact,Op_Server0,"[""Op_Server0""]","[""Op_Server0""]","[""Enterprise1"", ""Op_Server0"", ""User0"", ""User2""]","[""Enterprise1"", ""Op_Server0"", ""User0"", ""User2""]","{""blue_first_relevant_response_after_critical"": 13, ""blue_first_relevant_response_after_enterprise"": 13, ""enterprise_foothold_step"": 5, ""first_critical_hit_step"": 12, ""window_end"": null, ""window_start"": null}"
ours_stage2_fair,11,stage2_ext_001_obj_2,critical_safe_balanced,episode_002,6,6013,46,Q2_user_action_during_critical_breach,high,DecoySSHD,User4,User,Impact,Op_Server0,"[""Op_Server0""]","[""Op_Server0""]","[""Enterprise1"", ""Op_Server0"", ""User0"", ""User2""]","[""Enterprise1"", ""Op_Server0"", ""User0"", ""User2""]","{""blue_first_relevant_response_after_critical"": 13, ""blue_first_relevant_response_after_enterprise"": 13, ""enterprise_foothold_step"": 5, ""first_critical_hit_step"": 12, ""window_end"": null, ""window_start"": null}"
ours_stage2_fair,11,stage2_ext_001_obj_2,critical_safe_balanced,episode_002,6,6013,48,Q2_user_action_during_critical_breach,high,DecoySSHD,User4,User,Impact,Op_Server0,"[""Op_Server0""]","[""Op_Server0""]","[""Enterprise1"", ""Op_Server0"", ""User0"", ""User2""]","[""Enterprise1"", ""Op_Server0"", ""User0"", ""User2""]","{""blue_first_relevant_response_after_critical"": 13, ""blue_first_relevant_response_after_enterprise"": 13, ""enterprise_foothold_step"": 5, ""first_critical_hit_step"": 12, ""window_end"": null, ""window_start"": null}"
ours_stage2_fair,11,stage2_ext_001_obj_2,critical_safe_balanced,episode_002,6,6013,51,Q2_user_action_during_critical_breach,high,DecoySSHD,User2,User,Impact,Op_Server0,"[""Op_Server0""]","[""Op_Server0""]","[""Enterprise1"", ""Op_Server0"", ""User0"", ""User2""]","[""Enterprise1"", ""Op_Server0"", ""User0"", ""User2""]","{""blue_first_relevant_response_after_critical"": 13, ""blue_first_relevant_response_after_enterprise"": 13, ""enterprise_foothold_step"": 5, ""first_critical_hit_step"": 12, ""window_end"": null, ""window_start"": null}"
ours_stage2_fair,11,stage2_ext_001_obj_2,critical_safe_balanced,episode_002,6,6013,53,Q2_user_action_during_critical_breach,high,DecoyVsftpd,User4,User,Impact,Op_Server0,"[""Op_Server0""]","[""Op_Server0""]","[""Enterprise1"", ""Op_Server0"", ""User0"", ""User2""]","[""Enterprise1"", ""Op_Server0"", ""User0"", ""User2""]","{""blue_first_relevant_response_after_critical"": 13, ""blue_first_relevant_response_after_enterprise"": 13, ""enterprise_foothold_step"": 5, ""first_critical_hit_step"": 12, ""window_end"": null, ""window_start"": null}"
ours_stage2_fair,11,stage2_ext_001_obj_2,critical_safe_balanced,episode_002,6,6013,54,Q2_user_action_during_critical_breach,high,DecoySSHD,User4,User,Impact,Op_Server0,"[""Op_Server0""]","[""Op_Server0""]","[""Enterprise1"", ""Op_Server0"", ""User0"", ""User2""]","[""Enterprise1"", ""Op_Server0"", ""User0"", ""User2""]","{""blue_first_relevant_response_after_critical"": 13, ""blue_first_relevant_response_after_enterprise"": 13, ""enterprise_foothold_step"": 5, ""first_critical_hit_step"": 12, ""window_end"": null, ""window_start"": null}"
ours_stage2_fair,11,stage2_ext_001_obj_2,critical_safe_balanced,episode_002,6,6013,55,Q2_user_action_during_critical_breach,high,DecoyHarakaSMPT,User1,User,Impact,Op_Server0,"[""Op_Server0""]","[""Op_Server0""]","[""Enterprise1"", ""Op_Server0"", ""User0"", ""User2""]","[""Enterprise1"", ""Op_Server0"", ""User0"", ""User2""]","{""blue_first_relevant_response_after_critical"": 13, ""blue_first_relevant_response_after_enterprise"": 13, ""enterprise_foothold_step"": 5, ""first_critical_hit_step"": 12, ""window_end"": null, ""window_start"": null}"
ours_stage2_fair,11,stage2_ext_001_obj_2,critical_safe_balanced,episode_002,6,6013,56,Q2_user_action_during_critical_breach,high,DecoySSHD,User4,User,Impact,Op_Server0,"[""Op_Server0""]","[""Op_Server0""]","[""Enterprise1"", ""Op_Server0"", ""User0"", ""User2""]","[""Enterprise1"", ""Op_Server0"", ""User0"", ""User2""]","{""blue_first_relevant_response_after_critical"": 13, ""blue_first_relevant_response_after_enterprise"": 13, ""enterprise_foothold_step"": 5, ""first_critical_hit_step"": 12, ""window_end"": null, ""window_start"": null}"
ours_stage2_fair,11,stage2_ext_001_obj_2,critical_safe_balanced,episode_002,6,6013,60,Q2_user_action_during_critical_breach,high,Restore,User2,User,Impact,Op_Server0,"[""Op_Server0""]","[""Op_Server0""]","[""Enterprise1"", ""Op_Server0"", ""User0"", ""User2""]","[""Enterprise1"", ""Op_Server0"", ""User0""]","{""blue_first_relevant_response_after_critical"": 13, ""blue_first_relevant_response_after_enterprise"": 13, ""enterprise_foothold_step"": 5, ""first_critical_hit_step"": 12, ""window_end"": null, ""window_start"": null}"
ours_stage2_fair,11,stage2_ext_001_obj_2,critical_safe_balanced,episode_002,6,6013,65,Q2_user_action_during_critical_breach,high,DecoyVsftpd,User1,User,Impact,Op_Server0,"[""Op_Server0""]","[""Op_Server0""]","[""Enterprise1"", ""Op_Server0"", ""User0""]","[""Enterprise1"", ""Op_Server0"", ""User0""]","{""blue_first_relevant_response_after_critical"": 13, ""blue_first_relevant_response_after_enterprise"": 13, ""enterprise_foothold_step"": 5, ""first_critical_hit_step"": 12, ""window_end"": null, ""window_start"": null}"
ours_stage2_fair,11,stage2_ext_001_obj_2,critical_safe_balanced,episode_002,6,6013,74,Q2_user_action_during_critical_breach,high,DecoySvchost,User4,User,Impact,Op_Server0,"[""Op_Server0""]","[""Op_Server0""]","[""Enterprise1"", ""Op_Server0"", ""User0""]","[""Enterprise1"", ""Op_Server0"", ""User0""]","{""blue_first_relevant_response_after_critical"": 13, ""blue_first_relevant_response_after_enterprise"": 13, ""enterprise_foothold_step"": 5, ""first_critical_hit_step"": 12, ""window_end"": null, ""window_start"": null}"
ours_stage2_fair,11,stage2_ext_001_obj_2,critical_safe_balanced,episode_002,6,6013,78,Q2_user_action_during_critical_breach,high,DecoyVsftpd,User2,User,Impact,Op_Server0,"[""Op_Server0""]","[""Op_Server0""]","[""Enterprise1"", ""Op_Server0"", ""User0""]","[""Enterprise1"", ""Op_Server0"", ""User0""]","{""blue_first_relevant_response_after_critical"": 13, ""blue_first_relevant_response_after_enterprise"": 13, ""enterprise_foothold_step"": 5, ""first_critical_hit_step"": 12, ""window_end"": null, ""window_start"": null}"
ours_stage2_fair,11,stage2_ext_001_obj_2,critical_safe_balanced,episode_002,6,6013,79,Q2_user_action_during_critical_breach,high,DecoySSHD,User4,User,Impact,Op_Server0,"[""Op_Server0""]","[""Op_Server0""]","[""Enterprise1"", ""Op_Server0"", ""User0""]","[""Enterprise1"", ""Op_Server0"", ""User0""]","{""blue_first_relevant_response_after_critical"": 13, ""blue_first_relevant_response_after_enterprise"": 13, ""enterprise_foothold_step"": 5, ""first_critical_hit_step"": 12, ""window_end"": null, ""window_start"": null}"
ours_stage2_fair,11,stage2_ext_001_obj_2,critical_safe_balanced,episode_002,6,6013,83,Q2_user_action_during_critical_breach,high,DecoyVsftpd,User4,User,Impact,Op_Server0,"[""Op_Server0""]","[""Op_Server0""]","[""Enterprise1"", ""Op_Server0"", ""User0""]","[""Enterprise1"", ""Op_Server0"", ""User0""]","{""blue_first_relevant_response_after_critical"": 13, ""blue_first_relevant_response_after_enterprise"": 13, ""enterprise_foothold_step"": 5, ""first_critical_hit_step"": 12, ""window_end"": null, ""window_start"": null}"
ours_stage2_fair,11,stage2_ext_001_obj_2,critical_safe_balanced,episode_002,6,6013,84,Q2_user_action_during_critical_breach,high,DecoySSHD,User4,User,Impact,Op_Server0,"[""Op_Server0""]","[""Op_Server0""]","[""Enterprise1"", ""Op_Server0"", ""User0""]","[""Enterprise1"", ""Op_Server0"", ""User0""]","{""blue_first_relevant_response_after_critical"": 13, ""blue_first_relevant_response_after_enterprise"": 13, ""enterprise_foothold_step"": 5, ""first_critical_hit_step"": 12, ""window_end"": null, ""window_start"": null}"
ours_stage2_fair,11,stage2_ext_001_obj_2,critical_safe_balanced,episode_002,6,6013,86,Q2_user_action_during_critical_breach,high,DecoySSHD,User4,User,Impact,Op_Server0,"[""Op_Server0""]","[""Op_Server0""]","[""Enterprise1"", ""Op_Server0"", ""User0""]","[""Enterprise1"", ""Op_Server0"", ""User0""]","{""blue_first_relevant_response_after_critical"": 13, ""blue_first_relevant_response_after_enterprise"": 13, ""enterprise_foothold_step"": 5, ""first_critical_hit_step"": 12, ""window_end"": null, ""window_start"": null}"
ours_stage2_fair,11,stage2_ext_001_obj_2,critical_safe_balanced,episode_002,6,6013,87,Q2_user_action_during_critical_breach,high,DecoySSHD,User4,User,Impact,Op_Server0,"[""Op_Server0""]","[""Op_Server0""]","[""Enterprise1"", ""Op_Server0"", ""User0""]","[""Enterprise1"", ""Op_Server0"", ""User0""]","{""blue_first_relevant_response_after_critical"": 13, ""blue_first_relevant_response_after_enterprise"": 13, ""enterprise_foothold_step"": 5, ""first_critical_hit_step"": 12, ""window_end"": null, ""window_start"": null}"
ours_stage2_fair,11,stage2_ext_001_obj_2,critical_safe_balanced,episode_002,6,6013,88,Q2_user_action_during_critical_breach,high,DecoySvchost,User4,User,Impact,Op_Server0,"[""Op_Server0""]","[""Op_Server0""]","[""Enterprise1"", ""Op_Server0"", ""User0""]","[""Enterprise1"", ""Op_Server0"", ""User0""]","{""blue_first_relevant_response_after_critical"": 13, ""blue_first_relevant_response_after_enterprise"": 13, ""enterprise_foothold_step"": 5, ""first_critical_hit_step"": 12, ""window_end"": null, ""window_start"": null}"
ours_stage2_fair,11,stage2_ext_001_obj_2,critical_safe_balanced,episode_002,6,6013,89,Q2_user_action_during_critical_breach,high,DecoySvchost,User4,User,Impact,Op_Server0,"[""Op_Server0""]","[""Op_Server0""]","[""Enterprise1"", ""Op_Server0"", ""User0""]","[""Enterprise1"", ""Op_Server0"", ""User0""]","{""blue_first_relevant_response_after_critical"": 13, ""blue_first_relevant_response_after_enterprise"": 13, ""enterprise_foothold_step"": 5, ""first_critical_hit_step"": 12, ""window_end"": null, ""window_start"": null}"
ours_stage2_fair,11,stage2_ext_001_obj_2,critical_safe_balanced,episode_002,6,6013,90,Q2_user_action_during_critical_breach,high,DecoyFemitter,User0,User,Impact,Op_Server0,"[""Op_Server0""]","[""Op_Server0""]","[""Enterprise1"", ""Op_Server0"", ""User0""]","[""Enterprise1"", ""Op_Server0"", ""User0""]","{""blue_first_relevant_response_after_critical"": 13, ""blue_first_relevant_response_after_enterprise"": 13, ""enterprise_foothold_step"": 5, ""first_critical_hit_step"": 12, ""window_end"": null, ""window_start"": null}"
ours_stage2_fair,11,stage2_ext_001_obj_2,critical_safe_balanced,episode_002,6,6013,91,Q2_user_action_during_critical_breach,high,DecoySvchost,User4,User,Impact,Op_Server0,"[""Op_Server0""]","[""Op_Server0""]","[""Enterprise1"", ""Op_Server0"", ""User0""]","[""Enterprise1"", ""Op_Server0"", ""User0""]","{""blue_first_relevant_response_after_critical"": 13, ""blue_first_relevant_response_after_enterprise"": 13, ""enterprise_foothold_step"": 5, ""first_critical_hit_step"": 12, ""window_end"": null, ""window_start"": null}"
ours_stage2_fair,11,stage2_ext_001_obj_2,critical_safe_balanced,episode_002,6,6013,95,Q2_user_action_during_critical_breach,high,DecoySvchost,User4,User,Impact,Op_Server0,"[""Op_Server0""]","[""Op_Server0""]","[""Enterprise1"", ""Op_Server0"", ""User0""]","[""Enterprise1"", ""Op_Server0"", ""User0""]","{""blue_first_relevant_response_after_critical"": 13, ""blue_first_relevant_response_after_enterprise"": 13, ""enterprise_foothold_step"": 5, ""first_critical_hit_step"": 12, ""window_end"": null, ""window_start"": null}"
ours_stage2_fair,11,stage2_ext_001_obj_2,critical_safe_balanced,episode_002,6,6013,97,Q2_user_action_during_critical_breach,high,DecoySvchost,User4,User,Impact,Op_Server0,"[""Op_Server0""]","[""Op_Server0""]","[""Enterprise1"", ""Op_Server0"", ""User0""]","[""Enterprise1"", ""Op_Server0"", ""User0""]","{""blue_first_relevant_response_after_critical"": 13, ""blue_first_relevant_response_after_enterprise"": 13, ""enterprise_foothold_step"": 5, ""first_critical_hit_step"": 12, ""window_end"": null, ""window_start"": null}"
ours_stage2_fair,11,stage2_ext_001_obj_2,critical_safe_balanced,episode_002,6,6013,8,Q4_user_focus_after_enterprise_foothold,medium,DecoySvchost,User4,User,DiscoverNetworkServices,,[],[],"[""Enterprise1"", ""User0"", ""User2""]","[""Enterprise1"", ""User0"", ""User2""]","{""blue_first_relevant_response_after_critical"": 13, ""blue_first_relevant_response_after_enterprise"": 13, ""enterprise_foothold_step"": 5, ""first_critical_hit_step"": 12, ""window_end"": 10, ""window_start"": 8}"
ours_stage2_fair,11,stage2_ext_001_obj_2,critical_safe_balanced,episode_002,6,6013,9,Q4_user_focus_after_enterprise_foothold,medium,DecoySvchost,User4,User,ExploitRemoteService,,[],[],"[""Enterprise1"", ""User0"", ""User2""]","[""Enterprise1"", ""Enterprise2"", ""User0"", ""User2""]","{""blue_first_relevant_response_after_critical"": 13, ""blue_first_relevant_response_after_enterprise"": 13, ""enterprise_foothold_step"": 5, ""first_critical_hit_step"": 12, ""window_end"": 11, ""window_start"": 9}"
ours_stage2_fair,11,stage2_ext_001_obj_2,critical_safe_balanced,episode_002,6,6013,10,Q4_user_focus_after_enterprise_foothold,medium,DecoySvchost,User4,User,PrivilegeEscalate,Enterprise2,[],[],"[""Enterprise1"", ""Enterprise2"", ""User0"", ""User2""]","[""Enterprise1"", ""Enterprise2"", ""User0"", ""User2""]","{""blue_first_relevant_response_after_critical"": 13, ""blue_first_relevant_response_after_enterprise"": 13, ""enterprise_foothold_step"": 5, ""first_critical_hit_step"": 12, ""window_end"": 12, ""window_start"": 10}"
ours_stage2_fair,11,stage2_ext_001_obj_2,critical_safe_balanced,episode_002,6,6013,44,Q4_user_focus_after_enterprise_foothold,medium,DecoyFemitter,User0,User,Impact,Op_Server0,"[""Op_Server0""]","[""Op_Server0""]","[""Enterprise1"", ""Op_Server0"", ""User0"", ""User2""]","[""Enterprise1"", ""Op_Server0"", ""User0"", ""User2""]","{""blue_first_relevant_response_after_critical"": 13, ""blue_first_relevant_response_after_enterprise"": 13, ""enterprise_foothold_step"": 5, ""first_critical_hit_step"": 12, ""window_end"": 46, ""window_start"": 44}"
ours_stage2_fair,11,stage2_ext_001_obj_2,critical_safe_balanced,episode_002,6,6013,53,Q4_user_focus_after_enterprise_foothold,medium,DecoyVsftpd,User4,User,Impact,Op_Server0,"[""Op_Server0""]","[""Op_Server0""]","[""Enterprise1"", ""Op_Server0"", ""User0"", ""User2""]","[""Enterprise1"", ""Op_Server0"", ""User0"", ""User2""]","{""blue_first_relevant_response_after_critical"": 13, ""blue_first_relevant_response_after_enterprise"": 13, ""enterprise_foothold_step"": 5, ""first_critical_hit_step"": 12, ""window_end"": 55, ""window_start"": 53}"
ours_stage2_fair,11,stage2_ext_001_obj_2,critical_safe_balanced,episode_002,6,6013,54,Q4_user_focus_after_enterprise_foothold,medium,DecoySSHD,User4,User,Impact,Op_Server0,"[""Op_Server0""]","[""Op_Server0""]","[""Enterprise1"", ""Op_Server0"", ""User0"", ""User2""]","[""Enterprise1"", ""Op_Server0"", ""User0"", ""User2""]","{""blue_first_relevant_response_after_critical"": 13, ""blue_first_relevant_response_after_enterprise"": 13, ""enterprise_foothold_step"": 5, ""first_critical_hit_step"": 12, ""window_end"": 56, ""window_start"": 54}"
ours_stage2_fair,11,stage2_ext_001_obj_2,critical_safe_balanced,episode_002,6,6013,86,Q4_user_focus_after_enterprise_foothold,medium,DecoySSHD,User4,User,Impact,Op_Server0,"[""Op_Server0""]","[""Op_Server0""]","[""Enterprise1"", ""Op_Server0"", ""User0""]","[""Enterprise1"", ""Op_Server0"", ""User0""]","{""blue_first_relevant_response_after_critical"": 13, ""blue_first_relevant_response_after_enterprise"": 13, ""enterprise_foothold_step"": 5, ""first_critical_hit_step"": 12, ""window_end"": 88, ""window_start"": 86}"
ours_stage2_fair,11,stage2_ext_001_obj_2,critical_safe_balanced,episode_002,6,6013,87,Q4_user_focus_after_enterprise_foothold,medium,DecoySSHD,User4,User,Impact,Op_Server0,"[""Op_Server0""]","[""Op_Server0""]","[""Enterprise1"", ""Op_Server0"", ""User0""]","[""Enterprise1"", ""Op_Server0"", ""User0""]","{""blue_first_relevant_response_after_critical"": 13, ""blue_first_relevant_response_after_enterprise"": 13, ""enterprise_foothold_step"": 5, ""first_critical_hit_step"": 12, ""window_end"": 89, ""window_start"": 87}"
ours_stage2_fair,11,stage2_ext_001_obj_2,critical_safe_balanced,episode_002,6,6013,88,Q4_user_focus_after_enterprise_foothold,medium,DecoySvchost,User4,User,Impact,Op_Server0,"[""Op_Server0""]","[""Op_Server0""]","[""Enterprise1"", ""Op_Server0"", ""User0""]","[""Enterprise1"", ""Op_Server0"", ""User0""]","{""blue_first_relevant_response_after_critical"": 13, ""blue_first_relevant_response_after_enterprise"": 13, ""enterprise_foothold_step"": 5, ""first_critical_hit_step"": 12, ""window_end"": 90, ""window_start"": 88}"
ours_stage2_fair,11,stage2_ext_001_obj_2,critical_safe_balanced,episode_002,6,6013,89,Q4_user_focus_after_enterprise_foothold,medium,DecoySvchost,User4,User,Impact,Op_Server0,"[""Op_Server0""]","[""Op_Server0""]","[""Enterprise1"", ""Op_Server0"", ""User0""]","[""Enterprise1"", ""Op_Server0"", ""User0""]","{""blue_first_relevant_response_after_critical"": 13, ""blue_first_relevant_response_after_enterprise"": 13, ""enterprise_foothold_step"": 5, ""first_critical_hit_step"": 12, ""window_end"": 91, ""window_start"": 89}"
ours_stage2_fair,11,stage2_ext_001_obj_2,critical_safe_balanced,episode_002,6,6013,6,Q5_repeated_low_value_decoy_loop,medium,DecoySvchost,User4,User,PrivilegeEscalate,Enterprise1,[],[],"[""Enterprise1"", ""User0"", ""User2""]","[""Enterprise1"", ""User0"", ""User2""]","{""blue_first_relevant_response_after_critical"": 13, ""blue_first_relevant_response_after_enterprise"": 13, ""enterprise_foothold_step"": 5, ""first_critical_hit_step"": 12, ""window_end"": 15, ""window_start"": 6}"
ours_stage2_fair,11,stage2_ext_001_obj_2,critical_safe_balanced,episode_002,6,6013,12,Q5_repeated_low_value_decoy_loop,medium,DecoySSHD,User4,User,ExploitRemoteService,,[],"[""Op_Server0""]","[""Enterprise1"", ""Enterprise2"", ""User0"", ""User2""]","[""Enterprise1"", ""Enterprise2"", ""Op_Server0"", ""User0"", ""User2""]","{""blue_first_relevant_response_after_critical"": 13, ""blue_first_relevant_response_after_enterprise"": 13, ""enterprise_foothold_step"": 5, ""first_critical_hit_step"": 12, ""window_end"": 21, ""window_start"": 12}"
ours_stage2_fair,11,stage2_ext_001_obj_2,critical_safe_balanced,episode_002,7,7013,13,Q2_user_action_during_critical_breach,high,DecoySvchost,User4,User,PrivilegeEscalate,Op_Server0,"[""Op_Server0""]","[""Op_Server0""]","[""Enterprise1"", ""Enterprise2"", ""Op_Server0"", ""User0"", ""User2""]","[""Enterprise1"", ""Enterprise2"", ""Op_Server0"", ""User0"", ""User2""]","{""blue_first_relevant_response_after_critical"": 16, ""blue_first_relevant_response_after_enterprise"": 6, ""enterprise_foothold_step"": 5, ""first_critical_hit_step"": 12, ""window_end"": null, ""window_start"": null}"
ours_stage2_fair,11,stage2_ext_001_obj_2,critical_safe_balanced,episode_002,7,7013,15,Q2_user_action_during_critical_breach,high,DecoySvchost,User4,User,Impact,Op_Server0,"[""Op_Server0""]","[""Op_Server0""]","[""Enterprise1"", ""Enterprise2"", ""Op_Server0"", ""User0"", ""User2""]","[""Enterprise1"", ""Enterprise2"", ""Op_Server0"", ""User0"", ""User2""]","{""blue_first_relevant_response_after_critical"": 16, ""blue_first_relevant_response_after_enterprise"": 6, ""enterprise_foothold_step"": 5, ""first_critical_hit_step"": 12, ""window_end"": null, ""window_start"": null}"
ours_stage2_fair,11,stage2_ext_001_obj_2,critical_safe_balanced,episode_002,7,7013,17,Q2_user_action_during_critical_breach,high,DecoySSHD,User4,User,Impact,Op_Server0,"[""Op_Server0""]","[""Op_Server0""]","[""Enterprise1"", ""Enterprise2"", ""Op_Server0"", ""User0"", ""User2""]","[""Enterprise1"", ""Enterprise2"", ""Op_Server0"", ""User0"", ""User2""]","{""blue_first_relevant_response_after_critical"": 16, ""blue_first_relevant_response_after_enterprise"": 6, ""enterprise_foothold_step"": 5, ""first_critical_hit_step"": 12, ""window_end"": null, ""window_start"": null}"
ours_stage2_fair,11,stage2_ext_001_obj_2,critical_safe_balanced,episode_002,7,7013,27,Q2_user_action_during_critical_breach,high,DecoyVsftpd,User2,User,Impact,Op_Server0,"[""Op_Server0""]","[""Op_Server0""]","[""Enterprise1"", ""Op_Server0"", ""User0"", ""User2""]","[""Enterprise1"", ""Op_Server0"", ""User0"", ""User2""]","{""blue_first_relevant_response_after_critical"": 16, ""blue_first_relevant_response_after_enterprise"": 6, ""enterprise_foothold_step"": 5, ""first_critical_hit_step"": 12, ""window_end"": null, ""window_start"": null}"
ours_stage2_fair,11,stage2_ext_001_obj_2,critical_safe_balanced,episode_002,7,7013,28,Q2_user_action_during_critical_breach,high,DecoyVsftpd,User4,User,Impact,Op_Server0,"[""Op_Server0""]","[""Op_Server0""]","[""Enterprise1"", ""Op_Server0"", ""User0"", ""User2""]","[""Enterprise1"", ""Op_Server0"", ""User0"", ""User2""]","{""blue_first_relevant_response_after_critical"": 16, ""blue_first_relevant_response_after_enterprise"": 6, ""enterprise_foothold_step"": 5, ""first_critical_hit_step"": 12, ""window_end"": null, ""window_start"": null}"
ours_stage2_fair,11,stage2_ext_001_obj_2,critical_safe_balanced,episode_002,7,7013,29,Q2_user_action_during_critical_breach,high,Remove,User1,User,Impact,Op_Server0,"[""Op_Server0""]","[""Op_Server0""]","[""Enterprise1"", ""Op_Server0"", ""User0"", ""User2""]","[""Enterprise1"", ""Op_Server0"", ""User0"", ""User2""]","{""blue_first_relevant_response_after_critical"": 16, ""blue_first_relevant_response_after_enterprise"": 6, ""enterprise_foothold_step"": 5, ""first_critical_hit_step"": 12, ""window_end"": null, ""window_start"": null}"
ours_stage2_fair,11,stage2_ext_001_obj_2,critical_safe_balanced,episode_002,7,7013,31,Q2_user_action_during_critical_breach,high,DecoySSHD,User4,User,Impact,Op_Server0,"[""Op_Server0""]","[""Op_Server0""]","[""Enterprise1"", ""Op_Server0"", ""User0"", ""User2""]","[""Enterprise1"", ""Op_Server0"", ""User0"", ""User2""]","{""blue_first_relevant_response_after_critical"": 16, ""blue_first_relevant_response_after_enterprise"": 6, ""enterprise_foothold_step"": 5, ""first_critical_hit_step"": 12, ""window_end"": null, ""window_start"": null}"
ours_stage2_fair,11,stage2_ext_001_obj_2,critical_safe_balanced,episode_002,7,7013,32,Q2_user_action_during_critical_breach,high,DecoySSHD,User4,User,Impact,Op_Server0,"[""Op_Server0""]","[""Op_Server0""]","[""Enterprise1"", ""Op_Server0"", ""User0"", ""User2""]","[""Enterprise1"", ""Op_Server0"", ""User0"", ""User2""]","{""blue_first_relevant_response_after_critical"": 16, ""blue_first_relevant_response_after_enterprise"": 6, ""enterprise_foothold_step"": 5, ""first_critical_hit_step"": 12, ""window_end"": null, ""window_start"": null}"
ours_stage2_fair,11,stage2_ext_001_obj_2,critical_safe_balanced,episode_002,7,7013,34,Q2_user_action_during_critical_breach,high,DecoySSHD,User4,User,Impact,Op_Server0,"[""Op_Server0""]","[""Op_Server0""]","[""Enterprise1"", ""Op_Server0"", ""User0"", ""User2""]","[""Enterprise1"", ""Op_Server0"", ""User0"", ""User2""]","{""blue_first_relevant_response_after_critical"": 16, ""blue_first_relevant_response_after_enterprise"": 6, ""enterprise_foothold_step"": 5, ""first_critical_hit_step"": 12, ""window_end"": null, ""window_start"": null}"
ours_stage2_fair,11,stage2_ext_001_obj_2,critical_safe_balanced,episode_002,7,7013,40,Q2_user_action_during_critical_breach,high,DecoyApache,User0,User,Impact,Op_Server0,"[""Op_Server0""]","[""Op_Server0""]","[""Enterprise1"", ""Op_Server0"", ""User0"", ""User2""]","[""Enterprise1"", ""Op_Server0"", ""User0"", ""User2""]","{""blue_first_relevant_response_after_critical"": 16, ""blue_first_relevant_response_after_enterprise"": 6, ""enterprise_foothold_step"": 5, ""first_critical_hit_step"": 12, ""window_end"": null, ""window_start"": null}"
ours_stage2_fair,11,stage2_ext_001_obj_2,critical_safe_balanced,episode_002,7,7013,41,Q2_user_action_during_critical_breach,high,DecoySSHD,User4,User,Impact,Op_Server0,"[""Op_Server0""]","[""Op_Server0""]","[""Enterprise1"", ""Op_Server0"", ""User0"", ""User2""]","[""Enterprise1"", ""Op_Server0"", ""User0"", ""User2""]","{""blue_first_relevant_response_after_critical"": 16, ""blue_first_relevant_response_after_enterprise"": 6, ""enterprise_foothold_step"": 5, ""first_critical_hit_step"": 12, ""window_end"": null, ""window_start"": null}"
ours_stage2_fair,11,stage2_ext_001_obj_2,critical_safe_balanced,episode_002,7,7013,44,Q2_user_action_during_critical_breach,high,DecoySvchost,User4,User,Impact,Op_Server0,"[""Op_Server0""]","[""Op_Server0""]","[""Enterprise1"", ""Op_Server0"", ""User0"", ""User2""]","[""Enterprise1"", ""Op_Server0"", ""User0"", ""User2""]","{""blue_first_relevant_response_after_critical"": 16, ""blue_first_relevant_response_after_enterprise"": 6, ""enterprise_foothold_step"": 5, ""first_critical_hit_step"": 12, ""window_end"": null, ""window_start"": null}"
ours_stage2_fair,11,stage2_ext_001_obj_2,critical_safe_balanced,episode_002,7,7013,46,Q2_user_action_during_critical_breach,high,DecoySSHD,User4,User,Impact,Op_Server0,"[""Op_Server0""]","[""Op_Server0""]","[""Enterprise1"", ""Op_Server0"", ""User0"", ""User2""]","[""Enterprise1"", ""Op_Server0"", ""User0"", ""User2""]","{""blue_first_relevant_response_after_critical"": 16, ""blue_first_relevant_response_after_enterprise"": 6, ""enterprise_foothold_step"": 5, ""first_critical_hit_step"": 12, ""window_end"": null, ""window_start"": null}"
ours_stage2_fair,11,stage2_ext_001_obj_2,critical_safe_balanced,episode_002,7,7013,52,Q2_user_action_during_critical_breach,high,DecoyFemitter,User1,User,Impact,Op_Server0,"[""Op_Server0""]","[""Op_Server0""]","[""Enterprise1"", ""Op_Server0"", ""User0"", ""User2""]","[""Enterprise1"", ""Op_Server0"", ""User0"", ""User2""]","{""blue_first_relevant_response_after_critical"": 16, ""blue_first_relevant_response_after_enterprise"": 6, ""enterprise_foothold_step"": 5, ""first_critical_hit_step"": 12, ""window_end"": null, ""window_start"": null}"
ours_stage2_fair,11,stage2_ext_001_obj_2,critical_safe_balanced,episode_002,7,7013,57,Q2_user_action_during_critical_breach,high,Analyse,User0,User,Impact,Op_Server0,"[""Op_Server0""]","[""Op_Server0""]","[""Enterprise1"", ""Op_Server0"", ""User0"", ""User2""]","[""Enterprise1"", ""Op_Server0"", ""User0"", ""User2""]","{""blue_first_relevant_response_after_critical"": 16, ""blue_first_relevant_response_after_enterprise"": 6, ""enterprise_foothold_step"": 5, ""first_critical_hit_step"": 12, ""window_end"": null, ""window_start"": null}"
ours_stage2_fair,11,stage2_ext_001_obj_2,critical_safe_balanced,episode_002,7,7013,59,Q2_user_action_during_critical_breach,high,DecoySSHD,User4,User,Impact,Op_Server0,"[""Op_Server0""]","[""Op_Server0""]","[""Enterprise1"", ""Op_Server0"", ""User0"", ""User2""]","[""Enterprise1"", ""Op_Server0"", ""User0"", ""User2""]","{""blue_first_relevant_response_after_critical"": 16, ""blue_first_relevant_response_after_enterprise"": 6, ""enterprise_foothold_step"": 5, ""first_critical_hit_step"": 12, ""window_end"": null, ""window_start"": null}"
ours_stage2_fair,11,stage2_ext_001_obj_2,critical_safe_balanced,episode_002,7,7013,66,Q2_user_action_during_critical_breach,high,DecoyHarakaSMPT,User0,User,Impact,Op_Server0,"[""Op_Server0""]","[""Op_Server0""]","[""Enterprise1"", ""Op_Server0"", ""User0"", ""User2""]","[""Enterprise1"", ""Op_Server0"", ""User0"", ""User2""]","{""blue_first_relevant_response_after_critical"": 16, ""blue_first_relevant_response_after_enterprise"": 6, ""enterprise_foothold_step"": 5, ""first_critical_hit_step"": 12, ""window_end"": null, ""window_start"": null}"
ours_stage2_fair,11,stage2_ext_001_obj_2,critical_safe_balanced,episode_002,7,7013,67,Q2_user_action_during_critical_breach,high,DecoySSHD,User4,User,Impact,Op_Server0,"[""Op_Server0""]","[""Op_Server0""]","[""Enterprise1"", ""Op_Server0"", ""User0"", ""User2""]","[""Enterprise1"", ""Op_Server0"", ""User0"", ""User2""]","{""blue_first_relevant_response_after_critical"": 16, ""blue_first_relevant_response_after_enterprise"": 6, ""enterprise_foothold_step"": 5, ""first_critical_hit_step"": 12, ""window_end"": null, ""window_start"": null}"
ours_stage2_fair,11,stage2_ext_001_obj_2,critical_safe_balanced,episode_002,7,7013,68,Q2_user_action_during_critical_breach,high,DecoySvchost,User4,User,Impact,Op_Server0,"[""Op_Server0""]","[""Op_Server0""]","[""Enterprise1"", ""Op_Server0"", ""User0"", ""User2""]","[""Enterprise1"", ""Op_Server0"", ""User0"", ""User2""]","{""blue_first_relevant_response_after_critical"": 16, ""blue_first_relevant_response_after_enterprise"": 6, ""enterprise_foothold_step"": 5, ""first_critical_hit_step"": 12, ""window_end"": null, ""window_start"": null}"
ours_stage2_fair,11,stage2_ext_001_obj_2,critical_safe_balanced,episode_002,7,7013,69,Q2_user_action_during_critical_breach,high,DecoySSHD,User4,User,Impact,Op_Server0,"[""Op_Server0""]","[""Op_Server0""]","[""Enterprise1"", ""Op_Server0"", ""User0"", ""User2""]","[""Enterprise1"", ""Op_Server0"", ""User0"", ""User2""]","{""blue_first_relevant_response_after_critical"": 16, ""blue_first_relevant_response_after_enterprise"": 6, ""enterprise_foothold_step"": 5, ""first_critical_hit_step"": 12, ""window_end"": null, ""window_start"": null}"
ours_stage2_fair,11,stage2_ext_001_obj_2,critical_safe_balanced,episode_002,7,7013,71,Q2_user_action_during_critical_breach,high,DecoyFemitter,User4,User,Impact,Op_Server0,"[""Op_Server0""]","[""Op_Server0""]","[""Enterprise1"", ""Op_Server0"", ""User0"", ""User2""]","[""Enterprise1"", ""Op_Server0"", ""User0"", ""User2""]","{""blue_first_relevant_response_after_critical"": 16, ""blue_first_relevant_response_after_enterprise"": 6, ""enterprise_foothold_step"": 5, ""first_critical_hit_step"": 12, ""window_end"": null, ""window_start"": null}"
ours_stage2_fair,11,stage2_ext_001_obj_2,critical_safe_balanced,episode_002,7,7013,73,Q2_user_action_during_critical_breach,high,DecoySSHD,User4,User,Impact,Op_Server0,"[""Op_Server0""]","[""Op_Server0""]","[""Enterprise1"", ""Op_Server0"", ""User0"", ""User2""]","[""Enterprise1"", ""Op_Server0"", ""User0"", ""User2""]","{""blue_first_relevant_response_after_critical"": 16, ""blue_first_relevant_response_after_enterprise"": 6, ""enterprise_foothold_step"": 5, ""first_critical_hit_step"": 12, ""window_end"": null, ""window_start"": null}"
ours_stage2_fair,11,stage2_ext_001_obj_2,critical_safe_balanced,episode_002,7,7013,77,Q2_user_action_during_critical_breach,high,DecoyVsftpd,User2,User,Impact,Op_Server0,"[""Op_Server0""]","[""Op_Server0""]","[""Enterprise1"", ""Op_Server0"", ""User0"", ""User2""]","[""Enterprise1"", ""Op_Server0"", ""User0"", ""User2""]","{""blue_first_relevant_response_after_critical"": 16, ""blue_first_relevant_response_after_enterprise"": 6, ""enterprise_foothold_step"": 5, ""first_critical_hit_step"": 12, ""window_end"": null, ""window_start"": null}"
ours_stage2_fair,11,stage2_ext_001_obj_2,critical_safe_balanced,episode_002,7,7013,79,Q2_user_action_during_critical_breach,high,DecoyTomcat,User2,User,Impact,Op_Server0,"[""Op_Server0""]","[""Op_Server0""]","[""Enterprise1"", ""Op_Server0"", ""User0"", ""User2""]","[""Enterprise1"", ""Op_Server0"", ""User0"", ""User2""]","{""blue_first_relevant_response_after_critical"": 16, ""blue_first_relevant_response_after_enterprise"": 6, ""enterprise_foothold_step"": 5, ""first_critical_hit_step"": 12, ""window_end"": null, ""window_start"": null}"
ours_stage2_fair,11,stage2_ext_001_obj_2,critical_safe_balanced,episode_002,7,7013,80,Q2_user_action_during_critical_breach,high,DecoySSHD,User4,User,Impact,Op_Server0,"[""Op_Server0""]","[""Op_Server0""]","[""Enterprise1"", ""Op_Server0"", ""User0"", ""User2""]","[""Enterprise1"", ""Op_Server0"", ""User0"", ""User2""]","{""blue_first_relevant_response_after_critical"": 16, ""blue_first_relevant_response_after_enterprise"": 6, ""enterprise_foothold_step"": 5, ""first_critical_hit_step"": 12, ""window_end"": null, ""window_start"": null}"
ours_stage2_fair,11,stage2_ext_001_obj_2,critical_safe_balanced,episode_002,7,7013,82,Q2_user_action_during_critical_breach,high,DecoySSHD,User4,User,Impact,Op_Server0,"[""Op_Server0""]","[""Op_Server0""]","[""Enterprise1"", ""Op_Server0"", ""User0"", ""User2""]","[""Enterprise1"", ""Op_Server0"", ""User0"", ""User2""]","{""blue_first_relevant_response_after_critical"": 16, ""blue_first_relevant_response_after_enterprise"": 6, ""enterprise_foothold_step"": 5, ""first_critical_hit_step"": 12, ""window_end"": null, ""window_start"": null}"
ours_stage2_fair,11,stage2_ext_001_obj_2,critical_safe_balanced,episode_002,7,7013,86,Q2_user_action_during_critical_breach,high,DecoySSHD,User4,User,Impact,Op_Server0,"[""Op_Server0""]","[""Op_Server0""]","[""Enterprise1"", ""Op_Server0"", ""User0"", ""User2""]","[""Enterprise1"", ""Op_Server0"", ""User0"", ""User2""]","{""blue_first_relevant_response_after_critical"": 16, ""blue_first_relevant_response_after_enterprise"": 6, ""enterprise_foothold_step"": 5, ""first_critical_hit_step"": 12, ""window_end"": null, ""window_start"": null}"
ours_stage2_fair,11,stage2_ext_001_obj_2,critical_safe_balanced,episode_002,7,7013,88,Q2_user_action_during_critical_breach,high,DecoySSHD,User4,User,Impact,Op_Server0,"[""Op_Server0""]","[""Op_Server0""]","[""Enterprise1"", ""Op_Server0"", ""User0"", ""User2""]","[""Enterprise1"", ""Op_Server0"", ""User0"", ""User2""]","{""blue_first_relevant_response_after_critical"": 16, ""blue_first_relevant_response_after_enterprise"": 6, ""enterprise_foothold_step"": 5, ""first_critical_hit_step"": 12, ""window_end"": null, ""window_start"": null}"
ours_stage2_fair,11,stage2_ext_001_obj_2,critical_safe_balanced,episode_002,7,7013,89,Q2_user_action_during_critical_breach,high,DecoySSHD,User4,User,Impact,Op_Server0,"[""Op_Server0""]","[""Op_Server0""]","[""Enterprise1"", ""Op_Server0"", ""User0"", ""User2""]","[""Enterprise1"", ""Op_Server0"", ""User0"", ""User2""]","{""blue_first_relevant_response_after_critical"": 16, ""blue_first_relevant_response_after_enterprise"": 6, ""enterprise_foothold_step"": 5, ""first_critical_hit_step"": 12, ""window_end"": null, ""window_start"": null}"
ours_stage2_fair,11,stage2_ext_001_obj_2,critical_safe_balanced,episode_002,7,7013,97,Q2_user_action_during_critical_breach,high,DecoySSHD,User4,User,Impact,Op_Server0,"[""Op_Server0""]","[""Op_Server0""]","[""Enterprise1"", ""Op_Server0"", ""User0"", ""User2""]","[""Enterprise1"", ""Op_Server0"", ""User0"", ""User2""]","{""blue_first_relevant_response_after_critical"": 16, ""blue_first_relevant_response_after_enterprise"": 6, ""enterprise_foothold_step"": 5, ""first_critical_hit_step"": 12, ""window_end"": null, ""window_start"": null}"
ours_stage2_fair,11,stage2_ext_001_obj_2,critical_safe_balanced,episode_002,7,7013,12,Q3_missed_immediate_response_to_critical_hit,high,Restore,Enterprise0,Enterprise,ExploitRemoteService,,[],"[""Op_Server0""]","[""Enterprise1"", ""Enterprise2"", ""User0"", ""User2""]","[""Enterprise1"", ""Enterprise2"", ""Op_Server0"", ""User0"", ""User2""]","{""blue_first_relevant_response_after_critical"": 16, ""blue_first_relevant_response_after_enterprise"": 6, ""enterprise_foothold_step"": 5, ""first_critical_hit_step"": 12, ""window_end"": 15, ""window_start"": 13}"
ours_stage2_fair,11,stage2_ext_001_obj_2,critical_safe_balanced,episode_002,7,7013,27,Q4_user_focus_after_enterprise_foothold,medium,DecoyVsftpd,User2,User,Impact,Op_Server0,"[""Op_Server0""]","[""Op_Server0""]","[""Enterprise1"", ""Op_Server0"", ""User0"", ""User2""]","[""Enterprise1"", ""Op_Server0"", ""User0"", ""User2""]","{""blue_first_relevant_response_after_critical"": 16, ""blue_first_relevant_response_after_enterprise"": 6, ""enterprise_foothold_step"": 5, ""first_critical_hit_step"": 12, ""window_end"": 29, ""window_start"": 27}"
ours_stage2_fair,11,stage2_ext_001_obj_2,critical_safe_balanced,episode_002,7,7013,66,Q4_user_focus_after_enterprise_foothold,medium,DecoyHarakaSMPT,User0,User,Impact,Op_Server0,"[""Op_Server0""]","[""Op_Server0""]","[""Enterprise1"", ""Op_Server0"", ""User0"", ""User2""]","[""Enterprise1"", ""Op_Server0"", ""User0"", ""User2""]","{""blue_first_relevant_response_after_critical"": 16, ""blue_first_relevant_response_after_enterprise"": 6, ""enterprise_foothold_step"": 5, ""first_critical_hit_step"": 12, ""window_end"": 68, ""window_start"": 66}"
ours_stage2_fair,11,stage2_ext_001_obj_2,critical_safe_balanced,episode_002,7,7013,67,Q4_user_focus_after_enterprise_foothold,medium,DecoySSHD,User4,User,Impact,Op_Server0,"[""Op_Server0""]","[""Op_Server0""]","[""Enterprise1"", ""Op_Server0"", ""User0"", ""User2""]","[""Enterprise1"", ""Op_Server0"", ""User0"", ""User2""]","{""blue_first_relevant_response_after_critical"": 16, ""blue_first_relevant_response_after_enterprise"": 6, ""enterprise_foothold_step"": 5, ""first_critical_hit_step"": 12, ""window_end"": 69, ""window_start"": 67}"
ours_stage2_fair,11,stage2_ext_001_obj_2,critical_safe_balanced,episode_002,7,7013,8,Q5_repeated_low_value_decoy_loop,medium,DecoySSHD,User4,User,DiscoverNetworkServices,,[],[],"[""Enterprise1"", ""User0"", ""User2""]","[""Enterprise1"", ""User0"", ""User2""]","{""blue_first_relevant_response_after_critical"": 16, ""blue_first_relevant_response_after_enterprise"": 6, ""enterprise_foothold_step"": 5, ""first_critical_hit_step"": 12, ""window_end"": 17, ""window_start"": 8}"
