method_name,seed,policy_id,candidate_label,episode_id,env_idx,env_seed,step_idx,rule_id,severity,blue_action_name,blue_target_hostname,blue_target_subnet,red_action_name,red_target_hostname,critical_state_before,critical_state_after,compromised_hosts_before,compromised_hosts_after,response_context
ours_stage2_fair,11,stage1_pref_005_ckpt_191,semantic_aware,episode_000,0,11,55,Q2_user_action_during_critical_breach,high,Restore,User3,User,Impact,Op_Server0,"[""Op_Server0""]","[""Op_Server0""]","[""Op_Server0"", ""User0"", ""User2""]","[""Op_Server0"", ""User0"", ""User2""]","{""blue_first_relevant_response_after_critical"": 45, ""blue_first_relevant_response_after_enterprise"": 6, ""enterprise_foothold_step"": 5, ""first_critical_hit_step"": 44, ""window_end"": null, ""window_start"": null}"
ours_stage2_fair,11,stage1_pref_005_ckpt_191,semantic_aware,episode_000,0,11,67,Q2_user_action_during_critical_breach,high,Restore,User3,User,Impact,Op_Server0,"[""Op_Server0""]","[""Op_Server0""]","[""Op_Server0"", ""User0"", ""User2""]","[""Op_Server0"", ""User0"", ""User2""]","{""blue_first_relevant_response_after_critical"": 45, ""blue_first_relevant_response_after_enterprise"": 6, ""enterprise_foothold_step"": 5, ""first_critical_hit_step"": 44, ""window_end"": null, ""window_start"": null}"
ours_stage2_fair,11,stage1_pref_005_ckpt_191,semantic_aware,episode_000,0,11,81,Q2_user_action_during_critical_breach,high,Restore,User3,User,Impact,Op_Server0,"[""Op_Server0""]","[""Op_Server0""]","[""Op_Server0"", ""User0"", ""User2""]","[""Op_Server0"", ""User0"", ""User2""]","{""blue_first_relevant_response_after_critical"": 45, ""blue_first_relevant_response_after_enterprise"": 6, ""enterprise_foothold_step"": 5, ""first_critical_hit_step"": 44, ""window_end"": null, ""window_start"": null}"
ours_stage2_fair,11,stage1_pref_005_ckpt_191,semantic_aware,episode_000,1,1011,74,Q2_user_action_during_critical_breach,high,DecoyHarakaSMPT,User3,User,Impact,Op_Server0,"[""Op_Server0""]","[""Op_Server0""]","[""Enterprise0"", ""Op_Server0"", ""User0"", ""User3""]","[""Enterprise0"", ""Op_Server0"", ""User0"", ""User3""]","{""blue_first_relevant_response_after_critical"": 14, ""blue_first_relevant_response_after_enterprise"": 6, ""enterprise_foothold_step"": 5, ""first_critical_hit_step"": 12, ""window_end"": null, ""window_start"": null}"
ours_stage2_fair,11,stage1_pref_005_ckpt_191,semantic_aware,episode_000,2,2011,16,Q2_user_action_during_critical_breach,high,DecoyHarakaSMPT,User3,User,Impact,Op_Server0,"[""Op_Server0""]","[""Op_Server0""]","[""Enterprise0"", ""Enterprise2"", ""Op_Server0"", ""User0"", ""User4""]","[""Enterprise0"", ""Enterprise2"", ""Op_Server0"", ""User0"", ""User4""]","{""blue_first_relevant_response_after_critical"": 13, ""blue_first_relevant_response_after_enterprise"": 6, ""enterprise_foothold_step"": 5, ""first_critical_hit_step"": 12, ""window_end"": null, ""window_start"": null}"
ours_stage2_fair,11,stage1_pref_005_ckpt_191,semantic_aware,episode_000,2,2011,32,Q2_user_action_during_critical_breach,high,DecoySvchost,User4,User,Impact,Op_Server0,"[""Op_Server0""]","[""Op_Server0""]","[""Enterprise0"", ""Op_Server0"", ""User0"", ""User4""]","[""Enterprise0"", ""Op_Server0"", ""User0"", ""User4""]","{""blue_first_relevant_response_after_critical"": 13, ""blue_first_relevant_response_after_enterprise"": 6, ""enterprise_foothold_step"": 5, ""first_critical_hit_step"": 12, ""window_end"": null, ""window_start"": null}"
ours_stage2_fair,11,stage1_pref_005_ckpt_191,semantic_aware,episode_000,2,2011,41,Q2_user_action_during_critical_breach,high,DecoyHarakaSMPT,User3,User,Impact,Op_Server0,"[""Op_Server0""]","[""Op_Server0""]","[""Enterprise0"", ""Op_Server0"", ""User0"", ""User4""]","[""Enterprise0"", ""Op_Server0"", ""User0"", ""User4""]","{""blue_first_relevant_response_after_critical"": 13, ""blue_first_relevant_response_after_enterprise"": 6, ""enterprise_foothold_step"": 5, ""first_critical_hit_step"": 12, ""window_end"": null, ""window_start"": null}"
ours_stage2_fair,11,stage1_pref_005_ckpt_191,semantic_aware,episode_000,2,2011,49,Q2_user_action_during_critical_breach,high,Restore,User3,User,Impact,Op_Server0,"[""Op_Server0""]","[""Op_Server0""]","[""Enterprise0"", ""Op_Server0"", ""User0"", ""User4""]","[""Enterprise0"", ""Op_Server0"", ""User0"", ""User4""]","{""blue_first_relevant_response_after_critical"": 13, ""blue_first_relevant_response_after_enterprise"": 6, ""enterprise_foothold_step"": 5, ""first_critical_hit_step"": 12, ""window_end"": null, ""window_start"": null}"
ours_stage2_fair,11,stage1_pref_005_ckpt_191,semantic_aware,episode_000,2,2011,55,Q2_user_action_during_critical_breach,high,Restore,User3,User,Impact,Op_Server0,"[""Op_Server0""]","[""Op_Server0""]","[""Enterprise0"", ""Op_Server0"", ""User0"", ""User4""]","[""Enterprise0"", ""Op_Server0"", ""User0"", ""User4""]","{""blue_first_relevant_response_after_critical"": 13, ""blue_first_relevant_response_after_enterprise"": 6, ""enterprise_foothold_step"": 5, ""first_critical_hit_step"": 12, ""window_end"": null, ""window_start"": null}"
ours_stage2_fair,11,stage1_pref_005_ckpt_191,semantic_aware,episode_000,2,2011,72,Q2_user_action_during_critical_breach,high,Restore,User3,User,Impact,Op_Server0,"[""Op_Server0""]","[""Op_Server0""]","[""Enterprise0"", ""Op_Server0"", ""User0"", ""User4""]","[""Enterprise0"", ""Op_Server0"", ""User0"", ""User4""]","{""blue_first_relevant_response_after_critical"": 13, ""blue_first_relevant_response_after_enterprise"": 6, ""enterprise_foothold_step"": 5, ""first_critical_hit_step"": 12, ""window_end"": null, ""window_start"": null}"
ours_stage2_fair,11,stage1_pref_005_ckpt_191,semantic_aware,episode_000,2,2011,76,Q2_user_action_during_critical_breach,high,Restore,User3,User,Impact,Op_Server0,"[""Op_Server0""]","[""Op_Server0""]","[""Enterprise0"", ""Op_Server0"", ""User0"", ""User4""]","[""Enterprise0"", ""Op_Server0"", ""User0"", ""User4""]","{""blue_first_relevant_response_after_critical"": 13, ""blue_first_relevant_response_after_enterprise"": 6, ""enterprise_foothold_step"": 5, ""first_critical_hit_step"": 12, ""window_end"": null, ""window_start"": null}"
ours_stage2_fair,11,stage1_pref_005_ckpt_191,semantic_aware,episode_000,2,2011,78,Q2_user_action_during_critical_breach,high,Restore,User3,User,Impact,Op_Server0,"[""Op_Server0""]","[""Op_Server0""]","[""Enterprise0"", ""Op_Server0"", ""User0"", ""User4""]","[""Enterprise0"", ""Op_Server0"", ""User0"", ""User4""]","{""blue_first_relevant_response_after_critical"": 13, ""blue_first_relevant_response_after_enterprise"": 6, ""enterprise_foothold_step"": 5, ""first_critical_hit_step"": 12, ""window_end"": null, ""window_start"": null}"
ours_stage2_fair,11,stage1_pref_005_ckpt_191,semantic_aware,episode_000,2,2011,83,Q2_user_action_during_critical_breach,high,Restore,User3,User,Impact,Op_Server0,"[""Op_Server0""]","[""Op_Server0""]","[""Enterprise0"", ""Op_Server0"", ""User0"", ""User4""]","[""Enterprise0"", ""Op_Server0"", ""User0"", ""User4""]","{""blue_first_relevant_response_after_critical"": 13, ""blue_first_relevant_response_after_enterprise"": 6, ""enterprise_foothold_step"": 5, ""first_critical_hit_step"": 12, ""window_end"": null, ""window_start"": null}"
ours_stage2_fair,11,stage1_pref_005_ckpt_191,semantic_aware,episode_000,3,3011,23,Q2_user_action_during_critical_breach,high,Analyse,User0,User,Impact,Op_Server0,"[""Op_Server0""]","[""Op_Server0""]","[""Enterprise2"", ""Op_Server0"", ""User0"", ""User2""]","[""Enterprise2"", ""Op_Server0"", ""User0"", ""User2""]","{""blue_first_relevant_response_after_critical"": 13, ""blue_first_relevant_response_after_enterprise"": 7, ""enterprise_foothold_step"": 5, ""first_critical_hit_step"": 12, ""window_end"": null, ""window_start"": null}"
ours_stage2_fair,11,stage1_pref_005_ckpt_191,semantic_aware,episode_000,3,3011,31,Q2_user_action_during_critical_breach,high,DecoyHarakaSMPT,User2,User,Impact,Op_Server0,"[""Op_Server0""]","[""Op_Server0""]","[""Enterprise2"", ""Op_Server0"", ""User0"", ""User2""]","[""Enterprise2"", ""Op_Server0"", ""User0"", ""User2""]","{""blue_first_relevant_response_after_critical"": 13, ""blue_first_relevant_response_after_enterprise"": 7, ""enterprise_foothold_step"": 5, ""first_critical_hit_step"": 12, ""window_end"": null, ""window_start"": null}"
ours_stage2_fair,11,stage1_pref_005_ckpt_191,semantic_aware,episode_000,3,3011,38,Q2_user_action_during_critical_breach,high,Restore,User3,User,Impact,Op_Server0,"[""Op_Server0""]","[""Op_Server0""]","[""Op_Server0"", ""User0"", ""User2""]","[""Op_Server0"", ""User0"", ""User2""]","{""blue_first_relevant_response_after_critical"": 13, ""blue_first_relevant_response_after_enterprise"": 7, ""enterprise_foothold_step"": 5, ""first_critical_hit_step"": 12, ""window_end"": null, ""window_start"": null}"
ours_stage2_fair,11,stage1_pref_005_ckpt_191,semantic_aware,episode_000,3,3011,40,Q2_user_action_during_critical_breach,high,DecoyHarakaSMPT,User3,User,Impact,Op_Server0,"[""Op_Server0""]","[""Op_Server0""]","[""Op_Server0"", ""User0"", ""User2""]","[""Op_Server0"", ""User0"", ""User2""]","{""blue_first_relevant_response_after_critical"": 13, ""blue_first_relevant_response_after_enterprise"": 7, ""enterprise_foothold_step"": 5, ""first_critical_hit_step"": 12, ""window_end"": null, ""window_start"": null}"
ours_stage2_fair,11,stage1_pref_005_ckpt_191,semantic_aware,episode_000,3,3011,58,Q2_user_action_during_critical_breach,high,DecoySvchost,User4,User,Impact,Op_Server0,"[""Op_Server0""]","[""Op_Server0""]","[""Enterprise2"", ""Op_Server0"", ""User0"", ""User2""]","[""Enterprise2"", ""Op_Server0"", ""User0"", ""User2""]","{""blue_first_relevant_response_after_critical"": 13, ""blue_first_relevant_response_after_enterprise"": 7, ""enterprise_foothold_step"": 5, ""first_critical_hit_step"": 12, ""window_end"": null, ""window_start"": null}"
ours_stage2_fair,11,stage1_pref_005_ckpt_191,semantic_aware,episode_000,3,3011,60,Q2_user_action_during_critical_breach,high,DecoySSHD,User2,User,Impact,Op_Server0,"[""Op_Server0""]","[""Op_Server0""]","[""Enterprise2"", ""Op_Server0"", ""User0"", ""User2""]","[""Enterprise2"", ""Op_Server0"", ""User0"", ""User2""]","{""blue_first_relevant_response_after_critical"": 13, ""blue_first_relevant_response_after_enterprise"": 7, ""enterprise_foothold_step"": 5, ""first_critical_hit_step"": 12, ""window_end"": null, ""window_start"": null}"
ours_stage2_fair,11,stage1_pref_005_ckpt_191,semantic_aware,episode_000,3,3011,73,Q2_user_action_during_critical_breach,high,DecoyHarakaSMPT,User3,User,Impact,Op_Server0,"[""Op_Server0""]","[""Op_Server0""]","[""Op_Server0"", ""User0"", ""User2""]","[""Op_Server0"", ""User0"", ""User2""]","{""blue_first_relevant_response_after_critical"": 13, ""blue_first_relevant_response_after_enterprise"": 7, ""enterprise_foothold_step"": 5, ""first_critical_hit_step"": 12, ""window_end"": null, ""window_start"": null}"
ours_stage2_fair,11,stage1_pref_005_ckpt_191,semantic_aware,episode_000,4,4011,31,Q2_user_action_during_critical_breach,high,Restore,User3,User,Impact,Op_Server0,"[""Op_Server0""]","[""Op_Server0""]","[""Enterprise0"", ""Op_Server0"", ""User0"", ""User4""]","[""Enterprise0"", ""Op_Server0"", ""User0"", ""User4""]","{""blue_first_relevant_response_after_critical"": 13, ""blue_first_relevant_response_after_enterprise"": 6, ""enterprise_foothold_step"": 5, ""first_critical_hit_step"": 12, ""window_end"": null, ""window_start"": null}"
ours_stage2_fair,11,stage1_pref_005_ckpt_191,semantic_aware,episode_000,4,4011,32,Q2_user_action_during_critical_breach,high,DecoyHarakaSMPT,User2,User,Impact,Op_Server0,"[""Op_Server0""]","[""Op_Server0""]","[""Enterprise0"", ""Op_Server0"", ""User0"", ""User4""]","[""Enterprise0"", ""Op_Server0"", ""User0"", ""User4""]","{""blue_first_relevant_response_after_critical"": 13, ""blue_first_relevant_response_after_enterprise"": 6, ""enterprise_foothold_step"": 5, ""first_critical_hit_step"": 12, ""window_end"": null, ""window_start"": null}"
ours_stage2_fair,11,stage1_pref_005_ckpt_191,semantic_aware,episode_000,4,4011,57,Q2_user_action_during_critical_breach,high,Restore,User3,User,Impact,Op_Server0,"[""Op_Server0""]","[""Op_Server0""]","[""Enterprise0"", ""Op_Server0"", ""User0"", ""User4""]","[""Enterprise0"", ""Op_Server0"", ""User0"", ""User4""]","{""blue_first_relevant_response_after_critical"": 13, ""blue_first_relevant_response_after_enterprise"": 6, ""enterprise_foothold_step"": 5, ""first_critical_hit_step"": 12, ""window_end"": null, ""window_start"": null}"
ours_stage2_fair,11,stage1_pref_005_ckpt_191,semantic_aware,episode_000,4,4011,59,Q2_user_action_during_critical_breach,high,Restore,User3,User,Impact,Op_Server0,"[""Op_Server0""]","[""Op_Server0""]","[""Enterprise0"", ""Op_Server0"", ""User0"", ""User4""]","[""Enterprise0"", ""Op_Server0"", ""User0"", ""User4""]","{""blue_first_relevant_response_after_critical"": 13, ""blue_first_relevant_response_after_enterprise"": 6, ""enterprise_foothold_step"": 5, ""first_critical_hit_step"": 12, ""window_end"": null, ""window_start"": null}"
ours_stage2_fair,11,stage1_pref_005_ckpt_191,semantic_aware,episode_000,4,4011,73,Q2_user_action_during_critical_breach,high,Restore,User3,User,Impact,Op_Server0,"[""Op_Server0""]","[""Op_Server0""]","[""Enterprise0"", ""Op_Server0"", ""User0"", ""User4""]","[""Enterprise0"", ""Op_Server0"", ""User0"", ""User4""]","{""blue_first_relevant_response_after_critical"": 13, ""blue_first_relevant_response_after_enterprise"": 6, ""enterprise_foothold_step"": 5, ""first_critical_hit_step"": 12, ""window_end"": null, ""window_start"": null}"
ours_stage2_fair,11,stage1_pref_005_ckpt_191,semantic_aware,episode_000,5,5011,90,Q2_user_action_during_critical_breach,high,Restore,User3,User,Impact,Op_Server0,"[""Op_Server0""]","[""Op_Server0""]","[""Enterprise0"", ""Op_Server0"", ""User0"", ""User3""]","[""Enterprise0"", ""Op_Server0"", ""User0""]","{""blue_first_relevant_response_after_critical"": 45, ""blue_first_relevant_response_after_enterprise"": 6, ""enterprise_foothold_step"": 5, ""first_critical_hit_step"": 44, ""window_end"": null, ""window_start"": null}"
ours_stage2_fair,11,stage1_pref_005_ckpt_191,semantic_aware,episode_000,6,6011,16,Q2_user_action_during_critical_breach,high,DecoyHarakaSMPT,User2,User,Impact,Op_Server0,"[""Op_Server0""]","[""Op_Server0""]","[""Enterprise0"", ""Enterprise2"", ""Op_Server0"", ""User0"", ""User3""]","[""Enterprise0"", ""Enterprise2"", ""Op_Server0"", ""User0"", ""User3""]","{""blue_first_relevant_response_after_critical"": 13, ""blue_first_relevant_response_after_enterprise"": 6, ""enterprise_foothold_step"": 5, ""first_critical_hit_step"": 12, ""window_end"": null, ""window_start"": null}"
ours_stage2_fair,11,stage1_pref_005_ckpt_191,semantic_aware,episode_000,6,6011,20,Q2_user_action_during_critical_breach,high,Restore,User3,User,Impact,Op_Server0,"[""Op_Server0""]","[""Op_Server0""]","[""Enterprise0"", ""Enterprise2"", ""Op_Server0"", ""User0"", ""User3""]","[""Enterprise0"", ""Enterprise2"", ""Op_Server0"", ""User0""]","{""blue_first_relevant_response_after_critical"": 13, ""blue_first_relevant_response_after_enterprise"": 6, ""enterprise_foothold_step"": 5, ""first_critical_hit_step"": 12, ""window_end"": null, ""window_start"": null}"
ours_stage2_fair,11,stage1_pref_005_ckpt_191,semantic_aware,episode_000,6,6011,22,Q2_user_action_during_critical_breach,high,Restore,User3,User,Impact,Op_Server0,"[""Op_Server0""]","[""Op_Server0""]","[""Enterprise0"", ""Enterprise2"", ""Op_Server0"", ""User0""]","[""Enterprise0"", ""Enterprise2"", ""Op_Server0"", ""User0""]","{""blue_first_relevant_response_after_critical"": 13, ""blue_first_relevant_response_after_enterprise"": 6, ""enterprise_foothold_step"": 5, ""first_critical_hit_step"": 12, ""window_end"": null, ""window_start"": null}"
ours_stage2_fair,11,stage1_pref_005_ckpt_191,semantic_aware,episode_000,6,6011,24,Q2_user_action_during_critical_breach,high,DecoyHarakaSMPT,User4,User,Impact,Op_Server0,"[""Op_Server0""]","[""Op_Server0""]","[""Enterprise0"", ""Enterprise2"", ""Op_Server0"", ""User0""]","[""Enterprise0"", ""Enterprise2"", ""Op_Server0"", ""User0""]","{""blue_first_relevant_response_after_critical"": 13, ""blue_first_relevant_response_after_enterprise"": 6, ""enterprise_foothold_step"": 5, ""first_critical_hit_step"": 12, ""window_end"": null, ""window_start"": null}"
ours_stage2_fair,11,stage1_pref_005_ckpt_191,semantic_aware,episode_000,6,6011,26,Q2_user_action_during_critical_breach,high,DecoyHarakaSMPT,User2,User,Impact,Op_Server0,"[""Op_Server0""]","[""Op_Server0""]","[""Enterprise0"", ""Enterprise2"", ""Op_Server0"", ""User0""]","[""Enterprise0"", ""Enterprise2"", ""Op_Server0"", ""User0""]","{""blue_first_relevant_response_after_critical"": 13, ""blue_first_relevant_response_after_enterprise"": 6, ""enterprise_foothold_step"": 5, ""first_critical_hit_step"": 12, ""window_end"": null, ""window_start"": null}"
ours_stage2_fair,11,stage1_pref_005_ckpt_191,semantic_aware,episode_000,6,6011,58,Q2_user_action_during_critical_breach,high,Restore,User3,User,Impact,Op_Server0,"[""Op_Server0""]","[""Op_Server0""]","[""Enterprise0"", ""Enterprise2"", ""Op_Server0"", ""User0""]","[""Enterprise0"", ""Enterprise2"", ""Op_Server0"", ""User0""]","{""blue_first_relevant_response_after_critical"": 13, ""blue_first_relevant_response_after_enterprise"": 6, ""enterprise_foothold_step"": 5, ""first_critical_hit_step"": 12, ""window_end"": null, ""window_start"": null}"
ours_stage2_fair,11,stage1_pref_005_ckpt_191,semantic_aware,episode_000,6,6011,60,Q2_user_action_during_critical_breach,high,DecoyHarakaSMPT,User3,User,Impact,Op_Server0,"[""Op_Server0""]","[""Op_Server0""]","[""Enterprise0"", ""Op_Server0"", ""User0""]","[""Enterprise0"", ""Op_Server0"", ""User0""]","{""blue_first_relevant_response_after_critical"": 13, ""blue_first_relevant_response_after_enterprise"": 6, ""enterprise_foothold_step"": 5, ""first_critical_hit_step"": 12, ""window_end"": null, ""window_start"": null}"
ours_stage2_fair,11,stage1_pref_005_ckpt_191,semantic_aware,episode_000,6,6011,85,Q2_user_action_during_critical_breach,high,DecoyHarakaSMPT,User2,User,Impact,Op_Server0,"[""Op_Server0""]","[""Op_Server0""]","[""Enterprise0"", ""Op_Server0"", ""User0""]","[""Enterprise0"", ""Op_Server0"", ""User0""]","{""blue_first_relevant_response_after_critical"": 13, ""blue_first_relevant_response_after_enterprise"": 6, ""enterprise_foothold_step"": 5, ""first_critical_hit_step"": 12, ""window_end"": null, ""window_start"": null}"
ours_stage2_fair,11,stage1_pref_005_ckpt_191,semantic_aware,episode_000,7,7011,33,Q2_user_action_during_critical_breach,high,DecoySvchost,User4,User,Impact,Op_Server0,"[""Op_Server0""]","[""Op_Server0""]","[""Enterprise0"", ""Op_Server0"", ""User0"", ""User4""]","[""Enterprise0"", ""Op_Server0"", ""User0"", ""User4""]","{""blue_first_relevant_response_after_critical"": 14, ""blue_first_relevant_response_after_enterprise"": 6, ""enterprise_foothold_step"": 5, ""first_critical_hit_step"": 12, ""window_end"": null, ""window_start"": null}"
ours_stage2_fair,11,stage1_pref_005_ckpt_191,semantic_aware,episode_000,7,7011,39,Q2_user_action_during_critical_breach,high,DecoyHarakaSMPT,User3,User,Impact,Op_Server0,"[""Op_Server0""]","[""Op_Server0""]","[""Enterprise0"", ""Op_Server0"", ""User0"", ""User4""]","[""Enterprise0"", ""Op_Server0"", ""User0"", ""User4""]","{""blue_first_relevant_response_after_critical"": 14, ""blue_first_relevant_response_after_enterprise"": 6, ""enterprise_foothold_step"": 5, ""first_critical_hit_step"": 12, ""window_end"": null, ""window_start"": null}"
ours_stage2_fair,11,stage1_pref_005_ckpt_191,semantic_aware,episode_000,7,7011,43,Q2_user_action_during_critical_breach,high,DecoyHarakaSMPT,User2,User,Impact,Op_Server0,"[""Op_Server0""]","[""Op_Server0""]","[""Enterprise0"", ""Op_Server0"", ""User0"", ""User4""]","[""Enterprise0"", ""Op_Server0"", ""User0"", ""User4""]","{""blue_first_relevant_response_after_critical"": 14, ""blue_first_relevant_response_after_enterprise"": 6, ""enterprise_foothold_step"": 5, ""first_critical_hit_step"": 12, ""window_end"": null, ""window_start"": null}"
ours_stage2_fair,11,stage1_pref_005_ckpt_191,semantic_aware,episode_000,7,7011,46,Q2_user_action_during_critical_breach,high,DecoyVsftpd,User1,User,Impact,Op_Server0,"[""Op_Server0""]","[""Op_Server0""]","[""Enterprise0"", ""Op_Server0"", ""User0"", ""User4""]","[""Enterprise0"", ""Op_Server0"", ""User0"", ""User4""]","{""blue_first_relevant_response_after_critical"": 14, ""blue_first_relevant_response_after_enterprise"": 6, ""enterprise_foothold_step"": 5, ""first_critical_hit_step"": 12, ""window_end"": null, ""window_start"": null}"
ours_stage2_fair,11,stage1_pref_005_ckpt_191,semantic_aware,episode_000,7,7011,51,Q2_user_action_during_critical_breach,high,DecoyHarakaSMPT,User2,User,Impact,Op_Server0,"[""Op_Server0""]","[""Op_Server0""]","[""Enterprise0"", ""Op_Server0"", ""User0"", ""User4""]","[""Enterprise0"", ""Op_Server0"", ""User0"", ""User4""]","{""blue_first_relevant_response_after_critical"": 14, ""blue_first_relevant_response_after_enterprise"": 6, ""enterprise_foothold_step"": 5, ""first_critical_hit_step"": 12, ""window_end"": null, ""window_start"": null}"
ours_stage2_fair,11,stage1_pref_005_ckpt_191,semantic_aware,episode_000,7,7011,55,Q2_user_action_during_critical_breach,high,Restore,User3,User,Impact,Op_Server0,"[""Op_Server0""]","[""Op_Server0""]","[""Enterprise0"", ""Op_Server0"", ""User0"", ""User4""]","[""Enterprise0"", ""Op_Server0"", ""User0"", ""User4""]","{""blue_first_relevant_response_after_critical"": 14, ""blue_first_relevant_response_after_enterprise"": 6, ""enterprise_foothold_step"": 5, ""first_critical_hit_step"": 12, ""window_end"": null, ""window_start"": null}"
ours_stage2_fair,11,stage1_pref_005_ckpt_191,semantic_aware,episode_000,7,7011,57,Q2_user_action_during_critical_breach,high,Restore,User3,User,Impact,Op_Server0,"[""Op_Server0""]","[""Op_Server0""]","[""Enterprise0"", ""Op_Server0"", ""User0"", ""User4""]","[""Enterprise0"", ""Op_Server0"", ""User0"", ""User4""]","{""blue_first_relevant_response_after_critical"": 14, ""blue_first_relevant_response_after_enterprise"": 6, ""enterprise_foothold_step"": 5, ""first_critical_hit_step"": 12, ""window_end"": null, ""window_start"": null}"
ours_stage2_fair,11,stage1_pref_005_ckpt_191,semantic_aware,episode_000,7,7011,63,Q2_user_action_during_critical_breach,high,DecoyHarakaSMPT,User3,User,Impact,Op_Server0,"[""Op_Server0""]","[""Op_Server0""]","[""Enterprise0"", ""Op_Server0"", ""User0"", ""User4""]","[""Enterprise0"", ""Op_Server0"", ""User0"", ""User4""]","{""blue_first_relevant_response_after_critical"": 14, ""blue_first_relevant_response_after_enterprise"": 6, ""enterprise_foothold_step"": 5, ""first_critical_hit_step"": 12, ""window_end"": null, ""window_start"": null}"
ours_stage2_fair,11,stage1_pref_005_ckpt_191,semantic_aware,episode_000,7,7011,65,Q2_user_action_during_critical_breach,high,DecoyHarakaSMPT,User3,User,Impact,Op_Server0,"[""Op_Server0""]","[""Op_Server0""]","[""Enterprise0"", ""Op_Server0"", ""User0"", ""User4""]","[""Enterprise0"", ""Op_Server0"", ""User0"", ""User4""]","{""blue_first_relevant_response_after_critical"": 14, ""blue_first_relevant_response_after_enterprise"": 6, ""enterprise_foothold_step"": 5, ""first_critical_hit_step"": 12, ""window_end"": null, ""window_start"": null}"
ours_stage2_fair,11,stage1_pref_005_ckpt_191,semantic_aware,episode_000,7,7011,69,Q2_user_action_during_critical_breach,high,Restore,User3,User,Impact,Op_Server0,"[""Op_Server0""]","[""Op_Server0""]","[""Enterprise0"", ""Op_Server0"", ""User0"", ""User4""]","[""Enterprise0"", ""Op_Server0"", ""User0"", ""User4""]","{""blue_first_relevant_response_after_critical"": 14, ""blue_first_relevant_response_after_enterprise"": 6, ""enterprise_foothold_step"": 5, ""first_critical_hit_step"": 12, ""window_end"": null, ""window_start"": null}"
ours_stage2_fair,11,stage1_pref_005_ckpt_191,semantic_aware,episode_000,7,7011,80,Q2_user_action_during_critical_breach,high,DecoyHarakaSMPT,User3,User,Impact,Op_Server0,"[""Op_Server0""]","[""Op_Server0""]","[""Enterprise0"", ""Op_Server0"", ""User0"", ""User4""]","[""Enterprise0"", ""Op_Server0"", ""User0"", ""User4""]","{""blue_first_relevant_response_after_critical"": 14, ""blue_first_relevant_response_after_enterprise"": 6, ""enterprise_foothold_step"": 5, ""first_critical_hit_step"": 12, ""window_end"": null, ""window_start"": null}"
ours_stage2_fair,11,stage1_pref_005_ckpt_191,semantic_aware,episode_001,0,12,19,Q2_user_action_during_critical_breach,high,Restore,User3,User,Impact,Op_Server0,"[""Op_Server0""]","[""Op_Server0""]","[""Enterprise0"", ""Enterprise2"", ""Op_Server0"", ""User0""]","[""Enterprise0"", ""Enterprise2"", ""Op_Server0"", ""User0""]","{""blue_first_relevant_response_after_critical"": 13, ""blue_first_relevant_response_after_enterprise"": 6, ""enterprise_foothold_step"": 5, ""first_critical_hit_step"": 12, ""window_end"": null, ""window_start"": null}"
ours_stage2_fair,11,stage1_pref_005_ckpt_191,semantic_aware,episode_001,0,12,23,Q2_user_action_during_critical_breach,high,DecoyHarakaSMPT,User3,User,Impact,Op_Server0,"[""Op_Server0""]","[""Op_Server0""]","[""Enterprise0"", ""Enterprise2"", ""Op_Server0"", ""User0""]","[""Enterprise0"", ""Enterprise2"", ""Op_Server0"", ""User0""]","{""blue_first_relevant_response_after_critical"": 13, ""blue_first_relevant_response_after_enterprise"": 6, ""enterprise_foothold_step"": 5, ""first_critical_hit_step"": 12, ""window_end"": null, ""window_start"": null}"
ours_stage2_fair,11,stage1_pref_005_ckpt_191,semantic_aware,episode_001,0,12,30,Q2_user_action_during_critical_breach,high,Restore,User3,User,Impact,Op_Server0,"[""Op_Server0""]","[""Op_Server0""]","[""Enterprise0"", ""Enterprise2"", ""Op_Server0"", ""User0""]","[""Enterprise0"", ""Enterprise2"", ""Op_Server0"", ""User0""]","{""blue_first_relevant_response_after_critical"": 13, ""blue_first_relevant_response_after_enterprise"": 6, ""enterprise_foothold_step"": 5, ""first_critical_hit_step"": 12, ""window_end"": null, ""window_start"": null}"
ours_stage2_fair,11,stage1_pref_005_ckpt_191,semantic_aware,episode_001,0,12,41,Q2_user_action_during_critical_breach,high,DecoyHarakaSMPT,User2,User,Impact,Op_Server0,"[""Op_Server0""]","[""Op_Server0""]","[""Enterprise0"", ""Op_Server0"", ""User0""]","[""Enterprise0"", ""Op_Server0"", ""User0""]","{""blue_first_relevant_response_after_critical"": 13, ""blue_first_relevant_response_after_enterprise"": 6, ""enterprise_foothold_step"": 5, ""first_critical_hit_step"": 12, ""window_end"": null, ""window_start"": null}"
ours_stage2_fair,11,stage1_pref_005_ckpt_191,semantic_aware,episode_001,0,12,50,Q2_user_action_during_critical_breach,high,Restore,User3,User,Impact,Op_Server0,"[""Op_Server0""]","[""Op_Server0""]","[""Enterprise0"", ""Op_Server0"", ""User0""]","[""Enterprise0"", ""Op_Server0"", ""User0""]","{""blue_first_relevant_response_after_critical"": 13, ""blue_first_relevant_response_after_enterprise"": 6, ""enterprise_foothold_step"": 5, ""first_critical_hit_step"": 12, ""window_end"": null, ""window_start"": null}"
ours_stage2_fair,11,stage1_pref_005_ckpt_191,semantic_aware,episode_001,0,12,79,Q2_user_action_during_critical_breach,high,DecoyHarakaSMPT,User3,User,Impact,Op_Server0,"[""Op_Server0""]","[""Op_Server0""]","[""Enterprise0"", ""Op_Server0"", ""User0""]","[""Enterprise0"", ""Op_Server0"", ""User0""]","{""blue_first_relevant_response_after_critical"": 13, ""blue_first_relevant_response_after_enterprise"": 6, ""enterprise_foothold_step"": 5, ""first_critical_hit_step"": 12, ""window_end"": null, ""window_start"": null}"
ours_stage2_fair,11,stage1_pref_005_ckpt_191,semantic_aware,episode_001,0,12,90,Q2_user_action_during_critical_breach,high,Restore,User3,User,Impact,Op_Server0,"[""Op_Server0""]","[""Op_Server0""]","[""Enterprise0"", ""Op_Server0"", ""User0""]","[""Enterprise0"", ""Op_Server0"", ""User0""]","{""blue_first_relevant_response_after_critical"": 13, ""blue_first_relevant_response_after_enterprise"": 6, ""enterprise_foothold_step"": 5, ""first_critical_hit_step"": 12, ""window_end"": null, ""window_start"": null}"
ours_stage2_fair,11,stage1_pref_005_ckpt_191,semantic_aware,episode_001,0,12,95,Q2_user_action_during_critical_breach,high,Analyse,User0,User,Impact,Op_Server0,"[""Op_Server0""]","[""Op_Server0""]","[""Enterprise0"", ""Op_Server0"", ""User0""]","[""Enterprise0"", ""Op_Server0"", ""User0""]","{""blue_first_relevant_response_after_critical"": 13, ""blue_first_relevant_response_after_enterprise"": 6, ""enterprise_foothold_step"": 5, ""first_critical_hit_step"": 12, ""window_end"": null, ""window_start"": null}"
ours_stage2_fair,11,stage1_pref_005_ckpt_191,semantic_aware,episode_001,1,1012,21,Q2_user_action_during_critical_breach,high,Restore,User3,User,Impact,Op_Server0,"[""Op_Server0""]","[""Op_Server0""]","[""Enterprise1"", ""Enterprise2"", ""Op_Server0"", ""User0"", ""User1""]","[""Enterprise1"", ""Enterprise2"", ""Op_Server0"", ""User0"", ""User1""]","{""blue_first_relevant_response_after_critical"": 13, ""blue_first_relevant_response_after_enterprise"": 7, ""enterprise_foothold_step"": 5, ""first_critical_hit_step"": 12, ""window_end"": null, ""window_start"": null}"
ours_stage2_fair,11,stage1_pref_005_ckpt_191,semantic_aware,episode_001,1,1012,26,Q2_user_action_during_critical_breach,high,Restore,User3,User,Impact,Op_Server0,"[""Op_Server0""]","[""Op_Server0""]","[""Enterprise2"", ""Op_Server0"", ""User0"", ""User1""]","[""Enterprise2"", ""Op_Server0"", ""User0"", ""User1""]","{""blue_first_relevant_response_after_critical"": 13, ""blue_first_relevant_response_after_enterprise"": 7, ""enterprise_foothold_step"": 5, ""first_critical_hit_step"": 12, ""window_end"": null, ""window_start"": null}"
ours_stage2_fair,11,stage1_pref_005_ckpt_191,semantic_aware,episode_001,1,1012,39,Q2_user_action_during_critical_breach,high,Restore,User3,User,Impact,Op_Server0,"[""Op_Server0""]","[""Op_Server0""]","[""Enterprise2"", ""Op_Server0"", ""User0"", ""User1""]","[""Enterprise2"", ""Op_Server0"", ""User0"", ""User1""]","{""blue_first_relevant_response_after_critical"": 13, ""blue_first_relevant_response_after_enterprise"": 7, ""enterprise_foothold_step"": 5, ""first_critical_hit_step"": 12, ""window_end"": null, ""window_start"": null}"
ours_stage2_fair,11,stage1_pref_005_ckpt_191,semantic_aware,episode_001,1,1012,42,Q2_user_action_during_critical_breach,high,Restore,User3,User,Impact,Op_Server0,"[""Op_Server0""]","[""Op_Server0""]","[""Enterprise2"", ""Op_Server0"", ""User0"", ""User1""]","[""Enterprise2"", ""Op_Server0"", ""User0"", ""User1""]","{""blue_first_relevant_response_after_critical"": 13, ""blue_first_relevant_response_after_enterprise"": 7, ""enterprise_foothold_step"": 5, ""first_critical_hit_step"": 12, ""window_end"": null, ""window_start"": null}"
ours_stage2_fair,11,stage1_pref_005_ckpt_191,semantic_aware,episode_001,1,1012,56,Q2_user_action_during_critical_breach,high,DecoyVsftpd,User1,User,Impact,Op_Server0,"[""Op_Server0""]","[""Op_Server0""]","[""Op_Server0"", ""User0"", ""User1""]","[""Op_Server0"", ""User0"", ""User1""]","{""blue_first_relevant_response_after_critical"": 13, ""blue_first_relevant_response_after_enterprise"": 7, ""enterprise_foothold_step"": 5, ""first_critical_hit_step"": 12, ""window_end"": null, ""window_start"": null}"
ours_stage2_fair,11,stage1_pref_005_ckpt_191,semantic_aware,episode_001,1,1012,63,Q2_user_action_during_critical_breach,high,Restore,User3,User,Impact,Op_Server0,"[""Op_Server0""]","[""Op_Server0""]","[""Op_Server0"", ""User0"", ""User1""]","[""Op_Server0"", ""User0"", ""User1""]","{""blue_first_relevant_response_after_critical"": 13, ""blue_first_relevant_response_after_enterprise"": 7, ""enterprise_foothold_step"": 5, ""first_critical_hit_step"": 12, ""window_end"": null, ""window_start"": null}"
ours_stage2_fair,11,stage1_pref_005_ckpt_191,semantic_aware,episode_001,1,1012,69,Q2_user_action_during_critical_breach,high,DecoyVsftpd,User1,User,Impact,Op_Server0,"[""Op_Server0""]","[""Op_Server0""]","[""Op_Server0"", ""User0"", ""User1""]","[""Op_Server0"", ""User0"", ""User1""]","{""blue_first_relevant_response_after_critical"": 13, ""blue_first_relevant_response_after_enterprise"": 7, ""enterprise_foothold_step"": 5, ""first_critical_hit_step"": 12, ""window_end"": null, ""window_start"": null}"
ours_stage2_fair,11,stage1_pref_005_ckpt_191,semantic_aware,episode_001,2,2012,24,Q2_user_action_during_critical_breach,high,Restore,User3,User,Impact,Op_Server0,"[""Op_Server0""]","[""Op_Server0""]","[""Enterprise2"", ""Op_Server0"", ""User0"", ""User2""]","[""Enterprise2"", ""Op_Server0"", ""User0"", ""User2""]","{""blue_first_relevant_response_after_critical"": 13, ""blue_first_relevant_response_after_enterprise"": 7, ""enterprise_foothold_step"": 5, ""first_critical_hit_step"": 12, ""window_end"": null, ""window_start"": null}"
ours_stage2_fair,11,stage1_pref_005_ckpt_191,semantic_aware,episode_001,2,2012,48,Q2_user_action_during_critical_breach,high,DecoyHarakaSMPT,User3,User,Impact,Op_Server0,"[""Op_Server0""]","[""Op_Server0""]","[""Enterprise2"", ""Op_Server0"", ""User0"", ""User2""]","[""Enterprise2"", ""Op_Server0"", ""User0"", ""User2""]","{""blue_first_relevant_response_after_critical"": 13, ""blue_first_relevant_response_after_enterprise"": 7, ""enterprise_foothold_step"": 5, ""first_critical_hit_step"": 12, ""window_end"": null, ""window_start"": null}"
ours_stage2_fair,11,stage1_pref_005_ckpt_191,semantic_aware,episode_001,2,2012,53,Q2_user_action_during_critical_breach,high,Restore,User3,User,Impact,Op_Server0,"[""Op_Server0""]","[""Op_Server0""]","[""Enterprise2"", ""Op_Server0"", ""User0"", ""User2""]","[""Enterprise2"", ""Op_Server0"", ""User0"", ""User2""]","{""blue_first_relevant_response_after_critical"": 13, ""blue_first_relevant_response_after_enterprise"": 7, ""enterprise_foothold_step"": 5, ""first_critical_hit_step"": 12, ""window_end"": null, ""window_start"": null}"
ours_stage2_fair,11,stage1_pref_005_ckpt_191,semantic_aware,episode_001,2,2012,67,Q2_user_action_during_critical_breach,high,DecoyFemitter,User0,User,Impact,Op_Server0,"[""Op_Server0""]","[""Op_Server0""]","[""Enterprise2"", ""Op_Server0"", ""User0"", ""User2""]","[""Enterprise2"", ""Op_Server0"", ""User0"", ""User2""]","{""blue_first_relevant_response_after_critical"": 13, ""blue_first_relevant_response_after_enterprise"": 7, ""enterprise_foothold_step"": 5, ""first_critical_hit_step"": 12, ""window_end"": null, ""window_start"": null}"
ours_stage2_fair,11,stage1_pref_005_ckpt_191,semantic_aware,episode_001,2,2012,69,Q2_user_action_during_critical_breach,high,Restore,User3,User,Impact,Op_Server0,"[""Op_Server0""]","[""Op_Server0""]","[""Enterprise2"", ""Op_Server0"", ""User0"", ""User2""]","[""Enterprise2"", ""Op_Server0"", ""User0"", ""User2""]","{""blue_first_relevant_response_after_critical"": 13, ""blue_first_relevant_response_after_enterprise"": 7, ""enterprise_foothold_step"": 5, ""first_critical_hit_step"": 12, ""window_end"": null, ""window_start"": null}"
ours_stage2_fair,11,stage1_pref_005_ckpt_191,semantic_aware,episode_001,2,2012,73,Q2_user_action_during_critical_breach,high,DecoyHarakaSMPT,User2,User,Impact,Op_Server0,"[""Op_Server0""]","[""Op_Server0""]","[""Enterprise2"", ""Op_Server0"", ""User0"", ""User2""]","[""Enterprise2"", ""Op_Server0"", ""User0"", ""User2""]","{""blue_first_relevant_response_after_critical"": 13, ""blue_first_relevant_response_after_enterprise"": 7, ""enterprise_foothold_step"": 5, ""first_critical_hit_step"": 12, ""window_end"": null, ""window_start"": null}"
ours_stage2_fair,11,stage1_pref_005_ckpt_191,semantic_aware,episode_001,2,2012,92,Q2_user_action_during_critical_breach,high,DecoyVsftpd,User1,User,Impact,Op_Server0,"[""Op_Server0""]","[""Op_Server0""]","[""Enterprise2"", ""Op_Server0"", ""User0"", ""User2""]","[""Enterprise2"", ""Op_Server0"", ""User0"", ""User2""]","{""blue_first_relevant_response_after_critical"": 13, ""blue_first_relevant_response_after_enterprise"": 7, ""enterprise_foothold_step"": 5, ""first_critical_hit_step"": 12, ""window_end"": null, ""window_start"": null}"
ours_stage2_fair,11,stage1_pref_005_ckpt_191,semantic_aware,episode_001,4,4012,79,Q2_user_action_during_critical_breach,high,DecoyHarakaSMPT,User2,User,Impact,Op_Server0,"[""Op_Server0""]","[""Op_Server0""]","[""Enterprise2"", ""Op_Server0"", ""User0"", ""User2""]","[""Enterprise2"", ""Op_Server0"", ""User0"", ""User2""]","{""blue_first_relevant_response_after_critical"": 65, ""blue_first_relevant_response_after_enterprise"": 6, ""enterprise_foothold_step"": 5, ""first_critical_hit_step"": 64, ""window_end"": null, ""window_start"": null}"
ours_stage2_fair,11,stage1_pref_005_ckpt_191,semantic_aware,episode_001,4,4012,87,Q2_user_action_during_critical_breach,high,Restore,User3,User,Impact,Op_Server0,"[""Op_Server0""]","[""Op_Server0""]","[""Enterprise2"", ""Op_Server0"", ""User0"", ""User2""]","[""Enterprise2"", ""Op_Server0"", ""User0"", ""User2""]","{""blue_first_relevant_response_after_critical"": 65, ""blue_first_relevant_response_after_enterprise"": 6, ""enterprise_foothold_step"": 5, ""first_critical_hit_step"": 64, ""window_end"": null, ""window_start"": null}"
ours_stage2_fair,11,stage1_pref_005_ckpt_191,semantic_aware,episode_001,5,5012,16,Q2_user_action_during_critical_breach,high,Restore,User3,User,Impact,Op_Server0,"[""Op_Server0""]","[""Op_Server0""]","[""Enterprise0"", ""Enterprise2"", ""Op_Server0"", ""User0"", ""User3""]","[""Enterprise0"", ""Enterprise2"", ""Op_Server0"", ""User0""]","{""blue_first_relevant_response_after_critical"": 14, ""blue_first_relevant_response_after_enterprise"": 6, ""enterprise_foothold_step"": 5, ""first_critical_hit_step"": 12, ""window_end"": null, ""window_start"": null}"
ours_stage2_fair,11,stage1_pref_005_ckpt_191,semantic_aware,episode_001,5,5012,55,Q2_user_action_during_critical_breach,high,DecoyHarakaSMPT,User2,User,Impact,Op_Server0,"[""Op_Server0""]","[""Op_Server0""]","[""Enterprise0"", ""Op_Server0"", ""User0""]","[""Enterprise0"", ""Op_Server0"", ""User0""]","{""blue_first_relevant_response_after_critical"": 14, ""blue_first_relevant_response_after_enterprise"": 6, ""enterprise_foothold_step"": 5, ""first_critical_hit_step"": 12, ""window_end"": null, ""window_start"": null}"
ours_stage2_fair,11,stage1_pref_005_ckpt_191,semantic_aware,episode_001,5,5012,77,Q2_user_action_during_critical_breach,high,DecoyHarakaSMPT,User3,User,Impact,Op_Server0,"[""Op_Server0""]","[""Op_Server0""]","[""Enterprise0"", ""Enterprise2"", ""Op_Server0"", ""User0""]","[""Enterprise0"", ""Enterprise2"", ""Op_Server0"", ""User0""]","{""blue_first_relevant_response_after_critical"": 14, ""blue_first_relevant_response_after_enterprise"": 6, ""enterprise_foothold_step"": 5, ""first_critical_hit_step"": 12, ""window_end"": null, ""window_start"": null}"
ours_stage2_fair,11,stage1_pref_005_ckpt_191,semantic_aware,episode_001,5,5012,96,Q2_user_action_during_critical_breach,high,Restore,User3,User,Impact,Op_Server0,"[""Op_Server0""]","[""Op_Server0""]","[""Enterprise0"", ""Enterprise2"", ""Op_Server0"", ""User0""]","[""Enterprise0"", ""Enterprise2"", ""Op_Server0"", ""User0""]","{""blue_first_relevant_response_after_critical"": 14, ""blue_first_relevant_response_after_enterprise"": 6, ""enterprise_foothold_step"": 5, ""first_critical_hit_step"": 12, ""window_end"": null, ""window_start"": null}"
ours_stage2_fair,11,stage1_pref_005_ckpt_191,semantic_aware,episode_001,6,6012,36,Q2_user_action_during_critical_breach,high,DecoySmss,User1,User,Impact,Op_Server0,"[""Op_Server0""]","[""Op_Server0""]","[""Op_Server0"", ""User0"", ""User2""]","[""Op_Server0"", ""User0"", ""User2""]","{""blue_first_relevant_response_after_critical"": 13, ""blue_first_relevant_response_after_enterprise"": 6, ""enterprise_foothold_step"": 5, ""first_critical_hit_step"": 12, ""window_end"": null, ""window_start"": null}"
ours_stage2_fair,11,stage1_pref_005_ckpt_191,semantic_aware,episode_001,6,6012,44,Q2_user_action_during_critical_breach,high,Analyse,User0,User,Impact,Op_Server0,"[""Op_Server0""]","[""Op_Server0""]","[""Op_Server0"", ""User0"", ""User2""]","[""Op_Server0"", ""User0"", ""User2""]","{""blue_first_relevant_response_after_critical"": 13, ""blue_first_relevant_response_after_enterprise"": 6, ""enterprise_foothold_step"": 5, ""first_critical_hit_step"": 12, ""window_end"": null, ""window_start"": null}"
ours_stage2_fair,11,stage1_pref_005_ckpt_191,semantic_aware,episode_001,6,6012,63,Q2_user_action_during_critical_breach,high,Restore,User3,User,Impact,Op_Server0,"[""Op_Server0""]","[""Op_Server0""]","[""Op_Server0"", ""User0"", ""User2""]","[""Op_Server0"", ""User0"", ""User2""]","{""blue_first_relevant_response_after_critical"": 13, ""blue_first_relevant_response_after_enterprise"": 6, ""enterprise_foothold_step"": 5, ""first_critical_hit_step"": 12, ""window_end"": null, ""window_start"": null}"
ours_stage2_fair,11,stage1_pref_005_ckpt_191,semantic_aware,episode_001,7,7012,58,Q2_user_action_during_critical_breach,high,DecoyVsftpd,User1,User,Impact,Op_Server0,"[""Op_Server0""]","[""Op_Server0""]","[""Enterprise2"", ""Op_Server0"", ""User0"", ""User2""]","[""Enterprise2"", ""Op_Server0"", ""User0"", ""User2""]","{""blue_first_relevant_response_after_critical"": 13, ""blue_first_relevant_response_after_enterprise"": 8, ""enterprise_foothold_step"": 5, ""first_critical_hit_step"": 12, ""window_end"": null, ""window_start"": null}"
ours_stage2_fair,11,stage1_pref_005_ckpt_191,semantic_aware,episode_001,7,7012,99,Q2_user_action_during_critical_breach,high,Restore,User3,User,Impact,Op_Server0,"[""Op_Server0""]","[""Op_Server0""]","[""Enterprise2"", ""Op_Server0"", ""User0"", ""User2""]","[""Enterprise2"", ""Op_Server0"", ""User0"", ""User2""]","{""blue_first_relevant_response_after_critical"": 13, ""blue_first_relevant_response_after_enterprise"": 8, ""enterprise_foothold_step"": 5, ""first_critical_hit_step"": 12, ""window_end"": null, ""window_start"": null}"
ours_stage2_fair,11,stage1_pref_005_ckpt_191,semantic_aware,episode_002,0,13,31,Q2_user_action_during_critical_breach,high,Restore,User3,User,Impact,Op_Server0,"[""Op_Server0""]","[""Op_Server0""]","[""Enterprise0"", ""Enterprise2"", ""Op_Server0"", ""User0"", ""User3""]","[""Enterprise0"", ""Enterprise2"", ""Op_Server0"", ""User0""]","{""blue_first_relevant_response_after_critical"": 17, ""blue_first_relevant_response_after_enterprise"": 7, ""enterprise_foothold_step"": 5, ""first_critical_hit_step"": 16, ""window_end"": null, ""window_start"": null}"
ours_stage2_fair,11,stage1_pref_005_ckpt_191,semantic_aware,episode_002,0,13,50,Q2_user_action_during_critical_breach,high,DecoyHarakaSMPT,User2,User,Impact,Op_Server0,"[""Op_Server0""]","[""Op_Server0""]","[""Enterprise0"", ""Op_Server0"", ""User0""]","[""Enterprise0"", ""Op_Server0"", ""User0""]","{""blue_first_relevant_response_after_critical"": 17, ""blue_first_relevant_response_after_enterprise"": 7, ""enterprise_foothold_step"": 5, ""first_critical_hit_step"": 16, ""window_end"": null, ""window_start"": null}"
ours_stage2_fair,11,stage1_pref_005_ckpt_191,semantic_aware,episode_002,0,13,70,Q2_user_action_during_critical_breach,high,Restore,User3,User,Impact,Op_Server0,"[""Op_Server0""]","[""Op_Server0""]","[""Enterprise0"", ""Op_Server0"", ""User0""]","[""Enterprise0"", ""Op_Server0"", ""User0""]","{""blue_first_relevant_response_after_critical"": 17, ""blue_first_relevant_response_after_enterprise"": 7, ""enterprise_foothold_step"": 5, ""first_critical_hit_step"": 16, ""window_end"": null, ""window_start"": null}"
ours_stage2_fair,11,stage1_pref_005_ckpt_191,semantic_aware,episode_002,1,1013,16,Q2_user_action_during_critical_breach,high,Restore,User3,User,Impact,Op_Server0,"[""Op_Server0""]","[""Op_Server0""]","[""Enterprise2"", ""Op_Server0"", ""User0"", ""User2""]","[""Enterprise2"", ""Op_Server0"", ""User0"", ""User2""]","{""blue_first_relevant_response_after_critical"": 13, ""blue_first_relevant_response_after_enterprise"": 7, ""enterprise_foothold_step"": 5, ""first_critical_hit_step"": 12, ""window_end"": null, ""window_start"": null}"
ours_stage2_fair,11,stage1_pref_005_ckpt_191,semantic_aware,episode_002,1,1013,33,Q2_user_action_during_critical_breach,high,DecoyHarakaSMPT,User2,User,Impact,Op_Server0,"[""Op_Server0""]","[""Op_Server0""]","[""Enterprise2"", ""Op_Server0"", ""User0"", ""User2""]","[""Enterprise2"", ""Op_Server0"", ""User0"", ""User2""]","{""blue_first_relevant_response_after_critical"": 13, ""blue_first_relevant_response_after_enterprise"": 7, ""enterprise_foothold_step"": 5, ""first_critical_hit_step"": 12, ""window_end"": null, ""window_start"": null}"
ours_stage2_fair,11,stage1_pref_005_ckpt_191,semantic_aware,episode_002,1,1013,48,Q2_user_action_during_critical_breach,high,DecoySSHD,User2,User,Impact,Op_Server0,"[""Op_Server0""]","[""Op_Server0""]","[""Enterprise2"", ""Op_Server0"", ""User0"", ""User2""]","[""Enterprise2"", ""Op_Server0"", ""User0"", ""User2""]","{""blue_first_relevant_response_after_critical"": 13, ""blue_first_relevant_response_after_enterprise"": 7, ""enterprise_foothold_step"": 5, ""first_critical_hit_step"": 12, ""window_end"": null, ""window_start"": null}"
ours_stage2_fair,11,stage1_pref_005_ckpt_191,semantic_aware,episode_002,1,1013,95,Q2_user_action_during_critical_breach,high,DecoyHarakaSMPT,User3,User,Impact,Op_Server0,"[""Op_Server0""]","[""Op_Server0""]","[""Op_Server0"", ""User0"", ""User2""]","[""Op_Server0"", ""User0"", ""User2""]","{""blue_first_relevant_response_after_critical"": 13, ""blue_first_relevant_response_after_enterprise"": 7, ""enterprise_foothold_step"": 5, ""first_critical_hit_step"": 12, ""window_end"": null, ""window_start"": null}"
ours_stage2_fair,11,stage1_pref_005_ckpt_191,semantic_aware,episode_002,1,1013,99,Q2_user_action_during_critical_breach,high,Restore,User3,User,Impact,Op_Server0,"[""Op_Server0""]","[""Op_Server0""]","[""Op_Server0"", ""User0"", ""User2""]","[""Op_Server0"", ""User0"", ""User2""]","{""blue_first_relevant_response_after_critical"": 13, ""blue_first_relevant_response_after_enterprise"": 7, ""enterprise_foothold_step"": 5, ""first_critical_hit_step"": 12, ""window_end"": null, ""window_start"": null}"
ours_stage2_fair,11,stage1_pref_005_ckpt_191,semantic_aware,episode_002,2,2013,32,Q2_user_action_during_critical_breach,high,Restore,User3,User,Impact,Op_Server0,"[""Op_Server0""]","[""Op_Server0""]","[""Enterprise0"", ""Enterprise2"", ""Op_Server0"", ""User0"", ""User4""]","[""Enterprise0"", ""Enterprise2"", ""Op_Server0"", ""User0"", ""User4""]","{""blue_first_relevant_response_after_critical"": 13, ""blue_first_relevant_response_after_enterprise"": 7, ""enterprise_foothold_step"": 5, ""first_critical_hit_step"": 12, ""window_end"": null, ""window_start"": null}"
ours_stage2_fair,11,stage1_pref_005_ckpt_191,semantic_aware,episode_002,2,2013,45,Q2_user_action_during_critical_breach,high,Restore,User3,User,Impact,Op_Server0,"[""Op_Server0""]","[""Op_Server0""]","[""Enterprise0"", ""Enterprise2"", ""Op_Server0"", ""User0"", ""User4""]","[""Enterprise0"", ""Enterprise2"", ""Op_Server0"", ""User0"", ""User4""]","{""blue_first_relevant_response_after_critical"": 13, ""blue_first_relevant_response_after_enterprise"": 7, ""enterprise_foothold_step"": 5, ""first_critical_hit_step"": 12, ""window_end"": null, ""window_start"": null}"
ours_stage2_fair,11,stage1_pref_005_ckpt_191,semantic_aware,episode_002,2,2013,55,Q2_user_action_during_critical_breach,high,DecoyHarakaSMPT,User3,User,Impact,Op_Server0,"[""Op_Server0""]","[""Op_Server0""]","[""Enterprise0"", ""Enterprise2"", ""Op_Server0"", ""User0"", ""User4""]","[""Enterprise0"", ""Enterprise2"", ""Op_Server0"", ""User0"", ""User4""]","{""blue_first_relevant_response_after_critical"": 13, ""blue_first_relevant_response_after_enterprise"": 7, ""enterprise_foothold_step"": 5, ""first_critical_hit_step"": 12, ""window_end"": null, ""window_start"": null}"
ours_stage2_fair,11,stage1_pref_005_ckpt_191,semantic_aware,episode_002,2,2013,65,Q2_user_action_during_critical_breach,high,DecoyHarakaSMPT,User3,User,Impact,Op_Server0,"[""Op_Server0""]","[""Op_Server0""]","[""Enterprise0"", ""Op_Server0"", ""User0"", ""User4""]","[""Enterprise0"", ""Op_Server0"", ""User0"", ""User4""]","{""blue_first_relevant_response_after_critical"": 13, ""blue_first_relevant_response_after_enterprise"": 7, ""enterprise_foothold_step"": 5, ""first_critical_hit_step"": 12, ""window_end"": null, ""window_start"": null}"
ours_stage2_fair,11,stage1_pref_005_ckpt_191,semantic_aware,episode_002,2,2013,69,Q2_user_action_during_critical_breach,high,DecoyHarakaSMPT,User2,User,Impact,Op_Server0,"[""Op_Server0""]","[""Op_Server0""]","[""Enterprise0"", ""Op_Server0"", ""User0"", ""User4""]","[""Enterprise0"", ""Op_Server0"", ""User0"", ""User4""]","{""blue_first_relevant_response_after_critical"": 13, ""blue_first_relevant_response_after_enterprise"": 7, ""enterprise_foothold_step"": 5, ""first_critical_hit_step"": 12, ""window_end"": null, ""window_start"": null}"
ours_stage2_fair,11,stage1_pref_005_ckpt_191,semantic_aware,episode_002,2,2013,80,Q2_user_action_during_critical_breach,high,Restore,User3,User,Impact,Op_Server0,"[""Op_Server0""]","[""Op_Server0""]","[""Enterprise0"", ""Op_Server0"", ""User0"", ""User4""]","[""Enterprise0"", ""Op_Server0"", ""User0"", ""User4""]","{""blue_first_relevant_response_after_critical"": 13, ""blue_first_relevant_response_after_enterprise"": 7, ""enterprise_foothold_step"": 5, ""first_critical_hit_step"": 12, ""window_end"": null, ""window_start"": null}"
ours_stage2_fair,11,stage1_pref_005_ckpt_191,semantic_aware,episode_002,2,2013,88,Q2_user_action_during_critical_breach,high,DecoyHarakaSMPT,User2,User,Impact,Op_Server0,"[""Op_Server0""]","[""Op_Server0""]","[""Enterprise0"", ""Op_Server0"", ""User0"", ""User4""]","[""Enterprise0"", ""Op_Server0"", ""User0"", ""User4""]","{""blue_first_relevant_response_after_critical"": 13, ""blue_first_relevant_response_after_enterprise"": 7, ""enterprise_foothold_step"": 5, ""first_critical_hit_step"": 12, ""window_end"": null, ""window_start"": null}"
ours_stage2_fair,11,stage1_pref_005_ckpt_191,semantic_aware,episode_002,2,2013,96,Q2_user_action_during_critical_breach,high,Restore,User3,User,Impact,Op_Server0,"[""Op_Server0""]","[""Op_Server0""]","[""Enterprise0"", ""Op_Server0"", ""User0"", ""User4""]","[""Enterprise0"", ""Op_Server0"", ""User0"", ""User4""]","{""blue_first_relevant_response_after_critical"": 13, ""blue_first_relevant_response_after_enterprise"": 7, ""enterprise_foothold_step"": 5, ""first_critical_hit_step"": 12, ""window_end"": null, ""window_start"": null}"
ours_stage2_fair,11,stage1_pref_005_ckpt_191,semantic_aware,episode_002,3,3013,28,Q2_user_action_during_critical_breach,high,DecoyVsftpd,User0,User,Impact,Op_Server0,"[""Op_Server0""]","[""Op_Server0""]","[""Enterprise2"", ""Op_Server0"", ""User0"", ""User2""]","[""Enterprise2"", ""Op_Server0"", ""User0"", ""User2""]","{""blue_first_relevant_response_after_critical"": 13, ""blue_first_relevant_response_after_enterprise"": 6, ""enterprise_foothold_step"": 5, ""first_critical_hit_step"": 12, ""window_end"": null, ""window_start"": null}"
ours_stage2_fair,11,stage1_pref_005_ckpt_191,semantic_aware,episode_002,3,3013,55,Q2_user_action_during_critical_breach,high,Analyse,User0,User,Impact,Op_Server0,"[""Op_Server0""]","[""Op_Server0""]","[""Op_Server0"", ""User0"", ""User2""]","[""Op_Server0"", ""User0"", ""User2""]","{""blue_first_relevant_response_after_critical"": 13, ""blue_first_relevant_response_after_enterprise"": 6, ""enterprise_foothold_step"": 5, ""first_critical_hit_step"": 12, ""window_end"": null, ""window_start"": null}"
ours_stage2_fair,11,stage1_pref_005_ckpt_191,semantic_aware,episode_002,3,3013,67,Q2_user_action_during_critical_breach,high,Analyse,User0,User,Impact,Op_Server0,"[""Op_Server0""]","[""Op_Server0""]","[""Op_Server0"", ""User0"", ""User2""]","[""Op_Server0"", ""User0"", ""User2""]","{""blue_first_relevant_response_after_critical"": 13, ""blue_first_relevant_response_after_enterprise"": 6, ""enterprise_foothold_step"": 5, ""first_critical_hit_step"": 12, ""window_end"": null, ""window_start"": null}"
ours_stage2_fair,11,stage1_pref_005_ckpt_191,semantic_aware,episode_002,3,3013,69,Q2_user_action_during_critical_breach,high,DecoyHarakaSMPT,User3,User,Impact,Op_Server0,"[""Op_Server0""]","[""Op_Server0""]","[""Op_Server0"", ""User0"", ""User2""]","[""Op_Server0"", ""User0"", ""User2""]","{""blue_first_relevant_response_after_critical"": 13, ""blue_first_relevant_response_after_enterprise"": 6, ""enterprise_foothold_step"": 5, ""first_critical_hit_step"": 12, ""window_end"": null, ""window_start"": null}"
ours_stage2_fair,11,stage1_pref_005_ckpt_191,semantic_aware,episode_002,3,3013,75,Q2_user_action_during_critical_breach,high,Restore,User3,User,Impact,Op_Server0,"[""Op_Server0""]","[""Op_Server0""]","[""Op_Server0"", ""User0"", ""User2""]","[""Op_Server0"", ""User0"", ""User2""]","{""blue_first_relevant_response_after_critical"": 13, ""blue_first_relevant_response_after_enterprise"": 6, ""enterprise_foothold_step"": 5, ""first_critical_hit_step"": 12, ""window_end"": null, ""window_start"": null}"
ours_stage2_fair,11,stage1_pref_005_ckpt_191,semantic_aware,episode_002,3,3013,81,Q2_user_action_during_critical_breach,high,DecoyHarakaSMPT,User3,User,Impact,Op_Server0,"[""Op_Server0""]","[""Op_Server0""]","[""Op_Server0"", ""User0"", ""User2""]","[""Op_Server0"", ""User0"", ""User2""]","{""blue_first_relevant_response_after_critical"": 13, ""blue_first_relevant_response_after_enterprise"": 6, ""enterprise_foothold_step"": 5, ""first_critical_hit_step"": 12, ""window_end"": null, ""window_start"": null}"
ours_stage2_fair,11,stage1_pref_005_ckpt_191,semantic_aware,episode_002,3,3013,86,Q2_user_action_during_critical_breach,high,Restore,User3,User,Impact,Op_Server0,"[""Op_Server0""]","[""Op_Server0""]","[""Op_Server0"", ""User0"", ""User2""]","[""Op_Server0"", ""User0"", ""User2""]","{""blue_first_relevant_response_after_critical"": 13, ""blue_first_relevant_response_after_enterprise"": 6, ""enterprise_foothold_step"": 5, ""first_critical_hit_step"": 12, ""window_end"": null, ""window_start"": null}"
ours_stage2_fair,11,stage1_pref_005_ckpt_191,semantic_aware,episode_002,4,4013,62,Q2_user_action_during_critical_breach,high,DecoyVsftpd,User1,User,Impact,Op_Server0,"[""Op_Server0""]","[""Op_Server0""]","[""Enterprise2"", ""Op_Server0"", ""User0"", ""User2""]","[""Enterprise2"", ""Op_Server0"", ""User0"", ""User2""]","{""blue_first_relevant_response_after_critical"": 17, ""blue_first_relevant_response_after_enterprise"": 6, ""enterprise_foothold_step"": 5, ""first_critical_hit_step"": 16, ""window_end"": null, ""window_start"": null}"
ours_stage2_fair,11,stage1_pref_005_ckpt_191,semantic_aware,episode_002,4,4013,86,Q2_user_action_during_critical_breach,high,DecoyHarakaSMPT,User2,User,Impact,Op_Server0,"[""Op_Server0""]","[""Op_Server0""]","[""Enterprise2"", ""Op_Server0"", ""User0"", ""User2""]","[""Enterprise2"", ""Op_Server0"", ""User0"", ""User2""]","{""blue_first_relevant_response_after_critical"": 17, ""blue_first_relevant_response_after_enterprise"": 6, ""enterprise_foothold_step"": 5, ""first_critical_hit_step"": 16, ""window_end"": null, ""window_start"": null}"
ours_stage2_fair,11,stage1_pref_005_ckpt_191,semantic_aware,episode_002,4,4013,97,Q2_user_action_during_critical_breach,high,DecoyHarakaSMPT,User2,User,Impact,Op_Server0,"[""Op_Server0""]","[""Op_Server0""]","[""Op_Server0"", ""User0"", ""User2""]","[""Op_Server0"", ""User0"", ""User2""]","{""blue_first_relevant_response_after_critical"": 17, ""blue_first_relevant_response_after_enterprise"": 6, ""enterprise_foothold_step"": 5, ""first_critical_hit_step"": 16, ""window_end"": null, ""window_start"": null}"
ours_stage2_fair,11,stage1_pref_005_ckpt_191,semantic_aware,episode_002,5,5013,36,Q2_user_action_during_critical_breach,high,DecoyHarakaSMPT,User2,User,Impact,Op_Server0,"[""Op_Server0""]","[""Op_Server0""]","[""Enterprise0"", ""Enterprise2"", ""Op_Server0"", ""User0"", ""User3""]","[""Enterprise0"", ""Enterprise2"", ""Op_Server0"", ""User0"", ""User3""]","{""blue_first_relevant_response_after_critical"": 13, ""blue_first_relevant_response_after_enterprise"": 6, ""enterprise_foothold_step"": 5, ""first_critical_hit_step"": 12, ""window_end"": null, ""window_start"": null}"
ours_stage2_fair,11,stage1_pref_005_ckpt_191,semantic_aware,episode_002,5,5013,45,Q2_user_action_during_critical_breach,high,DecoyHarakaSMPT,User3,User,Impact,Op_Server0,"[""Op_Server0""]","[""Op_Server0""]","[""Enterprise0"", ""Enterprise2"", ""Op_Server0"", ""User0"", ""User3""]","[""Enterprise0"", ""Enterprise2"", ""Op_Server0"", ""User0"", ""User3""]","{""blue_first_relevant_response_after_critical"": 13, ""blue_first_relevant_response_after_enterprise"": 6, ""enterprise_foothold_step"": 5, ""first_critical_hit_step"": 12, ""window_end"": null, ""window_start"": null}"
ours_stage2_fair,11,stage1_pref_005_ckpt_191,semantic_aware,episode_002,5,5013,51,Q2_user_action_during_critical_breach,high,Restore,User3,User,Impact,Op_Server0,"[""Op_Server0""]","[""Op_Server0""]","[""Enterprise0"", ""Enterprise2"", ""Op_Server0"", ""User0"", ""User3""]","[""Enterprise0"", ""Enterprise2"", ""Op_Server0"", ""User0""]","{""blue_first_relevant_response_after_critical"": 13, ""blue_first_relevant_response_after_enterprise"": 6, ""enterprise_foothold_step"": 5, ""first_critical_hit_step"": 12, ""window_end"": null, ""window_start"": null}"
ours_stage2_fair,11,stage1_pref_005_ckpt_191,semantic_aware,episode_002,5,5013,52,Q2_user_action_during_critical_breach,high,DecoyHarakaSMPT,User2,User,Impact,Op_Server0,"[""Op_Server0""]","[""Op_Server0""]","[""Enterprise0"", ""Enterprise2"", ""Op_Server0"", ""User0""]","[""Enterprise0"", ""Enterprise2"", ""Op_Server0"", ""User0""]","{""blue_first_relevant_response_after_critical"": 13, ""blue_first_relevant_response_after_enterprise"": 6, ""enterprise_foothold_step"": 5, ""first_critical_hit_step"": 12, ""window_end"": null, ""window_start"": null}"
ours_stage2_fair,11,stage1_pref_005_ckpt_191,semantic_aware,episode_002,5,5013,66,Q2_user_action_during_critical_breach,high,DecoySSHD,User2,User,Impact,Op_Server0,"[""Op_Server0""]","[""Op_Server0""]","[""Enterprise0"", ""Enterprise2"", ""Op_Server0"", ""User0""]","[""Enterprise0"", ""Enterprise2"", ""Op_Server0"", ""User0""]","{""blue_first_relevant_response_after_critical"": 13, ""blue_first_relevant_response_after_enterprise"": 6, ""enterprise_foothold_step"": 5, ""first_critical_hit_step"": 12, ""window_end"": null, ""window_start"": null}"
ours_stage2_fair,11,stage1_pref_005_ckpt_191,semantic_aware,episode_002,5,5013,88,Q2_user_action_during_critical_breach,high,Analyse,User0,User,Impact,Op_Server0,"[""Op_Server0""]","[""Op_Server0""]","[""Enterprise0"", ""Op_Server0"", ""User0""]","[""Enterprise0"", ""Op_Server0"", ""User0""]","{""blue_first_relevant_response_after_critical"": 13, ""blue_first_relevant_response_after_enterprise"": 6, ""enterprise_foothold_step"": 5, ""first_critical_hit_step"": 12, ""window_end"": null, ""window_start"": null}"
ours_stage2_fair,11,stage1_pref_005_ckpt_191,semantic_aware,episode_002,6,6013,54,Q2_user_action_during_critical_breach,high,Restore,User3,User,Impact,Op_Server0,"[""Op_Server0""]","[""Op_Server0""]","[""Enterprise2"", ""Op_Server0"", ""User0"", ""User2""]","[""Enterprise2"", ""Op_Server0"", ""User0"", ""User2""]","{""blue_first_relevant_response_after_critical"": 39, ""blue_first_relevant_response_after_enterprise"": 6, ""enterprise_foothold_step"": 5, ""first_critical_hit_step"": 38, ""window_end"": null, ""window_start"": null}"
ours_stage2_fair,11,stage1_pref_005_ckpt_191,semantic_aware,episode_002,6,6013,64,Q2_user_action_during_critical_breach,high,Restore,User3,User,Impact,Op_Server0,"[""Op_Server0""]","[""Op_Server0""]","[""Enterprise2"", ""Op_Server0"", ""User0"", ""User2""]","[""Enterprise2"", ""Op_Server0"", ""User0"", ""User2""]","{""blue_first_relevant_response_after_critical"": 39, ""blue_first_relevant_response_after_enterprise"": 6, ""enterprise_foothold_step"": 5, ""first_critical_hit_step"": 38, ""window_end"": null, ""window_start"": null}"
ours_stage2_fair,11,stage1_pref_005_ckpt_191,semantic_aware,episode_002,6,6013,65,Q2_user_action_during_critical_breach,high,DecoyVsftpd,User1,User,Impact,Op_Server0,"[""Op_Server0""]","[""Op_Server0""]","[""Enterprise2"", ""Op_Server0"", ""User0"", ""User2""]","[""Enterprise2"", ""Op_Server0"", ""User0"", ""User2""]","{""blue_first_relevant_response_after_critical"": 39, ""blue_first_relevant_response_after_enterprise"": 6, ""enterprise_foothold_step"": 5, ""first_critical_hit_step"": 38, ""window_end"": null, ""window_start"": null}"
ours_stage2_fair,11,stage1_pref_005_ckpt_191,semantic_aware,episode_002,6,6013,76,Q2_user_action_during_critical_breach,high,Restore,User3,User,Impact,Op_Server0,"[""Op_Server0""]","[""Op_Server0""]","[""Enterprise2"", ""Op_Server0"", ""User0"", ""User2""]","[""Enterprise2"", ""Op_Server0"", ""User0"", ""User2""]","{""blue_first_relevant_response_after_critical"": 39, ""blue_first_relevant_response_after_enterprise"": 6, ""enterprise_foothold_step"": 5, ""first_critical_hit_step"": 38, ""window_end"": null, ""window_start"": null}"
ours_stage2_fair,11,stage1_pref_005_ckpt_191,semantic_aware,episode_002,6,6013,83,Q2_user_action_during_critical_breach,high,Analyse,User0,User,Impact,Op_Server0,"[""Op_Server0""]","[""Op_Server0""]","[""Enterprise2"", ""Op_Server0"", ""User0"", ""User2""]","[""Enterprise2"", ""Op_Server0"", ""User0"", ""User2""]","{""blue_first_relevant_response_after_critical"": 39, ""blue_first_relevant_response_after_enterprise"": 6, ""enterprise_foothold_step"": 5, ""first_critical_hit_step"": 38, ""window_end"": null, ""window_start"": null}"
ours_stage2_fair,11,stage1_pref_005_ckpt_191,semantic_aware,episode_002,6,6013,90,Q2_user_action_during_critical_breach,high,DecoyFemitter,User0,User,Impact,Op_Server0,"[""Op_Server0""]","[""Op_Server0""]","[""Enterprise2"", ""Op_Server0"", ""User0"", ""User2""]","[""Enterprise2"", ""Op_Server0"", ""User0"", ""User2""]","{""blue_first_relevant_response_after_critical"": 39, ""blue_first_relevant_response_after_enterprise"": 6, ""enterprise_foothold_step"": 5, ""first_critical_hit_step"": 38, ""window_end"": null, ""window_start"": null}"
ours_stage2_fair,11,stage1_pref_005_ckpt_191,semantic_aware,episode_002,6,6013,95,Q2_user_action_during_critical_breach,high,Restore,User3,User,Impact,Op_Server0,"[""Op_Server0""]","[""Op_Server0""]","[""Enterprise2"", ""Op_Server0"", ""User0"", ""User2""]","[""Enterprise2"", ""Op_Server0"", ""User0"", ""User2""]","{""blue_first_relevant_response_after_critical"": 39, ""blue_first_relevant_response_after_enterprise"": 6, ""enterprise_foothold_step"": 5, ""first_critical_hit_step"": 38, ""window_end"": null, ""window_start"": null}"
ours_stage2_fair,11,stage1_pref_005_ckpt_191,semantic_aware,episode_002,7,7013,35,Q2_user_action_during_critical_breach,high,DecoyHarakaSMPT,User3,User,Impact,Op_Server0,"[""Op_Server0""]","[""Op_Server0""]","[""Enterprise2"", ""Op_Server0"", ""User0"", ""User2""]","[""Enterprise2"", ""Op_Server0"", ""User0"", ""User2""]","{""blue_first_relevant_response_after_critical"": 13, ""blue_first_relevant_response_after_enterprise"": 6, ""enterprise_foothold_step"": 5, ""first_critical_hit_step"": 12, ""window_end"": null, ""window_start"": null}"
ours_stage2_fair,11,stage1_pref_005_ckpt_191,semantic_aware,episode_002,7,7013,42,Q2_user_action_during_critical_breach,high,Restore,User3,User,Impact,Op_Server0,"[""Op_Server0""]","[""Op_Server0""]","[""Enterprise2"", ""Op_Server0"", ""User0"", ""User2""]","[""Enterprise2"", ""Op_Server0"", ""User0"", ""User2""]","{""blue_first_relevant_response_after_critical"": 13, ""blue_first_relevant_response_after_enterprise"": 6, ""enterprise_foothold_step"": 5, ""first_critical_hit_step"": 12, ""window_end"": null, ""window_start"": null}"
ours_stage2_fair,11,stage1_pref_005_ckpt_191,semantic_aware,episode_002,7,7013,57,Q2_user_action_during_critical_breach,high,Analyse,User0,User,Impact,Op_Server0,"[""Op_Server0""]","[""Op_Server0""]","[""Enterprise2"", ""Op_Server0"", ""User0"", ""User2""]","[""Enterprise2"", ""Op_Server0"", ""User0"", ""User2""]","{""blue_first_relevant_response_after_critical"": 13, ""blue_first_relevant_response_after_enterprise"": 6, ""enterprise_foothold_step"": 5, ""first_critical_hit_step"": 12, ""window_end"": null, ""window_start"": null}"
ours_stage2_fair,11,stage1_pref_005_ckpt_191,semantic_aware,episode_002,7,7013,85,Q2_user_action_during_critical_breach,high,Restore,User3,User,Impact,Op_Server0,"[""Op_Server0""]","[""Op_Server0""]","[""Op_Server0"", ""User0"", ""User2""]","[""Op_Server0"", ""User0"", ""User2""]","{""blue_first_relevant_response_after_critical"": 13, ""blue_first_relevant_response_after_enterprise"": 6, ""enterprise_foothold_step"": 5, ""first_critical_hit_step"": 12, ""window_end"": null, ""window_start"": null}"
ours_stage2_fair,11,stage1_pref_005_ckpt_191,semantic_aware,episode_002,7,7013,90,Q2_user_action_during_critical_breach,high,Restore,User3,User,Impact,Op_Server0,"[""Op_Server0""]","[""Op_Server0""]","[""Op_Server0"", ""User0"", ""User2""]","[""Op_Server0"", ""User0"", ""User2""]","{""blue_first_relevant_response_after_critical"": 13, ""blue_first_relevant_response_after_enterprise"": 6, ""enterprise_foothold_step"": 5, ""first_critical_hit_step"": 12, ""window_end"": null, ""window_start"": null}"
ours_stage2_fair,11,stage1_pref_005_ckpt_191,semantic_aware,episode_002,7,7013,91,Q2_user_action_during_critical_breach,high,DecoyHarakaSMPT,User3,User,Impact,Op_Server0,"[""Op_Server0""]","[""Op_Server0""]","[""Op_Server0"", ""User0"", ""User2""]","[""Op_Server0"", ""User0"", ""User2""]","{""blue_first_relevant_response_after_critical"": 13, ""blue_first_relevant_response_after_enterprise"": 6, ""enterprise_foothold_step"": 5, ""first_critical_hit_step"": 12, ""window_end"": null, ""window_start"": null}"
ours_stage2_fair,11,stage1_pref_005_ckpt_191,semantic_aware,episode_003,0,14,17,Q2_user_action_during_critical_breach,high,DecoyHarakaSMPT,User3,User,PrivilegeEscalate,Op_Server0,"[""Op_Server0""]","[""Op_Server0""]","[""Enterprise0"", ""Enterprise2"", ""Op_Server0"", ""User0"", ""User4""]","[""Enterprise0"", ""Enterprise2"", ""Op_Server0"", ""User0"", ""User4""]","{""blue_first_relevant_response_after_critical"": 19, ""blue_first_relevant_response_after_enterprise"": 11, ""enterprise_foothold_step"": 9, ""first_critical_hit_step"": 16, ""window_end"": null, ""window_start"": null}"
ours_stage2_fair,11,stage1_pref_005_ckpt_191,semantic_aware,episode_003,0,14,22,Q2_user_action_during_critical_breach,high,Restore,User3,User,Impact,Op_Server0,"[""Op_Server0""]","[""Op_Server0""]","[""Enterprise0"", ""Enterprise2"", ""Op_Server0"", ""User0"", ""User4""]","[""Enterprise0"", ""Enterprise2"", ""Op_Server0"", ""User0"", ""User4""]","{""blue_first_relevant_response_after_critical"": 19, ""blue_first_relevant_response_after_enterprise"": 11, ""enterprise_foothold_step"": 9, ""first_critical_hit_step"": 16, ""window_end"": null, ""window_start"": null}"
ours_stage2_fair,11,stage1_pref_005_ckpt_191,semantic_aware,episode_003,0,14,26,Q2_user_action_during_critical_breach,high,Restore,User3,User,Impact,Op_Server0,"[""Op_Server0""]","[""Op_Server0""]","[""Enterprise0"", ""Enterprise2"", ""Op_Server0"", ""User0"", ""User4""]","[""Enterprise0"", ""Enterprise2"", ""Op_Server0"", ""User0"", ""User4""]","{""blue_first_relevant_response_after_critical"": 19, ""blue_first_relevant_response_after_enterprise"": 11, ""enterprise_foothold_step"": 9, ""first_critical_hit_step"": 16, ""window_end"": null, ""window_start"": null}"
ours_stage2_fair,11,stage1_pref_005_ckpt_191,semantic_aware,episode_003,0,14,30,Q2_user_action_during_critical_breach,high,Restore,User3,User,Impact,Op_Server0,"[""Op_Server0""]","[""Op_Server0""]","[""Enterprise0"", ""Enterprise2"", ""Op_Server0"", ""User0"", ""User4""]","[""Enterprise0"", ""Enterprise2"", ""Op_Server0"", ""User0"", ""User4""]","{""blue_first_relevant_response_after_critical"": 19, ""blue_first_relevant_response_after_enterprise"": 11, ""enterprise_foothold_step"": 9, ""first_critical_hit_step"": 16, ""window_end"": null, ""window_start"": null}"
ours_stage2_fair,11,stage1_pref_005_ckpt_191,semantic_aware,episode_003,0,14,57,Q2_user_action_during_critical_breach,high,Restore,User3,User,Impact,Op_Server0,"[""Op_Server0""]","[""Op_Server0""]","[""Enterprise0"", ""Enterprise2"", ""Op_Server0"", ""User0"", ""User4""]","[""Enterprise0"", ""Enterprise2"", ""Op_Server0"", ""User0"", ""User4""]","{""blue_first_relevant_response_after_critical"": 19, ""blue_first_relevant_response_after_enterprise"": 11, ""enterprise_foothold_step"": 9, ""first_critical_hit_step"": 16, ""window_end"": null, ""window_start"": null}"
ours_stage2_fair,11,stage1_pref_005_ckpt_191,semantic_aware,episode_003,0,14,66,Q2_user_action_during_critical_breach,high,Analyse,User0,User,Impact,Op_Server0,"[""Op_Server0""]","[""Op_Server0""]","[""Enterprise0"", ""Enterprise2"", ""Op_Server0"", ""User0"", ""User4""]","[""Enterprise0"", ""Enterprise2"", ""Op_Server0"", ""User0"", ""User4""]","{""blue_first_relevant_response_after_critical"": 19, ""blue_first_relevant_response_after_enterprise"": 11, ""enterprise_foothold_step"": 9, ""first_critical_hit_step"": 16, ""window_end"": null, ""window_start"": null}"
ours_stage2_fair,11,stage1_pref_005_ckpt_191,semantic_aware,episode_003,0,14,80,Q2_user_action_during_critical_breach,high,DecoyHarakaSMPT,User3,User,Impact,Op_Server0,"[""Op_Server0""]","[""Op_Server0""]","[""Enterprise0"", ""Enterprise2"", ""Op_Server0"", ""User0"", ""User4""]","[""Enterprise0"", ""Enterprise2"", ""Op_Server0"", ""User0"", ""User4""]","{""blue_first_relevant_response_after_critical"": 19, ""blue_first_relevant_response_after_enterprise"": 11, ""enterprise_foothold_step"": 9, ""first_critical_hit_step"": 16, ""window_end"": null, ""window_start"": null}"
ours_stage2_fair,11,stage1_pref_005_ckpt_191,semantic_aware,episode_003,0,14,83,Q2_user_action_during_critical_breach,high,Restore,User3,User,Impact,Op_Server0,"[""Op_Server0""]","[""Op_Server0""]","[""Enterprise0"", ""Enterprise2"", ""Op_Server0"", ""User0"", ""User4""]","[""Enterprise0"", ""Enterprise2"", ""Op_Server0"", ""User0"", ""User4""]","{""blue_first_relevant_response_after_critical"": 19, ""blue_first_relevant_response_after_enterprise"": 11, ""enterprise_foothold_step"": 9, ""first_critical_hit_step"": 16, ""window_end"": null, ""window_start"": null}"
ours_stage2_fair,11,stage1_pref_005_ckpt_191,semantic_aware,episode_003,0,14,91,Q2_user_action_during_critical_breach,high,DecoyHarakaSMPT,User2,User,Impact,Op_Server0,"[""Op_Server0""]","[""Op_Server0""]","[""Enterprise0"", ""Enterprise2"", ""Op_Server0"", ""User0"", ""User4""]","[""Enterprise0"", ""Enterprise2"", ""Op_Server0"", ""User0"", ""User4""]","{""blue_first_relevant_response_after_critical"": 19, ""blue_first_relevant_response_after_enterprise"": 11, ""enterprise_foothold_step"": 9, ""first_critical_hit_step"": 16, ""window_end"": null, ""window_start"": null}"
ours_stage2_fair,11,stage1_pref_005_ckpt_191,semantic_aware,episode_003,1,1014,37,Q2_user_action_during_critical_breach,high,Restore,User3,User,Impact,Op_Server0,"[""Op_Server0""]","[""Op_Server0""]","[""Op_Server0"", ""User0"", ""User1""]","[""Op_Server0"", ""User0"", ""User1""]","{""blue_first_relevant_response_after_critical"": 13, ""blue_first_relevant_response_after_enterprise"": 7, ""enterprise_foothold_step"": 5, ""first_critical_hit_step"": 12, ""window_end"": null, ""window_start"": null}"
ours_stage2_fair,11,stage1_pref_005_ckpt_191,semantic_aware,episode_003,1,1014,46,Q2_user_action_during_critical_breach,high,DecoySSHD,User1,User,Impact,Op_Server0,"[""Op_Server0""]","[""Op_Server0""]","[""Op_Server0"", ""User0"", ""User1""]","[""Op_Server0"", ""User0"", ""User1""]","{""blue_first_relevant_response_after_critical"": 13, ""blue_first_relevant_response_after_enterprise"": 7, ""enterprise_foothold_step"": 5, ""first_critical_hit_step"": 12, ""window_end"": null, ""window_start"": null}"
ours_stage2_fair,11,stage1_pref_005_ckpt_191,semantic_aware,episode_003,1,1014,58,Q2_user_action_during_critical_breach,high,DecoySSHD,User2,User,Impact,Op_Server0,"[""Op_Server0""]","[""Op_Server0""]","[""Op_Server0"", ""User0"", ""User1""]","[""Op_Server0"", ""User0"", ""User1""]","{""blue_first_relevant_response_after_critical"": 13, ""blue_first_relevant_response_after_enterprise"": 7, ""enterprise_foothold_step"": 5, ""first_critical_hit_step"": 12, ""window_end"": null, ""window_start"": null}"
ours_stage2_fair,11,stage1_pref_005_ckpt_191,semantic_aware,episode_003,1,1014,68,Q2_user_action_during_critical_breach,high,DecoyHarakaSMPT,User2,User,Impact,Op_Server0,"[""Op_Server0""]","[""Op_Server0""]","[""Op_Server0"", ""User0"", ""User1""]","[""Op_Server0"", ""User0"", ""User1""]","{""blue_first_relevant_response_after_critical"": 13, ""blue_first_relevant_response_after_enterprise"": 7, ""enterprise_foothold_step"": 5, ""first_critical_hit_step"": 12, ""window_end"": null, ""window_start"": null}"
ours_stage2_fair,11,stage1_pref_005_ckpt_191,semantic_aware,episode_003,1,1014,77,Q2_user_action_during_critical_breach,high,DecoyVsftpd,User0,User,Impact,Op_Server0,"[""Op_Server0""]","[""Op_Server0""]","[""Op_Server0"", ""User0"", ""User1""]","[""Op_Server0"", ""User0"", ""User1""]","{""blue_first_relevant_response_after_critical"": 13, ""blue_first_relevant_response_after_enterprise"": 7, ""enterprise_foothold_step"": 5, ""first_critical_hit_step"": 12, ""window_end"": null, ""window_start"": null}"
ours_stage2_fair,11,stage1_pref_005_ckpt_191,semantic_aware,episode_003,2,2014,25,Q2_user_action_during_critical_breach,high,Restore,User3,User,Impact,Op_Server0,"[""Op_Server0""]","[""Op_Server0""]","[""Enterprise1"", ""Enterprise2"", ""Op_Server0"", ""User0"", ""User2""]","[""Enterprise1"", ""Enterprise2"", ""Op_Server0"", ""User0"", ""User2""]","{""blue_first_relevant_response_after_critical"": 24, ""blue_first_relevant_response_after_enterprise"": 6, ""enterprise_foothold_step"": 5, ""first_critical_hit_step"": 23, ""window_end"": null, ""window_start"": null}"
ours_stage2_fair,11,stage1_pref_005_ckpt_191,semantic_aware,episode_003,2,2014,26,Q2_user_action_during_critical_breach,high,Restore,User3,User,Impact,Op_Server0,"[""Op_Server0""]","[""Op_Server0""]","[""Enterprise1"", ""Enterprise2"", ""Op_Server0"", ""User0"", ""User2""]","[""Enterprise1"", ""Enterprise2"", ""Op_Server0"", ""User0"", ""User2""]","{""blue_first_relevant_response_after_critical"": 24, ""blue_first_relevant_response_after_enterprise"": 6, ""enterprise_foothold_step"": 5, ""first_critical_hit_step"": 23, ""window_end"": null, ""window_start"": null}"
ours_stage2_fair,11,stage1_pref_005_ckpt_191,semantic_aware,episode_003,2,2014,27,Q2_user_action_during_critical_breach,high,DecoyHarakaSMPT,User3,User,Impact,Op_Server0,"[""Op_Server0""]","[""Op_Server0""]","[""Enterprise1"", ""Enterprise2"", ""Op_Server0"", ""User0"", ""User2""]","[""Enterprise1"", ""Enterprise2"", ""Op_Server0"", ""User0"", ""User2""]","{""blue_first_relevant_response_after_critical"": 24, ""blue_first_relevant_response_after_enterprise"": 6, ""enterprise_foothold_step"": 5, ""first_critical_hit_step"": 23, ""window_end"": null, ""window_start"": null}"
ours_stage2_fair,11,stage1_pref_005_ckpt_191,semantic_aware,episode_003,2,2014,32,Q2_user_action_during_critical_breach,high,Restore,User3,User,Impact,Op_Server0,"[""Op_Server0""]","[""Op_Server0""]","[""Enterprise1"", ""Enterprise2"", ""Op_Server0"", ""User0"", ""User2""]","[""Enterprise1"", ""Enterprise2"", ""Op_Server0"", ""User0"", ""User2""]","{""blue_first_relevant_response_after_critical"": 24, ""blue_first_relevant_response_after_enterprise"": 6, ""enterprise_foothold_step"": 5, ""first_critical_hit_step"": 23, ""window_end"": null, ""window_start"": null}"
ours_stage2_fair,11,stage1_pref_005_ckpt_191,semantic_aware,episode_003,2,2014,25,Q4_user_focus_after_enterprise_foothold,medium,Restore,User3,User,Impact,Op_Server0,"[""Op_Server0""]","[""Op_Server0""]","[""Enterprise1"", ""Enterprise2"", ""Op_Server0"", ""User0"", ""User2""]","[""Enterprise1"", ""Enterprise2"", ""Op_Server0"", ""User0"", ""User2""]","{""blue_first_relevant_response_after_critical"": 24, ""blue_first_relevant_response_after_enterprise"": 6, ""enterprise_foothold_step"": 5, ""first_critical_hit_step"": 23, ""window_end"": 27, ""window_start"": 25}"
ours_stage2_fair,11,stage1_pref_005_ckpt_191,semantic_aware,episode_003,3,3014,20,Q2_user_action_during_critical_breach,high,Restore,User3,User,Impact,Op_Server0,"[""Op_Server0""]","[""Op_Server0""]","[""Enterprise2"", ""Op_Server0"", ""User0"", ""User2""]","[""Enterprise2"", ""Op_Server0"", ""User0"", ""User2""]","{""blue_first_relevant_response_after_critical"": 13, ""blue_first_relevant_response_after_enterprise"": 6, ""enterprise_foothold_step"": 5, ""first_critical_hit_step"": 12, ""window_end"": null, ""window_start"": null}"
ours_stage2_fair,11,stage1_pref_005_ckpt_191,semantic_aware,episode_003,3,3014,44,Q2_user_action_during_critical_breach,high,DecoyHarakaSMPT,User2,User,Impact,Op_Server0,"[""Op_Server0""]","[""Op_Server0""]","[""Op_Server0"", ""User0"", ""User2""]","[""Op_Server0"", ""User0"", ""User2""]","{""blue_first_relevant_response_after_critical"": 13, ""blue_first_relevant_response_after_enterprise"": 6, ""enterprise_foothold_step"": 5, ""first_critical_hit_step"": 12, ""window_end"": null, ""window_start"": null}"
ours_stage2_fair,11,stage1_pref_005_ckpt_191,semantic_aware,episode_003,3,3014,70,Q2_user_action_during_critical_breach,high,DecoyHarakaSMPT,User2,User,Impact,Op_Server0,"[""Op_Server0""]","[""Op_Server0""]","[""Enterprise2"", ""Op_Server0"", ""User0"", ""User2""]","[""Enterprise2"", ""Op_Server0"", ""User0"", ""User2""]","{""blue_first_relevant_response_after_critical"": 13, ""blue_first_relevant_response_after_enterprise"": 6, ""enterprise_foothold_step"": 5, ""first_critical_hit_step"": 12, ""window_end"": null, ""window_start"": null}"
ours_stage2_fair,11,stage1_pref_005_ckpt_191,semantic_aware,episode_003,3,3014,71,Q2_user_action_during_critical_breach,high,DecoySSHD,User2,User,Impact,Op_Server0,"[""Op_Server0""]","[""Op_Server0""]","[""Enterprise2"", ""Op_Server0"", ""User0"", ""User2""]","[""Enterprise2"", ""Op_Server0"", ""User0"", ""User2""]","{""blue_first_relevant_response_after_critical"": 13, ""blue_first_relevant_response_after_enterprise"": 6, ""enterprise_foothold_step"": 5, ""first_critical_hit_step"": 12, ""window_end"": null, ""window_start"": null}"
ours_stage2_fair,11,stage1_pref_005_ckpt_191,semantic_aware,episode_003,3,3014,76,Q2_user_action_during_critical_breach,high,DecoyHarakaSMPT,User2,User,Impact,Op_Server0,"[""Op_Server0""]","[""Op_Server0""]","[""Enterprise2"", ""Op_Server0"", ""User0"", ""User2""]","[""Enterprise2"", ""Op_Server0"", ""User0"", ""User2""]","{""blue_first_relevant_response_after_critical"": 13, ""blue_first_relevant_response_after_enterprise"": 6, ""enterprise_foothold_step"": 5, ""first_critical_hit_step"": 12, ""window_end"": null, ""window_start"": null}"
ours_stage2_fair,11,stage1_pref_005_ckpt_191,semantic_aware,episode_003,3,3014,79,Q2_user_action_during_critical_breach,high,Restore,User3,User,Impact,Op_Server0,"[""Op_Server0""]","[""Op_Server0""]","[""Enterprise2"", ""Op_Server0"", ""User0"", ""User2""]","[""Enterprise2"", ""Op_Server0"", ""User0"", ""User2""]","{""blue_first_relevant_response_after_critical"": 13, ""blue_first_relevant_response_after_enterprise"": 6, ""enterprise_foothold_step"": 5, ""first_critical_hit_step"": 12, ""window_end"": null, ""window_start"": null}"
ours_stage2_fair,11,stage1_pref_005_ckpt_191,semantic_aware,episode_003,3,3014,81,Q2_user_action_during_critical_breach,high,Restore,User3,User,Impact,Op_Server0,"[""Op_Server0""]","[""Op_Server0""]","[""Enterprise2"", ""Op_Server0"", ""User0"", ""User2""]","[""Enterprise2"", ""Op_Server0"", ""User0"", ""User2""]","{""blue_first_relevant_response_after_critical"": 13, ""blue_first_relevant_response_after_enterprise"": 6, ""enterprise_foothold_step"": 5, ""first_critical_hit_step"": 12, ""window_end"": null, ""window_start"": null}"
ours_stage2_fair,11,stage1_pref_005_ckpt_191,semantic_aware,episode_003,4,4014,22,Q2_user_action_during_critical_breach,high,Restore,User3,User,Impact,Op_Server0,"[""Op_Server0""]","[""Op_Server0""]","[""Op_Server0"", ""User0"", ""User1""]","[""Op_Server0"", ""User0"", ""User1""]","{""blue_first_relevant_response_after_critical"": 13, ""blue_first_relevant_response_after_enterprise"": 6, ""enterprise_foothold_step"": 5, ""first_critical_hit_step"": 12, ""window_end"": null, ""window_start"": null}"
ours_stage2_fair,11,stage1_pref_005_ckpt_191,semantic_aware,episode_003,4,4014,25,Q2_user_action_during_critical_breach,high,DecoyHarakaSMPT,User2,User,Impact,Op_Server0,"[""Op_Server0""]","[""Op_Server0""]","[""Op_Server0"", ""User0"", ""User1""]","[""Op_Server0"", ""User0"", ""User1""]","{""blue_first_relevant_response_after_critical"": 13, ""blue_first_relevant_response_after_enterprise"": 6, ""enterprise_foothold_step"": 5, ""first_critical_hit_step"": 12, ""window_end"": null, ""window_start"": null}"
ours_stage2_fair,11,stage1_pref_005_ckpt_191,semantic_aware,episode_003,4,4014,29,Q2_user_action_during_critical_breach,high,DecoyHarakaSMPT,User4,User,Impact,Op_Server0,"[""Op_Server0""]","[""Op_Server0""]","[""Op_Server0"", ""User0"", ""User1""]","[""Op_Server0"", ""User0"", ""User1""]","{""blue_first_relevant_response_after_critical"": 13, ""blue_first_relevant_response_after_enterprise"": 6, ""enterprise_foothold_step"": 5, ""first_critical_hit_step"": 12, ""window_end"": null, ""window_start"": null}"
ours_stage2_fair,11,stage1_pref_005_ckpt_191,semantic_aware,episode_003,4,4014,36,Q2_user_action_during_critical_breach,high,DecoyHarakaSMPT,User2,User,Impact,Op_Server0,"[""Op_Server0""]","[""Op_Server0""]","[""Op_Server0"", ""User0"", ""User1""]","[""Op_Server0"", ""User0"", ""User1""]","{""blue_first_relevant_response_after_critical"": 13, ""blue_first_relevant_response_after_enterprise"": 6, ""enterprise_foothold_step"": 5, ""first_critical_hit_step"": 12, ""window_end"": null, ""window_start"": null}"
ours_stage2_fair,11,stage1_pref_005_ckpt_191,semantic_aware,episode_003,4,4014,44,Q2_user_action_during_critical_breach,high,Restore,User3,User,Impact,Op_Server0,"[""Op_Server0""]","[""Op_Server0""]","[""Op_Server0"", ""User0"", ""User1""]","[""Op_Server0"", ""User0"", ""User1""]","{""blue_first_relevant_response_after_critical"": 13, ""blue_first_relevant_response_after_enterprise"": 6, ""enterprise_foothold_step"": 5, ""first_critical_hit_step"": 12, ""window_end"": null, ""window_start"": null}"
ours_stage2_fair,11,stage1_pref_005_ckpt_191,semantic_aware,episode_003,4,4014,60,Q2_user_action_during_critical_breach,high,Restore,User3,User,Impact,Op_Server0,"[""Op_Server0""]","[""Op_Server0""]","[""Op_Server0"", ""User0"", ""User1""]","[""Op_Server0"", ""User0"", ""User1""]","{""blue_first_relevant_response_after_critical"": 13, ""blue_first_relevant_response_after_enterprise"": 6, ""enterprise_foothold_step"": 5, ""first_critical_hit_step"": 12, ""window_end"": null, ""window_start"": null}"
ours_stage2_fair,11,stage1_pref_005_ckpt_191,semantic_aware,episode_003,4,4014,88,Q2_user_action_during_critical_breach,high,Restore,User3,User,Impact,Op_Server0,"[""Op_Server0""]","[""Op_Server0""]","[""Enterprise2"", ""Op_Server0"", ""User0"", ""User1""]","[""Enterprise2"", ""Op_Server0"", ""User0"", ""User1""]","{""blue_first_relevant_response_after_critical"": 13, ""blue_first_relevant_response_after_enterprise"": 6, ""enterprise_foothold_step"": 5, ""first_critical_hit_step"": 12, ""window_end"": null, ""window_start"": null}"
ours_stage2_fair,11,stage1_pref_005_ckpt_191,semantic_aware,episode_003,5,5014,15,Q2_user_action_during_critical_breach,high,Restore,User3,User,Impact,Op_Server0,"[""Op_Server0""]","[""Op_Server0""]","[""Enterprise2"", ""Op_Server0"", ""User0"", ""User2""]","[""Enterprise2"", ""Op_Server0"", ""User0"", ""User2""]","{""blue_first_relevant_response_after_critical"": 13, ""blue_first_relevant_response_after_enterprise"": 6, ""enterprise_foothold_step"": 5, ""first_critical_hit_step"": 12, ""window_end"": null, ""window_start"": null}"
ours_stage2_fair,11,stage1_pref_005_ckpt_191,semantic_aware,episode_003,5,5014,17,Q2_user_action_during_critical_breach,high,Restore,User3,User,Impact,Op_Server0,"[""Op_Server0""]","[""Op_Server0""]","[""Enterprise2"", ""Op_Server0"", ""User0"", ""User2""]","[""Enterprise2"", ""Op_Server0"", ""User0"", ""User2""]","{""blue_first_relevant_response_after_critical"": 13, ""blue_first_relevant_response_after_enterprise"": 6, ""enterprise_foothold_step"": 5, ""first_critical_hit_step"": 12, ""window_end"": null, ""window_start"": null}"
ours_stage2_fair,11,stage1_pref_005_ckpt_191,semantic_aware,episode_003,5,5014,31,Q2_user_action_during_critical_breach,high,DecoySmss,User1,User,Impact,Op_Server0,"[""Op_Server0""]","[""Op_Server0""]","[""Op_Server0"", ""User0"", ""User2""]","[""Op_Server0"", ""User0"", ""User2""]","{""blue_first_relevant_response_after_critical"": 13, ""blue_first_relevant_response_after_enterprise"": 6, ""enterprise_foothold_step"": 5, ""first_critical_hit_step"": 12, ""window_end"": null, ""window_start"": null}"
ours_stage2_fair,11,stage1_pref_005_ckpt_191,semantic_aware,episode_003,5,5014,44,Q2_user_action_during_critical_breach,high,Analyse,User0,User,Impact,Op_Server0,"[""Op_Server0""]","[""Op_Server0""]","[""Enterprise2"", ""Op_Server0"", ""User0"", ""User2""]","[""Enterprise2"", ""Op_Server0"", ""User0"", ""User2""]","{""blue_first_relevant_response_after_critical"": 13, ""blue_first_relevant_response_after_enterprise"": 6, ""enterprise_foothold_step"": 5, ""first_critical_hit_step"": 12, ""window_end"": null, ""window_start"": null}"
ours_stage2_fair,11,stage1_pref_005_ckpt_191,semantic_aware,episode_003,5,5014,90,Q2_user_action_during_critical_breach,high,DecoyHarakaSMPT,User3,User,Impact,Op_Server0,"[""Op_Server0""]","[""Op_Server0""]","[""Op_Server0"", ""User0"", ""User2""]","[""Op_Server0"", ""User0"", ""User2""]","{""blue_first_relevant_response_after_critical"": 13, ""blue_first_relevant_response_after_enterprise"": 6, ""enterprise_foothold_step"": 5, ""first_critical_hit_step"": 12, ""window_end"": null, ""window_start"": null}"
ours_stage2_fair,11,stage1_pref_005_ckpt_191,semantic_aware,episode_003,6,6014,24,Q2_user_action_during_critical_breach,high,DecoyHarakaSMPT,User3,User,Impact,Op_Server0,"[""Op_Server0""]","[""Op_Server0""]","[""Op_Server0"", ""User0"", ""User1""]","[""Op_Server0"", ""User0"", ""User1""]","{""blue_first_relevant_response_after_critical"": 13, ""blue_first_relevant_response_after_enterprise"": 6, ""enterprise_foothold_step"": 5, ""first_critical_hit_step"": 12, ""window_end"": null, ""window_start"": null}"
ours_stage2_fair,11,stage1_pref_005_ckpt_191,semantic_aware,episode_003,6,6014,81,Q2_user_action_during_critical_breach,high,Restore,User3,User,Impact,Op_Server0,"[""Op_Server0""]","[""Op_Server0""]","[""Enterprise2"", ""Op_Server0"", ""User0"", ""User1""]","[""Enterprise2"", ""Op_Server0"", ""User0"", ""User1""]","{""blue_first_relevant_response_after_critical"": 13, ""blue_first_relevant_response_after_enterprise"": 6, ""enterprise_foothold_step"": 5, ""first_critical_hit_step"": 12, ""window_end"": null, ""window_start"": null}"
ours_stage2_fair,11,stage1_pref_005_ckpt_191,semantic_aware,episode_003,7,7014,25,Q2_user_action_during_critical_breach,high,DecoyHarakaSMPT,User2,User,Impact,Op_Server0,"[""Op_Server0""]","[""Op_Server0""]","[""Enterprise1"", ""Enterprise2"", ""Op_Server0"", ""User0"", ""User2""]","[""Enterprise1"", ""Enterprise2"", ""Op_Server0"", ""User0"", ""User2""]","{""blue_first_relevant_response_after_critical"": 19, ""blue_first_relevant_response_after_enterprise"": 6, ""enterprise_foothold_step"": 5, ""first_critical_hit_step"": 18, ""window_end"": null, ""window_start"": null}"
ours_stage2_fair,11,stage1_pref_005_ckpt_191,semantic_aware,episode_003,7,7014,38,Q2_user_action_during_critical_breach,high,Restore,User3,User,Impact,Op_Server0,"[""Op_Server0""]","[""Op_Server0""]","[""Enterprise2"", ""Op_Server0"", ""User0"", ""User2""]","[""Enterprise2"", ""Op_Server0"", ""User0"", ""User2""]","{""blue_first_relevant_response_after_critical"": 19, ""blue_first_relevant_response_after_enterprise"": 6, ""enterprise_foothold_step"": 5, ""first_critical_hit_step"": 18, ""window_end"": null, ""window_start"": null}"
ours_stage2_fair,11,stage1_pref_005_ckpt_191,semantic_aware,episode_003,7,7014,48,Q2_user_action_during_critical_breach,high,Restore,User3,User,Impact,Op_Server0,"[""Op_Server0""]","[""Op_Server0""]","[""Op_Server0"", ""User0"", ""User2""]","[""Op_Server0"", ""User0"", ""User2""]","{""blue_first_relevant_response_after_critical"": 19, ""blue_first_relevant_response_after_enterprise"": 6, ""enterprise_foothold_step"": 5, ""first_critical_hit_step"": 18, ""window_end"": null, ""window_start"": null}"
ours_stage2_fair,11,stage1_pref_005_ckpt_191,semantic_aware,episode_003,7,7014,56,Q2_user_action_during_critical_breach,high,DecoyHarakaSMPT,User3,User,Impact,Op_Server0,"[""Op_Server0""]","[""Op_Server0""]","[""Op_Server0"", ""User0"", ""User2""]","[""Op_Server0"", ""User0"", ""User2""]","{""blue_first_relevant_response_after_critical"": 19, ""blue_first_relevant_response_after_enterprise"": 6, ""enterprise_foothold_step"": 5, ""first_critical_hit_step"": 18, ""window_end"": null, ""window_start"": null}"
ours_stage2_fair,11,stage1_pref_005_ckpt_191,semantic_aware,episode_003,7,7014,63,Q2_user_action_during_critical_breach,high,DecoyHarakaSMPT,User2,User,Impact,Op_Server0,"[""Op_Server0""]","[""Op_Server0""]","[""Op_Server0"", ""User0"", ""User2""]","[""Op_Server0"", ""User0"", ""User2""]","{""blue_first_relevant_response_after_critical"": 19, ""blue_first_relevant_response_after_enterprise"": 6, ""enterprise_foothold_step"": 5, ""first_critical_hit_step"": 18, ""window_end"": null, ""window_start"": null}"
ours_stage2_fair,11,stage1_pref_005_ckpt_191,semantic_aware,episode_003,7,7014,65,Q2_user_action_during_critical_breach,high,DecoyHarakaSMPT,User1,User,Impact,Op_Server0,"[""Op_Server0""]","[""Op_Server0""]","[""Op_Server0"", ""User0"", ""User2""]","[""Op_Server0"", ""User0"", ""User2""]","{""blue_first_relevant_response_after_critical"": 19, ""blue_first_relevant_response_after_enterprise"": 6, ""enterprise_foothold_step"": 5, ""first_critical_hit_step"": 18, ""window_end"": null, ""window_start"": null}"
ours_stage2_fair,11,stage1_pref_005_ckpt_191,semantic_aware,episode_003,7,7014,67,Q2_user_action_during_critical_breach,high,DecoyHarakaSMPT,User3,User,Impact,Op_Server0,"[""Op_Server0""]","[""Op_Server0""]","[""Op_Server0"", ""User0"", ""User2""]","[""Op_Server0"", ""User0"", ""User2""]","{""blue_first_relevant_response_after_critical"": 19, ""blue_first_relevant_response_after_enterprise"": 6, ""enterprise_foothold_step"": 5, ""first_critical_hit_step"": 18, ""window_end"": null, ""window_start"": null}"
ours_stage2_fair,11,stage1_pref_005_ckpt_191,semantic_aware,episode_003,7,7014,86,Q2_user_action_during_critical_breach,high,Restore,User3,User,Impact,Op_Server0,"[""Op_Server0""]","[""Op_Server0""]","[""Enterprise2"", ""Op_Server0"", ""User0"", ""User2""]","[""Enterprise2"", ""Op_Server0"", ""User0"", ""User2""]","{""blue_first_relevant_response_after_critical"": 19, ""blue_first_relevant_response_after_enterprise"": 6, ""enterprise_foothold_step"": 5, ""first_critical_hit_step"": 18, ""window_end"": null, ""window_start"": null}"
ours_stage2_fair,11,stage1_pref_005_ckpt_191,semantic_aware,episode_003,7,7014,92,Q2_user_action_during_critical_breach,high,DecoyHarakaSMPT,User2,User,Impact,Op_Server0,"[""Op_Server0""]","[""Op_Server0""]","[""Enterprise2"", ""Op_Server0"", ""User0"", ""User2""]","[""Enterprise2"", ""Op_Server0"", ""User0"", ""User2""]","{""blue_first_relevant_response_after_critical"": 19, ""blue_first_relevant_response_after_enterprise"": 6, ""enterprise_foothold_step"": 5, ""first_critical_hit_step"": 18, ""window_end"": null, ""window_start"": null}"
ours_stage2_fair,11,stage1_pref_005_ckpt_191,semantic_aware,episode_003,7,7014,96,Q2_user_action_during_critical_breach,high,DecoyFemitter,User0,User,Impact,Op_Server0,"[""Op_Server0""]","[""Op_Server0""]","[""Enterprise2"", ""Op_Server0"", ""User0"", ""User2""]","[""Enterprise2"", ""Op_Server0"", ""User0"", ""User2""]","{""blue_first_relevant_response_after_critical"": 19, ""blue_first_relevant_response_after_enterprise"": 6, ""enterprise_foothold_step"": 5, ""first_critical_hit_step"": 18, ""window_end"": null, ""window_start"": null}"
ours_stage2_fair,11,stage1_pref_005_ckpt_191,semantic_aware,episode_004,0,15,16,Q2_user_action_during_critical_breach,high,Restore,User3,User,Impact,Op_Server0,"[""Op_Server0""]","[""Op_Server0""]","[""Enterprise1"", ""Enterprise2"", ""Op_Server0"", ""User0"", ""User2""]","[""Enterprise1"", ""Enterprise2"", ""Op_Server0"", ""User0"", ""User2""]","{""blue_first_relevant_response_after_critical"": 13, ""blue_first_relevant_response_after_enterprise"": 6, ""enterprise_foothold_step"": 5, ""first_critical_hit_step"": 12, ""window_end"": null, ""window_start"": null}"
ours_stage2_fair,11,stage1_pref_005_ckpt_191,semantic_aware,episode_004,0,15,17,Q2_user_action_during_critical_breach,high,Restore,User3,User,Impact,Op_Server0,"[""Op_Server0""]","[""Op_Server0""]","[""Enterprise1"", ""Enterprise2"", ""Op_Server0"", ""User0"", ""User2""]","[""Enterprise1"", ""Enterprise2"", ""Op_Server0"", ""User0"", ""User2""]","{""blue_first_relevant_response_after_critical"": 13, ""blue_first_relevant_response_after_enterprise"": 6, ""enterprise_foothold_step"": 5, ""first_critical_hit_step"": 12, ""window_end"": null, ""window_start"": null}"
ours_stage2_fair,11,stage1_pref_005_ckpt_191,semantic_aware,episode_004,0,15,61,Q2_user_action_during_critical_breach,high,Restore,User3,User,Impact,Op_Server0,"[""Op_Server0""]","[""Op_Server0""]","[""Enterprise2"", ""Op_Server0"", ""User0"", ""User2""]","[""Enterprise2"", ""Op_Server0"", ""User0"", ""User2""]","{""blue_first_relevant_response_after_critical"": 13, ""blue_first_relevant_response_after_enterprise"": 6, ""enterprise_foothold_step"": 5, ""first_critical_hit_step"": 12, ""window_end"": null, ""window_start"": null}"
ours_stage2_fair,11,stage1_pref_005_ckpt_191,semantic_aware,episode_004,0,15,72,Q2_user_action_during_critical_breach,high,DecoyHarakaSMPT,User2,User,Impact,Op_Server0,"[""Op_Server0""]","[""Op_Server0""]","[""Enterprise2"", ""Op_Server0"", ""User0"", ""User2""]","[""Enterprise2"", ""Op_Server0"", ""User0"", ""User2""]","{""blue_first_relevant_response_after_critical"": 13, ""blue_first_relevant_response_after_enterprise"": 6, ""enterprise_foothold_step"": 5, ""first_critical_hit_step"": 12, ""window_end"": null, ""window_start"": null}"
ours_stage2_fair,11,stage1_pref_005_ckpt_191,semantic_aware,episode_004,0,15,77,Q2_user_action_during_critical_breach,high,DecoyHarakaSMPT,User3,User,Impact,Op_Server0,"[""Op_Server0""]","[""Op_Server0""]","[""Enterprise2"", ""Op_Server0"", ""User0"", ""User2""]","[""Enterprise2"", ""Op_Server0"", ""User0"", ""User2""]","{""blue_first_relevant_response_after_critical"": 13, ""blue_first_relevant_response_after_enterprise"": 6, ""enterprise_foothold_step"": 5, ""first_critical_hit_step"": 12, ""window_end"": null, ""window_start"": null}"
ours_stage2_fair,11,stage1_pref_005_ckpt_191,semantic_aware,episode_004,0,15,79,Q2_user_action_during_critical_breach,high,Analyse,User0,User,Impact,Op_Server0,"[""Op_Server0""]","[""Op_Server0""]","[""Enterprise2"", ""Op_Server0"", ""User0"", ""User2""]","[""Enterprise2"", ""Op_Server0"", ""User0"", ""User2""]","{""blue_first_relevant_response_after_critical"": 13, ""blue_first_relevant_response_after_enterprise"": 6, ""enterprise_foothold_step"": 5, ""first_critical_hit_step"": 12, ""window_end"": null, ""window_start"": null}"
ours_stage2_fair,11,stage1_pref_005_ckpt_191,semantic_aware,episode_004,1,1015,27,Q2_user_action_during_critical_breach,high,Restore,User3,User,Impact,Op_Server0,"[""Op_Server0""]","[""Op_Server0""]","[""Enterprise0"", ""Op_Server0"", ""User0""]","[""Enterprise0"", ""Op_Server0"", ""User0""]","{""blue_first_relevant_response_after_critical"": 13, ""blue_first_relevant_response_after_enterprise"": 6, ""enterprise_foothold_step"": 5, ""first_critical_hit_step"": 12, ""window_end"": null, ""window_start"": null}"
ours_stage2_fair,11,stage1_pref_005_ckpt_191,semantic_aware,episode_004,1,1015,46,Q2_user_action_during_critical_breach,high,Restore,User3,User,Impact,Op_Server0,"[""Op_Server0""]","[""Op_Server0""]","[""Enterprise0"", ""Op_Server0"", ""User0""]","[""Enterprise0"", ""Op_Server0"", ""User0""]","{""blue_first_relevant_response_after_critical"": 13, ""blue_first_relevant_response_after_enterprise"": 6, ""enterprise_foothold_step"": 5, ""first_critical_hit_step"": 12, ""window_end"": null, ""window_start"": null}"
ours_stage2_fair,11,stage1_pref_005_ckpt_191,semantic_aware,episode_004,1,1015,50,Q2_user_action_during_critical_breach,high,Analyse,User0,User,Impact,Op_Server0,"[""Op_Server0""]","[""Op_Server0""]","[""Enterprise0"", ""Op_Server0"", ""User0""]","[""Enterprise0"", ""Op_Server0"", ""User0""]","{""blue_first_relevant_response_after_critical"": 13, ""blue_first_relevant_response_after_enterprise"": 6, ""enterprise_foothold_step"": 5, ""first_critical_hit_step"": 12, ""window_end"": null, ""window_start"": null}"
ours_stage2_fair,11,stage1_pref_005_ckpt_191,semantic_aware,episode_004,1,1015,72,Q2_user_action_during_critical_breach,high,DecoyHarakaSMPT,User3,User,Impact,Op_Server0,"[""Op_Server0""]","[""Op_Server0""]","[""Enterprise0"", ""Op_Server0"", ""User0""]","[""Enterprise0"", ""Op_Server0"", ""User0""]","{""blue_first_relevant_response_after_critical"": 13, ""blue_first_relevant_response_after_enterprise"": 6, ""enterprise_foothold_step"": 5, ""first_critical_hit_step"": 12, ""window_end"": null, ""window_start"": null}"
ours_stage2_fair,11,stage1_pref_005_ckpt_191,semantic_aware,episode_004,2,2015,22,Q2_user_action_during_critical_breach,high,Restore,User3,User,Impact,Op_Server0,"[""Op_Server0""]","[""Op_Server0""]","[""Enterprise0"", ""Enterprise2"", ""Op_Server0"", ""User0"", ""User3""]","[""Enterprise0"", ""Enterprise2"", ""Op_Server0"", ""User0""]","{""blue_first_relevant_response_after_critical"": 13, ""blue_first_relevant_response_after_enterprise"": 6, ""enterprise_foothold_step"": 5, ""first_critical_hit_step"": 12, ""window_end"": null, ""window_start"": null}"
ours_stage2_fair,11,stage1_pref_005_ckpt_191,semantic_aware,episode_004,2,2015,30,Q2_user_action_during_critical_breach,high,DecoyHarakaSMPT,User3,User,Impact,Op_Server0,"[""Op_Server0""]","[""Op_Server0""]","[""Enterprise0"", ""Enterprise2"", ""Op_Server0"", ""User0""]","[""Enterprise0"", ""Enterprise2"", ""Op_Server0"", ""User0""]","{""blue_first_relevant_response_after_critical"": 13, ""blue_first_relevant_response_after_enterprise"": 6, ""enterprise_foothold_step"": 5, ""first_critical_hit_step"": 12, ""window_end"": null, ""window_start"": null}"
ours_stage2_fair,11,stage1_pref_005_ckpt_191,semantic_aware,episode_004,2,2015,33,Q2_user_action_during_critical_breach,high,Restore,User3,User,Impact,Op_Server0,"[""Op_Server0""]","[""Op_Server0""]","[""Enterprise0"", ""Enterprise2"", ""Op_Server0"", ""User0""]","[""Enterprise0"", ""Enterprise2"", ""Op_Server0"", ""User0""]","{""blue_first_relevant_response_after_critical"": 13, ""blue_first_relevant_response_after_enterprise"": 6, ""enterprise_foothold_step"": 5, ""first_critical_hit_step"": 12, ""window_end"": null, ""window_start"": null}"
ours_stage2_fair,11,stage1_pref_005_ckpt_191,semantic_aware,episode_004,2,2015,38,Q2_user_action_during_critical_breach,high,Restore,User3,User,Impact,Op_Server0,"[""Op_Server0""]","[""Op_Server0""]","[""Enterprise0"", ""Op_Server0"", ""User0""]","[""Enterprise0"", ""Op_Server0"", ""User0""]","{""blue_first_relevant_response_after_critical"": 13, ""blue_first_relevant_response_after_enterprise"": 6, ""enterprise_foothold_step"": 5, ""first_critical_hit_step"": 12, ""window_end"": null, ""window_start"": null}"
ours_stage2_fair,11,stage1_pref_005_ckpt_191,semantic_aware,episode_004,2,2015,53,Q2_user_action_during_critical_breach,high,Restore,User3,User,Impact,Op_Server0,"[""Op_Server0""]","[""Op_Server0""]","[""Enterprise2"", ""Op_Server0"", ""User0""]","[""Enterprise2"", ""Op_Server0"", ""User0""]","{""blue_first_relevant_response_after_critical"": 13, ""blue_first_relevant_response_after_enterprise"": 6, ""enterprise_foothold_step"": 5, ""first_critical_hit_step"": 12, ""window_end"": null, ""window_start"": null}"
ours_stage2_fair,11,stage1_pref_005_ckpt_191,semantic_aware,episode_004,2,2015,77,Q2_user_action_during_critical_breach,high,Restore,User3,User,Impact,Op_Server0,"[""Op_Server0""]","[""Op_Server0""]","[""Enterprise2"", ""Op_Server0"", ""User0""]","[""Enterprise2"", ""Op_Server0"", ""User0""]","{""blue_first_relevant_response_after_critical"": 13, ""blue_first_relevant_response_after_enterprise"": 6, ""enterprise_foothold_step"": 5, ""first_critical_hit_step"": 12, ""window_end"": null, ""window_start"": null}"
ours_stage2_fair,11,stage1_pref_005_ckpt_191,semantic_aware,episode_004,2,2015,78,Q2_user_action_during_critical_breach,high,Restore,User3,User,Impact,Op_Server0,"[""Op_Server0""]","[""Op_Server0""]","[""Enterprise2"", ""Op_Server0"", ""User0""]","[""Enterprise2"", ""Op_Server0"", ""User0""]","{""blue_first_relevant_response_after_critical"": 13, ""blue_first_relevant_response_after_enterprise"": 6, ""enterprise_foothold_step"": 5, ""first_critical_hit_step"": 12, ""window_end"": null, ""window_start"": null}"
ours_stage2_fair,11,stage1_pref_005_ckpt_191,semantic_aware,episode_004,2,2015,82,Q2_user_action_during_critical_breach,high,Restore,User3,User,Impact,Op_Server0,"[""Op_Server0""]","[""Op_Server0""]","[""Enterprise2"", ""Op_Server0"", ""User0""]","[""Enterprise2"", ""Op_Server0"", ""User0""]","{""blue_first_relevant_response_after_critical"": 13, ""blue_first_relevant_response_after_enterprise"": 6, ""enterprise_foothold_step"": 5, ""first_critical_hit_step"": 12, ""window_end"": null, ""window_start"": null}"
ours_stage2_fair,11,stage1_pref_005_ckpt_191,semantic_aware,episode_004,3,3015,41,Q2_user_action_during_critical_breach,high,DecoyHarakaSMPT,User3,User,PrivilegeEscalate,Op_Server0,"[""Op_Server0""]","[""Op_Server0""]","[""Enterprise2"", ""Op_Server0"", ""User0"", ""User1""]","[""Enterprise2"", ""Op_Server0"", ""User0"", ""User1""]","{""blue_first_relevant_response_after_critical"": 42, ""blue_first_relevant_response_after_enterprise"": 7, ""enterprise_foothold_step"": 5, ""first_critical_hit_step"": 40, ""window_end"": null, ""window_start"": null}"
ours_stage2_fair,11,stage1_pref_005_ckpt_191,semantic_aware,episode_004,3,3015,78,Q2_user_action_during_critical_breach,high,DecoyHarakaSMPT,User3,User,Impact,Op_Server0,"[""Op_Server0""]","[""Op_Server0""]","[""Enterprise2"", ""Op_Server0"", ""User0"", ""User1""]","[""Enterprise2"", ""Op_Server0"", ""User0"", ""User1""]","{""blue_first_relevant_response_after_critical"": 42, ""blue_first_relevant_response_after_enterprise"": 7, ""enterprise_foothold_step"": 5, ""first_critical_hit_step"": 40, ""window_end"": null, ""window_start"": null}"
ours_stage2_fair,11,stage1_pref_005_ckpt_191,semantic_aware,episode_004,3,3015,85,Q2_user_action_during_critical_breach,high,Restore,User3,User,Impact,Op_Server0,"[""Op_Server0""]","[""Op_Server0""]","[""Enterprise2"", ""Op_Server0"", ""User0"", ""User1""]","[""Enterprise2"", ""Op_Server0"", ""User0"", ""User1""]","{""blue_first_relevant_response_after_critical"": 42, ""blue_first_relevant_response_after_enterprise"": 7, ""enterprise_foothold_step"": 5, ""first_critical_hit_step"": 40, ""window_end"": null, ""window_start"": null}"
ours_stage2_fair,11,stage1_pref_005_ckpt_191,semantic_aware,episode_004,3,3015,86,Q2_user_action_during_critical_breach,high,Restore,User3,User,Impact,Op_Server0,"[""Op_Server0""]","[""Op_Server0""]","[""Enterprise2"", ""Op_Server0"", ""User0"", ""User1""]","[""Enterprise2"", ""Op_Server0"", ""User0"", ""User1""]","{""blue_first_relevant_response_after_critical"": 42, ""blue_first_relevant_response_after_enterprise"": 7, ""enterprise_foothold_step"": 5, ""first_critical_hit_step"": 40, ""window_end"": null, ""window_start"": null}"
ours_stage2_fair,11,stage1_pref_005_ckpt_191,semantic_aware,episode_004,3,3015,88,Q2_user_action_during_critical_breach,high,Restore,User3,User,Impact,Op_Server0,"[""Op_Server0""]","[""Op_Server0""]","[""Enterprise2"", ""Op_Server0"", ""User0"", ""User1""]","[""Enterprise2"", ""Op_Server0"", ""User0"", ""User1""]","{""blue_first_relevant_response_after_critical"": 42, ""blue_first_relevant_response_after_enterprise"": 7, ""enterprise_foothold_step"": 5, ""first_critical_hit_step"": 40, ""window_end"": null, ""window_start"": null}"
ours_stage2_fair,11,stage1_pref_005_ckpt_191,semantic_aware,episode_004,3,3015,91,Q2_user_action_during_critical_breach,high,Restore,User3,User,Impact,Op_Server0,"[""Op_Server0""]","[""Op_Server0""]","[""Enterprise2"", ""Op_Server0"", ""User0"", ""User1""]","[""Enterprise2"", ""Op_Server0"", ""User0"", ""User1""]","{""blue_first_relevant_response_after_critical"": 42, ""blue_first_relevant_response_after_enterprise"": 7, ""enterprise_foothold_step"": 5, ""first_critical_hit_step"": 40, ""window_end"": null, ""window_start"": null}"
ours_stage2_fair,11,stage1_pref_005_ckpt_191,semantic_aware,episode_004,4,4015,15,Q2_user_action_during_critical_breach,high,Restore,User3,User,PrivilegeEscalate,Op_Server0,"[""Op_Server0""]","[""Op_Server0""]","[""Enterprise1"", ""Enterprise2"", ""Op_Server0"", ""User0"", ""User1""]","[""Enterprise1"", ""Enterprise2"", ""Op_Server0"", ""User0"", ""User1""]","{""blue_first_relevant_response_after_critical"": 16, ""blue_first_relevant_response_after_enterprise"": 6, ""enterprise_foothold_step"": 5, ""first_critical_hit_step"": 14, ""window_end"": null, ""window_start"": null}"
ours_stage2_fair,11,stage1_pref_005_ckpt_191,semantic_aware,episode_004,4,4015,19,Q2_user_action_during_critical_breach,high,DecoyFemitter,User0,User,Impact,Op_Server0,"[""Op_Server0""]","[""Op_Server0""]","[""Enterprise1"", ""Enterprise2"", ""Op_Server0"", ""User0"", ""User1""]","[""Enterprise1"", ""Enterprise2"", ""Op_Server0"", ""User0"", ""User1""]","{""blue_first_relevant_response_after_critical"": 16, ""blue_first_relevant_response_after_enterprise"": 6, ""enterprise_foothold_step"": 5, ""first_critical_hit_step"": 14, ""window_end"": null, ""window_start"": null}"
ours_stage2_fair,11,stage1_pref_005_ckpt_191,semantic_aware,episode_004,4,4015,21,Q2_user_action_during_critical_breach,high,DecoyVsftpd,User1,User,Impact,Op_Server0,"[""Op_Server0""]","[""Op_Server0""]","[""Enterprise1"", ""Enterprise2"", ""Op_Server0"", ""User0"", ""User1""]","[""Enterprise1"", ""Enterprise2"", ""Op_Server0"", ""User0"", ""User1""]","{""blue_first_relevant_response_after_critical"": 16, ""blue_first_relevant_response_after_enterprise"": 6, ""enterprise_foothold_step"": 5, ""first_critical_hit_step"": 14, ""window_end"": null, ""window_start"": null}"
ours_stage2_fair,11,stage1_pref_005_ckpt_191,semantic_aware,episode_004,4,4015,31,Q2_user_action_during_critical_breach,high,Restore,User3,User,Impact,Op_Server0,"[""Op_Server0""]","[""Op_Server0""]","[""Enterprise2"", ""Op_Server0"", ""User0"", ""User1""]","[""Enterprise2"", ""Op_Server0"", ""User0"", ""User1""]","{""blue_first_relevant_response_after_critical"": 16, ""blue_first_relevant_response_after_enterprise"": 6, ""enterprise_foothold_step"": 5, ""first_critical_hit_step"": 14, ""window_end"": null, ""window_start"": null}"
ours_stage2_fair,11,stage1_pref_005_ckpt_191,semantic_aware,episode_004,4,4015,32,Q2_user_action_during_critical_breach,high,DecoyHarakaSMPT,User2,User,Impact,Op_Server0,"[""Op_Server0""]","[""Op_Server0""]","[""Enterprise2"", ""Op_Server0"", ""User0"", ""User1""]","[""Enterprise2"", ""Op_Server0"", ""User0"", ""User1""]","{""blue_first_relevant_response_after_critical"": 16, ""blue_first_relevant_response_after_enterprise"": 6, ""enterprise_foothold_step"": 5, ""first_critical_hit_step"": 14, ""window_end"": null, ""window_start"": null}"
ours_stage2_fair,11,stage1_pref_005_ckpt_191,semantic_aware,episode_004,4,4015,59,Q2_user_action_during_critical_breach,high,Restore,User3,User,Impact,Op_Server0,"[""Op_Server0""]","[""Op_Server0""]","[""Enterprise2"", ""Op_Server0"", ""User0"", ""User1""]","[""Enterprise2"", ""Op_Server0"", ""User0"", ""User1""]","{""blue_first_relevant_response_after_critical"": 16, ""blue_first_relevant_response_after_enterprise"": 6, ""enterprise_foothold_step"": 5, ""first_critical_hit_step"": 14, ""window_end"": null, ""window_start"": null}"
ours_stage2_fair,11,stage1_pref_005_ckpt_191,semantic_aware,episode_004,4,4015,70,Q2_user_action_during_critical_breach,high,DecoyVsftpd,User1,User,Impact,Op_Server0,"[""Op_Server0""]","[""Op_Server0""]","[""Enterprise2"", ""Op_Server0"", ""User0"", ""User1""]","[""Enterprise2"", ""Op_Server0"", ""User0"", ""User1""]","{""blue_first_relevant_response_after_critical"": 16, ""blue_first_relevant_response_after_enterprise"": 6, ""enterprise_foothold_step"": 5, ""first_critical_hit_step"": 14, ""window_end"": null, ""window_start"": null}"
ours_stage2_fair,11,stage1_pref_005_ckpt_191,semantic_aware,episode_004,4,4015,75,Q2_user_action_during_critical_breach,high,Restore,User3,User,Impact,Op_Server0,"[""Op_Server0""]","[""Op_Server0""]","[""Enterprise2"", ""Op_Server0"", ""User0"", ""User1""]","[""Enterprise2"", ""Op_Server0"", ""User0"", ""User1""]","{""blue_first_relevant_response_after_critical"": 16, ""blue_first_relevant_response_after_enterprise"": 6, ""enterprise_foothold_step"": 5, ""first_critical_hit_step"": 14, ""window_end"": null, ""window_start"": null}"
ours_stage2_fair,11,stage1_pref_005_ckpt_191,semantic_aware,episode_004,4,4015,97,Q2_user_action_during_critical_breach,high,Restore,User3,User,Impact,Op_Server0,"[""Op_Server0""]","[""Op_Server0""]","[""Enterprise2"", ""Op_Server0"", ""User0"", ""User1""]","[""Enterprise2"", ""Op_Server0"", ""User0"", ""User1""]","{""blue_first_relevant_response_after_critical"": 16, ""blue_first_relevant_response_after_enterprise"": 6, ""enterprise_foothold_step"": 5, ""first_critical_hit_step"": 14, ""window_end"": null, ""window_start"": null}"
ours_stage2_fair,11,stage1_pref_005_ckpt_191,semantic_aware,episode_004,5,5015,24,Q2_user_action_during_critical_breach,high,Restore,User3,User,Impact,Op_Server0,"[""Op_Server0""]","[""Op_Server0""]","[""Enterprise2"", ""Op_Server0"", ""User0"", ""User2""]","[""Enterprise2"", ""Op_Server0"", ""User0"", ""User2""]","{""blue_first_relevant_response_after_critical"": 23, ""blue_first_relevant_response_after_enterprise"": 6, ""enterprise_foothold_step"": 5, ""first_critical_hit_step"": 22, ""window_end"": null, ""window_start"": null}"
ours_stage2_fair,11,stage1_pref_005_ckpt_191,semantic_aware,episode_004,5,5015,33,Q2_user_action_during_critical_breach,high,Restore,User3,User,Impact,Op_Server0,"[""Op_Server0""]","[""Op_Server0""]","[""Enterprise2"", ""Op_Server0"", ""User0"", ""User2""]","[""Enterprise2"", ""Op_Server0"", ""User0"", ""User2""]","{""blue_first_relevant_response_after_critical"": 23, ""blue_first_relevant_response_after_enterprise"": 6, ""enterprise_foothold_step"": 5, ""first_critical_hit_step"": 22, ""window_end"": null, ""window_start"": null}"
ours_stage2_fair,11,stage1_pref_005_ckpt_191,semantic_aware,episode_004,5,5015,34,Q2_user_action_during_critical_breach,high,DecoyHarakaSMPT,User1,User,Impact,Op_Server0,"[""Op_Server0""]","[""Op_Server0""]","[""Enterprise2"", ""Op_Server0"", ""User0"", ""User2""]","[""Enterprise2"", ""Op_Server0"", ""User0"", ""User2""]","{""blue_first_relevant_response_after_critical"": 23, ""blue_first_relevant_response_after_enterprise"": 6, ""enterprise_foothold_step"": 5, ""first_critical_hit_step"": 22, ""window_end"": null, ""window_start"": null}"
ours_stage2_fair,11,stage1_pref_005_ckpt_191,semantic_aware,episode_004,5,5015,48,Q2_user_action_during_critical_breach,high,DecoyHarakaSMPT,User2,User,Impact,Op_Server0,"[""Op_Server0""]","[""Op_Server0""]","[""Op_Server0"", ""User0"", ""User2""]","[""Op_Server0"", ""User0"", ""User2""]","{""blue_first_relevant_response_after_critical"": 23, ""blue_first_relevant_response_after_enterprise"": 6, ""enterprise_foothold_step"": 5, ""first_critical_hit_step"": 22, ""window_end"": null, ""window_start"": null}"
ours_stage2_fair,11,stage1_pref_005_ckpt_191,semantic_aware,episode_004,5,5015,61,Q2_user_action_during_critical_breach,high,DecoyHarakaSMPT,User2,User,Impact,Op_Server0,"[""Op_Server0""]","[""Op_Server0""]","[""Op_Server0"", ""User0"", ""User2""]","[""Op_Server0"", ""User0"", ""User2""]","{""blue_first_relevant_response_after_critical"": 23, ""blue_first_relevant_response_after_enterprise"": 6, ""enterprise_foothold_step"": 5, ""first_critical_hit_step"": 22, ""window_end"": null, ""window_start"": null}"
ours_stage2_fair,11,stage1_pref_005_ckpt_191,semantic_aware,episode_004,5,5015,91,Q2_user_action_during_critical_breach,high,DecoyHarakaSMPT,User2,User,Impact,Op_Server0,"[""Op_Server0""]","[""Op_Server0""]","[""Enterprise2"", ""Op_Server0"", ""User0"", ""User2""]","[""Enterprise2"", ""Op_Server0"", ""User0"", ""User2""]","{""blue_first_relevant_response_after_critical"": 23, ""blue_first_relevant_response_after_enterprise"": 6, ""enterprise_foothold_step"": 5, ""first_critical_hit_step"": 22, ""window_end"": null, ""window_start"": null}"
ours_stage2_fair,11,stage1_pref_005_ckpt_191,semantic_aware,episode_004,5,5015,97,Q2_user_action_during_critical_breach,high,Restore,User3,User,Impact,Op_Server0,"[""Op_Server0""]","[""Op_Server0""]","[""Enterprise2"", ""Op_Server0"", ""User0"", ""User2""]","[""Enterprise2"", ""Op_Server0"", ""User0"", ""User2""]","{""blue_first_relevant_response_after_critical"": 23, ""blue_first_relevant_response_after_enterprise"": 6, ""enterprise_foothold_step"": 5, ""first_critical_hit_step"": 22, ""window_end"": null, ""window_start"": null}"
ours_stage2_fair,11,stage1_pref_005_ckpt_191,semantic_aware,episode_004,6,6015,29,Q2_user_action_during_critical_breach,high,DecoyVsftpd,User1,User,Impact,Op_Server0,"[""Op_Server0""]","[""Op_Server0""]","[""Enterprise0"", ""Enterprise2"", ""Op_Server0"", ""User0"", ""User4""]","[""Enterprise0"", ""Enterprise2"", ""Op_Server0"", ""User0"", ""User4""]","{""blue_first_relevant_response_after_critical"": 21, ""blue_first_relevant_response_after_enterprise"": 6, ""enterprise_foothold_step"": 5, ""first_critical_hit_step"": 20, ""window_end"": null, ""window_start"": null}"
ours_stage2_fair,11,stage1_pref_005_ckpt_191,semantic_aware,episode_004,6,6015,55,Q2_user_action_during_critical_breach,high,Restore,User3,User,Impact,Op_Server0,"[""Op_Server0""]","[""Op_Server0""]","[""Enterprise0"", ""Op_Server0"", ""User0"", ""User4""]","[""Enterprise0"", ""Op_Server0"", ""User0"", ""User4""]","{""blue_first_relevant_response_after_critical"": 21, ""blue_first_relevant_response_after_enterprise"": 6, ""enterprise_foothold_step"": 5, ""first_critical_hit_step"": 20, ""window_end"": null, ""window_start"": null}"
ours_stage2_fair,11,stage1_pref_005_ckpt_191,semantic_aware,episode_004,6,6015,58,Q2_user_action_during_critical_breach,high,DecoyHarakaSMPT,User3,User,Impact,Op_Server0,"[""Op_Server0""]","[""Op_Server0""]","[""Enterprise0"", ""Op_Server0"", ""User0"", ""User4""]","[""Enterprise0"", ""Op_Server0"", ""User0"", ""User4""]","{""blue_first_relevant_response_after_critical"": 21, ""blue_first_relevant_response_after_enterprise"": 6, ""enterprise_foothold_step"": 5, ""first_critical_hit_step"": 20, ""window_end"": null, ""window_start"": null}"
ours_stage2_fair,11,stage1_pref_005_ckpt_191,semantic_aware,episode_004,6,6015,61,Q2_user_action_during_critical_breach,high,Restore,User3,User,Impact,Op_Server0,"[""Op_Server0""]","[""Op_Server0""]","[""Enterprise0"", ""Op_Server0"", ""User0"", ""User4""]","[""Enterprise0"", ""Op_Server0"", ""User0"", ""User4""]","{""blue_first_relevant_response_after_critical"": 21, ""blue_first_relevant_response_after_enterprise"": 6, ""enterprise_foothold_step"": 5, ""first_critical_hit_step"": 20, ""window_end"": null, ""window_start"": null}"
ours_stage2_fair,11,stage1_pref_005_ckpt_191,semantic_aware,episode_004,6,6015,84,Q2_user_action_during_critical_breach,high,Restore,User3,User,Impact,Op_Server0,"[""Op_Server0""]","[""Op_Server0""]","[""Enterprise0"", ""Op_Server0"", ""User0"", ""User4""]","[""Enterprise0"", ""Op_Server0"", ""User0"", ""User4""]","{""blue_first_relevant_response_after_critical"": 21, ""blue_first_relevant_response_after_enterprise"": 6, ""enterprise_foothold_step"": 5, ""first_critical_hit_step"": 20, ""window_end"": null, ""window_start"": null}"
ours_stage2_fair,11,stage1_pref_005_ckpt_191,semantic_aware,episode_004,7,7015,21,Q2_user_action_during_critical_breach,high,Restore,User3,User,Impact,Op_Server0,"[""Op_Server0""]","[""Op_Server0""]","[""Enterprise1"", ""Enterprise2"", ""Op_Server0"", ""User0"", ""User1""]","[""Enterprise1"", ""Enterprise2"", ""Op_Server0"", ""User0"", ""User1""]","{""blue_first_relevant_response_after_critical"": 14, ""blue_first_relevant_response_after_enterprise"": 6, ""enterprise_foothold_step"": 5, ""first_critical_hit_step"": 12, ""window_end"": null, ""window_start"": null}"
ours_stage2_fair,11,stage1_pref_005_ckpt_191,semantic_aware,episode_004,7,7015,22,Q2_user_action_during_critical_breach,high,Restore,User3,User,Impact,Op_Server0,"[""Op_Server0""]","[""Op_Server0""]","[""Enterprise1"", ""Enterprise2"", ""Op_Server0"", ""User0"", ""User1""]","[""Enterprise1"", ""Enterprise2"", ""Op_Server0"", ""User0"", ""User1""]","{""blue_first_relevant_response_after_critical"": 14, ""blue_first_relevant_response_after_enterprise"": 6, ""enterprise_foothold_step"": 5, ""first_critical_hit_step"": 12, ""window_end"": null, ""window_start"": null}"
ours_stage2_fair,11,stage1_pref_005_ckpt_191,semantic_aware,episode_004,7,7015,31,Q2_user_action_during_critical_breach,high,Restore,User3,User,Impact,Op_Server0,"[""Op_Server0""]","[""Op_Server0""]","[""Enterprise1"", ""Enterprise2"", ""Op_Server0"", ""User0"", ""User1""]","[""Enterprise1"", ""Enterprise2"", ""Op_Server0"", ""User0"", ""User1""]","{""blue_first_relevant_response_after_critical"": 14, ""blue_first_relevant_response_after_enterprise"": 6, ""enterprise_foothold_step"": 5, ""first_critical_hit_step"": 12, ""window_end"": null, ""window_start"": null}"
ours_stage2_fair,11,stage1_pref_005_ckpt_191,semantic_aware,episode_004,7,7015,32,Q2_user_action_during_critical_breach,high,Restore,User3,User,Impact,Op_Server0,"[""Op_Server0""]","[""Op_Server0""]","[""Enterprise1"", ""Enterprise2"", ""Op_Server0"", ""User0"", ""User1""]","[""Enterprise1"", ""Enterprise2"", ""Op_Server0"", ""User0"", ""User1""]","{""blue_first_relevant_response_after_critical"": 14, ""blue_first_relevant_response_after_enterprise"": 6, ""enterprise_foothold_step"": 5, ""first_critical_hit_step"": 12, ""window_end"": null, ""window_start"": null}"
ours_stage2_fair,11,stage1_pref_005_ckpt_191,semantic_aware,episode_004,7,7015,33,Q2_user_action_during_critical_breach,high,DecoyHarakaSMPT,User2,User,Impact,Op_Server0,"[""Op_Server0""]","[""Op_Server0""]","[""Enterprise1"", ""Enterprise2"", ""Op_Server0"", ""User0"", ""User1""]","[""Enterprise1"", ""Enterprise2"", ""Op_Server0"", ""User0"", ""User1""]","{""blue_first_relevant_response_after_critical"": 14, ""blue_first_relevant_response_after_enterprise"": 6, ""enterprise_foothold_step"": 5, ""first_critical_hit_step"": 12, ""window_end"": null, ""window_start"": null}"
ours_stage2_fair,11,stage1_pref_005_ckpt_191,semantic_aware,episode_004,7,7015,46,Q2_user_action_during_critical_breach,high,Restore,User3,User,Impact,Op_Server0,"[""Op_Server0""]","[""Op_Server0""]","[""Enterprise2"", ""Op_Server0"", ""User0"", ""User1""]","[""Enterprise2"", ""Op_Server0"", ""User0"", ""User1""]","{""blue_first_relevant_response_after_critical"": 14, ""blue_first_relevant_response_after_enterprise"": 6, ""enterprise_foothold_step"": 5, ""first_critical_hit_step"": 12, ""window_end"": null, ""window_start"": null}"
ours_stage2_fair,11,stage1_pref_005_ckpt_191,semantic_aware,episode_004,7,7015,61,Q2_user_action_during_critical_breach,high,DecoyHarakaSMPT,User4,User,Impact,Op_Server0,"[""Op_Server0""]","[""Op_Server0""]","[""Enterprise2"", ""Op_Server0"", ""User0"", ""User1""]","[""Enterprise2"", ""Op_Server0"", ""User0"", ""User1""]","{""blue_first_relevant_response_after_critical"": 14, ""blue_first_relevant_response_after_enterprise"": 6, ""enterprise_foothold_step"": 5, ""first_critical_hit_step"": 12, ""window_end"": null, ""window_start"": null}"
ours_stage2_fair,11,stage1_pref_005_ckpt_191,semantic_aware,episode_004,7,7015,76,Q2_user_action_during_critical_breach,high,Analyse,User0,User,Impact,Op_Server0,"[""Op_Server0""]","[""Op_Server0""]","[""Enterprise2"", ""Op_Server0"", ""User0"", ""User1""]","[""Enterprise2"", ""Op_Server0"", ""User0"", ""User1""]","{""blue_first_relevant_response_after_critical"": 14, ""blue_first_relevant_response_after_enterprise"": 6, ""enterprise_foothold_step"": 5, ""first_critical_hit_step"": 12, ""window_end"": null, ""window_start"": null}"
ours_stage2_fair,11,stage1_pref_005_ckpt_191,semantic_aware,episode_004,7,7015,31,Q4_user_focus_after_enterprise_foothold,medium,Restore,User3,User,Impact,Op_Server0,"[""Op_Server0""]","[""Op_Server0""]","[""Enterprise1"", ""Enterprise2"", ""Op_Server0"", ""User0"", ""User1""]","[""Enterprise1"", ""Enterprise2"", ""Op_Server0"", ""User0"", ""User1""]","{""blue_first_relevant_response_after_critical"": 14, ""blue_first_relevant_response_after_enterprise"": 6, ""enterprise_foothold_step"": 5, ""first_critical_hit_step"": 12, ""window_end"": 33, ""window_start"": 31}"
ours_stage2_fair,11,stage1_pref_005_ckpt_191,semantic_aware,episode_005,0,16,63,Q2_user_action_during_critical_breach,high,Restore,User3,User,Impact,Op_Server0,"[""Op_Server0""]","[""Op_Server0""]","[""Enterprise0"", ""Op_Server0"", ""User0"", ""User4""]","[""Enterprise0"", ""Op_Server0"", ""User0"", ""User4""]","{""blue_first_relevant_response_after_critical"": 13, ""blue_first_relevant_response_after_enterprise"": 6, ""enterprise_foothold_step"": 5, ""first_critical_hit_step"": 12, ""window_end"": null, ""window_start"": null}"
ours_stage2_fair,11,stage1_pref_005_ckpt_191,semantic_aware,episode_005,0,16,67,Q2_user_action_during_critical_breach,high,DecoyApache,User2,User,Impact,Op_Server0,"[""Op_Server0""]","[""Op_Server0""]","[""Enterprise0"", ""Op_Server0"", ""User0"", ""User4""]","[""Enterprise0"", ""Op_Server0"", ""User0"", ""User4""]","{""blue_first_relevant_response_after_critical"": 13, ""blue_first_relevant_response_after_enterprise"": 6, ""enterprise_foothold_step"": 5, ""first_critical_hit_step"": 12, ""window_end"": null, ""window_start"": null}"
ours_stage2_fair,11,stage1_pref_005_ckpt_191,semantic_aware,episode_005,0,16,69,Q2_user_action_during_critical_breach,high,DecoyHarakaSMPT,User2,User,Impact,Op_Server0,"[""Op_Server0""]","[""Op_Server0""]","[""Enterprise0"", ""Op_Server0"", ""User0"", ""User4""]","[""Enterprise0"", ""Op_Server0"", ""User0"", ""User4""]","{""blue_first_relevant_response_after_critical"": 13, ""blue_first_relevant_response_after_enterprise"": 6, ""enterprise_foothold_step"": 5, ""first_critical_hit_step"": 12, ""window_end"": null, ""window_start"": null}"
ours_stage2_fair,11,stage1_pref_005_ckpt_191,semantic_aware,episode_005,1,1016,17,Q2_user_action_during_critical_breach,high,DecoySSHD,User2,User,Impact,Op_Server0,"[""Op_Server0""]","[""Op_Server0""]","[""Enterprise1"", ""Enterprise2"", ""Op_Server0"", ""User0"", ""User1""]","[""Enterprise1"", ""Enterprise2"", ""Op_Server0"", ""User0"", ""User1""]","{""blue_first_relevant_response_after_critical"": 15, ""blue_first_relevant_response_after_enterprise"": 6, ""enterprise_foothold_step"": 5, ""first_critical_hit_step"": 14, ""window_end"": null, ""window_start"": null}"
ours_stage2_fair,11,stage1_pref_005_ckpt_191,semantic_aware,episode_005,1,1016,32,Q2_user_action_during_critical_breach,high,Restore,User3,User,Impact,Op_Server0,"[""Op_Server0""]","[""Op_Server0""]","[""Enterprise2"", ""Op_Server0"", ""User0"", ""User1""]","[""Enterprise2"", ""Op_Server0"", ""User0"", ""User1""]","{""blue_first_relevant_response_after_critical"": 15, ""blue_first_relevant_response_after_enterprise"": 6, ""enterprise_foothold_step"": 5, ""first_critical_hit_step"": 14, ""window_end"": null, ""window_start"": null}"
ours_stage2_fair,11,stage1_pref_005_ckpt_191,semantic_aware,episode_005,1,1016,34,Q2_user_action_during_critical_breach,high,Restore,User3,User,Impact,Op_Server0,"[""Op_Server0""]","[""Op_Server0""]","[""Enterprise2"", ""Op_Server0"", ""User0"", ""User1""]","[""Enterprise2"", ""Op_Server0"", ""User0"", ""User1""]","{""blue_first_relevant_response_after_critical"": 15, ""blue_first_relevant_response_after_enterprise"": 6, ""enterprise_foothold_step"": 5, ""first_critical_hit_step"": 14, ""window_end"": null, ""window_start"": null}"
ours_stage2_fair,11,stage1_pref_005_ckpt_191,semantic_aware,episode_005,1,1016,67,Q2_user_action_during_critical_breach,high,Restore,User3,User,Impact,Op_Server0,"[""Op_Server0""]","[""Op_Server0""]","[""Enterprise2"", ""Op_Server0"", ""User0"", ""User1""]","[""Enterprise2"", ""Op_Server0"", ""User0"", ""User1""]","{""blue_first_relevant_response_after_critical"": 15, ""blue_first_relevant_response_after_enterprise"": 6, ""enterprise_foothold_step"": 5, ""first_critical_hit_step"": 14, ""window_end"": null, ""window_start"": null}"
ours_stage2_fair,11,stage1_pref_005_ckpt_191,semantic_aware,episode_005,1,1016,84,Q2_user_action_during_critical_breach,high,DecoyHarakaSMPT,User2,User,Impact,Op_Server0,"[""Op_Server0""]","[""Op_Server0""]","[""Enterprise2"", ""Op_Server0"", ""User0"", ""User1""]","[""Enterprise2"", ""Op_Server0"", ""User0"", ""User1""]","{""blue_first_relevant_response_after_critical"": 15, ""blue_first_relevant_response_after_enterprise"": 6, ""enterprise_foothold_step"": 5, ""first_critical_hit_step"": 14, ""window_end"": null, ""window_start"": null}"
ours_stage2_fair,11,stage1_pref_005_ckpt_191,semantic_aware,episode_005,1,1016,91,Q2_user_action_during_critical_breach,high,Restore,User3,User,Impact,Op_Server0,"[""Op_Server0""]","[""Op_Server0""]","[""Enterprise2"", ""Op_Server0"", ""User0"", ""User1""]","[""Enterprise2"", ""Op_Server0"", ""User0"", ""User1""]","{""blue_first_relevant_response_after_critical"": 15, ""blue_first_relevant_response_after_enterprise"": 6, ""enterprise_foothold_step"": 5, ""first_critical_hit_step"": 14, ""window_end"": null, ""window_start"": null}"
ours_stage2_fair,11,stage1_pref_005_ckpt_191,semantic_aware,episode_005,2,2016,20,Q2_user_action_during_critical_breach,high,Restore,User3,User,Impact,Op_Server0,"[""Op_Server0""]","[""Op_Server0""]","[""Enterprise0"", ""Enterprise2"", ""Op_Server0"", ""User0"", ""User4""]","[""Enterprise0"", ""Enterprise2"", ""Op_Server0"", ""User0"", ""User4""]","{""blue_first_relevant_response_after_critical"": 13, ""blue_first_relevant_response_after_enterprise"": 6, ""enterprise_foothold_step"": 5, ""first_critical_hit_step"": 12, ""window_end"": null, ""window_start"": null}"
ours_stage2_fair,11,stage1_pref_005_ckpt_191,semantic_aware,episode_005,2,2016,28,Q2_user_action_during_critical_breach,high,DecoyHarakaSMPT,User3,User,Impact,Op_Server0,"[""Op_Server0""]","[""Op_Server0""]","[""Enterprise0"", ""Enterprise2"", ""Op_Server0"", ""User0"", ""User4""]","[""Enterprise0"", ""Enterprise2"", ""Op_Server0"", ""User0"", ""User4""]","{""blue_first_relevant_response_after_critical"": 13, ""blue_first_relevant_response_after_enterprise"": 6, ""enterprise_foothold_step"": 5, ""first_critical_hit_step"": 12, ""window_end"": null, ""window_start"": null}"
ours_stage2_fair,11,stage1_pref_005_ckpt_191,semantic_aware,episode_005,2,2016,51,Q2_user_action_during_critical_breach,high,Analyse,User0,User,Impact,Op_Server0,"[""Op_Server0""]","[""Op_Server0""]","[""Enterprise0"", ""Enterprise2"", ""Op_Server0"", ""User0"", ""User4""]","[""Enterprise0"", ""Enterprise2"", ""Op_Server0"", ""User0"", ""User4""]","{""blue_first_relevant_response_after_critical"": 13, ""blue_first_relevant_response_after_enterprise"": 6, ""enterprise_foothold_step"": 5, ""first_critical_hit_step"": 12, ""window_end"": null, ""window_start"": null}"
ours_stage2_fair,11,stage1_pref_005_ckpt_191,semantic_aware,episode_005,2,2016,58,Q2_user_action_during_critical_breach,high,Restore,User3,User,Impact,Op_Server0,"[""Op_Server0""]","[""Op_Server0""]","[""Enterprise0"", ""Enterprise2"", ""Op_Server0"", ""User0"", ""User4""]","[""Enterprise0"", ""Enterprise2"", ""Op_Server0"", ""User0"", ""User4""]","{""blue_first_relevant_response_after_critical"": 13, ""blue_first_relevant_response_after_enterprise"": 6, ""enterprise_foothold_step"": 5, ""first_critical_hit_step"": 12, ""window_end"": null, ""window_start"": null}"
ours_stage2_fair,11,stage1_pref_005_ckpt_191,semantic_aware,episode_005,2,2016,59,Q2_user_action_during_critical_breach,high,Restore,User3,User,Impact,Op_Server0,"[""Op_Server0""]","[""Op_Server0""]","[""Enterprise0"", ""Enterprise2"", ""Op_Server0"", ""User0"", ""User4""]","[""Enterprise0"", ""Enterprise2"", ""Op_Server0"", ""User0"", ""User4""]","{""blue_first_relevant_response_after_critical"": 13, ""blue_first_relevant_response_after_enterprise"": 6, ""enterprise_foothold_step"": 5, ""first_critical_hit_step"": 12, ""window_end"": null, ""window_start"": null}"
ours_stage2_fair,11,stage1_pref_005_ckpt_191,semantic_aware,episode_005,2,2016,72,Q2_user_action_during_critical_breach,high,DecoyHarakaSMPT,User3,User,Impact,Op_Server0,"[""Op_Server0""]","[""Op_Server0""]","[""Enterprise0"", ""Op_Server0"", ""User0"", ""User4""]","[""Enterprise0"", ""Op_Server0"", ""User0"", ""User4""]","{""blue_first_relevant_response_after_critical"": 13, ""blue_first_relevant_response_after_enterprise"": 6, ""enterprise_foothold_step"": 5, ""first_critical_hit_step"": 12, ""window_end"": null, ""window_start"": null}"
ours_stage2_fair,11,stage1_pref_005_ckpt_191,semantic_aware,episode_005,2,2016,76,Q2_user_action_during_critical_breach,high,Restore,User3,User,Impact,Op_Server0,"[""Op_Server0""]","[""Op_Server0""]","[""Enterprise0"", ""Op_Server0"", ""User0"", ""User4""]","[""Enterprise0"", ""Op_Server0"", ""User0"", ""User4""]","{""blue_first_relevant_response_after_critical"": 13, ""blue_first_relevant_response_after_enterprise"": 6, ""enterprise_foothold_step"": 5, ""first_critical_hit_step"": 12, ""window_end"": null, ""window_start"": null}"
ours_stage2_fair,11,stage1_pref_005_ckpt_191,semantic_aware,episode_005,2,2016,77,Q2_user_action_during_critical_breach,high,DecoySmss,User1,User,Impact,Op_Server0,"[""Op_Server0""]","[""Op_Server0""]","[""Enterprise0"", ""Op_Server0"", ""User0"", ""User4""]","[""Enterprise0"", ""Op_Server0"", ""User0"", ""User4""]","{""blue_first_relevant_response_after_critical"": 13, ""blue_first_relevant_response_after_enterprise"": 6, ""enterprise_foothold_step"": 5, ""first_critical_hit_step"": 12, ""window_end"": null, ""window_start"": null}"
ours_stage2_fair,11,stage1_pref_005_ckpt_191,semantic_aware,episode_005,2,2016,82,Q2_user_action_during_critical_breach,high,Restore,User3,User,Impact,Op_Server0,"[""Op_Server0""]","[""Op_Server0""]","[""Enterprise0"", ""Op_Server0"", ""User0"", ""User4""]","[""Enterprise0"", ""Op_Server0"", ""User0"", ""User4""]","{""blue_first_relevant_response_after_critical"": 13, ""blue_first_relevant_response_after_enterprise"": 6, ""enterprise_foothold_step"": 5, ""first_critical_hit_step"": 12, ""window_end"": null, ""window_start"": null}"
ours_stage2_fair,11,stage1_pref_005_ckpt_191,semantic_aware,episode_005,2,2016,89,Q2_user_action_during_critical_breach,high,DecoyHarakaSMPT,User2,User,Impact,Op_Server0,"[""Op_Server0""]","[""Op_Server0""]","[""Enterprise0"", ""Op_Server0"", ""User0"", ""User4""]","[""Enterprise0"", ""Op_Server0"", ""User0"", ""User4""]","{""blue_first_relevant_response_after_critical"": 13, ""blue_first_relevant_response_after_enterprise"": 6, ""enterprise_foothold_step"": 5, ""first_critical_hit_step"": 12, ""window_end"": null, ""window_start"": null}"
ours_stage2_fair,11,stage1_pref_005_ckpt_191,semantic_aware,episode_005,2,2016,93,Q2_user_action_during_critical_breach,high,Restore,User3,User,Impact,Op_Server0,"[""Op_Server0""]","[""Op_Server0""]","[""Enterprise0"", ""Op_Server0"", ""User0"", ""User4""]","[""Enterprise0"", ""Op_Server0"", ""User0"", ""User4""]","{""blue_first_relevant_response_after_critical"": 13, ""blue_first_relevant_response_after_enterprise"": 6, ""enterprise_foothold_step"": 5, ""first_critical_hit_step"": 12, ""window_end"": null, ""window_start"": null}"
ours_stage2_fair,11,stage1_pref_005_ckpt_191,semantic_aware,episode_005,2,2016,99,Q2_user_action_during_critical_breach,high,Restore,User3,User,Impact,Op_Server0,"[""Op_Server0""]","[""Op_Server0""]","[""Enterprise0"", ""Op_Server0"", ""User0"", ""User4""]","[""Enterprise0"", ""Op_Server0"", ""User0"", ""User4""]","{""blue_first_relevant_response_after_critical"": 13, ""blue_first_relevant_response_after_enterprise"": 6, ""enterprise_foothold_step"": 5, ""first_critical_hit_step"": 12, ""window_end"": null, ""window_start"": null}"
ours_stage2_fair,11,stage1_pref_005_ckpt_191,semantic_aware,episode_005,3,3016,49,Q2_user_action_during_critical_breach,high,DecoyVsftpd,User1,User,Impact,Op_Server0,"[""Op_Server0""]","[""Op_Server0""]","[""Enterprise2"", ""Op_Server0"", ""User0"", ""User1""]","[""Enterprise2"", ""Op_Server0"", ""User0"", ""User1""]","{""blue_first_relevant_response_after_critical"": 26, ""blue_first_relevant_response_after_enterprise"": 6, ""enterprise_foothold_step"": 5, ""first_critical_hit_step"": 24, ""window_end"": null, ""window_start"": null}"
ours_stage2_fair,11,stage1_pref_005_ckpt_191,semantic_aware,episode_005,3,3016,59,Q2_user_action_during_critical_breach,high,DecoyHarakaSMPT,User1,User,Impact,Op_Server0,"[""Op_Server0""]","[""Op_Server0""]","[""Enterprise2"", ""Op_Server0"", ""User0"", ""User1""]","[""Enterprise2"", ""Op_Server0"", ""User0"", ""User1""]","{""blue_first_relevant_response_after_critical"": 26, ""blue_first_relevant_response_after_enterprise"": 6, ""enterprise_foothold_step"": 5, ""first_critical_hit_step"": 24, ""window_end"": null, ""window_start"": null}"
ours_stage2_fair,11,stage1_pref_005_ckpt_191,semantic_aware,episode_005,3,3016,64,Q2_user_action_during_critical_breach,high,Restore,User3,User,PrivilegeEscalate,Op_Server0,"[""Op_Server0""]","[""Op_Server0""]","[""Enterprise2"", ""Op_Server0"", ""User0"", ""User1""]","[""Enterprise2"", ""Op_Server0"", ""User0"", ""User1""]","{""blue_first_relevant_response_after_critical"": 26, ""blue_first_relevant_response_after_enterprise"": 6, ""enterprise_foothold_step"": 5, ""first_critical_hit_step"": 24, ""window_end"": null, ""window_start"": null}"
ours_stage2_fair,11,stage1_pref_005_ckpt_191,semantic_aware,episode_005,3,3016,67,Q2_user_action_during_critical_breach,high,DecoyHarakaSMPT,User2,User,Impact,Op_Server0,"[""Op_Server0""]","[""Op_Server0""]","[""Enterprise2"", ""Op_Server0"", ""User0"", ""User1""]","[""Enterprise2"", ""Op_Server0"", ""User0"", ""User1""]","{""blue_first_relevant_response_after_critical"": 26, ""blue_first_relevant_response_after_enterprise"": 6, ""enterprise_foothold_step"": 5, ""first_critical_hit_step"": 24, ""window_end"": null, ""window_start"": null}"
ours_stage2_fair,11,stage1_pref_005_ckpt_191,semantic_aware,episode_005,3,3016,90,Q2_user_action_during_critical_breach,high,Restore,User3,User,Impact,Op_Server0,"[""Op_Server0""]","[""Op_Server0""]","[""Enterprise2"", ""Op_Server0"", ""User0"", ""User1""]","[""Enterprise2"", ""Op_Server0"", ""User0"", ""User1""]","{""blue_first_relevant_response_after_critical"": 26, ""blue_first_relevant_response_after_enterprise"": 6, ""enterprise_foothold_step"": 5, ""first_critical_hit_step"": 24, ""window_end"": null, ""window_start"": null}"
ours_stage2_fair,11,stage1_pref_005_ckpt_191,semantic_aware,episode_005,3,3016,96,Q2_user_action_during_critical_breach,high,Restore,User3,User,Impact,Op_Server0,"[""Op_Server0""]","[""Op_Server0""]","[""Op_Server0"", ""User0"", ""User1""]","[""Op_Server0"", ""User0"", ""User1""]","{""blue_first_relevant_response_after_critical"": 26, ""blue_first_relevant_response_after_enterprise"": 6, ""enterprise_foothold_step"": 5, ""first_critical_hit_step"": 24, ""window_end"": null, ""window_start"": null}"
ours_stage2_fair,11,stage1_pref_005_ckpt_191,semantic_aware,episode_005,4,4016,19,Q2_user_action_during_critical_breach,high,DecoyVsftpd,User1,User,Impact,Op_Server0,"[""Op_Server0""]","[""Op_Server0""]","[""Enterprise0"", ""Enterprise2"", ""Op_Server0"", ""User0"", ""User4""]","[""Enterprise0"", ""Enterprise2"", ""Op_Server0"", ""User0"", ""User4""]","{""blue_first_relevant_response_after_critical"": 20, ""blue_first_relevant_response_after_enterprise"": 6, ""enterprise_foothold_step"": 5, ""first_critical_hit_step"": 16, ""window_end"": null, ""window_start"": null}"
ours_stage2_fair,11,stage1_pref_005_ckpt_191,semantic_aware,episode_005,4,4016,36,Q2_user_action_during_critical_breach,high,DecoySSHD,User2,User,Impact,Op_Server0,"[""Op_Server0""]","[""Op_Server0""]","[""Enterprise0"", ""Op_Server0"", ""User0"", ""User4""]","[""Enterprise0"", ""Op_Server0"", ""User0"", ""User4""]","{""blue_first_relevant_response_after_critical"": 20, ""blue_first_relevant_response_after_enterprise"": 6, ""enterprise_foothold_step"": 5, ""first_critical_hit_step"": 16, ""window_end"": null, ""window_start"": null}"
ours_stage2_fair,11,stage1_pref_005_ckpt_191,semantic_aware,episode_005,4,4016,68,Q2_user_action_during_critical_breach,high,DecoyApache,User1,User,Impact,Op_Server0,"[""Op_Server0""]","[""Op_Server0""]","[""Enterprise0"", ""Op_Server0"", ""User0"", ""User4""]","[""Enterprise0"", ""Op_Server0"", ""User0"", ""User4""]","{""blue_first_relevant_response_after_critical"": 20, ""blue_first_relevant_response_after_enterprise"": 6, ""enterprise_foothold_step"": 5, ""first_critical_hit_step"": 16, ""window_end"": null, ""window_start"": null}"
ours_stage2_fair,11,stage1_pref_005_ckpt_191,semantic_aware,episode_005,4,4016,16,Q3_missed_immediate_response_to_critical_hit,high,Analyse,Enterprise1,Enterprise,ExploitRemoteService,,[],"[""Op_Server0""]","[""Enterprise0"", ""Enterprise2"", ""User0"", ""User4""]","[""Enterprise0"", ""Enterprise2"", ""Op_Server0"", ""User0"", ""User4""]","{""blue_first_relevant_response_after_critical"": 20, ""blue_first_relevant_response_after_enterprise"": 6, ""enterprise_foothold_step"": 5, ""first_critical_hit_step"": 16, ""window_end"": 19, ""window_start"": 17}"
ours_stage2_fair,11,stage1_pref_005_ckpt_191,semantic_aware,episode_005,5,5016,19,Q2_user_action_during_critical_breach,high,DecoyHarakaSMPT,User3,User,Impact,Op_Server0,"[""Op_Server0""]","[""Op_Server0""]","[""Enterprise1"", ""Enterprise2"", ""Op_Server0"", ""User0"", ""User1""]","[""Enterprise1"", ""Enterprise2"", ""Op_Server0"", ""User0"", ""User1""]","{""blue_first_relevant_response_after_critical"": 17, ""blue_first_relevant_response_after_enterprise"": 6, ""enterprise_foothold_step"": 5, ""first_critical_hit_step"": 16, ""window_end"": null, ""window_start"": null}"
ours_stage2_fair,11,stage1_pref_005_ckpt_191,semantic_aware,episode_005,5,5016,32,Q2_user_action_during_critical_breach,high,Analyse,User3,User,Impact,Op_Server0,"[""Op_Server0""]","[""Op_Server0""]","[""Enterprise2"", ""Op_Server0"", ""User0"", ""User1""]","[""Enterprise2"", ""Op_Server0"", ""User0"", ""User1""]","{""blue_first_relevant_response_after_critical"": 17, ""blue_first_relevant_response_after_enterprise"": 6, ""enterprise_foothold_step"": 5, ""first_critical_hit_step"": 16, ""window_end"": null, ""window_start"": null}"
ours_stage2_fair,11,stage1_pref_005_ckpt_191,semantic_aware,episode_005,5,5016,66,Q2_user_action_during_critical_breach,high,Restore,User3,User,Impact,Op_Server0,"[""Op_Server0""]","[""Op_Server0""]","[""Enterprise2"", ""Op_Server0"", ""User0"", ""User1""]","[""Enterprise2"", ""Op_Server0"", ""User0"", ""User1""]","{""blue_first_relevant_response_after_critical"": 17, ""blue_first_relevant_response_after_enterprise"": 6, ""enterprise_foothold_step"": 5, ""first_critical_hit_step"": 16, ""window_end"": null, ""window_start"": null}"
ours_stage2_fair,11,stage1_pref_005_ckpt_191,semantic_aware,episode_005,5,5016,70,Q2_user_action_during_critical_breach,high,Restore,User3,User,Impact,Op_Server0,"[""Op_Server0""]","[""Op_Server0""]","[""Enterprise2"", ""Op_Server0"", ""User0"", ""User1""]","[""Enterprise2"", ""Op_Server0"", ""User0"", ""User1""]","{""blue_first_relevant_response_after_critical"": 17, ""blue_first_relevant_response_after_enterprise"": 6, ""enterprise_foothold_step"": 5, ""first_critical_hit_step"": 16, ""window_end"": null, ""window_start"": null}"
ours_stage2_fair,11,stage1_pref_005_ckpt_191,semantic_aware,episode_005,5,5016,79,Q2_user_action_during_critical_breach,high,DecoyHarakaSMPT,User3,User,Impact,Op_Server0,"[""Op_Server0""]","[""Op_Server0""]","[""Enterprise2"", ""Op_Server0"", ""User0"", ""User1""]","[""Enterprise2"", ""Op_Server0"", ""User0"", ""User1""]","{""blue_first_relevant_response_after_critical"": 17, ""blue_first_relevant_response_after_enterprise"": 6, ""enterprise_foothold_step"": 5, ""first_critical_hit_step"": 16, ""window_end"": null, ""window_start"": null}"
ours_stage2_fair,11,stage1_pref_005_ckpt_191,semantic_aware,episode_005,5,5016,87,Q2_user_action_during_critical_breach,high,Restore,User3,User,Impact,Op_Server0,"[""Op_Server0""]","[""Op_Server0""]","[""Enterprise2"", ""Op_Server0"", ""User0"", ""User1""]","[""Enterprise2"", ""Op_Server0"", ""User0"", ""User1""]","{""blue_first_relevant_response_after_critical"": 17, ""blue_first_relevant_response_after_enterprise"": 6, ""enterprise_foothold_step"": 5, ""first_critical_hit_step"": 16, ""window_end"": null, ""window_start"": null}"
ours_stage2_fair,11,stage1_pref_005_ckpt_191,semantic_aware,episode_005,6,6016,15,Q2_user_action_during_critical_breach,high,DecoyHarakaSMPT,User1,User,PrivilegeEscalate,Op_Server0,"[""Op_Server0""]","[""Op_Server0""]","[""Enterprise2"", ""Op_Server0"", ""User0"", ""User1""]","[""Enterprise2"", ""Op_Server0"", ""User0"", ""User1""]","{""blue_first_relevant_response_after_critical"": 16, ""blue_first_relevant_response_after_enterprise"": 6, ""enterprise_foothold_step"": 5, ""first_critical_hit_step"": 14, ""window_end"": null, ""window_start"": null}"
ours_stage2_fair,11,stage1_pref_005_ckpt_191,semantic_aware,episode_005,6,6016,24,Q2_user_action_during_critical_breach,high,Restore,User3,User,Impact,Op_Server0,"[""Op_Server0""]","[""Op_Server0""]","[""Enterprise2"", ""Op_Server0"", ""User0"", ""User1""]","[""Enterprise2"", ""Op_Server0"", ""User0"", ""User1""]","{""blue_first_relevant_response_after_critical"": 16, ""blue_first_relevant_response_after_enterprise"": 6, ""enterprise_foothold_step"": 5, ""first_critical_hit_step"": 14, ""window_end"": null, ""window_start"": null}"
ours_stage2_fair,11,stage1_pref_005_ckpt_191,semantic_aware,episode_005,6,6016,50,Q2_user_action_during_critical_breach,high,DecoyVsftpd,User1,User,Impact,Op_Server0,"[""Op_Server0""]","[""Op_Server0""]","[""Op_Server0"", ""User0"", ""User1""]","[""Op_Server0"", ""User0"", ""User1""]","{""blue_first_relevant_response_after_critical"": 16, ""blue_first_relevant_response_after_enterprise"": 6, ""enterprise_foothold_step"": 5, ""first_critical_hit_step"": 14, ""window_end"": null, ""window_start"": null}"
ours_stage2_fair,11,stage1_pref_005_ckpt_191,semantic_aware,episode_005,6,6016,75,Q2_user_action_during_critical_breach,high,Restore,User3,User,Impact,Op_Server0,"[""Op_Server0""]","[""Op_Server0""]","[""Op_Server0"", ""User0"", ""User1""]","[""Op_Server0"", ""User0"", ""User1""]","{""blue_first_relevant_response_after_critical"": 16, ""blue_first_relevant_response_after_enterprise"": 6, ""enterprise_foothold_step"": 5, ""first_critical_hit_step"": 14, ""window_end"": null, ""window_start"": null}"
ours_stage2_fair,11,stage1_pref_005_ckpt_191,semantic_aware,episode_005,7,7016,30,Q2_user_action_during_critical_breach,high,DecoySSHD,User2,User,Impact,Op_Server0,"[""Op_Server0""]","[""Op_Server0""]","[""Op_Server0"", ""User0"", ""User2""]","[""Op_Server0"", ""User0"", ""User2""]","{""blue_first_relevant_response_after_critical"": 13, ""blue_first_relevant_response_after_enterprise"": 6, ""enterprise_foothold_step"": 5, ""first_critical_hit_step"": 12, ""window_end"": null, ""window_start"": null}"
ours_stage2_fair,11,stage1_pref_005_ckpt_191,semantic_aware,episode_005,7,7016,40,Q2_user_action_during_critical_breach,high,Restore,User3,User,Impact,Op_Server0,"[""Op_Server0""]","[""Op_Server0""]","[""Enterprise2"", ""Op_Server0"", ""User0"", ""User2""]","[""Enterprise2"", ""Op_Server0"", ""User0"", ""User2""]","{""blue_first_relevant_response_after_critical"": 13, ""blue_first_relevant_response_after_enterprise"": 6, ""enterprise_foothold_step"": 5, ""first_critical_hit_step"": 12, ""window_end"": null, ""window_start"": null}"
ours_stage2_fair,11,stage1_pref_005_ckpt_191,semantic_aware,episode_005,7,7016,79,Q2_user_action_during_critical_breach,high,DecoyHarakaSMPT,User3,User,Impact,Op_Server0,"[""Op_Server0""]","[""Op_Server0""]","[""Enterprise2"", ""Op_Server0"", ""User0"", ""User2""]","[""Enterprise2"", ""Op_Server0"", ""User0"", ""User2""]","{""blue_first_relevant_response_after_critical"": 13, ""blue_first_relevant_response_after_enterprise"": 6, ""enterprise_foothold_step"": 5, ""first_critical_hit_step"": 12, ""window_end"": null, ""window_start"": null}"
ours_stage2_fair,11,stage1_pref_005_ckpt_191,semantic_aware,episode_005,7,7016,81,Q2_user_action_during_critical_breach,high,Restore,User3,User,Impact,Op_Server0,"[""Op_Server0""]","[""Op_Server0""]","[""Enterprise2"", ""Op_Server0"", ""User0"", ""User2""]","[""Enterprise2"", ""Op_Server0"", ""User0"", ""User2""]","{""blue_first_relevant_response_after_critical"": 13, ""blue_first_relevant_response_after_enterprise"": 6, ""enterprise_foothold_step"": 5, ""first_critical_hit_step"": 12, ""window_end"": null, ""window_start"": null}"
ours_stage2_fair,11,stage1_pref_005_ckpt_191,semantic_aware,episode_005,7,7016,82,Q2_user_action_during_critical_breach,high,Restore,User3,User,Impact,Op_Server0,"[""Op_Server0""]","[""Op_Server0""]","[""Enterprise2"", ""Op_Server0"", ""User0"", ""User2""]","[""Enterprise2"", ""Op_Server0"", ""User0"", ""User2""]","{""blue_first_relevant_response_after_critical"": 13, ""blue_first_relevant_response_after_enterprise"": 6, ""enterprise_foothold_step"": 5, ""first_critical_hit_step"": 12, ""window_end"": null, ""window_start"": null}"
ours_stage2_fair,11,stage1_pref_005_ckpt_191,semantic_aware,episode_006,0,17,15,Q2_user_action_during_critical_breach,high,Restore,User3,User,PrivilegeEscalate,Op_Server0,"[""Op_Server0""]","[""Op_Server0""]","[""Enterprise1"", ""Enterprise2"", ""Op_Server0"", ""User0"", ""User1""]","[""Enterprise1"", ""Enterprise2"", ""Op_Server0"", ""User0"", ""User1""]","{""blue_first_relevant_response_after_critical"": 17, ""blue_first_relevant_response_after_enterprise"": 6, ""enterprise_foothold_step"": 5, ""first_critical_hit_step"": 14, ""window_end"": null, ""window_start"": null}"
ours_stage2_fair,11,stage1_pref_005_ckpt_191,semantic_aware,episode_006,0,17,16,Q2_user_action_during_critical_breach,high,Restore,User3,User,Impact,Op_Server0,"[""Op_Server0""]","[""Op_Server0""]","[""Enterprise1"", ""Enterprise2"", ""Op_Server0"", ""User0"", ""User1""]","[""Enterprise1"", ""Enterprise2"", ""Op_Server0"", ""User0"", ""User1""]","{""blue_first_relevant_response_after_critical"": 17, ""blue_first_relevant_response_after_enterprise"": 6, ""enterprise_foothold_step"": 5, ""first_critical_hit_step"": 14, ""window_end"": null, ""window_start"": null}"
ours_stage2_fair,11,stage1_pref_005_ckpt_191,semantic_aware,episode_006,0,17,35,Q2_user_action_during_critical_breach,high,Restore,User3,User,Impact,Op_Server0,"[""Op_Server0""]","[""Op_Server0""]","[""Enterprise2"", ""Op_Server0"", ""User0"", ""User1""]","[""Enterprise2"", ""Op_Server0"", ""User0"", ""User1""]","{""blue_first_relevant_response_after_critical"": 17, ""blue_first_relevant_response_after_enterprise"": 6, ""enterprise_foothold_step"": 5, ""first_critical_hit_step"": 14, ""window_end"": null, ""window_start"": null}"
ours_stage2_fair,11,stage1_pref_005_ckpt_191,semantic_aware,episode_006,0,17,49,Q2_user_action_during_critical_breach,high,DecoyHarakaSMPT,User1,User,Impact,Op_Server0,"[""Op_Server0""]","[""Op_Server0""]","[""Enterprise2"", ""Op_Server0"", ""User0"", ""User1""]","[""Enterprise2"", ""Op_Server0"", ""User0"", ""User1""]","{""blue_first_relevant_response_after_critical"": 17, ""blue_first_relevant_response_after_enterprise"": 6, ""enterprise_foothold_step"": 5, ""first_critical_hit_step"": 14, ""window_end"": null, ""window_start"": null}"
ours_stage2_fair,11,stage1_pref_005_ckpt_191,semantic_aware,episode_006,0,17,69,Q2_user_action_during_critical_breach,high,DecoyHarakaSMPT,User3,User,Impact,Op_Server0,"[""Op_Server0""]","[""Op_Server0""]","[""Enterprise2"", ""Op_Server0"", ""User0"", ""User1""]","[""Enterprise2"", ""Op_Server0"", ""User0"", ""User1""]","{""blue_first_relevant_response_after_critical"": 17, ""blue_first_relevant_response_after_enterprise"": 6, ""enterprise_foothold_step"": 5, ""first_critical_hit_step"": 14, ""window_end"": null, ""window_start"": null}"
ours_stage2_fair,11,stage1_pref_005_ckpt_191,semantic_aware,episode_006,0,17,95,Q2_user_action_during_critical_breach,high,Restore,User3,User,Impact,Op_Server0,"[""Op_Server0""]","[""Op_Server0""]","[""Enterprise2"", ""Op_Server0"", ""User0"", ""User1""]","[""Enterprise2"", ""Op_Server0"", ""User0"", ""User1""]","{""blue_first_relevant_response_after_critical"": 17, ""blue_first_relevant_response_after_enterprise"": 6, ""enterprise_foothold_step"": 5, ""first_critical_hit_step"": 14, ""window_end"": null, ""window_start"": null}"
ours_stage2_fair,11,stage1_pref_005_ckpt_191,semantic_aware,episode_006,1,1017,32,Q2_user_action_during_critical_breach,high,DecoyVsftpd,User3,User,Impact,Op_Server0,"[""Op_Server0""]","[""Op_Server0""]","[""Enterprise2"", ""Op_Server0"", ""User0"", ""User2""]","[""Enterprise2"", ""Op_Server0"", ""User0"", ""User2""]","{""blue_first_relevant_response_after_critical"": 13, ""blue_first_relevant_response_after_enterprise"": 7, ""enterprise_foothold_step"": 5, ""first_critical_hit_step"": 12, ""window_end"": null, ""window_start"": null}"
ours_stage2_fair,11,stage1_pref_005_ckpt_191,semantic_aware,episode_006,1,1017,67,Q2_user_action_during_critical_breach,high,Restore,User3,User,Impact,Op_Server0,"[""Op_Server0""]","[""Op_Server0""]","[""Op_Server0"", ""User0"", ""User2""]","[""Op_Server0"", ""User0"", ""User2""]","{""blue_first_relevant_response_after_critical"": 13, ""blue_first_relevant_response_after_enterprise"": 7, ""enterprise_foothold_step"": 5, ""first_critical_hit_step"": 12, ""window_end"": null, ""window_start"": null}"
ours_stage2_fair,11,stage1_pref_005_ckpt_191,semantic_aware,episode_006,1,1017,74,Q2_user_action_during_critical_breach,high,Restore,User3,User,Impact,Op_Server0,"[""Op_Server0""]","[""Op_Server0""]","[""Op_Server0"", ""User0"", ""User2""]","[""Op_Server0"", ""User0"", ""User2""]","{""blue_first_relevant_response_after_critical"": 13, ""blue_first_relevant_response_after_enterprise"": 7, ""enterprise_foothold_step"": 5, ""first_critical_hit_step"": 12, ""window_end"": null, ""window_start"": null}"
ours_stage2_fair,11,stage1_pref_005_ckpt_191,semantic_aware,episode_006,1,1017,83,Q2_user_action_during_critical_breach,high,DecoyHarakaSMPT,User1,User,Impact,Op_Server0,"[""Op_Server0""]","[""Op_Server0""]","[""Op_Server0"", ""User0"", ""User2""]","[""Op_Server0"", ""User0"", ""User2""]","{""blue_first_relevant_response_after_critical"": 13, ""blue_first_relevant_response_after_enterprise"": 7, ""enterprise_foothold_step"": 5, ""first_critical_hit_step"": 12, ""window_end"": null, ""window_start"": null}"
ours_stage2_fair,11,stage1_pref_005_ckpt_191,semantic_aware,episode_006,1,1017,89,Q2_user_action_during_critical_breach,high,DecoyHarakaSMPT,User3,User,Impact,Op_Server0,"[""Op_Server0""]","[""Op_Server0""]","[""Op_Server0"", ""User0"", ""User2""]","[""Op_Server0"", ""User0"", ""User2""]","{""blue_first_relevant_response_after_critical"": 13, ""blue_first_relevant_response_after_enterprise"": 7, ""enterprise_foothold_step"": 5, ""first_critical_hit_step"": 12, ""window_end"": null, ""window_start"": null}"
ours_stage2_fair,11,stage1_pref_005_ckpt_191,semantic_aware,episode_006,1,1017,91,Q2_user_action_during_critical_breach,high,DecoyVsftpd,User1,User,Impact,Op_Server0,"[""Op_Server0""]","[""Op_Server0""]","[""Op_Server0"", ""User0"", ""User2""]","[""Op_Server0"", ""User0"", ""User2""]","{""blue_first_relevant_response_after_critical"": 13, ""blue_first_relevant_response_after_enterprise"": 7, ""enterprise_foothold_step"": 5, ""first_critical_hit_step"": 12, ""window_end"": null, ""window_start"": null}"
ours_stage2_fair,11,stage1_pref_005_ckpt_191,semantic_aware,episode_006,2,2017,31,Q2_user_action_during_critical_breach,high,Restore,User3,User,Impact,Op_Server0,"[""Op_Server0""]","[""Op_Server0""]","[""Enterprise2"", ""Op_Server0"", ""User0"", ""User2""]","[""Enterprise2"", ""Op_Server0"", ""User0"", ""User2""]","{""blue_first_relevant_response_after_critical"": 13, ""blue_first_relevant_response_after_enterprise"": 6, ""enterprise_foothold_step"": 5, ""first_critical_hit_step"": 12, ""window_end"": null, ""window_start"": null}"
ours_stage2_fair,11,stage1_pref_005_ckpt_191,semantic_aware,episode_006,2,2017,40,Q2_user_action_during_critical_breach,high,Analyse,User0,User,Impact,Op_Server0,"[""Op_Server0""]","[""Op_Server0""]","[""Enterprise2"", ""Op_Server0"", ""User0"", ""User2""]","[""Enterprise2"", ""Op_Server0"", ""User0"", ""User2""]","{""blue_first_relevant_response_after_critical"": 13, ""blue_first_relevant_response_after_enterprise"": 6, ""enterprise_foothold_step"": 5, ""first_critical_hit_step"": 12, ""window_end"": null, ""window_start"": null}"
ours_stage2_fair,11,stage1_pref_005_ckpt_191,semantic_aware,episode_006,2,2017,51,Q2_user_action_during_critical_breach,high,Restore,User3,User,Impact,Op_Server0,"[""Op_Server0""]","[""Op_Server0""]","[""Enterprise2"", ""Op_Server0"", ""User0"", ""User2""]","[""Enterprise2"", ""Op_Server0"", ""User0"", ""User2""]","{""blue_first_relevant_response_after_critical"": 13, ""blue_first_relevant_response_after_enterprise"": 6, ""enterprise_foothold_step"": 5, ""first_critical_hit_step"": 12, ""window_end"": null, ""window_start"": null}"
ours_stage2_fair,11,stage1_pref_005_ckpt_191,semantic_aware,episode_006,2,2017,83,Q2_user_action_during_critical_breach,high,Restore,User3,User,Impact,Op_Server0,"[""Op_Server0""]","[""Op_Server0""]","[""Op_Server0"", ""User0"", ""User2""]","[""Op_Server0"", ""User0"", ""User2""]","{""blue_first_relevant_response_after_critical"": 13, ""blue_first_relevant_response_after_enterprise"": 6, ""enterprise_foothold_step"": 5, ""first_critical_hit_step"": 12, ""window_end"": null, ""window_start"": null}"
ours_stage2_fair,11,stage1_pref_005_ckpt_191,semantic_aware,episode_006,3,3017,49,Q2_user_action_during_critical_breach,high,DecoyHarakaSMPT,User2,User,Impact,Op_Server0,"[""Op_Server0""]","[""Op_Server0""]","[""Enterprise2"", ""Op_Server0"", ""User0"", ""User1""]","[""Enterprise2"", ""Op_Server0"", ""User0"", ""User1""]","{""blue_first_relevant_response_after_critical"": 25, ""blue_first_relevant_response_after_enterprise"": 6, ""enterprise_foothold_step"": 5, ""first_critical_hit_step"": 24, ""window_end"": null, ""window_start"": null}"
ours_stage2_fair,11,stage1_pref_005_ckpt_191,semantic_aware,episode_006,3,3017,60,Q2_user_action_during_critical_breach,high,Restore,User3,User,Impact,Op_Server0,"[""Op_Server0""]","[""Op_Server0""]","[""Enterprise2"", ""Op_Server0"", ""User0"", ""User1""]","[""Enterprise2"", ""Op_Server0"", ""User0"", ""User1""]","{""blue_first_relevant_response_after_critical"": 25, ""blue_first_relevant_response_after_enterprise"": 6, ""enterprise_foothold_step"": 5, ""first_critical_hit_step"": 24, ""window_end"": null, ""window_start"": null}"
ours_stage2_fair,11,stage1_pref_005_ckpt_191,semantic_aware,episode_006,3,3017,72,Q2_user_action_during_critical_breach,high,DecoyHarakaSMPT,User2,User,Impact,Op_Server0,"[""Op_Server0""]","[""Op_Server0""]","[""Enterprise2"", ""Op_Server0"", ""User0"", ""User1""]","[""Enterprise2"", ""Op_Server0"", ""User0"", ""User1""]","{""blue_first_relevant_response_after_critical"": 25, ""blue_first_relevant_response_after_enterprise"": 6, ""enterprise_foothold_step"": 5, ""first_critical_hit_step"": 24, ""window_end"": null, ""window_start"": null}"
ours_stage2_fair,11,stage1_pref_005_ckpt_191,semantic_aware,episode_006,3,3017,77,Q2_user_action_during_critical_breach,high,Restore,User3,User,Impact,Op_Server0,"[""Op_Server0""]","[""Op_Server0""]","[""Op_Server0"", ""User0"", ""User1""]","[""Op_Server0"", ""User0"", ""User1""]","{""blue_first_relevant_response_after_critical"": 25, ""blue_first_relevant_response_after_enterprise"": 6, ""enterprise_foothold_step"": 5, ""first_critical_hit_step"": 24, ""window_end"": null, ""window_start"": null}"
ours_stage2_fair,11,stage1_pref_005_ckpt_191,semantic_aware,episode_006,3,3017,93,Q2_user_action_during_critical_breach,high,Restore,User3,User,Impact,Op_Server0,"[""Op_Server0""]","[""Op_Server0""]","[""Op_Server0"", ""User0"", ""User1""]","[""Op_Server0"", ""User0"", ""User1""]","{""blue_first_relevant_response_after_critical"": 25, ""blue_first_relevant_response_after_enterprise"": 6, ""enterprise_foothold_step"": 5, ""first_critical_hit_step"": 24, ""window_end"": null, ""window_start"": null}"
ours_stage2_fair,11,stage1_pref_005_ckpt_191,semantic_aware,episode_006,4,4017,18,Q2_user_action_during_critical_breach,high,DecoySSHD,User2,User,Impact,Op_Server0,"[""Op_Server0""]","[""Op_Server0""]","[""Enterprise2"", ""Op_Server0"", ""User0"", ""User2""]","[""Enterprise2"", ""Op_Server0"", ""User0"", ""User2""]","{""blue_first_relevant_response_after_critical"": 13, ""blue_first_relevant_response_after_enterprise"": 6, ""enterprise_foothold_step"": 5, ""first_critical_hit_step"": 12, ""window_end"": null, ""window_start"": null}"
ours_stage2_fair,11,stage1_pref_005_ckpt_191,semantic_aware,episode_006,4,4017,29,Q2_user_action_during_critical_breach,high,Analyse,User0,User,Impact,Op_Server0,"[""Op_Server0""]","[""Op_Server0""]","[""Enterprise2"", ""Op_Server0"", ""User0"", ""User2""]","[""Enterprise2"", ""Op_Server0"", ""User0"", ""User2""]","{""blue_first_relevant_response_after_critical"": 13, ""blue_first_relevant_response_after_enterprise"": 6, ""enterprise_foothold_step"": 5, ""first_critical_hit_step"": 12, ""window_end"": null, ""window_start"": null}"
ours_stage2_fair,11,stage1_pref_005_ckpt_191,semantic_aware,episode_006,4,4017,97,Q2_user_action_during_critical_breach,high,Analyse,User0,User,Impact,Op_Server0,"[""Op_Server0""]","[""Op_Server0""]","[""Op_Server0"", ""User0"", ""User2""]","[""Op_Server0"", ""User0"", ""User2""]","{""blue_first_relevant_response_after_critical"": 13, ""blue_first_relevant_response_after_enterprise"": 6, ""enterprise_foothold_step"": 5, ""first_critical_hit_step"": 12, ""window_end"": null, ""window_start"": null}"
ours_stage2_fair,11,stage1_pref_005_ckpt_191,semantic_aware,episode_006,5,5017,20,Q2_user_action_during_critical_breach,high,Analyse,User0,User,Impact,Op_Server0,"[""Op_Server0""]","[""Op_Server0""]","[""Enterprise1"", ""Op_Server0"", ""User0"", ""User2""]","[""Enterprise1"", ""Op_Server0"", ""User0"", ""User2""]","{""blue_first_relevant_response_after_critical"": 17, ""blue_first_relevant_response_after_enterprise"": 6, ""enterprise_foothold_step"": 5, ""first_critical_hit_step"": 16, ""window_end"": null, ""window_start"": null}"
ours_stage2_fair,11,stage1_pref_005_ckpt_191,semantic_aware,episode_006,5,5017,28,Q2_user_action_during_critical_breach,high,Restore,User3,User,Impact,Op_Server0,"[""Op_Server0""]","[""Op_Server0""]","[""Op_Server0"", ""User0"", ""User2""]","[""Op_Server0"", ""User0"", ""User2""]","{""blue_first_relevant_response_after_critical"": 17, ""blue_first_relevant_response_after_enterprise"": 6, ""enterprise_foothold_step"": 5, ""first_critical_hit_step"": 16, ""window_end"": null, ""window_start"": null}"
ours_stage2_fair,11,stage1_pref_005_ckpt_191,semantic_aware,episode_006,5,5017,30,Q2_user_action_during_critical_breach,high,Restore,User3,User,Impact,Op_Server0,"[""Op_Server0""]","[""Op_Server0""]","[""Op_Server0"", ""User0"", ""User2""]","[""Op_Server0"", ""User0"", ""User2""]","{""blue_first_relevant_response_after_critical"": 17, ""blue_first_relevant_response_after_enterprise"": 6, ""enterprise_foothold_step"": 5, ""first_critical_hit_step"": 16, ""window_end"": null, ""window_start"": null}"
ours_stage2_fair,11,stage1_pref_005_ckpt_191,semantic_aware,episode_006,5,5017,74,Q2_user_action_during_critical_breach,high,DecoyHarakaSMPT,User4,User,Impact,Op_Server0,"[""Op_Server0""]","[""Op_Server0""]","[""Enterprise2"", ""Op_Server0"", ""User0"", ""User2""]","[""Enterprise2"", ""Op_Server0"", ""User0"", ""User2""]","{""blue_first_relevant_response_after_critical"": 17, ""blue_first_relevant_response_after_enterprise"": 6, ""enterprise_foothold_step"": 5, ""first_critical_hit_step"": 16, ""window_end"": null, ""window_start"": null}"
ours_stage2_fair,11,stage1_pref_005_ckpt_191,semantic_aware,episode_006,5,5017,75,Q2_user_action_during_critical_breach,high,DecoyApache,User1,User,Impact,Op_Server0,"[""Op_Server0""]","[""Op_Server0""]","[""Enterprise2"", ""Op_Server0"", ""User0"", ""User2""]","[""Enterprise2"", ""Op_Server0"", ""User0"", ""User2""]","{""blue_first_relevant_response_after_critical"": 17, ""blue_first_relevant_response_after_enterprise"": 6, ""enterprise_foothold_step"": 5, ""first_critical_hit_step"": 16, ""window_end"": null, ""window_start"": null}"
ours_stage2_fair,11,stage1_pref_005_ckpt_191,semantic_aware,episode_006,5,5017,76,Q2_user_action_during_critical_breach,high,Restore,User3,User,Impact,Op_Server0,"[""Op_Server0""]","[""Op_Server0""]","[""Enterprise2"", ""Op_Server0"", ""User0"", ""User2""]","[""Enterprise2"", ""Op_Server0"", ""User0"", ""User2""]","{""blue_first_relevant_response_after_critical"": 17, ""blue_first_relevant_response_after_enterprise"": 6, ""enterprise_foothold_step"": 5, ""first_critical_hit_step"": 16, ""window_end"": null, ""window_start"": null}"
ours_stage2_fair,11,stage1_pref_005_ckpt_191,semantic_aware,episode_006,5,5017,87,Q2_user_action_during_critical_breach,high,Restore,User3,User,Impact,Op_Server0,"[""Op_Server0""]","[""Op_Server0""]","[""Enterprise2"", ""Op_Server0"", ""User0"", ""User2""]","[""Enterprise2"", ""Op_Server0"", ""User0"", ""User2""]","{""blue_first_relevant_response_after_critical"": 17, ""blue_first_relevant_response_after_enterprise"": 6, ""enterprise_foothold_step"": 5, ""first_critical_hit_step"": 16, ""window_end"": null, ""window_start"": null}"
ours_stage2_fair,11,stage1_pref_005_ckpt_191,semantic_aware,episode_006,5,5017,91,Q2_user_action_during_critical_breach,high,Restore,User3,User,Impact,Op_Server0,"[""Op_Server0""]","[""Op_Server0""]","[""Enterprise2"", ""Op_Server0"", ""User0"", ""User2""]","[""Enterprise2"", ""Op_Server0"", ""User0"", ""User2""]","{""blue_first_relevant_response_after_critical"": 17, ""blue_first_relevant_response_after_enterprise"": 6, ""enterprise_foothold_step"": 5, ""first_critical_hit_step"": 16, ""window_end"": null, ""window_start"": null}"
ours_stage2_fair,11,stage1_pref_005_ckpt_191,semantic_aware,episode_006,5,5017,74,Q4_user_focus_after_enterprise_foothold,medium,DecoyHarakaSMPT,User4,User,Impact,Op_Server0,"[""Op_Server0""]","[""Op_Server0""]","[""Enterprise2"", ""Op_Server0"", ""User0"", ""User2""]","[""Enterprise2"", ""Op_Server0"", ""User0"", ""User2""]","{""blue_first_relevant_response_after_critical"": 17, ""blue_first_relevant_response_after_enterprise"": 6, ""enterprise_foothold_step"": 5, ""first_critical_hit_step"": 16, ""window_end"": 76, ""window_start"": 74}"
ours_stage2_fair,11,stage1_pref_005_ckpt_191,semantic_aware,episode_006,6,6017,66,Q2_user_action_during_critical_breach,high,Restore,User3,User,Impact,Op_Server0,"[""Op_Server0""]","[""Op_Server0""]","[""Enterprise0"", ""Op_Server0"", ""User0""]","[""Enterprise0"", ""Op_Server0"", ""User0""]","{""blue_first_relevant_response_after_critical"": 29, ""blue_first_relevant_response_after_enterprise"": 6, ""enterprise_foothold_step"": 5, ""first_critical_hit_step"": 28, ""window_end"": null, ""window_start"": null}"
ours_stage2_fair,11,stage1_pref_005_ckpt_191,semantic_aware,episode_006,6,6017,78,Q2_user_action_during_critical_breach,high,DecoyHarakaSMPT,User2,User,Impact,Op_Server0,"[""Op_Server0""]","[""Op_Server0""]","[""Enterprise0"", ""Op_Server0"", ""User0""]","[""Enterprise0"", ""Op_Server0"", ""User0""]","{""blue_first_relevant_response_after_critical"": 29, ""blue_first_relevant_response_after_enterprise"": 6, ""enterprise_foothold_step"": 5, ""first_critical_hit_step"": 28, ""window_end"": null, ""window_start"": null}"
ours_stage2_fair,11,stage1_pref_005_ckpt_191,semantic_aware,episode_006,6,6017,80,Q2_user_action_during_critical_breach,high,DecoyHarakaSMPT,User2,User,Impact,Op_Server0,"[""Op_Server0""]","[""Op_Server0""]","[""Enterprise0"", ""Op_Server0"", ""User0""]","[""Enterprise0"", ""Op_Server0"", ""User0""]","{""blue_first_relevant_response_after_critical"": 29, ""blue_first_relevant_response_after_enterprise"": 6, ""enterprise_foothold_step"": 5, ""first_critical_hit_step"": 28, ""window_end"": null, ""window_start"": null}"
ours_stage2_fair,11,stage1_pref_005_ckpt_191,semantic_aware,episode_006,6,6017,86,Q2_user_action_during_critical_breach,high,DecoyHarakaSMPT,User1,User,Impact,Op_Server0,"[""Op_Server0""]","[""Op_Server0""]","[""Enterprise0"", ""Op_Server0"", ""User0""]","[""Enterprise0"", ""Op_Server0"", ""User0""]","{""blue_first_relevant_response_after_critical"": 29, ""blue_first_relevant_response_after_enterprise"": 6, ""enterprise_foothold_step"": 5, ""first_critical_hit_step"": 28, ""window_end"": null, ""window_start"": null}"
ours_stage2_fair,11,stage1_pref_005_ckpt_191,semantic_aware,episode_006,6,6017,90,Q2_user_action_during_critical_breach,high,DecoyHarakaSMPT,User3,User,Impact,Op_Server0,"[""Op_Server0""]","[""Op_Server0""]","[""Enterprise0"", ""Op_Server0"", ""User0""]","[""Enterprise0"", ""Op_Server0"", ""User0""]","{""blue_first_relevant_response_after_critical"": 29, ""blue_first_relevant_response_after_enterprise"": 6, ""enterprise_foothold_step"": 5, ""first_critical_hit_step"": 28, ""window_end"": null, ""window_start"": null}"
ours_stage2_fair,11,stage1_pref_005_ckpt_191,semantic_aware,episode_006,7,7017,18,Q2_user_action_during_critical_breach,high,DecoySvchost,User4,User,Impact,Op_Server0,"[""Op_Server0""]","[""Op_Server0""]","[""Enterprise0"", ""Enterprise2"", ""Op_Server0"", ""User0"", ""User4""]","[""Enterprise0"", ""Enterprise2"", ""Op_Server0"", ""User0"", ""User4""]","{""blue_first_relevant_response_after_critical"": 13, ""blue_first_relevant_response_after_enterprise"": 7, ""enterprise_foothold_step"": 5, ""first_critical_hit_step"": 12, ""window_end"": null, ""window_start"": null}"
ours_stage2_fair,11,stage1_pref_005_ckpt_191,semantic_aware,episode_006,7,7017,43,Q2_user_action_during_critical_breach,high,DecoyHarakaSMPT,User3,User,Impact,Op_Server0,"[""Op_Server0""]","[""Op_Server0""]","[""Enterprise0"", ""Enterprise2"", ""Op_Server0"", ""User0"", ""User4""]","[""Enterprise0"", ""Enterprise2"", ""Op_Server0"", ""User0"", ""User4""]","{""blue_first_relevant_response_after_critical"": 13, ""blue_first_relevant_response_after_enterprise"": 7, ""enterprise_foothold_step"": 5, ""first_critical_hit_step"": 12, ""window_end"": null, ""window_start"": null}"
ours_stage2_fair,11,stage1_pref_005_ckpt_191,semantic_aware,episode_006,7,7017,47,Q2_user_action_during_critical_breach,high,DecoyFemitter,User0,User,Impact,Op_Server0,"[""Op_Server0""]","[""Op_Server0""]","[""Enterprise0"", ""Enterprise2"", ""Op_Server0"", ""User0"", ""User4""]","[""Enterprise0"", ""Enterprise2"", ""Op_Server0"", ""User0"", ""User4""]","{""blue_first_relevant_response_after_critical"": 13, ""blue_first_relevant_response_after_enterprise"": 7, ""enterprise_foothold_step"": 5, ""first_critical_hit_step"": 12, ""window_end"": null, ""window_start"": null}"
ours_stage2_fair,11,stage1_pref_005_ckpt_191,semantic_aware,episode_006,7,7017,59,Q2_user_action_during_critical_breach,high,Restore,User3,User,Impact,Op_Server0,"[""Op_Server0""]","[""Op_Server0""]","[""Enterprise0"", ""Enterprise2"", ""Op_Server0"", ""User0"", ""User4""]","[""Enterprise0"", ""Enterprise2"", ""Op_Server0"", ""User0"", ""User4""]","{""blue_first_relevant_response_after_critical"": 13, ""blue_first_relevant_response_after_enterprise"": 7, ""enterprise_foothold_step"": 5, ""first_critical_hit_step"": 12, ""window_end"": null, ""window_start"": null}"
ours_stage2_fair,11,stage1_pref_005_ckpt_191,semantic_aware,episode_006,7,7017,74,Q2_user_action_during_critical_breach,high,Restore,User3,User,PrivilegeEscalate,Op_Server0,"[""Op_Server0""]","[""Op_Server0""]","[""Enterprise0"", ""Enterprise2"", ""Op_Server0"", ""User0"", ""User4""]","[""Enterprise0"", ""Enterprise2"", ""Op_Server0"", ""User0"", ""User4""]","{""blue_first_relevant_response_after_critical"": 13, ""blue_first_relevant_response_after_enterprise"": 7, ""enterprise_foothold_step"": 5, ""first_critical_hit_step"": 12, ""window_end"": null, ""window_start"": null}"
ours_stage2_fair,11,stage1_pref_005_ckpt_191,semantic_aware,episode_006,7,7017,78,Q2_user_action_during_critical_breach,high,DecoySSHD,User2,User,Impact,Op_Server0,"[""Op_Server0""]","[""Op_Server0""]","[""Enterprise0"", ""Enterprise2"", ""Op_Server0"", ""User0"", ""User4""]","[""Enterprise0"", ""Enterprise2"", ""Op_Server0"", ""User0"", ""User4""]","{""blue_first_relevant_response_after_critical"": 13, ""blue_first_relevant_response_after_enterprise"": 7, ""enterprise_foothold_step"": 5, ""first_critical_hit_step"": 12, ""window_end"": null, ""window_start"": null}"
ours_stage2_fair,11,stage1_pref_005_ckpt_191,semantic_aware,episode_006,7,7017,89,Q2_user_action_during_critical_breach,high,Analyse,User0,User,Impact,Op_Server0,"[""Op_Server0""]","[""Op_Server0""]","[""Enterprise0"", ""Enterprise2"", ""Op_Server0"", ""User0"", ""User4""]","[""Enterprise0"", ""Enterprise2"", ""Op_Server0"", ""User0"", ""User4""]","{""blue_first_relevant_response_after_critical"": 13, ""blue_first_relevant_response_after_enterprise"": 7, ""enterprise_foothold_step"": 5, ""first_critical_hit_step"": 12, ""window_end"": null, ""window_start"": null}"
ours_stage2_fair,11,stage1_pref_005_ckpt_191,semantic_aware,episode_006,7,7017,90,Q2_user_action_during_critical_breach,high,Restore,User3,User,Impact,Op_Server0,"[""Op_Server0""]","[""Op_Server0""]","[""Enterprise0"", ""Enterprise2"", ""Op_Server0"", ""User0"", ""User4""]","[""Enterprise0"", ""Enterprise2"", ""Op_Server0"", ""User0"", ""User4""]","{""blue_first_relevant_response_after_critical"": 13, ""blue_first_relevant_response_after_enterprise"": 7, ""enterprise_foothold_step"": 5, ""first_critical_hit_step"": 12, ""window_end"": null, ""window_start"": null}"
ours_stage2_fair,11,stage1_pref_005_ckpt_191,semantic_aware,episode_007,0,18,43,Q2_user_action_during_critical_breach,high,DecoyVsftpd,User1,User,Impact,Op_Server0,"[""Op_Server0""]","[""Op_Server0""]","[""Enterprise0"", ""Op_Server0"", ""User0""]","[""Enterprise0"", ""Op_Server0"", ""User0""]","{""blue_first_relevant_response_after_critical"": 33, ""blue_first_relevant_response_after_enterprise"": 7, ""enterprise_foothold_step"": 5, ""first_critical_hit_step"": 32, ""window_end"": null, ""window_start"": null}"
ours_stage2_fair,11,stage1_pref_005_ckpt_191,semantic_aware,episode_007,0,18,63,Q2_user_action_during_critical_breach,high,DecoyHarakaSMPT,User3,User,Impact,Op_Server0,"[""Op_Server0""]","[""Op_Server0""]","[""Enterprise0"", ""Enterprise2"", ""Op_Server0"", ""User0""]","[""Enterprise0"", ""Enterprise2"", ""Op_Server0"", ""User0""]","{""blue_first_relevant_response_after_critical"": 33, ""blue_first_relevant_response_after_enterprise"": 7, ""enterprise_foothold_step"": 5, ""first_critical_hit_step"": 32, ""window_end"": null, ""window_start"": null}"
ours_stage2_fair,11,stage1_pref_005_ckpt_191,semantic_aware,episode_007,0,18,71,Q2_user_action_during_critical_breach,high,Restore,User3,User,Impact,Op_Server0,"[""Op_Server0""]","[""Op_Server0""]","[""Enterprise0"", ""Enterprise2"", ""Op_Server0"", ""User0""]","[""Enterprise0"", ""Enterprise2"", ""Op_Server0"", ""User0""]","{""blue_first_relevant_response_after_critical"": 33, ""blue_first_relevant_response_after_enterprise"": 7, ""enterprise_foothold_step"": 5, ""first_critical_hit_step"": 32, ""window_end"": null, ""window_start"": null}"
ours_stage2_fair,11,stage1_pref_005_ckpt_191,semantic_aware,episode_007,1,1018,29,Q2_user_action_during_critical_breach,high,Restore,User3,User,PrivilegeEscalate,Op_Server0,"[""Op_Server0""]","[""Op_Server0""]","[""Enterprise2"", ""Op_Server0"", ""User0"", ""User1""]","[""Enterprise2"", ""Op_Server0"", ""User0"", ""User1""]","{""blue_first_relevant_response_after_critical"": 19, ""blue_first_relevant_response_after_enterprise"": 6, ""enterprise_foothold_step"": 5, ""first_critical_hit_step"": 18, ""window_end"": null, ""window_start"": null}"
ours_stage2_fair,11,stage1_pref_005_ckpt_191,semantic_aware,episode_007,1,1018,40,Q2_user_action_during_critical_breach,high,Restore,User3,User,Impact,Op_Server0,"[""Op_Server0""]","[""Op_Server0""]","[""Enterprise2"", ""Op_Server0"", ""User0"", ""User1""]","[""Enterprise2"", ""Op_Server0"", ""User0"", ""User1""]","{""blue_first_relevant_response_after_critical"": 19, ""blue_first_relevant_response_after_enterprise"": 6, ""enterprise_foothold_step"": 5, ""first_critical_hit_step"": 18, ""window_end"": null, ""window_start"": null}"
ours_stage2_fair,11,stage1_pref_005_ckpt_191,semantic_aware,episode_007,1,1018,45,Q2_user_action_during_critical_breach,high,DecoySmss,User3,User,PrivilegeEscalate,Op_Server0,"[""Op_Server0""]","[""Op_Server0""]","[""Enterprise2"", ""Op_Server0"", ""User0"", ""User1""]","[""Enterprise2"", ""Op_Server0"", ""User0"", ""User1""]","{""blue_first_relevant_response_after_critical"": 19, ""blue_first_relevant_response_after_enterprise"": 6, ""enterprise_foothold_step"": 5, ""first_critical_hit_step"": 18, ""window_end"": null, ""window_start"": null}"
ours_stage2_fair,11,stage1_pref_005_ckpt_191,semantic_aware,episode_007,1,1018,51,Q2_user_action_during_critical_breach,high,Restore,User3,User,Impact,Op_Server0,"[""Op_Server0""]","[""Op_Server0""]","[""Enterprise2"", ""Op_Server0"", ""User0"", ""User1""]","[""Enterprise2"", ""Op_Server0"", ""User0"", ""User1""]","{""blue_first_relevant_response_after_critical"": 19, ""blue_first_relevant_response_after_enterprise"": 6, ""enterprise_foothold_step"": 5, ""first_critical_hit_step"": 18, ""window_end"": null, ""window_start"": null}"
ours_stage2_fair,11,stage1_pref_005_ckpt_191,semantic_aware,episode_007,1,1018,57,Q2_user_action_during_critical_breach,high,Restore,User3,User,Impact,Op_Server0,"[""Op_Server0""]","[""Op_Server0""]","[""Enterprise2"", ""Op_Server0"", ""User0"", ""User1""]","[""Enterprise2"", ""Op_Server0"", ""User0"", ""User1""]","{""blue_first_relevant_response_after_critical"": 19, ""blue_first_relevant_response_after_enterprise"": 6, ""enterprise_foothold_step"": 5, ""first_critical_hit_step"": 18, ""window_end"": null, ""window_start"": null}"
ours_stage2_fair,11,stage1_pref_005_ckpt_191,semantic_aware,episode_007,1,1018,64,Q2_user_action_during_critical_breach,high,DecoyHarakaSMPT,User2,User,Impact,Op_Server0,"[""Op_Server0""]","[""Op_Server0""]","[""Op_Server0"", ""User0"", ""User1""]","[""Op_Server0"", ""User0"", ""User1""]","{""blue_first_relevant_response_after_critical"": 19, ""blue_first_relevant_response_after_enterprise"": 6, ""enterprise_foothold_step"": 5, ""first_critical_hit_step"": 18, ""window_end"": null, ""window_start"": null}"
ours_stage2_fair,11,stage1_pref_005_ckpt_191,semantic_aware,episode_007,1,1018,78,Q2_user_action_during_critical_breach,high,Restore,User3,User,Impact,Op_Server0,"[""Op_Server0""]","[""Op_Server0""]","[""Enterprise2"", ""Op_Server0"", ""User0"", ""User1""]","[""Enterprise2"", ""Op_Server0"", ""User0"", ""User1""]","{""blue_first_relevant_response_after_critical"": 19, ""blue_first_relevant_response_after_enterprise"": 6, ""enterprise_foothold_step"": 5, ""first_critical_hit_step"": 18, ""window_end"": null, ""window_start"": null}"
ours_stage2_fair,11,stage1_pref_005_ckpt_191,semantic_aware,episode_007,1,1018,80,Q2_user_action_during_critical_breach,high,Restore,User0,User,Impact,Op_Server0,"[""Op_Server0""]","[""Op_Server0""]","[""Enterprise2"", ""Op_Server0"", ""User0"", ""User1""]","[""Enterprise2"", ""Op_Server0"", ""User0"", ""User1""]","{""blue_first_relevant_response_after_critical"": 19, ""blue_first_relevant_response_after_enterprise"": 6, ""enterprise_foothold_step"": 5, ""first_critical_hit_step"": 18, ""window_end"": null, ""window_start"": null}"
ours_stage2_fair,11,stage1_pref_005_ckpt_191,semantic_aware,episode_007,1,1018,82,Q2_user_action_during_critical_breach,high,Analyse,User0,User,Impact,Op_Server0,"[""Op_Server0""]","[""Op_Server0""]","[""Enterprise2"", ""Op_Server0"", ""User0"", ""User1""]","[""Enterprise2"", ""Op_Server0"", ""User0"", ""User1""]","{""blue_first_relevant_response_after_critical"": 19, ""blue_first_relevant_response_after_enterprise"": 6, ""enterprise_foothold_step"": 5, ""first_critical_hit_step"": 18, ""window_end"": null, ""window_start"": null}"
ours_stage2_fair,11,stage1_pref_005_ckpt_191,semantic_aware,episode_007,1,1018,84,Q2_user_action_during_critical_breach,high,DecoyHarakaSMPT,User2,User,Impact,Op_Server0,"[""Op_Server0""]","[""Op_Server0""]","[""Enterprise2"", ""Op_Server0"", ""User0"", ""User1""]","[""Enterprise2"", ""Op_Server0"", ""User0"", ""User1""]","{""blue_first_relevant_response_after_critical"": 19, ""blue_first_relevant_response_after_enterprise"": 6, ""enterprise_foothold_step"": 5, ""first_critical_hit_step"": 18, ""window_end"": null, ""window_start"": null}"
ours_stage2_fair,11,stage1_pref_005_ckpt_191,semantic_aware,episode_007,2,2018,18,Q2_user_action_during_critical_breach,high,Restore,User3,User,Impact,Op_Server0,"[""Op_Server0""]","[""Op_Server0""]","[""Enterprise0"", ""Enterprise2"", ""Op_Server0"", ""User0"", ""User4""]","[""Enterprise0"", ""Enterprise2"", ""Op_Server0"", ""User0"", ""User4""]","{""blue_first_relevant_response_after_critical"": 15, ""blue_first_relevant_response_after_enterprise"": 6, ""enterprise_foothold_step"": 5, ""first_critical_hit_step"": 12, ""window_end"": null, ""window_start"": null}"
ours_stage2_fair,11,stage1_pref_005_ckpt_191,semantic_aware,episode_007,2,2018,22,Q2_user_action_during_critical_breach,high,Restore,User3,User,Impact,Op_Server0,"[""Op_Server0""]","[""Op_Server0""]","[""Enterprise0"", ""Enterprise2"", ""Op_Server0"", ""User0"", ""User4""]","[""Enterprise0"", ""Enterprise2"", ""Op_Server0"", ""User0"", ""User4""]","{""blue_first_relevant_response_after_critical"": 15, ""blue_first_relevant_response_after_enterprise"": 6, ""enterprise_foothold_step"": 5, ""first_critical_hit_step"": 12, ""window_end"": null, ""window_start"": null}"
ours_stage2_fair,11,stage1_pref_005_ckpt_191,semantic_aware,episode_007,2,2018,27,Q2_user_action_during_critical_breach,high,Restore,User3,User,Impact,Op_Server0,"[""Op_Server0""]","[""Op_Server0""]","[""Enterprise0"", ""Enterprise2"", ""Op_Server0"", ""User0"", ""User4""]","[""Enterprise0"", ""Enterprise2"", ""Op_Server0"", ""User0"", ""User4""]","{""blue_first_relevant_response_after_critical"": 15, ""blue_first_relevant_response_after_enterprise"": 6, ""enterprise_foothold_step"": 5, ""first_critical_hit_step"": 12, ""window_end"": null, ""window_start"": null}"
ours_stage2_fair,11,stage1_pref_005_ckpt_191,semantic_aware,episode_007,2,2018,38,Q2_user_action_during_critical_breach,high,Restore,User3,User,Impact,Op_Server0,"[""Op_Server0""]","[""Op_Server0""]","[""Enterprise0"", ""Enterprise2"", ""Op_Server0"", ""User0"", ""User4""]","[""Enterprise0"", ""Enterprise2"", ""Op_Server0"", ""User0"", ""User4""]","{""blue_first_relevant_response_after_critical"": 15, ""blue_first_relevant_response_after_enterprise"": 6, ""enterprise_foothold_step"": 5, ""first_critical_hit_step"": 12, ""window_end"": null, ""window_start"": null}"
ours_stage2_fair,11,stage1_pref_005_ckpt_191,semantic_aware,episode_007,2,2018,41,Q2_user_action_during_critical_breach,high,Restore,User3,User,Impact,Op_Server0,"[""Op_Server0""]","[""Op_Server0""]","[""Enterprise0"", ""Enterprise2"", ""Op_Server0"", ""User0"", ""User4""]","[""Enterprise0"", ""Enterprise2"", ""Op_Server0"", ""User0"", ""User4""]","{""blue_first_relevant_response_after_critical"": 15, ""blue_first_relevant_response_after_enterprise"": 6, ""enterprise_foothold_step"": 5, ""first_critical_hit_step"": 12, ""window_end"": null, ""window_start"": null}"
ours_stage2_fair,11,stage1_pref_005_ckpt_191,semantic_aware,episode_007,2,2018,45,Q2_user_action_during_critical_breach,high,DecoyHarakaSMPT,User1,User,Impact,Op_Server0,"[""Op_Server0""]","[""Op_Server0""]","[""Enterprise0"", ""Enterprise2"", ""Op_Server0"", ""User0"", ""User4""]","[""Enterprise0"", ""Enterprise2"", ""Op_Server0"", ""User0"", ""User4""]","{""blue_first_relevant_response_after_critical"": 15, ""blue_first_relevant_response_after_enterprise"": 6, ""enterprise_foothold_step"": 5, ""first_critical_hit_step"": 12, ""window_end"": null, ""window_start"": null}"
ours_stage2_fair,11,stage1_pref_005_ckpt_191,semantic_aware,episode_007,2,2018,65,Q2_user_action_during_critical_breach,high,Restore,User3,User,Impact,Op_Server0,"[""Op_Server0""]","[""Op_Server0""]","[""Enterprise0"", ""Op_Server0"", ""User0"", ""User4""]","[""Enterprise0"", ""Op_Server0"", ""User0"", ""User4""]","{""blue_first_relevant_response_after_critical"": 15, ""blue_first_relevant_response_after_enterprise"": 6, ""enterprise_foothold_step"": 5, ""first_critical_hit_step"": 12, ""window_end"": null, ""window_start"": null}"
ours_stage2_fair,11,stage1_pref_005_ckpt_191,semantic_aware,episode_007,2,2018,70,Q2_user_action_during_critical_breach,high,DecoyHarakaSMPT,User3,User,Impact,Op_Server0,"[""Op_Server0""]","[""Op_Server0""]","[""Enterprise0"", ""Op_Server0"", ""User0"", ""User4""]","[""Enterprise0"", ""Op_Server0"", ""User0"", ""User4""]","{""blue_first_relevant_response_after_critical"": 15, ""blue_first_relevant_response_after_enterprise"": 6, ""enterprise_foothold_step"": 5, ""first_critical_hit_step"": 12, ""window_end"": null, ""window_start"": null}"
ours_stage2_fair,11,stage1_pref_005_ckpt_191,semantic_aware,episode_007,2,2018,93,Q2_user_action_during_critical_breach,high,DecoyHarakaSMPT,User2,User,Impact,Op_Server0,"[""Op_Server0""]","[""Op_Server0""]","[""Enterprise0"", ""Op_Server0"", ""User0"", ""User4""]","[""Enterprise0"", ""Op_Server0"", ""User0"", ""User4""]","{""blue_first_relevant_response_after_critical"": 15, ""blue_first_relevant_response_after_enterprise"": 6, ""enterprise_foothold_step"": 5, ""first_critical_hit_step"": 12, ""window_end"": null, ""window_start"": null}"
ours_stage2_fair,11,stage1_pref_005_ckpt_191,semantic_aware,episode_007,3,3018,16,Q2_user_action_during_critical_breach,high,DecoyVsftpd,User1,User,Impact,Op_Server0,"[""Op_Server0""]","[""Op_Server0""]","[""Enterprise2"", ""Op_Server0"", ""User0"", ""User1""]","[""Enterprise2"", ""Op_Server0"", ""User0"", ""User1""]","{""blue_first_relevant_response_after_critical"": 13, ""blue_first_relevant_response_after_enterprise"": 6, ""enterprise_foothold_step"": 5, ""first_critical_hit_step"": 12, ""window_end"": null, ""window_start"": null}"
ours_stage2_fair,11,stage1_pref_005_ckpt_191,semantic_aware,episode_007,3,3018,22,Q2_user_action_during_critical_breach,high,Restore,User3,User,Impact,Op_Server0,"[""Op_Server0""]","[""Op_Server0""]","[""Enterprise2"", ""Op_Server0"", ""User0"", ""User1""]","[""Enterprise2"", ""Op_Server0"", ""User0"", ""User1""]","{""blue_first_relevant_response_after_critical"": 13, ""blue_first_relevant_response_after_enterprise"": 6, ""enterprise_foothold_step"": 5, ""first_critical_hit_step"": 12, ""window_end"": null, ""window_start"": null}"
ours_stage2_fair,11,stage1_pref_005_ckpt_191,semantic_aware,episode_007,3,3018,45,Q2_user_action_during_critical_breach,high,DecoySSHD,User3,User,Impact,Op_Server0,"[""Op_Server0""]","[""Op_Server0""]","[""Op_Server0"", ""User0"", ""User1""]","[""Op_Server0"", ""User0"", ""User1""]","{""blue_first_relevant_response_after_critical"": 13, ""blue_first_relevant_response_after_enterprise"": 6, ""enterprise_foothold_step"": 5, ""first_critical_hit_step"": 12, ""window_end"": null, ""window_start"": null}"
ours_stage2_fair,11,stage1_pref_005_ckpt_191,semantic_aware,episode_007,3,3018,67,Q2_user_action_during_critical_breach,high,Restore,User3,User,Impact,Op_Server0,"[""Op_Server0""]","[""Op_Server0""]","[""Enterprise2"", ""Op_Server0"", ""User0"", ""User1""]","[""Enterprise2"", ""Op_Server0"", ""User0"", ""User1""]","{""blue_first_relevant_response_after_critical"": 13, ""blue_first_relevant_response_after_enterprise"": 6, ""enterprise_foothold_step"": 5, ""first_critical_hit_step"": 12, ""window_end"": null, ""window_start"": null}"
ours_stage2_fair,11,stage1_pref_005_ckpt_191,semantic_aware,episode_007,3,3018,77,Q2_user_action_during_critical_breach,high,DecoyFemitter,User0,User,Impact,Op_Server0,"[""Op_Server0""]","[""Op_Server0""]","[""Enterprise2"", ""Op_Server0"", ""User0"", ""User1""]","[""Enterprise2"", ""Op_Server0"", ""User0"", ""User1""]","{""blue_first_relevant_response_after_critical"": 13, ""blue_first_relevant_response_after_enterprise"": 6, ""enterprise_foothold_step"": 5, ""first_critical_hit_step"": 12, ""window_end"": null, ""window_start"": null}"
ours_stage2_fair,11,stage1_pref_005_ckpt_191,semantic_aware,episode_007,3,3018,80,Q2_user_action_during_critical_breach,high,DecoyHarakaSMPT,User3,User,Impact,Op_Server0,"[""Op_Server0""]","[""Op_Server0""]","[""Enterprise2"", ""Op_Server0"", ""User0"", ""User1""]","[""Enterprise2"", ""Op_Server0"", ""User0"", ""User1""]","{""blue_first_relevant_response_after_critical"": 13, ""blue_first_relevant_response_after_enterprise"": 6, ""enterprise_foothold_step"": 5, ""first_critical_hit_step"": 12, ""window_end"": null, ""window_start"": null}"
ours_stage2_fair,11,stage1_pref_005_ckpt_191,semantic_aware,episode_007,3,3018,98,Q2_user_action_during_critical_breach,high,Restore,User3,User,Impact,Op_Server0,"[""Op_Server0""]","[""Op_Server0""]","[""Enterprise2"", ""Op_Server0"", ""User0"", ""User1""]","[""Enterprise2"", ""Op_Server0"", ""User0"", ""User1""]","{""blue_first_relevant_response_after_critical"": 13, ""blue_first_relevant_response_after_enterprise"": 6, ""enterprise_foothold_step"": 5, ""first_critical_hit_step"": 12, ""window_end"": null, ""window_start"": null}"
ours_stage2_fair,11,stage1_pref_005_ckpt_191,semantic_aware,episode_007,4,4018,49,Q2_user_action_during_critical_breach,high,DecoySSHD,User2,User,Impact,Op_Server0,"[""Op_Server0""]","[""Op_Server0""]","[""Enterprise0"", ""Enterprise2"", ""Op_Server0"", ""User0"", ""User3""]","[""Enterprise0"", ""Enterprise2"", ""Op_Server0"", ""User0"", ""User3""]","{""blue_first_relevant_response_after_critical"": 25, ""blue_first_relevant_response_after_enterprise"": 6, ""enterprise_foothold_step"": 5, ""first_critical_hit_step"": 24, ""window_end"": null, ""window_start"": null}"
ours_stage2_fair,11,stage1_pref_005_ckpt_191,semantic_aware,episode_007,4,4018,73,Q2_user_action_during_critical_breach,high,Restore,User3,User,Impact,Op_Server0,"[""Op_Server0""]","[""Op_Server0""]","[""Enterprise0"", ""Enterprise2"", ""Op_Server0"", ""User0"", ""User3""]","[""Enterprise0"", ""Enterprise2"", ""Op_Server0"", ""User0""]","{""blue_first_relevant_response_after_critical"": 25, ""blue_first_relevant_response_after_enterprise"": 6, ""enterprise_foothold_step"": 5, ""first_critical_hit_step"": 24, ""window_end"": null, ""window_start"": null}"
ours_stage2_fair,11,stage1_pref_005_ckpt_191,semantic_aware,episode_007,4,4018,97,Q2_user_action_during_critical_breach,high,Restore,User3,User,Impact,Op_Server0,"[""Op_Server0""]","[""Op_Server0""]","[""Enterprise0"", ""Enterprise2"", ""Op_Server0"", ""User0""]","[""Enterprise0"", ""Enterprise2"", ""Op_Server0"", ""User0""]","{""blue_first_relevant_response_after_critical"": 25, ""blue_first_relevant_response_after_enterprise"": 6, ""enterprise_foothold_step"": 5, ""first_critical_hit_step"": 24, ""window_end"": null, ""window_start"": null}"
ours_stage2_fair,11,stage1_pref_005_ckpt_191,semantic_aware,episode_007,4,4018,99,Q2_user_action_during_critical_breach,high,Analyse,User0,User,Impact,Op_Server0,"[""Op_Server0""]","[""Op_Server0""]","[""Enterprise0"", ""Enterprise2"", ""Op_Server0"", ""User0""]","[""Enterprise0"", ""Enterprise2"", ""Op_Server0"", ""User0""]","{""blue_first_relevant_response_after_critical"": 25, ""blue_first_relevant_response_after_enterprise"": 6, ""enterprise_foothold_step"": 5, ""first_critical_hit_step"": 24, ""window_end"": null, ""window_start"": null}"
ours_stage2_fair,11,stage1_pref_005_ckpt_191,semantic_aware,episode_007,5,5018,26,Q2_user_action_during_critical_breach,high,DecoyHarakaSMPT,User3,User,Impact,Op_Server0,"[""Op_Server0""]","[""Op_Server0""]","[""Op_Server0"", ""User0"", ""User1""]","[""Op_Server0"", ""User0"", ""User1""]","{""blue_first_relevant_response_after_critical"": 13, ""blue_first_relevant_response_after_enterprise"": 7, ""enterprise_foothold_step"": 5, ""first_critical_hit_step"": 12, ""window_end"": null, ""window_start"": null}"
ours_stage2_fair,11,stage1_pref_005_ckpt_191,semantic_aware,episode_007,5,5018,32,Q2_user_action_during_critical_breach,high,DecoyTomcat,User0,User,Impact,Op_Server0,"[""Op_Server0""]","[""Op_Server0""]","[""Op_Server0"", ""User0"", ""User1""]","[""Op_Server0"", ""User0"", ""User1""]","{""blue_first_relevant_response_after_critical"": 13, ""blue_first_relevant_response_after_enterprise"": 7, ""enterprise_foothold_step"": 5, ""first_critical_hit_step"": 12, ""window_end"": null, ""window_start"": null}"
ours_stage2_fair,11,stage1_pref_005_ckpt_191,semantic_aware,episode_007,5,5018,78,Q2_user_action_during_critical_breach,high,DecoyHarakaSMPT,User2,User,Impact,Op_Server0,"[""Op_Server0""]","[""Op_Server0""]","[""Op_Server0"", ""User0"", ""User1""]","[""Op_Server0"", ""User0"", ""User1""]","{""blue_first_relevant_response_after_critical"": 13, ""blue_first_relevant_response_after_enterprise"": 7, ""enterprise_foothold_step"": 5, ""first_critical_hit_step"": 12, ""window_end"": null, ""window_start"": null}"
ours_stage2_fair,11,stage1_pref_005_ckpt_191,semantic_aware,episode_007,5,5018,91,Q2_user_action_during_critical_breach,high,DecoyHarakaSMPT,User1,User,Impact,Op_Server0,"[""Op_Server0""]","[""Op_Server0""]","[""Op_Server0"", ""User0"", ""User1""]","[""Op_Server0"", ""User0"", ""User1""]","{""blue_first_relevant_response_after_critical"": 13, ""blue_first_relevant_response_after_enterprise"": 7, ""enterprise_foothold_step"": 5, ""first_critical_hit_step"": 12, ""window_end"": null, ""window_start"": null}"
ours_stage2_fair,11,stage1_pref_005_ckpt_191,semantic_aware,episode_007,6,6018,17,Q2_user_action_during_critical_breach,high,Restore,User3,User,Impact,Op_Server0,"[""Op_Server0""]","[""Op_Server0""]","[""Enterprise0"", ""Op_Server0"", ""User0""]","[""Enterprise0"", ""Op_Server0"", ""User0""]","{""blue_first_relevant_response_after_critical"": 13, ""blue_first_relevant_response_after_enterprise"": 7, ""enterprise_foothold_step"": 5, ""first_critical_hit_step"": 12, ""window_end"": null, ""window_start"": null}"
ours_stage2_fair,11,stage1_pref_005_ckpt_191,semantic_aware,episode_007,6,6018,54,Q2_user_action_during_critical_breach,high,DecoyHarakaSMPT,User1,User,Impact,Op_Server0,"[""Op_Server0""]","[""Op_Server0""]","[""Enterprise0"", ""Op_Server0"", ""User0""]","[""Enterprise0"", ""Op_Server0"", ""User0""]","{""blue_first_relevant_response_after_critical"": 13, ""blue_first_relevant_response_after_enterprise"": 7, ""enterprise_foothold_step"": 5, ""first_critical_hit_step"": 12, ""window_end"": null, ""window_start"": null}"
ours_stage2_fair,11,stage1_pref_005_ckpt_191,semantic_aware,episode_007,6,6018,70,Q2_user_action_during_critical_breach,high,DecoyHarakaSMPT,User1,User,Impact,Op_Server0,"[""Op_Server0""]","[""Op_Server0""]","[""Enterprise0"", ""Op_Server0"", ""User0""]","[""Enterprise0"", ""Op_Server0"", ""User0""]","{""blue_first_relevant_response_after_critical"": 13, ""blue_first_relevant_response_after_enterprise"": 7, ""enterprise_foothold_step"": 5, ""first_critical_hit_step"": 12, ""window_end"": null, ""window_start"": null}"
ours_stage2_fair,11,stage1_pref_005_ckpt_191,semantic_aware,episode_007,6,6018,74,Q2_user_action_during_critical_breach,high,Analyse,User0,User,Impact,Op_Server0,"[""Op_Server0""]","[""Op_Server0""]","[""Enterprise0"", ""Op_Server0"", ""User0""]","[""Enterprise0"", ""Op_Server0"", ""User0""]","{""blue_first_relevant_response_after_critical"": 13, ""blue_first_relevant_response_after_enterprise"": 7, ""enterprise_foothold_step"": 5, ""first_critical_hit_step"": 12, ""window_end"": null, ""window_start"": null}"
ours_stage2_fair,11,stage1_pref_005_ckpt_191,semantic_aware,episode_007,6,6018,82,Q2_user_action_during_critical_breach,high,DecoyHarakaSMPT,User2,User,Impact,Op_Server0,"[""Op_Server0""]","[""Op_Server0""]","[""Enterprise0"", ""Op_Server0"", ""User0""]","[""Enterprise0"", ""Op_Server0"", ""User0""]","{""blue_first_relevant_response_after_critical"": 13, ""blue_first_relevant_response_after_enterprise"": 7, ""enterprise_foothold_step"": 5, ""first_critical_hit_step"": 12, ""window_end"": null, ""window_start"": null}"
ours_stage2_fair,11,stage1_pref_005_ckpt_191,semantic_aware,episode_007,6,6018,90,Q2_user_action_during_critical_breach,high,Analyse,User0,User,Impact,Op_Server0,"[""Op_Server0""]","[""Op_Server0""]","[""Enterprise0"", ""Op_Server0"", ""User0""]","[""Enterprise0"", ""Op_Server0"", ""User0""]","{""blue_first_relevant_response_after_critical"": 13, ""blue_first_relevant_response_after_enterprise"": 7, ""enterprise_foothold_step"": 5, ""first_critical_hit_step"": 12, ""window_end"": null, ""window_start"": null}"
ours_stage2_fair,11,stage1_pref_005_ckpt_191,semantic_aware,episode_007,7,7018,18,Q2_user_action_during_critical_breach,high,DecoySmss,User1,User,Impact,Op_Server0,"[""Op_Server0""]","[""Op_Server0""]","[""Enterprise0"", ""Op_Server0"", ""User0"", ""User4""]","[""Enterprise0"", ""Op_Server0"", ""User0"", ""User4""]","{""blue_first_relevant_response_after_critical"": 13, ""blue_first_relevant_response_after_enterprise"": 6, ""enterprise_foothold_step"": 5, ""first_critical_hit_step"": 12, ""window_end"": null, ""window_start"": null}"
ours_stage2_fair,11,stage1_pref_005_ckpt_191,semantic_aware,episode_007,7,7018,64,Q2_user_action_during_critical_breach,high,Restore,User3,User,Impact,Op_Server0,"[""Op_Server0""]","[""Op_Server0""]","[""Enterprise0"", ""Op_Server0"", ""User0"", ""User4""]","[""Enterprise0"", ""Op_Server0"", ""User0"", ""User4""]","{""blue_first_relevant_response_after_critical"": 13, ""blue_first_relevant_response_after_enterprise"": 6, ""enterprise_foothold_step"": 5, ""first_critical_hit_step"": 12, ""window_end"": null, ""window_start"": null}"
ours_stage2_fair,11,stage1_pref_005_ckpt_191,semantic_aware,episode_007,7,7018,65,Q2_user_action_during_critical_breach,high,Restore,User3,User,Impact,Op_Server0,"[""Op_Server0""]","[""Op_Server0""]","[""Enterprise0"", ""Op_Server0"", ""User0"", ""User4""]","[""Enterprise0"", ""Op_Server0"", ""User0"", ""User4""]","{""blue_first_relevant_response_after_critical"": 13, ""blue_first_relevant_response_after_enterprise"": 6, ""enterprise_foothold_step"": 5, ""first_critical_hit_step"": 12, ""window_end"": null, ""window_start"": null}"
ours_stage2_fair,11,stage1_pref_005_ckpt_191,semantic_aware,episode_007,7,7018,67,Q2_user_action_during_critical_breach,high,Restore,User3,User,Impact,Op_Server0,"[""Op_Server0""]","[""Op_Server0""]","[""Enterprise0"", ""Op_Server0"", ""User0"", ""User4""]","[""Enterprise0"", ""Op_Server0"", ""User0"", ""User4""]","{""blue_first_relevant_response_after_critical"": 13, ""blue_first_relevant_response_after_enterprise"": 6, ""enterprise_foothold_step"": 5, ""first_critical_hit_step"": 12, ""window_end"": null, ""window_start"": null}"
ours_stage2_fair,11,stage1_pref_005_ckpt_191,semantic_aware,episode_007,7,7018,68,Q2_user_action_during_critical_breach,high,DecoyHarakaSMPT,User3,User,Impact,Op_Server0,"[""Op_Server0""]","[""Op_Server0""]","[""Enterprise0"", ""Op_Server0"", ""User0"", ""User4""]","[""Enterprise0"", ""Op_Server0"", ""User0"", ""User4""]","{""blue_first_relevant_response_after_critical"": 13, ""blue_first_relevant_response_after_enterprise"": 6, ""enterprise_foothold_step"": 5, ""first_critical_hit_step"": 12, ""window_end"": null, ""window_start"": null}"
ours_stage2_fair,11,stage1_pref_005_ckpt_191,semantic_aware,episode_007,7,7018,70,Q2_user_action_during_critical_breach,high,DecoyHarakaSMPT,User2,User,Impact,Op_Server0,"[""Op_Server0""]","[""Op_Server0""]","[""Enterprise0"", ""Op_Server0"", ""User0"", ""User4""]","[""Enterprise0"", ""Op_Server0"", ""User0"", ""User4""]","{""blue_first_relevant_response_after_critical"": 13, ""blue_first_relevant_response_after_enterprise"": 6, ""enterprise_foothold_step"": 5, ""first_critical_hit_step"": 12, ""window_end"": null, ""window_start"": null}"
ours_stage2_fair,11,stage1_pref_005_ckpt_191,semantic_aware,episode_008,0,19,15,Q2_user_action_during_critical_breach,high,Restore,User3,User,Impact,Op_Server0,"[""Op_Server0""]","[""Op_Server0""]","[""Enterprise2"", ""Op_Server0"", ""User0"", ""User2""]","[""Enterprise2"", ""Op_Server0"", ""User0"", ""User2""]","{""blue_first_relevant_response_after_critical"": 13, ""blue_first_relevant_response_after_enterprise"": 8, ""enterprise_foothold_step"": 5, ""first_critical_hit_step"": 12, ""window_end"": null, ""window_start"": null}"
ours_stage2_fair,11,stage1_pref_005_ckpt_191,semantic_aware,episode_008,0,19,27,Q2_user_action_during_critical_breach,high,Analyse,User0,User,Impact,Op_Server0,"[""Op_Server0""]","[""Op_Server0""]","[""Enterprise2"", ""Op_Server0"", ""User0"", ""User2""]","[""Enterprise2"", ""Op_Server0"", ""User0"", ""User2""]","{""blue_first_relevant_response_after_critical"": 13, ""blue_first_relevant_response_after_enterprise"": 8, ""enterprise_foothold_step"": 5, ""first_critical_hit_step"": 12, ""window_end"": null, ""window_start"": null}"
ours_stage2_fair,11,stage1_pref_005_ckpt_191,semantic_aware,episode_008,0,19,28,Q2_user_action_during_critical_breach,high,DecoyHarakaSMPT,User2,User,Impact,Op_Server0,"[""Op_Server0""]","[""Op_Server0""]","[""Enterprise2"", ""Op_Server0"", ""User0"", ""User2""]","[""Enterprise2"", ""Op_Server0"", ""User0"", ""User2""]","{""blue_first_relevant_response_after_critical"": 13, ""blue_first_relevant_response_after_enterprise"": 8, ""enterprise_foothold_step"": 5, ""first_critical_hit_step"": 12, ""window_end"": null, ""window_start"": null}"
ours_stage2_fair,11,stage1_pref_005_ckpt_191,semantic_aware,episode_008,0,19,44,Q2_user_action_during_critical_breach,high,DecoyHarakaSMPT,User2,User,Impact,Op_Server0,"[""Op_Server0""]","[""Op_Server0""]","[""Op_Server0"", ""User0"", ""User2""]","[""Op_Server0"", ""User0"", ""User2""]","{""blue_first_relevant_response_after_critical"": 13, ""blue_first_relevant_response_after_enterprise"": 8, ""enterprise_foothold_step"": 5, ""first_critical_hit_step"": 12, ""window_end"": null, ""window_start"": null}"
ours_stage2_fair,11,stage1_pref_005_ckpt_191,semantic_aware,episode_008,0,19,50,Q2_user_action_during_critical_breach,high,DecoyHarakaSMPT,User3,User,Impact,Op_Server0,"[""Op_Server0""]","[""Op_Server0""]","[""Op_Server0"", ""User0"", ""User2""]","[""Op_Server0"", ""User0"", ""User2""]","{""blue_first_relevant_response_after_critical"": 13, ""blue_first_relevant_response_after_enterprise"": 8, ""enterprise_foothold_step"": 5, ""first_critical_hit_step"": 12, ""window_end"": null, ""window_start"": null}"
ours_stage2_fair,11,stage1_pref_005_ckpt_191,semantic_aware,episode_008,0,19,62,Q2_user_action_during_critical_breach,high,Restore,User3,User,Impact,Op_Server0,"[""Op_Server0""]","[""Op_Server0""]","[""Op_Server0"", ""User0"", ""User2""]","[""Op_Server0"", ""User0"", ""User2""]","{""blue_first_relevant_response_after_critical"": 13, ""blue_first_relevant_response_after_enterprise"": 8, ""enterprise_foothold_step"": 5, ""first_critical_hit_step"": 12, ""window_end"": null, ""window_start"": null}"
ours_stage2_fair,11,stage1_pref_005_ckpt_191,semantic_aware,episode_008,0,19,81,Q2_user_action_during_critical_breach,high,Restore,User3,User,Impact,Op_Server0,"[""Op_Server0""]","[""Op_Server0""]","[""Op_Server0"", ""User0"", ""User2""]","[""Op_Server0"", ""User0"", ""User2""]","{""blue_first_relevant_response_after_critical"": 13, ""blue_first_relevant_response_after_enterprise"": 8, ""enterprise_foothold_step"": 5, ""first_critical_hit_step"": 12, ""window_end"": null, ""window_start"": null}"
ours_stage2_fair,11,stage1_pref_005_ckpt_191,semantic_aware,episode_008,0,19,83,Q2_user_action_during_critical_breach,high,DecoyApache,User1,User,Impact,Op_Server0,"[""Op_Server0""]","[""Op_Server0""]","[""Op_Server0"", ""User0"", ""User2""]","[""Op_Server0"", ""User0"", ""User2""]","{""blue_first_relevant_response_after_critical"": 13, ""blue_first_relevant_response_after_enterprise"": 8, ""enterprise_foothold_step"": 5, ""first_critical_hit_step"": 12, ""window_end"": null, ""window_start"": null}"
ours_stage2_fair,11,stage1_pref_005_ckpt_191,semantic_aware,episode_008,1,1019,13,Q2_user_action_during_critical_breach,high,DecoyHarakaSMPT,User3,User,PrivilegeEscalate,Op_Server0,"[""Op_Server0""]","[""Op_Server0""]","[""Enterprise1"", ""Enterprise2"", ""Op_Server0"", ""User0"", ""User1""]","[""Enterprise1"", ""Enterprise2"", ""Op_Server0"", ""User0"", ""User1""]","{""blue_first_relevant_response_after_critical"": 14, ""blue_first_relevant_response_after_enterprise"": 6, ""enterprise_foothold_step"": 5, ""first_critical_hit_step"": 12, ""window_end"": null, ""window_start"": null}"
ours_stage2_fair,11,stage1_pref_005_ckpt_191,semantic_aware,episode_008,1,1019,34,Q2_user_action_during_critical_breach,high,DecoyVsftpd,User1,User,PrivilegeEscalate,Op_Server0,"[""Op_Server0""]","[""Op_Server0""]","[""Enterprise2"", ""Op_Server0"", ""User0"", ""User1""]","[""Enterprise2"", ""Op_Server0"", ""User0"", ""User1""]","{""blue_first_relevant_response_after_critical"": 14, ""blue_first_relevant_response_after_enterprise"": 6, ""enterprise_foothold_step"": 5, ""first_critical_hit_step"": 12, ""window_end"": null, ""window_start"": null}"
ours_stage2_fair,11,stage1_pref_005_ckpt_191,semantic_aware,episode_008,1,1019,40,Q2_user_action_during_critical_breach,high,DecoyVsftpd,User1,User,Impact,Op_Server0,"[""Op_Server0""]","[""Op_Server0""]","[""Enterprise2"", ""Op_Server0"", ""User0"", ""User1""]","[""Enterprise2"", ""Op_Server0"", ""User0"", ""User1""]","{""blue_first_relevant_response_after_critical"": 14, ""blue_first_relevant_response_after_enterprise"": 6, ""enterprise_foothold_step"": 5, ""first_critical_hit_step"": 12, ""window_end"": null, ""window_start"": null}"
ours_stage2_fair,11,stage1_pref_005_ckpt_191,semantic_aware,episode_008,1,1019,59,Q2_user_action_during_critical_breach,high,Restore,User3,User,Impact,Op_Server0,"[""Op_Server0""]","[""Op_Server0""]","[""Enterprise2"", ""Op_Server0"", ""User0"", ""User1""]","[""Enterprise2"", ""Op_Server0"", ""User0"", ""User1""]","{""blue_first_relevant_response_after_critical"": 14, ""blue_first_relevant_response_after_enterprise"": 6, ""enterprise_foothold_step"": 5, ""first_critical_hit_step"": 12, ""window_end"": null, ""window_start"": null}"
ours_stage2_fair,11,stage1_pref_005_ckpt_191,semantic_aware,episode_008,1,1019,61,Q2_user_action_during_critical_breach,high,DecoyFemitter,User0,User,Impact,Op_Server0,"[""Op_Server0""]","[""Op_Server0""]","[""Enterprise2"", ""Op_Server0"", ""User0"", ""User1""]","[""Enterprise2"", ""Op_Server0"", ""User0"", ""User1""]","{""blue_first_relevant_response_after_critical"": 14, ""blue_first_relevant_response_after_enterprise"": 6, ""enterprise_foothold_step"": 5, ""first_critical_hit_step"": 12, ""window_end"": null, ""window_start"": null}"
ours_stage2_fair,11,stage1_pref_005_ckpt_191,semantic_aware,episode_008,1,1019,87,Q2_user_action_during_critical_breach,high,Restore,User0,User,PrivilegeEscalate,Op_Server0,"[""Op_Server0""]","[""Op_Server0""]","[""Enterprise2"", ""Op_Server0"", ""User0"", ""User1""]","[""Enterprise2"", ""Op_Server0"", ""User0"", ""User1""]","{""blue_first_relevant_response_after_critical"": 14, ""blue_first_relevant_response_after_enterprise"": 6, ""enterprise_foothold_step"": 5, ""first_critical_hit_step"": 12, ""window_end"": null, ""window_start"": null}"
ours_stage2_fair,11,stage1_pref_005_ckpt_191,semantic_aware,episode_008,1,1019,95,Q2_user_action_during_critical_breach,high,DecoyHarakaSMPT,User2,User,Impact,Op_Server0,"[""Op_Server0""]","[""Op_Server0""]","[""Enterprise2"", ""Op_Server0"", ""User0"", ""User1""]","[""Enterprise2"", ""Op_Server0"", ""User0"", ""User1""]","{""blue_first_relevant_response_after_critical"": 14, ""blue_first_relevant_response_after_enterprise"": 6, ""enterprise_foothold_step"": 5, ""first_critical_hit_step"": 12, ""window_end"": null, ""window_start"": null}"
ours_stage2_fair,11,stage1_pref_005_ckpt_191,semantic_aware,episode_008,2,2019,15,Q2_user_action_during_critical_breach,high,Restore,User3,User,Impact,Op_Server0,"[""Op_Server0""]","[""Op_Server0""]","[""Enterprise1"", ""Enterprise2"", ""Op_Server0"", ""User0"", ""User2""]","[""Enterprise1"", ""Enterprise2"", ""Op_Server0"", ""User0"", ""User2""]","{""blue_first_relevant_response_after_critical"": 13, ""blue_first_relevant_response_after_enterprise"": 6, ""enterprise_foothold_step"": 5, ""first_critical_hit_step"": 12, ""window_end"": null, ""window_start"": null}"
ours_stage2_fair,11,stage1_pref_005_ckpt_191,semantic_aware,episode_008,2,2019,57,Q2_user_action_during_critical_breach,high,Restore,User3,User,Impact,Op_Server0,"[""Op_Server0""]","[""Op_Server0""]","[""Op_Server0"", ""User0"", ""User2""]","[""Op_Server0"", ""User0"", ""User2""]","{""blue_first_relevant_response_after_critical"": 13, ""blue_first_relevant_response_after_enterprise"": 6, ""enterprise_foothold_step"": 5, ""first_critical_hit_step"": 12, ""window_end"": null, ""window_start"": null}"
ours_stage2_fair,11,stage1_pref_005_ckpt_191,semantic_aware,episode_008,2,2019,78,Q2_user_action_during_critical_breach,high,DecoyHarakaSMPT,User2,User,Impact,Op_Server0,"[""Op_Server0""]","[""Op_Server0""]","[""Enterprise2"", ""Op_Server0"", ""User0"", ""User2""]","[""Enterprise2"", ""Op_Server0"", ""User0"", ""User2""]","{""blue_first_relevant_response_after_critical"": 13, ""blue_first_relevant_response_after_enterprise"": 6, ""enterprise_foothold_step"": 5, ""first_critical_hit_step"": 12, ""window_end"": null, ""window_start"": null}"
ours_stage2_fair,11,stage1_pref_005_ckpt_191,semantic_aware,episode_008,2,2019,90,Q2_user_action_during_critical_breach,high,Restore,User3,User,Impact,Op_Server0,"[""Op_Server0""]","[""Op_Server0""]","[""Enterprise2"", ""Op_Server0"", ""User0"", ""User2""]","[""Enterprise2"", ""Op_Server0"", ""User0"", ""User2""]","{""blue_first_relevant_response_after_critical"": 13, ""blue_first_relevant_response_after_enterprise"": 6, ""enterprise_foothold_step"": 5, ""first_critical_hit_step"": 12, ""window_end"": null, ""window_start"": null}"
ours_stage2_fair,11,stage1_pref_005_ckpt_191,semantic_aware,episode_008,2,2019,91,Q2_user_action_during_critical_breach,high,Restore,User3,User,Impact,Op_Server0,"[""Op_Server0""]","[""Op_Server0""]","[""Enterprise2"", ""Op_Server0"", ""User0"", ""User2""]","[""Enterprise2"", ""Op_Server0"", ""User0"", ""User2""]","{""blue_first_relevant_response_after_critical"": 13, ""blue_first_relevant_response_after_enterprise"": 6, ""enterprise_foothold_step"": 5, ""first_critical_hit_step"": 12, ""window_end"": null, ""window_start"": null}"
ours_stage2_fair,11,stage1_pref_005_ckpt_191,semantic_aware,episode_008,3,3019,31,Q2_user_action_during_critical_breach,high,Restore,User3,User,Impact,Op_Server0,"[""Op_Server0""]","[""Op_Server0""]","[""Enterprise0"", ""Op_Server0"", ""User0"", ""User3""]","[""Enterprise0"", ""Op_Server0"", ""User0""]","{""blue_first_relevant_response_after_critical"": 15, ""blue_first_relevant_response_after_enterprise"": 8, ""enterprise_foothold_step"": 7, ""first_critical_hit_step"": 14, ""window_end"": null, ""window_start"": null}"
ours_stage2_fair,11,stage1_pref_005_ckpt_191,semantic_aware,episode_008,3,3019,36,Q2_user_action_during_critical_breach,high,DecoyHarakaSMPT,User2,User,Impact,Op_Server0,"[""Op_Server0""]","[""Op_Server0""]","[""Enterprise0"", ""Op_Server0"", ""User0""]","[""Enterprise0"", ""Op_Server0"", ""User0""]","{""blue_first_relevant_response_after_critical"": 15, ""blue_first_relevant_response_after_enterprise"": 8, ""enterprise_foothold_step"": 7, ""first_critical_hit_step"": 14, ""window_end"": null, ""window_start"": null}"
ours_stage2_fair,11,stage1_pref_005_ckpt_191,semantic_aware,episode_008,3,3019,48,Q2_user_action_during_critical_breach,high,DecoyHarakaSMPT,User2,User,Impact,Op_Server0,"[""Op_Server0""]","[""Op_Server0""]","[""Enterprise0"", ""Op_Server0"", ""User0""]","[""Enterprise0"", ""Op_Server0"", ""User0""]","{""blue_first_relevant_response_after_critical"": 15, ""blue_first_relevant_response_after_enterprise"": 8, ""enterprise_foothold_step"": 7, ""first_critical_hit_step"": 14, ""window_end"": null, ""window_start"": null}"
ours_stage2_fair,11,stage1_pref_005_ckpt_191,semantic_aware,episode_008,3,3019,56,Q2_user_action_during_critical_breach,high,Restore,User3,User,Impact,Op_Server0,"[""Op_Server0""]","[""Op_Server0""]","[""Enterprise0"", ""Op_Server0"", ""User0""]","[""Enterprise0"", ""Op_Server0"", ""User0""]","{""blue_first_relevant_response_after_critical"": 15, ""blue_first_relevant_response_after_enterprise"": 8, ""enterprise_foothold_step"": 7, ""first_critical_hit_step"": 14, ""window_end"": null, ""window_start"": null}"
ours_stage2_fair,11,stage1_pref_005_ckpt_191,semantic_aware,episode_008,3,3019,70,Q2_user_action_during_critical_breach,high,DecoyHarakaSMPT,User3,User,Impact,Op_Server0,"[""Op_Server0""]","[""Op_Server0""]","[""Enterprise0"", ""Op_Server0"", ""User0""]","[""Enterprise0"", ""Op_Server0"", ""User0""]","{""blue_first_relevant_response_after_critical"": 15, ""blue_first_relevant_response_after_enterprise"": 8, ""enterprise_foothold_step"": 7, ""first_critical_hit_step"": 14, ""window_end"": null, ""window_start"": null}"
ours_stage2_fair,11,stage1_pref_005_ckpt_191,semantic_aware,episode_008,3,3019,89,Q2_user_action_during_critical_breach,high,DecoyHarakaSMPT,User2,User,Impact,Op_Server0,"[""Op_Server0""]","[""Op_Server0""]","[""Enterprise0"", ""Op_Server0"", ""User0""]","[""Enterprise0"", ""Op_Server0"", ""User0""]","{""blue_first_relevant_response_after_critical"": 15, ""blue_first_relevant_response_after_enterprise"": 8, ""enterprise_foothold_step"": 7, ""first_critical_hit_step"": 14, ""window_end"": null, ""window_start"": null}"
ours_stage2_fair,11,stage1_pref_005_ckpt_191,semantic_aware,episode_008,4,4019,17,Q2_user_action_during_critical_breach,high,DecoyHarakaSMPT,User2,User,Impact,Op_Server0,"[""Op_Server0""]","[""Op_Server0""]","[""Enterprise0"", ""Enterprise2"", ""Op_Server0"", ""User0""]","[""Enterprise0"", ""Enterprise2"", ""Op_Server0"", ""User0""]","{""blue_first_relevant_response_after_critical"": 13, ""blue_first_relevant_response_after_enterprise"": 6, ""enterprise_foothold_step"": 5, ""first_critical_hit_step"": 12, ""window_end"": null, ""window_start"": null}"
ours_stage2_fair,11,stage1_pref_005_ckpt_191,semantic_aware,episode_008,4,4019,34,Q2_user_action_during_critical_breach,high,Analyse,User0,User,Impact,Op_Server0,"[""Op_Server0""]","[""Op_Server0""]","[""Enterprise0"", ""Op_Server0"", ""User0""]","[""Enterprise0"", ""Op_Server0"", ""User0""]","{""blue_first_relevant_response_after_critical"": 13, ""blue_first_relevant_response_after_enterprise"": 6, ""enterprise_foothold_step"": 5, ""first_critical_hit_step"": 12, ""window_end"": null, ""window_start"": null}"
ours_stage2_fair,11,stage1_pref_005_ckpt_191,semantic_aware,episode_008,4,4019,61,Q2_user_action_during_critical_breach,high,DecoyHarakaSMPT,User2,User,Impact,Op_Server0,"[""Op_Server0""]","[""Op_Server0""]","[""Enterprise0"", ""Op_Server0"", ""User0""]","[""Enterprise0"", ""Op_Server0"", ""User0""]","{""blue_first_relevant_response_after_critical"": 13, ""blue_first_relevant_response_after_enterprise"": 6, ""enterprise_foothold_step"": 5, ""first_critical_hit_step"": 12, ""window_end"": null, ""window_start"": null}"
ours_stage2_fair,11,stage1_pref_005_ckpt_191,semantic_aware,episode_008,4,4019,95,Q2_user_action_during_critical_breach,high,Remove,User4,User,Impact,Op_Server0,"[""Op_Server0""]","[""Op_Server0""]","[""Enterprise0"", ""Op_Server0"", ""User0""]","[""Enterprise0"", ""Op_Server0"", ""User0""]","{""blue_first_relevant_response_after_critical"": 13, ""blue_first_relevant_response_after_enterprise"": 6, ""enterprise_foothold_step"": 5, ""first_critical_hit_step"": 12, ""window_end"": null, ""window_start"": null}"
ours_stage2_fair,11,stage1_pref_005_ckpt_191,semantic_aware,episode_008,5,5019,56,Q2_user_action_during_critical_breach,high,DecoyApache,User1,User,Impact,Op_Server0,"[""Op_Server0""]","[""Op_Server0""]","[""Op_Server0"", ""User0"", ""User1""]","[""Op_Server0"", ""User0"", ""User1""]","{""blue_first_relevant_response_after_critical"": 27, ""blue_first_relevant_response_after_enterprise"": 6, ""enterprise_foothold_step"": 5, ""first_critical_hit_step"": 26, ""window_end"": null, ""window_start"": null}"
ours_stage2_fair,11,stage1_pref_005_ckpt_191,semantic_aware,episode_008,5,5019,92,Q2_user_action_during_critical_breach,high,DecoyHarakaSMPT,User3,User,Impact,Op_Server0,"[""Op_Server0""]","[""Op_Server0""]","[""Op_Server0"", ""User0"", ""User1""]","[""Op_Server0"", ""User0"", ""User1""]","{""blue_first_relevant_response_after_critical"": 27, ""blue_first_relevant_response_after_enterprise"": 6, ""enterprise_foothold_step"": 5, ""first_critical_hit_step"": 26, ""window_end"": null, ""window_start"": null}"
ours_stage2_fair,11,stage1_pref_005_ckpt_191,semantic_aware,episode_008,6,6019,20,Q2_user_action_during_critical_breach,high,Analyse,User0,User,Impact,Op_Server0,"[""Op_Server0""]","[""Op_Server0""]","[""Enterprise2"", ""Op_Server0"", ""User0"", ""User2""]","[""Enterprise2"", ""Op_Server0"", ""User0"", ""User2""]","{""blue_first_relevant_response_after_critical"": 14, ""blue_first_relevant_response_after_enterprise"": 6, ""enterprise_foothold_step"": 5, ""first_critical_hit_step"": 12, ""window_end"": null, ""window_start"": null}"
ours_stage2_fair,11,stage1_pref_005_ckpt_191,semantic_aware,episode_008,6,6019,35,Q2_user_action_during_critical_breach,high,DecoyHarakaSMPT,User1,User,Impact,Op_Server0,"[""Op_Server0""]","[""Op_Server0""]","[""Enterprise2"", ""Op_Server0"", ""User0"", ""User2""]","[""Enterprise2"", ""Op_Server0"", ""User0"", ""User2""]","{""blue_first_relevant_response_after_critical"": 14, ""blue_first_relevant_response_after_enterprise"": 6, ""enterprise_foothold_step"": 5, ""first_critical_hit_step"": 12, ""window_end"": null, ""window_start"": null}"
ours_stage2_fair,11,stage1_pref_005_ckpt_191,semantic_aware,episode_008,6,6019,45,Q2_user_action_during_critical_breach,high,DecoyHarakaSMPT,User1,User,Impact,Op_Server0,"[""Op_Server0""]","[""Op_Server0""]","[""Op_Server0"", ""User0"", ""User2""]","[""Op_Server0"", ""User0"", ""User2""]","{""blue_first_relevant_response_after_critical"": 14, ""blue_first_relevant_response_after_enterprise"": 6, ""enterprise_foothold_step"": 5, ""first_critical_hit_step"": 12, ""window_end"": null, ""window_start"": null}"
ours_stage2_fair,11,stage1_pref_005_ckpt_191,semantic_aware,episode_008,6,6019,47,Q2_user_action_during_critical_breach,high,Restore,User3,User,Impact,Op_Server0,"[""Op_Server0""]","[""Op_Server0""]","[""Op_Server0"", ""User0"", ""User2""]","[""Op_Server0"", ""User0"", ""User2""]","{""blue_first_relevant_response_after_critical"": 14, ""blue_first_relevant_response_after_enterprise"": 6, ""enterprise_foothold_step"": 5, ""first_critical_hit_step"": 12, ""window_end"": null, ""window_start"": null}"
ours_stage2_fair,11,stage1_pref_005_ckpt_191,semantic_aware,episode_008,6,6019,87,Q2_user_action_during_critical_breach,high,DecoyHarakaSMPT,User3,User,Impact,Op_Server0,"[""Op_Server0""]","[""Op_Server0""]","[""Op_Server0"", ""User0"", ""User2""]","[""Op_Server0"", ""User0"", ""User2""]","{""blue_first_relevant_response_after_critical"": 14, ""blue_first_relevant_response_after_enterprise"": 6, ""enterprise_foothold_step"": 5, ""first_critical_hit_step"": 12, ""window_end"": null, ""window_start"": null}"
ours_stage2_fair,11,stage1_pref_005_ckpt_191,semantic_aware,episode_008,7,7019,23,Q2_user_action_during_critical_breach,high,Analyse,User0,User,Impact,Op_Server0,"[""Op_Server0""]","[""Op_Server0""]","[""Enterprise0"", ""Op_Server0"", ""User0"", ""User3""]","[""Enterprise0"", ""Op_Server0"", ""User0"", ""User3""]","{""blue_first_relevant_response_after_critical"": 14, ""blue_first_relevant_response_after_enterprise"": 6, ""enterprise_foothold_step"": 5, ""first_critical_hit_step"": 12, ""window_end"": null, ""window_start"": null}"
ours_stage2_fair,11,stage1_pref_005_ckpt_191,semantic_aware,episode_008,7,7019,28,Q2_user_action_during_critical_breach,high,Restore,User3,User,PrivilegeEscalate,Op_Server0,"[""Op_Server0""]","[""Op_Server0""]","[""Enterprise0"", ""Op_Server0"", ""User0"", ""User3""]","[""Enterprise0"", ""Op_Server0"", ""User0""]","{""blue_first_relevant_response_after_critical"": 14, ""blue_first_relevant_response_after_enterprise"": 6, ""enterprise_foothold_step"": 5, ""first_critical_hit_step"": 12, ""window_end"": null, ""window_start"": null}"
ours_stage2_fair,11,stage1_pref_005_ckpt_191,semantic_aware,episode_008,7,7019,31,Q2_user_action_during_critical_breach,high,DecoyVsftpd,User1,User,Impact,Op_Server0,"[""Op_Server0""]","[""Op_Server0""]","[""Enterprise0"", ""Op_Server0"", ""User0""]","[""Enterprise0"", ""Op_Server0"", ""User0""]","{""blue_first_relevant_response_after_critical"": 14, ""blue_first_relevant_response_after_enterprise"": 6, ""enterprise_foothold_step"": 5, ""first_critical_hit_step"": 12, ""window_end"": null, ""window_start"": null}"
ours_stage2_fair,11,stage1_pref_005_ckpt_191,semantic_aware,episode_008,7,7019,43,Q2_user_action_during_critical_breach,high,Restore,User3,User,Impact,Op_Server0,"[""Op_Server0""]","[""Op_Server0""]","[""Enterprise0"", ""Op_Server0"", ""User0""]","[""Enterprise0"", ""Op_Server0"", ""User0""]","{""blue_first_relevant_response_after_critical"": 14, ""blue_first_relevant_response_after_enterprise"": 6, ""enterprise_foothold_step"": 5, ""first_critical_hit_step"": 12, ""window_end"": null, ""window_start"": null}"
ours_stage2_fair,11,stage1_pref_005_ckpt_191,semantic_aware,episode_008,7,7019,52,Q2_user_action_during_critical_breach,high,Restore,User3,User,Impact,Op_Server0,"[""Op_Server0""]","[""Op_Server0""]","[""Enterprise0"", ""Op_Server0"", ""User0""]","[""Enterprise0"", ""Op_Server0"", ""User0""]","{""blue_first_relevant_response_after_critical"": 14, ""blue_first_relevant_response_after_enterprise"": 6, ""enterprise_foothold_step"": 5, ""first_critical_hit_step"": 12, ""window_end"": null, ""window_start"": null}"
ours_stage2_fair,11,stage1_pref_005_ckpt_191,semantic_aware,episode_009,0,20,25,Q2_user_action_during_critical_breach,high,DecoySvchost,User4,User,Impact,Op_Server0,"[""Op_Server0""]","[""Op_Server0""]","[""Enterprise2"", ""Op_Server0"", ""User0"", ""User2""]","[""Enterprise2"", ""Op_Server0"", ""User0"", ""User2""]","{""blue_first_relevant_response_after_critical"": 17, ""blue_first_relevant_response_after_enterprise"": 6, ""enterprise_foothold_step"": 5, ""first_critical_hit_step"": 16, ""window_end"": null, ""window_start"": null}"
ours_stage2_fair,11,stage1_pref_005_ckpt_191,semantic_aware,episode_009,0,20,32,Q2_user_action_during_critical_breach,high,Restore,User3,User,Impact,Op_Server0,"[""Op_Server0""]","[""Op_Server0""]","[""Enterprise2"", ""Op_Server0"", ""User0"", ""User2""]","[""Enterprise2"", ""Op_Server0"", ""User0"", ""User2""]","{""blue_first_relevant_response_after_critical"": 17, ""blue_first_relevant_response_after_enterprise"": 6, ""enterprise_foothold_step"": 5, ""first_critical_hit_step"": 16, ""window_end"": null, ""window_start"": null}"
ours_stage2_fair,11,stage1_pref_005_ckpt_191,semantic_aware,episode_009,0,20,43,Q2_user_action_during_critical_breach,high,Restore,User3,User,Impact,Op_Server0,"[""Op_Server0""]","[""Op_Server0""]","[""Op_Server0"", ""User0"", ""User2""]","[""Op_Server0"", ""User0"", ""User2""]","{""blue_first_relevant_response_after_critical"": 17, ""blue_first_relevant_response_after_enterprise"": 6, ""enterprise_foothold_step"": 5, ""first_critical_hit_step"": 16, ""window_end"": null, ""window_start"": null}"
ours_stage2_fair,11,stage1_pref_005_ckpt_191,semantic_aware,episode_009,0,20,47,Q2_user_action_during_critical_breach,high,DecoySmss,User1,User,Impact,Op_Server0,"[""Op_Server0""]","[""Op_Server0""]","[""Op_Server0"", ""User0"", ""User2""]","[""Op_Server0"", ""User0"", ""User2""]","{""blue_first_relevant_response_after_critical"": 17, ""blue_first_relevant_response_after_enterprise"": 6, ""enterprise_foothold_step"": 5, ""first_critical_hit_step"": 16, ""window_end"": null, ""window_start"": null}"
ours_stage2_fair,11,stage1_pref_005_ckpt_191,semantic_aware,episode_009,0,20,58,Q2_user_action_during_critical_breach,high,Restore,User3,User,Impact,Op_Server0,"[""Op_Server0""]","[""Op_Server0""]","[""Op_Server0"", ""User0"", ""User2""]","[""Op_Server0"", ""User0"", ""User2""]","{""blue_first_relevant_response_after_critical"": 17, ""blue_first_relevant_response_after_enterprise"": 6, ""enterprise_foothold_step"": 5, ""first_critical_hit_step"": 16, ""window_end"": null, ""window_start"": null}"
ours_stage2_fair,11,stage1_pref_005_ckpt_191,semantic_aware,episode_009,0,20,68,Q2_user_action_during_critical_breach,high,DecoyHarakaSMPT,User3,User,Impact,Op_Server0,"[""Op_Server0""]","[""Op_Server0""]","[""Op_Server0"", ""User0"", ""User2""]","[""Op_Server0"", ""User0"", ""User2""]","{""blue_first_relevant_response_after_critical"": 17, ""blue_first_relevant_response_after_enterprise"": 6, ""enterprise_foothold_step"": 5, ""first_critical_hit_step"": 16, ""window_end"": null, ""window_start"": null}"
ours_stage2_fair,11,stage1_pref_005_ckpt_191,semantic_aware,episode_009,0,20,78,Q2_user_action_during_critical_breach,high,DecoyHarakaSMPT,User2,User,Impact,Op_Server0,"[""Op_Server0""]","[""Op_Server0""]","[""Op_Server0"", ""User0"", ""User2""]","[""Op_Server0"", ""User0"", ""User2""]","{""blue_first_relevant_response_after_critical"": 17, ""blue_first_relevant_response_after_enterprise"": 6, ""enterprise_foothold_step"": 5, ""first_critical_hit_step"": 16, ""window_end"": null, ""window_start"": null}"
ours_stage2_fair,11,stage1_pref_005_ckpt_191,semantic_aware,episode_009,1,1020,29,Q2_user_action_during_critical_breach,high,Analyse,User0,User,Impact,Op_Server0,"[""Op_Server0""]","[""Op_Server0""]","[""Enterprise0"", ""Enterprise2"", ""Op_Server0"", ""User0"", ""User3""]","[""Enterprise0"", ""Enterprise2"", ""Op_Server0"", ""User0"", ""User3""]","{""blue_first_relevant_response_after_critical"": 13, ""blue_first_relevant_response_after_enterprise"": 7, ""enterprise_foothold_step"": 5, ""first_critical_hit_step"": 12, ""window_end"": null, ""window_start"": null}"
ours_stage2_fair,11,stage1_pref_005_ckpt_191,semantic_aware,episode_009,1,1020,59,Q2_user_action_during_critical_breach,high,Restore,User3,User,Impact,Op_Server0,"[""Op_Server0""]","[""Op_Server0""]","[""Enterprise0"", ""Op_Server0"", ""User0"", ""User3""]","[""Enterprise0"", ""Op_Server0"", ""User0""]","{""blue_first_relevant_response_after_critical"": 13, ""blue_first_relevant_response_after_enterprise"": 7, ""enterprise_foothold_step"": 5, ""first_critical_hit_step"": 12, ""window_end"": null, ""window_start"": null}"
ours_stage2_fair,11,stage1_pref_005_ckpt_191,semantic_aware,episode_009,1,1020,63,Q2_user_action_during_critical_breach,high,Restore,User3,User,Impact,Op_Server0,"[""Op_Server0""]","[""Op_Server0""]","[""Enterprise0"", ""Op_Server0"", ""User0""]","[""Enterprise0"", ""Op_Server0"", ""User0""]","{""blue_first_relevant_response_after_critical"": 13, ""blue_first_relevant_response_after_enterprise"": 7, ""enterprise_foothold_step"": 5, ""first_critical_hit_step"": 12, ""window_end"": null, ""window_start"": null}"
ours_stage2_fair,11,stage1_pref_005_ckpt_191,semantic_aware,episode_009,2,2020,16,Q2_user_action_during_critical_breach,high,DecoyHarakaSMPT,User3,User,Impact,Op_Server0,"[""Op_Server0""]","[""Op_Server0""]","[""Enterprise2"", ""Op_Server0"", ""User0"", ""User1""]","[""Enterprise2"", ""Op_Server0"", ""User0"", ""User1""]","{""blue_first_relevant_response_after_critical"": 13, ""blue_first_relevant_response_after_enterprise"": 7, ""enterprise_foothold_step"": 5, ""first_critical_hit_step"": 12, ""window_end"": null, ""window_start"": null}"
ours_stage2_fair,11,stage1_pref_005_ckpt_191,semantic_aware,episode_009,2,2020,35,Q2_user_action_during_critical_breach,high,Restore,User3,User,Impact,Op_Server0,"[""Op_Server0""]","[""Op_Server0""]","[""Enterprise2"", ""Op_Server0"", ""User0"", ""User1""]","[""Enterprise2"", ""Op_Server0"", ""User0"", ""User1""]","{""blue_first_relevant_response_after_critical"": 13, ""blue_first_relevant_response_after_enterprise"": 7, ""enterprise_foothold_step"": 5, ""first_critical_hit_step"": 12, ""window_end"": null, ""window_start"": null}"
ours_stage2_fair,11,stage1_pref_005_ckpt_191,semantic_aware,episode_009,2,2020,40,Q2_user_action_during_critical_breach,high,Restore,User3,User,Impact,Op_Server0,"[""Op_Server0""]","[""Op_Server0""]","[""Enterprise2"", ""Op_Server0"", ""User0"", ""User1""]","[""Enterprise2"", ""Op_Server0"", ""User0"", ""User1""]","{""blue_first_relevant_response_after_critical"": 13, ""blue_first_relevant_response_after_enterprise"": 7, ""enterprise_foothold_step"": 5, ""first_critical_hit_step"": 12, ""window_end"": null, ""window_start"": null}"
ours_stage2_fair,11,stage1_pref_005_ckpt_191,semantic_aware,episode_009,2,2020,44,Q2_user_action_during_critical_breach,high,DecoyHarakaSMPT,User2,User,Impact,Op_Server0,"[""Op_Server0""]","[""Op_Server0""]","[""Enterprise2"", ""Op_Server0"", ""User0"", ""User1""]","[""Enterprise2"", ""Op_Server0"", ""User0"", ""User1""]","{""blue_first_relevant_response_after_critical"": 13, ""blue_first_relevant_response_after_enterprise"": 7, ""enterprise_foothold_step"": 5, ""first_critical_hit_step"": 12, ""window_end"": null, ""window_start"": null}"
ours_stage2_fair,11,stage1_pref_005_ckpt_191,semantic_aware,episode_009,2,2020,46,Q2_user_action_during_critical_breach,high,DecoyVsftpd,User1,User,Impact,Op_Server0,"[""Op_Server0""]","[""Op_Server0""]","[""Enterprise2"", ""Op_Server0"", ""User0"", ""User1""]","[""Enterprise2"", ""Op_Server0"", ""User0"", ""User1""]","{""blue_first_relevant_response_after_critical"": 13, ""blue_first_relevant_response_after_enterprise"": 7, ""enterprise_foothold_step"": 5, ""first_critical_hit_step"": 12, ""window_end"": null, ""window_start"": null}"
ours_stage2_fair,11,stage1_pref_005_ckpt_191,semantic_aware,episode_009,2,2020,62,Q2_user_action_during_critical_breach,high,Restore,User3,User,Impact,Op_Server0,"[""Op_Server0""]","[""Op_Server0""]","[""Enterprise2"", ""Op_Server0"", ""User0"", ""User1""]","[""Enterprise2"", ""Op_Server0"", ""User0"", ""User1""]","{""blue_first_relevant_response_after_critical"": 13, ""blue_first_relevant_response_after_enterprise"": 7, ""enterprise_foothold_step"": 5, ""first_critical_hit_step"": 12, ""window_end"": null, ""window_start"": null}"
ours_stage2_fair,11,stage1_pref_005_ckpt_191,semantic_aware,episode_009,2,2020,81,Q2_user_action_during_critical_breach,high,Analyse,User0,User,Impact,Op_Server0,"[""Op_Server0""]","[""Op_Server0""]","[""Enterprise2"", ""Op_Server0"", ""User0"", ""User1""]","[""Enterprise2"", ""Op_Server0"", ""User0"", ""User1""]","{""blue_first_relevant_response_after_critical"": 13, ""blue_first_relevant_response_after_enterprise"": 7, ""enterprise_foothold_step"": 5, ""first_critical_hit_step"": 12, ""window_end"": null, ""window_start"": null}"
ours_stage2_fair,11,stage1_pref_005_ckpt_191,semantic_aware,episode_009,3,3020,24,Q2_user_action_during_critical_breach,high,DecoyVsftpd,User1,User,PrivilegeEscalate,Op_Server0,"[""Op_Server0""]","[""Op_Server0""]","[""Enterprise0"", ""Enterprise2"", ""Op_Server0"", ""User0"", ""User3""]","[""Enterprise0"", ""Enterprise2"", ""Op_Server0"", ""User0"", ""User3""]","{""blue_first_relevant_response_after_critical"": 16, ""blue_first_relevant_response_after_enterprise"": 8, ""enterprise_foothold_step"": 5, ""first_critical_hit_step"": 12, ""window_end"": null, ""window_start"": null}"
ours_stage2_fair,11,stage1_pref_005_ckpt_191,semantic_aware,episode_009,3,3020,53,Q2_user_action_during_critical_breach,high,DecoyHarakaSMPT,User3,User,Impact,Op_Server0,"[""Op_Server0""]","[""Op_Server0""]","[""Enterprise0"", ""Enterprise2"", ""Op_Server0"", ""User0"", ""User3""]","[""Enterprise0"", ""Enterprise2"", ""Op_Server0"", ""User0"", ""User3""]","{""blue_first_relevant_response_after_critical"": 16, ""blue_first_relevant_response_after_enterprise"": 8, ""enterprise_foothold_step"": 5, ""first_critical_hit_step"": 12, ""window_end"": null, ""window_start"": null}"
ours_stage2_fair,11,stage1_pref_005_ckpt_191,semantic_aware,episode_009,3,3020,58,Q2_user_action_during_critical_breach,high,Restore,User3,User,Impact,Op_Server0,"[""Op_Server0""]","[""Op_Server0""]","[""Enterprise0"", ""Enterprise2"", ""Op_Server0"", ""User0"", ""User3""]","[""Enterprise0"", ""Enterprise2"", ""Op_Server0"", ""User0""]","{""blue_first_relevant_response_after_critical"": 16, ""blue_first_relevant_response_after_enterprise"": 8, ""enterprise_foothold_step"": 5, ""first_critical_hit_step"": 12, ""window_end"": null, ""window_start"": null}"
ours_stage2_fair,11,stage1_pref_005_ckpt_191,semantic_aware,episode_009,3,3020,78,Q2_user_action_during_critical_breach,high,DecoyApache,User1,User,Impact,Op_Server0,"[""Op_Server0""]","[""Op_Server0""]","[""Enterprise0"", ""Op_Server0"", ""User0""]","[""Enterprise0"", ""Op_Server0"", ""User0""]","{""blue_first_relevant_response_after_critical"": 16, ""blue_first_relevant_response_after_enterprise"": 8, ""enterprise_foothold_step"": 5, ""first_critical_hit_step"": 12, ""window_end"": null, ""window_start"": null}"
ours_stage2_fair,11,stage1_pref_005_ckpt_191,semantic_aware,episode_009,3,3020,83,Q2_user_action_during_critical_breach,high,Restore,User3,User,Impact,Op_Server0,"[""Op_Server0""]","[""Op_Server0""]","[""Enterprise0"", ""Op_Server0"", ""User0""]","[""Enterprise0"", ""Op_Server0"", ""User0""]","{""blue_first_relevant_response_after_critical"": 16, ""blue_first_relevant_response_after_enterprise"": 8, ""enterprise_foothold_step"": 5, ""first_critical_hit_step"": 12, ""window_end"": null, ""window_start"": null}"
ours_stage2_fair,11,stage1_pref_005_ckpt_191,semantic_aware,episode_009,3,3020,12,Q3_missed_immediate_response_to_critical_hit,high,DecoyApache,Enterprise2,Enterprise,ExploitRemoteService,,[],"[""Op_Server0""]","[""Enterprise0"", ""Enterprise2"", ""User0"", ""User3""]","[""Enterprise0"", ""Enterprise2"", ""Op_Server0"", ""User0"", ""User3""]","{""blue_first_relevant_response_after_critical"": 16, ""blue_first_relevant_response_after_enterprise"": 8, ""enterprise_foothold_step"": 5, ""first_critical_hit_step"": 12, ""window_end"": 15, ""window_start"": 13}"
ours_stage2_fair,11,stage1_pref_005_ckpt_191,semantic_aware,episode_009,4,4020,20,Q2_user_action_during_critical_breach,high,DecoyHarakaSMPT,User3,User,Impact,Op_Server0,"[""Op_Server0""]","[""Op_Server0""]","[""Enterprise0"", ""Enterprise2"", ""Op_Server0"", ""User0""]","[""Enterprise0"", ""Enterprise2"", ""Op_Server0"", ""User0""]","{""blue_first_relevant_response_after_critical"": 13, ""blue_first_relevant_response_after_enterprise"": 9, ""enterprise_foothold_step"": 5, ""first_critical_hit_step"": 12, ""window_end"": null, ""window_start"": null}"
ours_stage2_fair,11,stage1_pref_005_ckpt_191,semantic_aware,episode_009,4,4020,22,Q2_user_action_during_critical_breach,high,DecoyHarakaSMPT,User2,User,Impact,Op_Server0,"[""Op_Server0""]","[""Op_Server0""]","[""Enterprise0"", ""Enterprise2"", ""Op_Server0"", ""User0""]","[""Enterprise0"", ""Enterprise2"", ""Op_Server0"", ""User0""]","{""blue_first_relevant_response_after_critical"": 13, ""blue_first_relevant_response_after_enterprise"": 9, ""enterprise_foothold_step"": 5, ""first_critical_hit_step"": 12, ""window_end"": null, ""window_start"": null}"
ours_stage2_fair,11,stage1_pref_005_ckpt_191,semantic_aware,episode_009,4,4020,32,Q2_user_action_during_critical_breach,high,DecoyHarakaSMPT,User3,User,Impact,Op_Server0,"[""Op_Server0""]","[""Op_Server0""]","[""Enterprise0"", ""Enterprise2"", ""Op_Server0"", ""User0""]","[""Enterprise0"", ""Enterprise2"", ""Op_Server0"", ""User0""]","{""blue_first_relevant_response_after_critical"": 13, ""blue_first_relevant_response_after_enterprise"": 9, ""enterprise_foothold_step"": 5, ""first_critical_hit_step"": 12, ""window_end"": null, ""window_start"": null}"
ours_stage2_fair,11,stage1_pref_005_ckpt_191,semantic_aware,episode_009,4,4020,72,Q2_user_action_during_critical_breach,high,Analyse,User0,User,Impact,Op_Server0,"[""Op_Server0""]","[""Op_Server0""]","[""Enterprise0"", ""Op_Server0"", ""User0""]","[""Enterprise0"", ""Op_Server0"", ""User0""]","{""blue_first_relevant_response_after_critical"": 13, ""blue_first_relevant_response_after_enterprise"": 9, ""enterprise_foothold_step"": 5, ""first_critical_hit_step"": 12, ""window_end"": null, ""window_start"": null}"
ours_stage2_fair,11,stage1_pref_005_ckpt_191,semantic_aware,episode_009,4,4020,93,Q2_user_action_during_critical_breach,high,Restore,User3,User,Impact,Op_Server0,"[""Op_Server0""]","[""Op_Server0""]","[""Enterprise0"", ""Op_Server0"", ""User0""]","[""Enterprise0"", ""Op_Server0"", ""User0""]","{""blue_first_relevant_response_after_critical"": 13, ""blue_first_relevant_response_after_enterprise"": 9, ""enterprise_foothold_step"": 5, ""first_critical_hit_step"": 12, ""window_end"": null, ""window_start"": null}"
ours_stage2_fair,11,stage1_pref_005_ckpt_191,semantic_aware,episode_009,4,4020,94,Q2_user_action_during_critical_breach,high,Restore,User3,User,Impact,Op_Server0,"[""Op_Server0""]","[""Op_Server0""]","[""Enterprise0"", ""Op_Server0"", ""User0""]","[""Enterprise0"", ""Op_Server0"", ""User0""]","{""blue_first_relevant_response_after_critical"": 13, ""blue_first_relevant_response_after_enterprise"": 9, ""enterprise_foothold_step"": 5, ""first_critical_hit_step"": 12, ""window_end"": null, ""window_start"": null}"
ours_stage2_fair,11,stage1_pref_005_ckpt_191,semantic_aware,episode_009,4,4020,98,Q2_user_action_during_critical_breach,high,Restore,User3,User,Impact,Op_Server0,"[""Op_Server0""]","[""Op_Server0""]","[""Enterprise0"", ""Op_Server0"", ""User0""]","[""Enterprise0"", ""Op_Server0"", ""User0""]","{""blue_first_relevant_response_after_critical"": 13, ""blue_first_relevant_response_after_enterprise"": 9, ""enterprise_foothold_step"": 5, ""first_critical_hit_step"": 12, ""window_end"": null, ""window_start"": null}"
ours_stage2_fair,11,stage1_pref_005_ckpt_191,semantic_aware,episode_009,4,4020,6,Q4_user_focus_after_enterprise_foothold,medium,Analyse,User0,User,PrivilegeEscalate,Enterprise0,[],[],"[""Enterprise0"", ""User0"", ""User3""]","[""Enterprise0"", ""User0"", ""User3""]","{""blue_first_relevant_response_after_critical"": 13, ""blue_first_relevant_response_after_enterprise"": 9, ""enterprise_foothold_step"": 5, ""first_critical_hit_step"": 12, ""window_end"": 8, ""window_start"": 6}"
ours_stage2_fair,11,stage1_pref_005_ckpt_191,semantic_aware,episode_009,5,5020,52,Q2_user_action_during_critical_breach,high,Restore,User3,User,Impact,Op_Server0,"[""Op_Server0""]","[""Op_Server0""]","[""Enterprise0"", ""Enterprise2"", ""Op_Server0"", ""User0"", ""User3""]","[""Enterprise0"", ""Enterprise2"", ""Op_Server0"", ""User0""]","{""blue_first_relevant_response_after_critical"": 49, ""blue_first_relevant_response_after_enterprise"": 30, ""enterprise_foothold_step"": 29, ""first_critical_hit_step"": 48, ""window_end"": null, ""window_start"": null}"
ours_stage2_fair,11,stage1_pref_005_ckpt_191,semantic_aware,episode_009,5,5020,66,Q2_user_action_during_critical_breach,high,DecoySvchost,User4,User,Impact,Op_Server0,"[""Op_Server0""]","[""Op_Server0""]","[""Enterprise0"", ""Op_Server0"", ""User0""]","[""Enterprise0"", ""Op_Server0"", ""User0""]","{""blue_first_relevant_response_after_critical"": 49, ""blue_first_relevant_response_after_enterprise"": 30, ""enterprise_foothold_step"": 29, ""first_critical_hit_step"": 48, ""window_end"": null, ""window_start"": null}"
ours_stage2_fair,11,stage1_pref_005_ckpt_191,semantic_aware,episode_009,5,5020,73,Q2_user_action_during_critical_breach,high,Restore,User3,User,Impact,Op_Server0,"[""Op_Server0""]","[""Op_Server0""]","[""Enterprise0"", ""Op_Server0"", ""User0""]","[""Enterprise0"", ""Op_Server0"", ""User0""]","{""blue_first_relevant_response_after_critical"": 49, ""blue_first_relevant_response_after_enterprise"": 30, ""enterprise_foothold_step"": 29, ""first_critical_hit_step"": 48, ""window_end"": null, ""window_start"": null}"
ours_stage2_fair,11,stage1_pref_005_ckpt_191,semantic_aware,episode_009,5,5020,96,Q2_user_action_during_critical_breach,high,DecoyHarakaSMPT,User3,User,Impact,Op_Server0,"[""Op_Server0""]","[""Op_Server0""]","[""Enterprise0"", ""Op_Server0"", ""User0""]","[""Enterprise0"", ""Op_Server0"", ""User0""]","{""blue_first_relevant_response_after_critical"": 49, ""blue_first_relevant_response_after_enterprise"": 30, ""enterprise_foothold_step"": 29, ""first_critical_hit_step"": 48, ""window_end"": null, ""window_start"": null}"
ours_stage2_fair,11,stage1_pref_005_ckpt_191,semantic_aware,episode_009,5,5020,99,Q2_user_action_during_critical_breach,high,DecoyHarakaSMPT,User3,User,Impact,Op_Server0,"[""Op_Server0""]","[""Op_Server0""]","[""Enterprise0"", ""Op_Server0"", ""User0""]","[""Enterprise0"", ""Op_Server0"", ""User0""]","{""blue_first_relevant_response_after_critical"": 49, ""blue_first_relevant_response_after_enterprise"": 30, ""enterprise_foothold_step"": 29, ""first_critical_hit_step"": 48, ""window_end"": null, ""window_start"": null}"
ours_stage2_fair,11,stage1_pref_005_ckpt_191,semantic_aware,episode_009,6,6020,30,Q2_user_action_during_critical_breach,high,Restore,User3,User,Impact,Op_Server0,"[""Op_Server0""]","[""Op_Server0""]","[""Enterprise0"", ""Enterprise2"", ""Op_Server0"", ""User0""]","[""Enterprise0"", ""Enterprise2"", ""Op_Server0"", ""User0""]","{""blue_first_relevant_response_after_critical"": 13, ""blue_first_relevant_response_after_enterprise"": 6, ""enterprise_foothold_step"": 5, ""first_critical_hit_step"": 12, ""window_end"": null, ""window_start"": null}"
ours_stage2_fair,11,stage1_pref_005_ckpt_191,semantic_aware,episode_009,6,6020,41,Q2_user_action_during_critical_breach,high,Restore,User3,User,Impact,Op_Server0,"[""Op_Server0""]","[""Op_Server0""]","[""Enterprise0"", ""Enterprise2"", ""Op_Server0"", ""User0""]","[""Enterprise0"", ""Enterprise2"", ""Op_Server0"", ""User0""]","{""blue_first_relevant_response_after_critical"": 13, ""blue_first_relevant_response_after_enterprise"": 6, ""enterprise_foothold_step"": 5, ""first_critical_hit_step"": 12, ""window_end"": null, ""window_start"": null}"
ours_stage2_fair,11,stage1_pref_005_ckpt_191,semantic_aware,episode_009,6,6020,55,Q2_user_action_during_critical_breach,high,Restore,User3,User,Impact,Op_Server0,"[""Op_Server0""]","[""Op_Server0""]","[""Enterprise0"", ""Enterprise2"", ""Op_Server0"", ""User0""]","[""Enterprise0"", ""Enterprise2"", ""Op_Server0"", ""User0""]","{""blue_first_relevant_response_after_critical"": 13, ""blue_first_relevant_response_after_enterprise"": 6, ""enterprise_foothold_step"": 5, ""first_critical_hit_step"": 12, ""window_end"": null, ""window_start"": null}"
ours_stage2_fair,11,stage1_pref_005_ckpt_191,semantic_aware,episode_009,6,6020,57,Q2_user_action_during_critical_breach,high,DecoyApache,User3,User,Impact,Op_Server0,"[""Op_Server0""]","[""Op_Server0""]","[""Enterprise0"", ""Enterprise2"", ""Op_Server0"", ""User0""]","[""Enterprise0"", ""Enterprise2"", ""Op_Server0"", ""User0""]","{""blue_first_relevant_response_after_critical"": 13, ""blue_first_relevant_response_after_enterprise"": 6, ""enterprise_foothold_step"": 5, ""first_critical_hit_step"": 12, ""window_end"": null, ""window_start"": null}"
ours_stage2_fair,11,stage1_pref_005_ckpt_191,semantic_aware,episode_009,6,6020,66,Q2_user_action_during_critical_breach,high,Restore,User3,User,Impact,Op_Server0,"[""Op_Server0""]","[""Op_Server0""]","[""Enterprise0"", ""Op_Server0"", ""User0""]","[""Enterprise0"", ""Op_Server0"", ""User0""]","{""blue_first_relevant_response_after_critical"": 13, ""blue_first_relevant_response_after_enterprise"": 6, ""enterprise_foothold_step"": 5, ""first_critical_hit_step"": 12, ""window_end"": null, ""window_start"": null}"
ours_stage2_fair,11,stage1_pref_005_ckpt_191,semantic_aware,episode_009,6,6020,81,Q2_user_action_during_critical_breach,high,Restore,User3,User,Impact,Op_Server0,"[""Op_Server0""]","[""Op_Server0""]","[""Enterprise0"", ""Op_Server0"", ""User0""]","[""Enterprise0"", ""Op_Server0"", ""User0""]","{""blue_first_relevant_response_after_critical"": 13, ""blue_first_relevant_response_after_enterprise"": 6, ""enterprise_foothold_step"": 5, ""first_critical_hit_step"": 12, ""window_end"": null, ""window_start"": null}"
ours_stage2_fair,11,stage1_pref_005_ckpt_191,semantic_aware,episode_009,6,6020,82,Q2_user_action_during_critical_breach,high,DecoyHarakaSMPT,User1,User,Impact,Op_Server0,"[""Op_Server0""]","[""Op_Server0""]","[""Enterprise0"", ""Op_Server0"", ""User0""]","[""Enterprise0"", ""Op_Server0"", ""User0""]","{""blue_first_relevant_response_after_critical"": 13, ""blue_first_relevant_response_after_enterprise"": 6, ""enterprise_foothold_step"": 5, ""first_critical_hit_step"": 12, ""window_end"": null, ""window_start"": null}"
ours_stage2_fair,11,stage1_pref_005_ckpt_191,semantic_aware,episode_009,6,6020,86,Q2_user_action_during_critical_breach,high,Analyse,User0,User,Impact,Op_Server0,"[""Op_Server0""]","[""Op_Server0""]","[""Enterprise0"", ""Op_Server0"", ""User0""]","[""Enterprise0"", ""Op_Server0"", ""User0""]","{""blue_first_relevant_response_after_critical"": 13, ""blue_first_relevant_response_after_enterprise"": 6, ""enterprise_foothold_step"": 5, ""first_critical_hit_step"": 12, ""window_end"": null, ""window_start"": null}"
ours_stage2_fair,11,stage1_pref_005_ckpt_191,semantic_aware,episode_009,7,7020,50,Q2_user_action_during_critical_breach,high,Restore,User3,User,Impact,Op_Server0,"[""Op_Server0""]","[""Op_Server0""]","[""Enterprise0"", ""Op_Server0"", ""User0"", ""User4""]","[""Enterprise0"", ""Op_Server0"", ""User0"", ""User4""]","{""blue_first_relevant_response_after_critical"": 14, ""blue_first_relevant_response_after_enterprise"": 6, ""enterprise_foothold_step"": 5, ""first_critical_hit_step"": 12, ""window_end"": null, ""window_start"": null}"
ours_stage2_fair,11,stage1_pref_005_ckpt_191,semantic_aware,episode_009,7,7020,57,Q2_user_action_during_critical_breach,high,Restore,User3,User,Impact,Op_Server0,"[""Op_Server0""]","[""Op_Server0""]","[""Enterprise0"", ""Op_Server0"", ""User0"", ""User4""]","[""Enterprise0"", ""Op_Server0"", ""User0"", ""User4""]","{""blue_first_relevant_response_after_critical"": 14, ""blue_first_relevant_response_after_enterprise"": 6, ""enterprise_foothold_step"": 5, ""first_critical_hit_step"": 12, ""window_end"": null, ""window_start"": null}"
ours_stage2_fair,11,stage1_pref_005_ckpt_191,semantic_aware,episode_009,7,7020,76,Q2_user_action_during_critical_breach,high,Restore,User0,User,Impact,Op_Server0,"[""Op_Server0""]","[""Op_Server0""]","[""Enterprise0"", ""Op_Server0"", ""User0"", ""User4""]","[""Enterprise0"", ""Op_Server0"", ""User0"", ""User4""]","{""blue_first_relevant_response_after_critical"": 14, ""blue_first_relevant_response_after_enterprise"": 6, ""enterprise_foothold_step"": 5, ""first_critical_hit_step"": 12, ""window_end"": null, ""window_start"": null}"
ours_stage2_fair,11,stage1_pref_005_ckpt_191,semantic_aware,episode_009,7,7020,79,Q2_user_action_during_critical_breach,high,DecoyHarakaSMPT,User2,User,Impact,Op_Server0,"[""Op_Server0""]","[""Op_Server0""]","[""Enterprise0"", ""Op_Server0"", ""User0"", ""User4""]","[""Enterprise0"", ""Op_Server0"", ""User0"", ""User4""]","{""blue_first_relevant_response_after_critical"": 14, ""blue_first_relevant_response_after_enterprise"": 6, ""enterprise_foothold_step"": 5, ""first_critical_hit_step"": 12, ""window_end"": null, ""window_start"": null}"
ours_stage2_fair,11,stage1_pref_005_ckpt_191,semantic_aware,episode_009,7,7020,98,Q2_user_action_during_critical_breach,high,Analyse,User0,User,Impact,Op_Server0,"[""Op_Server0""]","[""Op_Server0""]","[""Enterprise0"", ""Op_Server0"", ""User0"", ""User4""]","[""Enterprise0"", ""Op_Server0"", ""User0"", ""User4""]","{""blue_first_relevant_response_after_critical"": 14, ""blue_first_relevant_response_after_enterprise"": 6, ""enterprise_foothold_step"": 5, ""first_critical_hit_step"": 12, ""window_end"": null, ""window_start"": null}"
ours_stage2_fair,11,stage1_pref_005_ckpt_191,semantic_aware,episode_010,0,21,33,Q2_user_action_during_critical_breach,high,DecoyHarakaSMPT,User2,User,Impact,Op_Server0,"[""Op_Server0""]","[""Op_Server0""]","[""Enterprise2"", ""Op_Server0"", ""User0"", ""User2""]","[""Enterprise2"", ""Op_Server0"", ""User0"", ""User2""]","{""blue_first_relevant_response_after_critical"": 13, ""blue_first_relevant_response_after_enterprise"": 7, ""enterprise_foothold_step"": 5, ""first_critical_hit_step"": 12, ""window_end"": null, ""window_start"": null}"
ours_stage2_fair,11,stage1_pref_005_ckpt_191,semantic_aware,episode_010,0,21,51,Q2_user_action_during_critical_breach,high,DecoyApache,User1,User,Impact,Op_Server0,"[""Op_Server0""]","[""Op_Server0""]","[""Op_Server0"", ""User0"", ""User2""]","[""Op_Server0"", ""User0"", ""User2""]","{""blue_first_relevant_response_after_critical"": 13, ""blue_first_relevant_response_after_enterprise"": 7, ""enterprise_foothold_step"": 5, ""first_critical_hit_step"": 12, ""window_end"": null, ""window_start"": null}"
ours_stage2_fair,11,stage1_pref_005_ckpt_191,semantic_aware,episode_010,0,21,62,Q2_user_action_during_critical_breach,high,Analyse,User1,User,Impact,Op_Server0,"[""Op_Server0""]","[""Op_Server0""]","[""Op_Server0"", ""User0"", ""User2""]","[""Op_Server0"", ""User0"", ""User2""]","{""blue_first_relevant_response_after_critical"": 13, ""blue_first_relevant_response_after_enterprise"": 7, ""enterprise_foothold_step"": 5, ""first_critical_hit_step"": 12, ""window_end"": null, ""window_start"": null}"
ours_stage2_fair,11,stage1_pref_005_ckpt_191,semantic_aware,episode_010,0,21,65,Q2_user_action_during_critical_breach,high,Restore,User3,User,Impact,Op_Server0,"[""Op_Server0""]","[""Op_Server0""]","[""Op_Server0"", ""User0"", ""User2""]","[""Op_Server0"", ""User0"", ""User2""]","{""blue_first_relevant_response_after_critical"": 13, ""blue_first_relevant_response_after_enterprise"": 7, ""enterprise_foothold_step"": 5, ""first_critical_hit_step"": 12, ""window_end"": null, ""window_start"": null}"
ours_stage2_fair,11,stage1_pref_005_ckpt_191,semantic_aware,episode_010,0,21,95,Q2_user_action_during_critical_breach,high,DecoyHarakaSMPT,User3,User,Impact,Op_Server0,"[""Op_Server0""]","[""Op_Server0""]","[""Op_Server0"", ""User0"", ""User2""]","[""Op_Server0"", ""User0"", ""User2""]","{""blue_first_relevant_response_after_critical"": 13, ""blue_first_relevant_response_after_enterprise"": 7, ""enterprise_foothold_step"": 5, ""first_critical_hit_step"": 12, ""window_end"": null, ""window_start"": null}"
ours_stage2_fair,11,stage1_pref_005_ckpt_191,semantic_aware,episode_010,0,21,10,Q4_user_focus_after_enterprise_foothold,medium,Restore,User3,User,PrivilegeEscalate,Enterprise2,[],[],"[""Enterprise2"", ""User0"", ""User2""]","[""Enterprise2"", ""User0"", ""User2""]","{""blue_first_relevant_response_after_critical"": 13, ""blue_first_relevant_response_after_enterprise"": 7, ""enterprise_foothold_step"": 5, ""first_critical_hit_step"": 12, ""window_end"": 12, ""window_start"": 10}"
ours_stage2_fair,11,stage1_pref_005_ckpt_191,semantic_aware,episode_010,1,1021,21,Q2_user_action_during_critical_breach,high,DecoySvchost,User4,User,Impact,Op_Server0,"[""Op_Server0""]","[""Op_Server0""]","[""Enterprise2"", ""Op_Server0"", ""User0"", ""User1""]","[""Enterprise2"", ""Op_Server0"", ""User0"", ""User1""]","{""blue_first_relevant_response_after_critical"": 13, ""blue_first_relevant_response_after_enterprise"": 7, ""enterprise_foothold_step"": 5, ""first_critical_hit_step"": 12, ""window_end"": null, ""window_start"": null}"
ours_stage2_fair,11,stage1_pref_005_ckpt_191,semantic_aware,episode_010,1,1021,27,Q2_user_action_during_critical_breach,high,Restore,User3,User,Impact,Op_Server0,"[""Op_Server0""]","[""Op_Server0""]","[""Enterprise2"", ""Op_Server0"", ""User0"", ""User1""]","[""Enterprise2"", ""Op_Server0"", ""User0"", ""User1""]","{""blue_first_relevant_response_after_critical"": 13, ""blue_first_relevant_response_after_enterprise"": 7, ""enterprise_foothold_step"": 5, ""first_critical_hit_step"": 12, ""window_end"": null, ""window_start"": null}"
ours_stage2_fair,11,stage1_pref_005_ckpt_191,semantic_aware,episode_010,1,1021,55,Q2_user_action_during_critical_breach,high,DecoyHarakaSMPT,User3,User,Impact,Op_Server0,"[""Op_Server0""]","[""Op_Server0""]","[""Enterprise2"", ""Op_Server0"", ""User0"", ""User1""]","[""Enterprise2"", ""Op_Server0"", ""User0"", ""User1""]","{""blue_first_relevant_response_after_critical"": 13, ""blue_first_relevant_response_after_enterprise"": 7, ""enterprise_foothold_step"": 5, ""first_critical_hit_step"": 12, ""window_end"": null, ""window_start"": null}"
ours_stage2_fair,11,stage1_pref_005_ckpt_191,semantic_aware,episode_010,1,1021,65,Q2_user_action_during_critical_breach,high,Restore,User3,User,Impact,Op_Server0,"[""Op_Server0""]","[""Op_Server0""]","[""Op_Server0"", ""User0"", ""User1""]","[""Op_Server0"", ""User0"", ""User1""]","{""blue_first_relevant_response_after_critical"": 13, ""blue_first_relevant_response_after_enterprise"": 7, ""enterprise_foothold_step"": 5, ""first_critical_hit_step"": 12, ""window_end"": null, ""window_start"": null}"
ours_stage2_fair,11,stage1_pref_005_ckpt_191,semantic_aware,episode_010,1,1021,92,Q2_user_action_during_critical_breach,high,Restore,User3,User,Impact,Op_Server0,"[""Op_Server0""]","[""Op_Server0""]","[""Op_Server0"", ""User0"", ""User1""]","[""Op_Server0"", ""User0"", ""User1""]","{""blue_first_relevant_response_after_critical"": 13, ""blue_first_relevant_response_after_enterprise"": 7, ""enterprise_foothold_step"": 5, ""first_critical_hit_step"": 12, ""window_end"": null, ""window_start"": null}"
ours_stage2_fair,11,stage1_pref_005_ckpt_191,semantic_aware,episode_010,2,2021,32,Q2_user_action_during_critical_breach,high,DecoyHarakaSMPT,User3,User,Impact,Op_Server0,"[""Op_Server0""]","[""Op_Server0""]","[""Enterprise2"", ""Op_Server0"", ""User0"", ""User1""]","[""Enterprise2"", ""Op_Server0"", ""User0"", ""User1""]","{""blue_first_relevant_response_after_critical"": 25, ""blue_first_relevant_response_after_enterprise"": 6, ""enterprise_foothold_step"": 5, ""first_critical_hit_step"": 24, ""window_end"": null, ""window_start"": null}"
ours_stage2_fair,11,stage1_pref_005_ckpt_191,semantic_aware,episode_010,2,2021,33,Q2_user_action_during_critical_breach,high,Restore,User3,User,Impact,Op_Server0,"[""Op_Server0""]","[""Op_Server0""]","[""Enterprise2"", ""Op_Server0"", ""User0"", ""User1""]","[""Enterprise2"", ""Op_Server0"", ""User0"", ""User1""]","{""blue_first_relevant_response_after_critical"": 25, ""blue_first_relevant_response_after_enterprise"": 6, ""enterprise_foothold_step"": 5, ""first_critical_hit_step"": 24, ""window_end"": null, ""window_start"": null}"
ours_stage2_fair,11,stage1_pref_005_ckpt_191,semantic_aware,episode_010,2,2021,53,Q2_user_action_during_critical_breach,high,DecoyHarakaSMPT,User1,User,Impact,Op_Server0,"[""Op_Server0""]","[""Op_Server0""]","[""Op_Server0"", ""User0"", ""User1""]","[""Op_Server0"", ""User0"", ""User1""]","{""blue_first_relevant_response_after_critical"": 25, ""blue_first_relevant_response_after_enterprise"": 6, ""enterprise_foothold_step"": 5, ""first_critical_hit_step"": 24, ""window_end"": null, ""window_start"": null}"
ours_stage2_fair,11,stage1_pref_005_ckpt_191,semantic_aware,episode_010,2,2021,60,Q2_user_action_during_critical_breach,high,Analyse,User0,User,Impact,Op_Server0,"[""Op_Server0""]","[""Op_Server0""]","[""Op_Server0"", ""User0"", ""User1""]","[""Op_Server0"", ""User0"", ""User1""]","{""blue_first_relevant_response_after_critical"": 25, ""blue_first_relevant_response_after_enterprise"": 6, ""enterprise_foothold_step"": 5, ""first_critical_hit_step"": 24, ""window_end"": null, ""window_start"": null}"
ours_stage2_fair,11,stage1_pref_005_ckpt_191,semantic_aware,episode_010,2,2021,69,Q2_user_action_during_critical_breach,high,Restore,User3,User,Impact,Op_Server0,"[""Op_Server0""]","[""Op_Server0""]","[""Op_Server0"", ""User0"", ""User1""]","[""Op_Server0"", ""User0"", ""User1""]","{""blue_first_relevant_response_after_critical"": 25, ""blue_first_relevant_response_after_enterprise"": 6, ""enterprise_foothold_step"": 5, ""first_critical_hit_step"": 24, ""window_end"": null, ""window_start"": null}"
ours_stage2_fair,11,stage1_pref_005_ckpt_191,semantic_aware,episode_010,2,2021,75,Q2_user_action_during_critical_breach,high,Restore,User3,User,Impact,Op_Server0,"[""Op_Server0""]","[""Op_Server0""]","[""Op_Server0"", ""User0"", ""User1""]","[""Op_Server0"", ""User0"", ""User1""]","{""blue_first_relevant_response_after_critical"": 25, ""blue_first_relevant_response_after_enterprise"": 6, ""enterprise_foothold_step"": 5, ""first_critical_hit_step"": 24, ""window_end"": null, ""window_start"": null}"
ours_stage2_fair,11,stage1_pref_005_ckpt_191,semantic_aware,episode_010,2,2021,79,Q2_user_action_during_critical_breach,high,Restore,User3,User,Impact,Op_Server0,"[""Op_Server0""]","[""Op_Server0""]","[""Op_Server0"", ""User0"", ""User1""]","[""Op_Server0"", ""User0"", ""User1""]","{""blue_first_relevant_response_after_critical"": 25, ""blue_first_relevant_response_after_enterprise"": 6, ""enterprise_foothold_step"": 5, ""first_critical_hit_step"": 24, ""window_end"": null, ""window_start"": null}"
ours_stage2_fair,11,stage1_pref_005_ckpt_191,semantic_aware,episode_010,2,2021,99,Q2_user_action_during_critical_breach,high,Restore,User3,User,Impact,Op_Server0,"[""Op_Server0""]","[""Op_Server0""]","[""Op_Server0"", ""User0"", ""User1""]","[""Op_Server0"", ""User0"", ""User1""]","{""blue_first_relevant_response_after_critical"": 25, ""blue_first_relevant_response_after_enterprise"": 6, ""enterprise_foothold_step"": 5, ""first_critical_hit_step"": 24, ""window_end"": null, ""window_start"": null}"
ours_stage2_fair,11,stage1_pref_005_ckpt_191,semantic_aware,episode_010,3,3021,53,Q2_user_action_during_critical_breach,high,Analyse,User0,User,Impact,Op_Server0,"[""Op_Server0""]","[""Op_Server0""]","[""Enterprise0"", ""Enterprise2"", ""Op_Server0"", ""User0""]","[""Enterprise0"", ""Enterprise2"", ""Op_Server0"", ""User0""]","{""blue_first_relevant_response_after_critical"": 17, ""blue_first_relevant_response_after_enterprise"": 6, ""enterprise_foothold_step"": 5, ""first_critical_hit_step"": 16, ""window_end"": null, ""window_start"": null}"
ours_stage2_fair,11,stage1_pref_005_ckpt_191,semantic_aware,episode_010,3,3021,57,Q2_user_action_during_critical_breach,high,DecoyHarakaSMPT,User2,User,Impact,Op_Server0,"[""Op_Server0""]","[""Op_Server0""]","[""Enterprise0"", ""Enterprise2"", ""Op_Server0"", ""User0""]","[""Enterprise0"", ""Enterprise2"", ""Op_Server0"", ""User0""]","{""blue_first_relevant_response_after_critical"": 17, ""blue_first_relevant_response_after_enterprise"": 6, ""enterprise_foothold_step"": 5, ""first_critical_hit_step"": 16, ""window_end"": null, ""window_start"": null}"
ours_stage2_fair,11,stage1_pref_005_ckpt_191,semantic_aware,episode_010,3,3021,67,Q2_user_action_during_critical_breach,high,DecoySSHD,User2,User,Impact,Op_Server0,"[""Op_Server0""]","[""Op_Server0""]","[""Enterprise0"", ""Enterprise2"", ""Op_Server0"", ""User0""]","[""Enterprise0"", ""Enterprise2"", ""Op_Server0"", ""User0""]","{""blue_first_relevant_response_after_critical"": 17, ""blue_first_relevant_response_after_enterprise"": 6, ""enterprise_foothold_step"": 5, ""first_critical_hit_step"": 16, ""window_end"": null, ""window_start"": null}"
ours_stage2_fair,11,stage1_pref_005_ckpt_191,semantic_aware,episode_010,3,3021,73,Q2_user_action_during_critical_breach,high,Analyse,User0,User,Impact,Op_Server0,"[""Op_Server0""]","[""Op_Server0""]","[""Enterprise0"", ""Enterprise2"", ""Op_Server0"", ""User0""]","[""Enterprise0"", ""Enterprise2"", ""Op_Server0"", ""User0""]","{""blue_first_relevant_response_after_critical"": 17, ""blue_first_relevant_response_after_enterprise"": 6, ""enterprise_foothold_step"": 5, ""first_critical_hit_step"": 16, ""window_end"": null, ""window_start"": null}"
ours_stage2_fair,11,stage1_pref_005_ckpt_191,semantic_aware,episode_010,3,3021,77,Q2_user_action_during_critical_breach,high,Analyse,User0,User,Impact,Op_Server0,"[""Op_Server0""]","[""Op_Server0""]","[""Enterprise0"", ""Enterprise2"", ""Op_Server0"", ""User0""]","[""Enterprise0"", ""Enterprise2"", ""Op_Server0"", ""User0""]","{""blue_first_relevant_response_after_critical"": 17, ""blue_first_relevant_response_after_enterprise"": 6, ""enterprise_foothold_step"": 5, ""first_critical_hit_step"": 16, ""window_end"": null, ""window_start"": null}"
ours_stage2_fair,11,stage1_pref_005_ckpt_191,semantic_aware,episode_010,3,3021,83,Q2_user_action_during_critical_breach,high,Restore,User3,User,Impact,Op_Server0,"[""Op_Server0""]","[""Op_Server0""]","[""Enterprise0"", ""Enterprise2"", ""Op_Server0"", ""User0""]","[""Enterprise0"", ""Enterprise2"", ""Op_Server0"", ""User0""]","{""blue_first_relevant_response_after_critical"": 17, ""blue_first_relevant_response_after_enterprise"": 6, ""enterprise_foothold_step"": 5, ""first_critical_hit_step"": 16, ""window_end"": null, ""window_start"": null}"
ours_stage2_fair,11,stage1_pref_005_ckpt_191,semantic_aware,episode_010,4,4021,31,Q2_user_action_during_critical_breach,high,DecoyVsftpd,User1,User,Impact,Op_Server0,"[""Op_Server0""]","[""Op_Server0""]","[""Op_Server0"", ""User0"", ""User2""]","[""Op_Server0"", ""User0"", ""User2""]","{""blue_first_relevant_response_after_critical"": 13, ""blue_first_relevant_response_after_enterprise"": 7, ""enterprise_foothold_step"": 5, ""first_critical_hit_step"": 12, ""window_end"": null, ""window_start"": null}"
ours_stage2_fair,11,stage1_pref_005_ckpt_191,semantic_aware,episode_010,4,4021,33,Q2_user_action_during_critical_breach,high,Restore,User3,User,Impact,Op_Server0,"[""Op_Server0""]","[""Op_Server0""]","[""Op_Server0"", ""User0"", ""User2""]","[""Op_Server0"", ""User0"", ""User2""]","{""blue_first_relevant_response_after_critical"": 13, ""blue_first_relevant_response_after_enterprise"": 7, ""enterprise_foothold_step"": 5, ""first_critical_hit_step"": 12, ""window_end"": null, ""window_start"": null}"
ours_stage2_fair,11,stage1_pref_005_ckpt_191,semantic_aware,episode_010,4,4021,56,Q2_user_action_during_critical_breach,high,DecoyFemitter,User0,User,Impact,Op_Server0,"[""Op_Server0""]","[""Op_Server0""]","[""Enterprise2"", ""Op_Server0"", ""User0"", ""User2""]","[""Enterprise2"", ""Op_Server0"", ""User0"", ""User2""]","{""blue_first_relevant_response_after_critical"": 13, ""blue_first_relevant_response_after_enterprise"": 7, ""enterprise_foothold_step"": 5, ""first_critical_hit_step"": 12, ""window_end"": null, ""window_start"": null}"
ours_stage2_fair,11,stage1_pref_005_ckpt_191,semantic_aware,episode_010,4,4021,71,Q2_user_action_during_critical_breach,high,DecoyHarakaSMPT,User2,User,Impact,Op_Server0,"[""Op_Server0""]","[""Op_Server0""]","[""Op_Server0"", ""User0"", ""User2""]","[""Op_Server0"", ""User0"", ""User2""]","{""blue_first_relevant_response_after_critical"": 13, ""blue_first_relevant_response_after_enterprise"": 7, ""enterprise_foothold_step"": 5, ""first_critical_hit_step"": 12, ""window_end"": null, ""window_start"": null}"
ours_stage2_fair,11,stage1_pref_005_ckpt_191,semantic_aware,episode_010,4,4021,85,Q2_user_action_during_critical_breach,high,DecoyApache,User3,User,Impact,Op_Server0,"[""Op_Server0""]","[""Op_Server0""]","[""Op_Server0"", ""User0"", ""User2""]","[""Op_Server0"", ""User0"", ""User2""]","{""blue_first_relevant_response_after_critical"": 13, ""blue_first_relevant_response_after_enterprise"": 7, ""enterprise_foothold_step"": 5, ""first_critical_hit_step"": 12, ""window_end"": null, ""window_start"": null}"
ours_stage2_fair,11,stage1_pref_005_ckpt_191,semantic_aware,episode_010,5,5021,38,Q2_user_action_during_critical_breach,high,Restore,User3,User,Impact,Op_Server0,"[""Op_Server0""]","[""Op_Server0""]","[""Enterprise2"", ""Op_Server0"", ""User0"", ""User1""]","[""Enterprise2"", ""Op_Server0"", ""User0"", ""User1""]","{""blue_first_relevant_response_after_critical"": 26, ""blue_first_relevant_response_after_enterprise"": 6, ""enterprise_foothold_step"": 5, ""first_critical_hit_step"": 25, ""window_end"": null, ""window_start"": null}"
ours_stage2_fair,11,stage1_pref_005_ckpt_191,semantic_aware,episode_010,5,5021,53,Q2_user_action_during_critical_breach,high,Analyse,User0,User,Impact,Op_Server0,"[""Op_Server0""]","[""Op_Server0""]","[""Enterprise2"", ""Op_Server0"", ""User0"", ""User1""]","[""Enterprise2"", ""Op_Server0"", ""User0"", ""User1""]","{""blue_first_relevant_response_after_critical"": 26, ""blue_first_relevant_response_after_enterprise"": 6, ""enterprise_foothold_step"": 5, ""first_critical_hit_step"": 25, ""window_end"": null, ""window_start"": null}"
ours_stage2_fair,11,stage1_pref_005_ckpt_191,semantic_aware,episode_010,5,5021,57,Q2_user_action_during_critical_breach,high,DecoyHarakaSMPT,User3,User,Impact,Op_Server0,"[""Op_Server0""]","[""Op_Server0""]","[""Enterprise2"", ""Op_Server0"", ""User0"", ""User1""]","[""Enterprise2"", ""Op_Server0"", ""User0"", ""User1""]","{""blue_first_relevant_response_after_critical"": 26, ""blue_first_relevant_response_after_enterprise"": 6, ""enterprise_foothold_step"": 5, ""first_critical_hit_step"": 25, ""window_end"": null, ""window_start"": null}"
ours_stage2_fair,11,stage1_pref_005_ckpt_191,semantic_aware,episode_010,5,5021,79,Q2_user_action_during_critical_breach,high,DecoyHarakaSMPT,User2,User,Impact,Op_Server0,"[""Op_Server0""]","[""Op_Server0""]","[""Op_Server0"", ""User0"", ""User1""]","[""Op_Server0"", ""User0"", ""User1""]","{""blue_first_relevant_response_after_critical"": 26, ""blue_first_relevant_response_after_enterprise"": 6, ""enterprise_foothold_step"": 5, ""first_critical_hit_step"": 25, ""window_end"": null, ""window_start"": null}"
ours_stage2_fair,11,stage1_pref_005_ckpt_191,semantic_aware,episode_010,5,5021,93,Q2_user_action_during_critical_breach,high,DecoyHarakaSMPT,User2,User,Impact,Op_Server0,"[""Op_Server0""]","[""Op_Server0""]","[""Op_Server0"", ""User0"", ""User1""]","[""Op_Server0"", ""User0"", ""User1""]","{""blue_first_relevant_response_after_critical"": 26, ""blue_first_relevant_response_after_enterprise"": 6, ""enterprise_foothold_step"": 5, ""first_critical_hit_step"": 25, ""window_end"": null, ""window_start"": null}"
ours_stage2_fair,11,stage1_pref_005_ckpt_191,semantic_aware,episode_010,5,5021,99,Q2_user_action_during_critical_breach,high,Restore,User3,User,Impact,Op_Server0,"[""Op_Server0""]","[""Op_Server0""]","[""Op_Server0"", ""User0"", ""User1""]","[""Op_Server0"", ""User0"", ""User1""]","{""blue_first_relevant_response_after_critical"": 26, ""blue_first_relevant_response_after_enterprise"": 6, ""enterprise_foothold_step"": 5, ""first_critical_hit_step"": 25, ""window_end"": null, ""window_start"": null}"
ours_stage2_fair,11,stage1_pref_005_ckpt_191,semantic_aware,episode_010,6,6021,16,Q2_user_action_during_critical_breach,high,DecoyHarakaSMPT,User3,User,Impact,Op_Server0,"[""Op_Server0""]","[""Op_Server0""]","[""Enterprise0"", ""Enterprise2"", ""Op_Server0"", ""User0"", ""User3""]","[""Enterprise0"", ""Enterprise2"", ""Op_Server0"", ""User0"", ""User3""]","{""blue_first_relevant_response_after_critical"": 13, ""blue_first_relevant_response_after_enterprise"": 6, ""enterprise_foothold_step"": 5, ""first_critical_hit_step"": 12, ""window_end"": null, ""window_start"": null}"
ours_stage2_fair,11,stage1_pref_005_ckpt_191,semantic_aware,episode_010,6,6021,22,Q2_user_action_during_critical_breach,high,DecoyHarakaSMPT,User3,User,Impact,Op_Server0,"[""Op_Server0""]","[""Op_Server0""]","[""Enterprise0"", ""Op_Server0"", ""User0"", ""User3""]","[""Enterprise0"", ""Op_Server0"", ""User0"", ""User3""]","{""blue_first_relevant_response_after_critical"": 13, ""blue_first_relevant_response_after_enterprise"": 6, ""enterprise_foothold_step"": 5, ""first_critical_hit_step"": 12, ""window_end"": null, ""window_start"": null}"
ours_stage2_fair,11,stage1_pref_005_ckpt_191,semantic_aware,episode_010,6,6021,39,Q2_user_action_during_critical_breach,high,DecoyHarakaSMPT,User3,User,Impact,Op_Server0,"[""Op_Server0""]","[""Op_Server0""]","[""Enterprise0"", ""Op_Server0"", ""User0"", ""User3""]","[""Enterprise0"", ""Op_Server0"", ""User0"", ""User3""]","{""blue_first_relevant_response_after_critical"": 13, ""blue_first_relevant_response_after_enterprise"": 6, ""enterprise_foothold_step"": 5, ""first_critical_hit_step"": 12, ""window_end"": null, ""window_start"": null}"
ours_stage2_fair,11,stage1_pref_005_ckpt_191,semantic_aware,episode_010,6,6021,41,Q2_user_action_during_critical_breach,high,DecoyVsftpd,User1,User,Impact,Op_Server0,"[""Op_Server0""]","[""Op_Server0""]","[""Enterprise0"", ""Op_Server0"", ""User0"", ""User3""]","[""Enterprise0"", ""Op_Server0"", ""User0"", ""User3""]","{""blue_first_relevant_response_after_critical"": 13, ""blue_first_relevant_response_after_enterprise"": 6, ""enterprise_foothold_step"": 5, ""first_critical_hit_step"": 12, ""window_end"": null, ""window_start"": null}"
ours_stage2_fair,11,stage1_pref_005_ckpt_191,semantic_aware,episode_010,6,6021,43,Q2_user_action_during_critical_breach,high,Restore,User3,User,Impact,Op_Server0,"[""Op_Server0""]","[""Op_Server0""]","[""Enterprise0"", ""Op_Server0"", ""User0"", ""User3""]","[""Enterprise0"", ""Op_Server0"", ""User0""]","{""blue_first_relevant_response_after_critical"": 13, ""blue_first_relevant_response_after_enterprise"": 6, ""enterprise_foothold_step"": 5, ""first_critical_hit_step"": 12, ""window_end"": null, ""window_start"": null}"
ours_stage2_fair,11,stage1_pref_005_ckpt_191,semantic_aware,episode_010,6,6021,54,Q2_user_action_during_critical_breach,high,DecoyHarakaSMPT,User3,User,Impact,Op_Server0,"[""Op_Server0""]","[""Op_Server0""]","[""Enterprise0"", ""Op_Server0"", ""User0""]","[""Enterprise0"", ""Op_Server0"", ""User0""]","{""blue_first_relevant_response_after_critical"": 13, ""blue_first_relevant_response_after_enterprise"": 6, ""enterprise_foothold_step"": 5, ""first_critical_hit_step"": 12, ""window_end"": null, ""window_start"": null}"
ours_stage2_fair,11,stage1_pref_005_ckpt_191,semantic_aware,episode_010,6,6021,59,Q2_user_action_during_critical_breach,high,Restore,User3,User,Impact,Op_Server0,"[""Op_Server0""]","[""Op_Server0""]","[""Enterprise0"", ""Op_Server0"", ""User0""]","[""Enterprise0"", ""Op_Server0"", ""User0""]","{""blue_first_relevant_response_after_critical"": 13, ""blue_first_relevant_response_after_enterprise"": 6, ""enterprise_foothold_step"": 5, ""first_critical_hit_step"": 12, ""window_end"": null, ""window_start"": null}"
ours_stage2_fair,11,stage1_pref_005_ckpt_191,semantic_aware,episode_010,7,7021,14,Q2_user_action_during_critical_breach,high,DecoyHarakaSMPT,User3,User,Impact,Op_Server0,"[""Op_Server0""]","[""Op_Server0""]","[""Enterprise0"", ""Enterprise2"", ""Op_Server0"", ""User0"", ""User3""]","[""Enterprise0"", ""Enterprise2"", ""Op_Server0"", ""User0"", ""User3""]","{""blue_first_relevant_response_after_critical"": 13, ""blue_first_relevant_response_after_enterprise"": 6, ""enterprise_foothold_step"": 5, ""first_critical_hit_step"": 12, ""window_end"": null, ""window_start"": null}"
ours_stage2_fair,11,stage1_pref_005_ckpt_191,semantic_aware,episode_010,7,7021,48,Q2_user_action_during_critical_breach,high,Restore,User3,User,Impact,Op_Server0,"[""Op_Server0""]","[""Op_Server0""]","[""Enterprise0"", ""Enterprise2"", ""Op_Server0"", ""User0"", ""User3""]","[""Enterprise0"", ""Enterprise2"", ""Op_Server0"", ""User0""]","{""blue_first_relevant_response_after_critical"": 13, ""blue_first_relevant_response_after_enterprise"": 6, ""enterprise_foothold_step"": 5, ""first_critical_hit_step"": 12, ""window_end"": null, ""window_start"": null}"
ours_stage2_fair,11,stage1_pref_005_ckpt_191,semantic_aware,episode_010,7,7021,60,Q2_user_action_during_critical_breach,high,Restore,User3,User,Impact,Op_Server0,"[""Op_Server0""]","[""Op_Server0""]","[""Enterprise0"", ""Enterprise2"", ""Op_Server0"", ""User0""]","[""Enterprise0"", ""Enterprise2"", ""Op_Server0"", ""User0""]","{""blue_first_relevant_response_after_critical"": 13, ""blue_first_relevant_response_after_enterprise"": 6, ""enterprise_foothold_step"": 5, ""first_critical_hit_step"": 12, ""window_end"": null, ""window_start"": null}"
ours_stage2_fair,11,stage1_pref_005_ckpt_191,semantic_aware,episode_010,7,7021,73,Q2_user_action_during_critical_breach,high,Restore,User3,User,Impact,Op_Server0,"[""Op_Server0""]","[""Op_Server0""]","[""Enterprise0"", ""Op_Server0"", ""User0""]","[""Enterprise0"", ""Op_Server0"", ""User0""]","{""blue_first_relevant_response_after_critical"": 13, ""blue_first_relevant_response_after_enterprise"": 6, ""enterprise_foothold_step"": 5, ""first_critical_hit_step"": 12, ""window_end"": null, ""window_start"": null}"
ours_stage2_fair,11,stage1_pref_005_ckpt_191,semantic_aware,episode_010,7,7021,97,Q2_user_action_during_critical_breach,high,Restore,User3,User,Impact,Op_Server0,"[""Op_Server0""]","[""Op_Server0""]","[""Enterprise0"", ""Op_Server0"", ""User0""]","[""Enterprise0"", ""Op_Server0"", ""User0""]","{""blue_first_relevant_response_after_critical"": 13, ""blue_first_relevant_response_after_enterprise"": 6, ""enterprise_foothold_step"": 5, ""first_critical_hit_step"": 12, ""window_end"": null, ""window_start"": null}"
ours_stage2_fair,11,stage1_pref_005_ckpt_191,semantic_aware,episode_011,0,22,46,Q2_user_action_during_critical_breach,high,Restore,User3,User,Impact,Op_Server0,"[""Op_Server0""]","[""Op_Server0""]","[""Enterprise2"", ""Op_Server0"", ""User0"", ""User2""]","[""Enterprise2"", ""Op_Server0"", ""User0"", ""User2""]","{""blue_first_relevant_response_after_critical"": 25, ""blue_first_relevant_response_after_enterprise"": 6, ""enterprise_foothold_step"": 5, ""first_critical_hit_step"": 24, ""window_end"": null, ""window_start"": null}"
ours_stage2_fair,11,stage1_pref_005_ckpt_191,semantic_aware,episode_011,0,22,49,Q2_user_action_during_critical_breach,high,Analyse,User0,User,Impact,Op_Server0,"[""Op_Server0""]","[""Op_Server0""]","[""Enterprise2"", ""Op_Server0"", ""User0"", ""User2""]","[""Enterprise2"", ""Op_Server0"", ""User0"", ""User2""]","{""blue_first_relevant_response_after_critical"": 25, ""blue_first_relevant_response_after_enterprise"": 6, ""enterprise_foothold_step"": 5, ""first_critical_hit_step"": 24, ""window_end"": null, ""window_start"": null}"
ours_stage2_fair,11,stage1_pref_005_ckpt_191,semantic_aware,episode_011,0,22,51,Q2_user_action_during_critical_breach,high,Restore,User3,User,Impact,Op_Server0,"[""Op_Server0""]","[""Op_Server0""]","[""Enterprise2"", ""Op_Server0"", ""User0"", ""User2""]","[""Enterprise2"", ""Op_Server0"", ""User0"", ""User2""]","{""blue_first_relevant_response_after_critical"": 25, ""blue_first_relevant_response_after_enterprise"": 6, ""enterprise_foothold_step"": 5, ""first_critical_hit_step"": 24, ""window_end"": null, ""window_start"": null}"
ours_stage2_fair,11,stage1_pref_005_ckpt_191,semantic_aware,episode_011,0,22,62,Q2_user_action_during_critical_breach,high,Analyse,User0,User,Impact,Op_Server0,"[""Op_Server0""]","[""Op_Server0""]","[""Enterprise2"", ""Op_Server0"", ""User0"", ""User2""]","[""Enterprise2"", ""Op_Server0"", ""User0"", ""User2""]","{""blue_first_relevant_response_after_critical"": 25, ""blue_first_relevant_response_after_enterprise"": 6, ""enterprise_foothold_step"": 5, ""first_critical_hit_step"": 24, ""window_end"": null, ""window_start"": null}"
ours_stage2_fair,11,stage1_pref_005_ckpt_191,semantic_aware,episode_011,0,22,68,Q2_user_action_during_critical_breach,high,Analyse,User0,User,Impact,Op_Server0,"[""Op_Server0""]","[""Op_Server0""]","[""Op_Server0"", ""User0"", ""User2""]","[""Op_Server0"", ""User0"", ""User2""]","{""blue_first_relevant_response_after_critical"": 25, ""blue_first_relevant_response_after_enterprise"": 6, ""enterprise_foothold_step"": 5, ""first_critical_hit_step"": 24, ""window_end"": null, ""window_start"": null}"
ours_stage2_fair,11,stage1_pref_005_ckpt_191,semantic_aware,episode_011,1,1022,47,Q2_user_action_during_critical_breach,high,Analyse,User0,User,Impact,Op_Server0,"[""Op_Server0""]","[""Op_Server0""]","[""Enterprise0"", ""Op_Server0"", ""User0"", ""User4""]","[""Enterprise0"", ""Op_Server0"", ""User0"", ""User4""]","{""blue_first_relevant_response_after_critical"": 22, ""blue_first_relevant_response_after_enterprise"": 6, ""enterprise_foothold_step"": 5, ""first_critical_hit_step"": 20, ""window_end"": null, ""window_start"": null}"
ours_stage2_fair,11,stage1_pref_005_ckpt_191,semantic_aware,episode_011,1,1022,49,Q2_user_action_during_critical_breach,high,DecoyHarakaSMPT,User2,User,Impact,Op_Server0,"[""Op_Server0""]","[""Op_Server0""]","[""Enterprise0"", ""Op_Server0"", ""User0"", ""User4""]","[""Enterprise0"", ""Op_Server0"", ""User0"", ""User4""]","{""blue_first_relevant_response_after_critical"": 22, ""blue_first_relevant_response_after_enterprise"": 6, ""enterprise_foothold_step"": 5, ""first_critical_hit_step"": 20, ""window_end"": null, ""window_start"": null}"
ours_stage2_fair,11,stage1_pref_005_ckpt_191,semantic_aware,episode_011,1,1022,54,Q2_user_action_during_critical_breach,high,Restore,User3,User,Impact,Op_Server0,"[""Op_Server0""]","[""Op_Server0""]","[""Enterprise0"", ""Op_Server0"", ""User0"", ""User4""]","[""Enterprise0"", ""Op_Server0"", ""User0"", ""User4""]","{""blue_first_relevant_response_after_critical"": 22, ""blue_first_relevant_response_after_enterprise"": 6, ""enterprise_foothold_step"": 5, ""first_critical_hit_step"": 20, ""window_end"": null, ""window_start"": null}"
ours_stage2_fair,11,stage1_pref_005_ckpt_191,semantic_aware,episode_011,1,1022,88,Q2_user_action_during_critical_breach,high,Restore,User3,User,Impact,Op_Server0,"[""Op_Server0""]","[""Op_Server0""]","[""Enterprise0"", ""Op_Server0"", ""User0"", ""User4""]","[""Enterprise0"", ""Op_Server0"", ""User0"", ""User4""]","{""blue_first_relevant_response_after_critical"": 22, ""blue_first_relevant_response_after_enterprise"": 6, ""enterprise_foothold_step"": 5, ""first_critical_hit_step"": 20, ""window_end"": null, ""window_start"": null}"
ours_stage2_fair,11,stage1_pref_005_ckpt_191,semantic_aware,episode_011,1,1022,92,Q2_user_action_during_critical_breach,high,Restore,User3,User,Impact,Op_Server0,"[""Op_Server0""]","[""Op_Server0""]","[""Enterprise0"", ""Op_Server0"", ""User0"", ""User4""]","[""Enterprise0"", ""Op_Server0"", ""User0"", ""User4""]","{""blue_first_relevant_response_after_critical"": 22, ""blue_first_relevant_response_after_enterprise"": 6, ""enterprise_foothold_step"": 5, ""first_critical_hit_step"": 20, ""window_end"": null, ""window_start"": null}"
ours_stage2_fair,11,stage1_pref_005_ckpt_191,semantic_aware,episode_011,2,2022,20,Q2_user_action_during_critical_breach,high,Restore,User3,User,Impact,Op_Server0,"[""Op_Server0""]","[""Op_Server0""]","[""Enterprise0"", ""Enterprise2"", ""Op_Server0"", ""User0"", ""User4""]","[""Enterprise0"", ""Enterprise2"", ""Op_Server0"", ""User0"", ""User4""]","{""blue_first_relevant_response_after_critical"": 13, ""blue_first_relevant_response_after_enterprise"": 6, ""enterprise_foothold_step"": 5, ""first_critical_hit_step"": 12, ""window_end"": null, ""window_start"": null}"
ours_stage2_fair,11,stage1_pref_005_ckpt_191,semantic_aware,episode_011,2,2022,40,Q2_user_action_during_critical_breach,high,Restore,User3,User,PrivilegeEscalate,Op_Server0,"[""Op_Server0""]","[""Op_Server0""]","[""Enterprise0"", ""Enterprise2"", ""Op_Server0"", ""User0"", ""User4""]","[""Enterprise0"", ""Enterprise2"", ""Op_Server0"", ""User0"", ""User4""]","{""blue_first_relevant_response_after_critical"": 13, ""blue_first_relevant_response_after_enterprise"": 6, ""enterprise_foothold_step"": 5, ""first_critical_hit_step"": 12, ""window_end"": null, ""window_start"": null}"
ours_stage2_fair,11,stage1_pref_005_ckpt_191,semantic_aware,episode_011,2,2022,44,Q2_user_action_during_critical_breach,high,Restore,User3,User,Impact,Op_Server0,"[""Op_Server0""]","[""Op_Server0""]","[""Enterprise0"", ""Enterprise2"", ""Op_Server0"", ""User0"", ""User4""]","[""Enterprise0"", ""Enterprise2"", ""Op_Server0"", ""User0"", ""User4""]","{""blue_first_relevant_response_after_critical"": 13, ""blue_first_relevant_response_after_enterprise"": 6, ""enterprise_foothold_step"": 5, ""first_critical_hit_step"": 12, ""window_end"": null, ""window_start"": null}"
ours_stage2_fair,11,stage1_pref_005_ckpt_191,semantic_aware,episode_011,2,2022,66,Q2_user_action_during_critical_breach,high,DecoyHarakaSMPT,User2,User,PrivilegeEscalate,Op_Server0,"[""Op_Server0""]","[""Op_Server0""]","[""Enterprise0"", ""Enterprise2"", ""Op_Server0"", ""User0"", ""User4""]","[""Enterprise0"", ""Enterprise2"", ""Op_Server0"", ""User0"", ""User4""]","{""blue_first_relevant_response_after_critical"": 13, ""blue_first_relevant_response_after_enterprise"": 6, ""enterprise_foothold_step"": 5, ""first_critical_hit_step"": 12, ""window_end"": null, ""window_start"": null}"
ours_stage2_fair,11,stage1_pref_005_ckpt_191,semantic_aware,episode_011,2,2022,73,Q2_user_action_during_critical_breach,high,DecoySmss,User4,User,Impact,Op_Server0,"[""Op_Server0""]","[""Op_Server0""]","[""Enterprise0"", ""Enterprise2"", ""Op_Server0"", ""User0"", ""User4""]","[""Enterprise0"", ""Enterprise2"", ""Op_Server0"", ""User0"", ""User4""]","{""blue_first_relevant_response_after_critical"": 13, ""blue_first_relevant_response_after_enterprise"": 6, ""enterprise_foothold_step"": 5, ""first_critical_hit_step"": 12, ""window_end"": null, ""window_start"": null}"
ours_stage2_fair,11,stage1_pref_005_ckpt_191,semantic_aware,episode_011,2,2022,74,Q2_user_action_during_critical_breach,high,DecoyHarakaSMPT,User3,User,Impact,Op_Server0,"[""Op_Server0""]","[""Op_Server0""]","[""Enterprise0"", ""Enterprise2"", ""Op_Server0"", ""User0"", ""User4""]","[""Enterprise0"", ""Enterprise2"", ""Op_Server0"", ""User0"", ""User4""]","{""blue_first_relevant_response_after_critical"": 13, ""blue_first_relevant_response_after_enterprise"": 6, ""enterprise_foothold_step"": 5, ""first_critical_hit_step"": 12, ""window_end"": null, ""window_start"": null}"
ours_stage2_fair,11,stage1_pref_005_ckpt_191,semantic_aware,episode_011,2,2022,98,Q2_user_action_during_critical_breach,high,Restore,User3,User,Impact,Op_Server0,"[""Op_Server0""]","[""Op_Server0""]","[""Enterprise0"", ""Enterprise2"", ""Op_Server0"", ""User0"", ""User4""]","[""Enterprise0"", ""Enterprise2"", ""Op_Server0"", ""User0"", ""User4""]","{""blue_first_relevant_response_after_critical"": 13, ""blue_first_relevant_response_after_enterprise"": 6, ""enterprise_foothold_step"": 5, ""first_critical_hit_step"": 12, ""window_end"": null, ""window_start"": null}"
ours_stage2_fair,11,stage1_pref_005_ckpt_191,semantic_aware,episode_011,3,3022,35,Q2_user_action_during_critical_breach,high,Restore,User3,User,Impact,Op_Server0,"[""Op_Server0""]","[""Op_Server0""]","[""Op_Server0"", ""User0"", ""User2""]","[""Op_Server0"", ""User0"", ""User2""]","{""blue_first_relevant_response_after_critical"": 14, ""blue_first_relevant_response_after_enterprise"": 6, ""enterprise_foothold_step"": 5, ""first_critical_hit_step"": 12, ""window_end"": null, ""window_start"": null}"
ours_stage2_fair,11,stage1_pref_005_ckpt_191,semantic_aware,episode_011,3,3022,38,Q2_user_action_during_critical_breach,high,Restore,User3,User,Impact,Op_Server0,"[""Op_Server0""]","[""Op_Server0""]","[""Op_Server0"", ""User0"", ""User2""]","[""Op_Server0"", ""User0"", ""User2""]","{""blue_first_relevant_response_after_critical"": 14, ""blue_first_relevant_response_after_enterprise"": 6, ""enterprise_foothold_step"": 5, ""first_critical_hit_step"": 12, ""window_end"": null, ""window_start"": null}"
ours_stage2_fair,11,stage1_pref_005_ckpt_191,semantic_aware,episode_011,3,3022,45,Q2_user_action_during_critical_breach,high,DecoyHarakaSMPT,User3,User,Impact,Op_Server0,"[""Op_Server0""]","[""Op_Server0""]","[""Op_Server0"", ""User0"", ""User2""]","[""Op_Server0"", ""User0"", ""User2""]","{""blue_first_relevant_response_after_critical"": 14, ""blue_first_relevant_response_after_enterprise"": 6, ""enterprise_foothold_step"": 5, ""first_critical_hit_step"": 12, ""window_end"": null, ""window_start"": null}"
ours_stage2_fair,11,stage1_pref_005_ckpt_191,semantic_aware,episode_011,3,3022,47,Q2_user_action_during_critical_breach,high,Restore,User3,User,Impact,Op_Server0,"[""Op_Server0""]","[""Op_Server0""]","[""Op_Server0"", ""User0"", ""User2""]","[""Op_Server0"", ""User0"", ""User2""]","{""blue_first_relevant_response_after_critical"": 14, ""blue_first_relevant_response_after_enterprise"": 6, ""enterprise_foothold_step"": 5, ""first_critical_hit_step"": 12, ""window_end"": null, ""window_start"": null}"
ours_stage2_fair,11,stage1_pref_005_ckpt_191,semantic_aware,episode_011,3,3022,56,Q2_user_action_during_critical_breach,high,Restore,User3,User,Impact,Op_Server0,"[""Op_Server0""]","[""Op_Server0""]","[""Op_Server0"", ""User0"", ""User2""]","[""Op_Server0"", ""User0"", ""User2""]","{""blue_first_relevant_response_after_critical"": 14, ""blue_first_relevant_response_after_enterprise"": 6, ""enterprise_foothold_step"": 5, ""first_critical_hit_step"": 12, ""window_end"": null, ""window_start"": null}"
ours_stage2_fair,11,stage1_pref_005_ckpt_191,semantic_aware,episode_011,3,3022,60,Q2_user_action_during_critical_breach,high,Restore,User3,User,Impact,Op_Server0,"[""Op_Server0""]","[""Op_Server0""]","[""Op_Server0"", ""User0"", ""User2""]","[""Op_Server0"", ""User0"", ""User2""]","{""blue_first_relevant_response_after_critical"": 14, ""blue_first_relevant_response_after_enterprise"": 6, ""enterprise_foothold_step"": 5, ""first_critical_hit_step"": 12, ""window_end"": null, ""window_start"": null}"
ours_stage2_fair,11,stage1_pref_005_ckpt_191,semantic_aware,episode_011,3,3022,68,Q2_user_action_during_critical_breach,high,Restore,User3,User,Impact,Op_Server0,"[""Op_Server0""]","[""Op_Server0""]","[""Op_Server0"", ""User0"", ""User2""]","[""Op_Server0"", ""User0"", ""User2""]","{""blue_first_relevant_response_after_critical"": 14, ""blue_first_relevant_response_after_enterprise"": 6, ""enterprise_foothold_step"": 5, ""first_critical_hit_step"": 12, ""window_end"": null, ""window_start"": null}"
ours_stage2_fair,11,stage1_pref_005_ckpt_191,semantic_aware,episode_011,3,3022,76,Q2_user_action_during_critical_breach,high,Restore,User3,User,Impact,Op_Server0,"[""Op_Server0""]","[""Op_Server0""]","[""Op_Server0"", ""User0"", ""User2""]","[""Op_Server0"", ""User0"", ""User2""]","{""blue_first_relevant_response_after_critical"": 14, ""blue_first_relevant_response_after_enterprise"": 6, ""enterprise_foothold_step"": 5, ""first_critical_hit_step"": 12, ""window_end"": null, ""window_start"": null}"
ours_stage2_fair,11,stage1_pref_005_ckpt_191,semantic_aware,episode_011,4,4022,23,Q2_user_action_during_critical_breach,high,DecoyHarakaSMPT,User3,User,Impact,Op_Server0,"[""Op_Server0""]","[""Op_Server0""]","[""Enterprise0"", ""Enterprise2"", ""Op_Server0"", ""User0""]","[""Enterprise0"", ""Enterprise2"", ""Op_Server0"", ""User0""]","{""blue_first_relevant_response_after_critical"": 21, ""blue_first_relevant_response_after_enterprise"": 6, ""enterprise_foothold_step"": 5, ""first_critical_hit_step"": 20, ""window_end"": null, ""window_start"": null}"
ours_stage2_fair,11,stage1_pref_005_ckpt_191,semantic_aware,episode_011,4,4022,55,Q2_user_action_during_critical_breach,high,DecoyHarakaSMPT,User3,User,Impact,Op_Server0,"[""Op_Server0""]","[""Op_Server0""]","[""Enterprise0"", ""Enterprise2"", ""Op_Server0"", ""User0""]","[""Enterprise0"", ""Enterprise2"", ""Op_Server0"", ""User0""]","{""blue_first_relevant_response_after_critical"": 21, ""blue_first_relevant_response_after_enterprise"": 6, ""enterprise_foothold_step"": 5, ""first_critical_hit_step"": 20, ""window_end"": null, ""window_start"": null}"
ours_stage2_fair,11,stage1_pref_005_ckpt_191,semantic_aware,episode_011,4,4022,71,Q2_user_action_during_critical_breach,high,DecoyHarakaSMPT,User3,User,Impact,Op_Server0,"[""Op_Server0""]","[""Op_Server0""]","[""Enterprise0"", ""Enterprise2"", ""Op_Server0"", ""User0""]","[""Enterprise0"", ""Enterprise2"", ""Op_Server0"", ""User0""]","{""blue_first_relevant_response_after_critical"": 21, ""blue_first_relevant_response_after_enterprise"": 6, ""enterprise_foothold_step"": 5, ""first_critical_hit_step"": 20, ""window_end"": null, ""window_start"": null}"
ours_stage2_fair,11,stage1_pref_005_ckpt_191,semantic_aware,episode_011,4,4022,81,Q2_user_action_during_critical_breach,high,Restore,User3,User,Impact,Op_Server0,"[""Op_Server0""]","[""Op_Server0""]","[""Enterprise0"", ""Enterprise2"", ""Op_Server0"", ""User0""]","[""Enterprise0"", ""Enterprise2"", ""Op_Server0"", ""User0""]","{""blue_first_relevant_response_after_critical"": 21, ""blue_first_relevant_response_after_enterprise"": 6, ""enterprise_foothold_step"": 5, ""first_critical_hit_step"": 20, ""window_end"": null, ""window_start"": null}"
ours_stage2_fair,11,stage1_pref_005_ckpt_191,semantic_aware,episode_011,4,4022,92,Q2_user_action_during_critical_breach,high,Restore,User3,User,Impact,Op_Server0,"[""Op_Server0""]","[""Op_Server0""]","[""Enterprise0"", ""Enterprise2"", ""Op_Server0"", ""User0""]","[""Enterprise0"", ""Enterprise2"", ""Op_Server0"", ""User0""]","{""blue_first_relevant_response_after_critical"": 21, ""blue_first_relevant_response_after_enterprise"": 6, ""enterprise_foothold_step"": 5, ""first_critical_hit_step"": 20, ""window_end"": null, ""window_start"": null}"
ours_stage2_fair,11,stage1_pref_005_ckpt_191,semantic_aware,episode_011,5,5022,32,Q2_user_action_during_critical_breach,high,Restore,User3,User,Impact,Op_Server0,"[""Op_Server0""]","[""Op_Server0""]","[""Enterprise0"", ""Enterprise2"", ""Op_Server0"", ""User0"", ""User4""]","[""Enterprise0"", ""Enterprise2"", ""Op_Server0"", ""User0"", ""User4""]","{""blue_first_relevant_response_after_critical"": 17, ""blue_first_relevant_response_after_enterprise"": 6, ""enterprise_foothold_step"": 5, ""first_critical_hit_step"": 16, ""window_end"": null, ""window_start"": null}"
ours_stage2_fair,11,stage1_pref_005_ckpt_191,semantic_aware,episode_011,5,5022,71,Q2_user_action_during_critical_breach,high,Restore,User3,User,Impact,Op_Server0,"[""Op_Server0""]","[""Op_Server0""]","[""Enterprise0"", ""Enterprise2"", ""Op_Server0"", ""User0"", ""User4""]","[""Enterprise0"", ""Enterprise2"", ""Op_Server0"", ""User0"", ""User4""]","{""blue_first_relevant_response_after_critical"": 17, ""blue_first_relevant_response_after_enterprise"": 6, ""enterprise_foothold_step"": 5, ""first_critical_hit_step"": 16, ""window_end"": null, ""window_start"": null}"
ours_stage2_fair,11,stage1_pref_005_ckpt_191,semantic_aware,episode_011,5,5022,72,Q2_user_action_during_critical_breach,high,Restore,User3,User,Impact,Op_Server0,"[""Op_Server0""]","[""Op_Server0""]","[""Enterprise0"", ""Enterprise2"", ""Op_Server0"", ""User0"", ""User4""]","[""Enterprise0"", ""Enterprise2"", ""Op_Server0"", ""User0"", ""User4""]","{""blue_first_relevant_response_after_critical"": 17, ""blue_first_relevant_response_after_enterprise"": 6, ""enterprise_foothold_step"": 5, ""first_critical_hit_step"": 16, ""window_end"": null, ""window_start"": null}"
ours_stage2_fair,11,stage1_pref_005_ckpt_191,semantic_aware,episode_011,6,6022,27,Q2_user_action_during_critical_breach,high,DecoyHarakaSMPT,User2,User,Impact,Op_Server0,"[""Op_Server0""]","[""Op_Server0""]","[""Enterprise0"", ""Enterprise2"", ""Op_Server0"", ""User0"", ""User4""]","[""Enterprise0"", ""Enterprise2"", ""Op_Server0"", ""User0"", ""User4""]","{""blue_first_relevant_response_after_critical"": 13, ""blue_first_relevant_response_after_enterprise"": 6, ""enterprise_foothold_step"": 5, ""first_critical_hit_step"": 12, ""window_end"": null, ""window_start"": null}"
ours_stage2_fair,11,stage1_pref_005_ckpt_191,semantic_aware,episode_011,6,6022,28,Q2_user_action_during_critical_breach,high,Restore,User3,User,Impact,Op_Server0,"[""Op_Server0""]","[""Op_Server0""]","[""Enterprise0"", ""Enterprise2"", ""Op_Server0"", ""User0"", ""User4""]","[""Enterprise0"", ""Enterprise2"", ""Op_Server0"", ""User0"", ""User4""]","{""blue_first_relevant_response_after_critical"": 13, ""blue_first_relevant_response_after_enterprise"": 6, ""enterprise_foothold_step"": 5, ""first_critical_hit_step"": 12, ""window_end"": null, ""window_start"": null}"
ours_stage2_fair,11,stage1_pref_005_ckpt_191,semantic_aware,episode_011,6,6022,97,Q2_user_action_during_critical_breach,high,Restore,User3,User,PrivilegeEscalate,Op_Server0,"[""Op_Server0""]","[""Op_Server0""]","[""Enterprise0"", ""Op_Server0"", ""User0"", ""User4""]","[""Enterprise0"", ""Op_Server0"", ""User0"", ""User4""]","{""blue_first_relevant_response_after_critical"": 13, ""blue_first_relevant_response_after_enterprise"": 6, ""enterprise_foothold_step"": 5, ""first_critical_hit_step"": 12, ""window_end"": null, ""window_start"": null}"
ours_stage2_fair,11,stage1_pref_005_ckpt_191,semantic_aware,episode_011,6,6022,99,Q2_user_action_during_critical_breach,high,Restore,User3,User,Impact,Op_Server0,"[""Op_Server0""]","[""Op_Server0""]","[""Enterprise0"", ""Op_Server0"", ""User0"", ""User4""]","[""Enterprise0"", ""Op_Server0"", ""User0"", ""User4""]","{""blue_first_relevant_response_after_critical"": 13, ""blue_first_relevant_response_after_enterprise"": 6, ""enterprise_foothold_step"": 5, ""first_critical_hit_step"": 12, ""window_end"": null, ""window_start"": null}"
ours_stage2_fair,11,stage1_pref_005_ckpt_191,semantic_aware,episode_011,7,7022,41,Q2_user_action_during_critical_breach,high,DecoyVsftpd,User1,User,Impact,Op_Server0,"[""Op_Server0""]","[""Op_Server0""]","[""Enterprise2"", ""Op_Server0"", ""User0"", ""User2""]","[""Enterprise2"", ""Op_Server0"", ""User0"", ""User2""]","{""blue_first_relevant_response_after_critical"": 13, ""blue_first_relevant_response_after_enterprise"": 7, ""enterprise_foothold_step"": 5, ""first_critical_hit_step"": 12, ""window_end"": null, ""window_start"": null}"
ours_stage2_fair,11,stage1_pref_005_ckpt_191,semantic_aware,episode_011,7,7022,61,Q2_user_action_during_critical_breach,high,DecoyHarakaSMPT,User2,User,Impact,Op_Server0,"[""Op_Server0""]","[""Op_Server0""]","[""Enterprise2"", ""Op_Server0"", ""User0"", ""User2""]","[""Enterprise2"", ""Op_Server0"", ""User0"", ""User2""]","{""blue_first_relevant_response_after_critical"": 13, ""blue_first_relevant_response_after_enterprise"": 7, ""enterprise_foothold_step"": 5, ""first_critical_hit_step"": 12, ""window_end"": null, ""window_start"": null}"
ours_stage2_fair,11,stage1_pref_005_ckpt_191,semantic_aware,episode_011,7,7022,77,Q2_user_action_during_critical_breach,high,Remove,User2,User,Impact,Op_Server0,"[""Op_Server0""]","[""Op_Server0""]","[""Enterprise2"", ""Op_Server0"", ""User0"", ""User2""]","[""Enterprise2"", ""Op_Server0"", ""User0"", ""User2""]","{""blue_first_relevant_response_after_critical"": 13, ""blue_first_relevant_response_after_enterprise"": 7, ""enterprise_foothold_step"": 5, ""first_critical_hit_step"": 12, ""window_end"": null, ""window_start"": null}"
ours_stage2_fair,11,stage1_pref_005_ckpt_191,semantic_aware,episode_011,7,7022,86,Q2_user_action_during_critical_breach,high,DecoyHarakaSMPT,User2,User,Impact,Op_Server0,"[""Op_Server0""]","[""Op_Server0""]","[""Enterprise2"", ""Op_Server0"", ""User0"", ""User2""]","[""Enterprise2"", ""Op_Server0"", ""User0"", ""User2""]","{""blue_first_relevant_response_after_critical"": 13, ""blue_first_relevant_response_after_enterprise"": 7, ""enterprise_foothold_step"": 5, ""first_critical_hit_step"": 12, ""window_end"": null, ""window_start"": null}"
ours_stage2_fair,11,stage1_pref_005_ckpt_191,semantic_aware,episode_012,0,23,13,Q2_user_action_during_critical_breach,high,DecoyHarakaSMPT,User3,User,PrivilegeEscalate,Op_Server0,"[""Op_Server0""]","[""Op_Server0""]","[""Enterprise0"", ""Enterprise2"", ""Op_Server0"", ""User0"", ""User4""]","[""Enterprise0"", ""Enterprise2"", ""Op_Server0"", ""User0"", ""User4""]","{""blue_first_relevant_response_after_critical"": 14, ""blue_first_relevant_response_after_enterprise"": 6, ""enterprise_foothold_step"": 5, ""first_critical_hit_step"": 12, ""window_end"": null, ""window_start"": null}"
ours_stage2_fair,11,stage1_pref_005_ckpt_191,semantic_aware,episode_012,0,23,36,Q2_user_action_during_critical_breach,high,Restore,User3,User,Impact,Op_Server0,"[""Op_Server0""]","[""Op_Server0""]","[""Enterprise0"", ""Op_Server0"", ""User0"", ""User4""]","[""Enterprise0"", ""Op_Server0"", ""User0"", ""User4""]","{""blue_first_relevant_response_after_critical"": 14, ""blue_first_relevant_response_after_enterprise"": 6, ""enterprise_foothold_step"": 5, ""first_critical_hit_step"": 12, ""window_end"": null, ""window_start"": null}"
ours_stage2_fair,11,stage1_pref_005_ckpt_191,semantic_aware,episode_012,1,1023,13,Q2_user_action_during_critical_breach,high,Restore,User3,User,PrivilegeEscalate,Op_Server0,"[""Op_Server0""]","[""Op_Server0""]","[""Enterprise0"", ""Op_Server0"", ""User0""]","[""Enterprise0"", ""Op_Server0"", ""User0""]","{""blue_first_relevant_response_after_critical"": 15, ""blue_first_relevant_response_after_enterprise"": 8, ""enterprise_foothold_step"": 5, ""first_critical_hit_step"": 12, ""window_end"": null, ""window_start"": null}"
ours_stage2_fair,11,stage1_pref_005_ckpt_191,semantic_aware,episode_012,1,1023,18,Q2_user_action_during_critical_breach,high,Analyse,User0,User,PrivilegeEscalate,Op_Server0,"[""Op_Server0""]","[""Op_Server0""]","[""Enterprise0"", ""Op_Server0"", ""User0""]","[""Enterprise0"", ""Op_Server0"", ""User0""]","{""blue_first_relevant_response_after_critical"": 15, ""blue_first_relevant_response_after_enterprise"": 8, ""enterprise_foothold_step"": 5, ""first_critical_hit_step"": 12, ""window_end"": null, ""window_start"": null}"
ours_stage2_fair,11,stage1_pref_005_ckpt_191,semantic_aware,episode_012,1,1023,20,Q2_user_action_during_critical_breach,high,Restore,User3,User,Impact,Op_Server0,"[""Op_Server0""]","[""Op_Server0""]","[""Enterprise0"", ""Op_Server0"", ""User0""]","[""Enterprise0"", ""Op_Server0"", ""User0""]","{""blue_first_relevant_response_after_critical"": 15, ""blue_first_relevant_response_after_enterprise"": 8, ""enterprise_foothold_step"": 5, ""first_critical_hit_step"": 12, ""window_end"": null, ""window_start"": null}"
ours_stage2_fair,11,stage1_pref_005_ckpt_191,semantic_aware,episode_012,1,1023,27,Q2_user_action_during_critical_breach,high,DecoyHarakaSMPT,User2,User,Impact,Op_Server0,"[""Op_Server0""]","[""Op_Server0""]","[""Enterprise0"", ""Op_Server0"", ""User0""]","[""Enterprise0"", ""Op_Server0"", ""User0""]","{""blue_first_relevant_response_after_critical"": 15, ""blue_first_relevant_response_after_enterprise"": 8, ""enterprise_foothold_step"": 5, ""first_critical_hit_step"": 12, ""window_end"": null, ""window_start"": null}"
ours_stage2_fair,11,stage1_pref_005_ckpt_191,semantic_aware,episode_012,1,1023,59,Q2_user_action_during_critical_breach,high,Restore,User3,User,Impact,Op_Server0,"[""Op_Server0""]","[""Op_Server0""]","[""Enterprise0"", ""Op_Server0"", ""User0""]","[""Enterprise0"", ""Op_Server0"", ""User0""]","{""blue_first_relevant_response_after_critical"": 15, ""blue_first_relevant_response_after_enterprise"": 8, ""enterprise_foothold_step"": 5, ""first_critical_hit_step"": 12, ""window_end"": null, ""window_start"": null}"
ours_stage2_fair,11,stage1_pref_005_ckpt_191,semantic_aware,episode_012,1,1023,76,Q2_user_action_during_critical_breach,high,DecoyHarakaSMPT,User1,User,Impact,Op_Server0,"[""Op_Server0""]","[""Op_Server0""]","[""Enterprise0"", ""Op_Server0"", ""User0""]","[""Enterprise0"", ""Op_Server0"", ""User0""]","{""blue_first_relevant_response_after_critical"": 15, ""blue_first_relevant_response_after_enterprise"": 8, ""enterprise_foothold_step"": 5, ""first_critical_hit_step"": 12, ""window_end"": null, ""window_start"": null}"
ours_stage2_fair,11,stage1_pref_005_ckpt_191,semantic_aware,episode_012,1,1023,80,Q2_user_action_during_critical_breach,high,DecoyHarakaSMPT,User3,User,Impact,Op_Server0,"[""Op_Server0""]","[""Op_Server0""]","[""Enterprise0"", ""Op_Server0"", ""User0""]","[""Enterprise0"", ""Op_Server0"", ""User0""]","{""blue_first_relevant_response_after_critical"": 15, ""blue_first_relevant_response_after_enterprise"": 8, ""enterprise_foothold_step"": 5, ""first_critical_hit_step"": 12, ""window_end"": null, ""window_start"": null}"
ours_stage2_fair,11,stage1_pref_005_ckpt_191,semantic_aware,episode_012,1,1023,81,Q2_user_action_during_critical_breach,high,Restore,User3,User,Impact,Op_Server0,"[""Op_Server0""]","[""Op_Server0""]","[""Enterprise0"", ""Op_Server0"", ""User0""]","[""Enterprise0"", ""Op_Server0"", ""User0""]","{""blue_first_relevant_response_after_critical"": 15, ""blue_first_relevant_response_after_enterprise"": 8, ""enterprise_foothold_step"": 5, ""first_critical_hit_step"": 12, ""window_end"": null, ""window_start"": null}"
ours_stage2_fair,11,stage1_pref_005_ckpt_191,semantic_aware,episode_012,1,1023,84,Q2_user_action_during_critical_breach,high,DecoyTomcat,User2,User,Impact,Op_Server0,"[""Op_Server0""]","[""Op_Server0""]","[""Enterprise0"", ""Op_Server0"", ""User0""]","[""Enterprise0"", ""Op_Server0"", ""User0""]","{""blue_first_relevant_response_after_critical"": 15, ""blue_first_relevant_response_after_enterprise"": 8, ""enterprise_foothold_step"": 5, ""first_critical_hit_step"": 12, ""window_end"": null, ""window_start"": null}"
ours_stage2_fair,11,stage1_pref_005_ckpt_191,semantic_aware,episode_012,1,1023,90,Q2_user_action_during_critical_breach,high,Restore,User3,User,Impact,Op_Server0,"[""Op_Server0""]","[""Op_Server0""]","[""Enterprise0"", ""Op_Server0"", ""User0""]","[""Enterprise0"", ""Op_Server0"", ""User0""]","{""blue_first_relevant_response_after_critical"": 15, ""blue_first_relevant_response_after_enterprise"": 8, ""enterprise_foothold_step"": 5, ""first_critical_hit_step"": 12, ""window_end"": null, ""window_start"": null}"
ours_stage2_fair,11,stage1_pref_005_ckpt_191,semantic_aware,episode_012,1,1023,92,Q2_user_action_during_critical_breach,high,DecoyHarakaSMPT,User3,User,Impact,Op_Server0,"[""Op_Server0""]","[""Op_Server0""]","[""Enterprise0"", ""Op_Server0"", ""User0""]","[""Enterprise0"", ""Op_Server0"", ""User0""]","{""blue_first_relevant_response_after_critical"": 15, ""blue_first_relevant_response_after_enterprise"": 8, ""enterprise_foothold_step"": 5, ""first_critical_hit_step"": 12, ""window_end"": null, ""window_start"": null}"
ours_stage2_fair,11,stage1_pref_005_ckpt_191,semantic_aware,episode_012,2,2023,35,Q2_user_action_during_critical_breach,high,Restore,User3,User,Impact,Op_Server0,"[""Op_Server0""]","[""Op_Server0""]","[""Enterprise0"", ""Enterprise2"", ""Op_Server0"", ""User0"", ""User3""]","[""Enterprise0"", ""Enterprise2"", ""Op_Server0"", ""User0""]","{""blue_first_relevant_response_after_critical"": 14, ""blue_first_relevant_response_after_enterprise"": 6, ""enterprise_foothold_step"": 5, ""first_critical_hit_step"": 12, ""window_end"": null, ""window_start"": null}"
ours_stage2_fair,11,stage1_pref_005_ckpt_191,semantic_aware,episode_012,2,2023,43,Q2_user_action_during_critical_breach,high,DecoyHarakaSMPT,User3,User,Impact,Op_Server0,"[""Op_Server0""]","[""Op_Server0""]","[""Enterprise0"", ""Enterprise2"", ""Op_Server0"", ""User0""]","[""Enterprise0"", ""Enterprise2"", ""Op_Server0"", ""User0""]","{""blue_first_relevant_response_after_critical"": 14, ""blue_first_relevant_response_after_enterprise"": 6, ""enterprise_foothold_step"": 5, ""first_critical_hit_step"": 12, ""window_end"": null, ""window_start"": null}"
ours_stage2_fair,11,stage1_pref_005_ckpt_191,semantic_aware,episode_012,2,2023,44,Q2_user_action_during_critical_breach,high,Restore,User3,User,Impact,Op_Server0,"[""Op_Server0""]","[""Op_Server0""]","[""Enterprise0"", ""Enterprise2"", ""Op_Server0"", ""User0""]","[""Enterprise0"", ""Enterprise2"", ""Op_Server0"", ""User0""]","{""blue_first_relevant_response_after_critical"": 14, ""blue_first_relevant_response_after_enterprise"": 6, ""enterprise_foothold_step"": 5, ""first_critical_hit_step"": 12, ""window_end"": null, ""window_start"": null}"
ours_stage2_fair,11,stage1_pref_005_ckpt_191,semantic_aware,episode_012,2,2023,46,Q2_user_action_during_critical_breach,high,DecoyHarakaSMPT,User2,User,Impact,Op_Server0,"[""Op_Server0""]","[""Op_Server0""]","[""Enterprise0"", ""Enterprise2"", ""Op_Server0"", ""User0""]","[""Enterprise0"", ""Enterprise2"", ""Op_Server0"", ""User0""]","{""blue_first_relevant_response_after_critical"": 14, ""blue_first_relevant_response_after_enterprise"": 6, ""enterprise_foothold_step"": 5, ""first_critical_hit_step"": 12, ""window_end"": null, ""window_start"": null}"
ours_stage2_fair,11,stage1_pref_005_ckpt_191,semantic_aware,episode_012,2,2023,87,Q2_user_action_during_critical_breach,high,Restore,User3,User,Impact,Op_Server0,"[""Op_Server0""]","[""Op_Server0""]","[""Enterprise0"", ""Op_Server0"", ""User0""]","[""Enterprise0"", ""Op_Server0"", ""User0""]","{""blue_first_relevant_response_after_critical"": 14, ""blue_first_relevant_response_after_enterprise"": 6, ""enterprise_foothold_step"": 5, ""first_critical_hit_step"": 12, ""window_end"": null, ""window_start"": null}"
ours_stage2_fair,11,stage1_pref_005_ckpt_191,semantic_aware,episode_012,2,2023,94,Q2_user_action_during_critical_breach,high,Restore,User3,User,Impact,Op_Server0,"[""Op_Server0""]","[""Op_Server0""]","[""Enterprise0"", ""Op_Server0"", ""User0""]","[""Enterprise0"", ""Op_Server0"", ""User0""]","{""blue_first_relevant_response_after_critical"": 14, ""blue_first_relevant_response_after_enterprise"": 6, ""enterprise_foothold_step"": 5, ""first_critical_hit_step"": 12, ""window_end"": null, ""window_start"": null}"
ours_stage2_fair,11,stage1_pref_005_ckpt_191,semantic_aware,episode_012,3,3023,56,Q2_user_action_during_critical_breach,high,Restore,User3,User,Impact,Op_Server0,"[""Op_Server0""]","[""Op_Server0""]","[""Enterprise2"", ""Op_Server0"", ""User0"", ""User2""]","[""Enterprise2"", ""Op_Server0"", ""User0"", ""User2""]","{""blue_first_relevant_response_after_critical"": 14, ""blue_first_relevant_response_after_enterprise"": 6, ""enterprise_foothold_step"": 5, ""first_critical_hit_step"": 12, ""window_end"": null, ""window_start"": null}"
ours_stage2_fair,11,stage1_pref_005_ckpt_191,semantic_aware,episode_012,3,3023,71,Q2_user_action_during_critical_breach,high,Analyse,User0,User,Impact,Op_Server0,"[""Op_Server0""]","[""Op_Server0""]","[""Op_Server0"", ""User0"", ""User2""]","[""Op_Server0"", ""User0"", ""User2""]","{""blue_first_relevant_response_after_critical"": 14, ""blue_first_relevant_response_after_enterprise"": 6, ""enterprise_foothold_step"": 5, ""first_critical_hit_step"": 12, ""window_end"": null, ""window_start"": null}"
ours_stage2_fair,11,stage1_pref_005_ckpt_191,semantic_aware,episode_012,4,4023,17,Q2_user_action_during_critical_breach,high,Analyse,User0,User,Impact,Op_Server0,"[""Op_Server0""]","[""Op_Server0""]","[""Enterprise0"", ""Enterprise2"", ""Op_Server0"", ""User0"", ""User4""]","[""Enterprise0"", ""Enterprise2"", ""Op_Server0"", ""User0"", ""User4""]","{""blue_first_relevant_response_after_critical"": 13, ""blue_first_relevant_response_after_enterprise"": 6, ""enterprise_foothold_step"": 5, ""first_critical_hit_step"": 12, ""window_end"": null, ""window_start"": null}"
ours_stage2_fair,11,stage1_pref_005_ckpt_191,semantic_aware,episode_012,4,4023,25,Q2_user_action_during_critical_breach,high,Restore,User3,User,Impact,Op_Server0,"[""Op_Server0""]","[""Op_Server0""]","[""Enterprise0"", ""Enterprise2"", ""Op_Server0"", ""User0"", ""User4""]","[""Enterprise0"", ""Enterprise2"", ""Op_Server0"", ""User0"", ""User4""]","{""blue_first_relevant_response_after_critical"": 13, ""blue_first_relevant_response_after_enterprise"": 6, ""enterprise_foothold_step"": 5, ""first_critical_hit_step"": 12, ""window_end"": null, ""window_start"": null}"
ours_stage2_fair,11,stage1_pref_005_ckpt_191,semantic_aware,episode_012,4,4023,35,Q2_user_action_during_critical_breach,high,DecoyHarakaSMPT,User3,User,Impact,Op_Server0,"[""Op_Server0""]","[""Op_Server0""]","[""Enterprise0"", ""Enterprise2"", ""Op_Server0"", ""User0"", ""User4""]","[""Enterprise0"", ""Enterprise2"", ""Op_Server0"", ""User0"", ""User4""]","{""blue_first_relevant_response_after_critical"": 13, ""blue_first_relevant_response_after_enterprise"": 6, ""enterprise_foothold_step"": 5, ""first_critical_hit_step"": 12, ""window_end"": null, ""window_start"": null}"
ours_stage2_fair,11,stage1_pref_005_ckpt_191,semantic_aware,episode_012,4,4023,43,Q2_user_action_during_critical_breach,high,Restore,User3,User,Impact,Op_Server0,"[""Op_Server0""]","[""Op_Server0""]","[""Enterprise0"", ""Enterprise2"", ""Op_Server0"", ""User0"", ""User4""]","[""Enterprise0"", ""Enterprise2"", ""Op_Server0"", ""User0"", ""User4""]","{""blue_first_relevant_response_after_critical"": 13, ""blue_first_relevant_response_after_enterprise"": 6, ""enterprise_foothold_step"": 5, ""first_critical_hit_step"": 12, ""window_end"": null, ""window_start"": null}"
ours_stage2_fair,11,stage1_pref_005_ckpt_191,semantic_aware,episode_012,4,4023,52,Q2_user_action_during_critical_breach,high,Restore,User3,User,Impact,Op_Server0,"[""Op_Server0""]","[""Op_Server0""]","[""Enterprise0"", ""Enterprise2"", ""Op_Server0"", ""User0"", ""User4""]","[""Enterprise0"", ""Enterprise2"", ""Op_Server0"", ""User0"", ""User4""]","{""blue_first_relevant_response_after_critical"": 13, ""blue_first_relevant_response_after_enterprise"": 6, ""enterprise_foothold_step"": 5, ""first_critical_hit_step"": 12, ""window_end"": null, ""window_start"": null}"
ours_stage2_fair,11,stage1_pref_005_ckpt_191,semantic_aware,episode_012,4,4023,62,Q2_user_action_during_critical_breach,high,DecoyFemitter,User0,User,PrivilegeEscalate,Op_Server0,"[""Op_Server0""]","[""Op_Server0""]","[""Enterprise0"", ""Enterprise2"", ""Op_Server0"", ""User0"", ""User4""]","[""Enterprise0"", ""Enterprise2"", ""Op_Server0"", ""User0"", ""User4""]","{""blue_first_relevant_response_after_critical"": 13, ""blue_first_relevant_response_after_enterprise"": 6, ""enterprise_foothold_step"": 5, ""first_critical_hit_step"": 12, ""window_end"": null, ""window_start"": null}"
ours_stage2_fair,11,stage1_pref_005_ckpt_191,semantic_aware,episode_012,5,5023,15,Q2_user_action_during_critical_breach,high,DecoyVsftpd,User1,User,Impact,Op_Server0,"[""Op_Server0""]","[""Op_Server0""]","[""Enterprise1"", ""Enterprise2"", ""Op_Server0"", ""User0"", ""User1""]","[""Enterprise1"", ""Enterprise2"", ""Op_Server0"", ""User0"", ""User1""]","{""blue_first_relevant_response_after_critical"": 13, ""blue_first_relevant_response_after_enterprise"": 7, ""enterprise_foothold_step"": 5, ""first_critical_hit_step"": 12, ""window_end"": null, ""window_start"": null}"
ours_stage2_fair,11,stage1_pref_005_ckpt_191,semantic_aware,episode_012,5,5023,21,Q2_user_action_during_critical_breach,high,DecoySSHD,User2,User,Impact,Op_Server0,"[""Op_Server0""]","[""Op_Server0""]","[""Enterprise1"", ""Enterprise2"", ""Op_Server0"", ""User0"", ""User1""]","[""Enterprise1"", ""Enterprise2"", ""Op_Server0"", ""User0"", ""User1""]","{""blue_first_relevant_response_after_critical"": 13, ""blue_first_relevant_response_after_enterprise"": 7, ""enterprise_foothold_step"": 5, ""first_critical_hit_step"": 12, ""window_end"": null, ""window_start"": null}"
ours_stage2_fair,11,stage1_pref_005_ckpt_191,semantic_aware,episode_012,5,5023,23,Q2_user_action_during_critical_breach,high,Restore,User3,User,Impact,Op_Server0,"[""Op_Server0""]","[""Op_Server0""]","[""Enterprise1"", ""Enterprise2"", ""Op_Server0"", ""User0"", ""User1""]","[""Enterprise1"", ""Enterprise2"", ""Op_Server0"", ""User0"", ""User1""]","{""blue_first_relevant_response_after_critical"": 13, ""blue_first_relevant_response_after_enterprise"": 7, ""enterprise_foothold_step"": 5, ""first_critical_hit_step"": 12, ""window_end"": null, ""window_start"": null}"
ours_stage2_fair,11,stage1_pref_005_ckpt_191,semantic_aware,episode_012,5,5023,49,Q2_user_action_during_critical_breach,high,DecoyHarakaSMPT,User3,User,Impact,Op_Server0,"[""Op_Server0""]","[""Op_Server0""]","[""Op_Server0"", ""User0"", ""User1""]","[""Op_Server0"", ""User0"", ""User1""]","{""blue_first_relevant_response_after_critical"": 13, ""blue_first_relevant_response_after_enterprise"": 7, ""enterprise_foothold_step"": 5, ""first_critical_hit_step"": 12, ""window_end"": null, ""window_start"": null}"
ours_stage2_fair,11,stage1_pref_005_ckpt_191,semantic_aware,episode_012,5,5023,55,Q2_user_action_during_critical_breach,high,DecoyHarakaSMPT,User2,User,Impact,Op_Server0,"[""Op_Server0""]","[""Op_Server0""]","[""Op_Server0"", ""User0"", ""User1""]","[""Op_Server0"", ""User0"", ""User1""]","{""blue_first_relevant_response_after_critical"": 13, ""blue_first_relevant_response_after_enterprise"": 7, ""enterprise_foothold_step"": 5, ""first_critical_hit_step"": 12, ""window_end"": null, ""window_start"": null}"
ours_stage2_fair,11,stage1_pref_005_ckpt_191,semantic_aware,episode_012,5,5023,56,Q2_user_action_during_critical_breach,high,Analyse,User0,User,Impact,Op_Server0,"[""Op_Server0""]","[""Op_Server0""]","[""Op_Server0"", ""User0"", ""User1""]","[""Op_Server0"", ""User0"", ""User1""]","{""blue_first_relevant_response_after_critical"": 13, ""blue_first_relevant_response_after_enterprise"": 7, ""enterprise_foothold_step"": 5, ""first_critical_hit_step"": 12, ""window_end"": null, ""window_start"": null}"
ours_stage2_fair,11,stage1_pref_005_ckpt_191,semantic_aware,episode_012,5,5023,71,Q2_user_action_during_critical_breach,high,DecoyHarakaSMPT,User3,User,Impact,Op_Server0,"[""Op_Server0""]","[""Op_Server0""]","[""Op_Server0"", ""User0"", ""User1""]","[""Op_Server0"", ""User0"", ""User1""]","{""blue_first_relevant_response_after_critical"": 13, ""blue_first_relevant_response_after_enterprise"": 7, ""enterprise_foothold_step"": 5, ""first_critical_hit_step"": 12, ""window_end"": null, ""window_start"": null}"
ours_stage2_fair,11,stage1_pref_005_ckpt_191,semantic_aware,episode_012,5,5023,81,Q2_user_action_during_critical_breach,high,DecoySSHD,User1,User,Impact,Op_Server0,"[""Op_Server0""]","[""Op_Server0""]","[""Op_Server0"", ""User0"", ""User1""]","[""Op_Server0"", ""User0"", ""User1""]","{""blue_first_relevant_response_after_critical"": 13, ""blue_first_relevant_response_after_enterprise"": 7, ""enterprise_foothold_step"": 5, ""first_critical_hit_step"": 12, ""window_end"": null, ""window_start"": null}"
ours_stage2_fair,11,stage1_pref_005_ckpt_191,semantic_aware,episode_012,5,5023,96,Q2_user_action_during_critical_breach,high,DecoyHarakaSMPT,User3,User,Impact,Op_Server0,"[""Op_Server0""]","[""Op_Server0""]","[""Op_Server0"", ""User0"", ""User1""]","[""Op_Server0"", ""User0"", ""User1""]","{""blue_first_relevant_response_after_critical"": 13, ""blue_first_relevant_response_after_enterprise"": 7, ""enterprise_foothold_step"": 5, ""first_critical_hit_step"": 12, ""window_end"": null, ""window_start"": null}"
ours_stage2_fair,11,stage1_pref_005_ckpt_191,semantic_aware,episode_012,6,6023,18,Q2_user_action_during_critical_breach,high,DecoySSHD,User2,User,Impact,Op_Server0,"[""Op_Server0""]","[""Op_Server0""]","[""Enterprise0"", ""Op_Server0"", ""User0"", ""User3""]","[""Enterprise0"", ""Op_Server0"", ""User0"", ""User3""]","{""blue_first_relevant_response_after_critical"": 13, ""blue_first_relevant_response_after_enterprise"": 7, ""enterprise_foothold_step"": 5, ""first_critical_hit_step"": 12, ""window_end"": null, ""window_start"": null}"
ours_stage2_fair,11,stage1_pref_005_ckpt_191,semantic_aware,episode_012,6,6023,21,Q2_user_action_during_critical_breach,high,Restore,User3,User,Impact,Op_Server0,"[""Op_Server0""]","[""Op_Server0""]","[""Enterprise0"", ""Op_Server0"", ""User0"", ""User3""]","[""Enterprise0"", ""Op_Server0"", ""User0""]","{""blue_first_relevant_response_after_critical"": 13, ""blue_first_relevant_response_after_enterprise"": 7, ""enterprise_foothold_step"": 5, ""first_critical_hit_step"": 12, ""window_end"": null, ""window_start"": null}"
ours_stage2_fair,11,stage1_pref_005_ckpt_191,semantic_aware,episode_012,6,6023,25,Q2_user_action_during_critical_breach,high,Restore,User3,User,Impact,Op_Server0,"[""Op_Server0""]","[""Op_Server0""]","[""Enterprise0"", ""Op_Server0"", ""User0""]","[""Enterprise0"", ""Op_Server0"", ""User0""]","{""blue_first_relevant_response_after_critical"": 13, ""blue_first_relevant_response_after_enterprise"": 7, ""enterprise_foothold_step"": 5, ""first_critical_hit_step"": 12, ""window_end"": null, ""window_start"": null}"
ours_stage2_fair,11,stage1_pref_005_ckpt_191,semantic_aware,episode_012,6,6023,33,Q2_user_action_during_critical_breach,high,Restore,User3,User,Impact,Op_Server0,"[""Op_Server0""]","[""Op_Server0""]","[""Enterprise0"", ""Op_Server0"", ""User0""]","[""Enterprise0"", ""Op_Server0"", ""User0""]","{""blue_first_relevant_response_after_critical"": 13, ""blue_first_relevant_response_after_enterprise"": 7, ""enterprise_foothold_step"": 5, ""first_critical_hit_step"": 12, ""window_end"": null, ""window_start"": null}"
ours_stage2_fair,11,stage1_pref_005_ckpt_191,semantic_aware,episode_012,6,6023,41,Q2_user_action_during_critical_breach,high,Restore,User3,User,PrivilegeEscalate,Op_Server0,"[""Op_Server0""]","[""Op_Server0""]","[""Enterprise0"", ""Op_Server0"", ""User0""]","[""Enterprise0"", ""Op_Server0"", ""User0""]","{""blue_first_relevant_response_after_critical"": 13, ""blue_first_relevant_response_after_enterprise"": 7, ""enterprise_foothold_step"": 5, ""first_critical_hit_step"": 12, ""window_end"": null, ""window_start"": null}"
ours_stage2_fair,11,stage1_pref_005_ckpt_191,semantic_aware,episode_012,6,6023,60,Q2_user_action_during_critical_breach,high,Analyse,User0,User,Impact,Op_Server0,"[""Op_Server0""]","[""Op_Server0""]","[""Enterprise0"", ""Op_Server0"", ""User0""]","[""Enterprise0"", ""Op_Server0"", ""User0""]","{""blue_first_relevant_response_after_critical"": 13, ""blue_first_relevant_response_after_enterprise"": 7, ""enterprise_foothold_step"": 5, ""first_critical_hit_step"": 12, ""window_end"": null, ""window_start"": null}"
ours_stage2_fair,11,stage1_pref_005_ckpt_191,semantic_aware,episode_012,6,6023,64,Q2_user_action_during_critical_breach,high,Analyse,User0,User,Impact,Op_Server0,"[""Op_Server0""]","[""Op_Server0""]","[""Enterprise0"", ""Op_Server0"", ""User0""]","[""Enterprise0"", ""Op_Server0"", ""User0""]","{""blue_first_relevant_response_after_critical"": 13, ""blue_first_relevant_response_after_enterprise"": 7, ""enterprise_foothold_step"": 5, ""first_critical_hit_step"": 12, ""window_end"": null, ""window_start"": null}"
ours_stage2_fair,11,stage1_pref_005_ckpt_191,semantic_aware,episode_012,6,6023,80,Q2_user_action_during_critical_breach,high,DecoyHarakaSMPT,User3,User,Impact,Op_Server0,"[""Op_Server0""]","[""Op_Server0""]","[""Enterprise0"", ""Op_Server0"", ""User0""]","[""Enterprise0"", ""Op_Server0"", ""User0""]","{""blue_first_relevant_response_after_critical"": 13, ""blue_first_relevant_response_after_enterprise"": 7, ""enterprise_foothold_step"": 5, ""first_critical_hit_step"": 12, ""window_end"": null, ""window_start"": null}"
ours_stage2_fair,11,stage1_pref_005_ckpt_191,semantic_aware,episode_012,6,6023,81,Q2_user_action_during_critical_breach,high,Restore,User3,User,Impact,Op_Server0,"[""Op_Server0""]","[""Op_Server0""]","[""Enterprise0"", ""Op_Server0"", ""User0""]","[""Enterprise0"", ""Op_Server0"", ""User0""]","{""blue_first_relevant_response_after_critical"": 13, ""blue_first_relevant_response_after_enterprise"": 7, ""enterprise_foothold_step"": 5, ""first_critical_hit_step"": 12, ""window_end"": null, ""window_start"": null}"
ours_stage2_fair,11,stage1_pref_005_ckpt_191,semantic_aware,episode_012,7,7023,15,Q2_user_action_during_critical_breach,high,Restore,User3,User,Impact,Op_Server0,"[""Op_Server0""]","[""Op_Server0""]","[""Enterprise2"", ""Op_Server0"", ""User0"", ""User1""]","[""Enterprise2"", ""Op_Server0"", ""User0"", ""User1""]","{""blue_first_relevant_response_after_critical"": 13, ""blue_first_relevant_response_after_enterprise"": 6, ""enterprise_foothold_step"": 5, ""first_critical_hit_step"": 12, ""window_end"": null, ""window_start"": null}"
ours_stage2_fair,11,stage1_pref_005_ckpt_191,semantic_aware,episode_012,7,7023,57,Q2_user_action_during_critical_breach,high,DecoyHarakaSMPT,User2,User,PrivilegeEscalate,Op_Server0,"[""Op_Server0""]","[""Op_Server0""]","[""Enterprise2"", ""Op_Server0"", ""User0"", ""User1""]","[""Enterprise2"", ""Op_Server0"", ""User0"", ""User1""]","{""blue_first_relevant_response_after_critical"": 13, ""blue_first_relevant_response_after_enterprise"": 6, ""enterprise_foothold_step"": 5, ""first_critical_hit_step"": 12, ""window_end"": null, ""window_start"": null}"
ours_stage2_fair,11,stage1_pref_005_ckpt_191,semantic_aware,episode_012,7,7023,71,Q2_user_action_during_critical_breach,high,DecoyHarakaSMPT,User3,User,Impact,Op_Server0,"[""Op_Server0""]","[""Op_Server0""]","[""Enterprise2"", ""Op_Server0"", ""User0"", ""User1""]","[""Enterprise2"", ""Op_Server0"", ""User0"", ""User1""]","{""blue_first_relevant_response_after_critical"": 13, ""blue_first_relevant_response_after_enterprise"": 6, ""enterprise_foothold_step"": 5, ""first_critical_hit_step"": 12, ""window_end"": null, ""window_start"": null}"
ours_stage2_fair,11,stage1_pref_005_ckpt_191,semantic_aware,episode_012,7,7023,91,Q2_user_action_during_critical_breach,high,Analyse,User0,User,Impact,Op_Server0,"[""Op_Server0""]","[""Op_Server0""]","[""Op_Server0"", ""User0"", ""User1""]","[""Op_Server0"", ""User0"", ""User1""]","{""blue_first_relevant_response_after_critical"": 13, ""blue_first_relevant_response_after_enterprise"": 6, ""enterprise_foothold_step"": 5, ""first_critical_hit_step"": 12, ""window_end"": null, ""window_start"": null}"
ours_stage2_fair,11,stage1_pref_005_ckpt_191,semantic_aware,episode_012,7,7023,95,Q2_user_action_during_critical_breach,high,Restore,User3,User,Impact,Op_Server0,"[""Op_Server0""]","[""Op_Server0""]","[""Op_Server0"", ""User0"", ""User1""]","[""Op_Server0"", ""User0"", ""User1""]","{""blue_first_relevant_response_after_critical"": 13, ""blue_first_relevant_response_after_enterprise"": 6, ""enterprise_foothold_step"": 5, ""first_critical_hit_step"": 12, ""window_end"": null, ""window_start"": null}"
ours_stage2_fair,11,stage1_pref_005_ckpt_191,semantic_aware,episode_013,0,24,39,Q2_user_action_during_critical_breach,high,DecoySSHD,User2,User,Impact,Op_Server0,"[""Op_Server0""]","[""Op_Server0""]","[""Enterprise2"", ""Op_Server0"", ""User0"", ""User2""]","[""Enterprise2"", ""Op_Server0"", ""User0"", ""User2""]","{""blue_first_relevant_response_after_critical"": 27, ""blue_first_relevant_response_after_enterprise"": 6, ""enterprise_foothold_step"": 5, ""first_critical_hit_step"": 26, ""window_end"": null, ""window_start"": null}"
ours_stage2_fair,11,stage1_pref_005_ckpt_191,semantic_aware,episode_013,0,24,54,Q2_user_action_during_critical_breach,high,Restore,User3,User,PrivilegeEscalate,Op_Server0,"[""Op_Server0""]","[""Op_Server0""]","[""Enterprise2"", ""Op_Server0"", ""User0"", ""User2""]","[""Enterprise2"", ""Op_Server0"", ""User0"", ""User2""]","{""blue_first_relevant_response_after_critical"": 27, ""blue_first_relevant_response_after_enterprise"": 6, ""enterprise_foothold_step"": 5, ""first_critical_hit_step"": 26, ""window_end"": null, ""window_start"": null}"
ours_stage2_fair,11,stage1_pref_005_ckpt_191,semantic_aware,episode_013,0,24,66,Q2_user_action_during_critical_breach,high,DecoyHarakaSMPT,User3,User,Impact,Op_Server0,"[""Op_Server0""]","[""Op_Server0""]","[""Enterprise2"", ""Op_Server0"", ""User0"", ""User2""]","[""Enterprise2"", ""Op_Server0"", ""User0"", ""User2""]","{""blue_first_relevant_response_after_critical"": 27, ""blue_first_relevant_response_after_enterprise"": 6, ""enterprise_foothold_step"": 5, ""first_critical_hit_step"": 26, ""window_end"": null, ""window_start"": null}"
ours_stage2_fair,11,stage1_pref_005_ckpt_191,semantic_aware,episode_013,0,24,81,Q2_user_action_during_critical_breach,high,Restore,User3,User,Impact,Op_Server0,"[""Op_Server0""]","[""Op_Server0""]","[""Enterprise2"", ""Op_Server0"", ""User0"", ""User2""]","[""Enterprise2"", ""Op_Server0"", ""User0"", ""User2""]","{""blue_first_relevant_response_after_critical"": 27, ""blue_first_relevant_response_after_enterprise"": 6, ""enterprise_foothold_step"": 5, ""first_critical_hit_step"": 26, ""window_end"": null, ""window_start"": null}"
ours_stage2_fair,11,stage1_pref_005_ckpt_191,semantic_aware,episode_013,0,24,93,Q2_user_action_during_critical_breach,high,Restore,User3,User,Impact,Op_Server0,"[""Op_Server0""]","[""Op_Server0""]","[""Enterprise2"", ""Op_Server0"", ""User0"", ""User2""]","[""Enterprise2"", ""Op_Server0"", ""User0"", ""User2""]","{""blue_first_relevant_response_after_critical"": 27, ""blue_first_relevant_response_after_enterprise"": 6, ""enterprise_foothold_step"": 5, ""first_critical_hit_step"": 26, ""window_end"": null, ""window_start"": null}"
ours_stage2_fair,11,stage1_pref_005_ckpt_191,semantic_aware,episode_013,1,1024,46,Q2_user_action_during_critical_breach,high,Restore,User3,User,Impact,Op_Server0,"[""Op_Server0""]","[""Op_Server0""]","[""Enterprise2"", ""Op_Server0"", ""User0"", ""User1""]","[""Enterprise2"", ""Op_Server0"", ""User0"", ""User1""]","{""blue_first_relevant_response_after_critical"": 14, ""blue_first_relevant_response_after_enterprise"": 6, ""enterprise_foothold_step"": 5, ""first_critical_hit_step"": 12, ""window_end"": null, ""window_start"": null}"
ours_stage2_fair,11,stage1_pref_005_ckpt_191,semantic_aware,episode_013,1,1024,53,Q2_user_action_during_critical_breach,high,Restore,User3,User,Impact,Op_Server0,"[""Op_Server0""]","[""Op_Server0""]","[""Enterprise2"", ""Op_Server0"", ""User0"", ""User1""]","[""Enterprise2"", ""Op_Server0"", ""User0"", ""User1""]","{""blue_first_relevant_response_after_critical"": 14, ""blue_first_relevant_response_after_enterprise"": 6, ""enterprise_foothold_step"": 5, ""first_critical_hit_step"": 12, ""window_end"": null, ""window_start"": null}"
ours_stage2_fair,11,stage1_pref_005_ckpt_191,semantic_aware,episode_013,1,1024,74,Q2_user_action_during_critical_breach,high,DecoyHarakaSMPT,User3,User,Impact,Op_Server0,"[""Op_Server0""]","[""Op_Server0""]","[""Enterprise2"", ""Op_Server0"", ""User0"", ""User1""]","[""Enterprise2"", ""Op_Server0"", ""User0"", ""User1""]","{""blue_first_relevant_response_after_critical"": 14, ""blue_first_relevant_response_after_enterprise"": 6, ""enterprise_foothold_step"": 5, ""first_critical_hit_step"": 12, ""window_end"": null, ""window_start"": null}"
ours_stage2_fair,11,stage1_pref_005_ckpt_191,semantic_aware,episode_013,2,2024,36,Q2_user_action_during_critical_breach,high,DecoyHarakaSMPT,User3,User,PrivilegeEscalate,Op_Server0,"[""Op_Server0""]","[""Op_Server0""]","[""Enterprise0"", ""Op_Server0"", ""User0"", ""User4""]","[""Enterprise0"", ""Op_Server0"", ""User0"", ""User4""]","{""blue_first_relevant_response_after_critical"": 13, ""blue_first_relevant_response_after_enterprise"": 6, ""enterprise_foothold_step"": 5, ""first_critical_hit_step"": 12, ""window_end"": null, ""window_start"": null}"
ours_stage2_fair,11,stage1_pref_005_ckpt_191,semantic_aware,episode_013,2,2024,49,Q2_user_action_during_critical_breach,high,DecoyHarakaSMPT,User1,User,Impact,Op_Server0,"[""Op_Server0""]","[""Op_Server0""]","[""Enterprise0"", ""Op_Server0"", ""User0"", ""User4""]","[""Enterprise0"", ""Op_Server0"", ""User0"", ""User4""]","{""blue_first_relevant_response_after_critical"": 13, ""blue_first_relevant_response_after_enterprise"": 6, ""enterprise_foothold_step"": 5, ""first_critical_hit_step"": 12, ""window_end"": null, ""window_start"": null}"
ours_stage2_fair,11,stage1_pref_005_ckpt_191,semantic_aware,episode_013,2,2024,60,Q2_user_action_during_critical_breach,high,Restore,User3,User,Impact,Op_Server0,"[""Op_Server0""]","[""Op_Server0""]","[""Enterprise0"", ""Op_Server0"", ""User0"", ""User4""]","[""Enterprise0"", ""Op_Server0"", ""User0"", ""User4""]","{""blue_first_relevant_response_after_critical"": 13, ""blue_first_relevant_response_after_enterprise"": 6, ""enterprise_foothold_step"": 5, ""first_critical_hit_step"": 12, ""window_end"": null, ""window_start"": null}"
ours_stage2_fair,11,stage1_pref_005_ckpt_191,semantic_aware,episode_013,2,2024,62,Q2_user_action_during_critical_breach,high,DecoyHarakaSMPT,User2,User,Impact,Op_Server0,"[""Op_Server0""]","[""Op_Server0""]","[""Enterprise0"", ""Op_Server0"", ""User0"", ""User4""]","[""Enterprise0"", ""Op_Server0"", ""User0"", ""User4""]","{""blue_first_relevant_response_after_critical"": 13, ""blue_first_relevant_response_after_enterprise"": 6, ""enterprise_foothold_step"": 5, ""first_critical_hit_step"": 12, ""window_end"": null, ""window_start"": null}"
ours_stage2_fair,11,stage1_pref_005_ckpt_191,semantic_aware,episode_013,2,2024,69,Q2_user_action_during_critical_breach,high,Restore,User3,User,Impact,Op_Server0,"[""Op_Server0""]","[""Op_Server0""]","[""Enterprise0"", ""Op_Server0"", ""User0"", ""User4""]","[""Enterprise0"", ""Op_Server0"", ""User0"", ""User4""]","{""blue_first_relevant_response_after_critical"": 13, ""blue_first_relevant_response_after_enterprise"": 6, ""enterprise_foothold_step"": 5, ""first_critical_hit_step"": 12, ""window_end"": null, ""window_start"": null}"
ours_stage2_fair,11,stage1_pref_005_ckpt_191,semantic_aware,episode_013,2,2024,85,Q2_user_action_during_critical_breach,high,Restore,User3,User,Impact,Op_Server0,"[""Op_Server0""]","[""Op_Server0""]","[""Enterprise0"", ""Op_Server0"", ""User0"", ""User4""]","[""Enterprise0"", ""Op_Server0"", ""User0"", ""User4""]","{""blue_first_relevant_response_after_critical"": 13, ""blue_first_relevant_response_after_enterprise"": 6, ""enterprise_foothold_step"": 5, ""first_critical_hit_step"": 12, ""window_end"": null, ""window_start"": null}"
ours_stage2_fair,11,stage1_pref_005_ckpt_191,semantic_aware,episode_013,3,3024,45,Q2_user_action_during_critical_breach,high,Analyse,User0,User,Impact,Op_Server0,"[""Op_Server0""]","[""Op_Server0""]","[""Op_Server0"", ""User0"", ""User2""]","[""Op_Server0"", ""User0"", ""User2""]","{""blue_first_relevant_response_after_critical"": 13, ""blue_first_relevant_response_after_enterprise"": 6, ""enterprise_foothold_step"": 5, ""first_critical_hit_step"": 12, ""window_end"": null, ""window_start"": null}"
ours_stage2_fair,11,stage1_pref_005_ckpt_191,semantic_aware,episode_013,3,3024,58,Q2_user_action_during_critical_breach,high,DecoyHarakaSMPT,User1,User,PrivilegeEscalate,Op_Server0,"[""Op_Server0""]","[""Op_Server0""]","[""Enterprise2"", ""Op_Server0"", ""User0"", ""User2""]","[""Enterprise2"", ""Op_Server0"", ""User0"", ""User2""]","{""blue_first_relevant_response_after_critical"": 13, ""blue_first_relevant_response_after_enterprise"": 6, ""enterprise_foothold_step"": 5, ""first_critical_hit_step"": 12, ""window_end"": null, ""window_start"": null}"
ours_stage2_fair,11,stage1_pref_005_ckpt_191,semantic_aware,episode_013,3,3024,64,Q2_user_action_during_critical_breach,high,Analyse,User0,User,Impact,Op_Server0,"[""Op_Server0""]","[""Op_Server0""]","[""Op_Server0"", ""User0"", ""User2""]","[""Op_Server0"", ""User0"", ""User2""]","{""blue_first_relevant_response_after_critical"": 13, ""blue_first_relevant_response_after_enterprise"": 6, ""enterprise_foothold_step"": 5, ""first_critical_hit_step"": 12, ""window_end"": null, ""window_start"": null}"
ours_stage2_fair,11,stage1_pref_005_ckpt_191,semantic_aware,episode_013,3,3024,70,Q2_user_action_during_critical_breach,high,Restore,User3,User,Impact,Op_Server0,"[""Op_Server0""]","[""Op_Server0""]","[""Op_Server0"", ""User0"", ""User2""]","[""Op_Server0"", ""User0"", ""User2""]","{""blue_first_relevant_response_after_critical"": 13, ""blue_first_relevant_response_after_enterprise"": 6, ""enterprise_foothold_step"": 5, ""first_critical_hit_step"": 12, ""window_end"": null, ""window_start"": null}"
ours_stage2_fair,11,stage1_pref_005_ckpt_191,semantic_aware,episode_013,3,3024,76,Q2_user_action_during_critical_breach,high,DecoyHarakaSMPT,User3,User,Impact,Op_Server0,"[""Op_Server0""]","[""Op_Server0""]","[""Op_Server0"", ""User0"", ""User2""]","[""Op_Server0"", ""User0"", ""User2""]","{""blue_first_relevant_response_after_critical"": 13, ""blue_first_relevant_response_after_enterprise"": 6, ""enterprise_foothold_step"": 5, ""first_critical_hit_step"": 12, ""window_end"": null, ""window_start"": null}"
ours_stage2_fair,11,stage1_pref_005_ckpt_191,semantic_aware,episode_013,4,4024,19,Q2_user_action_during_critical_breach,high,Analyse,User0,User,Impact,Op_Server0,"[""Op_Server0""]","[""Op_Server0""]","[""Enterprise0"", ""Enterprise2"", ""Op_Server0"", ""User0"", ""User4""]","[""Enterprise0"", ""Enterprise2"", ""Op_Server0"", ""User0"", ""User4""]","{""blue_first_relevant_response_after_critical"": 18, ""blue_first_relevant_response_after_enterprise"": 6, ""enterprise_foothold_step"": 5, ""first_critical_hit_step"": 16, ""window_end"": null, ""window_start"": null}"
ours_stage2_fair,11,stage1_pref_005_ckpt_191,semantic_aware,episode_013,4,4024,58,Q2_user_action_during_critical_breach,high,Restore,User0,User,Impact,Op_Server0,"[""Op_Server0""]","[""Op_Server0""]","[""Enterprise0"", ""Op_Server0"", ""User0"", ""User4""]","[""Enterprise0"", ""Op_Server0"", ""User0"", ""User4""]","{""blue_first_relevant_response_after_critical"": 18, ""blue_first_relevant_response_after_enterprise"": 6, ""enterprise_foothold_step"": 5, ""first_critical_hit_step"": 16, ""window_end"": null, ""window_start"": null}"
ours_stage2_fair,11,stage1_pref_005_ckpt_191,semantic_aware,episode_013,4,4024,83,Q2_user_action_during_critical_breach,high,DecoyHarakaSMPT,User3,User,Impact,Op_Server0,"[""Op_Server0""]","[""Op_Server0""]","[""Enterprise0"", ""Op_Server0"", ""User0"", ""User4""]","[""Enterprise0"", ""Op_Server0"", ""User0"", ""User4""]","{""blue_first_relevant_response_after_critical"": 18, ""blue_first_relevant_response_after_enterprise"": 6, ""enterprise_foothold_step"": 5, ""first_critical_hit_step"": 16, ""window_end"": null, ""window_start"": null}"
ours_stage2_fair,11,stage1_pref_005_ckpt_191,semantic_aware,episode_013,4,4024,86,Q2_user_action_during_critical_breach,high,DecoyHarakaSMPT,User1,User,Impact,Op_Server0,"[""Op_Server0""]","[""Op_Server0""]","[""Enterprise0"", ""Op_Server0"", ""User0"", ""User4""]","[""Enterprise0"", ""Op_Server0"", ""User0"", ""User4""]","{""blue_first_relevant_response_after_critical"": 18, ""blue_first_relevant_response_after_enterprise"": 6, ""enterprise_foothold_step"": 5, ""first_critical_hit_step"": 16, ""window_end"": null, ""window_start"": null}"
ours_stage2_fair,11,stage1_pref_005_ckpt_191,semantic_aware,episode_013,5,5024,22,Q2_user_action_during_critical_breach,high,Restore,User3,User,Impact,Op_Server0,"[""Op_Server0""]","[""Op_Server0""]","[""Enterprise0"", ""Enterprise2"", ""Op_Server0"", ""User0"", ""User3""]","[""Enterprise0"", ""Enterprise2"", ""Op_Server0"", ""User0""]","{""blue_first_relevant_response_after_critical"": 19, ""blue_first_relevant_response_after_enterprise"": 8, ""enterprise_foothold_step"": 7, ""first_critical_hit_step"": 18, ""window_end"": null, ""window_start"": null}"
ours_stage2_fair,11,stage1_pref_005_ckpt_191,semantic_aware,episode_013,5,5024,65,Q2_user_action_during_critical_breach,high,DecoyHarakaSMPT,User3,User,Impact,Op_Server0,"[""Op_Server0""]","[""Op_Server0""]","[""Enterprise0"", ""Enterprise2"", ""Op_Server0"", ""User0""]","[""Enterprise0"", ""Enterprise2"", ""Op_Server0"", ""User0""]","{""blue_first_relevant_response_after_critical"": 19, ""blue_first_relevant_response_after_enterprise"": 8, ""enterprise_foothold_step"": 7, ""first_critical_hit_step"": 18, ""window_end"": null, ""window_start"": null}"
ours_stage2_fair,11,stage1_pref_005_ckpt_191,semantic_aware,episode_013,5,5024,74,Q2_user_action_during_critical_breach,high,Restore,User3,User,Impact,Op_Server0,"[""Op_Server0""]","[""Op_Server0""]","[""Enterprise0"", ""Enterprise2"", ""Op_Server0"", ""User0""]","[""Enterprise0"", ""Enterprise2"", ""Op_Server0"", ""User0""]","{""blue_first_relevant_response_after_critical"": 19, ""blue_first_relevant_response_after_enterprise"": 8, ""enterprise_foothold_step"": 7, ""first_critical_hit_step"": 18, ""window_end"": null, ""window_start"": null}"
ours_stage2_fair,11,stage1_pref_005_ckpt_191,semantic_aware,episode_013,5,5024,75,Q2_user_action_during_critical_breach,high,DecoyHarakaSMPT,User2,User,Impact,Op_Server0,"[""Op_Server0""]","[""Op_Server0""]","[""Enterprise0"", ""Enterprise2"", ""Op_Server0"", ""User0""]","[""Enterprise0"", ""Enterprise2"", ""Op_Server0"", ""User0""]","{""blue_first_relevant_response_after_critical"": 19, ""blue_first_relevant_response_after_enterprise"": 8, ""enterprise_foothold_step"": 7, ""first_critical_hit_step"": 18, ""window_end"": null, ""window_start"": null}"
ours_stage2_fair,11,stage1_pref_005_ckpt_191,semantic_aware,episode_013,5,5024,83,Q2_user_action_during_critical_breach,high,DecoyHarakaSMPT,User3,User,Impact,Op_Server0,"[""Op_Server0""]","[""Op_Server0""]","[""Enterprise0"", ""Enterprise2"", ""Op_Server0"", ""User0""]","[""Enterprise0"", ""Enterprise2"", ""Op_Server0"", ""User0""]","{""blue_first_relevant_response_after_critical"": 19, ""blue_first_relevant_response_after_enterprise"": 8, ""enterprise_foothold_step"": 7, ""first_critical_hit_step"": 18, ""window_end"": null, ""window_start"": null}"
ours_stage2_fair,11,stage1_pref_005_ckpt_191,semantic_aware,episode_013,5,5024,95,Q2_user_action_during_critical_breach,high,Analyse,User0,User,Impact,Op_Server0,"[""Op_Server0""]","[""Op_Server0""]","[""Enterprise0"", ""Op_Server0"", ""User0""]","[""Enterprise0"", ""Op_Server0"", ""User0""]","{""blue_first_relevant_response_after_critical"": 19, ""blue_first_relevant_response_after_enterprise"": 8, ""enterprise_foothold_step"": 7, ""first_critical_hit_step"": 18, ""window_end"": null, ""window_start"": null}"
ours_stage2_fair,11,stage1_pref_005_ckpt_191,semantic_aware,episode_013,6,6024,24,Q2_user_action_during_critical_breach,high,DecoyHarakaSMPT,User2,User,PrivilegeEscalate,Op_Server0,"[""Op_Server0""]","[""Op_Server0""]","[""Enterprise2"", ""Op_Server0"", ""User0"", ""User2""]","[""Enterprise2"", ""Op_Server0"", ""User0"", ""User2""]","{""blue_first_relevant_response_after_critical"": 14, ""blue_first_relevant_response_after_enterprise"": 6, ""enterprise_foothold_step"": 5, ""first_critical_hit_step"": 12, ""window_end"": null, ""window_start"": null}"
ours_stage2_fair,11,stage1_pref_005_ckpt_191,semantic_aware,episode_013,6,6024,46,Q2_user_action_during_critical_breach,high,Restore,User3,User,Impact,Op_Server0,"[""Op_Server0""]","[""Op_Server0""]","[""Op_Server0"", ""User0"", ""User2""]","[""Op_Server0"", ""User0"", ""User2""]","{""blue_first_relevant_response_after_critical"": 14, ""blue_first_relevant_response_after_enterprise"": 6, ""enterprise_foothold_step"": 5, ""first_critical_hit_step"": 12, ""window_end"": null, ""window_start"": null}"
ours_stage2_fair,11,stage1_pref_005_ckpt_191,semantic_aware,episode_013,6,6024,81,Q2_user_action_during_critical_breach,high,Restore,User3,User,Impact,Op_Server0,"[""Op_Server0""]","[""Op_Server0""]","[""Op_Server0"", ""User0"", ""User2""]","[""Op_Server0"", ""User0"", ""User2""]","{""blue_first_relevant_response_after_critical"": 14, ""blue_first_relevant_response_after_enterprise"": 6, ""enterprise_foothold_step"": 5, ""first_critical_hit_step"": 12, ""window_end"": null, ""window_start"": null}"
ours_stage2_fair,11,stage1_pref_005_ckpt_191,semantic_aware,episode_013,6,6024,86,Q2_user_action_during_critical_breach,high,Restore,User3,User,Impact,Op_Server0,"[""Op_Server0""]","[""Op_Server0""]","[""Op_Server0"", ""User0"", ""User2""]","[""Op_Server0"", ""User0"", ""User2""]","{""blue_first_relevant_response_after_critical"": 14, ""blue_first_relevant_response_after_enterprise"": 6, ""enterprise_foothold_step"": 5, ""first_critical_hit_step"": 12, ""window_end"": null, ""window_start"": null}"
ours_stage2_fair,11,stage1_pref_005_ckpt_191,semantic_aware,episode_013,7,7024,16,Q2_user_action_during_critical_breach,high,Restore,User3,User,Impact,Op_Server0,"[""Op_Server0""]","[""Op_Server0""]","[""Enterprise1"", ""Enterprise2"", ""Op_Server0"", ""User0"", ""User2""]","[""Enterprise1"", ""Enterprise2"", ""Op_Server0"", ""User0"", ""User2""]","{""blue_first_relevant_response_after_critical"": 15, ""blue_first_relevant_response_after_enterprise"": 6, ""enterprise_foothold_step"": 5, ""first_critical_hit_step"": 12, ""window_end"": null, ""window_start"": null}"
ours_stage2_fair,11,stage1_pref_005_ckpt_191,semantic_aware,episode_013,7,7024,33,Q2_user_action_during_critical_breach,high,Restore,User3,User,PrivilegeEscalate,Op_Server0,"[""Op_Server0""]","[""Op_Server0""]","[""Enterprise1"", ""Op_Server0"", ""User0"", ""User2""]","[""Enterprise1"", ""Op_Server0"", ""User0"", ""User2""]","{""blue_first_relevant_response_after_critical"": 15, ""blue_first_relevant_response_after_enterprise"": 6, ""enterprise_foothold_step"": 5, ""first_critical_hit_step"": 12, ""window_end"": null, ""window_start"": null}"
ours_stage2_fair,11,stage1_pref_005_ckpt_191,semantic_aware,episode_013,7,7024,79,Q2_user_action_during_critical_breach,high,DecoyHarakaSMPT,User2,User,Impact,Op_Server0,"[""Op_Server0""]","[""Op_Server0""]","[""Op_Server0"", ""User0"", ""User2""]","[""Op_Server0"", ""User0"", ""User2""]","{""blue_first_relevant_response_after_critical"": 15, ""blue_first_relevant_response_after_enterprise"": 6, ""enterprise_foothold_step"": 5, ""first_critical_hit_step"": 12, ""window_end"": null, ""window_start"": null}"
ours_stage2_fair,11,stage1_pref_005_ckpt_191,semantic_aware,episode_013,7,7024,84,Q2_user_action_during_critical_breach,high,Restore,User3,User,Impact,Op_Server0,"[""Op_Server0""]","[""Op_Server0""]","[""Op_Server0"", ""User0"", ""User2""]","[""Op_Server0"", ""User0"", ""User2""]","{""blue_first_relevant_response_after_critical"": 15, ""blue_first_relevant_response_after_enterprise"": 6, ""enterprise_foothold_step"": 5, ""first_critical_hit_step"": 12, ""window_end"": null, ""window_start"": null}"
ours_stage2_fair,11,stage1_pref_005_ckpt_191,semantic_aware,episode_013,7,7024,95,Q2_user_action_during_critical_breach,high,Restore,User3,User,Impact,Op_Server0,"[""Op_Server0""]","[""Op_Server0""]","[""Op_Server0"", ""User0"", ""User2""]","[""Op_Server0"", ""User0"", ""User2""]","{""blue_first_relevant_response_after_critical"": 15, ""blue_first_relevant_response_after_enterprise"": 6, ""enterprise_foothold_step"": 5, ""first_critical_hit_step"": 12, ""window_end"": null, ""window_start"": null}"
ours_stage2_fair,11,stage1_pref_005_ckpt_191,semantic_aware,episode_014,0,25,38,Q2_user_action_during_critical_breach,high,Restore,User3,User,Impact,Op_Server0,"[""Op_Server0""]","[""Op_Server0""]","[""Enterprise2"", ""Op_Server0"", ""User0"", ""User2""]","[""Enterprise2"", ""Op_Server0"", ""User0"", ""User2""]","{""blue_first_relevant_response_after_critical"": 37, ""blue_first_relevant_response_after_enterprise"": 7, ""enterprise_foothold_step"": 5, ""first_critical_hit_step"": 36, ""window_end"": null, ""window_start"": null}"
ours_stage2_fair,11,stage1_pref_005_ckpt_191,semantic_aware,episode_014,0,25,64,Q2_user_action_during_critical_breach,high,Restore,User3,User,Impact,Op_Server0,"[""Op_Server0""]","[""Op_Server0""]","[""Enterprise2"", ""Op_Server0"", ""User0"", ""User2""]","[""Enterprise2"", ""Op_Server0"", ""User0"", ""User2""]","{""blue_first_relevant_response_after_critical"": 37, ""blue_first_relevant_response_after_enterprise"": 7, ""enterprise_foothold_step"": 5, ""first_critical_hit_step"": 36, ""window_end"": null, ""window_start"": null}"
ours_stage2_fair,11,stage1_pref_005_ckpt_191,semantic_aware,episode_014,0,25,73,Q2_user_action_during_critical_breach,high,DecoyHarakaSMPT,User2,User,Impact,Op_Server0,"[""Op_Server0""]","[""Op_Server0""]","[""Enterprise2"", ""Op_Server0"", ""User0"", ""User2""]","[""Enterprise2"", ""Op_Server0"", ""User0"", ""User2""]","{""blue_first_relevant_response_after_critical"": 37, ""blue_first_relevant_response_after_enterprise"": 7, ""enterprise_foothold_step"": 5, ""first_critical_hit_step"": 36, ""window_end"": null, ""window_start"": null}"
ours_stage2_fair,11,stage1_pref_005_ckpt_191,semantic_aware,episode_014,1,1025,17,Q2_user_action_during_critical_breach,high,Restore,User3,User,Impact,Op_Server0,"[""Op_Server0""]","[""Op_Server0""]","[""Enterprise1"", ""Enterprise2"", ""Op_Server0"", ""User0"", ""User1""]","[""Enterprise1"", ""Enterprise2"", ""Op_Server0"", ""User0"", ""User1""]","{""blue_first_relevant_response_after_critical"": 13, ""blue_first_relevant_response_after_enterprise"": 6, ""enterprise_foothold_step"": 5, ""first_critical_hit_step"": 12, ""window_end"": null, ""window_start"": null}"
ours_stage2_fair,11,stage1_pref_005_ckpt_191,semantic_aware,episode_014,1,1025,20,Q2_user_action_during_critical_breach,high,DecoySSHD,User2,User,Impact,Op_Server0,"[""Op_Server0""]","[""Op_Server0""]","[""Enterprise2"", ""Op_Server0"", ""User0"", ""User1""]","[""Enterprise2"", ""Op_Server0"", ""User0"", ""User1""]","{""blue_first_relevant_response_after_critical"": 13, ""blue_first_relevant_response_after_enterprise"": 6, ""enterprise_foothold_step"": 5, ""first_critical_hit_step"": 12, ""window_end"": null, ""window_start"": null}"
ours_stage2_fair,11,stage1_pref_005_ckpt_191,semantic_aware,episode_014,1,1025,25,Q2_user_action_during_critical_breach,high,DecoySvchost,User4,User,Impact,Op_Server0,"[""Op_Server0""]","[""Op_Server0""]","[""Enterprise2"", ""Op_Server0"", ""User0"", ""User1""]","[""Enterprise2"", ""Op_Server0"", ""User0"", ""User1""]","{""blue_first_relevant_response_after_critical"": 13, ""blue_first_relevant_response_after_enterprise"": 6, ""enterprise_foothold_step"": 5, ""first_critical_hit_step"": 12, ""window_end"": null, ""window_start"": null}"
ours_stage2_fair,11,stage1_pref_005_ckpt_191,semantic_aware,episode_014,1,1025,60,Q2_user_action_during_critical_breach,high,DecoySmss,User4,User,Impact,Op_Server0,"[""Op_Server0""]","[""Op_Server0""]","[""Enterprise2"", ""Op_Server0"", ""User0"", ""User1""]","[""Enterprise2"", ""Op_Server0"", ""User0"", ""User1""]","{""blue_first_relevant_response_after_critical"": 13, ""blue_first_relevant_response_after_enterprise"": 6, ""enterprise_foothold_step"": 5, ""first_critical_hit_step"": 12, ""window_end"": null, ""window_start"": null}"
ours_stage2_fair,11,stage1_pref_005_ckpt_191,semantic_aware,episode_014,1,1025,62,Q2_user_action_during_critical_breach,high,DecoyHarakaSMPT,User1,User,Impact,Op_Server0,"[""Op_Server0""]","[""Op_Server0""]","[""Enterprise2"", ""Op_Server0"", ""User0"", ""User1""]","[""Enterprise2"", ""Op_Server0"", ""User0"", ""User1""]","{""blue_first_relevant_response_after_critical"": 13, ""blue_first_relevant_response_after_enterprise"": 6, ""enterprise_foothold_step"": 5, ""first_critical_hit_step"": 12, ""window_end"": null, ""window_start"": null}"
ours_stage2_fair,11,stage1_pref_005_ckpt_191,semantic_aware,episode_014,1,1025,65,Q2_user_action_during_critical_breach,high,DecoyFemitter,User0,User,Impact,Op_Server0,"[""Op_Server0""]","[""Op_Server0""]","[""Enterprise2"", ""Op_Server0"", ""User0"", ""User1""]","[""Enterprise2"", ""Op_Server0"", ""User0"", ""User1""]","{""blue_first_relevant_response_after_critical"": 13, ""blue_first_relevant_response_after_enterprise"": 6, ""enterprise_foothold_step"": 5, ""first_critical_hit_step"": 12, ""window_end"": null, ""window_start"": null}"
ours_stage2_fair,11,stage1_pref_005_ckpt_191,semantic_aware,episode_014,1,1025,76,Q2_user_action_during_critical_breach,high,DecoySSHD,User2,User,Impact,Op_Server0,"[""Op_Server0""]","[""Op_Server0""]","[""Enterprise2"", ""Op_Server0"", ""User0"", ""User1""]","[""Enterprise2"", ""Op_Server0"", ""User0"", ""User1""]","{""blue_first_relevant_response_after_critical"": 13, ""blue_first_relevant_response_after_enterprise"": 6, ""enterprise_foothold_step"": 5, ""first_critical_hit_step"": 12, ""window_end"": null, ""window_start"": null}"
ours_stage2_fair,11,stage1_pref_005_ckpt_191,semantic_aware,episode_014,1,1025,91,Q2_user_action_during_critical_breach,high,DecoyHarakaSMPT,User1,User,Impact,Op_Server0,"[""Op_Server0""]","[""Op_Server0""]","[""Enterprise2"", ""Op_Server0"", ""User0"", ""User1""]","[""Enterprise2"", ""Op_Server0"", ""User0"", ""User1""]","{""blue_first_relevant_response_after_critical"": 13, ""blue_first_relevant_response_after_enterprise"": 6, ""enterprise_foothold_step"": 5, ""first_critical_hit_step"": 12, ""window_end"": null, ""window_start"": null}"
ours_stage2_fair,11,stage1_pref_005_ckpt_191,semantic_aware,episode_014,2,2025,32,Q2_user_action_during_critical_breach,high,Restore,User3,User,Impact,Op_Server0,"[""Op_Server0""]","[""Op_Server0""]","[""Op_Server0"", ""User0"", ""User2""]","[""Op_Server0"", ""User0"", ""User2""]","{""blue_first_relevant_response_after_critical"": 17, ""blue_first_relevant_response_after_enterprise"": 6, ""enterprise_foothold_step"": 5, ""first_critical_hit_step"": 16, ""window_end"": null, ""window_start"": null}"
ours_stage2_fair,11,stage1_pref_005_ckpt_191,semantic_aware,episode_014,2,2025,42,Q2_user_action_during_critical_breach,high,DecoyHarakaSMPT,User2,User,Impact,Op_Server0,"[""Op_Server0""]","[""Op_Server0""]","[""Enterprise2"", ""Op_Server0"", ""User0"", ""User2""]","[""Enterprise2"", ""Op_Server0"", ""User0"", ""User2""]","{""blue_first_relevant_response_after_critical"": 17, ""blue_first_relevant_response_after_enterprise"": 6, ""enterprise_foothold_step"": 5, ""first_critical_hit_step"": 16, ""window_end"": null, ""window_start"": null}"
ours_stage2_fair,11,stage1_pref_005_ckpt_191,semantic_aware,episode_014,2,2025,44,Q2_user_action_during_critical_breach,high,Restore,User3,User,Impact,Op_Server0,"[""Op_Server0""]","[""Op_Server0""]","[""Enterprise2"", ""Op_Server0"", ""User0"", ""User2""]","[""Enterprise2"", ""Op_Server0"", ""User0"", ""User2""]","{""blue_first_relevant_response_after_critical"": 17, ""blue_first_relevant_response_after_enterprise"": 6, ""enterprise_foothold_step"": 5, ""first_critical_hit_step"": 16, ""window_end"": null, ""window_start"": null}"
ours_stage2_fair,11,stage1_pref_005_ckpt_191,semantic_aware,episode_014,2,2025,46,Q2_user_action_during_critical_breach,high,DecoyHarakaSMPT,User2,User,Impact,Op_Server0,"[""Op_Server0""]","[""Op_Server0""]","[""Enterprise2"", ""Op_Server0"", ""User0"", ""User2""]","[""Enterprise2"", ""Op_Server0"", ""User0"", ""User2""]","{""blue_first_relevant_response_after_critical"": 17, ""blue_first_relevant_response_after_enterprise"": 6, ""enterprise_foothold_step"": 5, ""first_critical_hit_step"": 16, ""window_end"": null, ""window_start"": null}"
ours_stage2_fair,11,stage1_pref_005_ckpt_191,semantic_aware,episode_014,2,2025,56,Q2_user_action_during_critical_breach,high,Analyse,User0,User,Impact,Op_Server0,"[""Op_Server0""]","[""Op_Server0""]","[""Enterprise2"", ""Op_Server0"", ""User0"", ""User2""]","[""Enterprise2"", ""Op_Server0"", ""User0"", ""User2""]","{""blue_first_relevant_response_after_critical"": 17, ""blue_first_relevant_response_after_enterprise"": 6, ""enterprise_foothold_step"": 5, ""first_critical_hit_step"": 16, ""window_end"": null, ""window_start"": null}"
ours_stage2_fair,11,stage1_pref_005_ckpt_191,semantic_aware,episode_014,2,2025,58,Q2_user_action_during_critical_breach,high,DecoySSHD,User2,User,Impact,Op_Server0,"[""Op_Server0""]","[""Op_Server0""]","[""Enterprise2"", ""Op_Server0"", ""User0"", ""User2""]","[""Enterprise2"", ""Op_Server0"", ""User0"", ""User2""]","{""blue_first_relevant_response_after_critical"": 17, ""blue_first_relevant_response_after_enterprise"": 6, ""enterprise_foothold_step"": 5, ""first_critical_hit_step"": 16, ""window_end"": null, ""window_start"": null}"
ours_stage2_fair,11,stage1_pref_005_ckpt_191,semantic_aware,episode_014,2,2025,65,Q2_user_action_during_critical_breach,high,DecoyHarakaSMPT,User3,User,Impact,Op_Server0,"[""Op_Server0""]","[""Op_Server0""]","[""Enterprise2"", ""Op_Server0"", ""User0"", ""User2""]","[""Enterprise2"", ""Op_Server0"", ""User0"", ""User2""]","{""blue_first_relevant_response_after_critical"": 17, ""blue_first_relevant_response_after_enterprise"": 6, ""enterprise_foothold_step"": 5, ""first_critical_hit_step"": 16, ""window_end"": null, ""window_start"": null}"
ours_stage2_fair,11,stage1_pref_005_ckpt_191,semantic_aware,episode_014,3,3025,28,Q2_user_action_during_critical_breach,high,DecoyHarakaSMPT,User3,User,Impact,Op_Server0,"[""Op_Server0""]","[""Op_Server0""]","[""Enterprise0"", ""Enterprise2"", ""Op_Server0"", ""User0"", ""User4""]","[""Enterprise0"", ""Enterprise2"", ""Op_Server0"", ""User0"", ""User4""]","{""blue_first_relevant_response_after_critical"": 25, ""blue_first_relevant_response_after_enterprise"": 6, ""enterprise_foothold_step"": 5, ""first_critical_hit_step"": 24, ""window_end"": null, ""window_start"": null}"
ours_stage2_fair,11,stage1_pref_005_ckpt_191,semantic_aware,episode_014,3,3025,42,Q2_user_action_during_critical_breach,high,Analyse,User0,User,Impact,Op_Server0,"[""Op_Server0""]","[""Op_Server0""]","[""Enterprise0"", ""Enterprise2"", ""Op_Server0"", ""User0"", ""User4""]","[""Enterprise0"", ""Enterprise2"", ""Op_Server0"", ""User0"", ""User4""]","{""blue_first_relevant_response_after_critical"": 25, ""blue_first_relevant_response_after_enterprise"": 6, ""enterprise_foothold_step"": 5, ""first_critical_hit_step"": 24, ""window_end"": null, ""window_start"": null}"
ours_stage2_fair,11,stage1_pref_005_ckpt_191,semantic_aware,episode_014,3,3025,47,Q2_user_action_during_critical_breach,high,Restore,User3,User,Impact,Op_Server0,"[""Op_Server0""]","[""Op_Server0""]","[""Enterprise0"", ""Enterprise2"", ""Op_Server0"", ""User0"", ""User4""]","[""Enterprise0"", ""Enterprise2"", ""Op_Server0"", ""User0"", ""User4""]","{""blue_first_relevant_response_after_critical"": 25, ""blue_first_relevant_response_after_enterprise"": 6, ""enterprise_foothold_step"": 5, ""first_critical_hit_step"": 24, ""window_end"": null, ""window_start"": null}"
ours_stage2_fair,11,stage1_pref_005_ckpt_191,semantic_aware,episode_014,3,3025,49,Q2_user_action_during_critical_breach,high,Restore,User3,User,Impact,Op_Server0,"[""Op_Server0""]","[""Op_Server0""]","[""Enterprise0"", ""Enterprise2"", ""Op_Server0"", ""User0"", ""User4""]","[""Enterprise0"", ""Enterprise2"", ""Op_Server0"", ""User0"", ""User4""]","{""blue_first_relevant_response_after_critical"": 25, ""blue_first_relevant_response_after_enterprise"": 6, ""enterprise_foothold_step"": 5, ""first_critical_hit_step"": 24, ""window_end"": null, ""window_start"": null}"
ours_stage2_fair,11,stage1_pref_005_ckpt_191,semantic_aware,episode_014,3,3025,68,Q2_user_action_during_critical_breach,high,DecoyHarakaSMPT,User1,User,Impact,Op_Server0,"[""Op_Server0""]","[""Op_Server0""]","[""Enterprise0"", ""Enterprise2"", ""Op_Server0"", ""User0"", ""User4""]","[""Enterprise0"", ""Enterprise2"", ""Op_Server0"", ""User0"", ""User4""]","{""blue_first_relevant_response_after_critical"": 25, ""blue_first_relevant_response_after_enterprise"": 6, ""enterprise_foothold_step"": 5, ""first_critical_hit_step"": 24, ""window_end"": null, ""window_start"": null}"
ours_stage2_fair,11,stage1_pref_005_ckpt_191,semantic_aware,episode_014,3,3025,73,Q2_user_action_during_critical_breach,high,DecoyHarakaSMPT,User3,User,Impact,Op_Server0,"[""Op_Server0""]","[""Op_Server0""]","[""Enterprise0"", ""Enterprise2"", ""Op_Server0"", ""User0"", ""User4""]","[""Enterprise0"", ""Enterprise2"", ""Op_Server0"", ""User0"", ""User4""]","{""blue_first_relevant_response_after_critical"": 25, ""blue_first_relevant_response_after_enterprise"": 6, ""enterprise_foothold_step"": 5, ""first_critical_hit_step"": 24, ""window_end"": null, ""window_start"": null}"
ours_stage2_fair,11,stage1_pref_005_ckpt_191,semantic_aware,episode_014,3,3025,89,Q2_user_action_during_critical_breach,high,Restore,User3,User,Impact,Op_Server0,"[""Op_Server0""]","[""Op_Server0""]","[""Enterprise0"", ""Enterprise2"", ""Op_Server0"", ""User0"", ""User4""]","[""Enterprise0"", ""Enterprise2"", ""Op_Server0"", ""User0"", ""User4""]","{""blue_first_relevant_response_after_critical"": 25, ""blue_first_relevant_response_after_enterprise"": 6, ""enterprise_foothold_step"": 5, ""first_critical_hit_step"": 24, ""window_end"": null, ""window_start"": null}"
ours_stage2_fair,11,stage1_pref_005_ckpt_191,semantic_aware,episode_014,4,4025,30,Q2_user_action_during_critical_breach,high,DecoyHarakaSMPT,User2,User,Impact,Op_Server0,"[""Op_Server0""]","[""Op_Server0""]","[""Enterprise0"", ""Op_Server0"", ""User0"", ""User4""]","[""Enterprise0"", ""Op_Server0"", ""User0"", ""User4""]","{""blue_first_relevant_response_after_critical"": 13, ""blue_first_relevant_response_after_enterprise"": 6, ""enterprise_foothold_step"": 5, ""first_critical_hit_step"": 12, ""window_end"": null, ""window_start"": null}"
ours_stage2_fair,11,stage1_pref_005_ckpt_191,semantic_aware,episode_014,4,4025,31,Q2_user_action_during_critical_breach,high,Restore,User3,User,Impact,Op_Server0,"[""Op_Server0""]","[""Op_Server0""]","[""Enterprise0"", ""Op_Server0"", ""User0"", ""User4""]","[""Enterprise0"", ""Op_Server0"", ""User0"", ""User4""]","{""blue_first_relevant_response_after_critical"": 13, ""blue_first_relevant_response_after_enterprise"": 6, ""enterprise_foothold_step"": 5, ""first_critical_hit_step"": 12, ""window_end"": null, ""window_start"": null}"
ours_stage2_fair,11,stage1_pref_005_ckpt_191,semantic_aware,episode_014,4,4025,49,Q2_user_action_during_critical_breach,high,Restore,User3,User,Impact,Op_Server0,"[""Op_Server0""]","[""Op_Server0""]","[""Enterprise0"", ""Op_Server0"", ""User0"", ""User4""]","[""Enterprise0"", ""Op_Server0"", ""User0"", ""User4""]","{""blue_first_relevant_response_after_critical"": 13, ""blue_first_relevant_response_after_enterprise"": 6, ""enterprise_foothold_step"": 5, ""first_critical_hit_step"": 12, ""window_end"": null, ""window_start"": null}"
ours_stage2_fair,11,stage1_pref_005_ckpt_191,semantic_aware,episode_014,4,4025,87,Q2_user_action_during_critical_breach,high,Restore,User3,User,Impact,Op_Server0,"[""Op_Server0""]","[""Op_Server0""]","[""Enterprise0"", ""Op_Server0"", ""User0"", ""User4""]","[""Enterprise0"", ""Op_Server0"", ""User0"", ""User4""]","{""blue_first_relevant_response_after_critical"": 13, ""blue_first_relevant_response_after_enterprise"": 6, ""enterprise_foothold_step"": 5, ""first_critical_hit_step"": 12, ""window_end"": null, ""window_start"": null}"
ours_stage2_fair,11,stage1_pref_005_ckpt_191,semantic_aware,episode_014,5,5025,25,Q2_user_action_during_critical_breach,high,Analyse,User0,User,Impact,Op_Server0,"[""Op_Server0""]","[""Op_Server0""]","[""Enterprise2"", ""Op_Server0"", ""User0"", ""User1""]","[""Enterprise2"", ""Op_Server0"", ""User0"", ""User1""]","{""blue_first_relevant_response_after_critical"": 13, ""blue_first_relevant_response_after_enterprise"": 6, ""enterprise_foothold_step"": 5, ""first_critical_hit_step"": 12, ""window_end"": null, ""window_start"": null}"
ours_stage2_fair,11,stage1_pref_005_ckpt_191,semantic_aware,episode_014,5,5025,61,Q2_user_action_during_critical_breach,high,Restore,User3,User,Impact,Op_Server0,"[""Op_Server0""]","[""Op_Server0""]","[""Enterprise2"", ""Op_Server0"", ""User0"", ""User1""]","[""Enterprise2"", ""Op_Server0"", ""User0"", ""User1""]","{""blue_first_relevant_response_after_critical"": 13, ""blue_first_relevant_response_after_enterprise"": 6, ""enterprise_foothold_step"": 5, ""first_critical_hit_step"": 12, ""window_end"": null, ""window_start"": null}"
ours_stage2_fair,11,stage1_pref_005_ckpt_191,semantic_aware,episode_014,5,5025,62,Q2_user_action_during_critical_breach,high,Restore,User0,User,Impact,Op_Server0,"[""Op_Server0""]","[""Op_Server0""]","[""Enterprise2"", ""Op_Server0"", ""User0"", ""User1""]","[""Enterprise2"", ""Op_Server0"", ""User0"", ""User1""]","{""blue_first_relevant_response_after_critical"": 13, ""blue_first_relevant_response_after_enterprise"": 6, ""enterprise_foothold_step"": 5, ""first_critical_hit_step"": 12, ""window_end"": null, ""window_start"": null}"
ours_stage2_fair,11,stage1_pref_005_ckpt_191,semantic_aware,episode_014,5,5025,86,Q2_user_action_during_critical_breach,high,DecoyHarakaSMPT,User3,User,Impact,Op_Server0,"[""Op_Server0""]","[""Op_Server0""]","[""Enterprise2"", ""Op_Server0"", ""User0"", ""User1""]","[""Enterprise2"", ""Op_Server0"", ""User0"", ""User1""]","{""blue_first_relevant_response_after_critical"": 13, ""blue_first_relevant_response_after_enterprise"": 6, ""enterprise_foothold_step"": 5, ""first_critical_hit_step"": 12, ""window_end"": null, ""window_start"": null}"
ours_stage2_fair,11,stage1_pref_005_ckpt_191,semantic_aware,episode_014,5,5025,92,Q2_user_action_during_critical_breach,high,DecoyHarakaSMPT,User2,User,PrivilegeEscalate,Op_Server0,"[""Op_Server0""]","[""Op_Server0""]","[""Enterprise2"", ""Op_Server0"", ""User0"", ""User1""]","[""Enterprise2"", ""Op_Server0"", ""User0"", ""User1""]","{""blue_first_relevant_response_after_critical"": 13, ""blue_first_relevant_response_after_enterprise"": 6, ""enterprise_foothold_step"": 5, ""first_critical_hit_step"": 12, ""window_end"": null, ""window_start"": null}"
ours_stage2_fair,11,stage1_pref_005_ckpt_191,semantic_aware,episode_014,5,5025,99,Q2_user_action_during_critical_breach,high,Restore,User3,User,Impact,Op_Server0,"[""Op_Server0""]","[""Op_Server0""]","[""Enterprise2"", ""Op_Server0"", ""User0"", ""User1""]","[""Enterprise2"", ""Op_Server0"", ""User0"", ""User1""]","{""blue_first_relevant_response_after_critical"": 13, ""blue_first_relevant_response_after_enterprise"": 6, ""enterprise_foothold_step"": 5, ""first_critical_hit_step"": 12, ""window_end"": null, ""window_start"": null}"
ours_stage2_fair,11,stage1_pref_005_ckpt_191,semantic_aware,episode_014,6,6025,21,Q2_user_action_during_critical_breach,high,DecoyHarakaSMPT,User1,User,Impact,Op_Server0,"[""Op_Server0""]","[""Op_Server0""]","[""Enterprise2"", ""Op_Server0"", ""User0"", ""User2""]","[""Enterprise2"", ""Op_Server0"", ""User0"", ""User2""]","{""blue_first_relevant_response_after_critical"": 13, ""blue_first_relevant_response_after_enterprise"": 6, ""enterprise_foothold_step"": 5, ""first_critical_hit_step"": 12, ""window_end"": null, ""window_start"": null}"
ours_stage2_fair,11,stage1_pref_005_ckpt_191,semantic_aware,episode_014,6,6025,40,Q2_user_action_during_critical_breach,high,Restore,User3,User,Impact,Op_Server0,"[""Op_Server0""]","[""Op_Server0""]","[""Enterprise2"", ""Op_Server0"", ""User0"", ""User2""]","[""Enterprise2"", ""Op_Server0"", ""User0"", ""User2""]","{""blue_first_relevant_response_after_critical"": 13, ""blue_first_relevant_response_after_enterprise"": 6, ""enterprise_foothold_step"": 5, ""first_critical_hit_step"": 12, ""window_end"": null, ""window_start"": null}"
ours_stage2_fair,11,stage1_pref_005_ckpt_191,semantic_aware,episode_014,6,6025,72,Q2_user_action_during_critical_breach,high,Analyse,User0,User,Impact,Op_Server0,"[""Op_Server0""]","[""Op_Server0""]","[""Enterprise2"", ""Op_Server0"", ""User0"", ""User2""]","[""Enterprise2"", ""Op_Server0"", ""User0"", ""User2""]","{""blue_first_relevant_response_after_critical"": 13, ""blue_first_relevant_response_after_enterprise"": 6, ""enterprise_foothold_step"": 5, ""first_critical_hit_step"": 12, ""window_end"": null, ""window_start"": null}"
ours_stage2_fair,11,stage1_pref_005_ckpt_191,semantic_aware,episode_014,6,6025,75,Q2_user_action_during_critical_breach,high,DecoyHarakaSMPT,User1,User,Impact,Op_Server0,"[""Op_Server0""]","[""Op_Server0""]","[""Enterprise2"", ""Op_Server0"", ""User0"", ""User2""]","[""Enterprise2"", ""Op_Server0"", ""User0"", ""User2""]","{""blue_first_relevant_response_after_critical"": 13, ""blue_first_relevant_response_after_enterprise"": 6, ""enterprise_foothold_step"": 5, ""first_critical_hit_step"": 12, ""window_end"": null, ""window_start"": null}"
ours_stage2_fair,11,stage1_pref_005_ckpt_191,semantic_aware,episode_014,7,7025,34,Q2_user_action_during_critical_breach,high,Restore,User3,User,Impact,Op_Server0,"[""Op_Server0""]","[""Op_Server0""]","[""Op_Server0"", ""User0"", ""User2""]","[""Op_Server0"", ""User0"", ""User2""]","{""blue_first_relevant_response_after_critical"": 13, ""blue_first_relevant_response_after_enterprise"": 6, ""enterprise_foothold_step"": 5, ""first_critical_hit_step"": 12, ""window_end"": null, ""window_start"": null}"
ours_stage2_fair,11,stage1_pref_005_ckpt_191,semantic_aware,episode_014,7,7025,39,Q2_user_action_during_critical_breach,high,Restore,User3,User,Impact,Op_Server0,"[""Op_Server0""]","[""Op_Server0""]","[""Op_Server0"", ""User0"", ""User2""]","[""Op_Server0"", ""User0"", ""User2""]","{""blue_first_relevant_response_after_critical"": 13, ""blue_first_relevant_response_after_enterprise"": 6, ""enterprise_foothold_step"": 5, ""first_critical_hit_step"": 12, ""window_end"": null, ""window_start"": null}"
ours_stage2_fair,11,stage1_pref_005_ckpt_191,semantic_aware,episode_014,7,7025,44,Q2_user_action_during_critical_breach,high,Restore,User3,User,Impact,Op_Server0,"[""Op_Server0""]","[""Op_Server0""]","[""Op_Server0"", ""User0"", ""User2""]","[""Op_Server0"", ""User0"", ""User2""]","{""blue_first_relevant_response_after_critical"": 13, ""blue_first_relevant_response_after_enterprise"": 6, ""enterprise_foothold_step"": 5, ""first_critical_hit_step"": 12, ""window_end"": null, ""window_start"": null}"
ours_stage2_fair,11,stage1_pref_005_ckpt_191,semantic_aware,episode_014,7,7025,79,Q2_user_action_during_critical_breach,high,Restore,User3,User,Impact,Op_Server0,"[""Op_Server0""]","[""Op_Server0""]","[""Enterprise2"", ""Op_Server0"", ""User0"", ""User2""]","[""Enterprise2"", ""Op_Server0"", ""User0"", ""User2""]","{""blue_first_relevant_response_after_critical"": 13, ""blue_first_relevant_response_after_enterprise"": 6, ""enterprise_foothold_step"": 5, ""first_critical_hit_step"": 12, ""window_end"": null, ""window_start"": null}"
ours_stage2_fair,11,stage1_pref_005_ckpt_191,semantic_aware,episode_015,0,26,14,Q2_user_action_during_critical_breach,high,Analyse,User0,User,Impact,Op_Server0,"[""Op_Server0""]","[""Op_Server0""]","[""Enterprise0"", ""Enterprise2"", ""Op_Server0"", ""User0"", ""User4""]","[""Enterprise0"", ""Enterprise2"", ""Op_Server0"", ""User0"", ""User4""]","{""blue_first_relevant_response_after_critical"": 13, ""blue_first_relevant_response_after_enterprise"": 8, ""enterprise_foothold_step"": 5, ""first_critical_hit_step"": 12, ""window_end"": null, ""window_start"": null}"
ours_stage2_fair,11,stage1_pref_005_ckpt_191,semantic_aware,episode_015,0,26,19,Q2_user_action_during_critical_breach,high,DecoyHarakaSMPT,User3,User,Impact,Op_Server0,"[""Op_Server0""]","[""Op_Server0""]","[""Enterprise0"", ""Enterprise2"", ""Op_Server0"", ""User0"", ""User4""]","[""Enterprise0"", ""Enterprise2"", ""Op_Server0"", ""User0"", ""User4""]","{""blue_first_relevant_response_after_critical"": 13, ""blue_first_relevant_response_after_enterprise"": 8, ""enterprise_foothold_step"": 5, ""first_critical_hit_step"": 12, ""window_end"": null, ""window_start"": null}"
ours_stage2_fair,11,stage1_pref_005_ckpt_191,semantic_aware,episode_015,0,26,20,Q2_user_action_during_critical_breach,high,Analyse,User1,User,Impact,Op_Server0,"[""Op_Server0""]","[""Op_Server0""]","[""Enterprise0"", ""Enterprise2"", ""Op_Server0"", ""User0"", ""User4""]","[""Enterprise0"", ""Enterprise2"", ""Op_Server0"", ""User0"", ""User4""]","{""blue_first_relevant_response_after_critical"": 13, ""blue_first_relevant_response_after_enterprise"": 8, ""enterprise_foothold_step"": 5, ""first_critical_hit_step"": 12, ""window_end"": null, ""window_start"": null}"
ours_stage2_fair,11,stage1_pref_005_ckpt_191,semantic_aware,episode_015,0,26,22,Q2_user_action_during_critical_breach,high,DecoyHarakaSMPT,User3,User,Impact,Op_Server0,"[""Op_Server0""]","[""Op_Server0""]","[""Enterprise0"", ""Enterprise2"", ""Op_Server0"", ""User0"", ""User4""]","[""Enterprise0"", ""Enterprise2"", ""Op_Server0"", ""User0"", ""User4""]","{""blue_first_relevant_response_after_critical"": 13, ""blue_first_relevant_response_after_enterprise"": 8, ""enterprise_foothold_step"": 5, ""first_critical_hit_step"": 12, ""window_end"": null, ""window_start"": null}"
ours_stage2_fair,11,stage1_pref_005_ckpt_191,semantic_aware,episode_015,0,26,26,Q2_user_action_during_critical_breach,high,DecoyHarakaSMPT,User2,User,Impact,Op_Server0,"[""Op_Server0""]","[""Op_Server0""]","[""Enterprise0"", ""Enterprise2"", ""Op_Server0"", ""User0"", ""User4""]","[""Enterprise0"", ""Enterprise2"", ""Op_Server0"", ""User0"", ""User4""]","{""blue_first_relevant_response_after_critical"": 13, ""blue_first_relevant_response_after_enterprise"": 8, ""enterprise_foothold_step"": 5, ""first_critical_hit_step"": 12, ""window_end"": null, ""window_start"": null}"
ours_stage2_fair,11,stage1_pref_005_ckpt_191,semantic_aware,episode_015,0,26,28,Q2_user_action_during_critical_breach,high,DecoyHarakaSMPT,User3,User,Impact,Op_Server0,"[""Op_Server0""]","[""Op_Server0""]","[""Enterprise0"", ""Enterprise2"", ""Op_Server0"", ""User0"", ""User4""]","[""Enterprise0"", ""Enterprise2"", ""Op_Server0"", ""User0"", ""User4""]","{""blue_first_relevant_response_after_critical"": 13, ""blue_first_relevant_response_after_enterprise"": 8, ""enterprise_foothold_step"": 5, ""first_critical_hit_step"": 12, ""window_end"": null, ""window_start"": null}"
ours_stage2_fair,11,stage1_pref_005_ckpt_191,semantic_aware,episode_015,0,26,36,Q2_user_action_during_critical_breach,high,Restore,User3,User,Impact,Op_Server0,"[""Op_Server0""]","[""Op_Server0""]","[""Enterprise0"", ""Enterprise2"", ""Op_Server0"", ""User0"", ""User4""]","[""Enterprise0"", ""Enterprise2"", ""Op_Server0"", ""User0"", ""User4""]","{""blue_first_relevant_response_after_critical"": 13, ""blue_first_relevant_response_after_enterprise"": 8, ""enterprise_foothold_step"": 5, ""first_critical_hit_step"": 12, ""window_end"": null, ""window_start"": null}"
ours_stage2_fair,11,stage1_pref_005_ckpt_191,semantic_aware,episode_015,0,26,57,Q2_user_action_during_critical_breach,high,Analyse,User0,User,Impact,Op_Server0,"[""Op_Server0""]","[""Op_Server0""]","[""Enterprise0"", ""Enterprise2"", ""Op_Server0"", ""User0"", ""User4""]","[""Enterprise0"", ""Enterprise2"", ""Op_Server0"", ""User0"", ""User4""]","{""blue_first_relevant_response_after_critical"": 13, ""blue_first_relevant_response_after_enterprise"": 8, ""enterprise_foothold_step"": 5, ""first_critical_hit_step"": 12, ""window_end"": null, ""window_start"": null}"
ours_stage2_fair,11,stage1_pref_005_ckpt_191,semantic_aware,episode_015,0,26,74,Q2_user_action_during_critical_breach,high,Restore,User3,User,Impact,Op_Server0,"[""Op_Server0""]","[""Op_Server0""]","[""Enterprise0"", ""Op_Server0"", ""User0"", ""User4""]","[""Enterprise0"", ""Op_Server0"", ""User0"", ""User4""]","{""blue_first_relevant_response_after_critical"": 13, ""blue_first_relevant_response_after_enterprise"": 8, ""enterprise_foothold_step"": 5, ""first_critical_hit_step"": 12, ""window_end"": null, ""window_start"": null}"
ours_stage2_fair,11,stage1_pref_005_ckpt_191,semantic_aware,episode_015,0,26,83,Q2_user_action_during_critical_breach,high,Restore,User3,User,Impact,Op_Server0,"[""Op_Server0""]","[""Op_Server0""]","[""Enterprise0"", ""Op_Server0"", ""User0"", ""User4""]","[""Enterprise0"", ""Op_Server0"", ""User0"", ""User4""]","{""blue_first_relevant_response_after_critical"": 13, ""blue_first_relevant_response_after_enterprise"": 8, ""enterprise_foothold_step"": 5, ""first_critical_hit_step"": 12, ""window_end"": null, ""window_start"": null}"
ours_stage2_fair,11,stage1_pref_005_ckpt_191,semantic_aware,episode_015,0,26,19,Q5_repeated_low_value_decoy_loop,medium,DecoyHarakaSMPT,User3,User,Impact,Op_Server0,"[""Op_Server0""]","[""Op_Server0""]","[""Enterprise0"", ""Enterprise2"", ""Op_Server0"", ""User0"", ""User4""]","[""Enterprise0"", ""Enterprise2"", ""Op_Server0"", ""User0"", ""User4""]","{""blue_first_relevant_response_after_critical"": 13, ""blue_first_relevant_response_after_enterprise"": 8, ""enterprise_foothold_step"": 5, ""first_critical_hit_step"": 12, ""window_end"": 28, ""window_start"": 19}"
ours_stage2_fair,11,stage1_pref_005_ckpt_191,semantic_aware,episode_015,1,1026,45,Q2_user_action_during_critical_breach,high,Restore,User3,User,Impact,Op_Server0,"[""Op_Server0""]","[""Op_Server0""]","[""Enterprise2"", ""Op_Server0"", ""User0"", ""User2""]","[""Enterprise2"", ""Op_Server0"", ""User0"", ""User2""]","{""blue_first_relevant_response_after_critical"": 27, ""blue_first_relevant_response_after_enterprise"": 6, ""enterprise_foothold_step"": 5, ""first_critical_hit_step"": 26, ""window_end"": null, ""window_start"": null}"
ours_stage2_fair,11,stage1_pref_005_ckpt_191,semantic_aware,episode_015,1,1026,47,Q2_user_action_during_critical_breach,high,Analyse,User0,User,Impact,Op_Server0,"[""Op_Server0""]","[""Op_Server0""]","[""Enterprise2"", ""Op_Server0"", ""User0"", ""User2""]","[""Enterprise2"", ""Op_Server0"", ""User0"", ""User2""]","{""blue_first_relevant_response_after_critical"": 27, ""blue_first_relevant_response_after_enterprise"": 6, ""enterprise_foothold_step"": 5, ""first_critical_hit_step"": 26, ""window_end"": null, ""window_start"": null}"
ours_stage2_fair,11,stage1_pref_005_ckpt_191,semantic_aware,episode_015,1,1026,66,Q2_user_action_during_critical_breach,high,Analyse,User0,User,Impact,Op_Server0,"[""Op_Server0""]","[""Op_Server0""]","[""Op_Server0"", ""User0"", ""User2""]","[""Op_Server0"", ""User0"", ""User2""]","{""blue_first_relevant_response_after_critical"": 27, ""blue_first_relevant_response_after_enterprise"": 6, ""enterprise_foothold_step"": 5, ""first_critical_hit_step"": 26, ""window_end"": null, ""window_start"": null}"
ours_stage2_fair,11,stage1_pref_005_ckpt_191,semantic_aware,episode_015,1,1026,73,Q2_user_action_during_critical_breach,high,DecoyHarakaSMPT,User3,User,Impact,Op_Server0,"[""Op_Server0""]","[""Op_Server0""]","[""Op_Server0"", ""User0"", ""User2""]","[""Op_Server0"", ""User0"", ""User2""]","{""blue_first_relevant_response_after_critical"": 27, ""blue_first_relevant_response_after_enterprise"": 6, ""enterprise_foothold_step"": 5, ""first_critical_hit_step"": 26, ""window_end"": null, ""window_start"": null}"
ours_stage2_fair,11,stage1_pref_005_ckpt_191,semantic_aware,episode_015,1,1026,74,Q2_user_action_during_critical_breach,high,Restore,User3,User,Impact,Op_Server0,"[""Op_Server0""]","[""Op_Server0""]","[""Op_Server0"", ""User0"", ""User2""]","[""Op_Server0"", ""User0"", ""User2""]","{""blue_first_relevant_response_after_critical"": 27, ""blue_first_relevant_response_after_enterprise"": 6, ""enterprise_foothold_step"": 5, ""first_critical_hit_step"": 26, ""window_end"": null, ""window_start"": null}"
ours_stage2_fair,11,stage1_pref_005_ckpt_191,semantic_aware,episode_015,2,2026,47,Q2_user_action_during_critical_breach,high,Restore,User3,User,Impact,Op_Server0,"[""Op_Server0""]","[""Op_Server0""]","[""Enterprise0"", ""Enterprise2"", ""Op_Server0"", ""User0""]","[""Enterprise0"", ""Enterprise2"", ""Op_Server0"", ""User0""]","{""blue_first_relevant_response_after_critical"": 17, ""blue_first_relevant_response_after_enterprise"": 6, ""enterprise_foothold_step"": 5, ""first_critical_hit_step"": 16, ""window_end"": null, ""window_start"": null}"
ours_stage2_fair,11,stage1_pref_005_ckpt_191,semantic_aware,episode_015,2,2026,51,Q2_user_action_during_critical_breach,high,Restore,User3,User,Impact,Op_Server0,"[""Op_Server0""]","[""Op_Server0""]","[""Enterprise0"", ""Enterprise2"", ""Op_Server0"", ""User0""]","[""Enterprise0"", ""Enterprise2"", ""Op_Server0"", ""User0""]","{""blue_first_relevant_response_after_critical"": 17, ""blue_first_relevant_response_after_enterprise"": 6, ""enterprise_foothold_step"": 5, ""first_critical_hit_step"": 16, ""window_end"": null, ""window_start"": null}"
ours_stage2_fair,11,stage1_pref_005_ckpt_191,semantic_aware,episode_015,2,2026,67,Q2_user_action_during_critical_breach,high,DecoyHarakaSMPT,User1,User,Impact,Op_Server0,"[""Op_Server0""]","[""Op_Server0""]","[""Enterprise0"", ""Enterprise2"", ""Op_Server0"", ""User0""]","[""Enterprise0"", ""Enterprise2"", ""Op_Server0"", ""User0""]","{""blue_first_relevant_response_after_critical"": 17, ""blue_first_relevant_response_after_enterprise"": 6, ""enterprise_foothold_step"": 5, ""first_critical_hit_step"": 16, ""window_end"": null, ""window_start"": null}"
ours_stage2_fair,11,stage1_pref_005_ckpt_191,semantic_aware,episode_015,2,2026,71,Q2_user_action_during_critical_breach,high,Restore,User3,User,Impact,Op_Server0,"[""Op_Server0""]","[""Op_Server0""]","[""Enterprise0"", ""Enterprise2"", ""Op_Server0"", ""User0""]","[""Enterprise0"", ""Enterprise2"", ""Op_Server0"", ""User0""]","{""blue_first_relevant_response_after_critical"": 17, ""blue_first_relevant_response_after_enterprise"": 6, ""enterprise_foothold_step"": 5, ""first_critical_hit_step"": 16, ""window_end"": null, ""window_start"": null}"
ours_stage2_fair,11,stage1_pref_005_ckpt_191,semantic_aware,episode_015,2,2026,72,Q2_user_action_during_critical_breach,high,DecoyHarakaSMPT,User2,User,Impact,Op_Server0,"[""Op_Server0""]","[""Op_Server0""]","[""Enterprise0"", ""Enterprise2"", ""Op_Server0"", ""User0""]","[""Enterprise0"", ""Enterprise2"", ""Op_Server0"", ""User0""]","{""blue_first_relevant_response_after_critical"": 17, ""blue_first_relevant_response_after_enterprise"": 6, ""enterprise_foothold_step"": 5, ""first_critical_hit_step"": 16, ""window_end"": null, ""window_start"": null}"
ours_stage2_fair,11,stage1_pref_005_ckpt_191,semantic_aware,episode_015,2,2026,77,Q2_user_action_during_critical_breach,high,Restore,User3,User,Impact,Op_Server0,"[""Op_Server0""]","[""Op_Server0""]","[""Enterprise0"", ""Enterprise2"", ""Op_Server0"", ""User0""]","[""Enterprise0"", ""Enterprise2"", ""Op_Server0"", ""User0""]","{""blue_first_relevant_response_after_critical"": 17, ""blue_first_relevant_response_after_enterprise"": 6, ""enterprise_foothold_step"": 5, ""first_critical_hit_step"": 16, ""window_end"": null, ""window_start"": null}"
ours_stage2_fair,11,stage1_pref_005_ckpt_191,semantic_aware,episode_015,2,2026,81,Q2_user_action_during_critical_breach,high,Restore,User3,User,Impact,Op_Server0,"[""Op_Server0""]","[""Op_Server0""]","[""Enterprise0"", ""Enterprise2"", ""Op_Server0"", ""User0""]","[""Enterprise0"", ""Enterprise2"", ""Op_Server0"", ""User0""]","{""blue_first_relevant_response_after_critical"": 17, ""blue_first_relevant_response_after_enterprise"": 6, ""enterprise_foothold_step"": 5, ""first_critical_hit_step"": 16, ""window_end"": null, ""window_start"": null}"
ours_stage2_fair,11,stage1_pref_005_ckpt_191,semantic_aware,episode_015,2,2026,86,Q2_user_action_during_critical_breach,high,Restore,User3,User,Impact,Op_Server0,"[""Op_Server0""]","[""Op_Server0""]","[""Enterprise0"", ""Enterprise2"", ""Op_Server0"", ""User0""]","[""Enterprise0"", ""Enterprise2"", ""Op_Server0"", ""User0""]","{""blue_first_relevant_response_after_critical"": 17, ""blue_first_relevant_response_after_enterprise"": 6, ""enterprise_foothold_step"": 5, ""first_critical_hit_step"": 16, ""window_end"": null, ""window_start"": null}"
ours_stage2_fair,11,stage1_pref_005_ckpt_191,semantic_aware,episode_015,3,3026,35,Q2_user_action_during_critical_breach,high,DecoyHarakaSMPT,User1,User,Impact,Op_Server0,"[""Op_Server0""]","[""Op_Server0""]","[""Enterprise1"", ""Enterprise2"", ""Op_Server0"", ""User0"", ""User2""]","[""Enterprise1"", ""Enterprise2"", ""Op_Server0"", ""User0"", ""User2""]","{""blue_first_relevant_response_after_critical"": 13, ""blue_first_relevant_response_after_enterprise"": 6, ""enterprise_foothold_step"": 5, ""first_critical_hit_step"": 12, ""window_end"": null, ""window_start"": null}"
ours_stage2_fair,11,stage1_pref_005_ckpt_191,semantic_aware,episode_015,3,3026,37,Q2_user_action_during_critical_breach,high,Restore,User3,User,Impact,Op_Server0,"[""Op_Server0""]","[""Op_Server0""]","[""Enterprise1"", ""Enterprise2"", ""Op_Server0"", ""User0"", ""User2""]","[""Enterprise1"", ""Enterprise2"", ""Op_Server0"", ""User0"", ""User2""]","{""blue_first_relevant_response_after_critical"": 13, ""blue_first_relevant_response_after_enterprise"": 6, ""enterprise_foothold_step"": 5, ""first_critical_hit_step"": 12, ""window_end"": null, ""window_start"": null}"
ours_stage2_fair,11,stage1_pref_005_ckpt_191,semantic_aware,episode_015,3,3026,63,Q2_user_action_during_critical_breach,high,DecoyVsftpd,User1,User,Impact,Op_Server0,"[""Op_Server0""]","[""Op_Server0""]","[""Op_Server0"", ""User0"", ""User2""]","[""Op_Server0"", ""User0"", ""User2""]","{""blue_first_relevant_response_after_critical"": 13, ""blue_first_relevant_response_after_enterprise"": 6, ""enterprise_foothold_step"": 5, ""first_critical_hit_step"": 12, ""window_end"": null, ""window_start"": null}"
ours_stage2_fair,11,stage1_pref_005_ckpt_191,semantic_aware,episode_015,3,3026,87,Q2_user_action_during_critical_breach,high,DecoyHarakaSMPT,User3,User,Impact,Op_Server0,"[""Op_Server0""]","[""Op_Server0""]","[""Op_Server0"", ""User0"", ""User2""]","[""Op_Server0"", ""User0"", ""User2""]","{""blue_first_relevant_response_after_critical"": 13, ""blue_first_relevant_response_after_enterprise"": 6, ""enterprise_foothold_step"": 5, ""first_critical_hit_step"": 12, ""window_end"": null, ""window_start"": null}"
ours_stage2_fair,11,stage1_pref_005_ckpt_191,semantic_aware,episode_015,3,3026,89,Q2_user_action_during_critical_breach,high,DecoyHarakaSMPT,User1,User,Impact,Op_Server0,"[""Op_Server0""]","[""Op_Server0""]","[""Op_Server0"", ""User0"", ""User2""]","[""Op_Server0"", ""User0"", ""User2""]","{""blue_first_relevant_response_after_critical"": 13, ""blue_first_relevant_response_after_enterprise"": 6, ""enterprise_foothold_step"": 5, ""first_critical_hit_step"": 12, ""window_end"": null, ""window_start"": null}"
ours_stage2_fair,11,stage1_pref_005_ckpt_191,semantic_aware,episode_015,4,4026,15,Q2_user_action_during_critical_breach,high,DecoyHarakaSMPT,User3,User,Impact,Op_Server0,"[""Op_Server0""]","[""Op_Server0""]","[""Enterprise0"", ""Enterprise2"", ""Op_Server0"", ""User0"", ""User3""]","[""Enterprise0"", ""Enterprise2"", ""Op_Server0"", ""User0"", ""User3""]","{""blue_first_relevant_response_after_critical"": 13, ""blue_first_relevant_response_after_enterprise"": 6, ""enterprise_foothold_step"": 5, ""first_critical_hit_step"": 12, ""window_end"": null, ""window_start"": null}"
ours_stage2_fair,11,stage1_pref_005_ckpt_191,semantic_aware,episode_015,4,4026,18,Q2_user_action_during_critical_breach,high,DecoyHarakaSMPT,User2,User,Impact,Op_Server0,"[""Op_Server0""]","[""Op_Server0""]","[""Enterprise0"", ""Enterprise2"", ""Op_Server0"", ""User0"", ""User3""]","[""Enterprise0"", ""Enterprise2"", ""Op_Server0"", ""User0"", ""User3""]","{""blue_first_relevant_response_after_critical"": 13, ""blue_first_relevant_response_after_enterprise"": 6, ""enterprise_foothold_step"": 5, ""first_critical_hit_step"": 12, ""window_end"": null, ""window_start"": null}"
ours_stage2_fair,11,stage1_pref_005_ckpt_191,semantic_aware,episode_015,4,4026,25,Q2_user_action_during_critical_breach,high,DecoyHarakaSMPT,User3,User,Impact,Op_Server0,"[""Op_Server0""]","[""Op_Server0""]","[""Enterprise0"", ""Op_Server0"", ""User0"", ""User3""]","[""Enterprise0"", ""Op_Server0"", ""User0"", ""User3""]","{""blue_first_relevant_response_after_critical"": 13, ""blue_first_relevant_response_after_enterprise"": 6, ""enterprise_foothold_step"": 5, ""first_critical_hit_step"": 12, ""window_end"": null, ""window_start"": null}"
ours_stage2_fair,11,stage1_pref_005_ckpt_191,semantic_aware,episode_015,4,4026,31,Q2_user_action_during_critical_breach,high,Analyse,User0,User,Impact,Op_Server0,"[""Op_Server0""]","[""Op_Server0""]","[""Enterprise0"", ""Op_Server0"", ""User0"", ""User3""]","[""Enterprise0"", ""Op_Server0"", ""User0"", ""User3""]","{""blue_first_relevant_response_after_critical"": 13, ""blue_first_relevant_response_after_enterprise"": 6, ""enterprise_foothold_step"": 5, ""first_critical_hit_step"": 12, ""window_end"": null, ""window_start"": null}"
ours_stage2_fair,11,stage1_pref_005_ckpt_191,semantic_aware,episode_015,4,4026,52,Q2_user_action_during_critical_breach,high,DecoySvchost,User4,User,Impact,Op_Server0,"[""Op_Server0""]","[""Op_Server0""]","[""Enterprise0"", ""Op_Server0"", ""User0"", ""User3""]","[""Enterprise0"", ""Op_Server0"", ""User0"", ""User3""]","{""blue_first_relevant_response_after_critical"": 13, ""blue_first_relevant_response_after_enterprise"": 6, ""enterprise_foothold_step"": 5, ""first_critical_hit_step"": 12, ""window_end"": null, ""window_start"": null}"
ours_stage2_fair,11,stage1_pref_005_ckpt_191,semantic_aware,episode_015,4,4026,69,Q2_user_action_during_critical_breach,high,Restore,User3,User,Impact,Op_Server0,"[""Op_Server0""]","[""Op_Server0""]","[""Enterprise0"", ""Op_Server0"", ""User0"", ""User3""]","[""Enterprise0"", ""Op_Server0"", ""User0""]","{""blue_first_relevant_response_after_critical"": 13, ""blue_first_relevant_response_after_enterprise"": 6, ""enterprise_foothold_step"": 5, ""first_critical_hit_step"": 12, ""window_end"": null, ""window_start"": null}"
ours_stage2_fair,11,stage1_pref_005_ckpt_191,semantic_aware,episode_015,5,5026,41,Q2_user_action_during_critical_breach,high,Restore,User3,User,Impact,Op_Server0,"[""Op_Server0""]","[""Op_Server0""]","[""Enterprise2"", ""Op_Server0"", ""User0"", ""User1""]","[""Enterprise2"", ""Op_Server0"", ""User0"", ""User1""]","{""blue_first_relevant_response_after_critical"": 19, ""blue_first_relevant_response_after_enterprise"": 6, ""enterprise_foothold_step"": 5, ""first_critical_hit_step"": 16, ""window_end"": null, ""window_start"": null}"
ours_stage2_fair,11,stage1_pref_005_ckpt_191,semantic_aware,episode_015,5,5026,56,Q2_user_action_during_critical_breach,high,DecoyVsftpd,User1,User,Impact,Op_Server0,"[""Op_Server0""]","[""Op_Server0""]","[""Op_Server0"", ""User0"", ""User1""]","[""Op_Server0"", ""User0"", ""User1""]","{""blue_first_relevant_response_after_critical"": 19, ""blue_first_relevant_response_after_enterprise"": 6, ""enterprise_foothold_step"": 5, ""first_critical_hit_step"": 16, ""window_end"": null, ""window_start"": null}"
ours_stage2_fair,11,stage1_pref_005_ckpt_191,semantic_aware,episode_015,5,5026,70,Q2_user_action_during_critical_breach,high,Analyse,User0,User,Impact,Op_Server0,"[""Op_Server0""]","[""Op_Server0""]","[""Enterprise2"", ""Op_Server0"", ""User0"", ""User1""]","[""Enterprise2"", ""Op_Server0"", ""User0"", ""User1""]","{""blue_first_relevant_response_after_critical"": 19, ""blue_first_relevant_response_after_enterprise"": 6, ""enterprise_foothold_step"": 5, ""first_critical_hit_step"": 16, ""window_end"": null, ""window_start"": null}"
ours_stage2_fair,11,stage1_pref_005_ckpt_191,semantic_aware,episode_015,5,5026,99,Q2_user_action_during_critical_breach,high,Analyse,User0,User,Impact,Op_Server0,"[""Op_Server0""]","[""Op_Server0""]","[""Enterprise2"", ""Op_Server0"", ""User0"", ""User1""]","[""Enterprise2"", ""Op_Server0"", ""User0"", ""User1""]","{""blue_first_relevant_response_after_critical"": 19, ""blue_first_relevant_response_after_enterprise"": 6, ""enterprise_foothold_step"": 5, ""first_critical_hit_step"": 16, ""window_end"": null, ""window_start"": null}"
ours_stage2_fair,11,stage1_pref_005_ckpt_191,semantic_aware,episode_015,6,6026,17,Q2_user_action_during_critical_breach,high,Restore,User3,User,Impact,Op_Server0,"[""Op_Server0""]","[""Op_Server0""]","[""Enterprise2"", ""Op_Server0"", ""User0"", ""User2""]","[""Enterprise2"", ""Op_Server0"", ""User0"", ""User2""]","{""blue_first_relevant_response_after_critical"": 13, ""blue_first_relevant_response_after_enterprise"": 8, ""enterprise_foothold_step"": 5, ""first_critical_hit_step"": 12, ""window_end"": null, ""window_start"": null}"
ours_stage2_fair,11,stage1_pref_005_ckpt_191,semantic_aware,episode_015,6,6026,63,Q2_user_action_during_critical_breach,high,DecoyHarakaSMPT,User2,User,Impact,Op_Server0,"[""Op_Server0""]","[""Op_Server0""]","[""Enterprise2"", ""Op_Server0"", ""User0"", ""User2""]","[""Enterprise2"", ""Op_Server0"", ""User0"", ""User2""]","{""blue_first_relevant_response_after_critical"": 13, ""blue_first_relevant_response_after_enterprise"": 8, ""enterprise_foothold_step"": 5, ""first_critical_hit_step"": 12, ""window_end"": null, ""window_start"": null}"
ours_stage2_fair,11,stage1_pref_005_ckpt_191,semantic_aware,episode_015,6,6026,80,Q2_user_action_during_critical_breach,high,DecoyHarakaSMPT,User3,User,Impact,Op_Server0,"[""Op_Server0""]","[""Op_Server0""]","[""Op_Server0"", ""User0"", ""User2""]","[""Op_Server0"", ""User0"", ""User2""]","{""blue_first_relevant_response_after_critical"": 13, ""blue_first_relevant_response_after_enterprise"": 8, ""enterprise_foothold_step"": 5, ""first_critical_hit_step"": 12, ""window_end"": null, ""window_start"": null}"
ours_stage2_fair,11,stage1_pref_005_ckpt_191,semantic_aware,episode_015,7,7026,19,Q2_user_action_during_critical_breach,high,DecoyApache,User2,User,Impact,Op_Server0,"[""Op_Server0""]","[""Op_Server0""]","[""Enterprise2"", ""Op_Server0"", ""User0"", ""User2""]","[""Enterprise2"", ""Op_Server0"", ""User0"", ""User2""]","{""blue_first_relevant_response_after_critical"": 15, ""blue_first_relevant_response_after_enterprise"": 6, ""enterprise_foothold_step"": 5, ""first_critical_hit_step"": 14, ""window_end"": null, ""window_start"": null}"
ours_stage2_fair,11,stage1_pref_005_ckpt_191,semantic_aware,episode_015,7,7026,40,Q2_user_action_during_critical_breach,high,Restore,User3,User,Impact,Op_Server0,"[""Op_Server0""]","[""Op_Server0""]","[""Enterprise2"", ""Op_Server0"", ""User0"", ""User2""]","[""Enterprise2"", ""Op_Server0"", ""User0"", ""User2""]","{""blue_first_relevant_response_after_critical"": 15, ""blue_first_relevant_response_after_enterprise"": 6, ""enterprise_foothold_step"": 5, ""first_critical_hit_step"": 14, ""window_end"": null, ""window_start"": null}"
ours_stage2_fair,11,stage1_pref_005_ckpt_191,semantic_aware,episode_015,7,7026,45,Q2_user_action_during_critical_breach,high,Analyse,User0,User,Impact,Op_Server0,"[""Op_Server0""]","[""Op_Server0""]","[""Enterprise2"", ""Op_Server0"", ""User0"", ""User2""]","[""Enterprise2"", ""Op_Server0"", ""User0"", ""User2""]","{""blue_first_relevant_response_after_critical"": 15, ""blue_first_relevant_response_after_enterprise"": 6, ""enterprise_foothold_step"": 5, ""first_critical_hit_step"": 14, ""window_end"": null, ""window_start"": null}"
ours_stage2_fair,11,stage1_pref_005_ckpt_191,semantic_aware,episode_015,7,7026,51,Q2_user_action_during_critical_breach,high,Restore,User3,User,Impact,Op_Server0,"[""Op_Server0""]","[""Op_Server0""]","[""Enterprise2"", ""Op_Server0"", ""User0"", ""User2""]","[""Enterprise2"", ""Op_Server0"", ""User0"", ""User2""]","{""blue_first_relevant_response_after_critical"": 15, ""blue_first_relevant_response_after_enterprise"": 6, ""enterprise_foothold_step"": 5, ""first_critical_hit_step"": 14, ""window_end"": null, ""window_start"": null}"
ours_stage2_fair,11,stage1_pref_005_ckpt_191,semantic_aware,episode_015,7,7026,60,Q2_user_action_during_critical_breach,high,DecoyTomcat,User4,User,Impact,Op_Server0,"[""Op_Server0""]","[""Op_Server0""]","[""Enterprise2"", ""Op_Server0"", ""User0"", ""User2""]","[""Enterprise2"", ""Op_Server0"", ""User0"", ""User2""]","{""blue_first_relevant_response_after_critical"": 15, ""blue_first_relevant_response_after_enterprise"": 6, ""enterprise_foothold_step"": 5, ""first_critical_hit_step"": 14, ""window_end"": null, ""window_start"": null}"
ours_stage2_fair,11,stage1_pref_005_ckpt_191,semantic_aware,episode_015,7,7026,71,Q2_user_action_during_critical_breach,high,DecoySSHD,User2,User,Impact,Op_Server0,"[""Op_Server0""]","[""Op_Server0""]","[""Enterprise2"", ""Op_Server0"", ""User0"", ""User2""]","[""Enterprise2"", ""Op_Server0"", ""User0"", ""User2""]","{""blue_first_relevant_response_after_critical"": 15, ""blue_first_relevant_response_after_enterprise"": 6, ""enterprise_foothold_step"": 5, ""first_critical_hit_step"": 14, ""window_end"": null, ""window_start"": null}"
ours_stage2_fair,11,stage1_pref_005_ckpt_191,semantic_aware,episode_015,7,7026,90,Q2_user_action_during_critical_breach,high,Restore,User3,User,Impact,Op_Server0,"[""Op_Server0""]","[""Op_Server0""]","[""Op_Server0"", ""User0"", ""User2""]","[""Op_Server0"", ""User0"", ""User2""]","{""blue_first_relevant_response_after_critical"": 15, ""blue_first_relevant_response_after_enterprise"": 6, ""enterprise_foothold_step"": 5, ""first_critical_hit_step"": 14, ""window_end"": null, ""window_start"": null}"
ours_stage2_fair,11,stage1_pref_005_ckpt_191,semantic_aware,episode_016,0,27,72,Q2_user_action_during_critical_breach,high,DecoyHarakaSMPT,User3,User,Impact,Op_Server0,"[""Op_Server0""]","[""Op_Server0""]","[""Op_Server0"", ""User0"", ""User2""]","[""Op_Server0"", ""User0"", ""User2""]","{""blue_first_relevant_response_after_critical"": 13, ""blue_first_relevant_response_after_enterprise"": 6, ""enterprise_foothold_step"": 5, ""first_critical_hit_step"": 12, ""window_end"": null, ""window_start"": null}"
ours_stage2_fair,11,stage1_pref_005_ckpt_191,semantic_aware,episode_016,0,27,86,Q2_user_action_during_critical_breach,high,DecoyHarakaSMPT,User2,User,Impact,Op_Server0,"[""Op_Server0""]","[""Op_Server0""]","[""Enterprise2"", ""Op_Server0"", ""User0"", ""User2""]","[""Enterprise2"", ""Op_Server0"", ""User0"", ""User2""]","{""blue_first_relevant_response_after_critical"": 13, ""blue_first_relevant_response_after_enterprise"": 6, ""enterprise_foothold_step"": 5, ""first_critical_hit_step"": 12, ""window_end"": null, ""window_start"": null}"
ours_stage2_fair,11,stage1_pref_005_ckpt_191,semantic_aware,episode_016,1,1027,18,Q2_user_action_during_critical_breach,high,Restore,User3,User,Impact,Op_Server0,"[""Op_Server0""]","[""Op_Server0""]","[""Enterprise2"", ""Op_Server0"", ""User0"", ""User1""]","[""Enterprise2"", ""Op_Server0"", ""User0"", ""User1""]","{""blue_first_relevant_response_after_critical"": 15, ""blue_first_relevant_response_after_enterprise"": 6, ""enterprise_foothold_step"": 5, ""first_critical_hit_step"": 14, ""window_end"": null, ""window_start"": null}"
ours_stage2_fair,11,stage1_pref_005_ckpt_191,semantic_aware,episode_016,1,1027,20,Q2_user_action_during_critical_breach,high,DecoySSHD,User0,User,Impact,Op_Server0,"[""Op_Server0""]","[""Op_Server0""]","[""Enterprise2"", ""Op_Server0"", ""User0"", ""User1""]","[""Enterprise2"", ""Op_Server0"", ""User0"", ""User1""]","{""blue_first_relevant_response_after_critical"": 15, ""blue_first_relevant_response_after_enterprise"": 6, ""enterprise_foothold_step"": 5, ""first_critical_hit_step"": 14, ""window_end"": null, ""window_start"": null}"
ours_stage2_fair,11,stage1_pref_005_ckpt_191,semantic_aware,episode_016,1,1027,49,Q2_user_action_during_critical_breach,high,DecoyHarakaSMPT,User1,User,Impact,Op_Server0,"[""Op_Server0""]","[""Op_Server0""]","[""Enterprise2"", ""Op_Server0"", ""User0"", ""User1""]","[""Enterprise2"", ""Op_Server0"", ""User0"", ""User1""]","{""blue_first_relevant_response_after_critical"": 15, ""blue_first_relevant_response_after_enterprise"": 6, ""enterprise_foothold_step"": 5, ""first_critical_hit_step"": 14, ""window_end"": null, ""window_start"": null}"
ours_stage2_fair,11,stage1_pref_005_ckpt_191,semantic_aware,episode_016,1,1027,62,Q2_user_action_during_critical_breach,high,Restore,User3,User,Impact,Op_Server0,"[""Op_Server0""]","[""Op_Server0""]","[""Enterprise2"", ""Op_Server0"", ""User0"", ""User1""]","[""Enterprise2"", ""Op_Server0"", ""User0"", ""User1""]","{""blue_first_relevant_response_after_critical"": 15, ""blue_first_relevant_response_after_enterprise"": 6, ""enterprise_foothold_step"": 5, ""first_critical_hit_step"": 14, ""window_end"": null, ""window_start"": null}"
ours_stage2_fair,11,stage1_pref_005_ckpt_191,semantic_aware,episode_016,1,1027,67,Q2_user_action_during_critical_breach,high,Analyse,User0,User,Impact,Op_Server0,"[""Op_Server0""]","[""Op_Server0""]","[""Op_Server0"", ""User0"", ""User1""]","[""Op_Server0"", ""User0"", ""User1""]","{""blue_first_relevant_response_after_critical"": 15, ""blue_first_relevant_response_after_enterprise"": 6, ""enterprise_foothold_step"": 5, ""first_critical_hit_step"": 14, ""window_end"": null, ""window_start"": null}"
ours_stage2_fair,11,stage1_pref_005_ckpt_191,semantic_aware,episode_016,1,1027,84,Q2_user_action_during_critical_breach,high,DecoyHarakaSMPT,User1,User,Impact,Op_Server0,"[""Op_Server0""]","[""Op_Server0""]","[""Enterprise2"", ""Op_Server0"", ""User0"", ""User1""]","[""Enterprise2"", ""Op_Server0"", ""User0"", ""User1""]","{""blue_first_relevant_response_after_critical"": 15, ""blue_first_relevant_response_after_enterprise"": 6, ""enterprise_foothold_step"": 5, ""first_critical_hit_step"": 14, ""window_end"": null, ""window_start"": null}"
ours_stage2_fair,11,stage1_pref_005_ckpt_191,semantic_aware,episode_016,1,1027,89,Q2_user_action_during_critical_breach,high,DecoyFemitter,User0,User,Impact,Op_Server0,"[""Op_Server0""]","[""Op_Server0""]","[""Enterprise2"", ""Op_Server0"", ""User0"", ""User1""]","[""Enterprise2"", ""Op_Server0"", ""User0"", ""User1""]","{""blue_first_relevant_response_after_critical"": 15, ""blue_first_relevant_response_after_enterprise"": 6, ""enterprise_foothold_step"": 5, ""first_critical_hit_step"": 14, ""window_end"": null, ""window_start"": null}"
ours_stage2_fair,11,stage1_pref_005_ckpt_191,semantic_aware,episode_016,2,2027,24,Q2_user_action_during_critical_breach,high,Restore,User3,User,Impact,Op_Server0,"[""Op_Server0""]","[""Op_Server0""]","[""Enterprise0"", ""Op_Server0"", ""User0"", ""User4""]","[""Enterprise0"", ""Op_Server0"", ""User0"", ""User4""]","{""blue_first_relevant_response_after_critical"": 13, ""blue_first_relevant_response_after_enterprise"": 8, ""enterprise_foothold_step"": 5, ""first_critical_hit_step"": 12, ""window_end"": null, ""window_start"": null}"
ours_stage2_fair,11,stage1_pref_005_ckpt_191,semantic_aware,episode_016,2,2027,30,Q2_user_action_during_critical_breach,high,Restore,User3,User,Impact,Op_Server0,"[""Op_Server0""]","[""Op_Server0""]","[""Enterprise0"", ""Op_Server0"", ""User0"", ""User4""]","[""Enterprise0"", ""Op_Server0"", ""User0"", ""User4""]","{""blue_first_relevant_response_after_critical"": 13, ""blue_first_relevant_response_after_enterprise"": 8, ""enterprise_foothold_step"": 5, ""first_critical_hit_step"": 12, ""window_end"": null, ""window_start"": null}"
ours_stage2_fair,11,stage1_pref_005_ckpt_191,semantic_aware,episode_016,2,2027,88,Q2_user_action_during_critical_breach,high,DecoyHarakaSMPT,User2,User,Impact,Op_Server0,"[""Op_Server0""]","[""Op_Server0""]","[""Enterprise0"", ""Op_Server0"", ""User0"", ""User4""]","[""Enterprise0"", ""Op_Server0"", ""User0"", ""User4""]","{""blue_first_relevant_response_after_critical"": 13, ""blue_first_relevant_response_after_enterprise"": 8, ""enterprise_foothold_step"": 5, ""first_critical_hit_step"": 12, ""window_end"": null, ""window_start"": null}"
ours_stage2_fair,11,stage1_pref_005_ckpt_191,semantic_aware,episode_016,2,2027,94,Q2_user_action_during_critical_breach,high,Restore,User3,User,Impact,Op_Server0,"[""Op_Server0""]","[""Op_Server0""]","[""Enterprise0"", ""Op_Server0"", ""User0"", ""User4""]","[""Enterprise0"", ""Op_Server0"", ""User0"", ""User4""]","{""blue_first_relevant_response_after_critical"": 13, ""blue_first_relevant_response_after_enterprise"": 8, ""enterprise_foothold_step"": 5, ""first_critical_hit_step"": 12, ""window_end"": null, ""window_start"": null}"
ours_stage2_fair,11,stage1_pref_005_ckpt_191,semantic_aware,episode_016,2,2027,96,Q2_user_action_during_critical_breach,high,Restore,User3,User,Impact,Op_Server0,"[""Op_Server0""]","[""Op_Server0""]","[""Enterprise0"", ""Op_Server0"", ""User0"", ""User4""]","[""Enterprise0"", ""Op_Server0"", ""User0"", ""User4""]","{""blue_first_relevant_response_after_critical"": 13, ""blue_first_relevant_response_after_enterprise"": 8, ""enterprise_foothold_step"": 5, ""first_critical_hit_step"": 12, ""window_end"": null, ""window_start"": null}"
ours_stage2_fair,11,stage1_pref_005_ckpt_191,semantic_aware,episode_016,3,3027,60,Q2_user_action_during_critical_breach,high,Restore,User3,User,Impact,Op_Server0,"[""Op_Server0""]","[""Op_Server0""]","[""Enterprise0"", ""Enterprise2"", ""Op_Server0"", ""User0""]","[""Enterprise0"", ""Enterprise2"", ""Op_Server0"", ""User0""]","{""blue_first_relevant_response_after_critical"": 29, ""blue_first_relevant_response_after_enterprise"": 6, ""enterprise_foothold_step"": 5, ""first_critical_hit_step"": 28, ""window_end"": null, ""window_start"": null}"
ours_stage2_fair,11,stage1_pref_005_ckpt_191,semantic_aware,episode_016,3,3027,64,Q2_user_action_during_critical_breach,high,Restore,User3,User,Impact,Op_Server0,"[""Op_Server0""]","[""Op_Server0""]","[""Enterprise0"", ""Enterprise2"", ""Op_Server0"", ""User0""]","[""Enterprise0"", ""Enterprise2"", ""Op_Server0"", ""User0""]","{""blue_first_relevant_response_after_critical"": 29, ""blue_first_relevant_response_after_enterprise"": 6, ""enterprise_foothold_step"": 5, ""first_critical_hit_step"": 28, ""window_end"": null, ""window_start"": null}"
ours_stage2_fair,11,stage1_pref_005_ckpt_191,semantic_aware,episode_016,3,3027,67,Q2_user_action_during_critical_breach,high,DecoyHarakaSMPT,User3,User,Impact,Op_Server0,"[""Op_Server0""]","[""Op_Server0""]","[""Enterprise0"", ""Enterprise2"", ""Op_Server0"", ""User0""]","[""Enterprise0"", ""Enterprise2"", ""Op_Server0"", ""User0""]","{""blue_first_relevant_response_after_critical"": 29, ""blue_first_relevant_response_after_enterprise"": 6, ""enterprise_foothold_step"": 5, ""first_critical_hit_step"": 28, ""window_end"": null, ""window_start"": null}"
ours_stage2_fair,11,stage1_pref_005_ckpt_191,semantic_aware,episode_016,3,3027,92,Q2_user_action_during_critical_breach,high,Analyse,User0,User,Impact,Op_Server0,"[""Op_Server0""]","[""Op_Server0""]","[""Enterprise0"", ""Enterprise2"", ""Op_Server0"", ""User0""]","[""Enterprise0"", ""Enterprise2"", ""Op_Server0"", ""User0""]","{""blue_first_relevant_response_after_critical"": 29, ""blue_first_relevant_response_after_enterprise"": 6, ""enterprise_foothold_step"": 5, ""first_critical_hit_step"": 28, ""window_end"": null, ""window_start"": null}"
ours_stage2_fair,11,stage1_pref_005_ckpt_191,semantic_aware,episode_016,3,3027,99,Q2_user_action_during_critical_breach,high,DecoyHarakaSMPT,User3,User,Impact,Op_Server0,"[""Op_Server0""]","[""Op_Server0""]","[""Enterprise0"", ""Enterprise2"", ""Op_Server0"", ""User0""]","[""Enterprise0"", ""Enterprise2"", ""Op_Server0"", ""User0""]","{""blue_first_relevant_response_after_critical"": 29, ""blue_first_relevant_response_after_enterprise"": 6, ""enterprise_foothold_step"": 5, ""first_critical_hit_step"": 28, ""window_end"": null, ""window_start"": null}"
ours_stage2_fair,11,stage1_pref_005_ckpt_191,semantic_aware,episode_016,4,4027,14,Q2_user_action_during_critical_breach,high,Restore,User3,User,Impact,Op_Server0,"[""Op_Server0""]","[""Op_Server0""]","[""Enterprise0"", ""Enterprise2"", ""Op_Server0"", ""User0"", ""User4""]","[""Enterprise0"", ""Enterprise2"", ""Op_Server0"", ""User0"", ""User4""]","{""blue_first_relevant_response_after_critical"": 13, ""blue_first_relevant_response_after_enterprise"": 6, ""enterprise_foothold_step"": 5, ""first_critical_hit_step"": 12, ""window_end"": null, ""window_start"": null}"
ours_stage2_fair,11,stage1_pref_005_ckpt_191,semantic_aware,episode_016,4,4027,22,Q2_user_action_during_critical_breach,high,DecoyHarakaSMPT,User1,User,Impact,Op_Server0,"[""Op_Server0""]","[""Op_Server0""]","[""Enterprise0"", ""Enterprise2"", ""Op_Server0"", ""User0"", ""User4""]","[""Enterprise0"", ""Enterprise2"", ""Op_Server0"", ""User0"", ""User4""]","{""blue_first_relevant_response_after_critical"": 13, ""blue_first_relevant_response_after_enterprise"": 6, ""enterprise_foothold_step"": 5, ""first_critical_hit_step"": 12, ""window_end"": null, ""window_start"": null}"
ours_stage2_fair,11,stage1_pref_005_ckpt_191,semantic_aware,episode_016,4,4027,33,Q2_user_action_during_critical_breach,high,Analyse,User0,User,Impact,Op_Server0,"[""Op_Server0""]","[""Op_Server0""]","[""Enterprise0"", ""Enterprise2"", ""Op_Server0"", ""User0"", ""User4""]","[""Enterprise0"", ""Enterprise2"", ""Op_Server0"", ""User0"", ""User4""]","{""blue_first_relevant_response_after_critical"": 13, ""blue_first_relevant_response_after_enterprise"": 6, ""enterprise_foothold_step"": 5, ""first_critical_hit_step"": 12, ""window_end"": null, ""window_start"": null}"
ours_stage2_fair,11,stage1_pref_005_ckpt_191,semantic_aware,episode_016,4,4027,41,Q2_user_action_during_critical_breach,high,Restore,User0,User,Impact,Op_Server0,"[""Op_Server0""]","[""Op_Server0""]","[""Enterprise0"", ""Op_Server0"", ""User0"", ""User4""]","[""Enterprise0"", ""Op_Server0"", ""User0"", ""User4""]","{""blue_first_relevant_response_after_critical"": 13, ""blue_first_relevant_response_after_enterprise"": 6, ""enterprise_foothold_step"": 5, ""first_critical_hit_step"": 12, ""window_end"": null, ""window_start"": null}"
ours_stage2_fair,11,stage1_pref_005_ckpt_191,semantic_aware,episode_016,4,4027,52,Q2_user_action_during_critical_breach,high,Restore,User3,User,Impact,Op_Server0,"[""Op_Server0""]","[""Op_Server0""]","[""Enterprise0"", ""Op_Server0"", ""User0"", ""User4""]","[""Enterprise0"", ""Op_Server0"", ""User0"", ""User4""]","{""blue_first_relevant_response_after_critical"": 13, ""blue_first_relevant_response_after_enterprise"": 6, ""enterprise_foothold_step"": 5, ""first_critical_hit_step"": 12, ""window_end"": null, ""window_start"": null}"
ours_stage2_fair,11,stage1_pref_005_ckpt_191,semantic_aware,episode_016,4,4027,65,Q2_user_action_during_critical_breach,high,DecoyHarakaSMPT,User1,User,Impact,Op_Server0,"[""Op_Server0""]","[""Op_Server0""]","[""Enterprise0"", ""Op_Server0"", ""User0"", ""User4""]","[""Enterprise0"", ""Op_Server0"", ""User0"", ""User4""]","{""blue_first_relevant_response_after_critical"": 13, ""blue_first_relevant_response_after_enterprise"": 6, ""enterprise_foothold_step"": 5, ""first_critical_hit_step"": 12, ""window_end"": null, ""window_start"": null}"
ours_stage2_fair,11,stage1_pref_005_ckpt_191,semantic_aware,episode_016,4,4027,66,Q2_user_action_during_critical_breach,high,Analyse,User0,User,Impact,Op_Server0,"[""Op_Server0""]","[""Op_Server0""]","[""Enterprise0"", ""Op_Server0"", ""User0"", ""User4""]","[""Enterprise0"", ""Op_Server0"", ""User0"", ""User4""]","{""blue_first_relevant_response_after_critical"": 13, ""blue_first_relevant_response_after_enterprise"": 6, ""enterprise_foothold_step"": 5, ""first_critical_hit_step"": 12, ""window_end"": null, ""window_start"": null}"
ours_stage2_fair,11,stage1_pref_005_ckpt_191,semantic_aware,episode_016,4,4027,75,Q2_user_action_during_critical_breach,high,DecoySSHD,User2,User,Impact,Op_Server0,"[""Op_Server0""]","[""Op_Server0""]","[""Enterprise0"", ""Op_Server0"", ""User0"", ""User4""]","[""Enterprise0"", ""Op_Server0"", ""User0"", ""User4""]","{""blue_first_relevant_response_after_critical"": 13, ""blue_first_relevant_response_after_enterprise"": 6, ""enterprise_foothold_step"": 5, ""first_critical_hit_step"": 12, ""window_end"": null, ""window_start"": null}"
ours_stage2_fair,11,stage1_pref_005_ckpt_191,semantic_aware,episode_016,4,4027,80,Q2_user_action_during_critical_breach,high,Restore,User3,User,Impact,Op_Server0,"[""Op_Server0""]","[""Op_Server0""]","[""Enterprise0"", ""Op_Server0"", ""User0"", ""User4""]","[""Enterprise0"", ""Op_Server0"", ""User0"", ""User4""]","{""blue_first_relevant_response_after_critical"": 13, ""blue_first_relevant_response_after_enterprise"": 6, ""enterprise_foothold_step"": 5, ""first_critical_hit_step"": 12, ""window_end"": null, ""window_start"": null}"
ours_stage2_fair,11,stage1_pref_005_ckpt_191,semantic_aware,episode_016,4,4027,95,Q2_user_action_during_critical_breach,high,Restore,User3,User,Impact,Op_Server0,"[""Op_Server0""]","[""Op_Server0""]","[""Enterprise0"", ""Op_Server0"", ""User0"", ""User4""]","[""Enterprise0"", ""Op_Server0"", ""User0"", ""User4""]","{""blue_first_relevant_response_after_critical"": 13, ""blue_first_relevant_response_after_enterprise"": 6, ""enterprise_foothold_step"": 5, ""first_critical_hit_step"": 12, ""window_end"": null, ""window_start"": null}"
ours_stage2_fair,11,stage1_pref_005_ckpt_191,semantic_aware,episode_016,5,5027,15,Q2_user_action_during_critical_breach,high,DecoyHarakaSMPT,User3,User,Impact,Op_Server0,"[""Op_Server0""]","[""Op_Server0""]","[""Enterprise2"", ""Op_Server0"", ""User0"", ""User1""]","[""Enterprise2"", ""Op_Server0"", ""User0"", ""User1""]","{""blue_first_relevant_response_after_critical"": 13, ""blue_first_relevant_response_after_enterprise"": 6, ""enterprise_foothold_step"": 5, ""first_critical_hit_step"": 12, ""window_end"": null, ""window_start"": null}"
ours_stage2_fair,11,stage1_pref_005_ckpt_191,semantic_aware,episode_016,5,5027,36,Q2_user_action_during_critical_breach,high,Analyse,User0,User,Impact,Op_Server0,"[""Op_Server0""]","[""Op_Server0""]","[""Enterprise2"", ""Op_Server0"", ""User0"", ""User1""]","[""Enterprise2"", ""Op_Server0"", ""User0"", ""User1""]","{""blue_first_relevant_response_after_critical"": 13, ""blue_first_relevant_response_after_enterprise"": 6, ""enterprise_foothold_step"": 5, ""first_critical_hit_step"": 12, ""window_end"": null, ""window_start"": null}"
ours_stage2_fair,11,stage1_pref_005_ckpt_191,semantic_aware,episode_016,5,5027,37,Q2_user_action_during_critical_breach,high,DecoyHarakaSMPT,User1,User,Impact,Op_Server0,"[""Op_Server0""]","[""Op_Server0""]","[""Enterprise2"", ""Op_Server0"", ""User0"", ""User1""]","[""Enterprise2"", ""Op_Server0"", ""User0"", ""User1""]","{""blue_first_relevant_response_after_critical"": 13, ""blue_first_relevant_response_after_enterprise"": 6, ""enterprise_foothold_step"": 5, ""first_critical_hit_step"": 12, ""window_end"": null, ""window_start"": null}"
ours_stage2_fair,11,stage1_pref_005_ckpt_191,semantic_aware,episode_016,5,5027,50,Q2_user_action_during_critical_breach,high,DecoyHarakaSMPT,User3,User,Impact,Op_Server0,"[""Op_Server0""]","[""Op_Server0""]","[""Enterprise2"", ""Op_Server0"", ""User0"", ""User1""]","[""Enterprise2"", ""Op_Server0"", ""User0"", ""User1""]","{""blue_first_relevant_response_after_critical"": 13, ""blue_first_relevant_response_after_enterprise"": 6, ""enterprise_foothold_step"": 5, ""first_critical_hit_step"": 12, ""window_end"": null, ""window_start"": null}"
ours_stage2_fair,11,stage1_pref_005_ckpt_191,semantic_aware,episode_016,5,5027,56,Q2_user_action_during_critical_breach,high,DecoyHarakaSMPT,User3,User,Impact,Op_Server0,"[""Op_Server0""]","[""Op_Server0""]","[""Enterprise2"", ""Op_Server0"", ""User0"", ""User1""]","[""Enterprise2"", ""Op_Server0"", ""User0"", ""User1""]","{""blue_first_relevant_response_after_critical"": 13, ""blue_first_relevant_response_after_enterprise"": 6, ""enterprise_foothold_step"": 5, ""first_critical_hit_step"": 12, ""window_end"": null, ""window_start"": null}"
ours_stage2_fair,11,stage1_pref_005_ckpt_191,semantic_aware,episode_016,5,5027,71,Q2_user_action_during_critical_breach,high,Restore,User3,User,Impact,Op_Server0,"[""Op_Server0""]","[""Op_Server0""]","[""Enterprise2"", ""Op_Server0"", ""User0"", ""User1""]","[""Enterprise2"", ""Op_Server0"", ""User0"", ""User1""]","{""blue_first_relevant_response_after_critical"": 13, ""blue_first_relevant_response_after_enterprise"": 6, ""enterprise_foothold_step"": 5, ""first_critical_hit_step"": 12, ""window_end"": null, ""window_start"": null}"
ours_stage2_fair,11,stage1_pref_005_ckpt_191,semantic_aware,episode_016,5,5027,96,Q2_user_action_during_critical_breach,high,Analyse,User0,User,Impact,Op_Server0,"[""Op_Server0""]","[""Op_Server0""]","[""Enterprise2"", ""Op_Server0"", ""User0"", ""User1""]","[""Enterprise2"", ""Op_Server0"", ""User0"", ""User1""]","{""blue_first_relevant_response_after_critical"": 13, ""blue_first_relevant_response_after_enterprise"": 6, ""enterprise_foothold_step"": 5, ""first_critical_hit_step"": 12, ""window_end"": null, ""window_start"": null}"
ours_stage2_fair,11,stage1_pref_005_ckpt_191,semantic_aware,episode_016,6,6027,33,Q2_user_action_during_critical_breach,high,DecoySvchost,User4,User,Impact,Op_Server0,"[""Op_Server0""]","[""Op_Server0""]","[""Enterprise0"", ""Op_Server0"", ""User0"", ""User3""]","[""Enterprise0"", ""Op_Server0"", ""User0"", ""User3""]","{""blue_first_relevant_response_after_critical"": 13, ""blue_first_relevant_response_after_enterprise"": 6, ""enterprise_foothold_step"": 5, ""first_critical_hit_step"": 12, ""window_end"": null, ""window_start"": null}"
ours_stage2_fair,11,stage1_pref_005_ckpt_191,semantic_aware,episode_016,6,6027,45,Q2_user_action_during_critical_breach,high,Restore,User3,User,Impact,Op_Server0,"[""Op_Server0""]","[""Op_Server0""]","[""Enterprise0"", ""Op_Server0"", ""User0"", ""User3""]","[""Enterprise0"", ""Op_Server0"", ""User0""]","{""blue_first_relevant_response_after_critical"": 13, ""blue_first_relevant_response_after_enterprise"": 6, ""enterprise_foothold_step"": 5, ""first_critical_hit_step"": 12, ""window_end"": null, ""window_start"": null}"
ours_stage2_fair,11,stage1_pref_005_ckpt_191,semantic_aware,episode_016,7,7027,42,Q2_user_action_during_critical_breach,high,Analyse,User0,User,Impact,Op_Server0,"[""Op_Server0""]","[""Op_Server0""]","[""Op_Server0"", ""User0"", ""User2""]","[""Op_Server0"", ""User0"", ""User2""]","{""blue_first_relevant_response_after_critical"": 14, ""blue_first_relevant_response_after_enterprise"": 6, ""enterprise_foothold_step"": 5, ""first_critical_hit_step"": 12, ""window_end"": null, ""window_start"": null}"
ours_stage2_fair,11,stage1_pref_005_ckpt_191,semantic_aware,episode_016,7,7027,49,Q2_user_action_during_critical_breach,high,Restore,User3,User,Impact,Op_Server0,"[""Op_Server0""]","[""Op_Server0""]","[""Op_Server0"", ""User0"", ""User2""]","[""Op_Server0"", ""User0"", ""User2""]","{""blue_first_relevant_response_after_critical"": 14, ""blue_first_relevant_response_after_enterprise"": 6, ""enterprise_foothold_step"": 5, ""first_critical_hit_step"": 12, ""window_end"": null, ""window_start"": null}"
ours_stage2_fair,11,stage1_pref_005_ckpt_191,semantic_aware,episode_016,7,7027,62,Q2_user_action_during_critical_breach,high,Restore,User3,User,Impact,Op_Server0,"[""Op_Server0""]","[""Op_Server0""]","[""Op_Server0"", ""User0"", ""User2""]","[""Op_Server0"", ""User0"", ""User2""]","{""blue_first_relevant_response_after_critical"": 14, ""blue_first_relevant_response_after_enterprise"": 6, ""enterprise_foothold_step"": 5, ""first_critical_hit_step"": 12, ""window_end"": null, ""window_start"": null}"
ours_stage2_fair,11,stage1_pref_005_ckpt_191,semantic_aware,episode_016,7,7027,70,Q2_user_action_during_critical_breach,high,DecoyHarakaSMPT,User2,User,Impact,Op_Server0,"[""Op_Server0""]","[""Op_Server0""]","[""Op_Server0"", ""User0"", ""User2""]","[""Op_Server0"", ""User0"", ""User2""]","{""blue_first_relevant_response_after_critical"": 14, ""blue_first_relevant_response_after_enterprise"": 6, ""enterprise_foothold_step"": 5, ""first_critical_hit_step"": 12, ""window_end"": null, ""window_start"": null}"
ours_stage2_fair,11,stage1_pref_005_ckpt_191,semantic_aware,episode_016,7,7027,73,Q2_user_action_during_critical_breach,high,Restore,User3,User,Impact,Op_Server0,"[""Op_Server0""]","[""Op_Server0""]","[""Op_Server0"", ""User0"", ""User2""]","[""Op_Server0"", ""User0"", ""User2""]","{""blue_first_relevant_response_after_critical"": 14, ""blue_first_relevant_response_after_enterprise"": 6, ""enterprise_foothold_step"": 5, ""first_critical_hit_step"": 12, ""window_end"": null, ""window_start"": null}"
ours_stage2_fair,11,stage1_pref_005_ckpt_191,semantic_aware,episode_016,7,7027,77,Q2_user_action_during_critical_breach,high,Restore,User3,User,Impact,Op_Server0,"[""Op_Server0""]","[""Op_Server0""]","[""Op_Server0"", ""User0"", ""User2""]","[""Op_Server0"", ""User0"", ""User2""]","{""blue_first_relevant_response_after_critical"": 14, ""blue_first_relevant_response_after_enterprise"": 6, ""enterprise_foothold_step"": 5, ""first_critical_hit_step"": 12, ""window_end"": null, ""window_start"": null}"
ours_stage2_fair,11,stage1_pref_005_ckpt_191,semantic_aware,episode_016,7,7027,87,Q2_user_action_during_critical_breach,high,Analyse,User0,User,Impact,Op_Server0,"[""Op_Server0""]","[""Op_Server0""]","[""Op_Server0"", ""User0"", ""User2""]","[""Op_Server0"", ""User0"", ""User2""]","{""blue_first_relevant_response_after_critical"": 14, ""blue_first_relevant_response_after_enterprise"": 6, ""enterprise_foothold_step"": 5, ""first_critical_hit_step"": 12, ""window_end"": null, ""window_start"": null}"
ours_stage2_fair,11,stage1_pref_005_ckpt_191,semantic_aware,episode_016,7,7027,92,Q2_user_action_during_critical_breach,high,Restore,User0,User,Impact,Op_Server0,"[""Op_Server0""]","[""Op_Server0""]","[""Op_Server0"", ""User0"", ""User2""]","[""Op_Server0"", ""User0"", ""User2""]","{""blue_first_relevant_response_after_critical"": 14, ""blue_first_relevant_response_after_enterprise"": 6, ""enterprise_foothold_step"": 5, ""first_critical_hit_step"": 12, ""window_end"": null, ""window_start"": null}"
ours_stage2_fair,11,stage1_pref_005_ckpt_191,semantic_aware,episode_016,7,7027,98,Q2_user_action_during_critical_breach,high,Restore,User3,User,Impact,Op_Server0,"[""Op_Server0""]","[""Op_Server0""]","[""Op_Server0"", ""User0"", ""User2""]","[""Op_Server0"", ""User0"", ""User2""]","{""blue_first_relevant_response_after_critical"": 14, ""blue_first_relevant_response_after_enterprise"": 6, ""enterprise_foothold_step"": 5, ""first_critical_hit_step"": 12, ""window_end"": null, ""window_start"": null}"
ours_stage2_fair,11,stage1_pref_005_ckpt_191,semantic_aware,episode_017,0,28,28,Q2_user_action_during_critical_breach,high,Restore,User3,User,Impact,Op_Server0,"[""Op_Server0""]","[""Op_Server0""]","[""Enterprise0"", ""Op_Server0"", ""User0"", ""User4""]","[""Enterprise0"", ""Op_Server0"", ""User0"", ""User4""]","{""blue_first_relevant_response_after_critical"": 13, ""blue_first_relevant_response_after_enterprise"": 6, ""enterprise_foothold_step"": 5, ""first_critical_hit_step"": 12, ""window_end"": null, ""window_start"": null}"
ours_stage2_fair,11,stage1_pref_005_ckpt_191,semantic_aware,episode_017,0,28,29,Q2_user_action_during_critical_breach,high,Restore,User3,User,Impact,Op_Server0,"[""Op_Server0""]","[""Op_Server0""]","[""Enterprise0"", ""Op_Server0"", ""User0"", ""User4""]","[""Enterprise0"", ""Op_Server0"", ""User0"", ""User4""]","{""blue_first_relevant_response_after_critical"": 13, ""blue_first_relevant_response_after_enterprise"": 6, ""enterprise_foothold_step"": 5, ""first_critical_hit_step"": 12, ""window_end"": null, ""window_start"": null}"
ours_stage2_fair,11,stage1_pref_005_ckpt_191,semantic_aware,episode_017,0,28,32,Q2_user_action_during_critical_breach,high,Restore,User3,User,Impact,Op_Server0,"[""Op_Server0""]","[""Op_Server0""]","[""Enterprise0"", ""Op_Server0"", ""User0"", ""User4""]","[""Enterprise0"", ""Op_Server0"", ""User0"", ""User4""]","{""blue_first_relevant_response_after_critical"": 13, ""blue_first_relevant_response_after_enterprise"": 6, ""enterprise_foothold_step"": 5, ""first_critical_hit_step"": 12, ""window_end"": null, ""window_start"": null}"
ours_stage2_fair,11,stage1_pref_005_ckpt_191,semantic_aware,episode_017,0,28,35,Q2_user_action_during_critical_breach,high,Analyse,User0,User,Impact,Op_Server0,"[""Op_Server0""]","[""Op_Server0""]","[""Enterprise0"", ""Op_Server0"", ""User0"", ""User4""]","[""Enterprise0"", ""Op_Server0"", ""User0"", ""User4""]","{""blue_first_relevant_response_after_critical"": 13, ""blue_first_relevant_response_after_enterprise"": 6, ""enterprise_foothold_step"": 5, ""first_critical_hit_step"": 12, ""window_end"": null, ""window_start"": null}"
ours_stage2_fair,11,stage1_pref_005_ckpt_191,semantic_aware,episode_017,1,1028,37,Q2_user_action_during_critical_breach,high,Restore,User3,User,PrivilegeEscalate,Op_Server0,"[""Op_Server0""]","[""Op_Server0""]","[""Enterprise2"", ""Op_Server0"", ""User0"", ""User1""]","[""Enterprise2"", ""Op_Server0"", ""User0"", ""User1""]","{""blue_first_relevant_response_after_critical"": 38, ""blue_first_relevant_response_after_enterprise"": 6, ""enterprise_foothold_step"": 5, ""first_critical_hit_step"": 36, ""window_end"": null, ""window_start"": null}"
ours_stage2_fair,11,stage1_pref_005_ckpt_191,semantic_aware,episode_017,1,1028,48,Q2_user_action_during_critical_breach,high,Analyse,User0,User,Impact,Op_Server0,"[""Op_Server0""]","[""Op_Server0""]","[""Enterprise2"", ""Op_Server0"", ""User0"", ""User1""]","[""Enterprise2"", ""Op_Server0"", ""User0"", ""User1""]","{""blue_first_relevant_response_after_critical"": 38, ""blue_first_relevant_response_after_enterprise"": 6, ""enterprise_foothold_step"": 5, ""first_critical_hit_step"": 36, ""window_end"": null, ""window_start"": null}"
ours_stage2_fair,11,stage1_pref_005_ckpt_191,semantic_aware,episode_017,1,1028,50,Q2_user_action_during_critical_breach,high,DecoyHarakaSMPT,User3,User,Impact,Op_Server0,"[""Op_Server0""]","[""Op_Server0""]","[""Enterprise2"", ""Op_Server0"", ""User0"", ""User1""]","[""Enterprise2"", ""Op_Server0"", ""User0"", ""User1""]","{""blue_first_relevant_response_after_critical"": 38, ""blue_first_relevant_response_after_enterprise"": 6, ""enterprise_foothold_step"": 5, ""first_critical_hit_step"": 36, ""window_end"": null, ""window_start"": null}"
ours_stage2_fair,11,stage1_pref_005_ckpt_191,semantic_aware,episode_017,1,1028,62,Q2_user_action_during_critical_breach,high,Restore,User3,User,Impact,Op_Server0,"[""Op_Server0""]","[""Op_Server0""]","[""Enterprise2"", ""Op_Server0"", ""User0"", ""User1""]","[""Enterprise2"", ""Op_Server0"", ""User0"", ""User1""]","{""blue_first_relevant_response_after_critical"": 38, ""blue_first_relevant_response_after_enterprise"": 6, ""enterprise_foothold_step"": 5, ""first_critical_hit_step"": 36, ""window_end"": null, ""window_start"": null}"
ours_stage2_fair,11,stage1_pref_005_ckpt_191,semantic_aware,episode_017,2,2028,22,Q2_user_action_during_critical_breach,high,DecoyHarakaSMPT,User1,User,Impact,Op_Server0,"[""Op_Server0""]","[""Op_Server0""]","[""Enterprise0"", ""Enterprise2"", ""Op_Server0"", ""User0"", ""User4""]","[""Enterprise0"", ""Enterprise2"", ""Op_Server0"", ""User0"", ""User4""]","{""blue_first_relevant_response_after_critical"": 17, ""blue_first_relevant_response_after_enterprise"": 10, ""enterprise_foothold_step"": 9, ""first_critical_hit_step"": 16, ""window_end"": null, ""window_start"": null}"
ours_stage2_fair,11,stage1_pref_005_ckpt_191,semantic_aware,episode_017,2,2028,45,Q2_user_action_during_critical_breach,high,Restore,User3,User,Impact,Op_Server0,"[""Op_Server0""]","[""Op_Server0""]","[""Enterprise0"", ""Op_Server0"", ""User0"", ""User4""]","[""Enterprise0"", ""Op_Server0"", ""User0"", ""User4""]","{""blue_first_relevant_response_after_critical"": 17, ""blue_first_relevant_response_after_enterprise"": 10, ""enterprise_foothold_step"": 9, ""first_critical_hit_step"": 16, ""window_end"": null, ""window_start"": null}"
ours_stage2_fair,11,stage1_pref_005_ckpt_191,semantic_aware,episode_017,2,2028,63,Q2_user_action_during_critical_breach,high,Restore,User3,User,Impact,Op_Server0,"[""Op_Server0""]","[""Op_Server0""]","[""Enterprise0"", ""Op_Server0"", ""User0"", ""User4""]","[""Enterprise0"", ""Op_Server0"", ""User0"", ""User4""]","{""blue_first_relevant_response_after_critical"": 17, ""blue_first_relevant_response_after_enterprise"": 10, ""enterprise_foothold_step"": 9, ""first_critical_hit_step"": 16, ""window_end"": null, ""window_start"": null}"
ours_stage2_fair,11,stage1_pref_005_ckpt_191,semantic_aware,episode_017,2,2028,68,Q2_user_action_during_critical_breach,high,DecoyHarakaSMPT,User3,User,Impact,Op_Server0,"[""Op_Server0""]","[""Op_Server0""]","[""Enterprise0"", ""Op_Server0"", ""User0"", ""User4""]","[""Enterprise0"", ""Op_Server0"", ""User0"", ""User4""]","{""blue_first_relevant_response_after_critical"": 17, ""blue_first_relevant_response_after_enterprise"": 10, ""enterprise_foothold_step"": 9, ""first_critical_hit_step"": 16, ""window_end"": null, ""window_start"": null}"
ours_stage2_fair,11,stage1_pref_005_ckpt_191,semantic_aware,episode_017,2,2028,80,Q2_user_action_during_critical_breach,high,DecoyVsftpd,User1,User,Impact,Op_Server0,"[""Op_Server0""]","[""Op_Server0""]","[""Enterprise0"", ""Op_Server0"", ""User0"", ""User4""]","[""Enterprise0"", ""Op_Server0"", ""User0"", ""User4""]","{""blue_first_relevant_response_after_critical"": 17, ""blue_first_relevant_response_after_enterprise"": 10, ""enterprise_foothold_step"": 9, ""first_critical_hit_step"": 16, ""window_end"": null, ""window_start"": null}"
ours_stage2_fair,11,stage1_pref_005_ckpt_191,semantic_aware,episode_017,3,3028,83,Q2_user_action_during_critical_breach,high,DecoySSHD,User3,User,Impact,Op_Server0,"[""Op_Server0""]","[""Op_Server0""]","[""Enterprise2"", ""Op_Server0"", ""User0"", ""User2""]","[""Enterprise2"", ""Op_Server0"", ""User0"", ""User2""]","{""blue_first_relevant_response_after_critical"": 36, ""blue_first_relevant_response_after_enterprise"": 6, ""enterprise_foothold_step"": 5, ""first_critical_hit_step"": 32, ""window_end"": null, ""window_start"": null}"
ours_stage2_fair,11,stage1_pref_005_ckpt_191,semantic_aware,episode_017,3,3028,91,Q2_user_action_during_critical_breach,high,DecoyHarakaSMPT,User3,User,Impact,Op_Server0,"[""Op_Server0""]","[""Op_Server0""]","[""Enterprise2"", ""Op_Server0"", ""User0"", ""User2""]","[""Enterprise2"", ""Op_Server0"", ""User0"", ""User2""]","{""blue_first_relevant_response_after_critical"": 36, ""blue_first_relevant_response_after_enterprise"": 6, ""enterprise_foothold_step"": 5, ""first_critical_hit_step"": 32, ""window_end"": null, ""window_start"": null}"
ours_stage2_fair,11,stage1_pref_005_ckpt_191,semantic_aware,episode_017,3,3028,32,Q3_missed_immediate_response_to_critical_hit,high,Analyse,Enterprise1,Enterprise,ExploitRemoteService,,[],"[""Op_Server0""]","[""Enterprise1"", ""Enterprise2"", ""User0"", ""User2""]","[""Enterprise1"", ""Enterprise2"", ""Op_Server0"", ""User0"", ""User2""]","{""blue_first_relevant_response_after_critical"": 36, ""blue_first_relevant_response_after_enterprise"": 6, ""enterprise_foothold_step"": 5, ""first_critical_hit_step"": 32, ""window_end"": 35, ""window_start"": 33}"
ours_stage2_fair,11,stage1_pref_005_ckpt_191,semantic_aware,episode_017,4,4028,25,Q2_user_action_during_critical_breach,high,Restore,User3,User,Impact,Op_Server0,"[""Op_Server0""]","[""Op_Server0""]","[""Enterprise2"", ""Op_Server0"", ""User0"", ""User1""]","[""Enterprise2"", ""Op_Server0"", ""User0"", ""User1""]","{""blue_first_relevant_response_after_critical"": 13, ""blue_first_relevant_response_after_enterprise"": 6, ""enterprise_foothold_step"": 5, ""first_critical_hit_step"": 12, ""window_end"": null, ""window_start"": null}"
ours_stage2_fair,11,stage1_pref_005_ckpt_191,semantic_aware,episode_017,4,4028,36,Q2_user_action_during_critical_breach,high,Restore,User3,User,Impact,Op_Server0,"[""Op_Server0""]","[""Op_Server0""]","[""Op_Server0"", ""User0"", ""User1""]","[""Op_Server0"", ""User0"", ""User1""]","{""blue_first_relevant_response_after_critical"": 13, ""blue_first_relevant_response_after_enterprise"": 6, ""enterprise_foothold_step"": 5, ""first_critical_hit_step"": 12, ""window_end"": null, ""window_start"": null}"
ours_stage2_fair,11,stage1_pref_005_ckpt_191,semantic_aware,episode_017,4,4028,41,Q2_user_action_during_critical_breach,high,DecoyVsftpd,User1,User,Impact,Op_Server0,"[""Op_Server0""]","[""Op_Server0""]","[""Op_Server0"", ""User0"", ""User1""]","[""Op_Server0"", ""User0"", ""User1""]","{""blue_first_relevant_response_after_critical"": 13, ""blue_first_relevant_response_after_enterprise"": 6, ""enterprise_foothold_step"": 5, ""first_critical_hit_step"": 12, ""window_end"": null, ""window_start"": null}"
ours_stage2_fair,11,stage1_pref_005_ckpt_191,semantic_aware,episode_017,4,4028,63,Q2_user_action_during_critical_breach,high,DecoyHarakaSMPT,User2,User,Impact,Op_Server0,"[""Op_Server0""]","[""Op_Server0""]","[""Enterprise2"", ""Op_Server0"", ""User0"", ""User1""]","[""Enterprise2"", ""Op_Server0"", ""User0"", ""User1""]","{""blue_first_relevant_response_after_critical"": 13, ""blue_first_relevant_response_after_enterprise"": 6, ""enterprise_foothold_step"": 5, ""first_critical_hit_step"": 12, ""window_end"": null, ""window_start"": null}"
ours_stage2_fair,11,stage1_pref_005_ckpt_191,semantic_aware,episode_017,4,4028,77,Q2_user_action_during_critical_breach,high,DecoyHarakaSMPT,User2,User,Impact,Op_Server0,"[""Op_Server0""]","[""Op_Server0""]","[""Enterprise2"", ""Op_Server0"", ""User0"", ""User1""]","[""Enterprise2"", ""Op_Server0"", ""User0"", ""User1""]","{""blue_first_relevant_response_after_critical"": 13, ""blue_first_relevant_response_after_enterprise"": 6, ""enterprise_foothold_step"": 5, ""first_critical_hit_step"": 12, ""window_end"": null, ""window_start"": null}"
ours_stage2_fair,11,stage1_pref_005_ckpt_191,semantic_aware,episode_017,4,4028,87,Q2_user_action_during_critical_breach,high,DecoyApache,User1,User,Impact,Op_Server0,"[""Op_Server0""]","[""Op_Server0""]","[""Enterprise2"", ""Op_Server0"", ""User0"", ""User1""]","[""Enterprise2"", ""Op_Server0"", ""User0"", ""User1""]","{""blue_first_relevant_response_after_critical"": 13, ""blue_first_relevant_response_after_enterprise"": 6, ""enterprise_foothold_step"": 5, ""first_critical_hit_step"": 12, ""window_end"": null, ""window_start"": null}"
ours_stage2_fair,11,stage1_pref_005_ckpt_191,semantic_aware,episode_017,5,5028,42,Q2_user_action_during_critical_breach,high,Analyse,User0,User,Impact,Op_Server0,"[""Op_Server0""]","[""Op_Server0""]","[""Enterprise0"", ""Op_Server0"", ""User0""]","[""Enterprise0"", ""Op_Server0"", ""User0""]","{""blue_first_relevant_response_after_critical"": 13, ""blue_first_relevant_response_after_enterprise"": 6, ""enterprise_foothold_step"": 5, ""first_critical_hit_step"": 12, ""window_end"": null, ""window_start"": null}"
ours_stage2_fair,11,stage1_pref_005_ckpt_191,semantic_aware,episode_017,5,5028,56,Q2_user_action_during_critical_breach,high,DecoyApache,User2,User,Impact,Op_Server0,"[""Op_Server0""]","[""Op_Server0""]","[""Enterprise0"", ""Op_Server0"", ""User0""]","[""Enterprise0"", ""Op_Server0"", ""User0""]","{""blue_first_relevant_response_after_critical"": 13, ""blue_first_relevant_response_after_enterprise"": 6, ""enterprise_foothold_step"": 5, ""first_critical_hit_step"": 12, ""window_end"": null, ""window_start"": null}"
ours_stage2_fair,11,stage1_pref_005_ckpt_191,semantic_aware,episode_017,5,5028,68,Q2_user_action_during_critical_breach,high,DecoyHarakaSMPT,User3,User,Impact,Op_Server0,"[""Op_Server0""]","[""Op_Server0""]","[""Enterprise0"", ""Op_Server0"", ""User0""]","[""Enterprise0"", ""Op_Server0"", ""User0""]","{""blue_first_relevant_response_after_critical"": 13, ""blue_first_relevant_response_after_enterprise"": 6, ""enterprise_foothold_step"": 5, ""first_critical_hit_step"": 12, ""window_end"": null, ""window_start"": null}"
ours_stage2_fair,11,stage1_pref_005_ckpt_191,semantic_aware,episode_017,5,5028,84,Q2_user_action_during_critical_breach,high,Restore,User3,User,Impact,Op_Server0,"[""Op_Server0""]","[""Op_Server0""]","[""Enterprise0"", ""Op_Server0"", ""User0""]","[""Enterprise0"", ""Op_Server0"", ""User0""]","{""blue_first_relevant_response_after_critical"": 13, ""blue_first_relevant_response_after_enterprise"": 6, ""enterprise_foothold_step"": 5, ""first_critical_hit_step"": 12, ""window_end"": null, ""window_start"": null}"
ours_stage2_fair,11,stage1_pref_005_ckpt_191,semantic_aware,episode_017,5,5028,94,Q2_user_action_during_critical_breach,high,Restore,User3,User,Impact,Op_Server0,"[""Op_Server0""]","[""Op_Server0""]","[""Enterprise0"", ""Op_Server0"", ""User0""]","[""Enterprise0"", ""Op_Server0"", ""User0""]","{""blue_first_relevant_response_after_critical"": 13, ""blue_first_relevant_response_after_enterprise"": 6, ""enterprise_foothold_step"": 5, ""first_critical_hit_step"": 12, ""window_end"": null, ""window_start"": null}"
ours_stage2_fair,11,stage1_pref_005_ckpt_191,semantic_aware,episode_017,6,6028,15,Q2_user_action_during_critical_breach,high,DecoyHarakaSMPT,User3,User,Impact,Op_Server0,"[""Op_Server0""]","[""Op_Server0""]","[""Enterprise0"", ""Enterprise2"", ""Op_Server0"", ""User0"", ""User3""]","[""Enterprise0"", ""Enterprise2"", ""Op_Server0"", ""User0"", ""User3""]","{""blue_first_relevant_response_after_critical"": 13, ""blue_first_relevant_response_after_enterprise"": 6, ""enterprise_foothold_step"": 5, ""first_critical_hit_step"": 12, ""window_end"": null, ""window_start"": null}"
ours_stage2_fair,11,stage1_pref_005_ckpt_191,semantic_aware,episode_017,6,6028,28,Q2_user_action_during_critical_breach,high,DecoyHarakaSMPT,User1,User,Impact,Op_Server0,"[""Op_Server0""]","[""Op_Server0""]","[""Enterprise0"", ""Enterprise2"", ""Op_Server0"", ""User0"", ""User3""]","[""Enterprise0"", ""Enterprise2"", ""Op_Server0"", ""User0"", ""User3""]","{""blue_first_relevant_response_after_critical"": 13, ""blue_first_relevant_response_after_enterprise"": 6, ""enterprise_foothold_step"": 5, ""first_critical_hit_step"": 12, ""window_end"": null, ""window_start"": null}"
ours_stage2_fair,11,stage1_pref_005_ckpt_191,semantic_aware,episode_017,6,6028,31,Q2_user_action_during_critical_breach,high,Restore,User3,User,Impact,Op_Server0,"[""Op_Server0""]","[""Op_Server0""]","[""Enterprise0"", ""Enterprise2"", ""Op_Server0"", ""User0"", ""User3""]","[""Enterprise0"", ""Enterprise2"", ""Op_Server0"", ""User0""]","{""blue_first_relevant_response_after_critical"": 13, ""blue_first_relevant_response_after_enterprise"": 6, ""enterprise_foothold_step"": 5, ""first_critical_hit_step"": 12, ""window_end"": null, ""window_start"": null}"
ours_stage2_fair,11,stage1_pref_005_ckpt_191,semantic_aware,episode_017,6,6028,48,Q2_user_action_during_critical_breach,high,DecoyHarakaSMPT,User1,User,Impact,Op_Server0,"[""Op_Server0""]","[""Op_Server0""]","[""Enterprise0"", ""Enterprise2"", ""Op_Server0"", ""User0""]","[""Enterprise0"", ""Enterprise2"", ""Op_Server0"", ""User0""]","{""blue_first_relevant_response_after_critical"": 13, ""blue_first_relevant_response_after_enterprise"": 6, ""enterprise_foothold_step"": 5, ""first_critical_hit_step"": 12, ""window_end"": null, ""window_start"": null}"
ours_stage2_fair,11,stage1_pref_005_ckpt_191,semantic_aware,episode_017,6,6028,56,Q2_user_action_during_critical_breach,high,Restore,User3,User,Impact,Op_Server0,"[""Op_Server0""]","[""Op_Server0""]","[""Enterprise0"", ""Enterprise2"", ""Op_Server0"", ""User0""]","[""Enterprise0"", ""Enterprise2"", ""Op_Server0"", ""User0""]","{""blue_first_relevant_response_after_critical"": 13, ""blue_first_relevant_response_after_enterprise"": 6, ""enterprise_foothold_step"": 5, ""first_critical_hit_step"": 12, ""window_end"": null, ""window_start"": null}"
ours_stage2_fair,11,stage1_pref_005_ckpt_191,semantic_aware,episode_017,6,6028,71,Q2_user_action_during_critical_breach,high,Restore,User3,User,PrivilegeEscalate,Op_Server0,"[""Op_Server0""]","[""Op_Server0""]","[""Enterprise0"", ""Op_Server0"", ""User0""]","[""Enterprise0"", ""Op_Server0"", ""User0""]","{""blue_first_relevant_response_after_critical"": 13, ""blue_first_relevant_response_after_enterprise"": 6, ""enterprise_foothold_step"": 5, ""first_critical_hit_step"": 12, ""window_end"": null, ""window_start"": null}"
ours_stage2_fair,11,stage1_pref_005_ckpt_191,semantic_aware,episode_017,6,6028,74,Q2_user_action_during_critical_breach,high,DecoyHarakaSMPT,User2,User,Impact,Op_Server0,"[""Op_Server0""]","[""Op_Server0""]","[""Enterprise0"", ""Op_Server0"", ""User0""]","[""Enterprise0"", ""Op_Server0"", ""User0""]","{""blue_first_relevant_response_after_critical"": 13, ""blue_first_relevant_response_after_enterprise"": 6, ""enterprise_foothold_step"": 5, ""first_critical_hit_step"": 12, ""window_end"": null, ""window_start"": null}"
ours_stage2_fair,11,stage1_pref_005_ckpt_191,semantic_aware,episode_017,7,7028,34,Q2_user_action_during_critical_breach,high,Restore,User3,User,Impact,Op_Server0,"[""Op_Server0""]","[""Op_Server0""]","[""Op_Server0"", ""User0"", ""User2""]","[""Op_Server0"", ""User0"", ""User2""]","{""blue_first_relevant_response_after_critical"": 13, ""blue_first_relevant_response_after_enterprise"": 6, ""enterprise_foothold_step"": 5, ""first_critical_hit_step"": 12, ""window_end"": null, ""window_start"": null}"
ours_stage2_fair,11,stage1_pref_005_ckpt_191,semantic_aware,episode_017,7,7028,36,Q2_user_action_during_critical_breach,high,Restore,User3,User,Impact,Op_Server0,"[""Op_Server0""]","[""Op_Server0""]","[""Op_Server0"", ""User0"", ""User2""]","[""Op_Server0"", ""User0"", ""User2""]","{""blue_first_relevant_response_after_critical"": 13, ""blue_first_relevant_response_after_enterprise"": 6, ""enterprise_foothold_step"": 5, ""first_critical_hit_step"": 12, ""window_end"": null, ""window_start"": null}"
ours_stage2_fair,11,stage1_pref_005_ckpt_191,semantic_aware,episode_017,7,7028,38,Q2_user_action_during_critical_breach,high,DecoyHarakaSMPT,User4,User,Impact,Op_Server0,"[""Op_Server0""]","[""Op_Server0""]","[""Op_Server0"", ""User0"", ""User2""]","[""Op_Server0"", ""User0"", ""User2""]","{""blue_first_relevant_response_after_critical"": 13, ""blue_first_relevant_response_after_enterprise"": 6, ""enterprise_foothold_step"": 5, ""first_critical_hit_step"": 12, ""window_end"": null, ""window_start"": null}"
ours_stage2_fair,11,stage1_pref_005_ckpt_191,semantic_aware,episode_017,7,7028,52,Q2_user_action_during_critical_breach,high,DecoyHarakaSMPT,User2,User,Impact,Op_Server0,"[""Op_Server0""]","[""Op_Server0""]","[""Enterprise2"", ""Op_Server0"", ""User0"", ""User2""]","[""Enterprise2"", ""Op_Server0"", ""User0"", ""User2""]","{""blue_first_relevant_response_after_critical"": 13, ""blue_first_relevant_response_after_enterprise"": 6, ""enterprise_foothold_step"": 5, ""first_critical_hit_step"": 12, ""window_end"": null, ""window_start"": null}"
ours_stage2_fair,11,stage1_pref_005_ckpt_191,semantic_aware,episode_017,7,7028,58,Q2_user_action_during_critical_breach,high,Restore,User3,User,Impact,Op_Server0,"[""Op_Server0""]","[""Op_Server0""]","[""Enterprise2"", ""Op_Server0"", ""User0"", ""User2""]","[""Enterprise2"", ""Op_Server0"", ""User0"", ""User2""]","{""blue_first_relevant_response_after_critical"": 13, ""blue_first_relevant_response_after_enterprise"": 6, ""enterprise_foothold_step"": 5, ""first_critical_hit_step"": 12, ""window_end"": null, ""window_start"": null}"
ours_stage2_fair,11,stage1_pref_005_ckpt_191,semantic_aware,episode_017,7,7028,72,Q2_user_action_during_critical_breach,high,Restore,User3,User,Impact,Op_Server0,"[""Op_Server0""]","[""Op_Server0""]","[""Enterprise2"", ""Op_Server0"", ""User0"", ""User2""]","[""Enterprise2"", ""Op_Server0"", ""User0"", ""User2""]","{""blue_first_relevant_response_after_critical"": 13, ""blue_first_relevant_response_after_enterprise"": 6, ""enterprise_foothold_step"": 5, ""first_critical_hit_step"": 12, ""window_end"": null, ""window_start"": null}"
ours_stage2_fair,11,stage1_pref_005_ckpt_191,semantic_aware,episode_017,7,7028,83,Q2_user_action_during_critical_breach,high,Restore,User3,User,Impact,Op_Server0,"[""Op_Server0""]","[""Op_Server0""]","[""Enterprise2"", ""Op_Server0"", ""User0"", ""User2""]","[""Enterprise2"", ""Op_Server0"", ""User0"", ""User2""]","{""blue_first_relevant_response_after_critical"": 13, ""blue_first_relevant_response_after_enterprise"": 6, ""enterprise_foothold_step"": 5, ""first_critical_hit_step"": 12, ""window_end"": null, ""window_start"": null}"
ours_stage2_fair,11,stage1_pref_005_ckpt_191,semantic_aware,episode_018,0,29,42,Q2_user_action_during_critical_breach,high,Restore,User3,User,Impact,Op_Server0,"[""Op_Server0""]","[""Op_Server0""]","[""Enterprise2"", ""Op_Server0"", ""User0"", ""User1""]","[""Enterprise2"", ""Op_Server0"", ""User0"", ""User1""]","{""blue_first_relevant_response_after_critical"": 31, ""blue_first_relevant_response_after_enterprise"": 6, ""enterprise_foothold_step"": 5, ""first_critical_hit_step"": 30, ""window_end"": null, ""window_start"": null}"
ours_stage2_fair,11,stage1_pref_005_ckpt_191,semantic_aware,episode_018,0,29,97,Q2_user_action_during_critical_breach,high,Restore,User3,User,Impact,Op_Server0,"[""Op_Server0""]","[""Op_Server0""]","[""Enterprise2"", ""Op_Server0"", ""User0"", ""User1""]","[""Enterprise2"", ""Op_Server0"", ""User0"", ""User1""]","{""blue_first_relevant_response_after_critical"": 31, ""blue_first_relevant_response_after_enterprise"": 6, ""enterprise_foothold_step"": 5, ""first_critical_hit_step"": 30, ""window_end"": null, ""window_start"": null}"
ours_stage2_fair,11,stage1_pref_005_ckpt_191,semantic_aware,episode_018,1,1029,13,Q2_user_action_during_critical_breach,high,Restore,User3,User,PrivilegeEscalate,Op_Server0,"[""Op_Server0""]","[""Op_Server0""]","[""Enterprise0"", ""Enterprise2"", ""Op_Server0"", ""User0"", ""User3""]","[""Enterprise0"", ""Enterprise2"", ""Op_Server0"", ""User0""]","{""blue_first_relevant_response_after_critical"": 14, ""blue_first_relevant_response_after_enterprise"": 7, ""enterprise_foothold_step"": 5, ""first_critical_hit_step"": 12, ""window_end"": null, ""window_start"": null}"
ours_stage2_fair,11,stage1_pref_005_ckpt_191,semantic_aware,episode_018,1,1029,21,Q2_user_action_during_critical_breach,high,Restore,User3,User,Impact,Op_Server0,"[""Op_Server0""]","[""Op_Server0""]","[""Enterprise0"", ""Enterprise2"", ""Op_Server0"", ""User0""]","[""Enterprise0"", ""Enterprise2"", ""Op_Server0"", ""User0""]","{""blue_first_relevant_response_after_critical"": 14, ""blue_first_relevant_response_after_enterprise"": 7, ""enterprise_foothold_step"": 5, ""first_critical_hit_step"": 12, ""window_end"": null, ""window_start"": null}"
ours_stage2_fair,11,stage1_pref_005_ckpt_191,semantic_aware,episode_018,1,1029,29,Q2_user_action_during_critical_breach,high,Restore,User3,User,Impact,Op_Server0,"[""Op_Server0""]","[""Op_Server0""]","[""Enterprise0"", ""Enterprise2"", ""Op_Server0"", ""User0""]","[""Enterprise0"", ""Enterprise2"", ""Op_Server0"", ""User0""]","{""blue_first_relevant_response_after_critical"": 14, ""blue_first_relevant_response_after_enterprise"": 7, ""enterprise_foothold_step"": 5, ""first_critical_hit_step"": 12, ""window_end"": null, ""window_start"": null}"
ours_stage2_fair,11,stage1_pref_005_ckpt_191,semantic_aware,episode_018,1,1029,32,Q2_user_action_during_critical_breach,high,DecoyHarakaSMPT,User3,User,Impact,Op_Server0,"[""Op_Server0""]","[""Op_Server0""]","[""Enterprise0"", ""Enterprise2"", ""Op_Server0"", ""User0""]","[""Enterprise0"", ""Enterprise2"", ""Op_Server0"", ""User0""]","{""blue_first_relevant_response_after_critical"": 14, ""blue_first_relevant_response_after_enterprise"": 7, ""enterprise_foothold_step"": 5, ""first_critical_hit_step"": 12, ""window_end"": null, ""window_start"": null}"
ours_stage2_fair,11,stage1_pref_005_ckpt_191,semantic_aware,episode_018,1,1029,33,Q2_user_action_during_critical_breach,high,Restore,User3,User,Impact,Op_Server0,"[""Op_Server0""]","[""Op_Server0""]","[""Enterprise0"", ""Enterprise2"", ""Op_Server0"", ""User0""]","[""Enterprise0"", ""Enterprise2"", ""Op_Server0"", ""User0""]","{""blue_first_relevant_response_after_critical"": 14, ""blue_first_relevant_response_after_enterprise"": 7, ""enterprise_foothold_step"": 5, ""first_critical_hit_step"": 12, ""window_end"": null, ""window_start"": null}"
ours_stage2_fair,11,stage1_pref_005_ckpt_191,semantic_aware,episode_018,1,1029,53,Q2_user_action_during_critical_breach,high,DecoyVsftpd,User1,User,PrivilegeEscalate,Op_Server0,"[""Op_Server0""]","[""Op_Server0""]","[""Enterprise0"", ""Enterprise2"", ""Op_Server0"", ""User0""]","[""Enterprise0"", ""Enterprise2"", ""Op_Server0"", ""User0""]","{""blue_first_relevant_response_after_critical"": 14, ""blue_first_relevant_response_after_enterprise"": 7, ""enterprise_foothold_step"": 5, ""first_critical_hit_step"": 12, ""window_end"": null, ""window_start"": null}"
ours_stage2_fair,11,stage1_pref_005_ckpt_191,semantic_aware,episode_018,1,1029,56,Q2_user_action_during_critical_breach,high,Restore,User3,User,Impact,Op_Server0,"[""Op_Server0""]","[""Op_Server0""]","[""Enterprise0"", ""Enterprise2"", ""Op_Server0"", ""User0""]","[""Enterprise0"", ""Enterprise2"", ""Op_Server0"", ""User0""]","{""blue_first_relevant_response_after_critical"": 14, ""blue_first_relevant_response_after_enterprise"": 7, ""enterprise_foothold_step"": 5, ""first_critical_hit_step"": 12, ""window_end"": null, ""window_start"": null}"
ours_stage2_fair,11,stage1_pref_005_ckpt_191,semantic_aware,episode_018,1,1029,58,Q2_user_action_during_critical_breach,high,Restore,User3,User,Impact,Op_Server0,"[""Op_Server0""]","[""Op_Server0""]","[""Enterprise0"", ""Enterprise2"", ""Op_Server0"", ""User0""]","[""Enterprise0"", ""Enterprise2"", ""Op_Server0"", ""User0""]","{""blue_first_relevant_response_after_critical"": 14, ""blue_first_relevant_response_after_enterprise"": 7, ""enterprise_foothold_step"": 5, ""first_critical_hit_step"": 12, ""window_end"": null, ""window_start"": null}"
ours_stage2_fair,11,stage1_pref_005_ckpt_191,semantic_aware,episode_018,1,1029,76,Q2_user_action_during_critical_breach,high,Restore,User3,User,Impact,Op_Server0,"[""Op_Server0""]","[""Op_Server0""]","[""Enterprise0"", ""Op_Server0"", ""User0""]","[""Enterprise0"", ""Op_Server0"", ""User0""]","{""blue_first_relevant_response_after_critical"": 14, ""blue_first_relevant_response_after_enterprise"": 7, ""enterprise_foothold_step"": 5, ""first_critical_hit_step"": 12, ""window_end"": null, ""window_start"": null}"
ours_stage2_fair,11,stage1_pref_005_ckpt_191,semantic_aware,episode_018,1,1029,79,Q2_user_action_during_critical_breach,high,DecoyHarakaSMPT,User3,User,Impact,Op_Server0,"[""Op_Server0""]","[""Op_Server0""]","[""Enterprise0"", ""Op_Server0"", ""User0""]","[""Enterprise0"", ""Op_Server0"", ""User0""]","{""blue_first_relevant_response_after_critical"": 14, ""blue_first_relevant_response_after_enterprise"": 7, ""enterprise_foothold_step"": 5, ""first_critical_hit_step"": 12, ""window_end"": null, ""window_start"": null}"
ours_stage2_fair,11,stage1_pref_005_ckpt_191,semantic_aware,episode_018,1,1029,84,Q2_user_action_during_critical_breach,high,Remove,User3,User,Impact,Op_Server0,"[""Op_Server0""]","[""Op_Server0""]","[""Enterprise0"", ""Op_Server0"", ""User0""]","[""Enterprise0"", ""Op_Server0"", ""User0""]","{""blue_first_relevant_response_after_critical"": 14, ""blue_first_relevant_response_after_enterprise"": 7, ""enterprise_foothold_step"": 5, ""first_critical_hit_step"": 12, ""window_end"": null, ""window_start"": null}"
ours_stage2_fair,11,stage1_pref_005_ckpt_191,semantic_aware,episode_018,1,1029,86,Q2_user_action_during_critical_breach,high,DecoyHarakaSMPT,User3,User,Impact,Op_Server0,"[""Op_Server0""]","[""Op_Server0""]","[""Enterprise0"", ""Op_Server0"", ""User0""]","[""Enterprise0"", ""Op_Server0"", ""User0""]","{""blue_first_relevant_response_after_critical"": 14, ""blue_first_relevant_response_after_enterprise"": 7, ""enterprise_foothold_step"": 5, ""first_critical_hit_step"": 12, ""window_end"": null, ""window_start"": null}"
ours_stage2_fair,11,stage1_pref_005_ckpt_191,semantic_aware,episode_018,2,2029,43,Q2_user_action_during_critical_breach,high,Restore,User3,User,Impact,Op_Server0,"[""Op_Server0""]","[""Op_Server0""]","[""Op_Server0"", ""User0"", ""User1""]","[""Op_Server0"", ""User0"", ""User1""]","{""blue_first_relevant_response_after_critical"": 13, ""blue_first_relevant_response_after_enterprise"": 6, ""enterprise_foothold_step"": 5, ""first_critical_hit_step"": 12, ""window_end"": null, ""window_start"": null}"
ours_stage2_fair,11,stage1_pref_005_ckpt_191,semantic_aware,episode_018,2,2029,76,Q2_user_action_during_critical_breach,high,DecoyVsftpd,User1,User,Impact,Op_Server0,"[""Op_Server0""]","[""Op_Server0""]","[""Op_Server0"", ""User0"", ""User1""]","[""Op_Server0"", ""User0"", ""User1""]","{""blue_first_relevant_response_after_critical"": 13, ""blue_first_relevant_response_after_enterprise"": 6, ""enterprise_foothold_step"": 5, ""first_critical_hit_step"": 12, ""window_end"": null, ""window_start"": null}"
ours_stage2_fair,11,stage1_pref_005_ckpt_191,semantic_aware,episode_018,2,2029,88,Q2_user_action_during_critical_breach,high,Analyse,User0,User,Impact,Op_Server0,"[""Op_Server0""]","[""Op_Server0""]","[""Op_Server0"", ""User0"", ""User1""]","[""Op_Server0"", ""User0"", ""User1""]","{""blue_first_relevant_response_after_critical"": 13, ""blue_first_relevant_response_after_enterprise"": 6, ""enterprise_foothold_step"": 5, ""first_critical_hit_step"": 12, ""window_end"": null, ""window_start"": null}"
ours_stage2_fair,11,stage1_pref_005_ckpt_191,semantic_aware,episode_018,3,3029,23,Q2_user_action_during_critical_breach,high,Analyse,User0,User,Impact,Op_Server0,"[""Op_Server0""]","[""Op_Server0""]","[""Op_Server0"", ""User0"", ""User1""]","[""Op_Server0"", ""User0"", ""User1""]","{""blue_first_relevant_response_after_critical"": 17, ""blue_first_relevant_response_after_enterprise"": 7, ""enterprise_foothold_step"": 5, ""first_critical_hit_step"": 16, ""window_end"": null, ""window_start"": null}"
ours_stage2_fair,11,stage1_pref_005_ckpt_191,semantic_aware,episode_018,3,3029,43,Q2_user_action_during_critical_breach,high,Restore,User3,User,Impact,Op_Server0,"[""Op_Server0""]","[""Op_Server0""]","[""Op_Server0"", ""User0"", ""User1""]","[""Op_Server0"", ""User0"", ""User1""]","{""blue_first_relevant_response_after_critical"": 17, ""blue_first_relevant_response_after_enterprise"": 7, ""enterprise_foothold_step"": 5, ""first_critical_hit_step"": 16, ""window_end"": null, ""window_start"": null}"
ours_stage2_fair,11,stage1_pref_005_ckpt_191,semantic_aware,episode_018,3,3029,54,Q2_user_action_during_critical_breach,high,Restore,User3,User,Impact,Op_Server0,"[""Op_Server0""]","[""Op_Server0""]","[""Op_Server0"", ""User0"", ""User1""]","[""Op_Server0"", ""User0"", ""User1""]","{""blue_first_relevant_response_after_critical"": 17, ""blue_first_relevant_response_after_enterprise"": 7, ""enterprise_foothold_step"": 5, ""first_critical_hit_step"": 16, ""window_end"": null, ""window_start"": null}"
ours_stage2_fair,11,stage1_pref_005_ckpt_191,semantic_aware,episode_018,3,3029,55,Q2_user_action_during_critical_breach,high,Analyse,User0,User,Impact,Op_Server0,"[""Op_Server0""]","[""Op_Server0""]","[""Op_Server0"", ""User0"", ""User1""]","[""Op_Server0"", ""User0"", ""User1""]","{""blue_first_relevant_response_after_critical"": 17, ""blue_first_relevant_response_after_enterprise"": 7, ""enterprise_foothold_step"": 5, ""first_critical_hit_step"": 16, ""window_end"": null, ""window_start"": null}"
ours_stage2_fair,11,stage1_pref_005_ckpt_191,semantic_aware,episode_018,3,3029,57,Q2_user_action_during_critical_breach,high,Restore,User3,User,Impact,Op_Server0,"[""Op_Server0""]","[""Op_Server0""]","[""Op_Server0"", ""User0"", ""User1""]","[""Op_Server0"", ""User0"", ""User1""]","{""blue_first_relevant_response_after_critical"": 17, ""blue_first_relevant_response_after_enterprise"": 7, ""enterprise_foothold_step"": 5, ""first_critical_hit_step"": 16, ""window_end"": null, ""window_start"": null}"
ours_stage2_fair,11,stage1_pref_005_ckpt_191,semantic_aware,episode_018,3,3029,68,Q2_user_action_during_critical_breach,high,DecoyVsftpd,User1,User,Impact,Op_Server0,"[""Op_Server0""]","[""Op_Server0""]","[""Op_Server0"", ""User0"", ""User1""]","[""Op_Server0"", ""User0"", ""User1""]","{""blue_first_relevant_response_after_critical"": 17, ""blue_first_relevant_response_after_enterprise"": 7, ""enterprise_foothold_step"": 5, ""first_critical_hit_step"": 16, ""window_end"": null, ""window_start"": null}"
ours_stage2_fair,11,stage1_pref_005_ckpt_191,semantic_aware,episode_018,3,3029,78,Q2_user_action_during_critical_breach,high,Restore,User3,User,Impact,Op_Server0,"[""Op_Server0""]","[""Op_Server0""]","[""Op_Server0"", ""User0"", ""User1""]","[""Op_Server0"", ""User0"", ""User1""]","{""blue_first_relevant_response_after_critical"": 17, ""blue_first_relevant_response_after_enterprise"": 7, ""enterprise_foothold_step"": 5, ""first_critical_hit_step"": 16, ""window_end"": null, ""window_start"": null}"
ours_stage2_fair,11,stage1_pref_005_ckpt_191,semantic_aware,episode_018,4,4029,14,Q2_user_action_during_critical_breach,high,Restore,User3,User,Impact,Op_Server0,"[""Op_Server0""]","[""Op_Server0""]","[""Enterprise0"", ""Enterprise2"", ""Op_Server0"", ""User0"", ""User3""]","[""Enterprise0"", ""Enterprise2"", ""Op_Server0"", ""User0""]","{""blue_first_relevant_response_after_critical"": 13, ""blue_first_relevant_response_after_enterprise"": 6, ""enterprise_foothold_step"": 5, ""first_critical_hit_step"": 12, ""window_end"": null, ""window_start"": null}"
ours_stage2_fair,11,stage1_pref_005_ckpt_191,semantic_aware,episode_018,4,4029,35,Q2_user_action_during_critical_breach,high,DecoyHarakaSMPT,User3,User,Impact,Op_Server0,"[""Op_Server0""]","[""Op_Server0""]","[""Enterprise0"", ""Enterprise2"", ""Op_Server0"", ""User0""]","[""Enterprise0"", ""Enterprise2"", ""Op_Server0"", ""User0""]","{""blue_first_relevant_response_after_critical"": 13, ""blue_first_relevant_response_after_enterprise"": 6, ""enterprise_foothold_step"": 5, ""first_critical_hit_step"": 12, ""window_end"": null, ""window_start"": null}"
ours_stage2_fair,11,stage1_pref_005_ckpt_191,semantic_aware,episode_018,4,4029,39,Q2_user_action_during_critical_breach,high,Analyse,User1,User,Impact,Op_Server0,"[""Op_Server0""]","[""Op_Server0""]","[""Enterprise0"", ""Enterprise2"", ""Op_Server0"", ""User0""]","[""Enterprise0"", ""Enterprise2"", ""Op_Server0"", ""User0""]","{""blue_first_relevant_response_after_critical"": 13, ""blue_first_relevant_response_after_enterprise"": 6, ""enterprise_foothold_step"": 5, ""first_critical_hit_step"": 12, ""window_end"": null, ""window_start"": null}"
ours_stage2_fair,11,stage1_pref_005_ckpt_191,semantic_aware,episode_018,4,4029,40,Q2_user_action_during_critical_breach,high,Analyse,User0,User,Impact,Op_Server0,"[""Op_Server0""]","[""Op_Server0""]","[""Enterprise0"", ""Enterprise2"", ""Op_Server0"", ""User0""]","[""Enterprise0"", ""Enterprise2"", ""Op_Server0"", ""User0""]","{""blue_first_relevant_response_after_critical"": 13, ""blue_first_relevant_response_after_enterprise"": 6, ""enterprise_foothold_step"": 5, ""first_critical_hit_step"": 12, ""window_end"": null, ""window_start"": null}"
ours_stage2_fair,11,stage1_pref_005_ckpt_191,semantic_aware,episode_018,4,4029,70,Q2_user_action_during_critical_breach,high,DecoyHarakaSMPT,User1,User,Impact,Op_Server0,"[""Op_Server0""]","[""Op_Server0""]","[""Enterprise0"", ""Enterprise2"", ""Op_Server0"", ""User0""]","[""Enterprise0"", ""Enterprise2"", ""Op_Server0"", ""User0""]","{""blue_first_relevant_response_after_critical"": 13, ""blue_first_relevant_response_after_enterprise"": 6, ""enterprise_foothold_step"": 5, ""first_critical_hit_step"": 12, ""window_end"": null, ""window_start"": null}"
ours_stage2_fair,11,stage1_pref_005_ckpt_191,semantic_aware,episode_018,4,4029,87,Q2_user_action_during_critical_breach,high,DecoyHarakaSMPT,User3,User,Impact,Op_Server0,"[""Op_Server0""]","[""Op_Server0""]","[""Enterprise0"", ""Enterprise2"", ""Op_Server0"", ""User0""]","[""Enterprise0"", ""Enterprise2"", ""Op_Server0"", ""User0""]","{""blue_first_relevant_response_after_critical"": 13, ""blue_first_relevant_response_after_enterprise"": 6, ""enterprise_foothold_step"": 5, ""first_critical_hit_step"": 12, ""window_end"": null, ""window_start"": null}"
ours_stage2_fair,11,stage1_pref_005_ckpt_191,semantic_aware,episode_018,4,4029,88,Q2_user_action_during_critical_breach,high,Restore,User3,User,Impact,Op_Server0,"[""Op_Server0""]","[""Op_Server0""]","[""Enterprise0"", ""Enterprise2"", ""Op_Server0"", ""User0""]","[""Enterprise0"", ""Enterprise2"", ""Op_Server0"", ""User0""]","{""blue_first_relevant_response_after_critical"": 13, ""blue_first_relevant_response_after_enterprise"": 6, ""enterprise_foothold_step"": 5, ""first_critical_hit_step"": 12, ""window_end"": null, ""window_start"": null}"
ours_stage2_fair,11,stage1_pref_005_ckpt_191,semantic_aware,episode_018,5,5029,22,Q2_user_action_during_critical_breach,high,DecoyHarakaSMPT,User1,User,Impact,Op_Server0,"[""Op_Server0""]","[""Op_Server0""]","[""Enterprise0"", ""Enterprise2"", ""Op_Server0"", ""User0"", ""User3""]","[""Enterprise0"", ""Enterprise2"", ""Op_Server0"", ""User0"", ""User3""]","{""blue_first_relevant_response_after_critical"": 13, ""blue_first_relevant_response_after_enterprise"": 6, ""enterprise_foothold_step"": 5, ""first_critical_hit_step"": 12, ""window_end"": null, ""window_start"": null}"
ours_stage2_fair,11,stage1_pref_005_ckpt_191,semantic_aware,episode_018,5,5029,25,Q2_user_action_during_critical_breach,high,DecoyHarakaSMPT,User2,User,Impact,Op_Server0,"[""Op_Server0""]","[""Op_Server0""]","[""Enterprise0"", ""Enterprise2"", ""Op_Server0"", ""User0"", ""User3""]","[""Enterprise0"", ""Enterprise2"", ""Op_Server0"", ""User0"", ""User3""]","{""blue_first_relevant_response_after_critical"": 13, ""blue_first_relevant_response_after_enterprise"": 6, ""enterprise_foothold_step"": 5, ""first_critical_hit_step"": 12, ""window_end"": null, ""window_start"": null}"
ours_stage2_fair,11,stage1_pref_005_ckpt_191,semantic_aware,episode_018,5,5029,43,Q2_user_action_during_critical_breach,high,Restore,User0,User,Impact,Op_Server0,"[""Op_Server0""]","[""Op_Server0""]","[""Enterprise0"", ""Enterprise2"", ""Op_Server0"", ""User0"", ""User3""]","[""Enterprise0"", ""Enterprise2"", ""Op_Server0"", ""User0"", ""User3""]","{""blue_first_relevant_response_after_critical"": 13, ""blue_first_relevant_response_after_enterprise"": 6, ""enterprise_foothold_step"": 5, ""first_critical_hit_step"": 12, ""window_end"": null, ""window_start"": null}"
ours_stage2_fair,11,stage1_pref_005_ckpt_191,semantic_aware,episode_018,5,5029,74,Q2_user_action_during_critical_breach,high,Restore,User3,User,Impact,Op_Server0,"[""Op_Server0""]","[""Op_Server0""]","[""Enterprise0"", ""Enterprise2"", ""Op_Server0"", ""User0"", ""User3""]","[""Enterprise0"", ""Enterprise2"", ""Op_Server0"", ""User0""]","{""blue_first_relevant_response_after_critical"": 13, ""blue_first_relevant_response_after_enterprise"": 6, ""enterprise_foothold_step"": 5, ""first_critical_hit_step"": 12, ""window_end"": null, ""window_start"": null}"
ours_stage2_fair,11,stage1_pref_005_ckpt_191,semantic_aware,episode_018,5,5029,81,Q2_user_action_during_critical_breach,high,DecoyHarakaSMPT,User2,User,Impact,Op_Server0,"[""Op_Server0""]","[""Op_Server0""]","[""Enterprise0"", ""Enterprise2"", ""Op_Server0"", ""User0""]","[""Enterprise0"", ""Enterprise2"", ""Op_Server0"", ""User0""]","{""blue_first_relevant_response_after_critical"": 13, ""blue_first_relevant_response_after_enterprise"": 6, ""enterprise_foothold_step"": 5, ""first_critical_hit_step"": 12, ""window_end"": null, ""window_start"": null}"
ours_stage2_fair,11,stage1_pref_005_ckpt_191,semantic_aware,episode_018,5,5029,82,Q2_user_action_during_critical_breach,high,Analyse,User0,User,Impact,Op_Server0,"[""Op_Server0""]","[""Op_Server0""]","[""Enterprise0"", ""Enterprise2"", ""Op_Server0"", ""User0""]","[""Enterprise0"", ""Enterprise2"", ""Op_Server0"", ""User0""]","{""blue_first_relevant_response_after_critical"": 13, ""blue_first_relevant_response_after_enterprise"": 6, ""enterprise_foothold_step"": 5, ""first_critical_hit_step"": 12, ""window_end"": null, ""window_start"": null}"
ours_stage2_fair,11,stage1_pref_005_ckpt_191,semantic_aware,episode_018,5,5029,83,Q2_user_action_during_critical_breach,high,Restore,User3,User,Impact,Op_Server0,"[""Op_Server0""]","[""Op_Server0""]","[""Enterprise0"", ""Enterprise2"", ""Op_Server0"", ""User0""]","[""Enterprise0"", ""Enterprise2"", ""Op_Server0"", ""User0""]","{""blue_first_relevant_response_after_critical"": 13, ""blue_first_relevant_response_after_enterprise"": 6, ""enterprise_foothold_step"": 5, ""first_critical_hit_step"": 12, ""window_end"": null, ""window_start"": null}"
ours_stage2_fair,11,stage1_pref_005_ckpt_191,semantic_aware,episode_018,5,5029,96,Q2_user_action_during_critical_breach,high,DecoyHarakaSMPT,User3,User,Impact,Op_Server0,"[""Op_Server0""]","[""Op_Server0""]","[""Enterprise0"", ""Enterprise2"", ""Op_Server0"", ""User0""]","[""Enterprise0"", ""Enterprise2"", ""Op_Server0"", ""User0""]","{""blue_first_relevant_response_after_critical"": 13, ""blue_first_relevant_response_after_enterprise"": 6, ""enterprise_foothold_step"": 5, ""first_critical_hit_step"": 12, ""window_end"": null, ""window_start"": null}"
ours_stage2_fair,11,stage1_pref_005_ckpt_191,semantic_aware,episode_018,5,5029,81,Q4_user_focus_after_enterprise_foothold,medium,DecoyHarakaSMPT,User2,User,Impact,Op_Server0,"[""Op_Server0""]","[""Op_Server0""]","[""Enterprise0"", ""Enterprise2"", ""Op_Server0"", ""User0""]","[""Enterprise0"", ""Enterprise2"", ""Op_Server0"", ""User0""]","{""blue_first_relevant_response_after_critical"": 13, ""blue_first_relevant_response_after_enterprise"": 6, ""enterprise_foothold_step"": 5, ""first_critical_hit_step"": 12, ""window_end"": 83, ""window_start"": 81}"
ours_stage2_fair,11,stage1_pref_005_ckpt_191,semantic_aware,episode_018,6,6029,13,Q2_user_action_during_critical_breach,high,Analyse,User0,User,PrivilegeEscalate,Op_Server0,"[""Op_Server0""]","[""Op_Server0""]","[""Enterprise0"", ""Enterprise2"", ""Op_Server0"", ""User0""]","[""Enterprise0"", ""Enterprise2"", ""Op_Server0"", ""User0""]","{""blue_first_relevant_response_after_critical"": 14, ""blue_first_relevant_response_after_enterprise"": 6, ""enterprise_foothold_step"": 5, ""first_critical_hit_step"": 12, ""window_end"": null, ""window_start"": null}"
ours_stage2_fair,11,stage1_pref_005_ckpt_191,semantic_aware,episode_018,6,6029,29,Q2_user_action_during_critical_breach,high,Analyse,User0,User,Impact,Op_Server0,"[""Op_Server0""]","[""Op_Server0""]","[""Enterprise0"", ""Op_Server0"", ""User0""]","[""Enterprise0"", ""Op_Server0"", ""User0""]","{""blue_first_relevant_response_after_critical"": 14, ""blue_first_relevant_response_after_enterprise"": 6, ""enterprise_foothold_step"": 5, ""first_critical_hit_step"": 12, ""window_end"": null, ""window_start"": null}"
ours_stage2_fair,11,stage1_pref_005_ckpt_191,semantic_aware,episode_018,6,6029,43,Q2_user_action_during_critical_breach,high,DecoyHarakaSMPT,User1,User,Impact,Op_Server0,"[""Op_Server0""]","[""Op_Server0""]","[""Enterprise0"", ""Op_Server0"", ""User0""]","[""Enterprise0"", ""Op_Server0"", ""User0""]","{""blue_first_relevant_response_after_critical"": 14, ""blue_first_relevant_response_after_enterprise"": 6, ""enterprise_foothold_step"": 5, ""first_critical_hit_step"": 12, ""window_end"": null, ""window_start"": null}"
ours_stage2_fair,11,stage1_pref_005_ckpt_191,semantic_aware,episode_018,6,6029,49,Q2_user_action_during_critical_breach,high,Analyse,User0,User,Impact,Op_Server0,"[""Op_Server0""]","[""Op_Server0""]","[""Enterprise0"", ""Op_Server0"", ""User0""]","[""Enterprise0"", ""Op_Server0"", ""User0""]","{""blue_first_relevant_response_after_critical"": 14, ""blue_first_relevant_response_after_enterprise"": 6, ""enterprise_foothold_step"": 5, ""first_critical_hit_step"": 12, ""window_end"": null, ""window_start"": null}"
ours_stage2_fair,11,stage1_pref_005_ckpt_191,semantic_aware,episode_018,6,6029,54,Q2_user_action_during_critical_breach,high,Restore,User3,User,Impact,Op_Server0,"[""Op_Server0""]","[""Op_Server0""]","[""Enterprise0"", ""Op_Server0"", ""User0""]","[""Enterprise0"", ""Op_Server0"", ""User0""]","{""blue_first_relevant_response_after_critical"": 14, ""blue_first_relevant_response_after_enterprise"": 6, ""enterprise_foothold_step"": 5, ""first_critical_hit_step"": 12, ""window_end"": null, ""window_start"": null}"
ours_stage2_fair,11,stage1_pref_005_ckpt_191,semantic_aware,episode_018,6,6029,62,Q2_user_action_during_critical_breach,high,Restore,User3,User,Impact,Op_Server0,"[""Op_Server0""]","[""Op_Server0""]","[""Enterprise0"", ""Op_Server0"", ""User0""]","[""Enterprise0"", ""Op_Server0"", ""User0""]","{""blue_first_relevant_response_after_critical"": 14, ""blue_first_relevant_response_after_enterprise"": 6, ""enterprise_foothold_step"": 5, ""first_critical_hit_step"": 12, ""window_end"": null, ""window_start"": null}"
ours_stage2_fair,11,stage1_pref_005_ckpt_191,semantic_aware,episode_018,6,6029,65,Q2_user_action_during_critical_breach,high,Restore,User3,User,Impact,Op_Server0,"[""Op_Server0""]","[""Op_Server0""]","[""Enterprise0"", ""Op_Server0"", ""User0""]","[""Enterprise0"", ""Op_Server0"", ""User0""]","{""blue_first_relevant_response_after_critical"": 14, ""blue_first_relevant_response_after_enterprise"": 6, ""enterprise_foothold_step"": 5, ""first_critical_hit_step"": 12, ""window_end"": null, ""window_start"": null}"
ours_stage2_fair,11,stage1_pref_005_ckpt_191,semantic_aware,episode_018,6,6029,69,Q2_user_action_during_critical_breach,high,DecoyHarakaSMPT,User3,User,Impact,Op_Server0,"[""Op_Server0""]","[""Op_Server0""]","[""Enterprise0"", ""Op_Server0"", ""User0""]","[""Enterprise0"", ""Op_Server0"", ""User0""]","{""blue_first_relevant_response_after_critical"": 14, ""blue_first_relevant_response_after_enterprise"": 6, ""enterprise_foothold_step"": 5, ""first_critical_hit_step"": 12, ""window_end"": null, ""window_start"": null}"
ours_stage2_fair,11,stage1_pref_005_ckpt_191,semantic_aware,episode_018,6,6029,95,Q2_user_action_during_critical_breach,high,DecoyVsftpd,User1,User,Impact,Op_Server0,"[""Op_Server0""]","[""Op_Server0""]","[""Enterprise0"", ""Op_Server0"", ""User0""]","[""Enterprise0"", ""Op_Server0"", ""User0""]","{""blue_first_relevant_response_after_critical"": 14, ""blue_first_relevant_response_after_enterprise"": 6, ""enterprise_foothold_step"": 5, ""first_critical_hit_step"": 12, ""window_end"": null, ""window_start"": null}"
ours_stage2_fair,11,stage1_pref_005_ckpt_191,semantic_aware,episode_018,6,6029,99,Q2_user_action_during_critical_breach,high,Restore,User3,User,Impact,Op_Server0,"[""Op_Server0""]","[""Op_Server0""]","[""Enterprise0"", ""Op_Server0"", ""User0""]","[""Enterprise0"", ""Op_Server0"", ""User0""]","{""blue_first_relevant_response_after_critical"": 14, ""blue_first_relevant_response_after_enterprise"": 6, ""enterprise_foothold_step"": 5, ""first_critical_hit_step"": 12, ""window_end"": null, ""window_start"": null}"
ours_stage2_fair,11,stage1_pref_005_ckpt_191,semantic_aware,episode_018,7,7029,16,Q2_user_action_during_critical_breach,high,DecoyHarakaSMPT,User3,User,Impact,Op_Server0,"[""Op_Server0""]","[""Op_Server0""]","[""Enterprise2"", ""Op_Server0"", ""User0"", ""User2""]","[""Enterprise2"", ""Op_Server0"", ""User0"", ""User2""]","{""blue_first_relevant_response_after_critical"": 15, ""blue_first_relevant_response_after_enterprise"": 6, ""enterprise_foothold_step"": 5, ""first_critical_hit_step"": 14, ""window_end"": null, ""window_start"": null}"
ours_stage2_fair,11,stage1_pref_005_ckpt_191,semantic_aware,episode_018,7,7029,42,Q2_user_action_during_critical_breach,high,Restore,User4,User,Impact,Op_Server0,"[""Op_Server0""]","[""Op_Server0""]","[""Op_Server0"", ""User0"", ""User2""]","[""Op_Server0"", ""User0"", ""User2""]","{""blue_first_relevant_response_after_critical"": 15, ""blue_first_relevant_response_after_enterprise"": 6, ""enterprise_foothold_step"": 5, ""first_critical_hit_step"": 14, ""window_end"": null, ""window_start"": null}"
ours_stage2_fair,11,stage1_pref_005_ckpt_191,semantic_aware,episode_018,7,7029,44,Q2_user_action_during_critical_breach,high,DecoyHarakaSMPT,User3,User,Impact,Op_Server0,"[""Op_Server0""]","[""Op_Server0""]","[""Op_Server0"", ""User0"", ""User2""]","[""Op_Server0"", ""User0"", ""User2""]","{""blue_first_relevant_response_after_critical"": 15, ""blue_first_relevant_response_after_enterprise"": 6, ""enterprise_foothold_step"": 5, ""first_critical_hit_step"": 14, ""window_end"": null, ""window_start"": null}"
ours_stage2_fair,11,stage1_pref_005_ckpt_191,semantic_aware,episode_018,7,7029,58,Q2_user_action_during_critical_breach,high,DecoyHarakaSMPT,User3,User,Impact,Op_Server0,"[""Op_Server0""]","[""Op_Server0""]","[""Op_Server0"", ""User0"", ""User2""]","[""Op_Server0"", ""User0"", ""User2""]","{""blue_first_relevant_response_after_critical"": 15, ""blue_first_relevant_response_after_enterprise"": 6, ""enterprise_foothold_step"": 5, ""first_critical_hit_step"": 14, ""window_end"": null, ""window_start"": null}"
ours_stage2_fair,11,stage1_pref_005_ckpt_191,semantic_aware,episode_018,7,7029,63,Q2_user_action_during_critical_breach,high,Restore,User3,User,Impact,Op_Server0,"[""Op_Server0""]","[""Op_Server0""]","[""Op_Server0"", ""User0"", ""User2""]","[""Op_Server0"", ""User0"", ""User2""]","{""blue_first_relevant_response_after_critical"": 15, ""blue_first_relevant_response_after_enterprise"": 6, ""enterprise_foothold_step"": 5, ""first_critical_hit_step"": 14, ""window_end"": null, ""window_start"": null}"
ours_stage2_fair,11,stage1_pref_005_ckpt_191,semantic_aware,episode_018,7,7029,66,Q2_user_action_during_critical_breach,high,Restore,User3,User,Impact,Op_Server0,"[""Op_Server0""]","[""Op_Server0""]","[""Op_Server0"", ""User0"", ""User2""]","[""Op_Server0"", ""User0"", ""User2""]","{""blue_first_relevant_response_after_critical"": 15, ""blue_first_relevant_response_after_enterprise"": 6, ""enterprise_foothold_step"": 5, ""first_critical_hit_step"": 14, ""window_end"": null, ""window_start"": null}"
ours_stage2_fair,11,stage1_pref_005_ckpt_191,semantic_aware,episode_018,7,7029,68,Q2_user_action_during_critical_breach,high,DecoyHarakaSMPT,User2,User,Impact,Op_Server0,"[""Op_Server0""]","[""Op_Server0""]","[""Op_Server0"", ""User0"", ""User2""]","[""Op_Server0"", ""User0"", ""User2""]","{""blue_first_relevant_response_after_critical"": 15, ""blue_first_relevant_response_after_enterprise"": 6, ""enterprise_foothold_step"": 5, ""first_critical_hit_step"": 14, ""window_end"": null, ""window_start"": null}"
ours_stage2_fair,11,stage1_pref_005_ckpt_191,semantic_aware,episode_018,7,7029,78,Q2_user_action_during_critical_breach,high,Restore,User3,User,Impact,Op_Server0,"[""Op_Server0""]","[""Op_Server0""]","[""Op_Server0"", ""User0"", ""User2""]","[""Op_Server0"", ""User0"", ""User2""]","{""blue_first_relevant_response_after_critical"": 15, ""blue_first_relevant_response_after_enterprise"": 6, ""enterprise_foothold_step"": 5, ""first_critical_hit_step"": 14, ""window_end"": null, ""window_start"": null}"
ours_stage2_fair,11,stage1_pref_005_ckpt_191,semantic_aware,episode_019,0,30,19,Q2_user_action_during_critical_breach,high,DecoyHarakaSMPT,User2,User,Impact,Op_Server0,"[""Op_Server0""]","[""Op_Server0""]","[""Op_Server0"", ""User0"", ""User1""]","[""Op_Server0"", ""User0"", ""User1""]","{""blue_first_relevant_response_after_critical"": 13, ""blue_first_relevant_response_after_enterprise"": 6, ""enterprise_foothold_step"": 5, ""first_critical_hit_step"": 12, ""window_end"": null, ""window_start"": null}"
ours_stage2_fair,11,stage1_pref_005_ckpt_191,semantic_aware,episode_019,0,30,21,Q2_user_action_during_critical_breach,high,Analyse,User0,User,Impact,Op_Server0,"[""Op_Server0""]","[""Op_Server0""]","[""Op_Server0"", ""User0"", ""User1""]","[""Op_Server0"", ""User0"", ""User1""]","{""blue_first_relevant_response_after_critical"": 13, ""blue_first_relevant_response_after_enterprise"": 6, ""enterprise_foothold_step"": 5, ""first_critical_hit_step"": 12, ""window_end"": null, ""window_start"": null}"
ours_stage2_fair,11,stage1_pref_005_ckpt_191,semantic_aware,episode_019,0,30,23,Q2_user_action_during_critical_breach,high,Restore,User4,User,Impact,Op_Server0,"[""Op_Server0""]","[""Op_Server0""]","[""Op_Server0"", ""User0"", ""User1""]","[""Op_Server0"", ""User0"", ""User1""]","{""blue_first_relevant_response_after_critical"": 13, ""blue_first_relevant_response_after_enterprise"": 6, ""enterprise_foothold_step"": 5, ""first_critical_hit_step"": 12, ""window_end"": null, ""window_start"": null}"
ours_stage2_fair,11,stage1_pref_005_ckpt_191,semantic_aware,episode_019,0,30,26,Q2_user_action_during_critical_breach,high,DecoyVsftpd,User1,User,Impact,Op_Server0,"[""Op_Server0""]","[""Op_Server0""]","[""Op_Server0"", ""User0"", ""User1""]","[""Op_Server0"", ""User0"", ""User1""]","{""blue_first_relevant_response_after_critical"": 13, ""blue_first_relevant_response_after_enterprise"": 6, ""enterprise_foothold_step"": 5, ""first_critical_hit_step"": 12, ""window_end"": null, ""window_start"": null}"
ours_stage2_fair,11,stage1_pref_005_ckpt_191,semantic_aware,episode_019,0,30,90,Q2_user_action_during_critical_breach,high,DecoyHarakaSMPT,User3,User,Impact,Op_Server0,"[""Op_Server0""]","[""Op_Server0""]","[""Op_Server0"", ""User0"", ""User1""]","[""Op_Server0"", ""User0"", ""User1""]","{""blue_first_relevant_response_after_critical"": 13, ""blue_first_relevant_response_after_enterprise"": 6, ""enterprise_foothold_step"": 5, ""first_critical_hit_step"": 12, ""window_end"": null, ""window_start"": null}"
ours_stage2_fair,11,stage1_pref_005_ckpt_191,semantic_aware,episode_019,1,1030,36,Q2_user_action_during_critical_breach,high,Restore,User0,User,Impact,Op_Server0,"[""Op_Server0""]","[""Op_Server0""]","[""Enterprise2"", ""Op_Server0"", ""User0"", ""User1""]","[""Enterprise2"", ""Op_Server0"", ""User0"", ""User1""]","{""blue_first_relevant_response_after_critical"": 13, ""blue_first_relevant_response_after_enterprise"": 7, ""enterprise_foothold_step"": 5, ""first_critical_hit_step"": 12, ""window_end"": null, ""window_start"": null}"
ours_stage2_fair,11,stage1_pref_005_ckpt_191,semantic_aware,episode_019,1,1030,62,Q2_user_action_during_critical_breach,high,Restore,User3,User,Impact,Op_Server0,"[""Op_Server0""]","[""Op_Server0""]","[""Op_Server0"", ""User0"", ""User1""]","[""Op_Server0"", ""User0"", ""User1""]","{""blue_first_relevant_response_after_critical"": 13, ""blue_first_relevant_response_after_enterprise"": 7, ""enterprise_foothold_step"": 5, ""first_critical_hit_step"": 12, ""window_end"": null, ""window_start"": null}"
ours_stage2_fair,11,stage1_pref_005_ckpt_191,semantic_aware,episode_019,1,1030,66,Q2_user_action_during_critical_breach,high,DecoyHarakaSMPT,User3,User,Impact,Op_Server0,"[""Op_Server0""]","[""Op_Server0""]","[""Op_Server0"", ""User0"", ""User1""]","[""Op_Server0"", ""User0"", ""User1""]","{""blue_first_relevant_response_after_critical"": 13, ""blue_first_relevant_response_after_enterprise"": 7, ""enterprise_foothold_step"": 5, ""first_critical_hit_step"": 12, ""window_end"": null, ""window_start"": null}"
ours_stage2_fair,11,stage1_pref_005_ckpt_191,semantic_aware,episode_019,1,1030,73,Q2_user_action_during_critical_breach,high,DecoyHarakaSMPT,User2,User,Impact,Op_Server0,"[""Op_Server0""]","[""Op_Server0""]","[""Op_Server0"", ""User0"", ""User1""]","[""Op_Server0"", ""User0"", ""User1""]","{""blue_first_relevant_response_after_critical"": 13, ""blue_first_relevant_response_after_enterprise"": 7, ""enterprise_foothold_step"": 5, ""first_critical_hit_step"": 12, ""window_end"": null, ""window_start"": null}"
ours_stage2_fair,11,stage1_pref_005_ckpt_191,semantic_aware,episode_019,2,2030,18,Q2_user_action_during_critical_breach,high,Restore,User3,User,Impact,Op_Server0,"[""Op_Server0""]","[""Op_Server0""]","[""Enterprise0"", ""Enterprise2"", ""Op_Server0"", ""User0"", ""User4""]","[""Enterprise0"", ""Enterprise2"", ""Op_Server0"", ""User0"", ""User4""]","{""blue_first_relevant_response_after_critical"": 17, ""blue_first_relevant_response_after_enterprise"": 7, ""enterprise_foothold_step"": 5, ""first_critical_hit_step"": 16, ""window_end"": null, ""window_start"": null}"
ours_stage2_fair,11,stage1_pref_005_ckpt_191,semantic_aware,episode_019,2,2030,20,Q2_user_action_during_critical_breach,high,Restore,User3,User,Impact,Op_Server0,"[""Op_Server0""]","[""Op_Server0""]","[""Enterprise0"", ""Enterprise2"", ""Op_Server0"", ""User0"", ""User4""]","[""Enterprise0"", ""Enterprise2"", ""Op_Server0"", ""User0"", ""User4""]","{""blue_first_relevant_response_after_critical"": 17, ""blue_first_relevant_response_after_enterprise"": 7, ""enterprise_foothold_step"": 5, ""first_critical_hit_step"": 16, ""window_end"": null, ""window_start"": null}"
ours_stage2_fair,11,stage1_pref_005_ckpt_191,semantic_aware,episode_019,2,2030,54,Q2_user_action_during_critical_breach,high,DecoyHarakaSMPT,User3,User,Impact,Op_Server0,"[""Op_Server0""]","[""Op_Server0""]","[""Enterprise0"", ""Op_Server0"", ""User0"", ""User4""]","[""Enterprise0"", ""Op_Server0"", ""User0"", ""User4""]","{""blue_first_relevant_response_after_critical"": 17, ""blue_first_relevant_response_after_enterprise"": 7, ""enterprise_foothold_step"": 5, ""first_critical_hit_step"": 16, ""window_end"": null, ""window_start"": null}"
ours_stage2_fair,11,stage1_pref_005_ckpt_191,semantic_aware,episode_019,2,2030,60,Q2_user_action_during_critical_breach,high,DecoyHarakaSMPT,User3,User,Impact,Op_Server0,"[""Op_Server0""]","[""Op_Server0""]","[""Enterprise0"", ""Op_Server0"", ""User0"", ""User4""]","[""Enterprise0"", ""Op_Server0"", ""User0"", ""User4""]","{""blue_first_relevant_response_after_critical"": 17, ""blue_first_relevant_response_after_enterprise"": 7, ""enterprise_foothold_step"": 5, ""first_critical_hit_step"": 16, ""window_end"": null, ""window_start"": null}"
ours_stage2_fair,11,stage1_pref_005_ckpt_191,semantic_aware,episode_019,2,2030,68,Q2_user_action_during_critical_breach,high,Restore,User3,User,Impact,Op_Server0,"[""Op_Server0""]","[""Op_Server0""]","[""Enterprise0"", ""Op_Server0"", ""User0"", ""User4""]","[""Enterprise0"", ""Op_Server0"", ""User0"", ""User4""]","{""blue_first_relevant_response_after_critical"": 17, ""blue_first_relevant_response_after_enterprise"": 7, ""enterprise_foothold_step"": 5, ""first_critical_hit_step"": 16, ""window_end"": null, ""window_start"": null}"
ours_stage2_fair,11,stage1_pref_005_ckpt_191,semantic_aware,episode_019,2,2030,72,Q2_user_action_during_critical_breach,high,Analyse,User0,User,Impact,Op_Server0,"[""Op_Server0""]","[""Op_Server0""]","[""Enterprise0"", ""Op_Server0"", ""User0"", ""User4""]","[""Enterprise0"", ""Op_Server0"", ""User0"", ""User4""]","{""blue_first_relevant_response_after_critical"": 17, ""blue_first_relevant_response_after_enterprise"": 7, ""enterprise_foothold_step"": 5, ""first_critical_hit_step"": 16, ""window_end"": null, ""window_start"": null}"
ours_stage2_fair,11,stage1_pref_005_ckpt_191,semantic_aware,episode_019,2,2030,80,Q2_user_action_during_critical_breach,high,DecoySSHD,User3,User,Impact,Op_Server0,"[""Op_Server0""]","[""Op_Server0""]","[""Enterprise0"", ""Op_Server0"", ""User0"", ""User4""]","[""Enterprise0"", ""Op_Server0"", ""User0"", ""User4""]","{""blue_first_relevant_response_after_critical"": 17, ""blue_first_relevant_response_after_enterprise"": 7, ""enterprise_foothold_step"": 5, ""first_critical_hit_step"": 16, ""window_end"": null, ""window_start"": null}"
ours_stage2_fair,11,stage1_pref_005_ckpt_191,semantic_aware,episode_019,2,2030,85,Q2_user_action_during_critical_breach,high,Restore,User3,User,Impact,Op_Server0,"[""Op_Server0""]","[""Op_Server0""]","[""Enterprise0"", ""Op_Server0"", ""User0"", ""User4""]","[""Enterprise0"", ""Op_Server0"", ""User0"", ""User4""]","{""blue_first_relevant_response_after_critical"": 17, ""blue_first_relevant_response_after_enterprise"": 7, ""enterprise_foothold_step"": 5, ""first_critical_hit_step"": 16, ""window_end"": null, ""window_start"": null}"
ours_stage2_fair,11,stage1_pref_005_ckpt_191,semantic_aware,episode_019,3,3030,18,Q2_user_action_during_critical_breach,high,DecoyHarakaSMPT,User3,User,Impact,Op_Server0,"[""Op_Server0""]","[""Op_Server0""]","[""Enterprise0"", ""Enterprise2"", ""Op_Server0"", ""User0"", ""User4""]","[""Enterprise0"", ""Enterprise2"", ""Op_Server0"", ""User0"", ""User4""]","{""blue_first_relevant_response_after_critical"": 13, ""blue_first_relevant_response_after_enterprise"": 6, ""enterprise_foothold_step"": 5, ""first_critical_hit_step"": 12, ""window_end"": null, ""window_start"": null}"
ours_stage2_fair,11,stage1_pref_005_ckpt_191,semantic_aware,episode_019,3,3030,24,Q2_user_action_during_critical_breach,high,Restore,User3,User,Impact,Op_Server0,"[""Op_Server0""]","[""Op_Server0""]","[""Enterprise0"", ""Enterprise2"", ""Op_Server0"", ""User0"", ""User4""]","[""Enterprise0"", ""Enterprise2"", ""Op_Server0"", ""User0"", ""User4""]","{""blue_first_relevant_response_after_critical"": 13, ""blue_first_relevant_response_after_enterprise"": 6, ""enterprise_foothold_step"": 5, ""first_critical_hit_step"": 12, ""window_end"": null, ""window_start"": null}"
ours_stage2_fair,11,stage1_pref_005_ckpt_191,semantic_aware,episode_019,3,3030,32,Q2_user_action_during_critical_breach,high,Restore,User3,User,Impact,Op_Server0,"[""Op_Server0""]","[""Op_Server0""]","[""Enterprise0"", ""Enterprise2"", ""Op_Server0"", ""User0"", ""User4""]","[""Enterprise0"", ""Enterprise2"", ""Op_Server0"", ""User0"", ""User4""]","{""blue_first_relevant_response_after_critical"": 13, ""blue_first_relevant_response_after_enterprise"": 6, ""enterprise_foothold_step"": 5, ""first_critical_hit_step"": 12, ""window_end"": null, ""window_start"": null}"
ours_stage2_fair,11,stage1_pref_005_ckpt_191,semantic_aware,episode_019,3,3030,49,Q2_user_action_during_critical_breach,high,Restore,User3,User,Impact,Op_Server0,"[""Op_Server0""]","[""Op_Server0""]","[""Enterprise0"", ""Enterprise2"", ""Op_Server0"", ""User0"", ""User4""]","[""Enterprise0"", ""Enterprise2"", ""Op_Server0"", ""User0"", ""User4""]","{""blue_first_relevant_response_after_critical"": 13, ""blue_first_relevant_response_after_enterprise"": 6, ""enterprise_foothold_step"": 5, ""first_critical_hit_step"": 12, ""window_end"": null, ""window_start"": null}"
ours_stage2_fair,11,stage1_pref_005_ckpt_191,semantic_aware,episode_019,3,3030,53,Q2_user_action_during_critical_breach,high,Restore,User3,User,Impact,Op_Server0,"[""Op_Server0""]","[""Op_Server0""]","[""Enterprise0"", ""Enterprise2"", ""Op_Server0"", ""User0"", ""User4""]","[""Enterprise0"", ""Enterprise2"", ""Op_Server0"", ""User0"", ""User4""]","{""blue_first_relevant_response_after_critical"": 13, ""blue_first_relevant_response_after_enterprise"": 6, ""enterprise_foothold_step"": 5, ""first_critical_hit_step"": 12, ""window_end"": null, ""window_start"": null}"
ours_stage2_fair,11,stage1_pref_005_ckpt_191,semantic_aware,episode_019,3,3030,91,Q2_user_action_during_critical_breach,high,Restore,User3,User,Impact,Op_Server0,"[""Op_Server0""]","[""Op_Server0""]","[""Enterprise0"", ""Op_Server0"", ""User0"", ""User4""]","[""Enterprise0"", ""Op_Server0"", ""User0"", ""User4""]","{""blue_first_relevant_response_after_critical"": 13, ""blue_first_relevant_response_after_enterprise"": 6, ""enterprise_foothold_step"": 5, ""first_critical_hit_step"": 12, ""window_end"": null, ""window_start"": null}"
ours_stage2_fair,11,stage1_pref_005_ckpt_191,semantic_aware,episode_019,4,4030,29,Q2_user_action_during_critical_breach,high,Restore,User0,User,Impact,Op_Server0,"[""Op_Server0""]","[""Op_Server0""]","[""Enterprise0"", ""Op_Server0"", ""User0"", ""User4""]","[""Enterprise0"", ""Op_Server0"", ""User0"", ""User4""]","{""blue_first_relevant_response_after_critical"": 14, ""blue_first_relevant_response_after_enterprise"": 6, ""enterprise_foothold_step"": 5, ""first_critical_hit_step"": 12, ""window_end"": null, ""window_start"": null}"
ours_stage2_fair,11,stage1_pref_005_ckpt_191,semantic_aware,episode_019,4,4030,34,Q2_user_action_during_critical_breach,high,Analyse,User0,User,Impact,Op_Server0,"[""Op_Server0""]","[""Op_Server0""]","[""Enterprise0"", ""Op_Server0"", ""User0"", ""User4""]","[""Enterprise0"", ""Op_Server0"", ""User0"", ""User4""]","{""blue_first_relevant_response_after_critical"": 14, ""blue_first_relevant_response_after_enterprise"": 6, ""enterprise_foothold_step"": 5, ""first_critical_hit_step"": 12, ""window_end"": null, ""window_start"": null}"
ours_stage2_fair,11,stage1_pref_005_ckpt_191,semantic_aware,episode_019,4,4030,66,Q2_user_action_during_critical_breach,high,Restore,User3,User,Impact,Op_Server0,"[""Op_Server0""]","[""Op_Server0""]","[""Enterprise0"", ""Op_Server0"", ""User0"", ""User4""]","[""Enterprise0"", ""Op_Server0"", ""User0"", ""User4""]","{""blue_first_relevant_response_after_critical"": 14, ""blue_first_relevant_response_after_enterprise"": 6, ""enterprise_foothold_step"": 5, ""first_critical_hit_step"": 12, ""window_end"": null, ""window_start"": null}"
ours_stage2_fair,11,stage1_pref_005_ckpt_191,semantic_aware,episode_019,4,4030,81,Q2_user_action_during_critical_breach,high,Restore,User4,User,Impact,Op_Server0,"[""Op_Server0""]","[""Op_Server0""]","[""Enterprise0"", ""Op_Server0"", ""User0"", ""User4""]","[""Enterprise0"", ""Op_Server0"", ""User0""]","{""blue_first_relevant_response_after_critical"": 14, ""blue_first_relevant_response_after_enterprise"": 6, ""enterprise_foothold_step"": 5, ""first_critical_hit_step"": 12, ""window_end"": null, ""window_start"": null}"
ours_stage2_fair,11,stage1_pref_005_ckpt_191,semantic_aware,episode_019,4,4030,90,Q2_user_action_during_critical_breach,high,DecoyVsftpd,User1,User,Impact,Op_Server0,"[""Op_Server0""]","[""Op_Server0""]","[""Enterprise0"", ""Op_Server0"", ""User0""]","[""Enterprise0"", ""Op_Server0"", ""User0""]","{""blue_first_relevant_response_after_critical"": 14, ""blue_first_relevant_response_after_enterprise"": 6, ""enterprise_foothold_step"": 5, ""first_critical_hit_step"": 12, ""window_end"": null, ""window_start"": null}"
ours_stage2_fair,11,stage1_pref_005_ckpt_191,semantic_aware,episode_019,4,4030,91,Q2_user_action_during_critical_breach,high,Restore,User3,User,Impact,Op_Server0,"[""Op_Server0""]","[""Op_Server0""]","[""Enterprise0"", ""Op_Server0"", ""User0""]","[""Enterprise0"", ""Op_Server0"", ""User0""]","{""blue_first_relevant_response_after_critical"": 14, ""blue_first_relevant_response_after_enterprise"": 6, ""enterprise_foothold_step"": 5, ""first_critical_hit_step"": 12, ""window_end"": null, ""window_start"": null}"
ours_stage2_fair,11,stage1_pref_005_ckpt_191,semantic_aware,episode_019,5,5030,31,Q2_user_action_during_critical_breach,high,Restore,User3,User,Impact,Op_Server0,"[""Op_Server0""]","[""Op_Server0""]","[""Enterprise0"", ""Op_Server0"", ""User0"", ""User4""]","[""Enterprise0"", ""Op_Server0"", ""User0"", ""User4""]","{""blue_first_relevant_response_after_critical"": 13, ""blue_first_relevant_response_after_enterprise"": 6, ""enterprise_foothold_step"": 5, ""first_critical_hit_step"": 12, ""window_end"": null, ""window_start"": null}"
ours_stage2_fair,11,stage1_pref_005_ckpt_191,semantic_aware,episode_019,5,5030,33,Q2_user_action_during_critical_breach,high,Analyse,User0,User,Impact,Op_Server0,"[""Op_Server0""]","[""Op_Server0""]","[""Enterprise0"", ""Op_Server0"", ""User0"", ""User4""]","[""Enterprise0"", ""Op_Server0"", ""User0"", ""User4""]","{""blue_first_relevant_response_after_critical"": 13, ""blue_first_relevant_response_after_enterprise"": 6, ""enterprise_foothold_step"": 5, ""first_critical_hit_step"": 12, ""window_end"": null, ""window_start"": null}"
ours_stage2_fair,11,stage1_pref_005_ckpt_191,semantic_aware,episode_019,5,5030,37,Q2_user_action_during_critical_breach,high,Analyse,User0,User,Impact,Op_Server0,"[""Op_Server0""]","[""Op_Server0""]","[""Enterprise0"", ""Op_Server0"", ""User0"", ""User4""]","[""Enterprise0"", ""Op_Server0"", ""User0"", ""User4""]","{""blue_first_relevant_response_after_critical"": 13, ""blue_first_relevant_response_after_enterprise"": 6, ""enterprise_foothold_step"": 5, ""first_critical_hit_step"": 12, ""window_end"": null, ""window_start"": null}"
ours_stage2_fair,11,stage1_pref_005_ckpt_191,semantic_aware,episode_019,5,5030,58,Q2_user_action_during_critical_breach,high,DecoyVsftpd,User1,User,Impact,Op_Server0,"[""Op_Server0""]","[""Op_Server0""]","[""Enterprise0"", ""Op_Server0"", ""User0"", ""User4""]","[""Enterprise0"", ""Op_Server0"", ""User0"", ""User4""]","{""blue_first_relevant_response_after_critical"": 13, ""blue_first_relevant_response_after_enterprise"": 6, ""enterprise_foothold_step"": 5, ""first_critical_hit_step"": 12, ""window_end"": null, ""window_start"": null}"
ours_stage2_fair,11,stage1_pref_005_ckpt_191,semantic_aware,episode_019,5,5030,59,Q2_user_action_during_critical_breach,high,Restore,User3,User,Impact,Op_Server0,"[""Op_Server0""]","[""Op_Server0""]","[""Enterprise0"", ""Op_Server0"", ""User0"", ""User4""]","[""Enterprise0"", ""Op_Server0"", ""User0"", ""User4""]","{""blue_first_relevant_response_after_critical"": 13, ""blue_first_relevant_response_after_enterprise"": 6, ""enterprise_foothold_step"": 5, ""first_critical_hit_step"": 12, ""window_end"": null, ""window_start"": null}"
ours_stage2_fair,11,stage1_pref_005_ckpt_191,semantic_aware,episode_019,5,5030,66,Q2_user_action_during_critical_breach,high,DecoyHarakaSMPT,User2,User,PrivilegeEscalate,Op_Server0,"[""Op_Server0""]","[""Op_Server0""]","[""Enterprise0"", ""Op_Server0"", ""User0"", ""User4""]","[""Enterprise0"", ""Op_Server0"", ""User0"", ""User4""]","{""blue_first_relevant_response_after_critical"": 13, ""blue_first_relevant_response_after_enterprise"": 6, ""enterprise_foothold_step"": 5, ""first_critical_hit_step"": 12, ""window_end"": null, ""window_start"": null}"
ours_stage2_fair,11,stage1_pref_005_ckpt_191,semantic_aware,episode_019,5,5030,91,Q2_user_action_during_critical_breach,high,DecoyHarakaSMPT,User2,User,Impact,Op_Server0,"[""Op_Server0""]","[""Op_Server0""]","[""Enterprise0"", ""Op_Server0"", ""User0"", ""User4""]","[""Enterprise0"", ""Op_Server0"", ""User0"", ""User4""]","{""blue_first_relevant_response_after_critical"": 13, ""blue_first_relevant_response_after_enterprise"": 6, ""enterprise_foothold_step"": 5, ""first_critical_hit_step"": 12, ""window_end"": null, ""window_start"": null}"
ours_stage2_fair,11,stage1_pref_005_ckpt_191,semantic_aware,episode_019,5,5030,97,Q2_user_action_during_critical_breach,high,DecoyHarakaSMPT,User2,User,Impact,Op_Server0,"[""Op_Server0""]","[""Op_Server0""]","[""Enterprise0"", ""Op_Server0"", ""User0"", ""User4""]","[""Enterprise0"", ""Op_Server0"", ""User0"", ""User4""]","{""blue_first_relevant_response_after_critical"": 13, ""blue_first_relevant_response_after_enterprise"": 6, ""enterprise_foothold_step"": 5, ""first_critical_hit_step"": 12, ""window_end"": null, ""window_start"": null}"
ours_stage2_fair,11,stage1_pref_005_ckpt_191,semantic_aware,episode_019,6,6030,14,Q2_user_action_during_critical_breach,high,Analyse,User0,User,Impact,Op_Server0,"[""Op_Server0""]","[""Op_Server0""]","[""Enterprise1"", ""Enterprise2"", ""Op_Server0"", ""User0"", ""User2""]","[""Enterprise1"", ""Enterprise2"", ""Op_Server0"", ""User0"", ""User2""]","{""blue_first_relevant_response_after_critical"": 13, ""blue_first_relevant_response_after_enterprise"": 6, ""enterprise_foothold_step"": 5, ""first_critical_hit_step"": 12, ""window_end"": null, ""window_start"": null}"
ours_stage2_fair,11,stage1_pref_005_ckpt_191,semantic_aware,episode_019,6,6030,29,Q2_user_action_during_critical_breach,high,Restore,User3,User,Impact,Op_Server0,"[""Op_Server0""]","[""Op_Server0""]","[""Enterprise2"", ""Op_Server0"", ""User0"", ""User2""]","[""Enterprise2"", ""Op_Server0"", ""User0"", ""User2""]","{""blue_first_relevant_response_after_critical"": 13, ""blue_first_relevant_response_after_enterprise"": 6, ""enterprise_foothold_step"": 5, ""first_critical_hit_step"": 12, ""window_end"": null, ""window_start"": null}"
ours_stage2_fair,11,stage1_pref_005_ckpt_191,semantic_aware,episode_019,6,6030,40,Q2_user_action_during_critical_breach,high,Restore,User3,User,Impact,Op_Server0,"[""Op_Server0""]","[""Op_Server0""]","[""Op_Server0"", ""User0"", ""User2""]","[""Op_Server0"", ""User0"", ""User2""]","{""blue_first_relevant_response_after_critical"": 13, ""blue_first_relevant_response_after_enterprise"": 6, ""enterprise_foothold_step"": 5, ""first_critical_hit_step"": 12, ""window_end"": null, ""window_start"": null}"
ours_stage2_fair,11,stage1_pref_005_ckpt_191,semantic_aware,episode_019,6,6030,48,Q2_user_action_during_critical_breach,high,DecoyHarakaSMPT,User3,User,Impact,Op_Server0,"[""Op_Server0""]","[""Op_Server0""]","[""Op_Server0"", ""User0"", ""User2""]","[""Op_Server0"", ""User0"", ""User2""]","{""blue_first_relevant_response_after_critical"": 13, ""blue_first_relevant_response_after_enterprise"": 6, ""enterprise_foothold_step"": 5, ""first_critical_hit_step"": 12, ""window_end"": null, ""window_start"": null}"
ours_stage2_fair,11,stage1_pref_005_ckpt_191,semantic_aware,episode_019,6,6030,49,Q2_user_action_during_critical_breach,high,Analyse,User0,User,Impact,Op_Server0,"[""Op_Server0""]","[""Op_Server0""]","[""Op_Server0"", ""User0"", ""User2""]","[""Op_Server0"", ""User0"", ""User2""]","{""blue_first_relevant_response_after_critical"": 13, ""blue_first_relevant_response_after_enterprise"": 6, ""enterprise_foothold_step"": 5, ""first_critical_hit_step"": 12, ""window_end"": null, ""window_start"": null}"
ours_stage2_fair,11,stage1_pref_005_ckpt_191,semantic_aware,episode_019,6,6030,69,Q2_user_action_during_critical_breach,high,DecoyHarakaSMPT,User2,User,Impact,Op_Server0,"[""Op_Server0""]","[""Op_Server0""]","[""Op_Server0"", ""User0"", ""User2""]","[""Op_Server0"", ""User0"", ""User2""]","{""blue_first_relevant_response_after_critical"": 13, ""blue_first_relevant_response_after_enterprise"": 6, ""enterprise_foothold_step"": 5, ""first_critical_hit_step"": 12, ""window_end"": null, ""window_start"": null}"
ours_stage2_fair,11,stage1_pref_005_ckpt_191,semantic_aware,episode_019,6,6030,92,Q2_user_action_during_critical_breach,high,DecoyHarakaSMPT,User2,User,Impact,Op_Server0,"[""Op_Server0""]","[""Op_Server0""]","[""Op_Server0"", ""User0"", ""User2""]","[""Op_Server0"", ""User0"", ""User2""]","{""blue_first_relevant_response_after_critical"": 13, ""blue_first_relevant_response_after_enterprise"": 6, ""enterprise_foothold_step"": 5, ""first_critical_hit_step"": 12, ""window_end"": null, ""window_start"": null}"
ours_stage2_fair,11,stage1_pref_005_ckpt_191,semantic_aware,episode_019,7,7030,90,Q2_user_action_during_critical_breach,high,Restore,User3,User,Impact,Op_Server0,"[""Op_Server0""]","[""Op_Server0""]","[""Enterprise0"", ""Op_Server0"", ""User0""]","[""Enterprise0"", ""Op_Server0"", ""User0""]","{""blue_first_relevant_response_after_critical"": 13, ""blue_first_relevant_response_after_enterprise"": 8, ""enterprise_foothold_step"": 5, ""first_critical_hit_step"": 12, ""window_end"": null, ""window_start"": null}"
ours_stage2_fair,11,stage1_pref_005_ckpt_191,semantic_aware,episode_019,7,7030,97,Q2_user_action_during_critical_breach,high,Restore,User3,User,Impact,Op_Server0,"[""Op_Server0""]","[""Op_Server0""]","[""Enterprise0"", ""Op_Server0"", ""User0""]","[""Enterprise0"", ""Op_Server0"", ""User0""]","{""blue_first_relevant_response_after_critical"": 13, ""blue_first_relevant_response_after_enterprise"": 8, ""enterprise_foothold_step"": 5, ""first_critical_hit_step"": 12, ""window_end"": null, ""window_start"": null}"
