method_name,display_name,seed,preference_index,pref_security,pref_business,pref_cost,assigned_policy_id,utility
ours_stage2,Ours Stage2,7,0,0.0,0.0,1.0,stage1_pref_002_ckpt_191,-0.05000000074505806
ours_stage2,Ours Stage2,7,1,0.0,0.10000000149011612,0.8999999761581421,stage1_pref_002_ckpt_191,-16.43187713623047
ours_stage2,Ours Stage2,7,2,0.0,0.20000000298023224,0.800000011920929,stage2_ext_007_obj_0,-32.70764923095703
ours_stage2,Ours Stage2,7,3,0.0,0.30000001192092896,0.699999988079071,stage2_ext_007_obj_0,-48.927101135253906
ours_stage2,Ours Stage2,7,4,0.0,0.4000000059604645,0.6000000238418579,stage1_pref_000_ckpt_191,-58.883792877197266
ours_stage2,Ours Stage2,7,5,0.0,0.5,0.5,stage1_pref_000_ckpt_191,-65.8659896850586
ours_stage2,Ours Stage2,7,6,0.0,0.6000000238418579,0.4000000059604645,stage1_pref_000_ckpt_191,-72.84819030761719
ours_stage2,Ours Stage2,7,7,0.0,0.699999988079071,0.30000001192092896,stage1_pref_000_ckpt_191,-79.83038330078125
ours_stage2,Ours Stage2,7,8,0.0,0.800000011920929,0.20000000298023224,stage1_pref_000_ckpt_191,-86.81258392333984
ours_stage2,Ours Stage2,7,9,0.0,0.8999999761581421,0.10000000149011612,stage1_pref_000_ckpt_191,-93.7947769165039
ours_stage2,Ours Stage2,7,10,0.0,1.0,0.0,stage1_pref_000_ckpt_191,-100.7769775390625
ours_stage2,Ours Stage2,7,11,0.10000000149011612,0.0,0.8999999761581421,stage2_ext_006_obj_1,-65.54066467285156
ours_stage2,Ours Stage2,7,12,0.10000000149011612,0.10000000149011612,0.800000011920929,stage2_ext_006_obj_1,-73.05364990234375
ours_stage2,Ours Stage2,7,13,0.10000000149011612,0.20000000298023224,0.699999988079071,stage1_pref_000_ckpt_191,-80.36827087402344
ours_stage2,Ours Stage2,7,14,0.10000000149011612,0.30000001192092896,0.6000000238418579,stage1_pref_000_ckpt_191,-87.35047912597656
ours_stage2,Ours Stage2,7,15,0.10000000149011612,0.4000000059604645,0.5,stage1_pref_000_ckpt_191,-94.3326644897461
ours_stage2,Ours Stage2,7,16,0.10000000149011612,0.5,0.4000000059604645,stage1_pref_000_ckpt_191,-101.31486511230469
ours_stage2,Ours Stage2,7,17,0.10000000149011612,0.6000000238418579,0.30000001192092896,stage1_pref_000_ckpt_191,-108.29706573486328
ours_stage2,Ours Stage2,7,18,0.10000000149011612,0.699999988079071,0.20000000298023224,stage1_pref_000_ckpt_191,-115.27925872802734
ours_stage2,Ours Stage2,7,19,0.10000000149011612,0.800000011920929,0.10000000149011612,stage1_pref_000_ckpt_191,-122.2614517211914
ours_stage2,Ours Stage2,7,20,0.10000000149011612,0.8999999761581421,0.0,stage1_pref_000_ckpt_191,-129.24365234375
ours_stage2,Ours Stage2,7,21,0.20000000298023224,0.0,0.800000011920929,stage2_ext_006_obj_1,-101.22966766357422
ours_stage2,Ours Stage2,7,22,0.20000000298023224,0.10000000149011612,0.699999988079071,stage2_ext_006_obj_1,-108.74264526367188
ours_stage2,Ours Stage2,7,23,0.20000000298023224,0.20000000298023224,0.6000000238418579,stage1_pref_000_ckpt_191,-115.81715393066406
ours_stage2,Ours Stage2,7,24,0.20000000298023224,0.30000001192092896,0.5,stage1_pref_000_ckpt_191,-122.79934692382812
ours_stage2,Ours Stage2,7,25,0.20000000298023224,0.4000000059604645,0.4000000059604645,stage1_pref_000_ckpt_191,-129.7815399169922
ours_stage2,Ours Stage2,7,26,0.20000000298023224,0.5,0.30000001192092896,stage1_pref_000_ckpt_191,-136.7637481689453
ours_stage2,Ours Stage2,7,27,0.20000000298023224,0.6000000238418579,0.20000000298023224,stage1_pref_000_ckpt_191,-143.74594116210938
ours_stage2,Ours Stage2,7,28,0.20000000298023224,0.699999988079071,0.10000000149011612,stage1_pref_000_ckpt_191,-150.72813415527344
ours_stage2,Ours Stage2,7,29,0.20000000298023224,0.800000011920929,0.0,stage1_pref_000_ckpt_191,-157.7103271484375
ours_stage2,Ours Stage2,7,30,0.30000001192092896,0.0,0.699999988079071,stage2_ext_006_obj_1,-136.91867065429688
ours_stage2,Ours Stage2,7,31,0.30000001192092896,0.10000000149011612,0.6000000238418579,stage1_pref_000_ckpt_191,-144.28382873535156
ours_stage2,Ours Stage2,7,32,0.30000001192092896,0.20000000298023224,0.5,stage1_pref_000_ckpt_191,-151.26602172851562
ours_stage2,Ours Stage2,7,33,0.30000001192092896,0.30000001192092896,0.4000000059604645,stage1_pref_000_ckpt_191,-158.24822998046875
ours_stage2,Ours Stage2,7,34,0.30000001192092896,0.4000000059604645,0.30000001192092896,stage1_pref_000_ckpt_191,-165.2304229736328
ours_stage2,Ours Stage2,7,35,0.30000001192092896,0.5,0.20000000298023224,stage1_pref_000_ckpt_191,-172.21261596679688
ours_stage2,Ours Stage2,7,36,0.30000001192092896,0.6000000238418579,0.10000000149011612,stage1_pref_000_ckpt_191,-179.19482421875
ours_stage2,Ours Stage2,7,37,0.30000001192092896,0.699999988079071,0.0,stage1_pref_000_ckpt_191,-186.17701721191406
ours_stage2,Ours Stage2,7,38,0.4000000059604645,0.0,0.6000000238418579,stage2_ext_006_obj_1,-172.607666015625
ours_stage2,Ours Stage2,7,39,0.4000000059604645,0.10000000149011612,0.5,stage1_pref_000_ckpt_191,-179.73269653320312
ours_stage2,Ours Stage2,7,40,0.4000000059604645,0.20000000298023224,0.4000000059604645,stage1_pref_000_ckpt_191,-186.71490478515625
ours_stage2,Ours Stage2,7,41,0.4000000059604645,0.30000001192092896,0.30000001192092896,stage1_pref_000_ckpt_191,-193.6970977783203
ours_stage2,Ours Stage2,7,42,0.4000000059604645,0.4000000059604645,0.20000000298023224,stage1_pref_000_ckpt_191,-200.67929077148438
ours_stage2,Ours Stage2,7,43,0.4000000059604645,0.5,0.10000000149011612,stage1_pref_000_ckpt_191,-207.6614990234375
ours_stage2,Ours Stage2,7,44,0.4000000059604645,0.6000000238418579,0.0,stage1_pref_000_ckpt_191,-214.64369201660156
ours_stage2,Ours Stage2,7,45,0.5,0.0,0.5,stage1_pref_000_ckpt_191,-208.19937133789062
ours_stage2,Ours Stage2,7,46,0.5,0.10000000149011612,0.4000000059604645,stage1_pref_000_ckpt_191,-215.18157958984375
ours_stage2,Ours Stage2,7,47,0.5,0.20000000298023224,0.30000001192092896,stage1_pref_000_ckpt_191,-222.1637725830078
ours_stage2,Ours Stage2,7,48,0.5,0.30000001192092896,0.20000000298023224,stage1_pref_000_ckpt_191,-229.14596557617188
ours_stage2,Ours Stage2,7,49,0.5,0.4000000059604645,0.10000000149011612,stage1_pref_000_ckpt_191,-236.128173828125
ours_stage2,Ours Stage2,7,50,0.5,0.5,0.0,stage1_pref_000_ckpt_191,-243.11036682128906
ours_stage2,Ours Stage2,7,51,0.6000000238418579,0.0,0.4000000059604645,stage1_pref_000_ckpt_191,-243.6482696533203
ours_stage2,Ours Stage2,7,52,0.6000000238418579,0.10000000149011612,0.30000001192092896,stage1_pref_000_ckpt_191,-250.63046264648438
ours_stage2,Ours Stage2,7,53,0.6000000238418579,0.20000000298023224,0.20000000298023224,stage1_pref_000_ckpt_191,-257.6126708984375
ours_stage2,Ours Stage2,7,54,0.6000000238418579,0.30000001192092896,0.10000000149011612,stage1_pref_000_ckpt_191,-264.5948486328125
ours_stage2,Ours Stage2,7,55,0.6000000238418579,0.4000000059604645,0.0,stage1_pref_000_ckpt_191,-271.5770568847656
ours_stage2,Ours Stage2,7,56,0.699999988079071,0.0,0.30000001192092896,stage1_pref_000_ckpt_191,-279.0971374511719
ours_stage2,Ours Stage2,7,57,0.699999988079071,0.10000000149011612,0.20000000298023224,stage1_pref_000_ckpt_191,-286.079345703125
ours_stage2,Ours Stage2,7,58,0.699999988079071,0.20000000298023224,0.10000000149011612,stage1_pref_000_ckpt_191,-293.0615234375
ours_stage2,Ours Stage2,7,59,0.699999988079071,0.30000001192092896,0.0,stage1_pref_000_ckpt_191,-300.0437316894531
ours_stage2,Ours Stage2,7,60,0.800000011920929,0.0,0.20000000298023224,stage1_pref_000_ckpt_191,-314.5460205078125
ours_stage2,Ours Stage2,7,61,0.800000011920929,0.10000000149011612,0.10000000149011612,stage1_pref_000_ckpt_191,-321.5281982421875
ours_stage2,Ours Stage2,7,62,0.800000011920929,0.20000000298023224,0.0,stage1_pref_000_ckpt_191,-328.5104064941406
ours_stage2,Ours Stage2,7,63,0.8999999761581421,0.0,0.10000000149011612,stage1_pref_000_ckpt_191,-349.994873046875
ours_stage2,Ours Stage2,7,64,0.8999999761581421,0.10000000149011612,0.0,stage1_pref_000_ckpt_191,-356.9770812988281
ours_stage2,Ours Stage2,7,65,1.0,0.0,0.0,stage1_pref_000_ckpt_191,-385.4437561035156
ours_stage2,Ours Stage2,11,0,0.0,0.0,1.0,stage1_pref_002_ckpt_191,-0.02500000037252903
ours_stage2,Ours Stage2,11,1,0.0,0.10000000149011612,0.8999999761581421,stage1_pref_002_ckpt_191,-16.40826988220215
ours_stage2,Ours Stage2,11,2,0.0,0.20000000298023224,0.800000011920929,stage2_ext_015_obj_2,-32.72669219970703
ours_stage2,Ours Stage2,11,3,0.0,0.30000001192092896,0.699999988079071,stage2_ext_015_obj_2,-48.810035705566406
ours_stage2,Ours Stage2,11,4,0.0,0.4000000059604645,0.6000000238418579,stage2_ext_002_obj_0,-57.284210205078125
ours_stage2,Ours Stage2,11,5,0.0,0.5,0.5,stage2_ext_002_obj_0,-64.72786712646484
ours_stage2,Ours Stage2,11,6,0.0,0.6000000238418579,0.4000000059604645,stage2_ext_002_obj_0,-72.17152404785156
ours_stage2,Ours Stage2,11,7,0.0,0.699999988079071,0.30000001192092896,stage2_ext_002_obj_0,-79.61517333984375
ours_stage2,Ours Stage2,11,8,0.0,0.800000011920929,0.20000000298023224,stage2_ext_002_obj_0,-87.05883026123047
ours_stage2,Ours Stage2,11,9,0.0,0.8999999761581421,0.10000000149011612,stage2_ext_002_obj_0,-94.50248718261719
ours_stage2,Ours Stage2,11,10,0.0,1.0,0.0,stage2_ext_002_obj_0,-101.9461441040039
ours_stage2,Ours Stage2,11,11,0.10000000149011612,0.0,0.8999999761581421,stage2_ext_002_obj_0,-65.38674926757812
ours_stage2,Ours Stage2,11,12,0.10000000149011612,0.10000000149011612,0.800000011920929,stage2_ext_002_obj_0,-72.83040618896484
ours_stage2,Ours Stage2,11,13,0.10000000149011612,0.20000000298023224,0.699999988079071,stage2_ext_002_obj_0,-80.27406311035156
ours_stage2,Ours Stage2,11,14,0.10000000149011612,0.30000001192092896,0.6000000238418579,stage2_ext_002_obj_0,-87.71772003173828
ours_stage2,Ours Stage2,11,15,0.10000000149011612,0.4000000059604645,0.5,stage2_ext_002_obj_0,-95.161376953125
ours_stage2,Ours Stage2,11,16,0.10000000149011612,0.5,0.4000000059604645,stage2_ext_002_obj_0,-102.60502624511719
ours_stage2,Ours Stage2,11,17,0.10000000149011612,0.6000000238418579,0.30000001192092896,stage2_ext_002_obj_0,-110.04869079589844
ours_stage2,Ours Stage2,11,18,0.10000000149011612,0.699999988079071,0.20000000298023224,stage2_ext_002_obj_0,-117.4923324584961
ours_stage2,Ours Stage2,11,19,0.10000000149011612,0.800000011920929,0.10000000149011612,stage2_ext_002_obj_0,-124.93600463867188
ours_stage2,Ours Stage2,11,20,0.10000000149011612,0.8999999761581421,0.0,stage2_ext_002_obj_0,-132.37965393066406
ours_stage2,Ours Stage2,11,21,0.20000000298023224,0.0,0.800000011920929,stage2_ext_002_obj_0,-103.263916015625
ours_stage2,Ours Stage2,11,22,0.20000000298023224,0.10000000149011612,0.699999988079071,stage2_ext_002_obj_0,-110.70757293701172
ours_stage2,Ours Stage2,11,23,0.20000000298023224,0.20000000298023224,0.6000000238418579,stage2_ext_002_obj_0,-118.15122985839844
ours_stage2,Ours Stage2,11,24,0.20000000298023224,0.30000001192092896,0.5,stage2_ext_002_obj_0,-125.59488677978516
ours_stage2,Ours Stage2,11,25,0.20000000298023224,0.4000000059604645,0.4000000059604645,stage2_ext_002_obj_0,-133.03854370117188
ours_stage2,Ours Stage2,11,26,0.20000000298023224,0.5,0.30000001192092896,stage2_ext_002_obj_0,-140.48219299316406
ours_stage2,Ours Stage2,11,27,0.20000000298023224,0.6000000238418579,0.20000000298023224,stage2_ext_002_obj_0,-147.9258575439453
ours_stage2,Ours Stage2,11,28,0.20000000298023224,0.699999988079071,0.10000000149011612,stage2_ext_002_obj_0,-155.3695068359375
ours_stage2,Ours Stage2,11,29,0.20000000298023224,0.800000011920929,0.0,stage2_ext_002_obj_0,-162.81317138671875
ours_stage2,Ours Stage2,11,30,0.30000001192092896,0.0,0.699999988079071,stage2_ext_002_obj_0,-141.14108276367188
ours_stage2,Ours Stage2,11,31,0.30000001192092896,0.10000000149011612,0.6000000238418579,stage2_ext_002_obj_0,-148.58474731445312
ours_stage2,Ours Stage2,11,32,0.30000001192092896,0.20000000298023224,0.5,stage2_ext_002_obj_0,-156.0283966064453
ours_stage2,Ours Stage2,11,33,0.30000001192092896,0.30000001192092896,0.4000000059604645,stage2_ext_002_obj_0,-163.4720458984375
ours_stage2,Ours Stage2,11,34,0.30000001192092896,0.4000000059604645,0.30000001192092896,stage2_ext_002_obj_0,-170.91571044921875
ours_stage2,Ours Stage2,11,35,0.30000001192092896,0.5,0.20000000298023224,stage2_ext_002_obj_0,-178.359375
ours_stage2,Ours Stage2,11,36,0.30000001192092896,0.6000000238418579,0.10000000149011612,stage2_ext_002_obj_0,-185.8030242919922
ours_stage2,Ours Stage2,11,37,0.30000001192092896,0.699999988079071,0.0,stage2_ext_002_obj_0,-193.24667358398438
ours_stage2,Ours Stage2,11,38,0.4000000059604645,0.0,0.6000000238418579,stage2_ext_002_obj_0,-179.01824951171875
ours_stage2,Ours Stage2,11,39,0.4000000059604645,0.10000000149011612,0.5,stage2_ext_002_obj_0,-186.46189880371094
ours_stage2,Ours Stage2,11,40,0.4000000059604645,0.20000000298023224,0.4000000059604645,stage2_ext_002_obj_0,-193.9055633544922
ours_stage2,Ours Stage2,11,41,0.4000000059604645,0.30000001192092896,0.30000001192092896,stage2_ext_002_obj_0,-201.34921264648438
ours_stage2,Ours Stage2,11,42,0.4000000059604645,0.4000000059604645,0.20000000298023224,stage2_ext_002_obj_0,-208.79287719726562
ours_stage2,Ours Stage2,11,43,0.4000000059604645,0.5,0.10000000149011612,stage2_ext_002_obj_0,-216.2365264892578
ours_stage2,Ours Stage2,11,44,0.4000000059604645,0.6000000238418579,0.0,stage2_ext_002_obj_0,-223.68019104003906
ours_stage2,Ours Stage2,11,45,0.5,0.0,0.5,stage2_ext_002_obj_0,-216.89541625976562
ours_stage2,Ours Stage2,11,46,0.5,0.10000000149011612,0.4000000059604645,stage2_ext_002_obj_0,-224.3390655517578
ours_stage2,Ours Stage2,11,47,0.5,0.20000000298023224,0.30000001192092896,stage2_ext_002_obj_0,-231.78271484375
ours_stage2,Ours Stage2,11,48,0.5,0.30000001192092896,0.20000000298023224,stage2_ext_002_obj_0,-239.2263946533203
ours_stage2,Ours Stage2,11,49,0.5,0.4000000059604645,0.10000000149011612,stage2_ext_002_obj_0,-246.6700439453125
ours_stage2,Ours Stage2,11,50,0.5,0.5,0.0,stage2_ext_002_obj_0,-254.1136932373047
ours_stage2,Ours Stage2,11,51,0.6000000238418579,0.0,0.4000000059604645,stage2_ext_002_obj_0,-254.7725830078125
ours_stage2,Ours Stage2,11,52,0.6000000238418579,0.10000000149011612,0.30000001192092896,stage2_ext_002_obj_0,-262.21624755859375
ours_stage2,Ours Stage2,11,53,0.6000000238418579,0.20000000298023224,0.20000000298023224,stage2_ext_002_obj_0,-269.659912109375
ours_stage2,Ours Stage2,11,54,0.6000000238418579,0.30000001192092896,0.10000000149011612,stage2_ext_002_obj_0,-277.1035461425781
ours_stage2,Ours Stage2,11,55,0.6000000238418579,0.4000000059604645,0.0,stage2_ext_002_obj_0,-284.5472106933594
ours_stage2,Ours Stage2,11,56,0.699999988079071,0.0,0.30000001192092896,stage2_ext_002_obj_0,-292.6497497558594
ours_stage2,Ours Stage2,11,57,0.699999988079071,0.10000000149011612,0.20000000298023224,stage2_ext_002_obj_0,-300.0934143066406
ours_stage2,Ours Stage2,11,58,0.699999988079071,0.20000000298023224,0.10000000149011612,stage2_ext_002_obj_0,-307.53704833984375
ours_stage2,Ours Stage2,11,59,0.699999988079071,0.30000001192092896,0.0,stage2_ext_002_obj_0,-314.980712890625
ours_stage2,Ours Stage2,11,60,0.800000011920929,0.0,0.20000000298023224,stage2_ext_002_obj_0,-330.52691650390625
ours_stage2,Ours Stage2,11,61,0.800000011920929,0.10000000149011612,0.10000000149011612,stage2_ext_002_obj_0,-337.9705505371094
ours_stage2,Ours Stage2,11,62,0.800000011920929,0.20000000298023224,0.0,stage2_ext_002_obj_0,-345.4142150878906
ours_stage2,Ours Stage2,11,63,0.8999999761581421,0.0,0.10000000149011612,stage2_ext_002_obj_0,-368.404052734375
ours_stage2,Ours Stage2,11,64,0.8999999761581421,0.10000000149011612,0.0,stage2_ext_002_obj_0,-375.84771728515625
ours_stage2,Ours Stage2,11,65,1.0,0.0,0.0,stage2_ext_002_obj_0,-406.28125
ours_stage2,Ours Stage2,19,0,0.0,0.0,1.0,stage2_ext_008_obj_2,-0.008333333767950535
ours_stage2,Ours Stage2,19,1,0.0,0.10000000149011612,0.8999999761581421,stage2_ext_008_obj_2,-16.392791748046875
ours_stage2,Ours Stage2,19,2,0.0,0.20000000298023224,0.800000011920929,stage2_ext_004_obj_2,-32.45994186401367
ours_stage2,Ours Stage2,19,3,0.0,0.30000001192092896,0.699999988079071,stage2_ext_001_obj_0,-47.379512786865234
ours_stage2,Ours Stage2,19,4,0.0,0.4000000059604645,0.6000000238418579,stage2_ext_001_obj_0,-55.80879592895508
ours_stage2,Ours Stage2,19,5,0.0,0.5,0.5,stage2_ext_001_obj_0,-64.23807525634766
ours_stage2,Ours Stage2,19,6,0.0,0.6000000238418579,0.4000000059604645,stage2_ext_001_obj_0,-72.6673583984375
ours_stage2,Ours Stage2,19,7,0.0,0.699999988079071,0.30000001192092896,stage2_ext_001_obj_0,-81.09664154052734
ours_stage2,Ours Stage2,19,8,0.0,0.800000011920929,0.20000000298023224,stage2_ext_001_obj_0,-89.52592468261719
ours_stage2,Ours Stage2,19,9,0.0,0.8999999761581421,0.10000000149011612,stage2_ext_001_obj_0,-97.9552001953125
ours_stage2,Ours Stage2,19,10,0.0,1.0,0.0,stage2_ext_001_obj_0,-106.38448333740234
ours_stage2,Ours Stage2,19,11,0.10000000149011612,0.0,0.8999999761581421,stage2_ext_000_obj_0,-64.52532958984375
ours_stage2,Ours Stage2,19,12,0.10000000149011612,0.10000000149011612,0.800000011920929,stage2_ext_000_obj_0,-72.61811065673828
ours_stage2,Ours Stage2,19,13,0.10000000149011612,0.20000000298023224,0.699999988079071,stage2_ext_000_obj_0,-80.71089172363281
ours_stage2,Ours Stage2,19,14,0.10000000149011612,0.30000001192092896,0.6000000238418579,stage2_ext_000_obj_0,-88.80368041992188
ours_stage2,Ours Stage2,19,15,0.10000000149011612,0.4000000059604645,0.5,stage2_ext_000_obj_0,-96.89645385742188
ours_stage2,Ours Stage2,19,16,0.10000000149011612,0.5,0.4000000059604645,stage2_ext_000_obj_0,-104.98924255371094
ours_stage2,Ours Stage2,19,17,0.10000000149011612,0.6000000238418579,0.30000001192092896,stage2_ext_000_obj_0,-113.08202362060547
ours_stage2,Ours Stage2,19,18,0.10000000149011612,0.699999988079071,0.20000000298023224,stage2_ext_000_obj_0,-121.17479705810547
ours_stage2,Ours Stage2,19,19,0.10000000149011612,0.800000011920929,0.10000000149011612,stage2_ext_000_obj_0,-129.26759338378906
ours_stage2,Ours Stage2,19,20,0.10000000149011612,0.8999999761581421,0.0,stage2_ext_000_obj_0,-137.36036682128906
ours_stage2,Ours Stage2,19,21,0.20000000298023224,0.0,0.800000011920929,stage2_ext_000_obj_0,-101.7623291015625
ours_stage2,Ours Stage2,19,22,0.20000000298023224,0.10000000149011612,0.699999988079071,stage2_ext_000_obj_0,-109.85511779785156
ours_stage2,Ours Stage2,19,23,0.20000000298023224,0.20000000298023224,0.6000000238418579,stage2_ext_000_obj_0,-117.94789123535156
ours_stage2,Ours Stage2,19,24,0.20000000298023224,0.30000001192092896,0.5,stage2_ext_000_obj_0,-126.04067993164062
ours_stage2,Ours Stage2,19,25,0.20000000298023224,0.4000000059604645,0.4000000059604645,stage2_ext_000_obj_0,-134.13345336914062
ours_stage2,Ours Stage2,19,26,0.20000000298023224,0.5,0.30000001192092896,stage2_ext_000_obj_0,-142.22622680664062
ours_stage2,Ours Stage2,19,27,0.20000000298023224,0.6000000238418579,0.20000000298023224,stage2_ext_000_obj_0,-150.31903076171875
ours_stage2,Ours Stage2,19,28,0.20000000298023224,0.699999988079071,0.10000000149011612,stage2_ext_000_obj_0,-158.41180419921875
ours_stage2,Ours Stage2,19,29,0.20000000298023224,0.800000011920929,0.0,stage2_ext_000_obj_0,-166.50457763671875
ours_stage2,Ours Stage2,19,30,0.30000001192092896,0.0,0.699999988079071,stage2_ext_000_obj_0,-138.99932861328125
ours_stage2,Ours Stage2,19,31,0.30000001192092896,0.10000000149011612,0.6000000238418579,stage2_ext_000_obj_0,-147.0921173095703
ours_stage2,Ours Stage2,19,32,0.30000001192092896,0.20000000298023224,0.5,stage2_ext_000_obj_0,-155.1848907470703
ours_stage2,Ours Stage2,19,33,0.30000001192092896,0.30000001192092896,0.4000000059604645,stage2_ext_000_obj_0,-163.27767944335938
ours_stage2,Ours Stage2,19,34,0.30000001192092896,0.4000000059604645,0.30000001192092896,stage2_ext_000_obj_0,-171.37045288085938
ours_stage2,Ours Stage2,19,35,0.30000001192092896,0.5,0.20000000298023224,stage2_ext_000_obj_0,-179.46324157714844
ours_stage2,Ours Stage2,19,36,0.30000001192092896,0.6000000238418579,0.10000000149011612,stage2_ext_000_obj_0,-187.5560302734375
ours_stage2,Ours Stage2,19,37,0.30000001192092896,0.699999988079071,0.0,stage2_ext_000_obj_0,-195.6488037109375
ours_stage2,Ours Stage2,19,38,0.4000000059604645,0.0,0.6000000238418579,stage2_ext_000_obj_0,-176.236328125
ours_stage2,Ours Stage2,19,39,0.4000000059604645,0.10000000149011612,0.5,stage2_ext_000_obj_0,-184.3291015625
ours_stage2,Ours Stage2,19,40,0.4000000059604645,0.20000000298023224,0.4000000059604645,stage2_ext_000_obj_0,-192.42189025878906
ours_stage2,Ours Stage2,19,41,0.4000000059604645,0.30000001192092896,0.30000001192092896,stage2_ext_000_obj_0,-200.51467895507812
ours_stage2,Ours Stage2,19,42,0.4000000059604645,0.4000000059604645,0.20000000298023224,stage2_ext_000_obj_0,-208.60745239257812
ours_stage2,Ours Stage2,19,43,0.4000000059604645,0.5,0.10000000149011612,stage2_ext_000_obj_0,-216.7002410888672
ours_stage2,Ours Stage2,19,44,0.4000000059604645,0.6000000238418579,0.0,stage2_ext_000_obj_0,-224.79302978515625
ours_stage2,Ours Stage2,19,45,0.5,0.0,0.5,stage2_ext_000_obj_0,-213.47332763671875
ours_stage2,Ours Stage2,19,46,0.5,0.10000000149011612,0.4000000059604645,stage2_ext_000_obj_0,-221.56610107421875
ours_stage2,Ours Stage2,19,47,0.5,0.20000000298023224,0.30000001192092896,stage2_ext_000_obj_0,-229.65890502929688
ours_stage2,Ours Stage2,19,48,0.5,0.30000001192092896,0.20000000298023224,stage2_ext_000_obj_0,-237.75167846679688
ours_stage2,Ours Stage2,19,49,0.5,0.4000000059604645,0.10000000149011612,stage2_ext_000_obj_0,-245.84446716308594
ours_stage2,Ours Stage2,19,50,0.5,0.5,0.0,stage2_ext_000_obj_0,-253.93724060058594
ours_stage2,Ours Stage2,19,51,0.6000000238418579,0.0,0.4000000059604645,stage2_ext_000_obj_0,-250.7103271484375
ours_stage2,Ours Stage2,19,52,0.6000000238418579,0.10000000149011612,0.30000001192092896,stage2_ext_000_obj_0,-258.8031005859375
ours_stage2,Ours Stage2,19,53,0.6000000238418579,0.20000000298023224,0.20000000298023224,stage2_ext_000_obj_0,-266.8959045410156
ours_stage2,Ours Stage2,19,54,0.6000000238418579,0.30000001192092896,0.10000000149011612,stage2_ext_000_obj_0,-274.9886779785156
ours_stage2,Ours Stage2,19,55,0.6000000238418579,0.4000000059604645,0.0,stage2_ext_000_obj_0,-283.0814514160156
ours_stage2,Ours Stage2,19,56,0.699999988079071,0.0,0.30000001192092896,stage2_ext_000_obj_0,-287.94732666015625
ours_stage2,Ours Stage2,19,57,0.699999988079071,0.10000000149011612,0.20000000298023224,stage2_ext_000_obj_0,-296.0401306152344
ours_stage2,Ours Stage2,19,58,0.699999988079071,0.20000000298023224,0.10000000149011612,stage2_ext_000_obj_0,-304.13287353515625
ours_stage2,Ours Stage2,19,59,0.699999988079071,0.30000001192092896,0.0,stage2_ext_000_obj_0,-312.2256774902344
ours_stage2,Ours Stage2,19,60,0.800000011920929,0.0,0.20000000298023224,stage2_ext_000_obj_0,-325.184326171875
ours_stage2,Ours Stage2,19,61,0.800000011920929,0.10000000149011612,0.10000000149011612,stage2_ext_000_obj_0,-333.277099609375
ours_stage2,Ours Stage2,19,62,0.800000011920929,0.20000000298023224,0.0,stage2_ext_000_obj_0,-341.369873046875
ours_stage2,Ours Stage2,19,63,0.8999999761581421,0.0,0.10000000149011612,stage2_ext_000_obj_0,-362.4212951660156
ours_stage2,Ours Stage2,19,64,0.8999999761581421,0.10000000149011612,0.0,stage2_ext_000_obj_0,-370.51409912109375
ours_stage2,Ours Stage2,19,65,1.0,0.0,0.0,stage2_ext_000_obj_0,-399.6583251953125
ours_stage2,Ours Stage2,23,0,0.0,0.0,1.0,stage2_ext_015_obj_2,-7.314166069030762
ours_stage2,Ours Stage2,23,1,0.0,0.10000000149011612,0.8999999761581421,stage2_ext_015_obj_2,-23.148895263671875
ours_stage2,Ours Stage2,23,2,0.0,0.20000000298023224,0.800000011920929,stage2_ext_019_obj_1,-38.91422653198242
ours_stage2,Ours Stage2,23,3,0.0,0.30000001192092896,0.699999988079071,stage1_pref_000_ckpt_096,-48.05824279785156
ours_stage2,Ours Stage2,23,4,0.0,0.4000000059604645,0.6000000238418579,stage1_pref_000_ckpt_096,-56.31570816040039
ours_stage2,Ours Stage2,23,5,0.0,0.5,0.5,stage2_ext_000_obj_0,-64.08036804199219
ours_stage2,Ours Stage2,23,6,0.0,0.6000000238418579,0.4000000059604645,stage2_ext_000_obj_0,-71.7151870727539
ours_stage2,Ours Stage2,23,7,0.0,0.699999988079071,0.30000001192092896,stage2_ext_000_obj_0,-79.35000610351562
ours_stage2,Ours Stage2,23,8,0.0,0.800000011920929,0.20000000298023224,stage2_ext_000_obj_0,-86.98483276367188
ours_stage2,Ours Stage2,23,9,0.0,0.8999999761581421,0.10000000149011612,stage2_ext_000_obj_0,-94.6196517944336
ours_stage2,Ours Stage2,23,10,0.0,1.0,0.0,stage2_ext_000_obj_0,-102.25447845458984
ours_stage2,Ours Stage2,23,11,0.10000000149011612,0.0,0.8999999761581421,stage2_ext_000_obj_0,-61.81791687011719
ours_stage2,Ours Stage2,23,12,0.10000000149011612,0.10000000149011612,0.800000011920929,stage2_ext_000_obj_0,-69.45274353027344
ours_stage2,Ours Stage2,23,13,0.10000000149011612,0.20000000298023224,0.699999988079071,stage2_ext_000_obj_0,-77.08756256103516
ours_stage2,Ours Stage2,23,14,0.10000000149011612,0.30000001192092896,0.6000000238418579,stage2_ext_000_obj_0,-84.7223892211914
ours_stage2,Ours Stage2,23,15,0.10000000149011612,0.4000000059604645,0.5,stage2_ext_000_obj_0,-92.35720825195312
ours_stage2,Ours Stage2,23,16,0.10000000149011612,0.5,0.4000000059604645,stage2_ext_000_obj_0,-99.99203491210938
ours_stage2,Ours Stage2,23,17,0.10000000149011612,0.6000000238418579,0.30000001192092896,stage2_ext_000_obj_0,-107.6268539428711
ours_stage2,Ours Stage2,23,18,0.10000000149011612,0.699999988079071,0.20000000298023224,stage2_ext_000_obj_0,-115.26168060302734
ours_stage2,Ours Stage2,23,19,0.10000000149011612,0.800000011920929,0.10000000149011612,stage2_ext_000_obj_0,-122.89649963378906
ours_stage2,Ours Stage2,23,20,0.10000000149011612,0.8999999761581421,0.0,stage2_ext_000_obj_0,-130.5313262939453
ours_stage2,Ours Stage2,23,21,0.20000000298023224,0.0,0.800000011920929,stage2_ext_000_obj_0,-97.72958374023438
ours_stage2,Ours Stage2,23,22,0.20000000298023224,0.10000000149011612,0.699999988079071,stage2_ext_000_obj_0,-105.36441040039062
ours_stage2,Ours Stage2,23,23,0.20000000298023224,0.20000000298023224,0.6000000238418579,stage2_ext_000_obj_0,-112.99923706054688
ours_stage2,Ours Stage2,23,24,0.20000000298023224,0.30000001192092896,0.5,stage2_ext_000_obj_0,-120.6340560913086
ours_stage2,Ours Stage2,23,25,0.20000000298023224,0.4000000059604645,0.4000000059604645,stage2_ext_000_obj_0,-128.2688751220703
ours_stage2,Ours Stage2,23,26,0.20000000298023224,0.5,0.30000001192092896,stage2_ext_000_obj_0,-135.90370178222656
ours_stage2,Ours Stage2,23,27,0.20000000298023224,0.6000000238418579,0.20000000298023224,stage2_ext_000_obj_0,-143.53851318359375
ours_stage2,Ours Stage2,23,28,0.20000000298023224,0.699999988079071,0.10000000149011612,stage2_ext_000_obj_0,-151.17333984375
ours_stage2,Ours Stage2,23,29,0.20000000298023224,0.800000011920929,0.0,stage2_ext_000_obj_0,-158.80816650390625
ours_stage2,Ours Stage2,23,30,0.30000001192092896,0.0,0.699999988079071,stage2_ext_000_obj_0,-133.64126586914062
ours_stage2,Ours Stage2,23,31,0.30000001192092896,0.10000000149011612,0.6000000238418579,stage2_ext_000_obj_0,-141.2760772705078
ours_stage2,Ours Stage2,23,32,0.30000001192092896,0.20000000298023224,0.5,stage2_ext_000_obj_0,-148.91090393066406
ours_stage2,Ours Stage2,23,33,0.30000001192092896,0.30000001192092896,0.4000000059604645,stage2_ext_000_obj_0,-156.5457305908203
ours_stage2,Ours Stage2,23,34,0.30000001192092896,0.4000000059604645,0.30000001192092896,stage2_ext_000_obj_0,-164.18055725097656
ours_stage2,Ours Stage2,23,35,0.30000001192092896,0.5,0.20000000298023224,stage2_ext_000_obj_0,-171.81536865234375
ours_stage2,Ours Stage2,23,36,0.30000001192092896,0.6000000238418579,0.10000000149011612,stage2_ext_000_obj_0,-179.4501953125
ours_stage2,Ours Stage2,23,37,0.30000001192092896,0.699999988079071,0.0,stage2_ext_000_obj_0,-187.08502197265625
ours_stage2,Ours Stage2,23,38,0.4000000059604645,0.0,0.6000000238418579,stage2_ext_000_obj_0,-169.55291748046875
ours_stage2,Ours Stage2,23,39,0.4000000059604645,0.10000000149011612,0.5,stage2_ext_000_obj_0,-177.187744140625
ours_stage2,Ours Stage2,23,40,0.4000000059604645,0.20000000298023224,0.4000000059604645,stage2_ext_000_obj_0,-184.82257080078125
ours_stage2,Ours Stage2,23,41,0.4000000059604645,0.30000001192092896,0.30000001192092896,stage2_ext_000_obj_0,-192.4573974609375
ours_stage2,Ours Stage2,23,42,0.4000000059604645,0.4000000059604645,0.20000000298023224,stage2_ext_000_obj_0,-200.0922088623047
ours_stage2,Ours Stage2,23,43,0.4000000059604645,0.5,0.10000000149011612,stage2_ext_000_obj_0,-207.72703552246094
ours_stage2,Ours Stage2,23,44,0.4000000059604645,0.6000000238418579,0.0,stage2_ext_000_obj_0,-215.3618621826172
ours_stage2,Ours Stage2,23,45,0.5,0.0,0.5,stage2_ext_000_obj_0,-205.46458435058594
ours_stage2,Ours Stage2,23,46,0.5,0.10000000149011612,0.4000000059604645,stage2_ext_000_obj_0,-213.0994110107422
ours_stage2,Ours Stage2,23,47,0.5,0.20000000298023224,0.30000001192092896,stage2_ext_000_obj_0,-220.73423767089844
ours_stage2,Ours Stage2,23,48,0.5,0.30000001192092896,0.20000000298023224,stage2_ext_000_obj_0,-228.36904907226562
ours_stage2,Ours Stage2,23,49,0.5,0.4000000059604645,0.10000000149011612,stage2_ext_000_obj_0,-236.00387573242188
ours_stage2,Ours Stage2,23,50,0.5,0.5,0.0,stage2_ext_000_obj_0,-243.63870239257812
ours_stage2,Ours Stage2,23,51,0.6000000238418579,0.0,0.4000000059604645,stage2_ext_000_obj_0,-241.3762664794922
ours_stage2,Ours Stage2,23,52,0.6000000238418579,0.10000000149011612,0.30000001192092896,stage2_ext_000_obj_0,-249.01109313964844
ours_stage2,Ours Stage2,23,53,0.6000000238418579,0.20000000298023224,0.20000000298023224,stage2_ext_000_obj_0,-256.6459045410156
ours_stage2,Ours Stage2,23,54,0.6000000238418579,0.30000001192092896,0.10000000149011612,stage2_ext_000_obj_0,-264.2807312011719
ours_stage2,Ours Stage2,23,55,0.6000000238418579,0.4000000059604645,0.0,stage2_ext_000_obj_0,-271.9155578613281
ours_stage2,Ours Stage2,23,56,0.699999988079071,0.0,0.30000001192092896,stage2_ext_000_obj_0,-277.2879333496094
ours_stage2,Ours Stage2,23,57,0.699999988079071,0.10000000149011612,0.20000000298023224,stage2_ext_000_obj_0,-284.9227294921875
ours_stage2,Ours Stage2,23,58,0.699999988079071,0.20000000298023224,0.10000000149011612,stage2_ext_000_obj_0,-292.5575866699219
ours_stage2,Ours Stage2,23,59,0.699999988079071,0.30000001192092896,0.0,stage2_ext_000_obj_0,-300.1923828125
ours_stage2,Ours Stage2,23,60,0.800000011920929,0.0,0.20000000298023224,stage2_ext_000_obj_0,-313.1995849609375
ours_stage2,Ours Stage2,23,61,0.800000011920929,0.10000000149011612,0.10000000149011612,stage2_ext_000_obj_0,-320.83441162109375
ours_stage2,Ours Stage2,23,62,0.800000011920929,0.20000000298023224,0.0,stage2_ext_000_obj_0,-328.46923828125
ours_stage2,Ours Stage2,23,63,0.8999999761581421,0.0,0.10000000149011612,stage2_ext_000_obj_0,-349.11126708984375
ours_stage2,Ours Stage2,23,64,0.8999999761581421,0.10000000149011612,0.0,stage2_ext_000_obj_0,-356.7460632324219
ours_stage2,Ours Stage2,23,65,1.0,0.0,0.0,stage2_ext_000_obj_0,-385.0229187011719
ours_stage2,Ours Stage2,29,0,0.0,0.0,1.0,stage1_pref_002_ckpt_191,-0.03333333507180214
ours_stage2,Ours Stage2,29,1,0.0,0.10000000149011612,0.8999999761581421,stage1_pref_002_ckpt_191,-16.41516876220703
ours_stage2,Ours Stage2,29,2,0.0,0.20000000298023224,0.800000011920929,stage1_pref_002_ckpt_191,-32.79700469970703
ours_stage2,Ours Stage2,29,3,0.0,0.30000001192092896,0.699999988079071,stage1_pref_001_ckpt_191,-48.28221893310547
ours_stage2,Ours Stage2,29,4,0.0,0.4000000059604645,0.6000000238418579,stage1_pref_001_ckpt_191,-56.02879333496094
ours_stage2,Ours Stage2,29,5,0.0,0.5,0.5,stage1_pref_001_ckpt_191,-63.775367736816406
ours_stage2,Ours Stage2,29,6,0.0,0.6000000238418579,0.4000000059604645,stage1_pref_001_ckpt_191,-71.52194213867188
ours_stage2,Ours Stage2,29,7,0.0,0.699999988079071,0.30000001192092896,stage1_pref_001_ckpt_191,-79.26850891113281
ours_stage2,Ours Stage2,29,8,0.0,0.800000011920929,0.20000000298023224,stage1_pref_001_ckpt_191,-87.01508331298828
ours_stage2,Ours Stage2,29,9,0.0,0.8999999761581421,0.10000000149011612,stage1_pref_001_ckpt_191,-94.76165771484375
ours_stage2,Ours Stage2,29,10,0.0,1.0,0.0,stage1_pref_001_ckpt_191,-102.50823211669922
ours_stage2,Ours Stage2,29,11,0.10000000149011612,0.0,0.8999999761581421,stage2_ext_001_obj_1,-63.77808380126953
ours_stage2,Ours Stage2,29,12,0.10000000149011612,0.10000000149011612,0.800000011920929,stage2_ext_001_obj_1,-71.68718719482422
ours_stage2,Ours Stage2,29,13,0.10000000149011612,0.20000000298023224,0.699999988079071,stage2_ext_001_obj_1,-79.5962905883789
ours_stage2,Ours Stage2,29,14,0.10000000149011612,0.30000001192092896,0.6000000238418579,stage2_ext_001_obj_1,-87.5053939819336
ours_stage2,Ours Stage2,29,15,0.10000000149011612,0.4000000059604645,0.5,stage2_ext_001_obj_1,-95.41449737548828
ours_stage2,Ours Stage2,29,16,0.10000000149011612,0.5,0.4000000059604645,stage2_ext_001_obj_1,-103.3236083984375
ours_stage2,Ours Stage2,29,17,0.10000000149011612,0.6000000238418579,0.30000001192092896,stage2_ext_000_obj_0,-110.95573425292969
ours_stage2,Ours Stage2,29,18,0.10000000149011612,0.699999988079071,0.20000000298023224,stage2_ext_000_obj_0,-118.39224243164062
ours_stage2,Ours Stage2,29,19,0.10000000149011612,0.800000011920929,0.10000000149011612,stage2_ext_000_obj_0,-125.8287582397461
ours_stage2,Ours Stage2,29,20,0.10000000149011612,0.8999999761581421,0.0,stage2_ext_000_obj_0,-133.2652587890625
ours_stage2,Ours Stage2,29,21,0.20000000298023224,0.0,0.800000011920929,stage2_ext_001_obj_1,-101.64949798583984
ours_stage2,Ours Stage2,29,22,0.20000000298023224,0.10000000149011612,0.699999988079071,stage2_ext_001_obj_1,-109.55860137939453
ours_stage2,Ours Stage2,29,23,0.20000000298023224,0.20000000298023224,0.6000000238418579,stage2_ext_001_obj_1,-117.46770477294922
ours_stage2,Ours Stage2,29,24,0.20000000298023224,0.30000001192092896,0.5,stage2_ext_001_obj_1,-125.3768081665039
ours_stage2,Ours Stage2,29,25,0.20000000298023224,0.4000000059604645,0.4000000059604645,stage2_ext_001_obj_1,-133.28591918945312
ours_stage2,Ours Stage2,29,26,0.20000000298023224,0.5,0.30000001192092896,stage2_ext_000_obj_0,-141.0725555419922
ours_stage2,Ours Stage2,29,27,0.20000000298023224,0.6000000238418579,0.20000000298023224,stage2_ext_000_obj_0,-148.50906372070312
ours_stage2,Ours Stage2,29,28,0.20000000298023224,0.699999988079071,0.10000000149011612,stage2_ext_000_obj_0,-155.945556640625
ours_stage2,Ours Stage2,29,29,0.20000000298023224,0.800000011920929,0.0,stage2_ext_000_obj_0,-163.382080078125
ours_stage2,Ours Stage2,29,30,0.30000001192092896,0.0,0.699999988079071,stage2_ext_001_obj_1,-139.5209197998047
ours_stage2,Ours Stage2,29,31,0.30000001192092896,0.10000000149011612,0.6000000238418579,stage2_ext_001_obj_1,-147.43002319335938
ours_stage2,Ours Stage2,29,32,0.30000001192092896,0.20000000298023224,0.5,stage2_ext_001_obj_1,-155.33914184570312
ours_stage2,Ours Stage2,29,33,0.30000001192092896,0.30000001192092896,0.4000000059604645,stage2_ext_001_obj_1,-163.2482452392578
ours_stage2,Ours Stage2,29,34,0.30000001192092896,0.4000000059604645,0.30000001192092896,stage2_ext_001_obj_1,-171.1573486328125
ours_stage2,Ours Stage2,29,35,0.30000001192092896,0.5,0.20000000298023224,stage2_ext_000_obj_0,-178.62588500976562
ours_stage2,Ours Stage2,29,36,0.30000001192092896,0.6000000238418579,0.10000000149011612,stage2_ext_000_obj_0,-186.06239318847656
ours_stage2,Ours Stage2,29,37,0.30000001192092896,0.699999988079071,0.0,stage2_ext_000_obj_0,-193.4989013671875
ours_stage2,Ours Stage2,29,38,0.4000000059604645,0.0,0.6000000238418579,stage2_ext_001_obj_1,-177.392333984375
ours_stage2,Ours Stage2,29,39,0.4000000059604645,0.10000000149011612,0.5,stage2_ext_001_obj_1,-185.3014373779297
ours_stage2,Ours Stage2,29,40,0.4000000059604645,0.20000000298023224,0.4000000059604645,stage2_ext_001_obj_1,-193.21054077148438
ours_stage2,Ours Stage2,29,41,0.4000000059604645,0.30000001192092896,0.30000001192092896,stage2_ext_001_obj_1,-201.11964416503906
ours_stage2,Ours Stage2,29,42,0.4000000059604645,0.4000000059604645,0.20000000298023224,stage2_ext_000_obj_0,-208.7427215576172
ours_stage2,Ours Stage2,29,43,0.4000000059604645,0.5,0.10000000149011612,stage2_ext_000_obj_0,-216.17921447753906
ours_stage2,Ours Stage2,29,44,0.4000000059604645,0.6000000238418579,0.0,stage2_ext_000_obj_0,-223.61573791503906
ours_stage2,Ours Stage2,29,45,0.5,0.0,0.5,stage2_ext_001_obj_1,-215.2637481689453
ours_stage2,Ours Stage2,29,46,0.5,0.10000000149011612,0.4000000059604645,stage2_ext_001_obj_1,-223.1728515625
ours_stage2,Ours Stage2,29,47,0.5,0.20000000298023224,0.30000001192092896,stage2_ext_001_obj_1,-231.0819549560547
ours_stage2,Ours Stage2,29,48,0.5,0.30000001192092896,0.20000000298023224,stage2_ext_000_obj_0,-238.85952758789062
ours_stage2,Ours Stage2,29,49,0.5,0.4000000059604645,0.10000000149011612,stage2_ext_000_obj_0,-246.2960205078125
ours_stage2,Ours Stage2,29,50,0.5,0.5,0.0,stage2_ext_000_obj_0,-253.7325439453125
ours_stage2,Ours Stage2,29,51,0.6000000238418579,0.0,0.4000000059604645,stage2_ext_001_obj_1,-253.1351776123047
ours_stage2,Ours Stage2,29,52,0.6000000238418579,0.10000000149011612,0.30000001192092896,stage2_ext_001_obj_1,-261.0442810058594
ours_stage2,Ours Stage2,29,53,0.6000000238418579,0.20000000298023224,0.20000000298023224,stage2_ext_001_obj_1,-268.953369140625
ours_stage2,Ours Stage2,29,54,0.6000000238418579,0.30000001192092896,0.10000000149011612,stage2_ext_000_obj_0,-276.412841796875
ours_stage2,Ours Stage2,29,55,0.6000000238418579,0.4000000059604645,0.0,stage2_ext_000_obj_0,-283.849365234375
ours_stage2,Ours Stage2,29,56,0.699999988079071,0.0,0.30000001192092896,stage2_ext_001_obj_1,-291.0065612792969
ours_stage2,Ours Stage2,29,57,0.699999988079071,0.10000000149011612,0.20000000298023224,stage2_ext_001_obj_1,-298.9156494140625
ours_stage2,Ours Stage2,29,58,0.699999988079071,0.20000000298023224,0.10000000149011612,stage2_ext_000_obj_0,-306.5296630859375
ours_stage2,Ours Stage2,29,59,0.699999988079071,0.30000001192092896,0.0,stage2_ext_000_obj_0,-313.9661560058594
ours_stage2,Ours Stage2,29,60,0.800000011920929,0.0,0.20000000298023224,stage2_ext_001_obj_1,-328.87799072265625
ours_stage2,Ours Stage2,29,61,0.800000011920929,0.10000000149011612,0.10000000149011612,stage2_ext_000_obj_0,-336.6465148925781
ours_stage2,Ours Stage2,29,62,0.800000011920929,0.20000000298023224,0.0,stage2_ext_000_obj_0,-344.0830383300781
ours_stage2,Ours Stage2,29,63,0.8999999761581421,0.0,0.10000000149011612,stage2_ext_001_obj_1,-366.7493896484375
ours_stage2,Ours Stage2,29,64,0.8999999761581421,0.10000000149011612,0.0,stage2_ext_000_obj_0,-374.1998291015625
ours_stage2,Ours Stage2,29,65,1.0,0.0,0.0,stage2_ext_000_obj_0,-404.316650390625
stage1_only,Stage1 Only,7,0,0.0,0.0,1.0,stage1_pref_002_ckpt_191,-0.05000000074505806
stage1_only,Stage1 Only,7,1,0.0,0.10000000149011612,0.8999999761581421,stage1_pref_002_ckpt_191,-16.43187713623047
stage1_only,Stage1 Only,7,2,0.0,0.20000000298023224,0.800000011920929,stage1_pref_002_ckpt_191,-32.81375503540039
stage1_only,Stage1 Only,7,3,0.0,0.30000001192092896,0.699999988079071,stage1_pref_002_ckpt_191,-49.19562911987305
stage1_only,Stage1 Only,7,4,0.0,0.4000000059604645,0.6000000238418579,stage1_pref_000_ckpt_191,-58.883792877197266
stage1_only,Stage1 Only,7,5,0.0,0.5,0.5,stage1_pref_000_ckpt_191,-65.8659896850586
stage1_only,Stage1 Only,7,6,0.0,0.6000000238418579,0.4000000059604645,stage1_pref_000_ckpt_191,-72.84819030761719
stage1_only,Stage1 Only,7,7,0.0,0.699999988079071,0.30000001192092896,stage1_pref_000_ckpt_191,-79.83038330078125
stage1_only,Stage1 Only,7,8,0.0,0.800000011920929,0.20000000298023224,stage1_pref_000_ckpt_191,-86.81258392333984
stage1_only,Stage1 Only,7,9,0.0,0.8999999761581421,0.10000000149011612,stage1_pref_000_ckpt_191,-93.7947769165039
stage1_only,Stage1 Only,7,10,0.0,1.0,0.0,stage1_pref_000_ckpt_191,-100.7769775390625
stage1_only,Stage1 Only,7,11,0.10000000149011612,0.0,0.8999999761581421,stage1_pref_000_ckpt_191,-66.40387725830078
stage1_only,Stage1 Only,7,12,0.10000000149011612,0.10000000149011612,0.800000011920929,stage1_pref_000_ckpt_191,-73.38607788085938
stage1_only,Stage1 Only,7,13,0.10000000149011612,0.20000000298023224,0.699999988079071,stage1_pref_000_ckpt_191,-80.36827087402344
stage1_only,Stage1 Only,7,14,0.10000000149011612,0.30000001192092896,0.6000000238418579,stage1_pref_000_ckpt_191,-87.35047912597656
stage1_only,Stage1 Only,7,15,0.10000000149011612,0.4000000059604645,0.5,stage1_pref_000_ckpt_191,-94.3326644897461
stage1_only,Stage1 Only,7,16,0.10000000149011612,0.5,0.4000000059604645,stage1_pref_000_ckpt_191,-101.31486511230469
stage1_only,Stage1 Only,7,17,0.10000000149011612,0.6000000238418579,0.30000001192092896,stage1_pref_000_ckpt_191,-108.29706573486328
stage1_only,Stage1 Only,7,18,0.10000000149011612,0.699999988079071,0.20000000298023224,stage1_pref_000_ckpt_191,-115.27925872802734
stage1_only,Stage1 Only,7,19,0.10000000149011612,0.800000011920929,0.10000000149011612,stage1_pref_000_ckpt_191,-122.2614517211914
stage1_only,Stage1 Only,7,20,0.10000000149011612,0.8999999761581421,0.0,stage1_pref_000_ckpt_191,-129.24365234375
stage1_only,Stage1 Only,7,21,0.20000000298023224,0.0,0.800000011920929,stage1_pref_000_ckpt_191,-101.85275268554688
stage1_only,Stage1 Only,7,22,0.20000000298023224,0.10000000149011612,0.699999988079071,stage1_pref_000_ckpt_191,-108.83495330810547
stage1_only,Stage1 Only,7,23,0.20000000298023224,0.20000000298023224,0.6000000238418579,stage1_pref_000_ckpt_191,-115.81715393066406
stage1_only,Stage1 Only,7,24,0.20000000298023224,0.30000001192092896,0.5,stage1_pref_000_ckpt_191,-122.79934692382812
stage1_only,Stage1 Only,7,25,0.20000000298023224,0.4000000059604645,0.4000000059604645,stage1_pref_000_ckpt_191,-129.7815399169922
stage1_only,Stage1 Only,7,26,0.20000000298023224,0.5,0.30000001192092896,stage1_pref_000_ckpt_191,-136.7637481689453
stage1_only,Stage1 Only,7,27,0.20000000298023224,0.6000000238418579,0.20000000298023224,stage1_pref_000_ckpt_191,-143.74594116210938
stage1_only,Stage1 Only,7,28,0.20000000298023224,0.699999988079071,0.10000000149011612,stage1_pref_000_ckpt_191,-150.72813415527344
stage1_only,Stage1 Only,7,29,0.20000000298023224,0.800000011920929,0.0,stage1_pref_000_ckpt_191,-157.7103271484375
stage1_only,Stage1 Only,7,30,0.30000001192092896,0.0,0.699999988079071,stage1_pref_000_ckpt_191,-137.3016357421875
stage1_only,Stage1 Only,7,31,0.30000001192092896,0.10000000149011612,0.6000000238418579,stage1_pref_000_ckpt_191,-144.28382873535156
stage1_only,Stage1 Only,7,32,0.30000001192092896,0.20000000298023224,0.5,stage1_pref_000_ckpt_191,-151.26602172851562
stage1_only,Stage1 Only,7,33,0.30000001192092896,0.30000001192092896,0.4000000059604645,stage1_pref_000_ckpt_191,-158.24822998046875
stage1_only,Stage1 Only,7,34,0.30000001192092896,0.4000000059604645,0.30000001192092896,stage1_pref_000_ckpt_191,-165.2304229736328
stage1_only,Stage1 Only,7,35,0.30000001192092896,0.5,0.20000000298023224,stage1_pref_000_ckpt_191,-172.21261596679688
stage1_only,Stage1 Only,7,36,0.30000001192092896,0.6000000238418579,0.10000000149011612,stage1_pref_000_ckpt_191,-179.19482421875
stage1_only,Stage1 Only,7,37,0.30000001192092896,0.699999988079071,0.0,stage1_pref_000_ckpt_191,-186.17701721191406
stage1_only,Stage1 Only,7,38,0.4000000059604645,0.0,0.6000000238418579,stage1_pref_000_ckpt_191,-172.75050354003906
stage1_only,Stage1 Only,7,39,0.4000000059604645,0.10000000149011612,0.5,stage1_pref_000_ckpt_191,-179.73269653320312
stage1_only,Stage1 Only,7,40,0.4000000059604645,0.20000000298023224,0.4000000059604645,stage1_pref_000_ckpt_191,-186.71490478515625
stage1_only,Stage1 Only,7,41,0.4000000059604645,0.30000001192092896,0.30000001192092896,stage1_pref_000_ckpt_191,-193.6970977783203
stage1_only,Stage1 Only,7,42,0.4000000059604645,0.4000000059604645,0.20000000298023224,stage1_pref_000_ckpt_191,-200.67929077148438
stage1_only,Stage1 Only,7,43,0.4000000059604645,0.5,0.10000000149011612,stage1_pref_000_ckpt_191,-207.6614990234375
stage1_only,Stage1 Only,7,44,0.4000000059604645,0.6000000238418579,0.0,stage1_pref_000_ckpt_191,-214.64369201660156
stage1_only,Stage1 Only,7,45,0.5,0.0,0.5,stage1_pref_000_ckpt_191,-208.19937133789062
stage1_only,Stage1 Only,7,46,0.5,0.10000000149011612,0.4000000059604645,stage1_pref_000_ckpt_191,-215.18157958984375
stage1_only,Stage1 Only,7,47,0.5,0.20000000298023224,0.30000001192092896,stage1_pref_000_ckpt_191,-222.1637725830078
stage1_only,Stage1 Only,7,48,0.5,0.30000001192092896,0.20000000298023224,stage1_pref_000_ckpt_191,-229.14596557617188
stage1_only,Stage1 Only,7,49,0.5,0.4000000059604645,0.10000000149011612,stage1_pref_000_ckpt_191,-236.128173828125
stage1_only,Stage1 Only,7,50,0.5,0.5,0.0,stage1_pref_000_ckpt_191,-243.11036682128906
stage1_only,Stage1 Only,7,51,0.6000000238418579,0.0,0.4000000059604645,stage1_pref_000_ckpt_191,-243.6482696533203
stage1_only,Stage1 Only,7,52,0.6000000238418579,0.10000000149011612,0.30000001192092896,stage1_pref_000_ckpt_191,-250.63046264648438
stage1_only,Stage1 Only,7,53,0.6000000238418579,0.20000000298023224,0.20000000298023224,stage1_pref_000_ckpt_191,-257.6126708984375
stage1_only,Stage1 Only,7,54,0.6000000238418579,0.30000001192092896,0.10000000149011612,stage1_pref_000_ckpt_191,-264.5948486328125
stage1_only,Stage1 Only,7,55,0.6000000238418579,0.4000000059604645,0.0,stage1_pref_000_ckpt_191,-271.5770568847656
stage1_only,Stage1 Only,7,56,0.699999988079071,0.0,0.30000001192092896,stage1_pref_000_ckpt_191,-279.0971374511719
stage1_only,Stage1 Only,7,57,0.699999988079071,0.10000000149011612,0.20000000298023224,stage1_pref_000_ckpt_191,-286.079345703125
stage1_only,Stage1 Only,7,58,0.699999988079071,0.20000000298023224,0.10000000149011612,stage1_pref_000_ckpt_191,-293.0615234375
stage1_only,Stage1 Only,7,59,0.699999988079071,0.30000001192092896,0.0,stage1_pref_000_ckpt_191,-300.0437316894531
stage1_only,Stage1 Only,7,60,0.800000011920929,0.0,0.20000000298023224,stage1_pref_000_ckpt_191,-314.5460205078125
stage1_only,Stage1 Only,7,61,0.800000011920929,0.10000000149011612,0.10000000149011612,stage1_pref_000_ckpt_191,-321.5281982421875
stage1_only,Stage1 Only,7,62,0.800000011920929,0.20000000298023224,0.0,stage1_pref_000_ckpt_191,-328.5104064941406
stage1_only,Stage1 Only,7,63,0.8999999761581421,0.0,0.10000000149011612,stage1_pref_000_ckpt_191,-349.994873046875
stage1_only,Stage1 Only,7,64,0.8999999761581421,0.10000000149011612,0.0,stage1_pref_000_ckpt_191,-356.9770812988281
stage1_only,Stage1 Only,7,65,1.0,0.0,0.0,stage1_pref_000_ckpt_191,-385.4437561035156
stage1_only,Stage1 Only,11,0,0.0,0.0,1.0,stage1_pref_002_ckpt_191,-0.02500000037252903
stage1_only,Stage1 Only,11,1,0.0,0.10000000149011612,0.8999999761581421,stage1_pref_002_ckpt_191,-16.40826988220215
stage1_only,Stage1 Only,11,2,0.0,0.20000000298023224,0.800000011920929,stage1_pref_002_ckpt_191,-32.791542053222656
stage1_only,Stage1 Only,11,3,0.0,0.30000001192092896,0.699999988079071,stage1_pref_002_ckpt_191,-49.1748161315918
stage1_only,Stage1 Only,11,4,0.0,0.4000000059604645,0.6000000238418579,stage1_pref_002_ckpt_191,-65.5580825805664
stage1_only,Stage1 Only,11,5,0.0,0.5,0.5,stage1_pref_001_ckpt_096,-77.3918228149414
stage1_only,Stage1 Only,11,6,0.0,0.6000000238418579,0.4000000059604645,stage1_pref_001_ckpt_096,-88.1568603515625
stage1_only,Stage1 Only,11,7,0.0,0.699999988079071,0.30000001192092896,stage1_pref_003_ckpt_191,-98.10804748535156
stage1_only,Stage1 Only,11,8,0.0,0.800000011920929,0.20000000298023224,stage1_pref_003_ckpt_191,-107.67283630371094
stage1_only,Stage1 Only,11,9,0.0,0.8999999761581421,0.10000000149011612,stage1_pref_003_ckpt_191,-117.23760223388672
stage1_only,Stage1 Only,11,10,0.0,1.0,0.0,stage1_pref_003_ckpt_191,-126.8023910522461
stage1_only,Stage1 Only,11,11,0.10000000149011612,0.0,0.8999999761581421,stage1_pref_000_ckpt_191,-72.82362365722656
stage1_only,Stage1 Only,11,12,0.10000000149011612,0.10000000149011612,0.800000011920929,stage1_pref_000_ckpt_191,-84.05482482910156
stage1_only,Stage1 Only,11,13,0.10000000149011612,0.20000000298023224,0.699999988079071,stage1_pref_000_ckpt_096,-94.7811050415039
stage1_only,Stage1 Only,11,14,0.10000000149011612,0.30000001192092896,0.6000000238418579,stage1_pref_000_ckpt_096,-104.62007141113281
stage1_only,Stage1 Only,11,15,0.10000000149011612,0.4000000059604645,0.5,stage1_pref_000_ckpt_096,-114.45904541015625
stage1_only,Stage1 Only,11,16,0.10000000149011612,0.5,0.4000000059604645,stage1_pref_000_ckpt_096,-124.29801177978516
stage1_only,Stage1 Only,11,17,0.10000000149011612,0.6000000238418579,0.30000001192092896,stage1_pref_000_ckpt_096,-134.13699340820312
stage1_only,Stage1 Only,11,18,0.10000000149011612,0.699999988079071,0.20000000298023224,stage1_pref_000_ckpt_096,-143.97593688964844
stage1_only,Stage1 Only,11,19,0.10000000149011612,0.800000011920929,0.10000000149011612,stage1_pref_000_ckpt_096,-153.81491088867188
stage1_only,Stage1 Only,11,20,0.10000000149011612,0.8999999761581421,0.0,stage1_pref_000_ckpt_096,-163.6538848876953
stage1_only,Stage1 Only,11,21,0.20000000298023224,0.0,0.800000011920929,stage1_pref_000_ckpt_096,-120.91508483886719
stage1_only,Stage1 Only,11,22,0.20000000298023224,0.10000000149011612,0.699999988079071,stage1_pref_000_ckpt_096,-130.75405883789062
stage1_only,Stage1 Only,11,23,0.20000000298023224,0.20000000298023224,0.6000000238418579,stage1_pref_000_ckpt_096,-140.593017578125
stage1_only,Stage1 Only,11,24,0.20000000298023224,0.30000001192092896,0.5,stage1_pref_000_ckpt_096,-150.43199157714844
stage1_only,Stage1 Only,11,25,0.20000000298023224,0.4000000059604645,0.4000000059604645,stage1_pref_000_ckpt_096,-160.27096557617188
stage1_only,Stage1 Only,11,26,0.20000000298023224,0.5,0.30000001192092896,stage1_pref_000_ckpt_096,-170.10992431640625
stage1_only,Stage1 Only,11,27,0.20000000298023224,0.6000000238418579,0.20000000298023224,stage1_pref_000_ckpt_096,-179.94888305664062
stage1_only,Stage1 Only,11,28,0.20000000298023224,0.699999988079071,0.10000000149011612,stage1_pref_000_ckpt_096,-189.78785705566406
stage1_only,Stage1 Only,11,29,0.20000000298023224,0.800000011920929,0.0,stage1_pref_000_ckpt_096,-199.6268310546875
stage1_only,Stage1 Only,11,30,0.30000001192092896,0.0,0.699999988079071,stage1_pref_000_ckpt_096,-166.7270050048828
stage1_only,Stage1 Only,11,31,0.30000001192092896,0.10000000149011612,0.6000000238418579,stage1_pref_000_ckpt_096,-176.56597900390625
stage1_only,Stage1 Only,11,32,0.30000001192092896,0.20000000298023224,0.5,stage1_pref_000_ckpt_096,-186.4049530029297
stage1_only,Stage1 Only,11,33,0.30000001192092896,0.30000001192092896,0.4000000059604645,stage1_pref_000_ckpt_096,-196.24391174316406
stage1_only,Stage1 Only,11,34,0.30000001192092896,0.4000000059604645,0.30000001192092896,stage1_pref_000_ckpt_096,-206.0828857421875
stage1_only,Stage1 Only,11,35,0.30000001192092896,0.5,0.20000000298023224,stage1_pref_000_ckpt_096,-215.92184448242188
stage1_only,Stage1 Only,11,36,0.30000001192092896,0.6000000238418579,0.10000000149011612,stage1_pref_000_ckpt_096,-225.7608184814453
stage1_only,Stage1 Only,11,37,0.30000001192092896,0.699999988079071,0.0,stage1_pref_000_ckpt_096,-235.59979248046875
stage1_only,Stage1 Only,11,38,0.4000000059604645,0.0,0.6000000238418579,stage1_pref_000_ckpt_096,-212.53890991210938
stage1_only,Stage1 Only,11,39,0.4000000059604645,0.10000000149011612,0.5,stage1_pref_000_ckpt_096,-222.3778839111328
stage1_only,Stage1 Only,11,40,0.4000000059604645,0.20000000298023224,0.4000000059604645,stage1_pref_000_ckpt_096,-232.21685791015625
stage1_only,Stage1 Only,11,41,0.4000000059604645,0.30000001192092896,0.30000001192092896,stage1_pref_000_ckpt_096,-242.05581665039062
stage1_only,Stage1 Only,11,42,0.4000000059604645,0.4000000059604645,0.20000000298023224,stage1_pref_000_ckpt_096,-251.894775390625
stage1_only,Stage1 Only,11,43,0.4000000059604645,0.5,0.10000000149011612,stage1_pref_000_ckpt_096,-261.7337646484375
stage1_only,Stage1 Only,11,44,0.4000000059604645,0.6000000238418579,0.0,stage1_pref_000_ckpt_096,-271.5727233886719
stage1_only,Stage1 Only,11,45,0.5,0.0,0.5,stage1_pref_000_ckpt_096,-258.350830078125
stage1_only,Stage1 Only,11,46,0.5,0.10000000149011612,0.4000000059604645,stage1_pref_000_ckpt_096,-268.1897888183594
stage1_only,Stage1 Only,11,47,0.5,0.20000000298023224,0.30000001192092896,stage1_pref_000_ckpt_096,-278.0287780761719
stage1_only,Stage1 Only,11,48,0.5,0.30000001192092896,0.20000000298023224,stage1_pref_000_ckpt_096,-287.86773681640625
stage1_only,Stage1 Only,11,49,0.5,0.4000000059604645,0.10000000149011612,stage1_pref_000_ckpt_096,-297.70672607421875
stage1_only,Stage1 Only,11,50,0.5,0.5,0.0,stage1_pref_000_ckpt_096,-307.545654296875
stage1_only,Stage1 Only,11,51,0.6000000238418579,0.0,0.4000000059604645,stage1_pref_000_ckpt_096,-304.1627502441406
stage1_only,Stage1 Only,11,52,0.6000000238418579,0.10000000149011612,0.30000001192092896,stage1_pref_000_ckpt_096,-314.0017395019531
stage1_only,Stage1 Only,11,53,0.6000000238418579,0.20000000298023224,0.20000000298023224,stage1_pref_000_ckpt_096,-323.8406982421875
stage1_only,Stage1 Only,11,54,0.6000000238418579,0.30000001192092896,0.10000000149011612,stage1_pref_000_ckpt_096,-333.6796875
stage1_only,Stage1 Only,11,55,0.6000000238418579,0.4000000059604645,0.0,stage1_pref_000_ckpt_096,-343.5186462402344
stage1_only,Stage1 Only,11,56,0.699999988079071,0.0,0.30000001192092896,stage1_pref_000_ckpt_096,-349.97467041015625
stage1_only,Stage1 Only,11,57,0.699999988079071,0.10000000149011612,0.20000000298023224,stage1_pref_000_ckpt_096,-359.8136291503906
stage1_only,Stage1 Only,11,58,0.699999988079071,0.20000000298023224,0.10000000149011612,stage1_pref_000_ckpt_096,-369.6526184082031
stage1_only,Stage1 Only,11,59,0.699999988079071,0.30000001192092896,0.0,stage1_pref_000_ckpt_096,-379.4915771484375
stage1_only,Stage1 Only,11,60,0.800000011920929,0.0,0.20000000298023224,stage1_pref_000_ckpt_096,-395.78656005859375
stage1_only,Stage1 Only,11,61,0.800000011920929,0.10000000149011612,0.10000000149011612,stage1_pref_000_ckpt_096,-405.62554931640625
stage1_only,Stage1 Only,11,62,0.800000011920929,0.20000000298023224,0.0,stage1_pref_000_ckpt_096,-415.4645080566406
stage1_only,Stage1 Only,11,63,0.8999999761581421,0.0,0.10000000149011612,stage1_pref_000_ckpt_096,-441.5984802246094
stage1_only,Stage1 Only,11,64,0.8999999761581421,0.10000000149011612,0.0,stage1_pref_000_ckpt_096,-451.43743896484375
stage1_only,Stage1 Only,11,65,1.0,0.0,0.0,stage1_pref_000_ckpt_096,-487.410400390625
stage1_only,Stage1 Only,19,0,0.0,0.0,1.0,stage1_pref_002_ckpt_191,-0.0533333346247673
stage1_only,Stage1 Only,19,1,0.0,0.10000000149011612,0.8999999761581421,stage1_pref_002_ckpt_191,-16.43413734436035
stage1_only,Stage1 Only,19,2,0.0,0.20000000298023224,0.800000011920929,stage1_pref_002_ckpt_191,-32.81494140625
stage1_only,Stage1 Only,19,3,0.0,0.30000001192092896,0.699999988079071,stage1_pref_004_ckpt_191,-48.376670837402344
stage1_only,Stage1 Only,19,4,0.0,0.4000000059604645,0.6000000238418579,stage1_pref_004_ckpt_191,-57.05083465576172
stage1_only,Stage1 Only,19,5,0.0,0.5,0.5,stage1_pref_004_ckpt_191,-65.7249984741211
stage1_only,Stage1 Only,19,6,0.0,0.6000000238418579,0.4000000059604645,stage1_pref_004_ckpt_191,-74.399169921875
stage1_only,Stage1 Only,19,7,0.0,0.699999988079071,0.30000001192092896,stage1_pref_004_ckpt_191,-83.07333374023438
stage1_only,Stage1 Only,19,8,0.0,0.800000011920929,0.20000000298023224,stage1_pref_004_ckpt_191,-91.74749755859375
stage1_only,Stage1 Only,19,9,0.0,0.8999999761581421,0.10000000149011612,stage1_pref_004_ckpt_191,-100.42166900634766
stage1_only,Stage1 Only,19,10,0.0,1.0,0.0,stage1_pref_004_ckpt_191,-109.09583282470703
stage1_only,Stage1 Only,19,11,0.10000000149011612,0.0,0.8999999761581421,stage1_pref_005_ckpt_191,-65.80171203613281
stage1_only,Stage1 Only,19,12,0.10000000149011612,0.10000000149011612,0.800000011920929,stage1_pref_005_ckpt_191,-74.16986846923828
stage1_only,Stage1 Only,19,13,0.10000000149011612,0.20000000298023224,0.699999988079071,stage1_pref_005_ckpt_191,-82.53802490234375
stage1_only,Stage1 Only,19,14,0.10000000149011612,0.30000001192092896,0.6000000238418579,stage1_pref_005_ckpt_191,-90.90618896484375
stage1_only,Stage1 Only,19,15,0.10000000149011612,0.4000000059604645,0.5,stage1_pref_005_ckpt_191,-99.27433776855469
stage1_only,Stage1 Only,19,16,0.10000000149011612,0.5,0.4000000059604645,stage1_pref_005_ckpt_191,-107.64248657226562
stage1_only,Stage1 Only,19,17,0.10000000149011612,0.6000000238418579,0.30000001192092896,stage1_pref_005_ckpt_191,-116.01065063476562
stage1_only,Stage1 Only,19,18,0.10000000149011612,0.699999988079071,0.20000000298023224,stage1_pref_005_ckpt_191,-124.3788070678711
stage1_only,Stage1 Only,19,19,0.10000000149011612,0.800000011920929,0.10000000149011612,stage1_pref_005_ckpt_191,-132.74696350097656
stage1_only,Stage1 Only,19,20,0.10000000149011612,0.8999999761581421,0.0,stage1_pref_005_ckpt_191,-141.1151123046875
stage1_only,Stage1 Only,19,21,0.20000000298023224,0.0,0.800000011920929,stage1_pref_005_ckpt_191,-103.68925476074219
stage1_only,Stage1 Only,19,22,0.20000000298023224,0.10000000149011612,0.699999988079071,stage1_pref_005_ckpt_191,-112.05741119384766
stage1_only,Stage1 Only,19,23,0.20000000298023224,0.20000000298023224,0.6000000238418579,stage1_pref_005_ckpt_191,-120.42556762695312
stage1_only,Stage1 Only,19,24,0.20000000298023224,0.30000001192092896,0.5,stage1_pref_005_ckpt_191,-128.79371643066406
stage1_only,Stage1 Only,19,25,0.20000000298023224,0.4000000059604645,0.4000000059604645,stage1_pref_005_ckpt_191,-137.16188049316406
stage1_only,Stage1 Only,19,26,0.20000000298023224,0.5,0.30000001192092896,stage1_pref_005_ckpt_191,-145.53004455566406
stage1_only,Stage1 Only,19,27,0.20000000298023224,0.6000000238418579,0.20000000298023224,stage1_pref_005_ckpt_191,-153.89820861816406
stage1_only,Stage1 Only,19,28,0.20000000298023224,0.699999988079071,0.10000000149011612,stage1_pref_005_ckpt_191,-162.26634216308594
stage1_only,Stage1 Only,19,29,0.20000000298023224,0.800000011920929,0.0,stage1_pref_005_ckpt_191,-170.63450622558594
stage1_only,Stage1 Only,19,30,0.30000001192092896,0.0,0.699999988079071,stage1_pref_005_ckpt_191,-141.57679748535156
stage1_only,Stage1 Only,19,31,0.30000001192092896,0.10000000149011612,0.6000000238418579,stage1_pref_005_ckpt_191,-149.94496154785156
stage1_only,Stage1 Only,19,32,0.30000001192092896,0.20000000298023224,0.5,stage1_pref_005_ckpt_191,-158.3131103515625
stage1_only,Stage1 Only,19,33,0.30000001192092896,0.30000001192092896,0.4000000059604645,stage1_pref_005_ckpt_191,-166.68125915527344
stage1_only,Stage1 Only,19,34,0.30000001192092896,0.4000000059604645,0.30000001192092896,stage1_pref_005_ckpt_191,-175.04942321777344
stage1_only,Stage1 Only,19,35,0.30000001192092896,0.5,0.20000000298023224,stage1_pref_005_ckpt_191,-183.41758728027344
stage1_only,Stage1 Only,19,36,0.30000001192092896,0.6000000238418579,0.10000000149011612,stage1_pref_005_ckpt_191,-191.78573608398438
stage1_only,Stage1 Only,19,37,0.30000001192092896,0.699999988079071,0.0,stage1_pref_005_ckpt_191,-200.15390014648438
stage1_only,Stage1 Only,19,38,0.4000000059604645,0.0,0.6000000238418579,stage1_pref_005_ckpt_191,-179.46434020996094
stage1_only,Stage1 Only,19,39,0.4000000059604645,0.10000000149011612,0.5,stage1_pref_005_ckpt_191,-187.83248901367188
stage1_only,Stage1 Only,19,40,0.4000000059604645,0.20000000298023224,0.4000000059604645,stage1_pref_005_ckpt_191,-196.20065307617188
stage1_only,Stage1 Only,19,41,0.4000000059604645,0.30000001192092896,0.30000001192092896,stage1_pref_005_ckpt_191,-204.5688018798828
stage1_only,Stage1 Only,19,42,0.4000000059604645,0.4000000059604645,0.20000000298023224,stage1_pref_005_ckpt_191,-212.9369659423828
stage1_only,Stage1 Only,19,43,0.4000000059604645,0.5,0.10000000149011612,stage1_pref_005_ckpt_191,-221.30511474609375
stage1_only,Stage1 Only,19,44,0.4000000059604645,0.6000000238418579,0.0,stage1_pref_005_ckpt_191,-229.67327880859375
stage1_only,Stage1 Only,19,45,0.5,0.0,0.5,stage1_pref_005_ckpt_191,-217.35186767578125
stage1_only,Stage1 Only,19,46,0.5,0.10000000149011612,0.4000000059604645,stage1_pref_005_ckpt_191,-225.72003173828125
stage1_only,Stage1 Only,19,47,0.5,0.20000000298023224,0.30000001192092896,stage1_pref_005_ckpt_191,-234.08819580078125
stage1_only,Stage1 Only,19,48,0.5,0.30000001192092896,0.20000000298023224,stage1_pref_005_ckpt_191,-242.4563446044922
stage1_only,Stage1 Only,19,49,0.5,0.4000000059604645,0.10000000149011612,stage1_pref_005_ckpt_191,-250.82449340820312
stage1_only,Stage1 Only,19,50,0.5,0.5,0.0,stage1_pref_005_ckpt_191,-259.1926574707031
stage1_only,Stage1 Only,19,51,0.6000000238418579,0.0,0.4000000059604645,stage1_pref_005_ckpt_191,-255.2394256591797
stage1_only,Stage1 Only,19,52,0.6000000238418579,0.10000000149011612,0.30000001192092896,stage1_pref_005_ckpt_191,-263.6075744628906
stage1_only,Stage1 Only,19,53,0.6000000238418579,0.20000000298023224,0.20000000298023224,stage1_pref_005_ckpt_191,-271.9757385253906
stage1_only,Stage1 Only,19,54,0.6000000238418579,0.30000001192092896,0.10000000149011612,stage1_pref_005_ckpt_191,-280.3439025878906
stage1_only,Stage1 Only,19,55,0.6000000238418579,0.4000000059604645,0.0,stage1_pref_005_ckpt_191,-288.7120666503906
stage1_only,Stage1 Only,19,56,0.699999988079071,0.0,0.30000001192092896,stage1_pref_005_ckpt_191,-293.126953125
stage1_only,Stage1 Only,19,57,0.699999988079071,0.10000000149011612,0.20000000298023224,stage1_pref_005_ckpt_191,-301.4951171875
stage1_only,Stage1 Only,19,58,0.699999988079071,0.20000000298023224,0.10000000149011612,stage1_pref_005_ckpt_191,-309.86328125
stage1_only,Stage1 Only,19,59,0.699999988079071,0.30000001192092896,0.0,stage1_pref_005_ckpt_191,-318.2314453125
stage1_only,Stage1 Only,19,60,0.800000011920929,0.0,0.20000000298023224,stage1_pref_005_ckpt_191,-331.0144958496094
stage1_only,Stage1 Only,19,61,0.800000011920929,0.10000000149011612,0.10000000149011612,stage1_pref_005_ckpt_191,-339.3826599121094
stage1_only,Stage1 Only,19,62,0.800000011920929,0.20000000298023224,0.0,stage1_pref_005_ckpt_191,-347.7508239746094
stage1_only,Stage1 Only,19,63,0.8999999761581421,0.0,0.10000000149011612,stage1_pref_005_ckpt_191,-368.90203857421875
stage1_only,Stage1 Only,19,64,0.8999999761581421,0.10000000149011612,0.0,stage1_pref_005_ckpt_191,-377.27020263671875
stage1_only,Stage1 Only,19,65,1.0,0.0,0.0,stage1_pref_005_ckpt_191,-406.7895812988281
stage1_only,Stage1 Only,23,0,0.0,0.0,1.0,stage1_pref_002_ckpt_191,-8.09999942779541
stage1_only,Stage1 Only,23,1,0.0,0.10000000149011612,0.8999999761581421,stage1_pref_002_ckpt_191,-23.759708404541016
stage1_only,Stage1 Only,23,2,0.0,0.20000000298023224,0.800000011920929,stage1_pref_002_ckpt_191,-39.41941833496094
stage1_only,Stage1 Only,23,3,0.0,0.30000001192092896,0.699999988079071,stage1_pref_000_ckpt_096,-48.05824279785156
stage1_only,Stage1 Only,23,4,0.0,0.4000000059604645,0.6000000238418579,stage1_pref_000_ckpt_096,-56.31570816040039
stage1_only,Stage1 Only,23,5,0.0,0.5,0.5,stage1_pref_003_ckpt_191,-64.32755279541016
stage1_only,Stage1 Only,23,6,0.0,0.6000000238418579,0.4000000059604645,stage1_pref_003_ckpt_191,-71.95465087890625
stage1_only,Stage1 Only,23,7,0.0,0.699999988079071,0.30000001192092896,stage1_pref_003_ckpt_191,-79.58174133300781
stage1_only,Stage1 Only,23,8,0.0,0.800000011920929,0.20000000298023224,stage1_pref_003_ckpt_191,-87.2088394165039
stage1_only,Stage1 Only,23,9,0.0,0.8999999761581421,0.10000000149011612,stage1_pref_003_ckpt_191,-94.83592224121094
stage1_only,Stage1 Only,23,10,0.0,1.0,0.0,stage1_pref_003_ckpt_191,-102.46302032470703
stage1_only,Stage1 Only,23,11,0.10000000149011612,0.0,0.8999999761581421,stage1_pref_000_ckpt_096,-63.2418327331543
stage1_only,Stage1 Only,23,12,0.10000000149011612,0.10000000149011612,0.800000011920929,stage1_pref_003_ckpt_191,-71.11038970947266
stage1_only,Stage1 Only,23,13,0.10000000149011612,0.20000000298023224,0.699999988079071,stage1_pref_003_ckpt_191,-78.73748016357422
stage1_only,Stage1 Only,23,14,0.10000000149011612,0.30000001192092896,0.6000000238418579,stage1_pref_003_ckpt_191,-86.36457824707031
stage1_only,Stage1 Only,23,15,0.10000000149011612,0.4000000059604645,0.5,stage1_pref_003_ckpt_191,-93.99166870117188
stage1_only,Stage1 Only,23,16,0.10000000149011612,0.5,0.4000000059604645,stage1_pref_003_ckpt_191,-101.61875915527344
stage1_only,Stage1 Only,23,17,0.10000000149011612,0.6000000238418579,0.30000001192092896,stage1_pref_003_ckpt_191,-109.24585723876953
stage1_only,Stage1 Only,23,18,0.10000000149011612,0.699999988079071,0.20000000298023224,stage1_pref_003_ckpt_191,-116.8729476928711
stage1_only,Stage1 Only,23,19,0.10000000149011612,0.800000011920929,0.10000000149011612,stage1_pref_003_ckpt_191,-124.50004577636719
stage1_only,Stage1 Only,23,20,0.10000000149011612,0.8999999761581421,0.0,stage1_pref_003_ckpt_191,-132.12713623046875
stage1_only,Stage1 Only,23,21,0.20000000298023224,0.0,0.800000011920929,stage1_pref_003_ckpt_191,-100.77449798583984
stage1_only,Stage1 Only,23,22,0.20000000298023224,0.10000000149011612,0.699999988079071,stage1_pref_003_ckpt_191,-108.4015884399414
stage1_only,Stage1 Only,23,23,0.20000000298023224,0.20000000298023224,0.6000000238418579,stage1_pref_003_ckpt_191,-116.0286865234375
stage1_only,Stage1 Only,23,24,0.20000000298023224,0.30000001192092896,0.5,stage1_pref_003_ckpt_191,-123.65577697753906
stage1_only,Stage1 Only,23,25,0.20000000298023224,0.4000000059604645,0.4000000059604645,stage1_pref_003_ckpt_191,-131.2828826904297
stage1_only,Stage1 Only,23,26,0.20000000298023224,0.5,0.30000001192092896,stage1_pref_003_ckpt_191,-138.9099578857422
stage1_only,Stage1 Only,23,27,0.20000000298023224,0.6000000238418579,0.20000000298023224,stage1_pref_003_ckpt_191,-146.5370635986328
stage1_only,Stage1 Only,23,28,0.20000000298023224,0.699999988079071,0.10000000149011612,stage1_pref_003_ckpt_191,-154.16415405273438
stage1_only,Stage1 Only,23,29,0.20000000298023224,0.800000011920929,0.0,stage1_pref_003_ckpt_191,-161.791259765625
stage1_only,Stage1 Only,23,30,0.30000001192092896,0.0,0.699999988079071,stage1_pref_003_ckpt_191,-138.0657196044922
stage1_only,Stage1 Only,23,31,0.30000001192092896,0.10000000149011612,0.6000000238418579,stage1_pref_003_ckpt_191,-145.69281005859375
stage1_only,Stage1 Only,23,32,0.30000001192092896,0.20000000298023224,0.5,stage1_pref_003_ckpt_191,-153.3199005126953
stage1_only,Stage1 Only,23,33,0.30000001192092896,0.30000001192092896,0.4000000059604645,stage1_pref_003_ckpt_191,-160.94699096679688
stage1_only,Stage1 Only,23,34,0.30000001192092896,0.4000000059604645,0.30000001192092896,stage1_pref_003_ckpt_191,-168.57408142089844
stage1_only,Stage1 Only,23,35,0.30000001192092896,0.5,0.20000000298023224,stage1_pref_003_ckpt_191,-176.20118713378906
stage1_only,Stage1 Only,23,36,0.30000001192092896,0.6000000238418579,0.10000000149011612,stage1_pref_003_ckpt_191,-183.82827758789062
stage1_only,Stage1 Only,23,37,0.30000001192092896,0.699999988079071,0.0,stage1_pref_003_ckpt_191,-191.4553680419922
stage1_only,Stage1 Only,23,38,0.4000000059604645,0.0,0.6000000238418579,stage1_pref_003_ckpt_191,-175.35691833496094
stage1_only,Stage1 Only,23,39,0.4000000059604645,0.10000000149011612,0.5,stage1_pref_003_ckpt_191,-182.9840087890625
stage1_only,Stage1 Only,23,40,0.4000000059604645,0.20000000298023224,0.4000000059604645,stage1_pref_003_ckpt_191,-190.61109924316406
stage1_only,Stage1 Only,23,41,0.4000000059604645,0.30000001192092896,0.30000001192092896,stage1_pref_003_ckpt_191,-198.23818969726562
stage1_only,Stage1 Only,23,42,0.4000000059604645,0.4000000059604645,0.20000000298023224,stage1_pref_003_ckpt_191,-205.86529541015625
stage1_only,Stage1 Only,23,43,0.4000000059604645,0.5,0.10000000149011612,stage1_pref_003_ckpt_191,-213.49237060546875
stage1_only,Stage1 Only,23,44,0.4000000059604645,0.6000000238418579,0.0,stage1_pref_003_ckpt_191,-221.11947631835938
stage1_only,Stage1 Only,23,45,0.5,0.0,0.5,stage1_pref_003_ckpt_191,-212.6481170654297
stage1_only,Stage1 Only,23,46,0.5,0.10000000149011612,0.4000000059604645,stage1_pref_003_ckpt_191,-220.2752227783203
stage1_only,Stage1 Only,23,47,0.5,0.20000000298023224,0.30000001192092896,stage1_pref_003_ckpt_191,-227.9022979736328
stage1_only,Stage1 Only,23,48,0.5,0.30000001192092896,0.20000000298023224,stage1_pref_003_ckpt_191,-235.52940368652344
stage1_only,Stage1 Only,23,49,0.5,0.4000000059604645,0.10000000149011612,stage1_pref_003_ckpt_191,-243.156494140625
stage1_only,Stage1 Only,23,50,0.5,0.5,0.0,stage1_pref_003_ckpt_191,-250.78358459472656
stage1_only,Stage1 Only,23,51,0.6000000238418579,0.0,0.4000000059604645,stage1_pref_003_ckpt_191,-249.93934631347656
stage1_only,Stage1 Only,23,52,0.6000000238418579,0.10000000149011612,0.30000001192092896,stage1_pref_003_ckpt_191,-257.5664367675781
stage1_only,Stage1 Only,23,53,0.6000000238418579,0.20000000298023224,0.20000000298023224,stage1_pref_003_ckpt_191,-265.1935119628906
stage1_only,Stage1 Only,23,54,0.6000000238418579,0.30000001192092896,0.10000000149011612,stage1_pref_003_ckpt_191,-272.82061767578125
stage1_only,Stage1 Only,23,55,0.6000000238418579,0.4000000059604645,0.0,stage1_pref_003_ckpt_191,-280.4477233886719
stage1_only,Stage1 Only,23,56,0.699999988079071,0.0,0.30000001192092896,stage1_pref_003_ckpt_191,-287.23052978515625
stage1_only,Stage1 Only,23,57,0.699999988079071,0.10000000149011612,0.20000000298023224,stage1_pref_003_ckpt_191,-294.85760498046875
stage1_only,Stage1 Only,23,58,0.699999988079071,0.20000000298023224,0.10000000149011612,stage1_pref_003_ckpt_191,-302.4847106933594
stage1_only,Stage1 Only,23,59,0.699999988079071,0.30000001192092896,0.0,stage1_pref_003_ckpt_191,-310.11181640625
stage1_only,Stage1 Only,23,60,0.800000011920929,0.0,0.20000000298023224,stage1_pref_003_ckpt_191,-324.521728515625
stage1_only,Stage1 Only,23,61,0.800000011920929,0.10000000149011612,0.10000000149011612,stage1_pref_003_ckpt_191,-332.1488342285156
stage1_only,Stage1 Only,23,62,0.800000011920929,0.20000000298023224,0.0,stage1_pref_003_ckpt_191,-339.77593994140625
stage1_only,Stage1 Only,23,63,0.8999999761581421,0.0,0.10000000149011612,stage1_pref_003_ckpt_191,-361.81292724609375
stage1_only,Stage1 Only,23,64,0.8999999761581421,0.10000000149011612,0.0,stage1_pref_003_ckpt_191,-369.4400329589844
stage1_only,Stage1 Only,23,65,1.0,0.0,0.0,stage1_pref_003_ckpt_191,-399.1041564941406
stage1_only,Stage1 Only,29,0,0.0,0.0,1.0,stage1_pref_002_ckpt_191,-0.03333333507180214
stage1_only,Stage1 Only,29,1,0.0,0.10000000149011612,0.8999999761581421,stage1_pref_002_ckpt_191,-16.41516876220703
stage1_only,Stage1 Only,29,2,0.0,0.20000000298023224,0.800000011920929,stage1_pref_002_ckpt_191,-32.79700469970703
stage1_only,Stage1 Only,29,3,0.0,0.30000001192092896,0.699999988079071,stage1_pref_001_ckpt_191,-48.28221893310547
stage1_only,Stage1 Only,29,4,0.0,0.4000000059604645,0.6000000238418579,stage1_pref_001_ckpt_191,-56.02879333496094
stage1_only,Stage1 Only,29,5,0.0,0.5,0.5,stage1_pref_001_ckpt_191,-63.775367736816406
stage1_only,Stage1 Only,29,6,0.0,0.6000000238418579,0.4000000059604645,stage1_pref_001_ckpt_191,-71.52194213867188
stage1_only,Stage1 Only,29,7,0.0,0.699999988079071,0.30000001192092896,stage1_pref_001_ckpt_191,-79.26850891113281
stage1_only,Stage1 Only,29,8,0.0,0.800000011920929,0.20000000298023224,stage1_pref_001_ckpt_191,-87.01508331298828
stage1_only,Stage1 Only,29,9,0.0,0.8999999761581421,0.10000000149011612,stage1_pref_001_ckpt_191,-94.76165771484375
stage1_only,Stage1 Only,29,10,0.0,1.0,0.0,stage1_pref_001_ckpt_191,-102.50823211669922
stage1_only,Stage1 Only,29,11,0.10000000149011612,0.0,0.8999999761581421,stage1_pref_005_ckpt_191,-67.31124877929688
stage1_only,Stage1 Only,29,12,0.10000000149011612,0.10000000149011612,0.800000011920929,stage1_pref_005_ckpt_191,-75.06857299804688
stage1_only,Stage1 Only,29,13,0.10000000149011612,0.20000000298023224,0.699999988079071,stage1_pref_005_ckpt_191,-82.82589721679688
stage1_only,Stage1 Only,29,14,0.10000000149011612,0.30000001192092896,0.6000000238418579,stage1_pref_005_ckpt_191,-90.58322143554688
stage1_only,Stage1 Only,29,15,0.10000000149011612,0.4000000059604645,0.5,stage1_pref_005_ckpt_191,-98.34054565429688
stage1_only,Stage1 Only,29,16,0.10000000149011612,0.5,0.4000000059604645,stage1_pref_005_ckpt_191,-106.09786987304688
stage1_only,Stage1 Only,29,17,0.10000000149011612,0.6000000238418579,0.30000001192092896,stage1_pref_005_ckpt_191,-113.85518646240234
stage1_only,Stage1 Only,29,18,0.10000000149011612,0.699999988079071,0.20000000298023224,stage1_pref_005_ckpt_191,-121.61250305175781
stage1_only,Stage1 Only,29,19,0.10000000149011612,0.800000011920929,0.10000000149011612,stage1_pref_005_ckpt_191,-129.3698272705078
stage1_only,Stage1 Only,29,20,0.10000000149011612,0.8999999761581421,0.0,stage1_pref_005_ckpt_191,-137.1271514892578
stage1_only,Stage1 Only,29,21,0.20000000298023224,0.0,0.800000011920929,stage1_pref_005_ckpt_191,-106.87042236328125
stage1_only,Stage1 Only,29,22,0.20000000298023224,0.10000000149011612,0.699999988079071,stage1_pref_005_ckpt_191,-114.62774658203125
stage1_only,Stage1 Only,29,23,0.20000000298023224,0.20000000298023224,0.6000000238418579,stage1_pref_005_ckpt_191,-122.38507080078125
stage1_only,Stage1 Only,29,24,0.20000000298023224,0.30000001192092896,0.5,stage1_pref_005_ckpt_191,-130.14239501953125
stage1_only,Stage1 Only,29,25,0.20000000298023224,0.4000000059604645,0.4000000059604645,stage1_pref_005_ckpt_191,-137.8997039794922
stage1_only,Stage1 Only,29,26,0.20000000298023224,0.5,0.30000001192092896,stage1_pref_005_ckpt_191,-145.6570281982422
stage1_only,Stage1 Only,29,27,0.20000000298023224,0.6000000238418579,0.20000000298023224,stage1_pref_005_ckpt_191,-153.4143524169922
stage1_only,Stage1 Only,29,28,0.20000000298023224,0.699999988079071,0.10000000149011612,stage1_pref_005_ckpt_191,-161.1716766357422
stage1_only,Stage1 Only,29,29,0.20000000298023224,0.800000011920929,0.0,stage1_pref_005_ckpt_191,-168.9290008544922
stage1_only,Stage1 Only,29,30,0.30000001192092896,0.0,0.699999988079071,stage1_pref_005_ckpt_191,-146.42958068847656
stage1_only,Stage1 Only,29,31,0.30000001192092896,0.10000000149011612,0.6000000238418579,stage1_pref_005_ckpt_191,-154.18690490722656
stage1_only,Stage1 Only,29,32,0.30000001192092896,0.20000000298023224,0.5,stage1_pref_005_ckpt_191,-161.94422912597656
stage1_only,Stage1 Only,29,33,0.30000001192092896,0.30000001192092896,0.4000000059604645,stage1_pref_005_ckpt_191,-169.70155334472656
stage1_only,Stage1 Only,29,34,0.30000001192092896,0.4000000059604645,0.30000001192092896,stage1_pref_005_ckpt_191,-177.45887756347656
stage1_only,Stage1 Only,29,35,0.30000001192092896,0.5,0.20000000298023224,stage1_pref_005_ckpt_191,-185.21620178222656
stage1_only,Stage1 Only,29,36,0.30000001192092896,0.6000000238418579,0.10000000149011612,stage1_pref_005_ckpt_191,-192.97352600097656
stage1_only,Stage1 Only,29,37,0.30000001192092896,0.699999988079071,0.0,stage1_pref_005_ckpt_191,-200.7308349609375
stage1_only,Stage1 Only,29,38,0.4000000059604645,0.0,0.6000000238418579,stage1_pref_005_ckpt_191,-185.98875427246094
stage1_only,Stage1 Only,29,39,0.4000000059604645,0.10000000149011612,0.5,stage1_pref_005_ckpt_191,-193.74607849121094
stage1_only,Stage1 Only,29,40,0.4000000059604645,0.20000000298023224,0.4000000059604645,stage1_pref_005_ckpt_191,-201.50340270996094
stage1_only,Stage1 Only,29,41,0.4000000059604645,0.30000001192092896,0.30000001192092896,stage1_pref_005_ckpt_191,-209.26072692871094
stage1_only,Stage1 Only,29,42,0.4000000059604645,0.4000000059604645,0.20000000298023224,stage1_pref_005_ckpt_191,-217.01805114746094
stage1_only,Stage1 Only,29,43,0.4000000059604645,0.5,0.10000000149011612,stage1_pref_005_ckpt_191,-224.77537536621094
stage1_only,Stage1 Only,29,44,0.4000000059604645,0.6000000238418579,0.0,stage1_pref_005_ckpt_191,-232.53269958496094
stage1_only,Stage1 Only,29,45,0.5,0.0,0.5,stage1_pref_005_ckpt_191,-225.54791259765625
stage1_only,Stage1 Only,29,46,0.5,0.10000000149011612,0.4000000059604645,stage1_pref_005_ckpt_191,-233.30523681640625
stage1_only,Stage1 Only,29,47,0.5,0.20000000298023224,0.30000001192092896,stage1_pref_005_ckpt_191,-241.06256103515625
stage1_only,Stage1 Only,29,48,0.5,0.30000001192092896,0.20000000298023224,stage1_pref_005_ckpt_191,-248.81988525390625
stage1_only,Stage1 Only,29,49,0.5,0.4000000059604645,0.10000000149011612,stage1_pref_005_ckpt_191,-256.57720947265625
stage1_only,Stage1 Only,29,50,0.5,0.5,0.0,stage1_pref_005_ckpt_191,-264.33453369140625
stage1_only,Stage1 Only,29,51,0.6000000238418579,0.0,0.4000000059604645,stage1_pref_005_ckpt_191,-265.1070861816406
stage1_only,Stage1 Only,29,52,0.6000000238418579,0.10000000149011612,0.30000001192092896,stage1_pref_005_ckpt_191,-272.8644104003906
stage1_only,Stage1 Only,29,53,0.6000000238418579,0.20000000298023224,0.20000000298023224,stage1_pref_005_ckpt_191,-280.6217346191406
stage1_only,Stage1 Only,29,54,0.6000000238418579,0.30000001192092896,0.10000000149011612,stage1_pref_005_ckpt_191,-288.3790588378906
stage1_only,Stage1 Only,29,55,0.6000000238418579,0.4000000059604645,0.0,stage1_pref_005_ckpt_191,-296.1363830566406
stage1_only,Stage1 Only,29,56,0.699999988079071,0.0,0.30000001192092896,stage1_pref_005_ckpt_191,-304.6662292480469
stage1_only,Stage1 Only,29,57,0.699999988079071,0.10000000149011612,0.20000000298023224,stage1_pref_005_ckpt_191,-312.4235534667969
stage1_only,Stage1 Only,29,58,0.699999988079071,0.20000000298023224,0.10000000149011612,stage1_pref_005_ckpt_191,-320.1808776855469
stage1_only,Stage1 Only,29,59,0.699999988079071,0.30000001192092896,0.0,stage1_pref_005_ckpt_191,-327.9382019042969
stage1_only,Stage1 Only,29,60,0.800000011920929,0.0,0.20000000298023224,stage1_pref_005_ckpt_191,-344.2254333496094
stage1_only,Stage1 Only,29,61,0.800000011920929,0.10000000149011612,0.10000000149011612,stage1_pref_005_ckpt_191,-351.9827575683594
stage1_only,Stage1 Only,29,62,0.800000011920929,0.20000000298023224,0.0,stage1_pref_005_ckpt_191,-359.7400817871094
stage1_only,Stage1 Only,29,63,0.8999999761581421,0.0,0.10000000149011612,stage1_pref_005_ckpt_191,-383.7845764160156
stage1_only,Stage1 Only,29,64,0.8999999761581421,0.10000000149011612,0.0,stage1_pref_005_ckpt_191,-391.5419006347656
stage1_only,Stage1 Only,29,65,1.0,0.0,0.0,stage1_pref_005_ckpt_191,-423.34375
weighted_sum,Weighted-Sum,7,0,0.0,0.0,1.0,stage1_pref_002_ckpt_037,-18.41916847229004
weighted_sum,Weighted-Sum,7,1,0.0,0.10000000149011612,0.8999999761581421,stage1_pref_002_ckpt_037,-32.5823974609375
weighted_sum,Weighted-Sum,7,2,0.0,0.20000000298023224,0.800000011920929,stage1_pref_003_ckpt_037,-45.600982666015625
weighted_sum,Weighted-Sum,7,3,0.0,0.30000001192092896,0.699999988079071,stage1_pref_001_ckpt_037,-56.59776306152344
weighted_sum,Weighted-Sum,7,4,0.0,0.4000000059604645,0.6000000238418579,stage1_pref_001_ckpt_037,-66.11396026611328
weighted_sum,Weighted-Sum,7,5,0.0,0.5,0.5,stage1_pref_001_ckpt_037,-75.63015747070312
weighted_sum,Weighted-Sum,7,6,0.0,0.6000000238418579,0.4000000059604645,stage1_pref_001_ckpt_037,-85.14635467529297
weighted_sum,Weighted-Sum,7,7,0.0,0.699999988079071,0.30000001192092896,stage1_pref_001_ckpt_037,-94.66255187988281
weighted_sum,Weighted-Sum,7,8,0.0,0.800000011920929,0.20000000298023224,stage1_pref_001_ckpt_037,-104.17874908447266
weighted_sum,Weighted-Sum,7,9,0.0,0.8999999761581421,0.10000000149011612,stage1_pref_001_ckpt_037,-113.6949462890625
weighted_sum,Weighted-Sum,7,10,0.0,1.0,0.0,stage1_pref_001_ckpt_037,-123.21114349365234
weighted_sum,Weighted-Sum,7,11,0.10000000149011612,0.0,0.8999999761581421,stage1_pref_001_ckpt_037,-70.04341888427734
weighted_sum,Weighted-Sum,7,12,0.10000000149011612,0.10000000149011612,0.800000011920929,stage1_pref_001_ckpt_037,-79.55961608886719
weighted_sum,Weighted-Sum,7,13,0.10000000149011612,0.20000000298023224,0.699999988079071,stage1_pref_001_ckpt_037,-89.07581329345703
weighted_sum,Weighted-Sum,7,14,0.10000000149011612,0.30000001192092896,0.6000000238418579,stage1_pref_001_ckpt_037,-98.59201049804688
weighted_sum,Weighted-Sum,7,15,0.10000000149011612,0.4000000059604645,0.5,stage1_pref_001_ckpt_037,-108.10820770263672
weighted_sum,Weighted-Sum,7,16,0.10000000149011612,0.5,0.4000000059604645,stage1_pref_001_ckpt_037,-117.62440490722656
weighted_sum,Weighted-Sum,7,17,0.10000000149011612,0.6000000238418579,0.30000001192092896,stage1_pref_001_ckpt_037,-127.14060974121094
weighted_sum,Weighted-Sum,7,18,0.10000000149011612,0.699999988079071,0.20000000298023224,stage1_pref_001_ckpt_037,-136.65679931640625
weighted_sum,Weighted-Sum,7,19,0.10000000149011612,0.800000011920929,0.10000000149011612,stage1_pref_001_ckpt_037,-146.17300415039062
weighted_sum,Weighted-Sum,7,20,0.10000000149011612,0.8999999761581421,0.0,stage1_pref_001_ckpt_037,-155.68919372558594
weighted_sum,Weighted-Sum,7,21,0.20000000298023224,0.0,0.800000011920929,stage1_pref_001_ckpt_037,-112.03767395019531
weighted_sum,Weighted-Sum,7,22,0.20000000298023224,0.10000000149011612,0.699999988079071,stage1_pref_001_ckpt_037,-121.55386352539062
weighted_sum,Weighted-Sum,7,23,0.20000000298023224,0.20000000298023224,0.6000000238418579,stage1_pref_001_ckpt_037,-131.070068359375
weighted_sum,Weighted-Sum,7,24,0.20000000298023224,0.30000001192092896,0.5,stage1_pref_001_ckpt_037,-140.5862579345703
weighted_sum,Weighted-Sum,7,25,0.20000000298023224,0.4000000059604645,0.4000000059604645,stage1_pref_001_ckpt_037,-150.1024627685547
weighted_sum,Weighted-Sum,7,26,0.20000000298023224,0.5,0.30000001192092896,stage1_pref_001_ckpt_037,-159.61865234375
weighted_sum,Weighted-Sum,7,27,0.20000000298023224,0.6000000238418579,0.20000000298023224,stage1_pref_001_ckpt_037,-169.13485717773438
weighted_sum,Weighted-Sum,7,28,0.20000000298023224,0.699999988079071,0.10000000149011612,stage1_pref_001_ckpt_037,-178.6510467529297
weighted_sum,Weighted-Sum,7,29,0.20000000298023224,0.800000011920929,0.0,stage1_pref_001_ckpt_037,-188.16725158691406
weighted_sum,Weighted-Sum,7,30,0.30000001192092896,0.0,0.699999988079071,stage1_pref_001_ckpt_037,-154.03192138671875
weighted_sum,Weighted-Sum,7,31,0.30000001192092896,0.10000000149011612,0.6000000238418579,stage1_pref_001_ckpt_037,-163.54812622070312
weighted_sum,Weighted-Sum,7,32,0.30000001192092896,0.20000000298023224,0.5,stage1_pref_001_ckpt_037,-173.06431579589844
weighted_sum,Weighted-Sum,7,33,0.30000001192092896,0.30000001192092896,0.4000000059604645,stage1_pref_001_ckpt_037,-182.5805206298828
weighted_sum,Weighted-Sum,7,34,0.30000001192092896,0.4000000059604645,0.30000001192092896,stage1_pref_001_ckpt_037,-192.09671020507812
weighted_sum,Weighted-Sum,7,35,0.30000001192092896,0.5,0.20000000298023224,stage1_pref_001_ckpt_037,-201.6129150390625
weighted_sum,Weighted-Sum,7,36,0.30000001192092896,0.6000000238418579,0.10000000149011612,stage1_pref_001_ckpt_037,-211.1291046142578
weighted_sum,Weighted-Sum,7,37,0.30000001192092896,0.699999988079071,0.0,stage1_pref_001_ckpt_037,-220.6453094482422
weighted_sum,Weighted-Sum,7,38,0.4000000059604645,0.0,0.6000000238418579,stage1_pref_001_ckpt_037,-196.0261688232422
weighted_sum,Weighted-Sum,7,39,0.4000000059604645,0.10000000149011612,0.5,stage1_pref_001_ckpt_037,-205.54237365722656
weighted_sum,Weighted-Sum,7,40,0.4000000059604645,0.20000000298023224,0.4000000059604645,stage1_pref_001_ckpt_037,-215.05856323242188
weighted_sum,Weighted-Sum,7,41,0.4000000059604645,0.30000001192092896,0.30000001192092896,stage1_pref_001_ckpt_037,-224.57476806640625
weighted_sum,Weighted-Sum,7,42,0.4000000059604645,0.4000000059604645,0.20000000298023224,stage1_pref_001_ckpt_037,-234.09095764160156
weighted_sum,Weighted-Sum,7,43,0.4000000059604645,0.5,0.10000000149011612,stage1_pref_001_ckpt_037,-243.60716247558594
weighted_sum,Weighted-Sum,7,44,0.4000000059604645,0.6000000238418579,0.0,stage1_pref_001_ckpt_037,-253.12335205078125
weighted_sum,Weighted-Sum,7,45,0.5,0.0,0.5,stage1_pref_001_ckpt_037,-238.02041625976562
weighted_sum,Weighted-Sum,7,46,0.5,0.10000000149011612,0.4000000059604645,stage1_pref_001_ckpt_037,-247.53662109375
weighted_sum,Weighted-Sum,7,47,0.5,0.20000000298023224,0.30000001192092896,stage1_pref_001_ckpt_037,-257.0528259277344
weighted_sum,Weighted-Sum,7,48,0.5,0.30000001192092896,0.20000000298023224,stage1_pref_001_ckpt_037,-266.5690002441406
weighted_sum,Weighted-Sum,7,49,0.5,0.4000000059604645,0.10000000149011612,stage1_pref_001_ckpt_037,-276.0852355957031
weighted_sum,Weighted-Sum,7,50,0.5,0.5,0.0,stage1_pref_001_ckpt_037,-285.6014099121094
weighted_sum,Weighted-Sum,7,51,0.6000000238418579,0.0,0.4000000059604645,stage1_pref_001_ckpt_037,-280.0146789550781
weighted_sum,Weighted-Sum,7,52,0.6000000238418579,0.10000000149011612,0.30000001192092896,stage1_pref_001_ckpt_037,-289.5308837890625
weighted_sum,Weighted-Sum,7,53,0.6000000238418579,0.20000000298023224,0.20000000298023224,stage1_pref_001_ckpt_037,-299.0470886230469
weighted_sum,Weighted-Sum,7,54,0.6000000238418579,0.30000001192092896,0.10000000149011612,stage1_pref_001_ckpt_037,-308.56329345703125
weighted_sum,Weighted-Sum,7,55,0.6000000238418579,0.4000000059604645,0.0,stage1_pref_001_ckpt_037,-318.0794677734375
weighted_sum,Weighted-Sum,7,56,0.699999988079071,0.0,0.30000001192092896,stage1_pref_001_ckpt_037,-322.0089416503906
weighted_sum,Weighted-Sum,7,57,0.699999988079071,0.10000000149011612,0.20000000298023224,stage1_pref_001_ckpt_037,-331.5251159667969
weighted_sum,Weighted-Sum,7,58,0.699999988079071,0.20000000298023224,0.10000000149011612,stage1_pref_001_ckpt_037,-341.0413513183594
weighted_sum,Weighted-Sum,7,59,0.699999988079071,0.30000001192092896,0.0,stage1_pref_001_ckpt_037,-350.5575256347656
weighted_sum,Weighted-Sum,7,60,0.800000011920929,0.0,0.20000000298023224,stage1_pref_001_ckpt_037,-364.003173828125
weighted_sum,Weighted-Sum,7,61,0.800000011920929,0.10000000149011612,0.10000000149011612,stage1_pref_001_ckpt_037,-373.5193786621094
weighted_sum,Weighted-Sum,7,62,0.800000011920929,0.20000000298023224,0.0,stage1_pref_001_ckpt_037,-383.03558349609375
weighted_sum,Weighted-Sum,7,63,0.8999999761581421,0.0,0.10000000149011612,stage1_pref_001_ckpt_037,-405.9974365234375
weighted_sum,Weighted-Sum,7,64,0.8999999761581421,0.10000000149011612,0.0,stage1_pref_001_ckpt_037,-415.51361083984375
weighted_sum,Weighted-Sum,7,65,1.0,0.0,0.0,stage1_pref_001_ckpt_037,-447.9916687011719
weighted_sum,Weighted-Sum,11,0,0.0,0.0,1.0,stage1_pref_003_ckpt_037,-20.10958480834961
weighted_sum,Weighted-Sum,11,1,0.0,0.10000000149011612,0.8999999761581421,stage1_pref_003_ckpt_019,-31.05299186706543
weighted_sum,Weighted-Sum,11,2,0.0,0.20000000298023224,0.800000011920929,stage1_pref_003_ckpt_019,-41.836814880371094
weighted_sum,Weighted-Sum,11,3,0.0,0.30000001192092896,0.699999988079071,stage1_pref_003_ckpt_019,-52.62063980102539
weighted_sum,Weighted-Sum,11,4,0.0,0.4000000059604645,0.6000000238418579,stage1_pref_003_ckpt_019,-63.40446090698242
weighted_sum,Weighted-Sum,11,5,0.0,0.5,0.5,stage1_pref_003_ckpt_019,-74.18827819824219
weighted_sum,Weighted-Sum,11,6,0.0,0.6000000238418579,0.4000000059604645,stage1_pref_003_ckpt_019,-84.97210693359375
weighted_sum,Weighted-Sum,11,7,0.0,0.699999988079071,0.30000001192092896,stage1_pref_000_ckpt_037,-95.54447174072266
weighted_sum,Weighted-Sum,11,8,0.0,0.800000011920929,0.20000000298023224,stage1_pref_000_ckpt_037,-105.85266876220703
weighted_sum,Weighted-Sum,11,9,0.0,0.8999999761581421,0.10000000149011612,stage1_pref_000_ckpt_037,-116.16085815429688
weighted_sum,Weighted-Sum,11,10,0.0,1.0,0.0,stage1_pref_000_ckpt_037,-126.46906280517578
weighted_sum,Weighted-Sum,11,11,0.10000000149011612,0.0,0.8999999761581421,stage1_pref_000_ckpt_019,-69.81070709228516
weighted_sum,Weighted-Sum,11,12,0.10000000149011612,0.10000000149011612,0.800000011920929,stage1_pref_000_ckpt_019,-80.60990905761719
weighted_sum,Weighted-Sum,11,13,0.10000000149011612,0.20000000298023224,0.699999988079071,stage1_pref_000_ckpt_019,-91.40910339355469
weighted_sum,Weighted-Sum,11,14,0.10000000149011612,0.30000001192092896,0.6000000238418579,stage1_pref_000_ckpt_019,-102.20829772949219
weighted_sum,Weighted-Sum,11,15,0.10000000149011612,0.4000000059604645,0.5,stage1_pref_000_ckpt_019,-113.00749206542969
weighted_sum,Weighted-Sum,11,16,0.10000000149011612,0.5,0.4000000059604645,stage1_pref_000_ckpt_019,-123.80669403076172
weighted_sum,Weighted-Sum,11,17,0.10000000149011612,0.6000000238418579,0.30000001192092896,stage1_pref_000_ckpt_019,-134.60589599609375
weighted_sum,Weighted-Sum,11,18,0.10000000149011612,0.699999988079071,0.20000000298023224,stage1_pref_000_ckpt_019,-145.40509033203125
weighted_sum,Weighted-Sum,11,19,0.10000000149011612,0.800000011920929,0.10000000149011612,stage1_pref_000_ckpt_019,-156.20428466796875
weighted_sum,Weighted-Sum,11,20,0.10000000149011612,0.8999999761581421,0.0,stage1_pref_000_ckpt_019,-167.00347900390625
weighted_sum,Weighted-Sum,11,21,0.20000000298023224,0.0,0.800000011920929,stage1_pref_000_ckpt_019,-115.26808166503906
weighted_sum,Weighted-Sum,11,22,0.20000000298023224,0.10000000149011612,0.699999988079071,stage1_pref_000_ckpt_019,-126.06727600097656
weighted_sum,Weighted-Sum,11,23,0.20000000298023224,0.20000000298023224,0.6000000238418579,stage1_pref_000_ckpt_019,-136.86648559570312
weighted_sum,Weighted-Sum,11,24,0.20000000298023224,0.30000001192092896,0.5,stage1_pref_000_ckpt_019,-147.66567993164062
weighted_sum,Weighted-Sum,11,25,0.20000000298023224,0.4000000059604645,0.4000000059604645,stage1_pref_000_ckpt_019,-158.46487426757812
weighted_sum,Weighted-Sum,11,26,0.20000000298023224,0.5,0.30000001192092896,stage1_pref_000_ckpt_019,-169.26406860351562
weighted_sum,Weighted-Sum,11,27,0.20000000298023224,0.6000000238418579,0.20000000298023224,stage1_pref_000_ckpt_019,-180.06326293945312
weighted_sum,Weighted-Sum,11,28,0.20000000298023224,0.699999988079071,0.10000000149011612,stage1_pref_000_ckpt_019,-190.86245727539062
weighted_sum,Weighted-Sum,11,29,0.20000000298023224,0.800000011920929,0.0,stage1_pref_000_ckpt_019,-201.66165161132812
weighted_sum,Weighted-Sum,11,30,0.30000001192092896,0.0,0.699999988079071,stage1_pref_000_ckpt_019,-160.7254638671875
weighted_sum,Weighted-Sum,11,31,0.30000001192092896,0.10000000149011612,0.6000000238418579,stage1_pref_000_ckpt_019,-171.524658203125
weighted_sum,Weighted-Sum,11,32,0.30000001192092896,0.20000000298023224,0.5,stage1_pref_000_ckpt_019,-182.3238525390625
weighted_sum,Weighted-Sum,11,33,0.30000001192092896,0.30000001192092896,0.4000000059604645,stage1_pref_000_ckpt_019,-193.12306213378906
weighted_sum,Weighted-Sum,11,34,0.30000001192092896,0.4000000059604645,0.30000001192092896,stage1_pref_000_ckpt_019,-203.92225646972656
weighted_sum,Weighted-Sum,11,35,0.30000001192092896,0.5,0.20000000298023224,stage1_pref_000_ckpt_019,-214.72145080566406
weighted_sum,Weighted-Sum,11,36,0.30000001192092896,0.6000000238418579,0.10000000149011612,stage1_pref_000_ckpt_019,-225.52066040039062
weighted_sum,Weighted-Sum,11,37,0.30000001192092896,0.699999988079071,0.0,stage1_pref_000_ckpt_019,-236.31985473632812
weighted_sum,Weighted-Sum,11,38,0.4000000059604645,0.0,0.6000000238418579,stage1_pref_000_ckpt_019,-206.18283081054688
weighted_sum,Weighted-Sum,11,39,0.4000000059604645,0.10000000149011612,0.5,stage1_pref_000_ckpt_019,-216.98202514648438
weighted_sum,Weighted-Sum,11,40,0.4000000059604645,0.20000000298023224,0.4000000059604645,stage1_pref_000_ckpt_019,-227.78121948242188
weighted_sum,Weighted-Sum,11,41,0.4000000059604645,0.30000001192092896,0.30000001192092896,stage1_pref_000_ckpt_019,-238.58042907714844
weighted_sum,Weighted-Sum,11,42,0.4000000059604645,0.4000000059604645,0.20000000298023224,stage1_pref_000_ckpt_019,-249.37962341308594
weighted_sum,Weighted-Sum,11,43,0.4000000059604645,0.5,0.10000000149011612,stage1_pref_000_ckpt_019,-260.1788024902344
weighted_sum,Weighted-Sum,11,44,0.4000000059604645,0.6000000238418579,0.0,stage1_pref_000_ckpt_019,-270.97802734375
weighted_sum,Weighted-Sum,11,45,0.5,0.0,0.5,stage1_pref_000_ckpt_019,-251.64019775390625
weighted_sum,Weighted-Sum,11,46,0.5,0.10000000149011612,0.4000000059604645,stage1_pref_000_ckpt_019,-262.43939208984375
weighted_sum,Weighted-Sum,11,47,0.5,0.20000000298023224,0.30000001192092896,stage1_pref_000_ckpt_019,-273.23858642578125
weighted_sum,Weighted-Sum,11,48,0.5,0.30000001192092896,0.20000000298023224,stage1_pref_000_ckpt_019,-284.03778076171875
weighted_sum,Weighted-Sum,11,49,0.5,0.4000000059604645,0.10000000149011612,stage1_pref_000_ckpt_019,-294.83697509765625
weighted_sum,Weighted-Sum,11,50,0.5,0.5,0.0,stage1_pref_000_ckpt_019,-305.63616943359375
weighted_sum,Weighted-Sum,11,51,0.6000000238418579,0.0,0.4000000059604645,stage1_pref_000_ckpt_019,-297.09759521484375
weighted_sum,Weighted-Sum,11,52,0.6000000238418579,0.10000000149011612,0.30000001192092896,stage1_pref_000_ckpt_019,-307.89678955078125
weighted_sum,Weighted-Sum,11,53,0.6000000238418579,0.20000000298023224,0.20000000298023224,stage1_pref_000_ckpt_019,-318.69598388671875
weighted_sum,Weighted-Sum,11,54,0.6000000238418579,0.30000001192092896,0.10000000149011612,stage1_pref_000_ckpt_019,-329.49517822265625
weighted_sum,Weighted-Sum,11,55,0.6000000238418579,0.4000000059604645,0.0,stage1_pref_000_ckpt_019,-340.29437255859375
weighted_sum,Weighted-Sum,11,56,0.699999988079071,0.0,0.30000001192092896,stage1_pref_000_ckpt_019,-342.554931640625
weighted_sum,Weighted-Sum,11,57,0.699999988079071,0.10000000149011612,0.20000000298023224,stage1_pref_000_ckpt_019,-353.3541259765625
weighted_sum,Weighted-Sum,11,58,0.699999988079071,0.20000000298023224,0.10000000149011612,stage1_pref_000_ckpt_019,-364.1533203125
weighted_sum,Weighted-Sum,11,59,0.699999988079071,0.30000001192092896,0.0,stage1_pref_000_ckpt_019,-374.9525146484375
weighted_sum,Weighted-Sum,11,60,0.800000011920929,0.0,0.20000000298023224,stage1_pref_000_ckpt_019,-388.0123291015625
weighted_sum,Weighted-Sum,11,61,0.800000011920929,0.10000000149011612,0.10000000149011612,stage1_pref_000_ckpt_019,-398.8115234375
weighted_sum,Weighted-Sum,11,62,0.800000011920929,0.20000000298023224,0.0,stage1_pref_000_ckpt_019,-409.6107177734375
weighted_sum,Weighted-Sum,11,63,0.8999999761581421,0.0,0.10000000149011612,stage1_pref_000_ckpt_019,-433.46966552734375
weighted_sum,Weighted-Sum,11,64,0.8999999761581421,0.10000000149011612,0.0,stage1_pref_000_ckpt_019,-444.26885986328125
weighted_sum,Weighted-Sum,11,65,1.0,0.0,0.0,stage1_pref_000_ckpt_019,-478.92706298828125
weighted_sum,Weighted-Sum,19,0,0.0,0.0,1.0,stage1_pref_004_ckpt_037,-19.09458351135254
weighted_sum,Weighted-Sum,19,1,0.0,0.10000000149011612,0.8999999761581421,stage1_pref_003_ckpt_019,-31.78247833251953
weighted_sum,Weighted-Sum,19,2,0.0,0.20000000298023224,0.800000011920929,stage1_pref_003_ckpt_019,-44.03995895385742
weighted_sum,Weighted-Sum,19,3,0.0,0.30000001192092896,0.699999988079071,stage1_pref_000_ckpt_037,-55.984832763671875
weighted_sum,Weighted-Sum,19,4,0.0,0.4000000059604645,0.6000000238418579,stage1_pref_000_ckpt_037,-67.04408264160156
weighted_sum,Weighted-Sum,19,5,0.0,0.5,0.5,stage1_pref_000_ckpt_037,-78.10333251953125
weighted_sum,Weighted-Sum,19,6,0.0,0.6000000238418579,0.4000000059604645,stage1_pref_000_ckpt_037,-89.16258239746094
weighted_sum,Weighted-Sum,19,7,0.0,0.699999988079071,0.30000001192092896,stage1_pref_000_ckpt_037,-100.22183227539062
weighted_sum,Weighted-Sum,19,8,0.0,0.800000011920929,0.20000000298023224,stage1_pref_000_ckpt_037,-111.28108215332031
weighted_sum,Weighted-Sum,19,9,0.0,0.8999999761581421,0.10000000149011612,stage1_pref_000_ckpt_037,-122.34033203125
weighted_sum,Weighted-Sum,19,10,0.0,1.0,0.0,stage1_pref_000_ckpt_037,-133.3995819091797
weighted_sum,Weighted-Sum,19,11,0.10000000149011612,0.0,0.8999999761581421,stage1_pref_000_ckpt_037,-69.8203353881836
weighted_sum,Weighted-Sum,19,12,0.10000000149011612,0.10000000149011612,0.800000011920929,stage1_pref_000_ckpt_037,-80.87958526611328
weighted_sum,Weighted-Sum,19,13,0.10000000149011612,0.20000000298023224,0.699999988079071,stage1_pref_000_ckpt_037,-91.93883514404297
weighted_sum,Weighted-Sum,19,14,0.10000000149011612,0.30000001192092896,0.6000000238418579,stage1_pref_000_ckpt_037,-102.99807739257812
weighted_sum,Weighted-Sum,19,15,0.10000000149011612,0.4000000059604645,0.5,stage1_pref_000_ckpt_037,-114.05733489990234
weighted_sum,Weighted-Sum,19,16,0.10000000149011612,0.5,0.4000000059604645,stage1_pref_000_ckpt_037,-125.1165771484375
weighted_sum,Weighted-Sum,19,17,0.10000000149011612,0.6000000238418579,0.30000001192092896,stage1_pref_000_ckpt_037,-136.17584228515625
weighted_sum,Weighted-Sum,19,18,0.10000000149011612,0.699999988079071,0.20000000298023224,stage1_pref_000_ckpt_037,-147.23507690429688
weighted_sum,Weighted-Sum,19,19,0.10000000149011612,0.800000011920929,0.10000000149011612,stage1_pref_000_ckpt_037,-158.29434204101562
weighted_sum,Weighted-Sum,19,20,0.10000000149011612,0.8999999761581421,0.0,stage1_pref_000_ckpt_037,-169.35357666015625
weighted_sum,Weighted-Sum,19,21,0.20000000298023224,0.0,0.800000011920929,stage1_pref_000_ckpt_037,-116.83358001708984
weighted_sum,Weighted-Sum,19,22,0.20000000298023224,0.10000000149011612,0.699999988079071,stage1_pref_000_ckpt_037,-127.89282989501953
weighted_sum,Weighted-Sum,19,23,0.20000000298023224,0.20000000298023224,0.6000000238418579,stage1_pref_000_ckpt_037,-138.95208740234375
weighted_sum,Weighted-Sum,19,24,0.20000000298023224,0.30000001192092896,0.5,stage1_pref_000_ckpt_037,-150.01133728027344
weighted_sum,Weighted-Sum,19,25,0.20000000298023224,0.4000000059604645,0.4000000059604645,stage1_pref_000_ckpt_037,-161.07058715820312
weighted_sum,Weighted-Sum,19,26,0.20000000298023224,0.5,0.30000001192092896,stage1_pref_000_ckpt_037,-172.1298370361328
weighted_sum,Weighted-Sum,19,27,0.20000000298023224,0.6000000238418579,0.20000000298023224,stage1_pref_000_ckpt_037,-183.18907165527344
weighted_sum,Weighted-Sum,19,28,0.20000000298023224,0.699999988079071,0.10000000149011612,stage1_pref_000_ckpt_037,-194.2483367919922
weighted_sum,Weighted-Sum,19,29,0.20000000298023224,0.800000011920929,0.0,stage1_pref_000_ckpt_037,-205.30758666992188
weighted_sum,Weighted-Sum,19,30,0.30000001192092896,0.0,0.699999988079071,stage1_pref_000_ckpt_037,-163.8468475341797
weighted_sum,Weighted-Sum,19,31,0.30000001192092896,0.10000000149011612,0.6000000238418579,stage1_pref_000_ckpt_037,-174.9060821533203
weighted_sum,Weighted-Sum,19,32,0.30000001192092896,0.20000000298023224,0.5,stage1_pref_000_ckpt_037,-185.96534729003906
weighted_sum,Weighted-Sum,19,33,0.30000001192092896,0.30000001192092896,0.4000000059604645,stage1_pref_000_ckpt_037,-197.02459716796875
weighted_sum,Weighted-Sum,19,34,0.30000001192092896,0.4000000059604645,0.30000001192092896,stage1_pref_000_ckpt_037,-208.08384704589844
weighted_sum,Weighted-Sum,19,35,0.30000001192092896,0.5,0.20000000298023224,stage1_pref_000_ckpt_037,-219.14308166503906
weighted_sum,Weighted-Sum,19,36,0.30000001192092896,0.6000000238418579,0.10000000149011612,stage1_pref_000_ckpt_037,-230.2023468017578
weighted_sum,Weighted-Sum,19,37,0.30000001192092896,0.699999988079071,0.0,stage1_pref_000_ckpt_037,-241.2615966796875
weighted_sum,Weighted-Sum,19,38,0.4000000059604645,0.0,0.6000000238418579,stage1_pref_000_ckpt_037,-210.86007690429688
weighted_sum,Weighted-Sum,19,39,0.4000000059604645,0.10000000149011612,0.5,stage1_pref_000_ckpt_037,-221.91932678222656
weighted_sum,Weighted-Sum,19,40,0.4000000059604645,0.20000000298023224,0.4000000059604645,stage1_pref_000_ckpt_037,-232.97857666015625
weighted_sum,Weighted-Sum,19,41,0.4000000059604645,0.30000001192092896,0.30000001192092896,stage1_pref_000_ckpt_037,-244.037841796875
weighted_sum,Weighted-Sum,19,42,0.4000000059604645,0.4000000059604645,0.20000000298023224,stage1_pref_000_ckpt_037,-255.09707641601562
weighted_sum,Weighted-Sum,19,43,0.4000000059604645,0.5,0.10000000149011612,stage1_pref_000_ckpt_037,-266.15631103515625
weighted_sum,Weighted-Sum,19,44,0.4000000059604645,0.6000000238418579,0.0,stage1_pref_000_ckpt_037,-277.215576171875
weighted_sum,Weighted-Sum,19,45,0.5,0.0,0.5,stage1_pref_000_ckpt_037,-257.8733215332031
weighted_sum,Weighted-Sum,19,46,0.5,0.10000000149011612,0.4000000059604645,stage1_pref_000_ckpt_037,-268.9325866699219
weighted_sum,Weighted-Sum,19,47,0.5,0.20000000298023224,0.30000001192092896,stage1_pref_000_ckpt_037,-279.9918518066406
weighted_sum,Weighted-Sum,19,48,0.5,0.30000001192092896,0.20000000298023224,stage1_pref_000_ckpt_037,-291.05108642578125
weighted_sum,Weighted-Sum,19,49,0.5,0.4000000059604645,0.10000000149011612,stage1_pref_000_ckpt_037,-302.1103210449219
weighted_sum,Weighted-Sum,19,50,0.5,0.5,0.0,stage1_pref_000_ckpt_037,-313.1695861816406
weighted_sum,Weighted-Sum,19,51,0.6000000238418579,0.0,0.4000000059604645,stage1_pref_000_ckpt_037,-304.8865966796875
weighted_sum,Weighted-Sum,19,52,0.6000000238418579,0.10000000149011612,0.30000001192092896,stage1_pref_000_ckpt_037,-315.94586181640625
weighted_sum,Weighted-Sum,19,53,0.6000000238418579,0.20000000298023224,0.20000000298023224,stage1_pref_000_ckpt_037,-327.0050964355469
weighted_sum,Weighted-Sum,19,54,0.6000000238418579,0.30000001192092896,0.10000000149011612,stage1_pref_000_ckpt_037,-338.0643310546875
weighted_sum,Weighted-Sum,19,55,0.6000000238418579,0.4000000059604645,0.0,stage1_pref_000_ckpt_037,-349.12359619140625
weighted_sum,Weighted-Sum,19,56,0.699999988079071,0.0,0.30000001192092896,stage1_pref_000_ckpt_037,-351.89984130859375
weighted_sum,Weighted-Sum,19,57,0.699999988079071,0.10000000149011612,0.20000000298023224,stage1_pref_000_ckpt_037,-362.9591064453125
weighted_sum,Weighted-Sum,19,58,0.699999988079071,0.20000000298023224,0.10000000149011612,stage1_pref_000_ckpt_037,-374.018310546875
weighted_sum,Weighted-Sum,19,59,0.699999988079071,0.30000001192092896,0.0,stage1_pref_000_ckpt_037,-385.07757568359375
weighted_sum,Weighted-Sum,19,60,0.800000011920929,0.0,0.20000000298023224,stage1_pref_000_ckpt_037,-398.9130859375
weighted_sum,Weighted-Sum,19,61,0.800000011920929,0.10000000149011612,0.10000000149011612,stage1_pref_000_ckpt_037,-409.9723205566406
weighted_sum,Weighted-Sum,19,62,0.800000011920929,0.20000000298023224,0.0,stage1_pref_000_ckpt_037,-421.03155517578125
weighted_sum,Weighted-Sum,19,63,0.8999999761581421,0.0,0.10000000149011612,stage1_pref_000_ckpt_037,-445.9263000488281
weighted_sum,Weighted-Sum,19,64,0.8999999761581421,0.10000000149011612,0.0,stage1_pref_000_ckpt_037,-456.9855651855469
weighted_sum,Weighted-Sum,19,65,1.0,0.0,0.0,stage1_pref_000_ckpt_037,-492.9395751953125
weighted_sum,Weighted-Sum,23,0,0.0,0.0,1.0,stage1_pref_001_ckpt_000,-20.729167938232422
weighted_sum,Weighted-Sum,23,1,0.0,0.10000000149011612,0.8999999761581421,stage1_pref_002_ckpt_000,-32.707252502441406
weighted_sum,Weighted-Sum,23,2,0.0,0.20000000298023224,0.800000011920929,stage1_pref_002_ckpt_000,-44.5861701965332
weighted_sum,Weighted-Sum,23,3,0.0,0.30000001192092896,0.699999988079071,stage1_pref_001_ckpt_037,-54.76919937133789
weighted_sum,Weighted-Sum,23,4,0.0,0.4000000059604645,0.6000000238418579,stage1_pref_001_ckpt_037,-64.06212615966797
weighted_sum,Weighted-Sum,23,5,0.0,0.5,0.5,stage1_pref_001_ckpt_037,-73.35504913330078
weighted_sum,Weighted-Sum,23,6,0.0,0.6000000238418579,0.4000000059604645,stage1_pref_001_ckpt_037,-82.64797973632812
weighted_sum,Weighted-Sum,23,7,0.0,0.699999988079071,0.30000001192092896,stage1_pref_001_ckpt_037,-91.94090270996094
weighted_sum,Weighted-Sum,23,8,0.0,0.800000011920929,0.20000000298023224,stage1_pref_001_ckpt_037,-101.23383331298828
weighted_sum,Weighted-Sum,23,9,0.0,0.8999999761581421,0.10000000149011612,stage1_pref_001_ckpt_037,-110.5267562866211
weighted_sum,Weighted-Sum,23,10,0.0,1.0,0.0,stage1_pref_001_ckpt_037,-119.81968688964844
weighted_sum,Weighted-Sum,23,11,0.10000000149011612,0.0,0.8999999761581421,stage1_pref_001_ckpt_037,-68.11408233642578
weighted_sum,Weighted-Sum,23,12,0.10000000149011612,0.10000000149011612,0.800000011920929,stage1_pref_001_ckpt_037,-77.40701293945312
weighted_sum,Weighted-Sum,23,13,0.10000000149011612,0.20000000298023224,0.699999988079071,stage1_pref_001_ckpt_037,-86.69993591308594
weighted_sum,Weighted-Sum,23,14,0.10000000149011612,0.30000001192092896,0.6000000238418579,stage1_pref_001_ckpt_037,-95.99285888671875
weighted_sum,Weighted-Sum,23,15,0.10000000149011612,0.4000000059604645,0.5,stage1_pref_001_ckpt_037,-105.2857894897461
weighted_sum,Weighted-Sum,23,16,0.10000000149011612,0.5,0.4000000059604645,stage1_pref_001_ckpt_037,-114.57872009277344
weighted_sum,Weighted-Sum,23,17,0.10000000149011612,0.6000000238418579,0.30000001192092896,stage1_pref_001_ckpt_037,-123.87164306640625
weighted_sum,Weighted-Sum,23,18,0.10000000149011612,0.699999988079071,0.20000000298023224,stage1_pref_001_ckpt_037,-133.16456604003906
weighted_sum,Weighted-Sum,23,19,0.10000000149011612,0.800000011920929,0.10000000149011612,stage1_pref_001_ckpt_037,-142.45750427246094
weighted_sum,Weighted-Sum,23,20,0.10000000149011612,0.8999999761581421,0.0,stage1_pref_001_ckpt_037,-151.75042724609375
weighted_sum,Weighted-Sum,23,21,0.20000000298023224,0.0,0.800000011920929,stage1_pref_001_ckpt_037,-109.33775329589844
weighted_sum,Weighted-Sum,23,22,0.20000000298023224,0.10000000149011612,0.699999988079071,stage1_pref_001_ckpt_037,-118.63067626953125
weighted_sum,Weighted-Sum,23,23,0.20000000298023224,0.20000000298023224,0.6000000238418579,stage1_pref_001_ckpt_037,-127.92359924316406
weighted_sum,Weighted-Sum,23,24,0.20000000298023224,0.30000001192092896,0.5,stage1_pref_001_ckpt_037,-137.21653747558594
weighted_sum,Weighted-Sum,23,25,0.20000000298023224,0.4000000059604645,0.4000000059604645,stage1_pref_001_ckpt_037,-146.50946044921875
weighted_sum,Weighted-Sum,23,26,0.20000000298023224,0.5,0.30000001192092896,stage1_pref_001_ckpt_037,-155.80238342285156
weighted_sum,Weighted-Sum,23,27,0.20000000298023224,0.6000000238418579,0.20000000298023224,stage1_pref_001_ckpt_037,-165.09530639648438
weighted_sum,Weighted-Sum,23,28,0.20000000298023224,0.699999988079071,0.10000000149011612,stage1_pref_001_ckpt_037,-174.3882293701172
weighted_sum,Weighted-Sum,23,29,0.20000000298023224,0.800000011920929,0.0,stage1_pref_001_ckpt_037,-183.68116760253906
weighted_sum,Weighted-Sum,23,30,0.30000001192092896,0.0,0.699999988079071,stage1_pref_001_ckpt_037,-150.56141662597656
weighted_sum,Weighted-Sum,23,31,0.30000001192092896,0.10000000149011612,0.6000000238418579,stage1_pref_001_ckpt_037,-159.85433959960938
weighted_sum,Weighted-Sum,23,32,0.30000001192092896,0.20000000298023224,0.5,stage1_pref_001_ckpt_037,-169.14727783203125
weighted_sum,Weighted-Sum,23,33,0.30000001192092896,0.30000001192092896,0.4000000059604645,stage1_pref_001_ckpt_037,-178.44020080566406
weighted_sum,Weighted-Sum,23,34,0.30000001192092896,0.4000000059604645,0.30000001192092896,stage1_pref_001_ckpt_037,-187.73312377929688
weighted_sum,Weighted-Sum,23,35,0.30000001192092896,0.5,0.20000000298023224,stage1_pref_001_ckpt_037,-197.02606201171875
weighted_sum,Weighted-Sum,23,36,0.30000001192092896,0.6000000238418579,0.10000000149011612,stage1_pref_001_ckpt_037,-206.31898498535156
weighted_sum,Weighted-Sum,23,37,0.30000001192092896,0.699999988079071,0.0,stage1_pref_001_ckpt_037,-215.61190795898438
weighted_sum,Weighted-Sum,23,38,0.4000000059604645,0.0,0.6000000238418579,stage1_pref_001_ckpt_037,-191.7850799560547
weighted_sum,Weighted-Sum,23,39,0.4000000059604645,0.10000000149011612,0.5,stage1_pref_001_ckpt_037,-201.0780029296875
weighted_sum,Weighted-Sum,23,40,0.4000000059604645,0.20000000298023224,0.4000000059604645,stage1_pref_001_ckpt_037,-210.37094116210938
weighted_sum,Weighted-Sum,23,41,0.4000000059604645,0.30000001192092896,0.30000001192092896,stage1_pref_001_ckpt_037,-219.6638641357422
weighted_sum,Weighted-Sum,23,42,0.4000000059604645,0.4000000059604645,0.20000000298023224,stage1_pref_001_ckpt_037,-228.956787109375
weighted_sum,Weighted-Sum,23,43,0.4000000059604645,0.5,0.10000000149011612,stage1_pref_001_ckpt_037,-238.2497100830078
weighted_sum,Weighted-Sum,23,44,0.4000000059604645,0.6000000238418579,0.0,stage1_pref_001_ckpt_037,-247.5426483154297
weighted_sum,Weighted-Sum,23,45,0.5,0.0,0.5,stage1_pref_001_ckpt_037,-233.0087432861328
weighted_sum,Weighted-Sum,23,46,0.5,0.10000000149011612,0.4000000059604645,stage1_pref_001_ckpt_037,-242.30166625976562
weighted_sum,Weighted-Sum,23,47,0.5,0.20000000298023224,0.30000001192092896,stage1_pref_001_ckpt_037,-251.5946044921875
weighted_sum,Weighted-Sum,23,48,0.5,0.30000001192092896,0.20000000298023224,stage1_pref_001_ckpt_037,-260.8875427246094
weighted_sum,Weighted-Sum,23,49,0.5,0.4000000059604645,0.10000000149011612,stage1_pref_001_ckpt_037,-270.18048095703125
weighted_sum,Weighted-Sum,23,50,0.5,0.5,0.0,stage1_pref_001_ckpt_037,-279.473388671875
weighted_sum,Weighted-Sum,23,51,0.6000000238418579,0.0,0.4000000059604645,stage1_pref_001_ckpt_037,-274.232421875
weighted_sum,Weighted-Sum,23,52,0.6000000238418579,0.10000000149011612,0.30000001192092896,stage1_pref_001_ckpt_037,-283.5253601074219
weighted_sum,Weighted-Sum,23,53,0.6000000238418579,0.20000000298023224,0.20000000298023224,stage1_pref_001_ckpt_037,-292.8182678222656
weighted_sum,Weighted-Sum,23,54,0.6000000238418579,0.30000001192092896,0.10000000149011612,stage1_pref_001_ckpt_037,-302.1112365722656
weighted_sum,Weighted-Sum,23,55,0.6000000238418579,0.4000000059604645,0.0,stage1_pref_001_ckpt_037,-311.4041442871094
weighted_sum,Weighted-Sum,23,56,0.699999988079071,0.0,0.30000001192092896,stage1_pref_001_ckpt_037,-315.4560852050781
weighted_sum,Weighted-Sum,23,57,0.699999988079071,0.10000000149011612,0.20000000298023224,stage1_pref_001_ckpt_037,-324.7489929199219
weighted_sum,Weighted-Sum,23,58,0.699999988079071,0.20000000298023224,0.10000000149011612,stage1_pref_001_ckpt_037,-334.04193115234375
weighted_sum,Weighted-Sum,23,59,0.699999988079071,0.30000001192092896,0.0,stage1_pref_001_ckpt_037,-343.3348388671875
weighted_sum,Weighted-Sum,23,60,0.800000011920929,0.0,0.20000000298023224,stage1_pref_001_ckpt_037,-356.67974853515625
weighted_sum,Weighted-Sum,23,61,0.800000011920929,0.10000000149011612,0.10000000149011612,stage1_pref_001_ckpt_037,-365.9726867675781
weighted_sum,Weighted-Sum,23,62,0.800000011920929,0.20000000298023224,0.0,stage1_pref_001_ckpt_037,-375.2655944824219
weighted_sum,Weighted-Sum,23,63,0.8999999761581421,0.0,0.10000000149011612,stage1_pref_001_ckpt_037,-397.9034118652344
weighted_sum,Weighted-Sum,23,64,0.8999999761581421,0.10000000149011612,0.0,stage1_pref_001_ckpt_037,-407.1963195800781
weighted_sum,Weighted-Sum,23,65,1.0,0.0,0.0,stage1_pref_001_ckpt_037,-439.1270751953125
weighted_sum,Weighted-Sum,29,0,0.0,0.0,1.0,stage1_pref_001_ckpt_037,-20.26791763305664
weighted_sum,Weighted-Sum,29,1,0.0,0.10000000149011612,0.8999999761581421,stage1_pref_001_ckpt_037,-31.152511596679688
weighted_sum,Weighted-Sum,29,2,0.0,0.20000000298023224,0.800000011920929,stage1_pref_001_ckpt_037,-42.037109375
weighted_sum,Weighted-Sum,29,3,0.0,0.30000001192092896,0.699999988079071,stage1_pref_001_ckpt_037,-52.92170333862305
weighted_sum,Weighted-Sum,29,4,0.0,0.4000000059604645,0.6000000238418579,stage1_pref_001_ckpt_037,-63.806297302246094
weighted_sum,Weighted-Sum,29,5,0.0,0.5,0.5,stage1_pref_001_ckpt_037,-74.69088745117188
weighted_sum,Weighted-Sum,29,6,0.0,0.6000000238418579,0.4000000059604645,stage1_pref_001_ckpt_037,-85.57549285888672
weighted_sum,Weighted-Sum,29,7,0.0,0.699999988079071,0.30000001192092896,stage1_pref_001_ckpt_037,-96.46007537841797
weighted_sum,Weighted-Sum,29,8,0.0,0.800000011920929,0.20000000298023224,stage1_pref_001_ckpt_037,-107.34467315673828
weighted_sum,Weighted-Sum,29,9,0.0,0.8999999761581421,0.10000000149011612,stage1_pref_003_ckpt_037,-117.9152603149414
weighted_sum,Weighted-Sum,29,10,0.0,1.0,0.0,stage1_pref_003_ckpt_037,-128.3738555908203
weighted_sum,Weighted-Sum,29,11,0.10000000149011612,0.0,0.8999999761581421,stage1_pref_003_ckpt_019,-74.36524963378906
weighted_sum,Weighted-Sum,29,12,0.10000000149011612,0.10000000149011612,0.800000011920929,stage1_pref_003_ckpt_019,-86.76366424560547
weighted_sum,Weighted-Sum,29,13,0.10000000149011612,0.20000000298023224,0.699999988079071,stage1_pref_003_ckpt_037,-98.09673309326172
weighted_sum,Weighted-Sum,29,14,0.10000000149011612,0.30000001192092896,0.6000000238418579,stage1_pref_003_ckpt_037,-108.55532836914062
weighted_sum,Weighted-Sum,29,15,0.10000000149011612,0.4000000059604645,0.5,stage1_pref_003_ckpt_037,-119.01392364501953
weighted_sum,Weighted-Sum,29,16,0.10000000149011612,0.5,0.4000000059604645,stage1_pref_003_ckpt_037,-129.47250366210938
weighted_sum,Weighted-Sum,29,17,0.10000000149011612,0.6000000238418579,0.30000001192092896,stage1_pref_003_ckpt_037,-139.93112182617188
weighted_sum,Weighted-Sum,29,18,0.10000000149011612,0.699999988079071,0.20000000298023224,stage1_pref_003_ckpt_037,-150.3896942138672
weighted_sum,Weighted-Sum,29,19,0.10000000149011612,0.800000011920929,0.10000000149011612,stage1_pref_003_ckpt_037,-160.84829711914062
weighted_sum,Weighted-Sum,29,20,0.10000000149011612,0.8999999761581421,0.0,stage1_pref_003_ckpt_037,-171.306884765625
weighted_sum,Weighted-Sum,29,21,0.20000000298023224,0.0,0.800000011920929,stage1_pref_003_ckpt_019,-126.49134063720703
weighted_sum,Weighted-Sum,29,22,0.20000000298023224,0.10000000149011612,0.699999988079071,stage1_pref_003_ckpt_019,-138.88973999023438
weighted_sum,Weighted-Sum,29,23,0.20000000298023224,0.20000000298023224,0.6000000238418579,stage1_pref_003_ckpt_019,-151.2881622314453
weighted_sum,Weighted-Sum,29,24,0.20000000298023224,0.30000001192092896,0.5,stage1_pref_003_ckpt_037,-161.94696044921875
weighted_sum,Weighted-Sum,29,25,0.20000000298023224,0.4000000059604645,0.4000000059604645,stage1_pref_003_ckpt_037,-172.40554809570312
weighted_sum,Weighted-Sum,29,26,0.20000000298023224,0.5,0.30000001192092896,stage1_pref_003_ckpt_037,-182.8641357421875
weighted_sum,Weighted-Sum,29,27,0.20000000298023224,0.6000000238418579,0.20000000298023224,stage1_pref_003_ckpt_037,-193.32273864746094
weighted_sum,Weighted-Sum,29,28,0.20000000298023224,0.699999988079071,0.10000000149011612,stage1_pref_003_ckpt_037,-203.78131103515625
weighted_sum,Weighted-Sum,29,29,0.20000000298023224,0.800000011920929,0.0,stage1_pref_003_ckpt_037,-214.23992919921875
weighted_sum,Weighted-Sum,29,30,0.30000001192092896,0.0,0.699999988079071,stage1_pref_003_ckpt_019,-178.61741638183594
weighted_sum,Weighted-Sum,29,31,0.30000001192092896,0.10000000149011612,0.6000000238418579,stage1_pref_003_ckpt_019,-191.01583862304688
weighted_sum,Weighted-Sum,29,32,0.30000001192092896,0.20000000298023224,0.5,stage1_pref_003_ckpt_019,-203.4142303466797
weighted_sum,Weighted-Sum,29,33,0.30000001192092896,0.30000001192092896,0.4000000059604645,stage1_pref_003_ckpt_037,-215.3385772705078
weighted_sum,Weighted-Sum,29,34,0.30000001192092896,0.4000000059604645,0.30000001192092896,stage1_pref_003_ckpt_037,-225.79718017578125
weighted_sum,Weighted-Sum,29,35,0.30000001192092896,0.5,0.20000000298023224,stage1_pref_003_ckpt_037,-236.25575256347656
weighted_sum,Weighted-Sum,29,36,0.30000001192092896,0.6000000238418579,0.10000000149011612,stage1_pref_003_ckpt_037,-246.71435546875
weighted_sum,Weighted-Sum,29,37,0.30000001192092896,0.699999988079071,0.0,stage1_pref_003_ckpt_037,-257.1729431152344
weighted_sum,Weighted-Sum,29,38,0.4000000059604645,0.0,0.6000000238418579,stage1_pref_003_ckpt_019,-230.74351501464844
weighted_sum,Weighted-Sum,29,39,0.4000000059604645,0.10000000149011612,0.5,stage1_pref_003_ckpt_019,-243.1419219970703
weighted_sum,Weighted-Sum,29,40,0.4000000059604645,0.20000000298023224,0.4000000059604645,stage1_pref_003_ckpt_019,-255.54031372070312
weighted_sum,Weighted-Sum,29,41,0.4000000059604645,0.30000001192092896,0.30000001192092896,stage1_pref_003_ckpt_019,-267.938720703125
weighted_sum,Weighted-Sum,29,42,0.4000000059604645,0.4000000059604645,0.20000000298023224,stage1_pref_003_ckpt_037,-279.18878173828125
weighted_sum,Weighted-Sum,29,43,0.4000000059604645,0.5,0.10000000149011612,stage1_pref_003_ckpt_037,-289.6473693847656
weighted_sum,Weighted-Sum,29,44,0.4000000059604645,0.6000000238418579,0.0,stage1_pref_003_ckpt_037,-300.1059875488281
weighted_sum,Weighted-Sum,29,45,0.5,0.0,0.5,stage1_pref_003_ckpt_019,-282.8695983886719
weighted_sum,Weighted-Sum,29,46,0.5,0.10000000149011612,0.4000000059604645,stage1_pref_003_ckpt_019,-295.2679748535156
weighted_sum,Weighted-Sum,29,47,0.5,0.20000000298023224,0.30000001192092896,stage1_pref_003_ckpt_019,-307.6664123535156
weighted_sum,Weighted-Sum,29,48,0.5,0.30000001192092896,0.20000000298023224,stage1_pref_003_ckpt_019,-320.0648193359375
weighted_sum,Weighted-Sum,29,49,0.5,0.4000000059604645,0.10000000149011612,stage1_pref_003_ckpt_019,-332.46319580078125
weighted_sum,Weighted-Sum,29,50,0.5,0.5,0.0,stage1_pref_003_ckpt_037,-343.03900146484375
weighted_sum,Weighted-Sum,29,51,0.6000000238418579,0.0,0.4000000059604645,stage1_pref_003_ckpt_019,-334.99566650390625
weighted_sum,Weighted-Sum,29,52,0.6000000238418579,0.10000000149011612,0.30000001192092896,stage1_pref_003_ckpt_019,-347.3940734863281
weighted_sum,Weighted-Sum,29,53,0.6000000238418579,0.20000000298023224,0.20000000298023224,stage1_pref_003_ckpt_019,-359.7925109863281
weighted_sum,Weighted-Sum,29,54,0.6000000238418579,0.30000001192092896,0.10000000149011612,stage1_pref_003_ckpt_019,-372.1908874511719
weighted_sum,Weighted-Sum,29,55,0.6000000238418579,0.4000000059604645,0.0,stage1_pref_003_ckpt_019,-384.58929443359375
weighted_sum,Weighted-Sum,29,56,0.699999988079071,0.0,0.30000001192092896,stage1_pref_003_ckpt_019,-387.1217346191406
weighted_sum,Weighted-Sum,29,57,0.699999988079071,0.10000000149011612,0.20000000298023224,stage1_pref_003_ckpt_019,-399.5201416015625
weighted_sum,Weighted-Sum,29,58,0.699999988079071,0.20000000298023224,0.10000000149011612,stage1_pref_003_ckpt_019,-411.9185485839844
weighted_sum,Weighted-Sum,29,59,0.699999988079071,0.30000001192092896,0.0,stage1_pref_003_ckpt_019,-424.31695556640625
weighted_sum,Weighted-Sum,29,60,0.800000011920929,0.0,0.20000000298023224,stage1_pref_003_ckpt_019,-439.24786376953125
weighted_sum,Weighted-Sum,29,61,0.800000011920929,0.10000000149011612,0.10000000149011612,stage1_pref_003_ckpt_019,-451.646240234375
weighted_sum,Weighted-Sum,29,62,0.800000011920929,0.20000000298023224,0.0,stage1_pref_003_ckpt_019,-464.044677734375
weighted_sum,Weighted-Sum,29,63,0.8999999761581421,0.0,0.10000000149011612,stage1_pref_003_ckpt_019,-491.3739013671875
weighted_sum,Weighted-Sum,29,64,0.8999999761581421,0.10000000149011612,0.0,stage1_pref_003_ckpt_019,-503.7723083496094
weighted_sum,Weighted-Sum,29,65,1.0,0.0,0.0,stage1_pref_003_ckpt_019,-543.5
preference_conditioned_ppo,Preference-Conditioned PPO,7,0,0.0,0.0,1.0,evaluated_pref_033,-22.996667861938477
preference_conditioned_ppo,Preference-Conditioned PPO,7,1,0.0,0.10000000149011612,0.8999999761581421,evaluated_pref_015,-31.91229248046875
preference_conditioned_ppo,Preference-Conditioned PPO,7,2,0.0,0.20000000298023224,0.800000011920929,evaluated_pref_015,-40.35625076293945
preference_conditioned_ppo,Preference-Conditioned PPO,7,3,0.0,0.30000001192092896,0.699999988079071,evaluated_pref_015,-48.800209045410156
preference_conditioned_ppo,Preference-Conditioned PPO,7,4,0.0,0.4000000059604645,0.6000000238418579,evaluated_pref_015,-57.24416732788086
preference_conditioned_ppo,Preference-Conditioned PPO,7,5,0.0,0.5,0.5,evaluated_pref_015,-65.68812561035156
preference_conditioned_ppo,Preference-Conditioned PPO,7,6,0.0,0.6000000238418579,0.4000000059604645,evaluated_pref_015,-74.13208770751953
preference_conditioned_ppo,Preference-Conditioned PPO,7,7,0.0,0.699999988079071,0.30000001192092896,evaluated_pref_015,-82.57603454589844
preference_conditioned_ppo,Preference-Conditioned PPO,7,8,0.0,0.800000011920929,0.20000000298023224,evaluated_pref_015,-91.0199966430664
preference_conditioned_ppo,Preference-Conditioned PPO,7,9,0.0,0.8999999761581421,0.10000000149011612,evaluated_pref_015,-99.46395111083984
preference_conditioned_ppo,Preference-Conditioned PPO,7,10,0.0,1.0,0.0,evaluated_pref_015,-107.90791320800781
preference_conditioned_ppo,Preference-Conditioned PPO,7,11,0.10000000149011612,0.0,0.8999999761581421,evaluated_pref_013,-64.39375305175781
preference_conditioned_ppo,Preference-Conditioned PPO,7,12,0.10000000149011612,0.10000000149011612,0.800000011920929,evaluated_pref_013,-72.99974060058594
preference_conditioned_ppo,Preference-Conditioned PPO,7,13,0.10000000149011612,0.20000000298023224,0.699999988079071,evaluated_pref_013,-81.60572814941406
preference_conditioned_ppo,Preference-Conditioned PPO,7,14,0.10000000149011612,0.30000001192092896,0.6000000238418579,evaluated_pref_013,-90.21172332763672
preference_conditioned_ppo,Preference-Conditioned PPO,7,15,0.10000000149011612,0.4000000059604645,0.5,evaluated_pref_015,-98.72566986083984
preference_conditioned_ppo,Preference-Conditioned PPO,7,16,0.10000000149011612,0.5,0.4000000059604645,evaluated_pref_015,-107.16962432861328
preference_conditioned_ppo,Preference-Conditioned PPO,7,17,0.10000000149011612,0.6000000238418579,0.30000001192092896,evaluated_pref_015,-115.61358642578125
preference_conditioned_ppo,Preference-Conditioned PPO,7,18,0.10000000149011612,0.699999988079071,0.20000000298023224,evaluated_pref_015,-124.05754089355469
preference_conditioned_ppo,Preference-Conditioned PPO,7,19,0.10000000149011612,0.800000011920929,0.10000000149011612,evaluated_pref_015,-132.50149536132812
preference_conditioned_ppo,Preference-Conditioned PPO,7,20,0.10000000149011612,0.8999999761581421,0.0,evaluated_pref_015,-140.94544982910156
preference_conditioned_ppo,Preference-Conditioned PPO,7,21,0.20000000298023224,0.0,0.800000011920929,evaluated_pref_013,-105.09584045410156
preference_conditioned_ppo,Preference-Conditioned PPO,7,22,0.20000000298023224,0.10000000149011612,0.699999988079071,evaluated_pref_013,-113.70182800292969
preference_conditioned_ppo,Preference-Conditioned PPO,7,23,0.20000000298023224,0.20000000298023224,0.6000000238418579,evaluated_pref_013,-122.30782318115234
preference_conditioned_ppo,Preference-Conditioned PPO,7,24,0.20000000298023224,0.30000001192092896,0.5,evaluated_pref_013,-130.913818359375
preference_conditioned_ppo,Preference-Conditioned PPO,7,25,0.20000000298023224,0.4000000059604645,0.4000000059604645,evaluated_pref_013,-139.51979064941406
preference_conditioned_ppo,Preference-Conditioned PPO,7,26,0.20000000298023224,0.5,0.30000001192092896,evaluated_pref_013,-148.1257781982422
preference_conditioned_ppo,Preference-Conditioned PPO,7,27,0.20000000298023224,0.6000000238418579,0.20000000298023224,evaluated_pref_013,-156.7317657470703
preference_conditioned_ppo,Preference-Conditioned PPO,7,28,0.20000000298023224,0.699999988079071,0.10000000149011612,evaluated_pref_013,-165.3377685546875
preference_conditioned_ppo,Preference-Conditioned PPO,7,29,0.20000000298023224,0.800000011920929,0.0,evaluated_pref_013,-173.94375610351562
preference_conditioned_ppo,Preference-Conditioned PPO,7,30,0.30000001192092896,0.0,0.699999988079071,evaluated_pref_013,-145.7979278564453
preference_conditioned_ppo,Preference-Conditioned PPO,7,31,0.30000001192092896,0.10000000149011612,0.6000000238418579,evaluated_pref_013,-154.40391540527344
preference_conditioned_ppo,Preference-Conditioned PPO,7,32,0.30000001192092896,0.20000000298023224,0.5,evaluated_pref_013,-163.00991821289062
preference_conditioned_ppo,Preference-Conditioned PPO,7,33,0.30000001192092896,0.30000001192092896,0.4000000059604645,evaluated_pref_013,-171.61590576171875
preference_conditioned_ppo,Preference-Conditioned PPO,7,34,0.30000001192092896,0.4000000059604645,0.30000001192092896,evaluated_pref_013,-180.2218780517578
preference_conditioned_ppo,Preference-Conditioned PPO,7,35,0.30000001192092896,0.5,0.20000000298023224,evaluated_pref_013,-188.82786560058594
preference_conditioned_ppo,Preference-Conditioned PPO,7,36,0.30000001192092896,0.6000000238418579,0.10000000149011612,evaluated_pref_013,-197.43386840820312
preference_conditioned_ppo,Preference-Conditioned PPO,7,37,0.30000001192092896,0.699999988079071,0.0,evaluated_pref_013,-206.03985595703125
preference_conditioned_ppo,Preference-Conditioned PPO,7,38,0.4000000059604645,0.0,0.6000000238418579,evaluated_pref_013,-186.5
preference_conditioned_ppo,Preference-Conditioned PPO,7,39,0.4000000059604645,0.10000000149011612,0.5,evaluated_pref_013,-195.1060028076172
preference_conditioned_ppo,Preference-Conditioned PPO,7,40,0.4000000059604645,0.20000000298023224,0.4000000059604645,evaluated_pref_013,-203.7119903564453
preference_conditioned_ppo,Preference-Conditioned PPO,7,41,0.4000000059604645,0.30000001192092896,0.30000001192092896,evaluated_pref_013,-212.31797790527344
preference_conditioned_ppo,Preference-Conditioned PPO,7,42,0.4000000059604645,0.4000000059604645,0.20000000298023224,evaluated_pref_013,-220.92396545410156
preference_conditioned_ppo,Preference-Conditioned PPO,7,43,0.4000000059604645,0.5,0.10000000149011612,evaluated_pref_013,-229.5299530029297
preference_conditioned_ppo,Preference-Conditioned PPO,7,44,0.4000000059604645,0.6000000238418579,0.0,evaluated_pref_013,-238.13595581054688
preference_conditioned_ppo,Preference-Conditioned PPO,7,45,0.5,0.0,0.5,evaluated_pref_013,-227.20208740234375
preference_conditioned_ppo,Preference-Conditioned PPO,7,46,0.5,0.10000000149011612,0.4000000059604645,evaluated_pref_013,-235.80807495117188
preference_conditioned_ppo,Preference-Conditioned PPO,7,47,0.5,0.20000000298023224,0.30000001192092896,evaluated_pref_013,-244.4140625
preference_conditioned_ppo,Preference-Conditioned PPO,7,48,0.5,0.30000001192092896,0.20000000298023224,evaluated_pref_013,-253.02005004882812
preference_conditioned_ppo,Preference-Conditioned PPO,7,49,0.5,0.4000000059604645,0.10000000149011612,evaluated_pref_013,-261.62603759765625
preference_conditioned_ppo,Preference-Conditioned PPO,7,50,0.5,0.5,0.0,evaluated_pref_013,-270.2320251464844
preference_conditioned_ppo,Preference-Conditioned PPO,7,51,0.6000000238418579,0.0,0.4000000059604645,evaluated_pref_013,-267.9041748046875
preference_conditioned_ppo,Preference-Conditioned PPO,7,52,0.6000000238418579,0.10000000149011612,0.30000001192092896,evaluated_pref_013,-276.51019287109375
preference_conditioned_ppo,Preference-Conditioned PPO,7,53,0.6000000238418579,0.20000000298023224,0.20000000298023224,evaluated_pref_013,-285.1161804199219
preference_conditioned_ppo,Preference-Conditioned PPO,7,54,0.6000000238418579,0.30000001192092896,0.10000000149011612,evaluated_pref_013,-293.72216796875
preference_conditioned_ppo,Preference-Conditioned PPO,7,55,0.6000000238418579,0.4000000059604645,0.0,evaluated_pref_013,-302.3281555175781
preference_conditioned_ppo,Preference-Conditioned PPO,7,56,0.699999988079071,0.0,0.30000001192092896,evaluated_pref_013,-308.60626220703125
preference_conditioned_ppo,Preference-Conditioned PPO,7,57,0.699999988079071,0.10000000149011612,0.20000000298023224,evaluated_pref_013,-317.2122497558594
preference_conditioned_ppo,Preference-Conditioned PPO,7,58,0.699999988079071,0.20000000298023224,0.10000000149011612,evaluated_pref_013,-325.8182373046875
preference_conditioned_ppo,Preference-Conditioned PPO,7,59,0.699999988079071,0.30000001192092896,0.0,evaluated_pref_013,-334.4242248535156
preference_conditioned_ppo,Preference-Conditioned PPO,7,60,0.800000011920929,0.0,0.20000000298023224,evaluated_pref_013,-349.308349609375
preference_conditioned_ppo,Preference-Conditioned PPO,7,61,0.800000011920929,0.10000000149011612,0.10000000149011612,evaluated_pref_013,-357.9143371582031
preference_conditioned_ppo,Preference-Conditioned PPO,7,62,0.800000011920929,0.20000000298023224,0.0,evaluated_pref_013,-366.52032470703125
preference_conditioned_ppo,Preference-Conditioned PPO,7,63,0.8999999761581421,0.0,0.10000000149011612,evaluated_pref_013,-390.0104064941406
preference_conditioned_ppo,Preference-Conditioned PPO,7,64,0.8999999761581421,0.10000000149011612,0.0,evaluated_pref_013,-398.61639404296875
preference_conditioned_ppo,Preference-Conditioned PPO,7,65,1.0,0.0,0.0,evaluated_pref_013,-430.7124938964844
preference_conditioned_ppo,Preference-Conditioned PPO,11,0,0.0,0.0,1.0,evaluated_pref_049,-21.755001068115234
preference_conditioned_ppo,Preference-Conditioned PPO,11,1,0.0,0.10000000149011612,0.8999999761581421,evaluated_pref_020,-33.094791412353516
preference_conditioned_ppo,Preference-Conditioned PPO,11,2,0.0,0.20000000298023224,0.800000011920929,evaluated_pref_020,-44.258331298828125
preference_conditioned_ppo,Preference-Conditioned PPO,11,3,0.0,0.30000001192092896,0.699999988079071,evaluated_pref_052,-55.362159729003906
preference_conditioned_ppo,Preference-Conditioned PPO,11,4,0.0,0.4000000059604645,0.6000000238418579,evaluated_pref_052,-66.41079711914062
preference_conditioned_ppo,Preference-Conditioned PPO,11,5,0.0,0.5,0.5,evaluated_pref_052,-77.45942687988281
preference_conditioned_ppo,Preference-Conditioned PPO,11,6,0.0,0.6000000238418579,0.4000000059604645,evaluated_pref_052,-88.50806427001953
preference_conditioned_ppo,Preference-Conditioned PPO,11,7,0.0,0.699999988079071,0.30000001192092896,evaluated_pref_052,-99.55670166015625
preference_conditioned_ppo,Preference-Conditioned PPO,11,8,0.0,0.800000011920929,0.20000000298023224,evaluated_pref_052,-110.60533905029297
preference_conditioned_ppo,Preference-Conditioned PPO,11,9,0.0,0.8999999761581421,0.10000000149011612,evaluated_pref_052,-121.65396881103516
preference_conditioned_ppo,Preference-Conditioned PPO,11,10,0.0,1.0,0.0,evaluated_pref_052,-132.70260620117188
preference_conditioned_ppo,Preference-Conditioned PPO,11,11,0.10000000149011612,0.0,0.8999999761581421,evaluated_pref_052,-69.01337432861328
preference_conditioned_ppo,Preference-Conditioned PPO,11,12,0.10000000149011612,0.10000000149011612,0.800000011920929,evaluated_pref_052,-80.06201171875
preference_conditioned_ppo,Preference-Conditioned PPO,11,13,0.10000000149011612,0.20000000298023224,0.699999988079071,evaluated_pref_052,-91.11064910888672
preference_conditioned_ppo,Preference-Conditioned PPO,11,14,0.10000000149011612,0.30000001192092896,0.6000000238418579,evaluated_pref_052,-102.1592788696289
preference_conditioned_ppo,Preference-Conditioned PPO,11,15,0.10000000149011612,0.4000000059604645,0.5,evaluated_pref_052,-113.20791625976562
preference_conditioned_ppo,Preference-Conditioned PPO,11,16,0.10000000149011612,0.5,0.4000000059604645,evaluated_pref_052,-124.25655364990234
preference_conditioned_ppo,Preference-Conditioned PPO,11,17,0.10000000149011612,0.6000000238418579,0.30000001192092896,evaluated_pref_052,-135.30519104003906
preference_conditioned_ppo,Preference-Conditioned PPO,11,18,0.10000000149011612,0.699999988079071,0.20000000298023224,evaluated_pref_052,-146.35382080078125
preference_conditioned_ppo,Preference-Conditioned PPO,11,19,0.10000000149011612,0.800000011920929,0.10000000149011612,evaluated_pref_052,-157.40245056152344
preference_conditioned_ppo,Preference-Conditioned PPO,11,20,0.10000000149011612,0.8999999761581421,0.0,evaluated_pref_052,-168.4510955810547
preference_conditioned_ppo,Preference-Conditioned PPO,11,21,0.20000000298023224,0.0,0.800000011920929,evaluated_pref_052,-115.81050109863281
preference_conditioned_ppo,Preference-Conditioned PPO,11,22,0.20000000298023224,0.10000000149011612,0.699999988079071,evaluated_pref_052,-126.85913848876953
preference_conditioned_ppo,Preference-Conditioned PPO,11,23,0.20000000298023224,0.20000000298023224,0.6000000238418579,evaluated_pref_052,-137.90777587890625
preference_conditioned_ppo,Preference-Conditioned PPO,11,24,0.20000000298023224,0.30000001192092896,0.5,evaluated_pref_052,-148.95640563964844
preference_conditioned_ppo,Preference-Conditioned PPO,11,25,0.20000000298023224,0.4000000059604645,0.4000000059604645,evaluated_pref_052,-160.0050506591797
preference_conditioned_ppo,Preference-Conditioned PPO,11,26,0.20000000298023224,0.5,0.30000001192092896,evaluated_pref_052,-171.0536651611328
preference_conditioned_ppo,Preference-Conditioned PPO,11,27,0.20000000298023224,0.6000000238418579,0.20000000298023224,evaluated_pref_052,-182.10231018066406
preference_conditioned_ppo,Preference-Conditioned PPO,11,28,0.20000000298023224,0.699999988079071,0.10000000149011612,evaluated_pref_052,-193.15093994140625
preference_conditioned_ppo,Preference-Conditioned PPO,11,29,0.20000000298023224,0.800000011920929,0.0,evaluated_pref_052,-204.1995849609375
preference_conditioned_ppo,Preference-Conditioned PPO,11,30,0.30000001192092896,0.0,0.699999988079071,evaluated_pref_052,-162.60763549804688
preference_conditioned_ppo,Preference-Conditioned PPO,11,31,0.30000001192092896,0.10000000149011612,0.6000000238418579,evaluated_pref_052,-173.65628051757812
preference_conditioned_ppo,Preference-Conditioned PPO,11,32,0.30000001192092896,0.20000000298023224,0.5,evaluated_pref_052,-184.7049102783203
preference_conditioned_ppo,Preference-Conditioned PPO,11,33,0.30000001192092896,0.30000001192092896,0.4000000059604645,evaluated_pref_052,-195.7535400390625
preference_conditioned_ppo,Preference-Conditioned PPO,11,34,0.30000001192092896,0.4000000059604645,0.30000001192092896,evaluated_pref_052,-206.8021697998047
preference_conditioned_ppo,Preference-Conditioned PPO,11,35,0.30000001192092896,0.5,0.20000000298023224,evaluated_pref_052,-217.85081481933594
preference_conditioned_ppo,Preference-Conditioned PPO,11,36,0.30000001192092896,0.6000000238418579,0.10000000149011612,evaluated_pref_052,-228.89944458007812
preference_conditioned_ppo,Preference-Conditioned PPO,11,37,0.30000001192092896,0.699999988079071,0.0,evaluated_pref_052,-239.94808959960938
preference_conditioned_ppo,Preference-Conditioned PPO,11,38,0.4000000059604645,0.0,0.6000000238418579,evaluated_pref_052,-209.40475463867188
preference_conditioned_ppo,Preference-Conditioned PPO,11,39,0.4000000059604645,0.10000000149011612,0.5,evaluated_pref_052,-220.45338439941406
preference_conditioned_ppo,Preference-Conditioned PPO,11,40,0.4000000059604645,0.20000000298023224,0.4000000059604645,evaluated_pref_052,-231.5020294189453
preference_conditioned_ppo,Preference-Conditioned PPO,11,41,0.4000000059604645,0.30000001192092896,0.30000001192092896,evaluated_pref_052,-242.55064392089844
preference_conditioned_ppo,Preference-Conditioned PPO,11,42,0.4000000059604645,0.4000000059604645,0.20000000298023224,evaluated_pref_052,-253.5992889404297
preference_conditioned_ppo,Preference-Conditioned PPO,11,43,0.4000000059604645,0.5,0.10000000149011612,evaluated_pref_052,-264.6479187011719
preference_conditioned_ppo,Preference-Conditioned PPO,11,44,0.4000000059604645,0.6000000238418579,0.0,evaluated_pref_052,-275.6965637207031
preference_conditioned_ppo,Preference-Conditioned PPO,11,45,0.5,0.0,0.5,evaluated_pref_052,-256.2018737792969
preference_conditioned_ppo,Preference-Conditioned PPO,11,46,0.5,0.10000000149011612,0.4000000059604645,evaluated_pref_052,-267.2505187988281
preference_conditioned_ppo,Preference-Conditioned PPO,11,47,0.5,0.20000000298023224,0.30000001192092896,evaluated_pref_052,-278.2991638183594
preference_conditioned_ppo,Preference-Conditioned PPO,11,48,0.5,0.30000001192092896,0.20000000298023224,evaluated_pref_052,-289.3477783203125
preference_conditioned_ppo,Preference-Conditioned PPO,11,49,0.5,0.4000000059604645,0.10000000149011612,evaluated_pref_052,-300.39642333984375
preference_conditioned_ppo,Preference-Conditioned PPO,11,50,0.5,0.5,0.0,evaluated_pref_052,-311.445068359375
preference_conditioned_ppo,Preference-Conditioned PPO,11,51,0.6000000238418579,0.0,0.4000000059604645,evaluated_pref_052,-302.9990234375
preference_conditioned_ppo,Preference-Conditioned PPO,11,52,0.6000000238418579,0.10000000149011612,0.30000001192092896,evaluated_pref_052,-314.04766845703125
preference_conditioned_ppo,Preference-Conditioned PPO,11,53,0.6000000238418579,0.20000000298023224,0.20000000298023224,evaluated_pref_052,-325.0962829589844
preference_conditioned_ppo,Preference-Conditioned PPO,11,54,0.6000000238418579,0.30000001192092896,0.10000000149011612,evaluated_pref_052,-336.1449279785156
preference_conditioned_ppo,Preference-Conditioned PPO,11,55,0.6000000238418579,0.4000000059604645,0.0,evaluated_pref_052,-347.1935729980469
preference_conditioned_ppo,Preference-Conditioned PPO,11,56,0.699999988079071,0.0,0.30000001192092896,evaluated_pref_052,-349.796142578125
preference_conditioned_ppo,Preference-Conditioned PPO,11,57,0.699999988079071,0.10000000149011612,0.20000000298023224,evaluated_pref_052,-360.8447570800781
preference_conditioned_ppo,Preference-Conditioned PPO,11,58,0.699999988079071,0.20000000298023224,0.10000000149011612,evaluated_pref_052,-371.8934020996094
preference_conditioned_ppo,Preference-Conditioned PPO,11,59,0.699999988079071,0.30000001192092896,0.0,evaluated_pref_052,-382.9420471191406
preference_conditioned_ppo,Preference-Conditioned PPO,11,60,0.800000011920929,0.0,0.20000000298023224,evaluated_pref_052,-396.5932312011719
preference_conditioned_ppo,Preference-Conditioned PPO,11,61,0.800000011920929,0.10000000149011612,0.10000000149011612,evaluated_pref_052,-407.6418762207031
preference_conditioned_ppo,Preference-Conditioned PPO,11,62,0.800000011920929,0.20000000298023224,0.0,evaluated_pref_052,-418.6905212402344
preference_conditioned_ppo,Preference-Conditioned PPO,11,63,0.8999999761581421,0.0,0.10000000149011612,evaluated_pref_052,-443.3903503417969
preference_conditioned_ppo,Preference-Conditioned PPO,11,64,0.8999999761581421,0.10000000149011612,0.0,evaluated_pref_052,-454.4389953613281
preference_conditioned_ppo,Preference-Conditioned PPO,11,65,1.0,0.0,0.0,evaluated_pref_052,-490.1875
preference_conditioned_ppo,Preference-Conditioned PPO,19,0,0.0,0.0,1.0,evaluated_pref_003,-24.5262508392334
preference_conditioned_ppo,Preference-Conditioned PPO,19,1,0.0,0.10000000149011612,0.8999999761581421,evaluated_pref_033,-34.546478271484375
preference_conditioned_ppo,Preference-Conditioned PPO,19,2,0.0,0.20000000298023224,0.800000011920929,evaluated_pref_033,-44.15337371826172
preference_conditioned_ppo,Preference-Conditioned PPO,19,3,0.0,0.30000001192092896,0.699999988079071,evaluated_pref_033,-53.760276794433594
preference_conditioned_ppo,Preference-Conditioned PPO,19,4,0.0,0.4000000059604645,0.6000000238418579,evaluated_pref_033,-63.36716842651367
preference_conditioned_ppo,Preference-Conditioned PPO,19,5,0.0,0.5,0.5,evaluated_pref_033,-72.97406005859375
preference_conditioned_ppo,Preference-Conditioned PPO,19,6,0.0,0.6000000238418579,0.4000000059604645,evaluated_pref_033,-82.58096313476562
preference_conditioned_ppo,Preference-Conditioned PPO,19,7,0.0,0.699999988079071,0.30000001192092896,evaluated_pref_033,-92.18785095214844
preference_conditioned_ppo,Preference-Conditioned PPO,19,8,0.0,0.800000011920929,0.20000000298023224,evaluated_pref_033,-101.79475402832031
preference_conditioned_ppo,Preference-Conditioned PPO,19,9,0.0,0.8999999761581421,0.10000000149011612,evaluated_pref_033,-111.40164184570312
preference_conditioned_ppo,Preference-Conditioned PPO,19,10,0.0,1.0,0.0,evaluated_pref_033,-121.008544921875
preference_conditioned_ppo,Preference-Conditioned PPO,19,11,0.10000000149011612,0.0,0.8999999761581421,evaluated_pref_033,-65.69083404541016
preference_conditioned_ppo,Preference-Conditioned PPO,19,12,0.10000000149011612,0.10000000149011612,0.800000011920929,evaluated_pref_033,-75.2977294921875
preference_conditioned_ppo,Preference-Conditioned PPO,19,13,0.10000000149011612,0.20000000298023224,0.699999988079071,evaluated_pref_033,-84.90462493896484
preference_conditioned_ppo,Preference-Conditioned PPO,19,14,0.10000000149011612,0.30000001192092896,0.6000000238418579,evaluated_pref_033,-94.51152801513672
preference_conditioned_ppo,Preference-Conditioned PPO,19,15,0.10000000149011612,0.4000000059604645,0.5,evaluated_pref_033,-104.11842346191406
preference_conditioned_ppo,Preference-Conditioned PPO,19,16,0.10000000149011612,0.5,0.4000000059604645,evaluated_pref_033,-113.72531127929688
preference_conditioned_ppo,Preference-Conditioned PPO,19,17,0.10000000149011612,0.6000000238418579,0.30000001192092896,evaluated_pref_033,-123.33221435546875
preference_conditioned_ppo,Preference-Conditioned PPO,19,18,0.10000000149011612,0.699999988079071,0.20000000298023224,evaluated_pref_033,-132.93910217285156
preference_conditioned_ppo,Preference-Conditioned PPO,19,19,0.10000000149011612,0.800000011920929,0.10000000149011612,evaluated_pref_033,-142.54600524902344
preference_conditioned_ppo,Preference-Conditioned PPO,19,20,0.10000000149011612,0.8999999761581421,0.0,evaluated_pref_033,-152.15289306640625
preference_conditioned_ppo,Preference-Conditioned PPO,19,21,0.20000000298023224,0.0,0.800000011920929,evaluated_pref_033,-106.44208526611328
preference_conditioned_ppo,Preference-Conditioned PPO,19,22,0.20000000298023224,0.10000000149011612,0.699999988079071,evaluated_pref_033,-116.04898071289062
preference_conditioned_ppo,Preference-Conditioned PPO,19,23,0.20000000298023224,0.20000000298023224,0.6000000238418579,evaluated_pref_033,-125.65587615966797
preference_conditioned_ppo,Preference-Conditioned PPO,19,24,0.20000000298023224,0.30000001192092896,0.5,evaluated_pref_033,-135.2627716064453
preference_conditioned_ppo,Preference-Conditioned PPO,19,25,0.20000000298023224,0.4000000059604645,0.4000000059604645,evaluated_pref_033,-144.86965942382812
preference_conditioned_ppo,Preference-Conditioned PPO,19,26,0.20000000298023224,0.5,0.30000001192092896,evaluated_pref_033,-154.4765625
preference_conditioned_ppo,Preference-Conditioned PPO,19,27,0.20000000298023224,0.6000000238418579,0.20000000298023224,evaluated_pref_033,-164.08346557617188
preference_conditioned_ppo,Preference-Conditioned PPO,19,28,0.20000000298023224,0.699999988079071,0.10000000149011612,evaluated_pref_033,-173.6903533935547
preference_conditioned_ppo,Preference-Conditioned PPO,19,29,0.20000000298023224,0.800000011920929,0.0,evaluated_pref_033,-183.29725646972656
preference_conditioned_ppo,Preference-Conditioned PPO,19,30,0.30000001192092896,0.0,0.699999988079071,evaluated_pref_033,-147.19332885742188
preference_conditioned_ppo,Preference-Conditioned PPO,19,31,0.30000001192092896,0.10000000149011612,0.6000000238418579,evaluated_pref_033,-156.80023193359375
preference_conditioned_ppo,Preference-Conditioned PPO,19,32,0.30000001192092896,0.20000000298023224,0.5,evaluated_pref_033,-166.40711975097656
preference_conditioned_ppo,Preference-Conditioned PPO,19,33,0.30000001192092896,0.30000001192092896,0.4000000059604645,evaluated_pref_033,-176.01402282714844
preference_conditioned_ppo,Preference-Conditioned PPO,19,34,0.30000001192092896,0.4000000059604645,0.30000001192092896,evaluated_pref_033,-185.62091064453125
preference_conditioned_ppo,Preference-Conditioned PPO,19,35,0.30000001192092896,0.5,0.20000000298023224,evaluated_pref_033,-195.22781372070312
preference_conditioned_ppo,Preference-Conditioned PPO,19,36,0.30000001192092896,0.6000000238418579,0.10000000149011612,evaluated_pref_033,-204.834716796875
preference_conditioned_ppo,Preference-Conditioned PPO,19,37,0.30000001192092896,0.699999988079071,0.0,evaluated_pref_033,-214.4416046142578
preference_conditioned_ppo,Preference-Conditioned PPO,19,38,0.4000000059604645,0.0,0.6000000238418579,evaluated_pref_033,-187.944580078125
preference_conditioned_ppo,Preference-Conditioned PPO,19,39,0.4000000059604645,0.10000000149011612,0.5,evaluated_pref_033,-197.55148315429688
preference_conditioned_ppo,Preference-Conditioned PPO,19,40,0.4000000059604645,0.20000000298023224,0.4000000059604645,evaluated_pref_033,-207.1583709716797
preference_conditioned_ppo,Preference-Conditioned PPO,19,41,0.4000000059604645,0.30000001192092896,0.30000001192092896,evaluated_pref_033,-216.76527404785156
preference_conditioned_ppo,Preference-Conditioned PPO,19,42,0.4000000059604645,0.4000000059604645,0.20000000298023224,evaluated_pref_033,-226.37216186523438
preference_conditioned_ppo,Preference-Conditioned PPO,19,43,0.4000000059604645,0.5,0.10000000149011612,evaluated_pref_033,-235.97906494140625
preference_conditioned_ppo,Preference-Conditioned PPO,19,44,0.4000000059604645,0.6000000238418579,0.0,evaluated_pref_033,-245.58596801757812
preference_conditioned_ppo,Preference-Conditioned PPO,19,45,0.5,0.0,0.5,evaluated_pref_033,-228.69583129882812
preference_conditioned_ppo,Preference-Conditioned PPO,19,46,0.5,0.10000000149011612,0.4000000059604645,evaluated_pref_033,-238.302734375
preference_conditioned_ppo,Preference-Conditioned PPO,19,47,0.5,0.20000000298023224,0.30000001192092896,evaluated_pref_033,-247.9096221923828
preference_conditioned_ppo,Preference-Conditioned PPO,19,48,0.5,0.30000001192092896,0.20000000298023224,evaluated_pref_033,-257.51654052734375
preference_conditioned_ppo,Preference-Conditioned PPO,19,49,0.5,0.4000000059604645,0.10000000149011612,evaluated_pref_033,-267.1234130859375
preference_conditioned_ppo,Preference-Conditioned PPO,19,50,0.5,0.5,0.0,evaluated_pref_033,-276.7303161621094
preference_conditioned_ppo,Preference-Conditioned PPO,19,51,0.6000000238418579,0.0,0.4000000059604645,evaluated_pref_033,-269.44708251953125
preference_conditioned_ppo,Preference-Conditioned PPO,19,52,0.6000000238418579,0.10000000149011612,0.30000001192092896,evaluated_pref_033,-279.0539855957031
preference_conditioned_ppo,Preference-Conditioned PPO,19,53,0.6000000238418579,0.20000000298023224,0.20000000298023224,evaluated_pref_033,-288.660888671875
preference_conditioned_ppo,Preference-Conditioned PPO,19,54,0.6000000238418579,0.30000001192092896,0.10000000149011612,evaluated_pref_033,-298.26776123046875
preference_conditioned_ppo,Preference-Conditioned PPO,19,55,0.6000000238418579,0.4000000059604645,0.0,evaluated_pref_033,-307.8746643066406
preference_conditioned_ppo,Preference-Conditioned PPO,19,56,0.699999988079071,0.0,0.30000001192092896,evaluated_pref_033,-310.1983337402344
preference_conditioned_ppo,Preference-Conditioned PPO,19,57,0.699999988079071,0.10000000149011612,0.20000000298023224,evaluated_pref_033,-319.80523681640625
preference_conditioned_ppo,Preference-Conditioned PPO,19,58,0.699999988079071,0.20000000298023224,0.10000000149011612,evaluated_pref_033,-329.4121398925781
preference_conditioned_ppo,Preference-Conditioned PPO,19,59,0.699999988079071,0.30000001192092896,0.0,evaluated_pref_033,-339.01904296875
preference_conditioned_ppo,Preference-Conditioned PPO,19,60,0.800000011920929,0.0,0.20000000298023224,evaluated_pref_033,-350.9495849609375
preference_conditioned_ppo,Preference-Conditioned PPO,19,61,0.800000011920929,0.10000000149011612,0.10000000149011612,evaluated_pref_033,-360.5564880371094
preference_conditioned_ppo,Preference-Conditioned PPO,19,62,0.800000011920929,0.20000000298023224,0.0,evaluated_pref_033,-370.16339111328125
preference_conditioned_ppo,Preference-Conditioned PPO,19,63,0.8999999761581421,0.0,0.10000000149011612,evaluated_pref_033,-391.7008361816406
preference_conditioned_ppo,Preference-Conditioned PPO,19,64,0.8999999761581421,0.10000000149011612,0.0,evaluated_pref_033,-401.3077392578125
preference_conditioned_ppo,Preference-Conditioned PPO,19,65,1.0,0.0,0.0,evaluated_pref_033,-432.45208740234375
pcn,PCN,7,0,0.0,0.0,1.0,evaluated_pref_000,-20.012500762939453
pcn,PCN,7,1,0.0,0.10000000149011612,0.8999999761581421,evaluated_pref_001,-31.69210433959961
pcn,PCN,7,2,0.0,0.20000000298023224,0.800000011920929,evaluated_pref_006,-42.62364959716797
pcn,PCN,7,3,0.0,0.30000001192092896,0.699999988079071,evaluated_pref_006,-53.359012603759766
pcn,PCN,7,4,0.0,0.4000000059604645,0.6000000238418579,evaluated_pref_054,-63.41645812988281
pcn,PCN,7,5,0.0,0.5,0.5,evaluated_pref_054,-71.801513671875
pcn,PCN,7,6,0.0,0.6000000238418579,0.4000000059604645,evaluated_pref_054,-80.18656158447266
pcn,PCN,7,7,0.0,0.699999988079071,0.30000001192092896,evaluated_pref_054,-88.57160949707031
pcn,PCN,7,8,0.0,0.800000011920929,0.20000000298023224,evaluated_pref_054,-96.9566650390625
pcn,PCN,7,9,0.0,0.8999999761581421,0.10000000149011612,evaluated_pref_054,-105.34171295166016
pcn,PCN,7,10,0.0,1.0,0.0,evaluated_pref_054,-113.72676849365234
pcn,PCN,7,11,0.10000000149011612,0.0,0.8999999761581421,evaluated_pref_035,-68.34649658203125
pcn,PCN,7,12,0.10000000149011612,0.10000000149011612,0.800000011920929,evaluated_pref_035,-77.0023193359375
pcn,PCN,7,13,0.10000000149011612,0.20000000298023224,0.699999988079071,evaluated_pref_054,-85.43955993652344
pcn,PCN,7,14,0.10000000149011612,0.30000001192092896,0.6000000238418579,evaluated_pref_054,-93.82461547851562
pcn,PCN,7,15,0.10000000149011612,0.4000000059604645,0.5,evaluated_pref_054,-102.20967102050781
pcn,PCN,7,16,0.10000000149011612,0.5,0.4000000059604645,evaluated_pref_054,-110.59471893310547
pcn,PCN,7,17,0.10000000149011612,0.6000000238418579,0.30000001192092896,evaluated_pref_054,-118.97976684570312
pcn,PCN,7,18,0.10000000149011612,0.699999988079071,0.20000000298023224,evaluated_pref_054,-127.36482238769531
pcn,PCN,7,19,0.10000000149011612,0.800000011920929,0.10000000149011612,evaluated_pref_054,-135.7498779296875
pcn,PCN,7,20,0.10000000149011612,0.8999999761581421,0.0,evaluated_pref_054,-144.13491821289062
pcn,PCN,7,21,0.20000000298023224,0.0,0.800000011920929,evaluated_pref_035,-107.14341735839844
pcn,PCN,7,22,0.20000000298023224,0.10000000149011612,0.699999988079071,evaluated_pref_035,-115.79923248291016
pcn,PCN,7,23,0.20000000298023224,0.20000000298023224,0.6000000238418579,evaluated_pref_054,-124.23277282714844
pcn,PCN,7,24,0.20000000298023224,0.30000001192092896,0.5,evaluated_pref_054,-132.61782836914062
pcn,PCN,7,25,0.20000000298023224,0.4000000059604645,0.4000000059604645,evaluated_pref_054,-141.00286865234375
pcn,PCN,7,26,0.20000000298023224,0.5,0.30000001192092896,evaluated_pref_054,-149.38792419433594
pcn,PCN,7,27,0.20000000298023224,0.6000000238418579,0.20000000298023224,evaluated_pref_054,-157.77297973632812
pcn,PCN,7,28,0.20000000298023224,0.699999988079071,0.10000000149011612,evaluated_pref_054,-166.1580352783203
pcn,PCN,7,29,0.20000000298023224,0.800000011920929,0.0,evaluated_pref_054,-174.5430908203125
pcn,PCN,7,30,0.30000001192092896,0.0,0.699999988079071,evaluated_pref_035,-145.94033813476562
pcn,PCN,7,31,0.30000001192092896,0.10000000149011612,0.6000000238418579,evaluated_pref_035,-154.59616088867188
pcn,PCN,7,32,0.30000001192092896,0.20000000298023224,0.5,evaluated_pref_054,-163.02598571777344
pcn,PCN,7,33,0.30000001192092896,0.30000001192092896,0.4000000059604645,evaluated_pref_054,-171.41102600097656
pcn,PCN,7,34,0.30000001192092896,0.4000000059604645,0.30000001192092896,evaluated_pref_054,-179.79608154296875
pcn,PCN,7,35,0.30000001192092896,0.5,0.20000000298023224,evaluated_pref_054,-188.18113708496094
pcn,PCN,7,36,0.30000001192092896,0.6000000238418579,0.10000000149011612,evaluated_pref_054,-196.56617736816406
pcn,PCN,7,37,0.30000001192092896,0.699999988079071,0.0,evaluated_pref_054,-204.95123291015625
pcn,PCN,7,38,0.4000000059604645,0.0,0.6000000238418579,evaluated_pref_035,-184.73724365234375
pcn,PCN,7,39,0.4000000059604645,0.10000000149011612,0.5,evaluated_pref_035,-193.39306640625
pcn,PCN,7,40,0.4000000059604645,0.20000000298023224,0.4000000059604645,evaluated_pref_054,-201.81918334960938
pcn,PCN,7,41,0.4000000059604645,0.30000001192092896,0.30000001192092896,evaluated_pref_054,-210.20423889160156
pcn,PCN,7,42,0.4000000059604645,0.4000000059604645,0.20000000298023224,evaluated_pref_054,-218.58929443359375
pcn,PCN,7,43,0.4000000059604645,0.5,0.10000000149011612,evaluated_pref_054,-226.97434997558594
pcn,PCN,7,44,0.4000000059604645,0.6000000238418579,0.0,evaluated_pref_054,-235.35940551757812
pcn,PCN,7,45,0.5,0.0,0.5,evaluated_pref_035,-223.53416442871094
pcn,PCN,7,46,0.5,0.10000000149011612,0.4000000059604645,evaluated_pref_035,-232.1899871826172
pcn,PCN,7,47,0.5,0.20000000298023224,0.30000001192092896,evaluated_pref_054,-240.6123809814453
pcn,PCN,7,48,0.5,0.30000001192092896,0.20000000298023224,evaluated_pref_054,-248.9974365234375
pcn,PCN,7,49,0.5,0.4000000059604645,0.10000000149011612,evaluated_pref_054,-257.38250732421875
pcn,PCN,7,50,0.5,0.5,0.0,evaluated_pref_054,-265.7675476074219
pcn,PCN,7,51,0.6000000238418579,0.0,0.4000000059604645,evaluated_pref_035,-262.3310852050781
pcn,PCN,7,52,0.6000000238418579,0.10000000149011612,0.30000001192092896,evaluated_pref_035,-270.9869079589844
pcn,PCN,7,53,0.6000000238418579,0.20000000298023224,0.20000000298023224,evaluated_pref_054,-279.4056091308594
pcn,PCN,7,54,0.6000000238418579,0.30000001192092896,0.10000000149011612,evaluated_pref_054,-287.7906494140625
pcn,PCN,7,55,0.6000000238418579,0.4000000059604645,0.0,evaluated_pref_054,-296.17572021484375
pcn,PCN,7,56,0.699999988079071,0.0,0.30000001192092896,evaluated_pref_035,-301.12799072265625
pcn,PCN,7,57,0.699999988079071,0.10000000149011612,0.20000000298023224,evaluated_pref_035,-309.7838134765625
pcn,PCN,7,58,0.699999988079071,0.20000000298023224,0.10000000149011612,evaluated_pref_054,-318.19879150390625
pcn,PCN,7,59,0.699999988079071,0.30000001192092896,0.0,evaluated_pref_054,-326.5838623046875
pcn,PCN,7,60,0.800000011920929,0.0,0.20000000298023224,evaluated_pref_035,-339.9248962402344
pcn,PCN,7,61,0.800000011920929,0.10000000149011612,0.10000000149011612,evaluated_pref_035,-348.5807189941406
pcn,PCN,7,62,0.800000011920929,0.20000000298023224,0.0,evaluated_pref_054,-356.9920349121094
pcn,PCN,7,63,0.8999999761581421,0.0,0.10000000149011612,evaluated_pref_035,-378.7218017578125
pcn,PCN,7,64,0.8999999761581421,0.10000000149011612,0.0,evaluated_pref_035,-387.37762451171875
pcn,PCN,7,65,1.0,0.0,0.0,evaluated_pref_035,-417.51873779296875
pcn,PCN,11,0,0.0,0.0,1.0,evaluated_pref_000,-21.137916564941406
pcn,PCN,11,1,0.0,0.10000000149011612,0.8999999761581421,evaluated_pref_000,-32.2197380065918
pcn,PCN,11,2,0.0,0.20000000298023224,0.800000011920929,evaluated_pref_001,-42.13798141479492
pcn,PCN,11,3,0.0,0.30000001192092896,0.699999988079071,evaluated_pref_001,-51.84696960449219
pcn,PCN,11,4,0.0,0.4000000059604645,0.6000000238418579,evaluated_pref_010,-61.50975036621094
pcn,PCN,11,5,0.0,0.5,0.5,evaluated_pref_010,-70.82447814941406
pcn,PCN,11,6,0.0,0.6000000238418579,0.4000000059604645,evaluated_pref_010,-80.13921356201172
pcn,PCN,11,7,0.0,0.699999988079071,0.30000001192092896,evaluated_pref_010,-89.45394134521484
pcn,PCN,11,8,0.0,0.800000011920929,0.20000000298023224,evaluated_pref_010,-98.76866912841797
pcn,PCN,11,9,0.0,0.8999999761581421,0.10000000149011612,evaluated_pref_010,-108.0833969116211
pcn,PCN,11,10,0.0,1.0,0.0,evaluated_pref_010,-117.39812469482422
pcn,PCN,11,11,0.10000000149011612,0.0,0.8999999761581421,evaluated_pref_018,-65.99874877929688
pcn,PCN,11,12,0.10000000149011612,0.10000000149011612,0.800000011920929,evaluated_pref_010,-75.53547668457031
pcn,PCN,11,13,0.10000000149011612,0.20000000298023224,0.699999988079071,evaluated_pref_010,-84.85021209716797
pcn,PCN,11,14,0.10000000149011612,0.30000001192092896,0.6000000238418579,evaluated_pref_010,-94.1649398803711
pcn,PCN,11,15,0.10000000149011612,0.4000000059604645,0.5,evaluated_pref_010,-103.47966766357422
pcn,PCN,11,16,0.10000000149011612,0.5,0.4000000059604645,evaluated_pref_010,-112.79439544677734
pcn,PCN,11,17,0.10000000149011612,0.6000000238418579,0.30000001192092896,evaluated_pref_010,-122.109130859375
pcn,PCN,11,18,0.10000000149011612,0.699999988079071,0.20000000298023224,evaluated_pref_010,-131.42385864257812
pcn,PCN,11,19,0.10000000149011612,0.800000011920929,0.10000000149011612,evaluated_pref_010,-140.73858642578125
pcn,PCN,11,20,0.10000000149011612,0.8999999761581421,0.0,evaluated_pref_010,-150.05331420898438
pcn,PCN,11,21,0.20000000298023224,0.0,0.800000011920929,evaluated_pref_010,-108.19066619873047
pcn,PCN,11,22,0.20000000298023224,0.10000000149011612,0.699999988079071,evaluated_pref_010,-117.50540161132812
pcn,PCN,11,23,0.20000000298023224,0.20000000298023224,0.6000000238418579,evaluated_pref_010,-126.82012176513672
pcn,PCN,11,24,0.20000000298023224,0.30000001192092896,0.5,evaluated_pref_010,-136.13485717773438
pcn,PCN,11,25,0.20000000298023224,0.4000000059604645,0.4000000059604645,evaluated_pref_010,-145.4495849609375
pcn,PCN,11,26,0.20000000298023224,0.5,0.30000001192092896,evaluated_pref_010,-154.76431274414062
pcn,PCN,11,27,0.20000000298023224,0.6000000238418579,0.20000000298023224,evaluated_pref_010,-164.0790557861328
pcn,PCN,11,28,0.20000000298023224,0.699999988079071,0.10000000149011612,evaluated_pref_010,-173.39376831054688
pcn,PCN,11,29,0.20000000298023224,0.800000011920929,0.0,evaluated_pref_010,-182.70849609375
pcn,PCN,11,30,0.30000001192092896,0.0,0.699999988079071,evaluated_pref_010,-150.1605987548828
pcn,PCN,11,31,0.30000001192092896,0.10000000149011612,0.6000000238418579,evaluated_pref_010,-159.47532653808594
pcn,PCN,11,32,0.30000001192092896,0.20000000298023224,0.5,evaluated_pref_010,-168.79005432128906
pcn,PCN,11,33,0.30000001192092896,0.30000001192092896,0.4000000059604645,evaluated_pref_010,-178.1047821044922
pcn,PCN,11,34,0.30000001192092896,0.4000000059604645,0.30000001192092896,evaluated_pref_010,-187.4195098876953
pcn,PCN,11,35,0.30000001192092896,0.5,0.20000000298023224,evaluated_pref_010,-196.7342529296875
pcn,PCN,11,36,0.30000001192092896,0.6000000238418579,0.10000000149011612,evaluated_pref_010,-206.04898071289062
pcn,PCN,11,37,0.30000001192092896,0.699999988079071,0.0,evaluated_pref_010,-215.36370849609375
pcn,PCN,11,38,0.4000000059604645,0.0,0.6000000238418579,evaluated_pref_010,-192.13050842285156
pcn,PCN,11,39,0.4000000059604645,0.10000000149011612,0.5,evaluated_pref_010,-201.44522094726562
pcn,PCN,11,40,0.4000000059604645,0.20000000298023224,0.4000000059604645,evaluated_pref_010,-210.7599639892578
pcn,PCN,11,41,0.4000000059604645,0.30000001192092896,0.30000001192092896,evaluated_pref_010,-220.07469177246094
pcn,PCN,11,42,0.4000000059604645,0.4000000059604645,0.20000000298023224,evaluated_pref_010,-229.38941955566406
pcn,PCN,11,43,0.4000000059604645,0.5,0.10000000149011612,evaluated_pref_010,-238.7041473388672
pcn,PCN,11,44,0.4000000059604645,0.6000000238418579,0.0,evaluated_pref_010,-248.01889038085938
pcn,PCN,11,45,0.5,0.0,0.5,evaluated_pref_010,-234.1004180908203
pcn,PCN,11,46,0.5,0.10000000149011612,0.4000000059604645,evaluated_pref_010,-243.41514587402344
pcn,PCN,11,47,0.5,0.20000000298023224,0.30000001192092896,evaluated_pref_010,-252.72988891601562
pcn,PCN,11,48,0.5,0.30000001192092896,0.20000000298023224,evaluated_pref_010,-262.04461669921875
pcn,PCN,11,49,0.5,0.4000000059604645,0.10000000149011612,evaluated_pref_010,-271.3593444824219
pcn,PCN,11,50,0.5,0.5,0.0,evaluated_pref_010,-280.674072265625
pcn,PCN,11,51,0.6000000238418579,0.0,0.4000000059604645,evaluated_pref_010,-276.07037353515625
pcn,PCN,11,52,0.6000000238418579,0.10000000149011612,0.30000001192092896,evaluated_pref_010,-285.38507080078125
pcn,PCN,11,53,0.6000000238418579,0.20000000298023224,0.20000000298023224,evaluated_pref_010,-294.6997985839844
pcn,PCN,11,54,0.6000000238418579,0.30000001192092896,0.10000000149011612,evaluated_pref_010,-304.0145568847656
pcn,PCN,11,55,0.6000000238418579,0.4000000059604645,0.0,evaluated_pref_010,-313.32928466796875
pcn,PCN,11,56,0.699999988079071,0.0,0.30000001192092896,evaluated_pref_010,-318.0402526855469
pcn,PCN,11,57,0.699999988079071,0.10000000149011612,0.20000000298023224,evaluated_pref_010,-327.35498046875
pcn,PCN,11,58,0.699999988079071,0.20000000298023224,0.10000000149011612,evaluated_pref_010,-336.6697082519531
pcn,PCN,11,59,0.699999988079071,0.30000001192092896,0.0,evaluated_pref_010,-345.9844665527344
pcn,PCN,11,60,0.800000011920929,0.0,0.20000000298023224,evaluated_pref_010,-360.0101623535156
pcn,PCN,11,61,0.800000011920929,0.10000000149011612,0.10000000149011612,evaluated_pref_010,-369.32489013671875
pcn,PCN,11,62,0.800000011920929,0.20000000298023224,0.0,evaluated_pref_010,-378.6396179199219
pcn,PCN,11,63,0.8999999761581421,0.0,0.10000000149011612,evaluated_pref_010,-401.9800720214844
pcn,PCN,11,64,0.8999999761581421,0.10000000149011612,0.0,evaluated_pref_010,-411.2947998046875
pcn,PCN,11,65,1.0,0.0,0.0,evaluated_pref_010,-443.95001220703125
pcn,PCN,19,0,0.0,0.0,1.0,evaluated_pref_002,-18.575416564941406
pcn,PCN,19,1,0.0,0.10000000149011612,0.8999999761581421,evaluated_pref_001,-31.359905242919922
pcn,PCN,19,2,0.0,0.20000000298023224,0.800000011920929,evaluated_pref_001,-44.12939453125
pcn,PCN,19,3,0.0,0.30000001192092896,0.699999988079071,evaluated_pref_032,-56.347896575927734
pcn,PCN,19,4,0.0,0.4000000059604645,0.6000000238418579,evaluated_pref_032,-68.03942108154297
pcn,PCN,19,5,0.0,0.5,0.5,evaluated_pref_032,-79.7309341430664
pcn,PCN,19,6,0.0,0.6000000238418579,0.4000000059604645,evaluated_pref_032,-91.42245483398438
pcn,PCN,19,7,0.0,0.699999988079071,0.30000001192092896,evaluated_pref_032,-103.11397552490234
pcn,PCN,19,8,0.0,0.800000011920929,0.20000000298023224,evaluated_pref_032,-114.80550384521484
pcn,PCN,19,9,0.0,0.8999999761581421,0.10000000149011612,evaluated_pref_032,-126.49701690673828
pcn,PCN,19,10,0.0,1.0,0.0,evaluated_pref_032,-138.18853759765625
pcn,PCN,19,11,0.10000000149011612,0.0,0.8999999761581421,evaluated_pref_064,-70.72675323486328
pcn,PCN,19,12,0.10000000149011612,0.10000000149011612,0.800000011920929,evaluated_pref_064,-82.56204223632812
pcn,PCN,19,13,0.10000000149011612,0.20000000298023224,0.699999988079071,evaluated_pref_064,-94.39733123779297
pcn,PCN,19,14,0.10000000149011612,0.30000001192092896,0.6000000238418579,evaluated_pref_064,-106.23262786865234
pcn,PCN,19,15,0.10000000149011612,0.4000000059604645,0.5,evaluated_pref_064,-118.06791687011719
pcn,PCN,19,16,0.10000000149011612,0.5,0.4000000059604645,evaluated_pref_064,-129.9031982421875
pcn,PCN,19,17,0.10000000149011612,0.6000000238418579,0.30000001192092896,evaluated_pref_064,-141.73849487304688
pcn,PCN,19,18,0.10000000149011612,0.699999988079071,0.20000000298023224,evaluated_pref_064,-153.57379150390625
pcn,PCN,19,19,0.10000000149011612,0.800000011920929,0.10000000149011612,evaluated_pref_064,-165.40907287597656
pcn,PCN,19,20,0.10000000149011612,0.8999999761581421,0.0,evaluated_pref_064,-177.24436950683594
pcn,PCN,19,21,0.20000000298023224,0.0,0.800000011920929,evaluated_pref_064,-120.02725219726562
pcn,PCN,19,22,0.20000000298023224,0.10000000149011612,0.699999988079071,evaluated_pref_064,-131.862548828125
pcn,PCN,19,23,0.20000000298023224,0.20000000298023224,0.6000000238418579,evaluated_pref_064,-143.69784545898438
pcn,PCN,19,24,0.20000000298023224,0.30000001192092896,0.5,evaluated_pref_064,-155.5331268310547
pcn,PCN,19,25,0.20000000298023224,0.4000000059604645,0.4000000059604645,evaluated_pref_064,-167.368408203125
pcn,PCN,19,26,0.20000000298023224,0.5,0.30000001192092896,evaluated_pref_064,-179.20370483398438
pcn,PCN,19,27,0.20000000298023224,0.6000000238418579,0.20000000298023224,evaluated_pref_064,-191.03900146484375
pcn,PCN,19,28,0.20000000298023224,0.699999988079071,0.10000000149011612,evaluated_pref_064,-202.87428283691406
pcn,PCN,19,29,0.20000000298023224,0.800000011920929,0.0,evaluated_pref_064,-214.70957946777344
pcn,PCN,19,30,0.30000001192092896,0.0,0.699999988079071,evaluated_pref_064,-169.3277587890625
pcn,PCN,19,31,0.30000001192092896,0.10000000149011612,0.6000000238418579,evaluated_pref_064,-181.16305541992188
pcn,PCN,19,32,0.30000001192092896,0.20000000298023224,0.5,evaluated_pref_064,-192.9983367919922
pcn,PCN,19,33,0.30000001192092896,0.30000001192092896,0.4000000059604645,evaluated_pref_064,-204.83363342285156
pcn,PCN,19,34,0.30000001192092896,0.4000000059604645,0.30000001192092896,evaluated_pref_064,-216.66893005371094
pcn,PCN,19,35,0.30000001192092896,0.5,0.20000000298023224,evaluated_pref_064,-228.50421142578125
pcn,PCN,19,36,0.30000001192092896,0.6000000238418579,0.10000000149011612,evaluated_pref_064,-240.3395233154297
pcn,PCN,19,37,0.30000001192092896,0.699999988079071,0.0,evaluated_pref_064,-252.1748046875
pcn,PCN,19,38,0.4000000059604645,0.0,0.6000000238418579,evaluated_pref_064,-218.62826538085938
pcn,PCN,19,39,0.4000000059604645,0.10000000149011612,0.5,evaluated_pref_064,-230.4635467529297
pcn,PCN,19,40,0.4000000059604645,0.20000000298023224,0.4000000059604645,evaluated_pref_064,-242.298828125
pcn,PCN,19,41,0.4000000059604645,0.30000001192092896,0.30000001192092896,evaluated_pref_064,-254.13412475585938
pcn,PCN,19,42,0.4000000059604645,0.4000000059604645,0.20000000298023224,evaluated_pref_064,-265.96942138671875
pcn,PCN,19,43,0.4000000059604645,0.5,0.10000000149011612,evaluated_pref_064,-277.8047180175781
pcn,PCN,19,44,0.4000000059604645,0.6000000238418579,0.0,evaluated_pref_064,-289.6400146484375
pcn,PCN,19,45,0.5,0.0,0.5,evaluated_pref_064,-267.92877197265625
pcn,PCN,19,46,0.5,0.10000000149011612,0.4000000059604645,evaluated_pref_064,-279.7640380859375
pcn,PCN,19,47,0.5,0.20000000298023224,0.30000001192092896,evaluated_pref_064,-291.599365234375
pcn,PCN,19,48,0.5,0.30000001192092896,0.20000000298023224,evaluated_pref_064,-303.43463134765625
pcn,PCN,19,49,0.5,0.4000000059604645,0.10000000149011612,evaluated_pref_064,-315.2699279785156
pcn,PCN,19,50,0.5,0.5,0.0,evaluated_pref_064,-327.105224609375
pcn,PCN,19,51,0.6000000238418579,0.0,0.4000000059604645,evaluated_pref_064,-317.2292785644531
pcn,PCN,19,52,0.6000000238418579,0.10000000149011612,0.30000001192092896,evaluated_pref_064,-329.0645751953125
pcn,PCN,19,53,0.6000000238418579,0.20000000298023224,0.20000000298023224,evaluated_pref_064,-340.8998718261719
pcn,PCN,19,54,0.6000000238418579,0.30000001192092896,0.10000000149011612,evaluated_pref_064,-352.73516845703125
pcn,PCN,19,55,0.6000000238418579,0.4000000059604645,0.0,evaluated_pref_064,-364.5704345703125
pcn,PCN,19,56,0.699999988079071,0.0,0.30000001192092896,evaluated_pref_064,-366.52978515625
pcn,PCN,19,57,0.699999988079071,0.10000000149011612,0.20000000298023224,evaluated_pref_064,-378.36505126953125
pcn,PCN,19,58,0.699999988079071,0.20000000298023224,0.10000000149011612,evaluated_pref_064,-390.20037841796875
pcn,PCN,19,59,0.699999988079071,0.30000001192092896,0.0,evaluated_pref_064,-402.03564453125
pcn,PCN,19,60,0.800000011920929,0.0,0.20000000298023224,evaluated_pref_064,-415.83026123046875
pcn,PCN,19,61,0.800000011920929,0.10000000149011612,0.10000000149011612,evaluated_pref_064,-427.6655578613281
pcn,PCN,19,62,0.800000011920929,0.20000000298023224,0.0,evaluated_pref_064,-439.5008544921875
pcn,PCN,19,63,0.8999999761581421,0.0,0.10000000149011612,evaluated_pref_064,-465.1307678222656
pcn,PCN,19,64,0.8999999761581421,0.10000000149011612,0.0,evaluated_pref_064,-476.9660339355469
pcn,PCN,19,65,1.0,0.0,0.0,evaluated_pref_064,-514.4312744140625
