method_name,seed,policy_id,candidate_label,episode_id,env_idx,env_seed,step_idx,rule_id,severity,blue_action_name,blue_target_hostname,blue_target_subnet,red_action_name,red_target_hostname,critical_state_before,critical_state_after,compromised_hosts_before,compromised_hosts_after,response_context
no_constraint_stage2_4obj,11,stage2_ext_002_obj_2,selected,episode_000,0,11,86,Q4_user_focus_after_enterprise_foothold,medium,DecoyTomcat,User4,User,DiscoverNetworkServices,,[],[],"[""User0"", ""User4""]","[""User0"", ""User4""]","{""blue_first_relevant_response_after_critical"": null, ""blue_first_relevant_response_after_enterprise"": 26, ""enterprise_foothold_step"": 25, ""first_critical_hit_step"": null, ""window_end"": 88, ""window_start"": 86}"
no_constraint_stage2_4obj,11,stage2_ext_002_obj_2,selected,episode_000,0,11,87,Q4_user_focus_after_enterprise_foothold,medium,DecoyTomcat,User4,User,ExploitRemoteService,,[],[],"[""User0"", ""User4""]","[""User0"", ""User4""]","{""blue_first_relevant_response_after_critical"": null, ""blue_first_relevant_response_after_enterprise"": 26, ""enterprise_foothold_step"": 25, ""first_critical_hit_step"": null, ""window_end"": 89, ""window_start"": 87}"
no_constraint_stage2_4obj,11,stage2_ext_002_obj_2,selected,episode_000,0,11,30,Q5_repeated_low_value_decoy_loop,medium,DecoyTomcat,User4,User,DiscoverNetworkServices,,[],[],"[""User0"", ""User4""]","[""User0"", ""User4""]","{""blue_first_relevant_response_after_critical"": null, ""blue_first_relevant_response_after_enterprise"": 26, ""enterprise_foothold_step"": 25, ""first_critical_hit_step"": null, ""window_end"": 37, ""window_start"": 28}"
no_constraint_stage2_4obj,11,stage2_ext_002_obj_2,selected,episode_000,1,1011,8,Q5_repeated_low_value_decoy_loop,medium,DecoyTomcat,User4,User,ExploitRemoteService,,[],[],"[""User0"", ""User2""]","[""User0"", ""User2""]","{""blue_first_relevant_response_after_critical"": null, ""blue_first_relevant_response_after_enterprise"": 6, ""enterprise_foothold_step"": 5, ""first_critical_hit_step"": null, ""window_end"": 16, ""window_start"": 7}"
no_constraint_stage2_4obj,11,stage2_ext_002_obj_2,selected,episode_000,1,1011,63,Q5_repeated_low_value_decoy_loop,medium,DecoySSHD,User3,User,ExploitRemoteService,,[],[],"[""User0"", ""User2""]","[""Enterprise1"", ""User0"", ""User2""]","{""blue_first_relevant_response_after_critical"": null, ""blue_first_relevant_response_after_enterprise"": 6, ""enterprise_foothold_step"": 5, ""first_critical_hit_step"": null, ""window_end"": 70, ""window_start"": 61}"
no_constraint_stage2_4obj,11,stage2_ext_002_obj_2,selected,episode_000,2,2011,80,Q4_user_focus_after_enterprise_foothold,medium,DecoyTomcat,User4,User,ExploitRemoteService,,[],[],"[""User0"", ""User3""]","[""User0"", ""User3""]","{""blue_first_relevant_response_after_critical"": null, ""blue_first_relevant_response_after_enterprise"": 6, ""enterprise_foothold_step"": 5, ""first_critical_hit_step"": null, ""window_end"": 82, ""window_start"": 80}"
no_constraint_stage2_4obj,11,stage2_ext_002_obj_2,selected,episode_000,2,2011,47,Q5_repeated_low_value_decoy_loop,medium,DecoyTomcat,User4,User,ExploitRemoteService,,[],[],"[""User0"", ""User3""]","[""User0"", ""User3""]","{""blue_first_relevant_response_after_critical"": null, ""blue_first_relevant_response_after_enterprise"": 6, ""enterprise_foothold_step"": 5, ""first_critical_hit_step"": null, ""window_end"": 55, ""window_start"": 46}"
no_constraint_stage2_4obj,11,stage2_ext_002_obj_2,selected,episode_000,4,4011,48,Q4_user_focus_after_enterprise_foothold,medium,DecoyTomcat,User4,User,DiscoverNetworkServices,,[],[],"[""User0"", ""User3""]","[""User0"", ""User3""]","{""blue_first_relevant_response_after_critical"": null, ""blue_first_relevant_response_after_enterprise"": 10, ""enterprise_foothold_step"": 9, ""first_critical_hit_step"": null, ""window_end"": 50, ""window_start"": 48}"
no_constraint_stage2_4obj,11,stage2_ext_002_obj_2,selected,episode_000,4,4011,40,Q5_repeated_low_value_decoy_loop,medium,DecoySSHD,User3,User,DiscoverNetworkServices,,[],[],"[""User0"", ""User3""]","[""User0"", ""User3""]","{""blue_first_relevant_response_after_critical"": null, ""blue_first_relevant_response_after_enterprise"": 10, ""enterprise_foothold_step"": 9, ""first_critical_hit_step"": null, ""window_end"": 49, ""window_start"": 40}"
no_constraint_stage2_4obj,11,stage2_ext_002_obj_2,selected,episode_000,4,4011,48,Q5_repeated_low_value_decoy_loop,medium,DecoyTomcat,User4,User,DiscoverNetworkServices,,[],[],"[""User0"", ""User3""]","[""User0"", ""User3""]","{""blue_first_relevant_response_after_critical"": null, ""blue_first_relevant_response_after_enterprise"": 10, ""enterprise_foothold_step"": 9, ""first_critical_hit_step"": null, ""window_end"": 56, ""window_start"": 47}"
no_constraint_stage2_4obj,11,stage2_ext_002_obj_2,selected,episode_000,7,7011,80,Q4_user_focus_after_enterprise_foothold,medium,Analyse,User2,User,ExploitRemoteService,,[],[],"[""User0"", ""User3""]","[""User0"", ""User3""]","{""blue_first_relevant_response_after_critical"": null, ""blue_first_relevant_response_after_enterprise"": 74, ""enterprise_foothold_step"": 73, ""first_critical_hit_step"": null, ""window_end"": 82, ""window_start"": 80}"
no_constraint_stage2_4obj,11,stage2_ext_002_obj_2,selected,episode_001,0,12,61,Q4_user_focus_after_enterprise_foothold,medium,DecoyTomcat,User4,User,PrivilegeEscalate,User3,[],[],"[""User0"", ""User3""]","[""User0"", ""User3""]","{""blue_first_relevant_response_after_critical"": null, ""blue_first_relevant_response_after_enterprise"": 18, ""enterprise_foothold_step"": 17, ""first_critical_hit_step"": null, ""window_end"": 63, ""window_start"": 61}"
no_constraint_stage2_4obj,11,stage2_ext_002_obj_2,selected,episode_001,0,12,62,Q4_user_focus_after_enterprise_foothold,medium,DecoyTomcat,User4,User,DiscoverNetworkServices,,[],[],"[""User0"", ""User3""]","[""User0"", ""User3""]","{""blue_first_relevant_response_after_critical"": null, ""blue_first_relevant_response_after_enterprise"": 18, ""enterprise_foothold_step"": 17, ""first_critical_hit_step"": null, ""window_end"": 64, ""window_start"": 62}"
no_constraint_stage2_4obj,11,stage2_ext_002_obj_2,selected,episode_001,0,12,89,Q4_user_focus_after_enterprise_foothold,medium,DecoyTomcat,User4,User,PrivilegeEscalate,User3,[],[],"[""User0"", ""User3""]","[""User0"", ""User3""]","{""blue_first_relevant_response_after_critical"": null, ""blue_first_relevant_response_after_enterprise"": 18, ""enterprise_foothold_step"": 17, ""first_critical_hit_step"": null, ""window_end"": 91, ""window_start"": 89}"
no_constraint_stage2_4obj,11,stage2_ext_002_obj_2,selected,episode_001,0,12,36,Q5_repeated_low_value_decoy_loop,medium,DecoyTomcat,User4,User,DiscoverNetworkServices,,[],[],"[""User0"", ""User3""]","[""User0"", ""User3""]","{""blue_first_relevant_response_after_critical"": null, ""blue_first_relevant_response_after_enterprise"": 18, ""enterprise_foothold_step"": 17, ""first_critical_hit_step"": null, ""window_end"": 40, ""window_start"": 31}"
no_constraint_stage2_4obj,11,stage2_ext_002_obj_2,selected,episode_001,4,4012,61,Q4_user_focus_after_enterprise_foothold,medium,DecoyTomcat,User4,User,ExploitRemoteService,,[],[],"[""User0"", ""User4""]","[""User0"", ""User4""]","{""blue_first_relevant_response_after_critical"": null, ""blue_first_relevant_response_after_enterprise"": 54, ""enterprise_foothold_step"": 53, ""first_critical_hit_step"": null, ""window_end"": 63, ""window_start"": 61}"
no_constraint_stage2_4obj,11,stage2_ext_002_obj_2,selected,episode_001,4,4012,59,Q5_repeated_low_value_decoy_loop,medium,DecoyTomcat,User4,User,PrivilegeEscalate,User4,[],[],"[""User0"", ""User4""]","[""User0"", ""User4""]","{""blue_first_relevant_response_after_critical"": null, ""blue_first_relevant_response_after_enterprise"": 54, ""enterprise_foothold_step"": 53, ""first_critical_hit_step"": null, ""window_end"": 64, ""window_start"": 55}"
no_constraint_stage2_4obj,11,stage2_ext_002_obj_2,selected,episode_001,6,6012,67,Q5_repeated_low_value_decoy_loop,medium,DecoySSHD,User3,User,ExploitRemoteService,,[],[],"[""User0"", ""User2""]","[""Enterprise1"", ""User0"", ""User2""]","{""blue_first_relevant_response_after_critical"": null, ""blue_first_relevant_response_after_enterprise"": 6, ""enterprise_foothold_step"": 5, ""first_critical_hit_step"": null, ""window_end"": 74, ""window_start"": 65}"
no_constraint_stage2_4obj,11,stage2_ext_002_obj_2,selected,episode_001,7,7012,46,Q4_user_focus_after_enterprise_foothold,medium,DecoySSHD,User3,User,DiscoverNetworkServices,,[],[],"[""User0"", ""User3""]","[""User0"", ""User3""]","{""blue_first_relevant_response_after_critical"": null, ""blue_first_relevant_response_after_enterprise"": 34, ""enterprise_foothold_step"": 33, ""first_critical_hit_step"": null, ""window_end"": 48, ""window_start"": 46}"
no_constraint_stage2_4obj,11,stage2_ext_002_obj_2,selected,episode_001,7,7012,47,Q4_user_focus_after_enterprise_foothold,medium,DecoySSHD,User4,User,ExploitRemoteService,,[],[],"[""User0"", ""User3""]","[""User0"", ""User3""]","{""blue_first_relevant_response_after_critical"": null, ""blue_first_relevant_response_after_enterprise"": 34, ""enterprise_foothold_step"": 33, ""first_critical_hit_step"": null, ""window_end"": 49, ""window_start"": 47}"
no_constraint_stage2_4obj,11,stage2_ext_002_obj_2,selected,episode_001,7,7012,94,Q4_user_focus_after_enterprise_foothold,medium,DecoyTomcat,User4,User,ExploitRemoteService,,[],[],"[""User0"", ""User3""]","[""User0"", ""User3""]","{""blue_first_relevant_response_after_critical"": null, ""blue_first_relevant_response_after_enterprise"": 34, ""enterprise_foothold_step"": 33, ""first_critical_hit_step"": null, ""window_end"": 96, ""window_start"": 94}"
no_constraint_stage2_4obj,11,stage2_ext_002_obj_2,selected,episode_001,7,7012,95,Q4_user_focus_after_enterprise_foothold,medium,Restore,User1,User,PrivilegeEscalate,User3,[],[],"[""User0"", ""User3""]","[""User0"", ""User3""]","{""blue_first_relevant_response_after_critical"": null, ""blue_first_relevant_response_after_enterprise"": 34, ""enterprise_foothold_step"": 33, ""first_critical_hit_step"": null, ""window_end"": 97, ""window_start"": 95}"
no_constraint_stage2_4obj,11,stage2_ext_002_obj_2,selected,episode_001,7,7012,46,Q5_repeated_low_value_decoy_loop,medium,DecoySSHD,User3,User,DiscoverNetworkServices,,[],[],"[""User0"", ""User3""]","[""User0"", ""User3""]","{""blue_first_relevant_response_after_critical"": null, ""blue_first_relevant_response_after_enterprise"": 34, ""enterprise_foothold_step"": 33, ""first_critical_hit_step"": null, ""window_end"": 52, ""window_start"": 43}"
no_constraint_stage2_4obj,11,stage2_ext_002_obj_2,selected,episode_001,7,7012,73,Q5_repeated_low_value_decoy_loop,medium,DecoyTomcat,User4,User,ExploitRemoteService,,[],[],"[""User0"", ""User3""]","[""User0"", ""User3""]","{""blue_first_relevant_response_after_critical"": null, ""blue_first_relevant_response_after_enterprise"": 34, ""enterprise_foothold_step"": 33, ""first_critical_hit_step"": null, ""window_end"": 77, ""window_start"": 68}"
no_constraint_stage2_4obj,11,stage2_ext_002_obj_2,selected,episode_002,0,13,59,Q4_user_focus_after_enterprise_foothold,medium,DecoyTomcat,User4,User,ExploitRemoteService,,[],[],"[""User0"", ""User3""]","[""User0"", ""User3""]","{""blue_first_relevant_response_after_critical"": null, ""blue_first_relevant_response_after_enterprise"": 42, ""enterprise_foothold_step"": 41, ""first_critical_hit_step"": null, ""window_end"": 61, ""window_start"": 59}"
no_constraint_stage2_4obj,11,stage2_ext_002_obj_2,selected,episode_002,0,13,66,Q4_user_focus_after_enterprise_foothold,medium,DecoySSHD,User4,User,ExploitRemoteService,,[],[],"[""User0"", ""User3""]","[""User0"", ""User3""]","{""blue_first_relevant_response_after_critical"": null, ""blue_first_relevant_response_after_enterprise"": 42, ""enterprise_foothold_step"": 41, ""first_critical_hit_step"": null, ""window_end"": 68, ""window_start"": 66}"
no_constraint_stage2_4obj,11,stage2_ext_002_obj_2,selected,episode_002,0,13,59,Q5_repeated_low_value_decoy_loop,medium,DecoyTomcat,User4,User,ExploitRemoteService,,[],[],"[""User0"", ""User3""]","[""User0"", ""User3""]","{""blue_first_relevant_response_after_critical"": null, ""blue_first_relevant_response_after_enterprise"": 42, ""enterprise_foothold_step"": 41, ""first_critical_hit_step"": null, ""window_end"": 67, ""window_start"": 58}"
no_constraint_stage2_4obj,11,stage2_ext_002_obj_2,selected,episode_002,3,3013,37,Q4_user_focus_after_enterprise_foothold,medium,DecoySSHD,User3,User,ExploitRemoteService,,[],[],"[""User0"", ""User3""]","[""User0"", ""User3""]","{""blue_first_relevant_response_after_critical"": null, ""blue_first_relevant_response_after_enterprise"": 14, ""enterprise_foothold_step"": 13, ""first_critical_hit_step"": null, ""window_end"": 39, ""window_start"": 37}"
no_constraint_stage2_4obj,11,stage2_ext_002_obj_2,selected,episode_002,3,3013,37,Q5_repeated_low_value_decoy_loop,medium,DecoySSHD,User3,User,ExploitRemoteService,,[],[],"[""User0"", ""User3""]","[""User0"", ""User3""]","{""blue_first_relevant_response_after_critical"": null, ""blue_first_relevant_response_after_enterprise"": 14, ""enterprise_foothold_step"": 13, ""first_critical_hit_step"": null, ""window_end"": 44, ""window_start"": 35}"
no_constraint_stage2_4obj,11,stage2_ext_002_obj_2,selected,episode_002,3,3013,49,Q5_repeated_low_value_decoy_loop,medium,DecoyTomcat,User4,User,ExploitRemoteService,,[],[],"[""User0"", ""User3""]","[""User0"", ""User3""]","{""blue_first_relevant_response_after_critical"": null, ""blue_first_relevant_response_after_enterprise"": 14, ""enterprise_foothold_step"": 13, ""first_critical_hit_step"": null, ""window_end"": 53, ""window_start"": 44}"
no_constraint_stage2_4obj,11,stage2_ext_002_obj_2,selected,episode_002,4,4013,85,Q5_repeated_low_value_decoy_loop,medium,DecoyTomcat,User4,User,ExploitRemoteService,,[],[],"[""User0""]","[""Enterprise1"", ""User0""]","{""blue_first_relevant_response_after_critical"": null, ""blue_first_relevant_response_after_enterprise"": 6, ""enterprise_foothold_step"": 5, ""first_critical_hit_step"": null, ""window_end"": 90, ""window_start"": 81}"
no_constraint_stage2_4obj,11,stage2_ext_002_obj_2,selected,episode_002,6,6013,41,Q4_user_focus_after_enterprise_foothold,medium,Restore,User1,User,PrivilegeEscalate,User4,[],[],"[""User0"", ""User4""]","[""User0"", ""User4""]","{""blue_first_relevant_response_after_critical"": null, ""blue_first_relevant_response_after_enterprise"": 6, ""enterprise_foothold_step"": 5, ""first_critical_hit_step"": null, ""window_end"": 43, ""window_start"": 41}"
no_constraint_stage2_4obj,11,stage2_ext_002_obj_2,selected,episode_002,6,6013,42,Q4_user_focus_after_enterprise_foothold,medium,DecoyTomcat,User4,User,DiscoverNetworkServices,,[],[],"[""User0"", ""User4""]","[""User0"", ""User4""]","{""blue_first_relevant_response_after_critical"": null, ""blue_first_relevant_response_after_enterprise"": 6, ""enterprise_foothold_step"": 5, ""first_critical_hit_step"": null, ""window_end"": 44, ""window_start"": 42}"
no_constraint_stage2_4obj,11,stage2_ext_002_obj_2,selected,episode_002,6,6013,86,Q4_user_focus_after_enterprise_foothold,medium,DecoySSHD,User3,User,DiscoverNetworkServices,,[],[],"[""User0"", ""User4""]","[""User0"", ""User4""]","{""blue_first_relevant_response_after_critical"": null, ""blue_first_relevant_response_after_enterprise"": 6, ""enterprise_foothold_step"": 5, ""first_critical_hit_step"": null, ""window_end"": 88, ""window_start"": 86}"
no_constraint_stage2_4obj,11,stage2_ext_002_obj_2,selected,episode_002,6,6013,87,Q4_user_focus_after_enterprise_foothold,medium,DecoyTomcat,User4,User,ExploitRemoteService,,[],[],"[""User0"", ""User4""]","[""User0"", ""User4""]","{""blue_first_relevant_response_after_critical"": null, ""blue_first_relevant_response_after_enterprise"": 6, ""enterprise_foothold_step"": 5, ""first_critical_hit_step"": null, ""window_end"": 89, ""window_start"": 87}"
no_constraint_stage2_4obj,11,stage2_ext_002_obj_2,selected,episode_002,6,6013,42,Q5_repeated_low_value_decoy_loop,medium,DecoyTomcat,User4,User,DiscoverNetworkServices,,[],[],"[""User0"", ""User4""]","[""User0"", ""User4""]","{""blue_first_relevant_response_after_critical"": null, ""blue_first_relevant_response_after_enterprise"": 6, ""enterprise_foothold_step"": 5, ""first_critical_hit_step"": null, ""window_end"": 50, ""window_start"": 41}"
no_constraint_stage2_4obj,11,stage2_ext_002_obj_2,selected,episode_002,7,7013,94,Q5_repeated_low_value_decoy_loop,medium,DecoySSHD,User3,User,ExploitRemoteService,,[],[],"[""User0"", ""User4""]","[""User0"", ""User4""]","{""blue_first_relevant_response_after_critical"": null, ""blue_first_relevant_response_after_enterprise"": 54, ""enterprise_foothold_step"": 53, ""first_critical_hit_step"": null, ""window_end"": 97, ""window_start"": 88}"
no_constraint_stage2_4obj,11,stage2_ext_002_obj_2,selected,episode_003,0,14,31,Q5_repeated_low_value_decoy_loop,medium,DecoyTomcat,User4,User,ExploitRemoteService,,[],[],"[""User0"", ""User1""]","[""Enterprise1"", ""User0"", ""User1""]","{""blue_first_relevant_response_after_critical"": null, ""blue_first_relevant_response_after_enterprise"": 6, ""enterprise_foothold_step"": 5, ""first_critical_hit_step"": null, ""window_end"": 40, ""window_start"": 31}"
no_constraint_stage2_4obj,11,stage2_ext_002_obj_2,selected,episode_003,1,1014,43,Q4_user_focus_after_enterprise_foothold,medium,DecoyHarakaSMPT,User1,User,ExploitRemoteService,,[],[],"[""User0"", ""User3""]","[""User0"", ""User3""]","{""blue_first_relevant_response_after_critical"": null, ""blue_first_relevant_response_after_enterprise"": 10, ""enterprise_foothold_step"": 9, ""first_critical_hit_step"": null, ""window_end"": 45, ""window_start"": 43}"
no_constraint_stage2_4obj,11,stage2_ext_002_obj_2,selected,episode_003,2,2014,73,Q4_user_focus_after_enterprise_foothold,medium,DecoySmss,User0,User,PrivilegeEscalate,User3,[],[],"[""User0"", ""User3""]","[""User0"", ""User3""]","{""blue_first_relevant_response_after_critical"": null, ""blue_first_relevant_response_after_enterprise"": 6, ""enterprise_foothold_step"": 5, ""first_critical_hit_step"": null, ""window_end"": 75, ""window_start"": 73}"
no_constraint_stage2_4obj,11,stage2_ext_002_obj_2,selected,episode_003,2,2014,41,Q5_repeated_low_value_decoy_loop,medium,DecoySSHD,User3,User,PrivilegeEscalate,User3,[],[],"[""User0"", ""User3""]","[""User0"", ""User3""]","{""blue_first_relevant_response_after_critical"": null, ""blue_first_relevant_response_after_enterprise"": 6, ""enterprise_foothold_step"": 5, ""first_critical_hit_step"": null, ""window_end"": 47, ""window_start"": 38}"
no_constraint_stage2_4obj,11,stage2_ext_002_obj_2,selected,episode_003,2,2014,44,Q5_repeated_low_value_decoy_loop,medium,DecoyTomcat,User4,User,ExploitRemoteService,,[],[],"[""User0"", ""User3""]","[""User0"", ""User3""]","{""blue_first_relevant_response_after_critical"": null, ""blue_first_relevant_response_after_enterprise"": 6, ""enterprise_foothold_step"": 5, ""first_critical_hit_step"": null, ""window_end"": 53, ""window_start"": 44}"
no_constraint_stage2_4obj,11,stage2_ext_002_obj_2,selected,episode_003,3,3014,9,Q5_repeated_low_value_decoy_loop,medium,DecoySSHD,User3,User,PrivilegeEscalate,User4,[],[],"[""User0"", ""User4""]","[""User0"", ""User4""]","{""blue_first_relevant_response_after_critical"": null, ""blue_first_relevant_response_after_enterprise"": 6, ""enterprise_foothold_step"": 5, ""first_critical_hit_step"": null, ""window_end"": 16, ""window_start"": 7}"
no_constraint_stage2_4obj,11,stage2_ext_002_obj_2,selected,episode_003,4,4014,26,Q4_user_focus_after_enterprise_foothold,medium,DecoyTomcat,User4,User,ExploitRemoteService,,[],[],"[""User0"", ""User4""]","[""User0"", ""User4""]","{""blue_first_relevant_response_after_critical"": null, ""blue_first_relevant_response_after_enterprise"": 18, ""enterprise_foothold_step"": 17, ""first_critical_hit_step"": null, ""window_end"": 28, ""window_start"": 26}"
no_constraint_stage2_4obj,11,stage2_ext_002_obj_2,selected,episode_003,4,4014,27,Q4_user_focus_after_enterprise_foothold,medium,DecoyTomcat,User4,User,PrivilegeEscalate,User4,[],[],"[""User0"", ""User4""]","[""User0"", ""User4""]","{""blue_first_relevant_response_after_critical"": null, ""blue_first_relevant_response_after_enterprise"": 18, ""enterprise_foothold_step"": 17, ""first_critical_hit_step"": null, ""window_end"": 29, ""window_start"": 27}"
no_constraint_stage2_4obj,11,stage2_ext_002_obj_2,selected,episode_003,4,4014,76,Q4_user_focus_after_enterprise_foothold,medium,DecoyFemitter,User2,User,DiscoverNetworkServices,,[],[],"[""User0"", ""User4""]","[""User0"", ""User4""]","{""blue_first_relevant_response_after_critical"": null, ""blue_first_relevant_response_after_enterprise"": 18, ""enterprise_foothold_step"": 17, ""first_critical_hit_step"": null, ""window_end"": 78, ""window_start"": 76}"
no_constraint_stage2_4obj,11,stage2_ext_002_obj_2,selected,episode_003,4,4014,91,Q4_user_focus_after_enterprise_foothold,medium,DecoyHarakaSMPT,User1,User,PrivilegeEscalate,User4,[],[],"[""User0"", ""User4""]","[""User0"", ""User4""]","{""blue_first_relevant_response_after_critical"": null, ""blue_first_relevant_response_after_enterprise"": 18, ""enterprise_foothold_step"": 17, ""first_critical_hit_step"": null, ""window_end"": 93, ""window_start"": 91}"
no_constraint_stage2_4obj,11,stage2_ext_002_obj_2,selected,episode_003,4,4014,19,Q5_repeated_low_value_decoy_loop,medium,DecoyTomcat,User4,User,ExploitRemoteService,,[],[],"[""User0"", ""User4""]","[""Enterprise0"", ""User0"", ""User4""]","{""blue_first_relevant_response_after_critical"": null, ""blue_first_relevant_response_after_enterprise"": 18, ""enterprise_foothold_step"": 17, ""first_critical_hit_step"": null, ""window_end"": 28, ""window_start"": 19}"
no_constraint_stage2_4obj,11,stage2_ext_002_obj_2,selected,episode_003,4,4014,60,Q5_repeated_low_value_decoy_loop,medium,DecoySSHD,User0,User,DiscoverNetworkServices,,[],[],"[""User0"", ""User4""]","[""User0"", ""User4""]","{""blue_first_relevant_response_after_critical"": null, ""blue_first_relevant_response_after_enterprise"": 18, ""enterprise_foothold_step"": 17, ""first_critical_hit_step"": null, ""window_end"": 67, ""window_start"": 58}"
no_constraint_stage2_4obj,11,stage2_ext_002_obj_2,selected,episode_003,4,4014,78,Q5_repeated_low_value_decoy_loop,medium,DecoySSHD,User3,User,ExploitRemoteService,,[],[],"[""User0"", ""User4""]","[""User0"", ""User4""]","{""blue_first_relevant_response_after_critical"": null, ""blue_first_relevant_response_after_enterprise"": 18, ""enterprise_foothold_step"": 17, ""first_critical_hit_step"": null, ""window_end"": 84, ""window_start"": 75}"
no_constraint_stage2_4obj,11,stage2_ext_002_obj_2,selected,episode_003,5,5014,43,Q5_repeated_low_value_decoy_loop,medium,DecoySSHD,User3,User,ExploitRemoteService,,[],[],"[""User0"", ""User1""]","[""Enterprise1"", ""User0"", ""User1""]","{""blue_first_relevant_response_after_critical"": null, ""blue_first_relevant_response_after_enterprise"": 6, ""enterprise_foothold_step"": 5, ""first_critical_hit_step"": null, ""window_end"": 52, ""window_start"": 43}"
no_constraint_stage2_4obj,11,stage2_ext_002_obj_2,selected,episode_003,6,6014,18,Q4_user_focus_after_enterprise_foothold,medium,DecoyTomcat,User4,User,ExploitRemoteService,,[],[],"[""User0"", ""User3""]","[""User0"", ""User3""]","{""blue_first_relevant_response_after_critical"": null, ""blue_first_relevant_response_after_enterprise"": 10, ""enterprise_foothold_step"": 9, ""first_critical_hit_step"": null, ""window_end"": 20, ""window_start"": 18}"
no_constraint_stage2_4obj,11,stage2_ext_002_obj_2,selected,episode_003,6,6014,42,Q4_user_focus_after_enterprise_foothold,medium,DecoyVsftpd,User1,User,ExploitRemoteService,,[],[],"[""User0"", ""User3""]","[""User0"", ""User3""]","{""blue_first_relevant_response_after_critical"": null, ""blue_first_relevant_response_after_enterprise"": 10, ""enterprise_foothold_step"": 9, ""first_critical_hit_step"": null, ""window_end"": 44, ""window_start"": 42}"
no_constraint_stage2_4obj,11,stage2_ext_002_obj_2,selected,episode_003,6,6014,57,Q4_user_focus_after_enterprise_foothold,medium,DecoySSHD,User3,User,ExploitRemoteService,,[],[],"[""User0"", ""User3""]","[""User0"", ""User3""]","{""blue_first_relevant_response_after_critical"": null, ""blue_first_relevant_response_after_enterprise"": 10, ""enterprise_foothold_step"": 9, ""first_critical_hit_step"": null, ""window_end"": 59, ""window_start"": 57}"
no_constraint_stage2_4obj,11,stage2_ext_002_obj_2,selected,episode_003,6,6014,90,Q4_user_focus_after_enterprise_foothold,medium,DecoyTomcat,User4,User,ExploitRemoteService,,[],[],"[""User0"", ""User3""]","[""User0"", ""User3""]","{""blue_first_relevant_response_after_critical"": null, ""blue_first_relevant_response_after_enterprise"": 10, ""enterprise_foothold_step"": 9, ""first_critical_hit_step"": null, ""window_end"": 92, ""window_start"": 90}"
no_constraint_stage2_4obj,11,stage2_ext_002_obj_2,selected,episode_003,6,6014,27,Q5_repeated_low_value_decoy_loop,medium,DecoyTomcat,User4,User,PrivilegeEscalate,User3,[],[],"[""User0"", ""User3""]","[""User0"", ""User3""]","{""blue_first_relevant_response_after_critical"": null, ""blue_first_relevant_response_after_enterprise"": 10, ""enterprise_foothold_step"": 9, ""first_critical_hit_step"": null, ""window_end"": 32, ""window_start"": 23}"
no_constraint_stage2_4obj,11,stage2_ext_002_obj_2,selected,episode_003,7,7014,7,Q4_user_focus_after_enterprise_foothold,medium,DecoyTomcat,User4,User,ExploitRemoteService,,[],[],"[""User0"", ""User4""]","[""User0"", ""User4""]","{""blue_first_relevant_response_after_critical"": null, ""blue_first_relevant_response_after_enterprise"": 6, ""enterprise_foothold_step"": 5, ""first_critical_hit_step"": null, ""window_end"": 9, ""window_start"": 7}"
no_constraint_stage2_4obj,11,stage2_ext_002_obj_2,selected,episode_003,7,7014,8,Q4_user_focus_after_enterprise_foothold,medium,DecoySSHD,User3,User,ExploitRemoteService,,[],[],"[""User0"", ""User4""]","[""User0"", ""User4""]","{""blue_first_relevant_response_after_critical"": null, ""blue_first_relevant_response_after_enterprise"": 6, ""enterprise_foothold_step"": 5, ""first_critical_hit_step"": null, ""window_end"": 10, ""window_start"": 8}"
no_constraint_stage2_4obj,11,stage2_ext_002_obj_2,selected,episode_003,7,7014,7,Q5_repeated_low_value_decoy_loop,medium,DecoyTomcat,User4,User,ExploitRemoteService,,[],[],"[""User0"", ""User4""]","[""User0"", ""User4""]","{""blue_first_relevant_response_after_critical"": null, ""blue_first_relevant_response_after_enterprise"": 6, ""enterprise_foothold_step"": 5, ""first_critical_hit_step"": null, ""window_end"": 16, ""window_start"": 7}"
no_constraint_stage2_4obj,11,stage2_ext_002_obj_2,selected,episode_004,0,15,79,Q5_repeated_low_value_decoy_loop,medium,DecoyTomcat,User4,User,ExploitRemoteService,,[],[],"[""User0"", ""User2""]","[""Enterprise1"", ""User0"", ""User2""]","{""blue_first_relevant_response_after_critical"": null, ""blue_first_relevant_response_after_enterprise"": 6, ""enterprise_foothold_step"": 5, ""first_critical_hit_step"": null, ""window_end"": 88, ""window_start"": 79}"
no_constraint_stage2_4obj,11,stage2_ext_002_obj_2,selected,episode_004,2,2015,87,Q5_repeated_low_value_decoy_loop,medium,DecoyTomcat,User4,User,ExploitRemoteService,,[],[],"[""User0""]","[""Enterprise1"", ""User0""]","{""blue_first_relevant_response_after_critical"": null, ""blue_first_relevant_response_after_enterprise"": 6, ""enterprise_foothold_step"": 5, ""first_critical_hit_step"": null, ""window_end"": 94, ""window_start"": 85}"
no_constraint_stage2_4obj,11,stage2_ext_002_obj_2,selected,episode_004,3,3015,51,Q4_user_focus_after_enterprise_foothold,medium,DecoySSHD,User3,User,PrivilegeEscalate,User3,[],[],"[""User0"", ""User3""]","[""User0"", ""User3""]","{""blue_first_relevant_response_after_critical"": null, ""blue_first_relevant_response_after_enterprise"": 18, ""enterprise_foothold_step"": 17, ""first_critical_hit_step"": null, ""window_end"": 53, ""window_start"": 51}"
no_constraint_stage2_4obj,11,stage2_ext_002_obj_2,selected,episode_004,3,3015,69,Q4_user_focus_after_enterprise_foothold,medium,DecoySvchost,User1,User,PrivilegeEscalate,User3,[],[],"[""User0"", ""User3""]","[""User0"", ""User3""]","{""blue_first_relevant_response_after_critical"": null, ""blue_first_relevant_response_after_enterprise"": 18, ""enterprise_foothold_step"": 17, ""first_critical_hit_step"": null, ""window_end"": 71, ""window_start"": 69}"
no_constraint_stage2_4obj,11,stage2_ext_002_obj_2,selected,episode_004,3,3015,70,Q4_user_focus_after_enterprise_foothold,medium,DecoySmss,User0,User,DiscoverNetworkServices,,[],[],"[""User0"", ""User3""]","[""User0"", ""User3""]","{""blue_first_relevant_response_after_critical"": null, ""blue_first_relevant_response_after_enterprise"": 18, ""enterprise_foothold_step"": 17, ""first_critical_hit_step"": null, ""window_end"": 72, ""window_start"": 70}"
no_constraint_stage2_4obj,11,stage2_ext_002_obj_2,selected,episode_004,3,3015,71,Q4_user_focus_after_enterprise_foothold,medium,DecoySSHD,User3,User,ExploitRemoteService,,[],[],"[""User0"", ""User3""]","[""User0"", ""User3""]","{""blue_first_relevant_response_after_critical"": null, ""blue_first_relevant_response_after_enterprise"": 18, ""enterprise_foothold_step"": 17, ""first_critical_hit_step"": null, ""window_end"": 73, ""window_start"": 71}"
no_constraint_stage2_4obj,11,stage2_ext_002_obj_2,selected,episode_004,3,3015,87,Q4_user_focus_after_enterprise_foothold,medium,DecoyTomcat,User4,User,PrivilegeEscalate,User3,[],[],"[""User0"", ""User3""]","[""User0"", ""User3""]","{""blue_first_relevant_response_after_critical"": null, ""blue_first_relevant_response_after_enterprise"": 18, ""enterprise_foothold_step"": 17, ""first_critical_hit_step"": null, ""window_end"": 89, ""window_start"": 87}"
no_constraint_stage2_4obj,11,stage2_ext_002_obj_2,selected,episode_004,3,3015,79,Q5_repeated_low_value_decoy_loop,medium,DecoyTomcat,User4,User,ExploitRemoteService,,[],[],"[""User0"", ""User3""]","[""Enterprise0"", ""User0"", ""User3""]","{""blue_first_relevant_response_after_critical"": null, ""blue_first_relevant_response_after_enterprise"": 18, ""enterprise_foothold_step"": 17, ""first_critical_hit_step"": null, ""window_end"": 87, ""window_start"": 78}"
no_constraint_stage2_4obj,11,stage2_ext_002_obj_2,selected,episode_004,4,4015,15,Q5_repeated_low_value_decoy_loop,medium,DecoySSHD,User3,User,ExploitRemoteService,,[],[],"[""User0"", ""User2""]","[""Enterprise1"", ""User0"", ""User2""]","{""blue_first_relevant_response_after_critical"": null, ""blue_first_relevant_response_after_enterprise"": 6, ""enterprise_foothold_step"": 5, ""first_critical_hit_step"": null, ""window_end"": 20, ""window_start"": 11}"
no_constraint_stage2_4obj,11,stage2_ext_002_obj_2,selected,episode_004,4,4015,67,Q5_repeated_low_value_decoy_loop,medium,DecoyTomcat,User4,User,ExploitRemoteService,,[],[],"[""User0"", ""User2""]","[""Enterprise1"", ""User0"", ""User2""]","{""blue_first_relevant_response_after_critical"": null, ""blue_first_relevant_response_after_enterprise"": 6, ""enterprise_foothold_step"": 5, ""first_critical_hit_step"": null, ""window_end"": 72, ""window_start"": 63}"
no_constraint_stage2_4obj,11,stage2_ext_002_obj_2,selected,episode_004,5,5015,55,Q4_user_focus_after_enterprise_foothold,medium,DecoyTomcat,User4,User,ExploitRemoteService,,[],[],"[""User0"", ""User3""]","[""User0"", ""User3""]","{""blue_first_relevant_response_after_critical"": null, ""blue_first_relevant_response_after_enterprise"": 46, ""enterprise_foothold_step"": 45, ""first_critical_hit_step"": null, ""window_end"": 57, ""window_start"": 55}"
no_constraint_stage2_4obj,11,stage2_ext_002_obj_2,selected,episode_004,5,5015,69,Q4_user_focus_after_enterprise_foothold,medium,DecoySSHD,User0,User,PrivilegeEscalate,User3,[],[],"[""User0"", ""User3""]","[""User0"", ""User3""]","{""blue_first_relevant_response_after_critical"": null, ""blue_first_relevant_response_after_enterprise"": 46, ""enterprise_foothold_step"": 45, ""first_critical_hit_step"": null, ""window_end"": 71, ""window_start"": 69}"
no_constraint_stage2_4obj,11,stage2_ext_002_obj_2,selected,episode_004,5,5015,49,Q5_repeated_low_value_decoy_loop,medium,DecoyTomcat,User4,User,PrivilegeEscalate,User3,[],[],"[""User0"", ""User3""]","[""User0"", ""User3""]","{""blue_first_relevant_response_after_critical"": null, ""blue_first_relevant_response_after_enterprise"": 46, ""enterprise_foothold_step"": 45, ""first_critical_hit_step"": null, ""window_end"": 56, ""window_start"": 47}"
no_constraint_stage2_4obj,11,stage2_ext_002_obj_2,selected,episode_004,7,7015,48,Q4_user_focus_after_enterprise_foothold,medium,DecoyTomcat,User4,User,ExploitRemoteService,,[],[],"[""User0"", ""User3""]","[""User0"", ""User3""]","{""blue_first_relevant_response_after_critical"": null, ""blue_first_relevant_response_after_enterprise"": 46, ""enterprise_foothold_step"": 45, ""first_critical_hit_step"": null, ""window_end"": 50, ""window_start"": 48}"
no_constraint_stage2_4obj,11,stage2_ext_002_obj_2,selected,episode_004,7,7015,92,Q4_user_focus_after_enterprise_foothold,medium,DecoyTomcat,User4,User,ExploitRemoteService,,[],[],"[""User0"", ""User3""]","[""User0"", ""User3""]","{""blue_first_relevant_response_after_critical"": null, ""blue_first_relevant_response_after_enterprise"": 46, ""enterprise_foothold_step"": 45, ""first_critical_hit_step"": null, ""window_end"": 94, ""window_start"": 92}"
no_constraint_stage2_4obj,11,stage2_ext_002_obj_2,selected,episode_004,7,7015,48,Q5_repeated_low_value_decoy_loop,medium,DecoyTomcat,User4,User,ExploitRemoteService,,[],[],"[""User0"", ""User3""]","[""User0"", ""User3""]","{""blue_first_relevant_response_after_critical"": null, ""blue_first_relevant_response_after_enterprise"": 46, ""enterprise_foothold_step"": 45, ""first_critical_hit_step"": null, ""window_end"": 56, ""window_start"": 47}"
no_constraint_stage2_4obj,11,stage2_ext_002_obj_2,selected,episode_005,0,16,57,Q4_user_focus_after_enterprise_foothold,medium,DecoyTomcat,User4,User,ExploitRemoteService,,[],[],"[""User0"", ""User4""]","[""User0"", ""User4""]","{""blue_first_relevant_response_after_critical"": null, ""blue_first_relevant_response_after_enterprise"": 26, ""enterprise_foothold_step"": 25, ""first_critical_hit_step"": null, ""window_end"": 59, ""window_start"": 57}"
no_constraint_stage2_4obj,11,stage2_ext_002_obj_2,selected,episode_005,0,16,70,Q4_user_focus_after_enterprise_foothold,medium,DecoySSHD,User3,User,ExploitRemoteService,,[],[],"[""User0"", ""User4""]","[""User0"", ""User4""]","{""blue_first_relevant_response_after_critical"": null, ""blue_first_relevant_response_after_enterprise"": 26, ""enterprise_foothold_step"": 25, ""first_critical_hit_step"": null, ""window_end"": 72, ""window_start"": 70}"
no_constraint_stage2_4obj,11,stage2_ext_002_obj_2,selected,episode_005,0,16,85,Q4_user_focus_after_enterprise_foothold,medium,DecoySSHD,User3,User,ExploitRemoteService,,[],[],"[""User0"", ""User4""]","[""User0"", ""User4""]","{""blue_first_relevant_response_after_critical"": null, ""blue_first_relevant_response_after_enterprise"": 26, ""enterprise_foothold_step"": 25, ""first_critical_hit_step"": null, ""window_end"": 87, ""window_start"": 85}"
no_constraint_stage2_4obj,11,stage2_ext_002_obj_2,selected,episode_005,0,16,51,Q5_repeated_low_value_decoy_loop,medium,DecoyTomcat,User4,User,PrivilegeEscalate,User4,[],[],"[""User0"", ""User4""]","[""User0"", ""User4""]","{""blue_first_relevant_response_after_critical"": null, ""blue_first_relevant_response_after_enterprise"": 26, ""enterprise_foothold_step"": 25, ""first_critical_hit_step"": null, ""window_end"": 57, ""window_start"": 48}"
no_constraint_stage2_4obj,11,stage2_ext_002_obj_2,selected,episode_005,0,16,78,Q5_repeated_low_value_decoy_loop,medium,DecoyVsftpd,User1,User,ExploitRemoteService,,[],[],"[""User0"", ""User4""]","[""User0"", ""User4""]","{""blue_first_relevant_response_after_critical"": null, ""blue_first_relevant_response_after_enterprise"": 26, ""enterprise_foothold_step"": 25, ""first_critical_hit_step"": null, ""window_end"": 87, ""window_start"": 78}"
no_constraint_stage2_4obj,11,stage2_ext_002_obj_2,selected,episode_005,2,2016,97,Q4_user_focus_after_enterprise_foothold,medium,Restore,User0,User,PrivilegeEscalate,User3,[],[],"[""User0"", ""User3""]","[""User0"", ""User3""]","{""blue_first_relevant_response_after_critical"": null, ""blue_first_relevant_response_after_enterprise"": 46, ""enterprise_foothold_step"": 45, ""first_critical_hit_step"": null, ""window_end"": 99, ""window_start"": 97}"
no_constraint_stage2_4obj,11,stage2_ext_002_obj_2,selected,episode_005,2,2016,92,Q5_repeated_low_value_decoy_loop,medium,DecoyTomcat,User4,User,ExploitRemoteService,,[],[],"[""User0"", ""User3""]","[""User0"", ""User3""]","{""blue_first_relevant_response_after_critical"": null, ""blue_first_relevant_response_after_enterprise"": 46, ""enterprise_foothold_step"": 45, ""first_critical_hit_step"": null, ""window_end"": 99, ""window_start"": 90}"
no_constraint_stage2_4obj,11,stage2_ext_002_obj_2,selected,episode_005,7,7016,11,Q4_user_focus_after_enterprise_foothold,medium,DecoySSHD,User3,User,ExploitRemoteService,,[],[],"[""User0"", ""User3""]","[""User0"", ""User3""]","{""blue_first_relevant_response_after_critical"": null, ""blue_first_relevant_response_after_enterprise"": 10, ""enterprise_foothold_step"": 9, ""first_critical_hit_step"": null, ""window_end"": 13, ""window_start"": 11}"
no_constraint_stage2_4obj,11,stage2_ext_002_obj_2,selected,episode_005,7,7016,11,Q5_repeated_low_value_decoy_loop,medium,DecoySSHD,User3,User,ExploitRemoteService,,[],[],"[""User0"", ""User3""]","[""User0"", ""User3""]","{""blue_first_relevant_response_after_critical"": null, ""blue_first_relevant_response_after_enterprise"": 10, ""enterprise_foothold_step"": 9, ""first_critical_hit_step"": null, ""window_end"": 20, ""window_start"": 11}"
no_constraint_stage2_4obj,11,stage2_ext_002_obj_2,selected,episode_006,0,17,19,Q4_user_focus_after_enterprise_foothold,medium,DecoyTomcat,User4,User,ExploitRemoteService,,[],[],"[""User0"", ""User3""]","[""User0"", ""User3""]","{""blue_first_relevant_response_after_critical"": null, ""blue_first_relevant_response_after_enterprise"": 6, ""enterprise_foothold_step"": 5, ""first_critical_hit_step"": null, ""window_end"": 21, ""window_start"": 19}"
no_constraint_stage2_4obj,11,stage2_ext_002_obj_2,selected,episode_006,0,17,75,Q4_user_focus_after_enterprise_foothold,medium,DecoySSHD,User3,User,ExploitRemoteService,,[],[],"[""User0"", ""User3""]","[""User0"", ""User3""]","{""blue_first_relevant_response_after_critical"": null, ""blue_first_relevant_response_after_enterprise"": 6, ""enterprise_foothold_step"": 5, ""first_critical_hit_step"": null, ""window_end"": 77, ""window_start"": 75}"
no_constraint_stage2_4obj,11,stage2_ext_002_obj_2,selected,episode_006,0,17,76,Q4_user_focus_after_enterprise_foothold,medium,Analyse,User2,User,ExploitRemoteService,,[],[],"[""User0"", ""User3""]","[""User0"", ""User3""]","{""blue_first_relevant_response_after_critical"": null, ""blue_first_relevant_response_after_enterprise"": 6, ""enterprise_foothold_step"": 5, ""first_critical_hit_step"": null, ""window_end"": 78, ""window_start"": 76}"
no_constraint_stage2_4obj,11,stage2_ext_002_obj_2,selected,episode_006,0,17,77,Q4_user_focus_after_enterprise_foothold,medium,DecoySSHD,User3,User,PrivilegeEscalate,User3,[],[],"[""User0"", ""User3""]","[""User0"", ""User3""]","{""blue_first_relevant_response_after_critical"": null, ""blue_first_relevant_response_after_enterprise"": 6, ""enterprise_foothold_step"": 5, ""first_critical_hit_step"": null, ""window_end"": 79, ""window_start"": 77}"
no_constraint_stage2_4obj,11,stage2_ext_002_obj_2,selected,episode_006,0,17,78,Q4_user_focus_after_enterprise_foothold,medium,DecoyTomcat,User4,User,DiscoverNetworkServices,,[],[],"[""User0"", ""User3""]","[""User0"", ""User3""]","{""blue_first_relevant_response_after_critical"": null, ""blue_first_relevant_response_after_enterprise"": 6, ""enterprise_foothold_step"": 5, ""first_critical_hit_step"": null, ""window_end"": 80, ""window_start"": 78}"
no_constraint_stage2_4obj,11,stage2_ext_002_obj_2,selected,episode_006,0,17,79,Q4_user_focus_after_enterprise_foothold,medium,DecoySSHD,User0,User,ExploitRemoteService,,[],[],"[""User0"", ""User3""]","[""User0"", ""User3""]","{""blue_first_relevant_response_after_critical"": null, ""blue_first_relevant_response_after_enterprise"": 6, ""enterprise_foothold_step"": 5, ""first_critical_hit_step"": null, ""window_end"": 81, ""window_start"": 79}"
no_constraint_stage2_4obj,11,stage2_ext_002_obj_2,selected,episode_006,0,17,80,Q4_user_focus_after_enterprise_foothold,medium,DecoySSHD,User2,User,ExploitRemoteService,,[],[],"[""User0"", ""User3""]","[""User0"", ""User3""]","{""blue_first_relevant_response_after_critical"": null, ""blue_first_relevant_response_after_enterprise"": 6, ""enterprise_foothold_step"": 5, ""first_critical_hit_step"": null, ""window_end"": 82, ""window_start"": 80}"
no_constraint_stage2_4obj,11,stage2_ext_002_obj_2,selected,episode_006,0,17,86,Q4_user_focus_after_enterprise_foothold,medium,DecoySSHD,User3,User,DiscoverNetworkServices,,[],[],"[""User0"", ""User3""]","[""User0"", ""User3""]","{""blue_first_relevant_response_after_critical"": null, ""blue_first_relevant_response_after_enterprise"": 6, ""enterprise_foothold_step"": 5, ""first_critical_hit_step"": null, ""window_end"": 88, ""window_start"": 86}"
no_constraint_stage2_4obj,11,stage2_ext_002_obj_2,selected,episode_006,0,17,90,Q4_user_focus_after_enterprise_foothold,medium,DecoySSHD,User3,User,DiscoverNetworkServices,,[],[],"[""User0"", ""User3""]","[""User0"", ""User3""]","{""blue_first_relevant_response_after_critical"": null, ""blue_first_relevant_response_after_enterprise"": 6, ""enterprise_foothold_step"": 5, ""first_critical_hit_step"": null, ""window_end"": 92, ""window_start"": 90}"
no_constraint_stage2_4obj,11,stage2_ext_002_obj_2,selected,episode_006,0,17,78,Q5_repeated_low_value_decoy_loop,medium,DecoyTomcat,User4,User,DiscoverNetworkServices,,[],[],"[""User0"", ""User3""]","[""User0"", ""User3""]","{""blue_first_relevant_response_after_critical"": null, ""blue_first_relevant_response_after_enterprise"": 6, ""enterprise_foothold_step"": 5, ""first_critical_hit_step"": null, ""window_end"": 87, ""window_start"": 78}"
no_constraint_stage2_4obj,11,stage2_ext_002_obj_2,selected,episode_006,1,1017,48,Q5_repeated_low_value_decoy_loop,medium,DecoyTomcat,User4,User,ExploitRemoteService,,[],[],"[""User0"", ""User4""]","[""User0"", ""User4""]","{""blue_first_relevant_response_after_critical"": null, ""blue_first_relevant_response_after_enterprise"": 38, ""enterprise_foothold_step"": 37, ""first_critical_hit_step"": null, ""window_end"": 54, ""window_start"": 45}"
no_constraint_stage2_4obj,11,stage2_ext_002_obj_2,selected,episode_006,1,1017,58,Q5_repeated_low_value_decoy_loop,medium,DecoySSHD,User3,User,DiscoverNetworkServices,,[],[],"[""User0"", ""User4""]","[""User0"", ""User4""]","{""blue_first_relevant_response_after_critical"": null, ""blue_first_relevant_response_after_enterprise"": 38, ""enterprise_foothold_step"": 37, ""first_critical_hit_step"": null, ""window_end"": 67, ""window_start"": 58}"
no_constraint_stage2_4obj,11,stage2_ext_002_obj_2,selected,episode_006,3,3017,31,Q5_repeated_low_value_decoy_loop,medium,DecoySSHD,User3,User,ExploitRemoteService,,[],[],"[""User0""]","[""Enterprise1"", ""User0""]","{""blue_first_relevant_response_after_critical"": null, ""blue_first_relevant_response_after_enterprise"": 6, ""enterprise_foothold_step"": 5, ""first_critical_hit_step"": null, ""window_end"": 38, ""window_start"": 29}"
no_constraint_stage2_4obj,11,stage2_ext_002_obj_2,selected,episode_006,5,5017,55,Q4_user_focus_after_enterprise_foothold,medium,DecoyHarakaSMPT,User1,User,ExploitRemoteService,,[],[],"[""User0"", ""User4""]","[""User0"", ""User4""]","{""blue_first_relevant_response_after_critical"": null, ""blue_first_relevant_response_after_enterprise"": 6, ""enterprise_foothold_step"": 5, ""first_critical_hit_step"": null, ""window_end"": 57, ""window_start"": 55}"
no_constraint_stage2_4obj,11,stage2_ext_002_obj_2,selected,episode_006,5,5017,44,Q5_repeated_low_value_decoy_loop,medium,DecoyTomcat,User4,User,DiscoverNetworkServices,,[],[],"[""User0"", ""User4""]","[""User0"", ""User4""]","{""blue_first_relevant_response_after_critical"": null, ""blue_first_relevant_response_after_enterprise"": 6, ""enterprise_foothold_step"": 5, ""first_critical_hit_step"": null, ""window_end"": 50, ""window_start"": 41}"
no_constraint_stage2_4obj,11,stage2_ext_002_obj_2,selected,episode_006,6,6017,59,Q5_repeated_low_value_decoy_loop,medium,DecoySSHD,User3,User,ExploitRemoteService,,[],[],"[""User0"", ""User2""]","[""Enterprise1"", ""User0"", ""User2""]","{""blue_first_relevant_response_after_critical"": null, ""blue_first_relevant_response_after_enterprise"": 6, ""enterprise_foothold_step"": 5, ""first_critical_hit_step"": null, ""window_end"": 68, ""window_start"": 59}"
no_constraint_stage2_4obj,11,stage2_ext_002_obj_2,selected,episode_006,7,7017,73,Q4_user_focus_after_enterprise_foothold,medium,DecoySSHD,User0,User,ExploitRemoteService,,[],[],"[""User0"", ""User4""]","[""User0"", ""User4""]","{""blue_first_relevant_response_after_critical"": null, ""blue_first_relevant_response_after_enterprise"": 34, ""enterprise_foothold_step"": 33, ""first_critical_hit_step"": null, ""window_end"": 75, ""window_start"": 73}"
no_constraint_stage2_4obj,11,stage2_ext_002_obj_2,selected,episode_006,7,7017,92,Q4_user_focus_after_enterprise_foothold,medium,DecoySSHD,User3,User,ExploitRemoteService,,[],[],"[""User0"", ""User4""]","[""User0"", ""User4""]","{""blue_first_relevant_response_after_critical"": null, ""blue_first_relevant_response_after_enterprise"": 34, ""enterprise_foothold_step"": 33, ""first_critical_hit_step"": null, ""window_end"": 94, ""window_start"": 92}"
no_constraint_stage2_4obj,11,stage2_ext_002_obj_2,selected,episode_006,7,7017,93,Q5_repeated_low_value_decoy_loop,medium,DecoyTomcat,User4,User,PrivilegeEscalate,User4,[],[],"[""User0"", ""User4""]","[""User0"", ""User4""]","{""blue_first_relevant_response_after_critical"": null, ""blue_first_relevant_response_after_enterprise"": 34, ""enterprise_foothold_step"": 33, ""first_critical_hit_step"": null, ""window_end"": 97, ""window_start"": 88}"
no_constraint_stage2_4obj,11,stage2_ext_002_obj_2,selected,episode_007,2,2018,59,Q5_repeated_low_value_decoy_loop,medium,DecoyTomcat,User4,User,ExploitRemoteService,,[],[],"[""User0"", ""User2""]","[""Enterprise1"", ""User0"", ""User2""]","{""blue_first_relevant_response_after_critical"": null, ""blue_first_relevant_response_after_enterprise"": 6, ""enterprise_foothold_step"": 5, ""first_critical_hit_step"": null, ""window_end"": 66, ""window_start"": 57}"
no_constraint_stage2_4obj,11,stage2_ext_002_obj_2,selected,episode_007,3,3018,43,Q4_user_focus_after_enterprise_foothold,medium,DecoyTomcat,User4,User,ExploitRemoteService,,[],[],"[""User0"", ""User4""]","[""User0"", ""User4""]","{""blue_first_relevant_response_after_critical"": null, ""blue_first_relevant_response_after_enterprise"": 42, ""enterprise_foothold_step"": 41, ""first_critical_hit_step"": null, ""window_end"": 45, ""window_start"": 43}"
no_constraint_stage2_4obj,11,stage2_ext_002_obj_2,selected,episode_007,3,3018,44,Q4_user_focus_after_enterprise_foothold,medium,DecoyVsftpd,User1,User,ExploitRemoteService,,[],[],"[""User0"", ""User4""]","[""User0"", ""User4""]","{""blue_first_relevant_response_after_critical"": null, ""blue_first_relevant_response_after_enterprise"": 42, ""enterprise_foothold_step"": 41, ""first_critical_hit_step"": null, ""window_end"": 46, ""window_start"": 44}"
no_constraint_stage2_4obj,11,stage2_ext_002_obj_2,selected,episode_007,4,4018,57,Q5_repeated_low_value_decoy_loop,medium,DecoyTomcat,User4,User,ExploitRemoteService,,[],[],"[""User0"", ""User1""]","[""Enterprise1"", ""User0"", ""User1""]","{""blue_first_relevant_response_after_critical"": null, ""blue_first_relevant_response_after_enterprise"": 6, ""enterprise_foothold_step"": 5, ""first_critical_hit_step"": null, ""window_end"": 66, ""window_start"": 57}"
no_constraint_stage2_4obj,11,stage2_ext_002_obj_2,selected,episode_007,6,6018,75,Q4_user_focus_after_enterprise_foothold,medium,DecoyVsftpd,User1,User,ExploitRemoteService,,[],[],"[""User0"", ""User4""]","[""User0"", ""User4""]","{""blue_first_relevant_response_after_critical"": null, ""blue_first_relevant_response_after_enterprise"": 74, ""enterprise_foothold_step"": 73, ""first_critical_hit_step"": null, ""window_end"": 77, ""window_start"": 75}"
no_constraint_stage2_4obj,11,stage2_ext_002_obj_2,selected,episode_007,6,6018,76,Q4_user_focus_after_enterprise_foothold,medium,DecoySSHD,User0,User,ExploitRemoteService,,[],[],"[""User0"", ""User4""]","[""User0"", ""User4""]","{""blue_first_relevant_response_after_critical"": null, ""blue_first_relevant_response_after_enterprise"": 74, ""enterprise_foothold_step"": 73, ""first_critical_hit_step"": null, ""window_end"": 78, ""window_start"": 76}"
no_constraint_stage2_4obj,11,stage2_ext_002_obj_2,selected,episode_008,0,19,23,Q5_repeated_low_value_decoy_loop,medium,DecoyTomcat,User4,User,ExploitRemoteService,,[],[],"[""User0"", ""User2""]","[""Enterprise1"", ""User0"", ""User2""]","{""blue_first_relevant_response_after_critical"": null, ""blue_first_relevant_response_after_enterprise"": 6, ""enterprise_foothold_step"": 5, ""first_critical_hit_step"": null, ""window_end"": 28, ""window_start"": 19}"
no_constraint_stage2_4obj,11,stage2_ext_002_obj_2,selected,episode_008,1,1019,81,Q5_repeated_low_value_decoy_loop,medium,DecoyTomcat,User4,User,ExploitRemoteService,,[],[],"[""User0"", ""User2""]","[""Enterprise1"", ""User0"", ""User2""]","{""blue_first_relevant_response_after_critical"": null, ""blue_first_relevant_response_after_enterprise"": 6, ""enterprise_foothold_step"": 5, ""first_critical_hit_step"": null, ""window_end"": 90, ""window_start"": 81}"
no_constraint_stage2_4obj,11,stage2_ext_002_obj_2,selected,episode_008,2,2019,60,Q4_user_focus_after_enterprise_foothold,medium,DecoyFemitter,User2,User,DiscoverNetworkServices,,[],[],"[""User0"", ""User3""]","[""User0"", ""User3""]","{""blue_first_relevant_response_after_critical"": null, ""blue_first_relevant_response_after_enterprise"": 6, ""enterprise_foothold_step"": 5, ""first_critical_hit_step"": null, ""window_end"": 62, ""window_start"": 60}"
no_constraint_stage2_4obj,11,stage2_ext_002_obj_2,selected,episode_008,2,2019,53,Q5_repeated_low_value_decoy_loop,medium,DecoyTomcat,User4,User,ExploitRemoteService,,[],[],"[""User0"", ""User3""]","[""User0"", ""User3""]","{""blue_first_relevant_response_after_critical"": null, ""blue_first_relevant_response_after_enterprise"": 6, ""enterprise_foothold_step"": 5, ""first_critical_hit_step"": null, ""window_end"": 61, ""window_start"": 52}"
no_constraint_stage2_4obj,11,stage2_ext_002_obj_2,selected,episode_008,3,3019,90,Q5_repeated_low_value_decoy_loop,medium,DecoyTomcat,User4,User,DiscoverNetworkServices,,[],[],"[""User0"", ""User3""]","[""User0"", ""User3""]","{""blue_first_relevant_response_after_critical"": null, ""blue_first_relevant_response_after_enterprise"": 82, ""enterprise_foothold_step"": 81, ""first_critical_hit_step"": null, ""window_end"": 96, ""window_start"": 87}"
no_constraint_stage2_4obj,11,stage2_ext_002_obj_2,selected,episode_008,5,5019,91,Q5_repeated_low_value_decoy_loop,medium,DecoyTomcat,User4,User,ExploitRemoteService,,[],[],"[""User0"", ""User2""]","[""Enterprise1"", ""User0"", ""User2""]","{""blue_first_relevant_response_after_critical"": null, ""blue_first_relevant_response_after_enterprise"": 6, ""enterprise_foothold_step"": 5, ""first_critical_hit_step"": null, ""window_end"": 98, ""window_start"": 89}"
no_constraint_stage2_4obj,11,stage2_ext_002_obj_2,selected,episode_008,7,7019,91,Q4_user_focus_after_enterprise_foothold,medium,DecoySSHD,User4,User,ExploitRemoteService,,[],[],"[""User0"", ""User3""]","[""User0"", ""User3""]","{""blue_first_relevant_response_after_critical"": null, ""blue_first_relevant_response_after_enterprise"": 34, ""enterprise_foothold_step"": 33, ""first_critical_hit_step"": null, ""window_end"": 93, ""window_start"": 91}"
no_constraint_stage2_4obj,11,stage2_ext_002_obj_2,selected,episode_008,7,7019,92,Q4_user_focus_after_enterprise_foothold,medium,DecoyTomcat,User4,User,ExploitRemoteService,,[],[],"[""User0"", ""User3""]","[""User0"", ""User3""]","{""blue_first_relevant_response_after_critical"": null, ""blue_first_relevant_response_after_enterprise"": 34, ""enterprise_foothold_step"": 33, ""first_critical_hit_step"": null, ""window_end"": 94, ""window_start"": 92}"
no_constraint_stage2_4obj,11,stage2_ext_002_obj_2,selected,episode_008,7,7019,93,Q4_user_focus_after_enterprise_foothold,medium,DecoyTomcat,User4,User,PrivilegeEscalate,User3,[],[],"[""User0"", ""User3""]","[""User0"", ""User3""]","{""blue_first_relevant_response_after_critical"": null, ""blue_first_relevant_response_after_enterprise"": 34, ""enterprise_foothold_step"": 33, ""first_critical_hit_step"": null, ""window_end"": 95, ""window_start"": 93}"
no_constraint_stage2_4obj,11,stage2_ext_002_obj_2,selected,episode_008,7,7019,92,Q5_repeated_low_value_decoy_loop,medium,DecoyTomcat,User4,User,ExploitRemoteService,,[],[],"[""User0"", ""User3""]","[""User0"", ""User3""]","{""blue_first_relevant_response_after_critical"": null, ""blue_first_relevant_response_after_enterprise"": 34, ""enterprise_foothold_step"": 33, ""first_critical_hit_step"": null, ""window_end"": 94, ""window_start"": 85}"
no_constraint_stage2_4obj,11,stage2_ext_002_obj_2,selected,episode_009,0,20,53,Q5_repeated_low_value_decoy_loop,medium,DecoyTomcat,User4,User,PrivilegeEscalate,User3,[],[],"[""User0"", ""User3""]","[""User0"", ""User3""]","{""blue_first_relevant_response_after_critical"": null, ""blue_first_relevant_response_after_enterprise"": 30, ""enterprise_foothold_step"": 29, ""first_critical_hit_step"": null, ""window_end"": 60, ""window_start"": 51}"
no_constraint_stage2_4obj,11,stage2_ext_002_obj_2,selected,episode_009,1,1020,11,Q5_repeated_low_value_decoy_loop,medium,DecoySSHD,User3,User,ExploitRemoteService,,[],[],"[""User0"", ""User1""]","[""Enterprise1"", ""User0"", ""User1""]","{""blue_first_relevant_response_after_critical"": null, ""blue_first_relevant_response_after_enterprise"": 6, ""enterprise_foothold_step"": 5, ""first_critical_hit_step"": null, ""window_end"": 20, ""window_start"": 11}"
no_constraint_stage2_4obj,11,stage2_ext_002_obj_2,selected,episode_009,4,4020,37,Q4_user_focus_after_enterprise_foothold,medium,DecoyVsftpd,User1,User,ExploitRemoteService,,[],[],"[""User0"", ""User3""]","[""User0"", ""User3""]","{""blue_first_relevant_response_after_critical"": null, ""blue_first_relevant_response_after_enterprise"": 6, ""enterprise_foothold_step"": 5, ""first_critical_hit_step"": null, ""window_end"": 39, ""window_start"": 37}"
no_constraint_stage2_4obj,11,stage2_ext_002_obj_2,selected,episode_009,4,4020,41,Q4_user_focus_after_enterprise_foothold,medium,Restore,User0,User,ExploitRemoteService,,[],[],"[""User0"", ""User3""]","[""User0"", ""User3""]","{""blue_first_relevant_response_after_critical"": null, ""blue_first_relevant_response_after_enterprise"": 6, ""enterprise_foothold_step"": 5, ""first_critical_hit_step"": null, ""window_end"": 43, ""window_start"": 41}"
no_constraint_stage2_4obj,11,stage2_ext_002_obj_2,selected,episode_009,4,4020,42,Q4_user_focus_after_enterprise_foothold,medium,DecoyTomcat,User4,User,ExploitRemoteService,,[],[],"[""User0"", ""User3""]","[""User0"", ""User3""]","{""blue_first_relevant_response_after_critical"": null, ""blue_first_relevant_response_after_enterprise"": 6, ""enterprise_foothold_step"": 5, ""first_critical_hit_step"": null, ""window_end"": 44, ""window_start"": 42}"
no_constraint_stage2_4obj,11,stage2_ext_002_obj_2,selected,episode_009,4,4020,43,Q4_user_focus_after_enterprise_foothold,medium,DecoyTomcat,User4,User,PrivilegeEscalate,User3,[],[],"[""User0"", ""User3""]","[""User0"", ""User3""]","{""blue_first_relevant_response_after_critical"": null, ""blue_first_relevant_response_after_enterprise"": 6, ""enterprise_foothold_step"": 5, ""first_critical_hit_step"": null, ""window_end"": 45, ""window_start"": 43}"
no_constraint_stage2_4obj,11,stage2_ext_002_obj_2,selected,episode_009,4,4020,44,Q4_user_focus_after_enterprise_foothold,medium,DecoyHarakaSMPT,User1,User,DiscoverNetworkServices,,[],[],"[""User0"", ""User3""]","[""User0"", ""User3""]","{""blue_first_relevant_response_after_critical"": null, ""blue_first_relevant_response_after_enterprise"": 6, ""enterprise_foothold_step"": 5, ""first_critical_hit_step"": null, ""window_end"": 46, ""window_start"": 44}"
no_constraint_stage2_4obj,11,stage2_ext_002_obj_2,selected,episode_009,4,4020,45,Q4_user_focus_after_enterprise_foothold,medium,DecoyFemitter,User2,User,ExploitRemoteService,,[],[],"[""User0"", ""User3""]","[""User0"", ""User3""]","{""blue_first_relevant_response_after_critical"": null, ""blue_first_relevant_response_after_enterprise"": 6, ""enterprise_foothold_step"": 5, ""first_critical_hit_step"": null, ""window_end"": 47, ""window_start"": 45}"
no_constraint_stage2_4obj,11,stage2_ext_002_obj_2,selected,episode_009,4,4020,64,Q4_user_focus_after_enterprise_foothold,medium,DecoyTomcat,User4,User,ExploitRemoteService,,[],[],"[""User0"", ""User3""]","[""User0"", ""User3""]","{""blue_first_relevant_response_after_critical"": null, ""blue_first_relevant_response_after_enterprise"": 6, ""enterprise_foothold_step"": 5, ""first_critical_hit_step"": null, ""window_end"": 66, ""window_start"": 64}"
no_constraint_stage2_4obj,11,stage2_ext_002_obj_2,selected,episode_009,4,4020,42,Q5_repeated_low_value_decoy_loop,medium,DecoyTomcat,User4,User,ExploitRemoteService,,[],[],"[""User0"", ""User3""]","[""User0"", ""User3""]","{""blue_first_relevant_response_after_critical"": null, ""blue_first_relevant_response_after_enterprise"": 6, ""enterprise_foothold_step"": 5, ""first_critical_hit_step"": null, ""window_end"": 49, ""window_start"": 40}"
no_constraint_stage2_4obj,11,stage2_ext_002_obj_2,selected,episode_009,4,4020,77,Q5_repeated_low_value_decoy_loop,medium,DecoySSHD,User3,User,PrivilegeEscalate,User3,[],[],"[""User0"", ""User3""]","[""User0"", ""User3""]","{""blue_first_relevant_response_after_critical"": null, ""blue_first_relevant_response_after_enterprise"": 6, ""enterprise_foothold_step"": 5, ""first_critical_hit_step"": null, ""window_end"": 86, ""window_start"": 77}"
no_constraint_stage2_4obj,11,stage2_ext_002_obj_2,selected,episode_009,5,5020,71,Q5_repeated_low_value_decoy_loop,medium,DecoySSHD,User3,User,ExploitRemoteService,,[],[],"[""User0""]","[""Enterprise1"", ""User0""]","{""blue_first_relevant_response_after_critical"": null, ""blue_first_relevant_response_after_enterprise"": 6, ""enterprise_foothold_step"": 5, ""first_critical_hit_step"": null, ""window_end"": 78, ""window_start"": 69}"
no_constraint_stage2_4obj,11,stage2_ext_002_obj_2,selected,episode_009,6,6020,17,Q5_repeated_low_value_decoy_loop,medium,DecoyTomcat,User4,User,ExploitRemoteService,,[],[],"[""User0"", ""User1""]","[""Enterprise1"", ""User0"", ""User1""]","{""blue_first_relevant_response_after_critical"": null, ""blue_first_relevant_response_after_enterprise"": 6, ""enterprise_foothold_step"": 5, ""first_critical_hit_step"": null, ""window_end"": 24, ""window_start"": 15}"
no_constraint_stage2_4obj,11,stage2_ext_002_obj_2,selected,episode_009,7,7020,64,Q5_repeated_low_value_decoy_loop,medium,DecoyTomcat,User4,User,DiscoverNetworkServices,,[],[],"[""User0"", ""User3""]","[""User0"", ""User3""]","{""blue_first_relevant_response_after_critical"": null, ""blue_first_relevant_response_after_enterprise"": 18, ""enterprise_foothold_step"": 17, ""first_critical_hit_step"": null, ""window_end"": 70, ""window_start"": 61}"
no_constraint_stage2_4obj,11,stage2_ext_002_obj_2,selected,episode_010,0,21,15,Q5_repeated_low_value_decoy_loop,medium,DecoySSHD,User3,User,ExploitRemoteService,,[],[],"[""User0"", ""User3""]","[""Enterprise0"", ""User0"", ""User3""]","{""blue_first_relevant_response_after_critical"": null, ""blue_first_relevant_response_after_enterprise"": 6, ""enterprise_foothold_step"": 5, ""first_critical_hit_step"": null, ""window_end"": 24, ""window_start"": 15}"
no_constraint_stage2_4obj,11,stage2_ext_002_obj_2,selected,episode_010,1,1021,26,Q4_user_focus_after_enterprise_foothold,medium,DecoySSHD,User0,User,DiscoverNetworkServices,,[],[],"[""User0"", ""User4""]","[""User0"", ""User4""]","{""blue_first_relevant_response_after_critical"": null, ""blue_first_relevant_response_after_enterprise"": 14, ""enterprise_foothold_step"": 13, ""first_critical_hit_step"": null, ""window_end"": 28, ""window_start"": 26}"
no_constraint_stage2_4obj,11,stage2_ext_002_obj_2,selected,episode_010,1,1021,27,Q4_user_focus_after_enterprise_foothold,medium,Restore,User1,User,ExploitRemoteService,,[],[],"[""User0"", ""User4""]","[""User0"", ""User4""]","{""blue_first_relevant_response_after_critical"": null, ""blue_first_relevant_response_after_enterprise"": 14, ""enterprise_foothold_step"": 13, ""first_critical_hit_step"": null, ""window_end"": 29, ""window_start"": 27}"
no_constraint_stage2_4obj,11,stage2_ext_002_obj_2,selected,episode_010,1,1021,57,Q4_user_focus_after_enterprise_foothold,medium,DecoyTomcat,User4,User,PrivilegeEscalate,User4,[],[],"[""User0"", ""User4""]","[""User0"", ""User4""]","{""blue_first_relevant_response_after_critical"": null, ""blue_first_relevant_response_after_enterprise"": 14, ""enterprise_foothold_step"": 13, ""first_critical_hit_step"": null, ""window_end"": 59, ""window_start"": 57}"
no_constraint_stage2_4obj,11,stage2_ext_002_obj_2,selected,episode_010,1,1021,61,Q4_user_focus_after_enterprise_foothold,medium,DecoyTomcat,User4,User,PrivilegeEscalate,User4,[],[],"[""User0"", ""User4""]","[""User0"", ""User4""]","{""blue_first_relevant_response_after_critical"": null, ""blue_first_relevant_response_after_enterprise"": 14, ""enterprise_foothold_step"": 13, ""first_critical_hit_step"": null, ""window_end"": 63, ""window_start"": 61}"
no_constraint_stage2_4obj,11,stage2_ext_002_obj_2,selected,episode_010,1,1021,16,Q5_repeated_low_value_decoy_loop,medium,DecoySSHD,User0,User,ExploitRemoteService,,[],[],"[""User0"", ""User4""]","[""User0"", ""User4""]","{""blue_first_relevant_response_after_critical"": null, ""blue_first_relevant_response_after_enterprise"": 14, ""enterprise_foothold_step"": 13, ""first_critical_hit_step"": null, ""window_end"": 24, ""window_start"": 15}"
no_constraint_stage2_4obj,11,stage2_ext_002_obj_2,selected,episode_010,1,1021,52,Q5_repeated_low_value_decoy_loop,medium,DecoyTomcat,User4,User,ExploitRemoteService,,[],[],"[""User0"", ""User4""]","[""User0"", ""User4""]","{""blue_first_relevant_response_after_critical"": null, ""blue_first_relevant_response_after_enterprise"": 14, ""enterprise_foothold_step"": 13, ""first_critical_hit_step"": null, ""window_end"": 58, ""window_start"": 49}"
no_constraint_stage2_4obj,11,stage2_ext_002_obj_2,selected,episode_010,2,2021,59,Q4_user_focus_after_enterprise_foothold,medium,Restore,User1,User,PrivilegeEscalate,User3,[],[],"[""User0"", ""User3""]","[""User0"", ""User3""]","{""blue_first_relevant_response_after_critical"": null, ""blue_first_relevant_response_after_enterprise"": 38, ""enterprise_foothold_step"": 37, ""first_critical_hit_step"": null, ""window_end"": 61, ""window_start"": 59}"
no_constraint_stage2_4obj,11,stage2_ext_002_obj_2,selected,episode_010,2,2021,78,Q4_user_focus_after_enterprise_foothold,medium,DecoyTomcat,User4,User,ExploitRemoteService,,[],[],"[""User0"", ""User3""]","[""User0"", ""User3""]","{""blue_first_relevant_response_after_critical"": null, ""blue_first_relevant_response_after_enterprise"": 38, ""enterprise_foothold_step"": 37, ""first_critical_hit_step"": null, ""window_end"": 80, ""window_start"": 78}"
no_constraint_stage2_4obj,11,stage2_ext_002_obj_2,selected,episode_010,2,2021,79,Q4_user_focus_after_enterprise_foothold,medium,DecoyVsftpd,User1,User,PrivilegeEscalate,User3,[],[],"[""User0"", ""User3""]","[""User0"", ""User3""]","{""blue_first_relevant_response_after_critical"": null, ""blue_first_relevant_response_after_enterprise"": 38, ""enterprise_foothold_step"": 37, ""first_critical_hit_step"": null, ""window_end"": 81, ""window_start"": 79}"
no_constraint_stage2_4obj,11,stage2_ext_002_obj_2,selected,episode_010,2,2021,41,Q5_repeated_low_value_decoy_loop,medium,DecoyTomcat,User4,User,PrivilegeEscalate,User3,[],[],"[""User0"", ""User3""]","[""User0"", ""User3""]","{""blue_first_relevant_response_after_critical"": null, ""blue_first_relevant_response_after_enterprise"": 38, ""enterprise_foothold_step"": 37, ""first_critical_hit_step"": null, ""window_end"": 48, ""window_start"": 39}"
no_constraint_stage2_4obj,11,stage2_ext_002_obj_2,selected,episode_010,3,3021,66,Q4_user_focus_after_enterprise_foothold,medium,DecoyTomcat,User4,User,DiscoverNetworkServices,,[],[],"[""User0"", ""User4""]","[""User0"", ""User4""]","{""blue_first_relevant_response_after_critical"": null, ""blue_first_relevant_response_after_enterprise"": 26, ""enterprise_foothold_step"": 25, ""first_critical_hit_step"": null, ""window_end"": 68, ""window_start"": 66}"
no_constraint_stage2_4obj,11,stage2_ext_002_obj_2,selected,episode_010,3,3021,74,Q5_repeated_low_value_decoy_loop,medium,DecoySSHD,User3,User,DiscoverNetworkServices,,[],[],"[""User0"", ""User4""]","[""User0"", ""User4""]","{""blue_first_relevant_response_after_critical"": null, ""blue_first_relevant_response_after_enterprise"": 26, ""enterprise_foothold_step"": 25, ""first_critical_hit_step"": null, ""window_end"": 83, ""window_start"": 74}"
no_constraint_stage2_4obj,11,stage2_ext_002_obj_2,selected,episode_010,4,4021,17,Q5_repeated_low_value_decoy_loop,medium,DecoyTomcat,User4,User,ExploitRemoteService,,[],[],"[""User0"", ""User2""]","[""Enterprise1"", ""User0"", ""User2""]","{""blue_first_relevant_response_after_critical"": null, ""blue_first_relevant_response_after_enterprise"": 6, ""enterprise_foothold_step"": 5, ""first_critical_hit_step"": null, ""window_end"": 24, ""window_start"": 15}"
no_constraint_stage2_4obj,11,stage2_ext_002_obj_2,selected,episode_010,5,5021,54,Q4_user_focus_after_enterprise_foothold,medium,DecoySSHD,User3,User,DiscoverNetworkServices,,[],[],"[""User0"", ""User3""]","[""User0"", ""User3""]","{""blue_first_relevant_response_after_critical"": null, ""blue_first_relevant_response_after_enterprise"": 10, ""enterprise_foothold_step"": 9, ""first_critical_hit_step"": null, ""window_end"": 56, ""window_start"": 54}"
no_constraint_stage2_4obj,11,stage2_ext_002_obj_2,selected,episode_010,5,5021,55,Q4_user_focus_after_enterprise_foothold,medium,DecoyTomcat,User4,User,ExploitRemoteService,,[],[],"[""User0"", ""User3""]","[""User0"", ""User3""]","{""blue_first_relevant_response_after_critical"": null, ""blue_first_relevant_response_after_enterprise"": 10, ""enterprise_foothold_step"": 9, ""first_critical_hit_step"": null, ""window_end"": 57, ""window_start"": 55}"
no_constraint_stage2_4obj,11,stage2_ext_002_obj_2,selected,episode_010,5,5021,56,Q4_user_focus_after_enterprise_foothold,medium,DecoySSHD,User3,User,ExploitRemoteService,,[],[],"[""User0"", ""User3""]","[""User0"", ""User3""]","{""blue_first_relevant_response_after_critical"": null, ""blue_first_relevant_response_after_enterprise"": 10, ""enterprise_foothold_step"": 9, ""first_critical_hit_step"": null, ""window_end"": 58, ""window_start"": 56}"
no_constraint_stage2_4obj,11,stage2_ext_002_obj_2,selected,episode_010,5,5021,66,Q4_user_focus_after_enterprise_foothold,medium,DecoyTomcat,User4,User,DiscoverNetworkServices,,[],[],"[""User0"", ""User3""]","[""User0"", ""User3""]","{""blue_first_relevant_response_after_critical"": null, ""blue_first_relevant_response_after_enterprise"": 10, ""enterprise_foothold_step"": 9, ""first_critical_hit_step"": null, ""window_end"": 68, ""window_start"": 66}"
no_constraint_stage2_4obj,11,stage2_ext_002_obj_2,selected,episode_010,5,5021,54,Q5_repeated_low_value_decoy_loop,medium,DecoySSHD,User3,User,DiscoverNetworkServices,,[],[],"[""User0"", ""User3""]","[""User0"", ""User3""]","{""blue_first_relevant_response_after_critical"": null, ""blue_first_relevant_response_after_enterprise"": 10, ""enterprise_foothold_step"": 9, ""first_critical_hit_step"": null, ""window_end"": 58, ""window_start"": 49}"
no_constraint_stage2_4obj,11,stage2_ext_002_obj_2,selected,episode_010,5,5021,66,Q5_repeated_low_value_decoy_loop,medium,DecoyTomcat,User4,User,DiscoverNetworkServices,,[],[],"[""User0"", ""User3""]","[""User0"", ""User3""]","{""blue_first_relevant_response_after_critical"": null, ""blue_first_relevant_response_after_enterprise"": 10, ""enterprise_foothold_step"": 9, ""first_critical_hit_step"": null, ""window_end"": 70, ""window_start"": 61}"
no_constraint_stage2_4obj,11,stage2_ext_002_obj_2,selected,episode_010,6,6021,10,Q4_user_focus_after_enterprise_foothold,medium,DecoyTomcat,User4,User,DiscoverNetworkServices,,[],[],"[""User0"", ""User3""]","[""User0"", ""User3""]","{""blue_first_relevant_response_after_critical"": null, ""blue_first_relevant_response_after_enterprise"": 6, ""enterprise_foothold_step"": 5, ""first_critical_hit_step"": null, ""window_end"": 12, ""window_start"": 10}"
no_constraint_stage2_4obj,11,stage2_ext_002_obj_2,selected,episode_010,6,6021,11,Q4_user_focus_after_enterprise_foothold,medium,DecoyTomcat,User4,User,ExploitRemoteService,,[],[],"[""User0"", ""User3""]","[""User0"", ""User3""]","{""blue_first_relevant_response_after_critical"": null, ""blue_first_relevant_response_after_enterprise"": 6, ""enterprise_foothold_step"": 5, ""first_critical_hit_step"": null, ""window_end"": 13, ""window_start"": 11}"
no_constraint_stage2_4obj,11,stage2_ext_002_obj_2,selected,episode_010,6,6021,12,Q4_user_focus_after_enterprise_foothold,medium,DecoyTomcat,User4,User,ExploitRemoteService,,[],[],"[""User0"", ""User3""]","[""User0"", ""User3""]","{""blue_first_relevant_response_after_critical"": null, ""blue_first_relevant_response_after_enterprise"": 6, ""enterprise_foothold_step"": 5, ""first_critical_hit_step"": null, ""window_end"": 14, ""window_start"": 12}"
no_constraint_stage2_4obj,11,stage2_ext_002_obj_2,selected,episode_010,6,6021,61,Q4_user_focus_after_enterprise_foothold,medium,DecoySSHD,User4,User,ExploitRemoteService,,[],[],"[""User0"", ""User3""]","[""User0"", ""User3""]","{""blue_first_relevant_response_after_critical"": null, ""blue_first_relevant_response_after_enterprise"": 6, ""enterprise_foothold_step"": 5, ""first_critical_hit_step"": null, ""window_end"": 63, ""window_start"": 61}"
no_constraint_stage2_4obj,11,stage2_ext_002_obj_2,selected,episode_010,6,6021,62,Q4_user_focus_after_enterprise_foothold,medium,DecoyTomcat,User4,User,ExploitRemoteService,,[],[],"[""User0"", ""User3""]","[""User0"", ""User3""]","{""blue_first_relevant_response_after_critical"": null, ""blue_first_relevant_response_after_enterprise"": 6, ""enterprise_foothold_step"": 5, ""first_critical_hit_step"": null, ""window_end"": 64, ""window_start"": 62}"
no_constraint_stage2_4obj,11,stage2_ext_002_obj_2,selected,episode_010,6,6021,10,Q5_repeated_low_value_decoy_loop,medium,DecoyTomcat,User4,User,DiscoverNetworkServices,,[],[],"[""User0"", ""User3""]","[""User0"", ""User3""]","{""blue_first_relevant_response_after_critical"": null, ""blue_first_relevant_response_after_enterprise"": 6, ""enterprise_foothold_step"": 5, ""first_critical_hit_step"": null, ""window_end"": 16, ""window_start"": 7}"
no_constraint_stage2_4obj,11,stage2_ext_002_obj_2,selected,episode_010,7,7021,41,Q5_repeated_low_value_decoy_loop,medium,DecoySSHD,User3,User,ExploitRemoteService,,[],[],"[""User0"", ""User1""]","[""Enterprise1"", ""User0"", ""User1""]","{""blue_first_relevant_response_after_critical"": null, ""blue_first_relevant_response_after_enterprise"": 6, ""enterprise_foothold_step"": 5, ""first_critical_hit_step"": null, ""window_end"": 46, ""window_start"": 37}"
no_constraint_stage2_4obj,11,stage2_ext_002_obj_2,selected,episode_011,0,22,31,Q4_user_focus_after_enterprise_foothold,medium,DecoySSHD,User3,User,ExploitRemoteService,,[],[],"[""User0"", ""User3""]","[""User0"", ""User3""]","{""blue_first_relevant_response_after_critical"": null, ""blue_first_relevant_response_after_enterprise"": 10, ""enterprise_foothold_step"": 9, ""first_critical_hit_step"": null, ""window_end"": 33, ""window_start"": 31}"
no_constraint_stage2_4obj,11,stage2_ext_002_obj_2,selected,episode_011,0,22,32,Q4_user_focus_after_enterprise_foothold,medium,DecoyTomcat,User4,User,ExploitRemoteService,,[],[],"[""User0"", ""User3""]","[""User0"", ""User3""]","{""blue_first_relevant_response_after_critical"": null, ""blue_first_relevant_response_after_enterprise"": 10, ""enterprise_foothold_step"": 9, ""first_critical_hit_step"": null, ""window_end"": 34, ""window_start"": 32}"
no_constraint_stage2_4obj,11,stage2_ext_002_obj_2,selected,episode_011,0,22,89,Q4_user_focus_after_enterprise_foothold,medium,DecoyTomcat,User4,User,ExploitRemoteService,,[],[],"[""User0"", ""User3""]","[""User0"", ""User3""]","{""blue_first_relevant_response_after_critical"": null, ""blue_first_relevant_response_after_enterprise"": 10, ""enterprise_foothold_step"": 9, ""first_critical_hit_step"": null, ""window_end"": 91, ""window_start"": 89}"
no_constraint_stage2_4obj,11,stage2_ext_002_obj_2,selected,episode_011,0,22,96,Q4_user_focus_after_enterprise_foothold,medium,DecoyVsftpd,User1,User,DiscoverNetworkServices,,[],[],"[""User0"", ""User3""]","[""User0"", ""User3""]","{""blue_first_relevant_response_after_critical"": null, ""blue_first_relevant_response_after_enterprise"": 10, ""enterprise_foothold_step"": 9, ""first_critical_hit_step"": null, ""window_end"": 98, ""window_start"": 96}"
no_constraint_stage2_4obj,11,stage2_ext_002_obj_2,selected,episode_011,0,22,15,Q5_repeated_low_value_decoy_loop,medium,DecoyTomcat,User4,User,ExploitRemoteService,,[],[],"[""User0"", ""User3""]","[""User0"", ""User3""]","{""blue_first_relevant_response_after_critical"": null, ""blue_first_relevant_response_after_enterprise"": 10, ""enterprise_foothold_step"": 9, ""first_critical_hit_step"": null, ""window_end"": 20, ""window_start"": 11}"
no_constraint_stage2_4obj,11,stage2_ext_002_obj_2,selected,episode_011,1,1022,59,Q5_repeated_low_value_decoy_loop,medium,DecoyTomcat,User4,User,ExploitRemoteService,,[],[],"[""User0"", ""User2""]","[""Enterprise1"", ""User0"", ""User2""]","{""blue_first_relevant_response_after_critical"": null, ""blue_first_relevant_response_after_enterprise"": 6, ""enterprise_foothold_step"": 5, ""first_critical_hit_step"": null, ""window_end"": 68, ""window_start"": 59}"
no_constraint_stage2_4obj,11,stage2_ext_002_obj_2,selected,episode_011,2,2022,69,Q5_repeated_low_value_decoy_loop,medium,DecoyTomcat,User4,User,ExploitRemoteService,,[],[],"[""User0"", ""User2""]","[""Enterprise1"", ""User0"", ""User2""]","{""blue_first_relevant_response_after_critical"": null, ""blue_first_relevant_response_after_enterprise"": 6, ""enterprise_foothold_step"": 5, ""first_critical_hit_step"": null, ""window_end"": 78, ""window_start"": 69}"
no_constraint_stage2_4obj,11,stage2_ext_002_obj_2,selected,episode_011,4,4022,43,Q4_user_focus_after_enterprise_foothold,medium,DecoyTomcat,User4,User,ExploitRemoteService,,[],[],"[""User0"", ""User3""]","[""User0"", ""User3""]","{""blue_first_relevant_response_after_critical"": null, ""blue_first_relevant_response_after_enterprise"": 14, ""enterprise_foothold_step"": 13, ""first_critical_hit_step"": null, ""window_end"": 45, ""window_start"": 43}"
no_constraint_stage2_4obj,11,stage2_ext_002_obj_2,selected,episode_011,4,4022,35,Q5_repeated_low_value_decoy_loop,medium,DecoyTomcat,User4,User,PrivilegeEscalate,User3,[],[],"[""User0"", ""User3""]","[""User0"", ""User3""]","{""blue_first_relevant_response_after_critical"": null, ""blue_first_relevant_response_after_enterprise"": 14, ""enterprise_foothold_step"": 13, ""first_critical_hit_step"": null, ""window_end"": 44, ""window_start"": 35}"
no_constraint_stage2_4obj,11,stage2_ext_002_obj_2,selected,episode_011,5,5022,60,Q4_user_focus_after_enterprise_foothold,medium,DecoySSHD,User3,User,ExploitRemoteService,,[],[],"[""User0"", ""User4""]","[""User0"", ""User4""]","{""blue_first_relevant_response_after_critical"": null, ""blue_first_relevant_response_after_enterprise"": 54, ""enterprise_foothold_step"": 53, ""first_critical_hit_step"": null, ""window_end"": 62, ""window_start"": 60}"
no_constraint_stage2_4obj,11,stage2_ext_002_obj_2,selected,episode_011,5,5022,67,Q4_user_focus_after_enterprise_foothold,medium,DecoyHarakaSMPT,User1,User,ExploitRemoteService,,[],[],"[""User0"", ""User4""]","[""User0"", ""User4""]","{""blue_first_relevant_response_after_critical"": null, ""blue_first_relevant_response_after_enterprise"": 54, ""enterprise_foothold_step"": 53, ""first_critical_hit_step"": null, ""window_end"": 69, ""window_start"": 67}"
no_constraint_stage2_4obj,11,stage2_ext_002_obj_2,selected,episode_011,5,5022,60,Q5_repeated_low_value_decoy_loop,medium,DecoySSHD,User3,User,ExploitRemoteService,,[],[],"[""User0"", ""User4""]","[""User0"", ""User4""]","{""blue_first_relevant_response_after_critical"": null, ""blue_first_relevant_response_after_enterprise"": 54, ""enterprise_foothold_step"": 53, ""first_critical_hit_step"": null, ""window_end"": 68, ""window_start"": 59}"
no_constraint_stage2_4obj,11,stage2_ext_002_obj_2,selected,episode_011,5,5022,89,Q5_repeated_low_value_decoy_loop,medium,DecoyTomcat,User4,User,PrivilegeEscalate,User4,[],[],"[""User0"", ""User4""]","[""User0"", ""User4""]","{""blue_first_relevant_response_after_critical"": null, ""blue_first_relevant_response_after_enterprise"": 54, ""enterprise_foothold_step"": 53, ""first_critical_hit_step"": null, ""window_end"": 98, ""window_start"": 89}"
no_constraint_stage2_4obj,11,stage2_ext_002_obj_2,selected,episode_011,6,6022,7,Q5_repeated_low_value_decoy_loop,medium,DecoyTomcat,User4,User,ExploitRemoteService,,[],[],"[""User0"", ""User1""]","[""Enterprise1"", ""User0"", ""User1""]","{""blue_first_relevant_response_after_critical"": null, ""blue_first_relevant_response_after_enterprise"": 6, ""enterprise_foothold_step"": 5, ""first_critical_hit_step"": null, ""window_end"": 16, ""window_start"": 7}"
no_constraint_stage2_4obj,11,stage2_ext_002_obj_2,selected,episode_011,6,6022,43,Q5_repeated_low_value_decoy_loop,medium,DecoySSHD,User3,User,ExploitRemoteService,,[],[],"[""User0"", ""User1""]","[""Enterprise1"", ""User0"", ""User1""]","{""blue_first_relevant_response_after_critical"": null, ""blue_first_relevant_response_after_enterprise"": 6, ""enterprise_foothold_step"": 5, ""first_critical_hit_step"": null, ""window_end"": 52, ""window_start"": 43}"
no_constraint_stage2_4obj,11,stage2_ext_002_obj_2,selected,episode_012,0,23,42,Q4_user_focus_after_enterprise_foothold,medium,Restore,User1,User,ExploitRemoteService,,[],[],"[""User0"", ""User3""]","[""User0"", ""User3""]","{""blue_first_relevant_response_after_critical"": null, ""blue_first_relevant_response_after_enterprise"": 26, ""enterprise_foothold_step"": 25, ""first_critical_hit_step"": null, ""window_end"": 44, ""window_start"": 42}"
no_constraint_stage2_4obj,11,stage2_ext_002_obj_2,selected,episode_012,0,23,43,Q5_repeated_low_value_decoy_loop,medium,DecoyTomcat,User4,User,PrivilegeEscalate,User3,[],[],"[""User0"", ""User3""]","[""User0"", ""User3""]","{""blue_first_relevant_response_after_critical"": null, ""blue_first_relevant_response_after_enterprise"": 26, ""enterprise_foothold_step"": 25, ""first_critical_hit_step"": null, ""window_end"": 49, ""window_start"": 40}"
no_constraint_stage2_4obj,11,stage2_ext_002_obj_2,selected,episode_012,1,1023,37,Q5_repeated_low_value_decoy_loop,medium,DecoySSHD,User3,User,ExploitRemoteService,,[],[],"[""User0"", ""User2""]","[""Enterprise1"", ""User0"", ""User2""]","{""blue_first_relevant_response_after_critical"": null, ""blue_first_relevant_response_after_enterprise"": 6, ""enterprise_foothold_step"": 5, ""first_critical_hit_step"": null, ""window_end"": 46, ""window_start"": 37}"
no_constraint_stage2_4obj,11,stage2_ext_002_obj_2,selected,episode_012,2,2023,59,Q5_repeated_low_value_decoy_loop,medium,DecoyTomcat,User4,User,ExploitRemoteService,,[],[],"[""User0"", ""User2""]","[""Enterprise1"", ""User0"", ""User2""]","{""blue_first_relevant_response_after_critical"": null, ""blue_first_relevant_response_after_enterprise"": 6, ""enterprise_foothold_step"": 5, ""first_critical_hit_step"": null, ""window_end"": 68, ""window_start"": 59}"
no_constraint_stage2_4obj,11,stage2_ext_002_obj_2,selected,episode_012,3,3023,67,Q4_user_focus_after_enterprise_foothold,medium,DecoySSHD,User3,User,ExploitRemoteService,,[],[],"[""User0"", ""User4""]","[""User0"", ""User4""]","{""blue_first_relevant_response_after_critical"": null, ""blue_first_relevant_response_after_enterprise"": 38, ""enterprise_foothold_step"": 37, ""first_critical_hit_step"": null, ""window_end"": 69, ""window_start"": 67}"
no_constraint_stage2_4obj,11,stage2_ext_002_obj_2,selected,episode_012,3,3023,76,Q4_user_focus_after_enterprise_foothold,medium,DecoyTomcat,User4,User,ExploitRemoteService,,[],[],"[""User0"", ""User4""]","[""User0"", ""User4""]","{""blue_first_relevant_response_after_critical"": null, ""blue_first_relevant_response_after_enterprise"": 38, ""enterprise_foothold_step"": 37, ""first_critical_hit_step"": null, ""window_end"": 78, ""window_start"": 76}"
no_constraint_stage2_4obj,11,stage2_ext_002_obj_2,selected,episode_012,3,3023,77,Q4_user_focus_after_enterprise_foothold,medium,DecoySSHD,User3,User,PrivilegeEscalate,User4,[],[],"[""User0"", ""User4""]","[""User0"", ""User4""]","{""blue_first_relevant_response_after_critical"": null, ""blue_first_relevant_response_after_enterprise"": 38, ""enterprise_foothold_step"": 37, ""first_critical_hit_step"": null, ""window_end"": 79, ""window_start"": 77}"
no_constraint_stage2_4obj,11,stage2_ext_002_obj_2,selected,episode_012,3,3023,78,Q4_user_focus_after_enterprise_foothold,medium,DecoySSHD,User3,User,DiscoverNetworkServices,,[],[],"[""User0"", ""User4""]","[""User0"", ""User4""]","{""blue_first_relevant_response_after_critical"": null, ""blue_first_relevant_response_after_enterprise"": 38, ""enterprise_foothold_step"": 37, ""first_critical_hit_step"": null, ""window_end"": 80, ""window_start"": 78}"
no_constraint_stage2_4obj,11,stage2_ext_002_obj_2,selected,episode_012,3,3023,39,Q5_repeated_low_value_decoy_loop,medium,DecoyTomcat,User4,User,ExploitRemoteService,,[],[],"[""User0"", ""User4""]","[""User0"", ""User4""]","{""blue_first_relevant_response_after_critical"": null, ""blue_first_relevant_response_after_enterprise"": 38, ""enterprise_foothold_step"": 37, ""first_critical_hit_step"": null, ""window_end"": 48, ""window_start"": 39}"
no_constraint_stage2_4obj,11,stage2_ext_002_obj_2,selected,episode_012,3,3023,77,Q5_repeated_low_value_decoy_loop,medium,DecoySSHD,User3,User,PrivilegeEscalate,User4,[],[],"[""User0"", ""User4""]","[""User0"", ""User4""]","{""blue_first_relevant_response_after_critical"": null, ""blue_first_relevant_response_after_enterprise"": 38, ""enterprise_foothold_step"": 37, ""first_critical_hit_step"": null, ""window_end"": 80, ""window_start"": 71}"
no_constraint_stage2_4obj,11,stage2_ext_002_obj_2,selected,episode_012,4,4023,51,Q5_repeated_low_value_decoy_loop,medium,DecoySSHD,User3,User,ExploitRemoteService,,[],[],"[""User0"", ""User1""]","[""Enterprise1"", ""User0"", ""User1""]","{""blue_first_relevant_response_after_critical"": null, ""blue_first_relevant_response_after_enterprise"": 6, ""enterprise_foothold_step"": 5, ""first_critical_hit_step"": null, ""window_end"": 60, ""window_start"": 51}"
no_constraint_stage2_4obj,11,stage2_ext_002_obj_2,selected,episode_012,5,5023,37,Q5_repeated_low_value_decoy_loop,medium,DecoyTomcat,User4,User,PrivilegeEscalate,User4,[],[],"[""User0"", ""User4""]","[""User0"", ""User4""]","{""blue_first_relevant_response_after_critical"": null, ""blue_first_relevant_response_after_enterprise"": 34, ""enterprise_foothold_step"": 33, ""first_critical_hit_step"": null, ""window_end"": 44, ""window_start"": 35}"
no_constraint_stage2_4obj,11,stage2_ext_002_obj_2,selected,episode_013,0,24,41,Q4_user_focus_after_enterprise_foothold,medium,DecoyFemitter,User2,User,ExploitRemoteService,,[],[],"[""User0"", ""User3""]","[""User0"", ""User3""]","{""blue_first_relevant_response_after_critical"": null, ""blue_first_relevant_response_after_enterprise"": 34, ""enterprise_foothold_step"": 33, ""first_critical_hit_step"": null, ""window_end"": 43, ""window_start"": 41}"
no_constraint_stage2_4obj,11,stage2_ext_002_obj_2,selected,episode_013,0,24,42,Q4_user_focus_after_enterprise_foothold,medium,DecoySSHD,User3,User,PrivilegeEscalate,User3,[],[],"[""User0"", ""User3""]","[""User0"", ""User3""]","{""blue_first_relevant_response_after_critical"": null, ""blue_first_relevant_response_after_enterprise"": 34, ""enterprise_foothold_step"": 33, ""first_critical_hit_step"": null, ""window_end"": 44, ""window_start"": 42}"
no_constraint_stage2_4obj,11,stage2_ext_002_obj_2,selected,episode_013,0,24,43,Q4_user_focus_after_enterprise_foothold,medium,DecoyTomcat,User4,User,DiscoverNetworkServices,,[],[],"[""User0"", ""User3""]","[""User0"", ""User3""]","{""blue_first_relevant_response_after_critical"": null, ""blue_first_relevant_response_after_enterprise"": 34, ""enterprise_foothold_step"": 33, ""first_critical_hit_step"": null, ""window_end"": 45, ""window_start"": 43}"
no_constraint_stage2_4obj,11,stage2_ext_002_obj_2,selected,episode_013,0,24,52,Q4_user_focus_after_enterprise_foothold,medium,DecoyTomcat,User4,User,DiscoverNetworkServices,,[],[],"[""User0"", ""User3""]","[""User0"", ""User3""]","{""blue_first_relevant_response_after_critical"": null, ""blue_first_relevant_response_after_enterprise"": 34, ""enterprise_foothold_step"": 33, ""first_critical_hit_step"": null, ""window_end"": 54, ""window_start"": 52}"
no_constraint_stage2_4obj,11,stage2_ext_002_obj_2,selected,episode_013,0,24,88,Q4_user_focus_after_enterprise_foothold,medium,DecoySSHD,User0,User,ExploitRemoteService,,[],[],"[""User0"", ""User3""]","[""User0"", ""User3""]","{""blue_first_relevant_response_after_critical"": null, ""blue_first_relevant_response_after_enterprise"": 34, ""enterprise_foothold_step"": 33, ""first_critical_hit_step"": null, ""window_end"": 90, ""window_start"": 88}"
no_constraint_stage2_4obj,11,stage2_ext_002_obj_2,selected,episode_013,0,24,95,Q4_user_focus_after_enterprise_foothold,medium,DecoyFemitter,User2,User,DiscoverNetworkServices,,[],[],"[""User0"", ""User3""]","[""User0"", ""User3""]","{""blue_first_relevant_response_after_critical"": null, ""blue_first_relevant_response_after_enterprise"": 34, ""enterprise_foothold_step"": 33, ""first_critical_hit_step"": null, ""window_end"": 97, ""window_start"": 95}"
no_constraint_stage2_4obj,11,stage2_ext_002_obj_2,selected,episode_013,0,24,72,Q5_repeated_low_value_decoy_loop,medium,DecoyTomcat,User4,User,ExploitRemoteService,,[],[],"[""User0"", ""User3""]","[""User0"", ""User3""]","{""blue_first_relevant_response_after_critical"": null, ""blue_first_relevant_response_after_enterprise"": 34, ""enterprise_foothold_step"": 33, ""first_critical_hit_step"": null, ""window_end"": 79, ""window_start"": 70}"
no_constraint_stage2_4obj,11,stage2_ext_002_obj_2,selected,episode_013,4,4024,65,Q5_repeated_low_value_decoy_loop,medium,DecoySSHD,User3,User,ExploitRemoteService,,[],[],"[""User0"", ""User1""]","[""Enterprise1"", ""User0"", ""User1""]","{""blue_first_relevant_response_after_critical"": null, ""blue_first_relevant_response_after_enterprise"": 6, ""enterprise_foothold_step"": 5, ""first_critical_hit_step"": null, ""window_end"": 74, ""window_start"": 65}"
no_constraint_stage2_4obj,11,stage2_ext_002_obj_2,selected,episode_013,7,7024,21,Q4_user_focus_after_enterprise_foothold,medium,DecoySSHD,User3,User,ExploitRemoteService,,[],[],"[""User0"", ""User4""]","[""User0"", ""User4""]","{""blue_first_relevant_response_after_critical"": null, ""blue_first_relevant_response_after_enterprise"": 6, ""enterprise_foothold_step"": 5, ""first_critical_hit_step"": null, ""window_end"": 23, ""window_start"": 21}"
no_constraint_stage2_4obj,11,stage2_ext_002_obj_2,selected,episode_013,7,7024,67,Q4_user_focus_after_enterprise_foothold,medium,DecoyVsftpd,User1,User,PrivilegeEscalate,User4,[],[],"[""User0"", ""User4""]","[""User0"", ""User4""]","{""blue_first_relevant_response_after_critical"": null, ""blue_first_relevant_response_after_enterprise"": 6, ""enterprise_foothold_step"": 5, ""first_critical_hit_step"": null, ""window_end"": 69, ""window_start"": 67}"
no_constraint_stage2_4obj,11,stage2_ext_002_obj_2,selected,episode_013,7,7024,71,Q4_user_focus_after_enterprise_foothold,medium,DecoySSHD,User3,User,ExploitRemoteService,,[],[],"[""User0"", ""User4""]","[""User0"", ""User4""]","{""blue_first_relevant_response_after_critical"": null, ""blue_first_relevant_response_after_enterprise"": 6, ""enterprise_foothold_step"": 5, ""first_critical_hit_step"": null, ""window_end"": 73, ""window_start"": 71}"
no_constraint_stage2_4obj,11,stage2_ext_002_obj_2,selected,episode_013,7,7024,72,Q4_user_focus_after_enterprise_foothold,medium,DecoySSHD,User3,User,ExploitRemoteService,,[],[],"[""User0"", ""User4""]","[""User0"", ""User4""]","{""blue_first_relevant_response_after_critical"": null, ""blue_first_relevant_response_after_enterprise"": 6, ""enterprise_foothold_step"": 5, ""first_critical_hit_step"": null, ""window_end"": 74, ""window_start"": 72}"
no_constraint_stage2_4obj,11,stage2_ext_002_obj_2,selected,episode_013,7,7024,21,Q5_repeated_low_value_decoy_loop,medium,DecoySSHD,User3,User,ExploitRemoteService,,[],[],"[""User0"", ""User4""]","[""User0"", ""User4""]","{""blue_first_relevant_response_after_critical"": null, ""blue_first_relevant_response_after_enterprise"": 6, ""enterprise_foothold_step"": 5, ""first_critical_hit_step"": null, ""window_end"": 25, ""window_start"": 16}"
no_constraint_stage2_4obj,11,stage2_ext_002_obj_2,selected,episode_013,7,7024,30,Q5_repeated_low_value_decoy_loop,medium,DecoyTomcat,User4,User,ExploitRemoteService,,[],[],"[""User0"", ""User4""]","[""User0"", ""User4""]","{""blue_first_relevant_response_after_critical"": null, ""blue_first_relevant_response_after_enterprise"": 6, ""enterprise_foothold_step"": 5, ""first_critical_hit_step"": null, ""window_end"": 39, ""window_start"": 30}"
no_constraint_stage2_4obj,11,stage2_ext_002_obj_2,selected,episode_013,7,7024,61,Q5_repeated_low_value_decoy_loop,medium,DecoyVsftpd,User1,User,ExploitRemoteService,,[],[],"[""User0"", ""User4""]","[""User0"", ""User4""]","{""blue_first_relevant_response_after_critical"": null, ""blue_first_relevant_response_after_enterprise"": 6, ""enterprise_foothold_step"": 5, ""first_critical_hit_step"": null, ""window_end"": 70, ""window_start"": 61}"
no_constraint_stage2_4obj,11,stage2_ext_002_obj_2,selected,episode_014,0,25,41,Q4_user_focus_after_enterprise_foothold,medium,Remove,User4,User,ExploitRemoteService,,[],[],"[""User0"", ""User4""]","[""User0"", ""User4""]","{""blue_first_relevant_response_after_critical"": null, ""blue_first_relevant_response_after_enterprise"": 6, ""enterprise_foothold_step"": 5, ""first_critical_hit_step"": null, ""window_end"": 43, ""window_start"": 41}"
no_constraint_stage2_4obj,11,stage2_ext_002_obj_2,selected,episode_014,0,25,47,Q4_user_focus_after_enterprise_foothold,medium,DecoyTomcat,User4,User,ExploitRemoteService,,[],[],"[""User0"", ""User4""]","[""User0"", ""User4""]","{""blue_first_relevant_response_after_critical"": null, ""blue_first_relevant_response_after_enterprise"": 6, ""enterprise_foothold_step"": 5, ""first_critical_hit_step"": null, ""window_end"": 49, ""window_start"": 47}"
no_constraint_stage2_4obj,11,stage2_ext_002_obj_2,selected,episode_014,0,25,69,Q4_user_focus_after_enterprise_foothold,medium,DecoyTomcat,User4,User,PrivilegeEscalate,User4,[],[],"[""User0"", ""User4""]","[""User0"", ""User4""]","{""blue_first_relevant_response_after_critical"": null, ""blue_first_relevant_response_after_enterprise"": 6, ""enterprise_foothold_step"": 5, ""first_critical_hit_step"": null, ""window_end"": 71, ""window_start"": 69}"
no_constraint_stage2_4obj,11,stage2_ext_002_obj_2,selected,episode_014,0,25,7,Q5_repeated_low_value_decoy_loop,medium,DecoyTomcat,User4,User,ExploitRemoteService,,[],[],"[""User0"", ""User4""]","[""User0"", ""User4""]","{""blue_first_relevant_response_after_critical"": null, ""blue_first_relevant_response_after_enterprise"": 6, ""enterprise_foothold_step"": 5, ""first_critical_hit_step"": null, ""window_end"": 16, ""window_start"": 7}"
no_constraint_stage2_4obj,11,stage2_ext_002_obj_2,selected,episode_014,0,25,48,Q5_repeated_low_value_decoy_loop,medium,DecoySSHD,User3,User,ExploitRemoteService,,[],[],"[""User0"", ""User4""]","[""User0"", ""User4""]","{""blue_first_relevant_response_after_critical"": null, ""blue_first_relevant_response_after_enterprise"": 6, ""enterprise_foothold_step"": 5, ""first_critical_hit_step"": null, ""window_end"": 52, ""window_start"": 43}"
no_constraint_stage2_4obj,11,stage2_ext_002_obj_2,selected,episode_014,3,3025,17,Q4_user_focus_after_enterprise_foothold,medium,DecoyHarakaSMPT,User1,User,PrivilegeEscalate,User3,[],[],"[""User0"", ""User3""]","[""User0"", ""User3""]","{""blue_first_relevant_response_after_critical"": null, ""blue_first_relevant_response_after_enterprise"": 14, ""enterprise_foothold_step"": 13, ""first_critical_hit_step"": null, ""window_end"": 19, ""window_start"": 17}"
no_constraint_stage2_4obj,11,stage2_ext_002_obj_2,selected,episode_014,6,6025,43,Q4_user_focus_after_enterprise_foothold,medium,DecoyTomcat,User4,User,PrivilegeEscalate,User4,[],[],"[""User0"", ""User4""]","[""User0"", ""User4""]","{""blue_first_relevant_response_after_critical"": null, ""blue_first_relevant_response_after_enterprise"": 6, ""enterprise_foothold_step"": 5, ""first_critical_hit_step"": null, ""window_end"": 45, ""window_start"": 43}"
no_constraint_stage2_4obj,11,stage2_ext_002_obj_2,selected,episode_014,6,6025,75,Q4_user_focus_after_enterprise_foothold,medium,DecoyHarakaSMPT,User1,User,PrivilegeEscalate,User4,[],[],"[""User0"", ""User4""]","[""User0"", ""User4""]","{""blue_first_relevant_response_after_critical"": null, ""blue_first_relevant_response_after_enterprise"": 6, ""enterprise_foothold_step"": 5, ""first_critical_hit_step"": null, ""window_end"": 77, ""window_start"": 75}"
no_constraint_stage2_4obj,11,stage2_ext_002_obj_2,selected,episode_014,6,6025,8,Q5_repeated_low_value_decoy_loop,medium,DecoyTomcat,User4,User,ExploitRemoteService,,[],[],"[""User0"", ""User4""]","[""User0"", ""User4""]","{""blue_first_relevant_response_after_critical"": null, ""blue_first_relevant_response_after_enterprise"": 6, ""enterprise_foothold_step"": 5, ""first_critical_hit_step"": null, ""window_end"": 16, ""window_start"": 7}"
no_constraint_stage2_4obj,11,stage2_ext_002_obj_2,selected,episode_014,6,6025,40,Q5_repeated_low_value_decoy_loop,medium,DecoySSHD,User3,User,DiscoverNetworkServices,,[],[],"[""User0"", ""User4""]","[""User0"", ""User4""]","{""blue_first_relevant_response_after_critical"": null, ""blue_first_relevant_response_after_enterprise"": 6, ""enterprise_foothold_step"": 5, ""first_critical_hit_step"": null, ""window_end"": 46, ""window_start"": 37}"
no_constraint_stage2_4obj,11,stage2_ext_002_obj_2,selected,episode_014,7,7025,49,Q5_repeated_low_value_decoy_loop,medium,DecoyTomcat,User4,User,ExploitRemoteService,,[],[],"[""User0"", ""User2""]","[""Enterprise1"", ""User0"", ""User2""]","{""blue_first_relevant_response_after_critical"": null, ""blue_first_relevant_response_after_enterprise"": 6, ""enterprise_foothold_step"": 5, ""first_critical_hit_step"": null, ""window_end"": 56, ""window_start"": 47}"
no_constraint_stage2_4obj,11,stage2_ext_002_obj_2,selected,episode_015,0,26,50,Q4_user_focus_after_enterprise_foothold,medium,DecoySSHD,User3,User,ExploitRemoteService,,[],[],"[""User0"", ""User3""]","[""User0"", ""User3""]","{""blue_first_relevant_response_after_critical"": null, ""blue_first_relevant_response_after_enterprise"": 6, ""enterprise_foothold_step"": 5, ""first_critical_hit_step"": null, ""window_end"": 52, ""window_start"": 50}"
no_constraint_stage2_4obj,11,stage2_ext_002_obj_2,selected,episode_015,0,26,90,Q4_user_focus_after_enterprise_foothold,medium,DecoyTomcat,User4,User,ExploitRemoteService,,[],[],"[""User0"", ""User3""]","[""User0"", ""User3""]","{""blue_first_relevant_response_after_critical"": null, ""blue_first_relevant_response_after_enterprise"": 6, ""enterprise_foothold_step"": 5, ""first_critical_hit_step"": null, ""window_end"": 92, ""window_start"": 90}"
no_constraint_stage2_4obj,11,stage2_ext_002_obj_2,selected,episode_015,0,26,20,Q5_repeated_low_value_decoy_loop,medium,DecoyTomcat,User4,User,ExploitRemoteService,,[],[],"[""User0"", ""User3""]","[""User0"", ""User3""]","{""blue_first_relevant_response_after_critical"": null, ""blue_first_relevant_response_after_enterprise"": 6, ""enterprise_foothold_step"": 5, ""first_critical_hit_step"": null, ""window_end"": 27, ""window_start"": 18}"
no_constraint_stage2_4obj,11,stage2_ext_002_obj_2,selected,episode_015,1,1026,53,Q5_repeated_low_value_decoy_loop,medium,DecoySSHD,User3,User,ExploitRemoteService,,[],[],"[""User0"", ""User2""]","[""Enterprise1"", ""User0"", ""User2""]","{""blue_first_relevant_response_after_critical"": null, ""blue_first_relevant_response_after_enterprise"": 6, ""enterprise_foothold_step"": 5, ""first_critical_hit_step"": null, ""window_end"": 62, ""window_start"": 53}"
no_constraint_stage2_4obj,11,stage2_ext_002_obj_2,selected,episode_015,4,4026,19,Q5_repeated_low_value_decoy_loop,medium,DecoyTomcat,User4,User,ExploitRemoteService,,[],[],"[""User0"", ""User2""]","[""Enterprise1"", ""User0"", ""User2""]","{""blue_first_relevant_response_after_critical"": null, ""blue_first_relevant_response_after_enterprise"": 6, ""enterprise_foothold_step"": 5, ""first_critical_hit_step"": null, ""window_end"": 28, ""window_start"": 19}"
no_constraint_stage2_4obj,11,stage2_ext_002_obj_2,selected,episode_015,4,4026,29,Q5_repeated_low_value_decoy_loop,medium,DecoySSHD,User3,User,ExploitRemoteService,,[],[],"[""User0"", ""User2""]","[""Enterprise1"", ""User0"", ""User2""]","{""blue_first_relevant_response_after_critical"": null, ""blue_first_relevant_response_after_enterprise"": 6, ""enterprise_foothold_step"": 5, ""first_critical_hit_step"": null, ""window_end"": 38, ""window_start"": 29}"
no_constraint_stage2_4obj,11,stage2_ext_002_obj_2,selected,episode_015,5,5026,80,Q4_user_focus_after_enterprise_foothold,medium,DecoyVsftpd,User1,User,ExploitRemoteService,,[],[],"[""User0"", ""User4""]","[""User0"", ""User4""]","{""blue_first_relevant_response_after_critical"": null, ""blue_first_relevant_response_after_enterprise"": 22, ""enterprise_foothold_step"": 21, ""first_critical_hit_step"": null, ""window_end"": 82, ""window_start"": 80}"
no_constraint_stage2_4obj,11,stage2_ext_002_obj_2,selected,episode_015,5,5026,81,Q4_user_focus_after_enterprise_foothold,medium,Analyse,User2,User,PrivilegeEscalate,User4,[],[],"[""User0"", ""User4""]","[""User0"", ""User4""]","{""blue_first_relevant_response_after_critical"": null, ""blue_first_relevant_response_after_enterprise"": 22, ""enterprise_foothold_step"": 21, ""first_critical_hit_step"": null, ""window_end"": 83, ""window_start"": 81}"
no_constraint_stage2_4obj,11,stage2_ext_002_obj_2,selected,episode_015,5,5026,97,Q4_user_focus_after_enterprise_foothold,medium,DecoySSHD,User0,User,ExploitRemoteService,,[],[],"[""User0"", ""User4""]","[""User0"", ""User4""]","{""blue_first_relevant_response_after_critical"": null, ""blue_first_relevant_response_after_enterprise"": 22, ""enterprise_foothold_step"": 21, ""first_critical_hit_step"": null, ""window_end"": 99, ""window_start"": 97}"
no_constraint_stage2_4obj,11,stage2_ext_002_obj_2,selected,episode_015,7,7026,40,Q4_user_focus_after_enterprise_foothold,medium,DecoyTomcat,User4,User,DiscoverNetworkServices,,[],[],"[""User0"", ""User4""]","[""User0"", ""User4""]","{""blue_first_relevant_response_after_critical"": null, ""blue_first_relevant_response_after_enterprise"": 14, ""enterprise_foothold_step"": 13, ""first_critical_hit_step"": null, ""window_end"": 42, ""window_start"": 40}"
no_constraint_stage2_4obj,11,stage2_ext_002_obj_2,selected,episode_015,7,7026,41,Q4_user_focus_after_enterprise_foothold,medium,DecoySSHD,User3,User,ExploitRemoteService,,[],[],"[""User0"", ""User4""]","[""User0"", ""User4""]","{""blue_first_relevant_response_after_critical"": null, ""blue_first_relevant_response_after_enterprise"": 14, ""enterprise_foothold_step"": 13, ""first_critical_hit_step"": null, ""window_end"": 43, ""window_start"": 41}"
no_constraint_stage2_4obj,11,stage2_ext_002_obj_2,selected,episode_015,7,7026,42,Q4_user_focus_after_enterprise_foothold,medium,DecoySSHD,User0,User,ExploitRemoteService,,[],[],"[""User0"", ""User4""]","[""User0"", ""User4""]","{""blue_first_relevant_response_after_critical"": null, ""blue_first_relevant_response_after_enterprise"": 14, ""enterprise_foothold_step"": 13, ""first_critical_hit_step"": null, ""window_end"": 44, ""window_start"": 42}"
no_constraint_stage2_4obj,11,stage2_ext_002_obj_2,selected,episode_015,7,7026,57,Q4_user_focus_after_enterprise_foothold,medium,Restore,User0,User,ExploitRemoteService,,[],[],"[""User0"", ""User4""]","[""User0"", ""User4""]","{""blue_first_relevant_response_after_critical"": null, ""blue_first_relevant_response_after_enterprise"": 14, ""enterprise_foothold_step"": 13, ""first_critical_hit_step"": null, ""window_end"": 59, ""window_start"": 57}"
no_constraint_stage2_4obj,11,stage2_ext_002_obj_2,selected,episode_015,7,7026,58,Q4_user_focus_after_enterprise_foothold,medium,DecoyHarakaSMPT,User1,User,ExploitRemoteService,,[],[],"[""User0"", ""User4""]","[""User0"", ""User4""]","{""blue_first_relevant_response_after_critical"": null, ""blue_first_relevant_response_after_enterprise"": 14, ""enterprise_foothold_step"": 13, ""first_critical_hit_step"": null, ""window_end"": 60, ""window_start"": 58}"
no_constraint_stage2_4obj,11,stage2_ext_002_obj_2,selected,episode_015,7,7026,68,Q4_user_focus_after_enterprise_foothold,medium,DecoyTomcat,User4,User,DiscoverNetworkServices,,[],[],"[""User0"", ""User4""]","[""User0"", ""User4""]","{""blue_first_relevant_response_after_critical"": null, ""blue_first_relevant_response_after_enterprise"": 14, ""enterprise_foothold_step"": 13, ""first_critical_hit_step"": null, ""window_end"": 70, ""window_start"": 68}"
no_constraint_stage2_4obj,11,stage2_ext_002_obj_2,selected,episode_015,7,7026,69,Q4_user_focus_after_enterprise_foothold,medium,DecoySSHD,User3,User,ExploitRemoteService,,[],[],"[""User0"", ""User4""]","[""User0"", ""User4""]","{""blue_first_relevant_response_after_critical"": null, ""blue_first_relevant_response_after_enterprise"": 14, ""enterprise_foothold_step"": 13, ""first_critical_hit_step"": null, ""window_end"": 71, ""window_start"": 69}"
no_constraint_stage2_4obj,11,stage2_ext_002_obj_2,selected,episode_015,7,7026,41,Q5_repeated_low_value_decoy_loop,medium,DecoySSHD,User3,User,ExploitRemoteService,,[],[],"[""User0"", ""User4""]","[""User0"", ""User4""]","{""blue_first_relevant_response_after_critical"": null, ""blue_first_relevant_response_after_enterprise"": 14, ""enterprise_foothold_step"": 13, ""first_critical_hit_step"": null, ""window_end"": 50, ""window_start"": 41}"
no_constraint_stage2_4obj,11,stage2_ext_002_obj_2,selected,episode_016,3,3027,58,Q4_user_focus_after_enterprise_foothold,medium,DecoySSHD,User4,User,DiscoverNetworkServices,,[],[],"[""User0"", ""User3""]","[""User0"", ""User3""]","{""blue_first_relevant_response_after_critical"": null, ""blue_first_relevant_response_after_enterprise"": 54, ""enterprise_foothold_step"": 53, ""first_critical_hit_step"": null, ""window_end"": 60, ""window_start"": 58}"
no_constraint_stage2_4obj,11,stage2_ext_002_obj_2,selected,episode_016,3,3027,78,Q5_repeated_low_value_decoy_loop,medium,DecoySSHD,User3,User,DiscoverNetworkServices,,[],[],"[""User0"", ""User3""]","[""User0"", ""User3""]","{""blue_first_relevant_response_after_critical"": null, ""blue_first_relevant_response_after_enterprise"": 54, ""enterprise_foothold_step"": 53, ""first_critical_hit_step"": null, ""window_end"": 85, ""window_start"": 76}"
no_constraint_stage2_4obj,11,stage2_ext_002_obj_2,selected,episode_016,4,4027,43,Q5_repeated_low_value_decoy_loop,medium,DecoyTomcat,User4,User,ExploitRemoteService,,[],[],"[""User0"", ""User1""]","[""Enterprise1"", ""User0"", ""User1""]","{""blue_first_relevant_response_after_critical"": null, ""blue_first_relevant_response_after_enterprise"": 30, ""enterprise_foothold_step"": 29, ""first_critical_hit_step"": null, ""window_end"": 48, ""window_start"": 39}"
no_constraint_stage2_4obj,11,stage2_ext_002_obj_2,selected,episode_016,5,5027,61,Q4_user_focus_after_enterprise_foothold,medium,DecoyVsftpd,User1,User,PrivilegeEscalate,User3,[],[],"[""User0"", ""User3""]","[""User0"", ""User3""]","{""blue_first_relevant_response_after_critical"": null, ""blue_first_relevant_response_after_enterprise"": 54, ""enterprise_foothold_step"": 53, ""first_critical_hit_step"": null, ""window_end"": 63, ""window_start"": 61}"
no_constraint_stage2_4obj,11,stage2_ext_002_obj_2,selected,episode_016,5,5027,93,Q5_repeated_low_value_decoy_loop,medium,DecoyTomcat,User4,User,PrivilegeEscalate,User3,[],[],"[""User0"", ""User3""]","[""User0"", ""User3""]","{""blue_first_relevant_response_after_critical"": null, ""blue_first_relevant_response_after_enterprise"": 54, ""enterprise_foothold_step"": 53, ""first_critical_hit_step"": null, ""window_end"": 99, ""window_start"": 90}"
no_constraint_stage2_4obj,11,stage2_ext_002_obj_2,selected,episode_016,6,6027,95,Q4_user_focus_after_enterprise_foothold,medium,DecoySSHD,User3,User,ExploitRemoteService,,[],[],"[""User0"", ""User3""]","[""User0"", ""User3""]","{""blue_first_relevant_response_after_critical"": null, ""blue_first_relevant_response_after_enterprise"": 70, ""enterprise_foothold_step"": 69, ""first_critical_hit_step"": null, ""window_end"": 97, ""window_start"": 95}"
no_constraint_stage2_4obj,11,stage2_ext_002_obj_2,selected,episode_016,6,6027,87,Q5_repeated_low_value_decoy_loop,medium,DecoyTomcat,User4,User,ExploitRemoteService,,[],[],"[""User0"", ""User3""]","[""User0"", ""User3""]","{""blue_first_relevant_response_after_critical"": null, ""blue_first_relevant_response_after_enterprise"": 70, ""enterprise_foothold_step"": 69, ""first_critical_hit_step"": null, ""window_end"": 96, ""window_start"": 87}"
no_constraint_stage2_4obj,11,stage2_ext_002_obj_2,selected,episode_016,7,7027,32,Q4_user_focus_after_enterprise_foothold,medium,DecoySSHD,User3,User,ExploitRemoteService,,[],[],"[""User0"", ""User1""]","[""User0"", ""User1""]","{""blue_first_relevant_response_after_critical"": null, ""blue_first_relevant_response_after_enterprise"": 24, ""enterprise_foothold_step"": 23, ""first_critical_hit_step"": null, ""window_end"": 34, ""window_start"": 32}"
no_constraint_stage2_4obj,11,stage2_ext_002_obj_2,selected,episode_016,7,7027,33,Q4_user_focus_after_enterprise_foothold,medium,DecoySSHD,User3,User,PrivilegeEscalate,User1,[],[],"[""User0"", ""User1""]","[""User0"", ""User1""]","{""blue_first_relevant_response_after_critical"": null, ""blue_first_relevant_response_after_enterprise"": 24, ""enterprise_foothold_step"": 23, ""first_critical_hit_step"": null, ""window_end"": 35, ""window_start"": 33}"
no_constraint_stage2_4obj,11,stage2_ext_002_obj_2,selected,episode_016,7,7027,29,Q5_repeated_low_value_decoy_loop,medium,DecoySSHD,User3,User,ExploitRemoteService,,[],[],"[""User0"", ""User1""]","[""Enterprise1"", ""User0"", ""User1""]","{""blue_first_relevant_response_after_critical"": null, ""blue_first_relevant_response_after_enterprise"": 24, ""enterprise_foothold_step"": 23, ""first_critical_hit_step"": null, ""window_end"": 34, ""window_start"": 25}"
no_constraint_stage2_4obj,11,stage2_ext_002_obj_2,selected,episode_016,7,7027,75,Q5_repeated_low_value_decoy_loop,medium,DecoyTomcat,User4,User,ExploitRemoteService,,[],[],"[""User0"", ""User1""]","[""Enterprise1"", ""User0"", ""User1""]","{""blue_first_relevant_response_after_critical"": null, ""blue_first_relevant_response_after_enterprise"": 24, ""enterprise_foothold_step"": 23, ""first_critical_hit_step"": null, ""window_end"": 82, ""window_start"": 73}"
no_constraint_stage2_4obj,11,stage2_ext_002_obj_2,selected,episode_017,1,1028,49,Q5_repeated_low_value_decoy_loop,medium,DecoyTomcat,User4,User,ExploitRemoteService,,[],[],"[""User0"", ""User2""]","[""Enterprise1"", ""User0"", ""User2""]","{""blue_first_relevant_response_after_critical"": null, ""blue_first_relevant_response_after_enterprise"": 6, ""enterprise_foothold_step"": 5, ""first_critical_hit_step"": null, ""window_end"": 56, ""window_start"": 47}"
no_constraint_stage2_4obj,11,stage2_ext_002_obj_2,selected,episode_017,2,2028,87,Q5_repeated_low_value_decoy_loop,medium,DecoySSHD,User3,User,ExploitRemoteService,,[],[],"[""User0""]","[""Enterprise1"", ""User0""]","{""blue_first_relevant_response_after_critical"": null, ""blue_first_relevant_response_after_enterprise"": 18, ""enterprise_foothold_step"": 17, ""first_critical_hit_step"": null, ""window_end"": 94, ""window_start"": 85}"
no_constraint_stage2_4obj,11,stage2_ext_002_obj_2,selected,episode_017,3,3028,29,Q4_user_focus_after_enterprise_foothold,medium,DecoyTomcat,User4,User,PrivilegeEscalate,User3,[],[],"[""User0"", ""User3""]","[""User0"", ""User3""]","{""blue_first_relevant_response_after_critical"": null, ""blue_first_relevant_response_after_enterprise"": 14, ""enterprise_foothold_step"": 13, ""first_critical_hit_step"": null, ""window_end"": 31, ""window_start"": 29}"
no_constraint_stage2_4obj,11,stage2_ext_002_obj_2,selected,episode_017,3,3028,63,Q4_user_focus_after_enterprise_foothold,medium,DecoyTomcat,User4,User,PrivilegeEscalate,User3,[],[],"[""User0"", ""User3""]","[""User0"", ""User3""]","{""blue_first_relevant_response_after_critical"": null, ""blue_first_relevant_response_after_enterprise"": 14, ""enterprise_foothold_step"": 13, ""first_critical_hit_step"": null, ""window_end"": 65, ""window_start"": 63}"
no_constraint_stage2_4obj,11,stage2_ext_002_obj_2,selected,episode_017,3,3028,81,Q4_user_focus_after_enterprise_foothold,medium,DecoySSHD,User3,User,PrivilegeEscalate,User3,[],[],"[""User0"", ""User3""]","[""User0"", ""User3""]","{""blue_first_relevant_response_after_critical"": null, ""blue_first_relevant_response_after_enterprise"": 14, ""enterprise_foothold_step"": 13, ""first_critical_hit_step"": null, ""window_end"": 83, ""window_start"": 81}"
no_constraint_stage2_4obj,11,stage2_ext_002_obj_2,selected,episode_017,3,3028,85,Q4_user_focus_after_enterprise_foothold,medium,DecoyTomcat,User4,User,PrivilegeEscalate,User3,[],[],"[""User0"", ""User3""]","[""User0"", ""User3""]","{""blue_first_relevant_response_after_critical"": null, ""blue_first_relevant_response_after_enterprise"": 14, ""enterprise_foothold_step"": 13, ""first_critical_hit_step"": null, ""window_end"": 87, ""window_start"": 85}"
no_constraint_stage2_4obj,11,stage2_ext_002_obj_2,selected,episode_017,3,3028,86,Q4_user_focus_after_enterprise_foothold,medium,DecoySSHD,User2,User,DiscoverNetworkServices,,[],[],"[""User0"", ""User3""]","[""User0"", ""User3""]","{""blue_first_relevant_response_after_critical"": null, ""blue_first_relevant_response_after_enterprise"": 14, ""enterprise_foothold_step"": 13, ""first_critical_hit_step"": null, ""window_end"": 88, ""window_start"": 86}"
no_constraint_stage2_4obj,11,stage2_ext_002_obj_2,selected,episode_017,3,3028,26,Q5_repeated_low_value_decoy_loop,medium,DecoyTomcat,User4,User,DiscoverNetworkServices,,[],[],"[""User0"", ""User3""]","[""User0"", ""User3""]","{""blue_first_relevant_response_after_critical"": null, ""blue_first_relevant_response_after_enterprise"": 14, ""enterprise_foothold_step"": 13, ""first_critical_hit_step"": null, ""window_end"": 31, ""window_start"": 22}"
no_constraint_stage2_4obj,11,stage2_ext_002_obj_2,selected,episode_017,3,3028,82,Q5_repeated_low_value_decoy_loop,medium,DecoySSHD,User2,User,DiscoverNetworkServices,,[],[],"[""User0"", ""User3""]","[""User0"", ""User3""]","{""blue_first_relevant_response_after_critical"": null, ""blue_first_relevant_response_after_enterprise"": 14, ""enterprise_foothold_step"": 13, ""first_critical_hit_step"": null, ""window_end"": 88, ""window_start"": 79}"
no_constraint_stage2_4obj,11,stage2_ext_002_obj_2,selected,episode_017,3,3028,81,Q5_repeated_low_value_decoy_loop,medium,DecoySSHD,User3,User,PrivilegeEscalate,User3,[],[],"[""User0"", ""User3""]","[""User0"", ""User3""]","{""blue_first_relevant_response_after_critical"": null, ""blue_first_relevant_response_after_enterprise"": 14, ""enterprise_foothold_step"": 13, ""first_critical_hit_step"": null, ""window_end"": 90, ""window_start"": 81}"
no_constraint_stage2_4obj,11,stage2_ext_002_obj_2,selected,episode_017,4,4028,43,Q5_repeated_low_value_decoy_loop,medium,DecoyTomcat,User4,User,ExploitRemoteService,,[],[],"[""User0"", ""User2""]","[""Enterprise1"", ""User0"", ""User2""]","{""blue_first_relevant_response_after_critical"": null, ""blue_first_relevant_response_after_enterprise"": 6, ""enterprise_foothold_step"": 5, ""first_critical_hit_step"": null, ""window_end"": 52, ""window_start"": 43}"
no_constraint_stage2_4obj,11,stage2_ext_002_obj_2,selected,episode_017,7,7028,20,Q5_repeated_low_value_decoy_loop,medium,DecoyTomcat,User4,User,ExploitRemoteService,,[],[],"[""User0"", ""User2""]","[""User0"", ""User2""]","{""blue_first_relevant_response_after_critical"": null, ""blue_first_relevant_response_after_enterprise"": 18, ""enterprise_foothold_step"": 17, ""first_critical_hit_step"": null, ""window_end"": 28, ""window_start"": 19}"
no_constraint_stage2_4obj,11,stage2_ext_002_obj_2,selected,episode_017,7,7028,69,Q5_repeated_low_value_decoy_loop,medium,DecoySSHD,User3,User,ExploitRemoteService,,[],[],"[""User0"", ""User2""]","[""Enterprise1"", ""User0"", ""User2""]","{""blue_first_relevant_response_after_critical"": null, ""blue_first_relevant_response_after_enterprise"": 18, ""enterprise_foothold_step"": 17, ""first_critical_hit_step"": null, ""window_end"": 78, ""window_start"": 69}"
no_constraint_stage2_4obj,11,stage2_ext_002_obj_2,selected,episode_018,1,1029,36,Q4_user_focus_after_enterprise_foothold,medium,DecoySSHD,User3,User,ExploitRemoteService,,[],[],"[""User0"", ""User4""]","[""User0"", ""User4""]","{""blue_first_relevant_response_after_critical"": null, ""blue_first_relevant_response_after_enterprise"": 6, ""enterprise_foothold_step"": 5, ""first_critical_hit_step"": null, ""window_end"": 38, ""window_start"": 36}"
no_constraint_stage2_4obj,11,stage2_ext_002_obj_2,selected,episode_018,1,1029,42,Q4_user_focus_after_enterprise_foothold,medium,DecoySSHD,User4,User,DiscoverNetworkServices,,[],[],"[""User0"", ""User4""]","[""User0"", ""User4""]","{""blue_first_relevant_response_after_critical"": null, ""blue_first_relevant_response_after_enterprise"": 6, ""enterprise_foothold_step"": 5, ""first_critical_hit_step"": null, ""window_end"": 44, ""window_start"": 42}"
no_constraint_stage2_4obj,11,stage2_ext_002_obj_2,selected,episode_018,1,1029,43,Q4_user_focus_after_enterprise_foothold,medium,DecoySSHD,User3,User,ExploitRemoteService,,[],[],"[""User0"", ""User4""]","[""User0"", ""User4""]","{""blue_first_relevant_response_after_critical"": null, ""blue_first_relevant_response_after_enterprise"": 6, ""enterprise_foothold_step"": 5, ""first_critical_hit_step"": null, ""window_end"": 45, ""window_start"": 43}"
no_constraint_stage2_4obj,11,stage2_ext_002_obj_2,selected,episode_018,1,1029,44,Q4_user_focus_after_enterprise_foothold,medium,DecoyTomcat,User4,User,ExploitRemoteService,,[],[],"[""User0"", ""User4""]","[""User0"", ""User4""]","{""blue_first_relevant_response_after_critical"": null, ""blue_first_relevant_response_after_enterprise"": 6, ""enterprise_foothold_step"": 5, ""first_critical_hit_step"": null, ""window_end"": 46, ""window_start"": 44}"
no_constraint_stage2_4obj,11,stage2_ext_002_obj_2,selected,episode_018,1,1029,82,Q4_user_focus_after_enterprise_foothold,medium,DecoyTomcat,User4,User,ExploitRemoteService,,[],[],"[""User0"", ""User4""]","[""User0"", ""User4""]","{""blue_first_relevant_response_after_critical"": null, ""blue_first_relevant_response_after_enterprise"": 6, ""enterprise_foothold_step"": 5, ""first_critical_hit_step"": null, ""window_end"": 84, ""window_start"": 82}"
no_constraint_stage2_4obj,11,stage2_ext_002_obj_2,selected,episode_018,1,1029,36,Q5_repeated_low_value_decoy_loop,medium,DecoySSHD,User3,User,ExploitRemoteService,,[],[],"[""User0"", ""User4""]","[""User0"", ""User4""]","{""blue_first_relevant_response_after_critical"": null, ""blue_first_relevant_response_after_enterprise"": 6, ""enterprise_foothold_step"": 5, ""first_critical_hit_step"": null, ""window_end"": 38, ""window_start"": 29}"
no_constraint_stage2_4obj,11,stage2_ext_002_obj_2,selected,episode_018,1,1029,44,Q5_repeated_low_value_decoy_loop,medium,DecoyTomcat,User4,User,ExploitRemoteService,,[],[],"[""User0"", ""User4""]","[""User0"", ""User4""]","{""blue_first_relevant_response_after_critical"": null, ""blue_first_relevant_response_after_enterprise"": 6, ""enterprise_foothold_step"": 5, ""first_critical_hit_step"": null, ""window_end"": 50, ""window_start"": 41}"
no_constraint_stage2_4obj,11,stage2_ext_002_obj_2,selected,episode_018,2,2029,66,Q4_user_focus_after_enterprise_foothold,medium,DecoySSHD,User4,User,ExploitRemoteService,,[],[],"[""User0"", ""User3""]","[""User0"", ""User3""]","{""blue_first_relevant_response_after_critical"": null, ""blue_first_relevant_response_after_enterprise"": 38, ""enterprise_foothold_step"": 37, ""first_critical_hit_step"": null, ""window_end"": 68, ""window_start"": 66}"
no_constraint_stage2_4obj,11,stage2_ext_002_obj_2,selected,episode_018,2,2029,67,Q4_user_focus_after_enterprise_foothold,medium,DecoyApache,User4,User,PrivilegeEscalate,User3,[],[],"[""User0"", ""User3""]","[""User0"", ""User3""]","{""blue_first_relevant_response_after_critical"": null, ""blue_first_relevant_response_after_enterprise"": 38, ""enterprise_foothold_step"": 37, ""first_critical_hit_step"": null, ""window_end"": 69, ""window_start"": 67}"
no_constraint_stage2_4obj,11,stage2_ext_002_obj_2,selected,episode_018,2,2029,45,Q5_repeated_low_value_decoy_loop,medium,DecoyTomcat,User4,User,ExploitRemoteService,,[],[],"[""User0"", ""User3""]","[""User0"", ""User3""]","{""blue_first_relevant_response_after_critical"": null, ""blue_first_relevant_response_after_enterprise"": 38, ""enterprise_foothold_step"": 37, ""first_critical_hit_step"": null, ""window_end"": 51, ""window_start"": 42}"
no_constraint_stage2_4obj,11,stage2_ext_002_obj_2,selected,episode_018,4,4029,69,Q5_repeated_low_value_decoy_loop,medium,DecoyTomcat,User4,User,ExploitRemoteService,,[],[],"[""User0"", ""User1""]","[""Enterprise1"", ""User0"", ""User1""]","{""blue_first_relevant_response_after_critical"": null, ""blue_first_relevant_response_after_enterprise"": 6, ""enterprise_foothold_step"": 5, ""first_critical_hit_step"": null, ""window_end"": 76, ""window_start"": 67}"
no_constraint_stage2_4obj,11,stage2_ext_002_obj_2,selected,episode_018,7,7029,61,Q5_repeated_low_value_decoy_loop,medium,DecoyTomcat,User4,User,ExploitRemoteService,,[],[],"[""User0"", ""User2""]","[""Enterprise1"", ""User0"", ""User2""]","{""blue_first_relevant_response_after_critical"": null, ""blue_first_relevant_response_after_enterprise"": 6, ""enterprise_foothold_step"": 5, ""first_critical_hit_step"": null, ""window_end"": 70, ""window_start"": 61}"
no_constraint_stage2_4obj,11,stage2_ext_002_obj_2,selected,episode_019,1,1030,15,Q4_user_focus_after_enterprise_foothold,medium,DecoySSHD,User3,User,ExploitRemoteService,,[],[],"[""User0"", ""User4""]","[""User0"", ""User4""]","{""blue_first_relevant_response_after_critical"": null, ""blue_first_relevant_response_after_enterprise"": 10, ""enterprise_foothold_step"": 9, ""first_critical_hit_step"": null, ""window_end"": 17, ""window_start"": 15}"
no_constraint_stage2_4obj,11,stage2_ext_002_obj_2,selected,episode_019,1,1030,16,Q4_user_focus_after_enterprise_foothold,medium,DecoySSHD,User3,User,ExploitRemoteService,,[],[],"[""User0"", ""User4""]","[""User0"", ""User4""]","{""blue_first_relevant_response_after_critical"": null, ""blue_first_relevant_response_after_enterprise"": 10, ""enterprise_foothold_step"": 9, ""first_critical_hit_step"": null, ""window_end"": 18, ""window_start"": 16}"
no_constraint_stage2_4obj,11,stage2_ext_002_obj_2,selected,episode_019,1,1030,17,Q4_user_focus_after_enterprise_foothold,medium,DecoyTomcat,User4,User,PrivilegeEscalate,User4,[],[],"[""User0"", ""User4""]","[""User0"", ""User4""]","{""blue_first_relevant_response_after_critical"": null, ""blue_first_relevant_response_after_enterprise"": 10, ""enterprise_foothold_step"": 9, ""first_critical_hit_step"": null, ""window_end"": 19, ""window_start"": 17}"
no_constraint_stage2_4obj,11,stage2_ext_002_obj_2,selected,episode_019,1,1030,48,Q4_user_focus_after_enterprise_foothold,medium,DecoyTomcat,User4,User,ExploitRemoteService,,[],[],"[""User0"", ""User4""]","[""User0"", ""User4""]","{""blue_first_relevant_response_after_critical"": null, ""blue_first_relevant_response_after_enterprise"": 10, ""enterprise_foothold_step"": 9, ""first_critical_hit_step"": null, ""window_end"": 50, ""window_start"": 48}"
no_constraint_stage2_4obj,11,stage2_ext_002_obj_2,selected,episode_019,1,1030,15,Q5_repeated_low_value_decoy_loop,medium,DecoySSHD,User3,User,ExploitRemoteService,,[],[],"[""User0"", ""User4""]","[""User0"", ""User4""]","{""blue_first_relevant_response_after_critical"": null, ""blue_first_relevant_response_after_enterprise"": 10, ""enterprise_foothold_step"": 9, ""first_critical_hit_step"": null, ""window_end"": 20, ""window_start"": 11}"
no_constraint_stage2_4obj,11,stage2_ext_002_obj_2,selected,episode_019,1,1030,17,Q5_repeated_low_value_decoy_loop,medium,DecoyTomcat,User4,User,PrivilegeEscalate,User4,[],[],"[""User0"", ""User4""]","[""User0"", ""User4""]","{""blue_first_relevant_response_after_critical"": null, ""blue_first_relevant_response_after_enterprise"": 10, ""enterprise_foothold_step"": 9, ""first_critical_hit_step"": null, ""window_end"": 21, ""window_start"": 12}"
no_constraint_stage2_4obj,11,stage2_ext_002_obj_2,selected,episode_019,2,2030,27,Q5_repeated_low_value_decoy_loop,medium,DecoySSHD,User3,User,ExploitRemoteService,,[],[],"[""User0"", ""User2""]","[""Enterprise1"", ""User0"", ""User2""]","{""blue_first_relevant_response_after_critical"": null, ""blue_first_relevant_response_after_enterprise"": 6, ""enterprise_foothold_step"": 5, ""first_critical_hit_step"": null, ""window_end"": 34, ""window_start"": 25}"
no_constraint_stage2_4obj,11,stage2_ext_002_obj_2,selected,episode_019,2,2030,47,Q5_repeated_low_value_decoy_loop,medium,DecoyTomcat,User4,User,ExploitRemoteService,,[],[],"[""User0"", ""User2""]","[""Enterprise1"", ""User0"", ""User2""]","{""blue_first_relevant_response_after_critical"": null, ""blue_first_relevant_response_after_enterprise"": 6, ""enterprise_foothold_step"": 5, ""first_critical_hit_step"": null, ""window_end"": 56, ""window_start"": 47}"
no_constraint_stage2_4obj,11,stage2_ext_002_obj_2,selected,episode_019,3,3030,19,Q5_repeated_low_value_decoy_loop,medium,DecoySSHD,User3,User,ExploitRemoteService,,[],[],"[""User0"", ""User1""]","[""Enterprise1"", ""User0"", ""User1""]","{""blue_first_relevant_response_after_critical"": null, ""blue_first_relevant_response_after_enterprise"": 6, ""enterprise_foothold_step"": 5, ""first_critical_hit_step"": null, ""window_end"": 28, ""window_start"": 19}"
no_constraint_stage2_4obj,11,stage2_ext_002_obj_2,selected,episode_019,4,4030,39,Q4_user_focus_after_enterprise_foothold,medium,DecoyFemitter,User2,User,PrivilegeEscalate,User3,[],[],"[""User0"", ""User3""]","[""User0"", ""User3""]","{""blue_first_relevant_response_after_critical"": null, ""blue_first_relevant_response_after_enterprise"": 18, ""enterprise_foothold_step"": 17, ""first_critical_hit_step"": null, ""window_end"": 41, ""window_start"": 39}"
no_constraint_stage2_4obj,11,stage2_ext_002_obj_2,selected,episode_019,4,4030,49,Q5_repeated_low_value_decoy_loop,medium,DecoyTomcat,User4,User,PrivilegeEscalate,User3,[],[],"[""User0"", ""User3""]","[""User0"", ""User3""]","{""blue_first_relevant_response_after_critical"": null, ""blue_first_relevant_response_after_enterprise"": 18, ""enterprise_foothold_step"": 17, ""first_critical_hit_step"": null, ""window_end"": 56, ""window_start"": 47}"
no_constraint_stage2_4obj,11,stage2_ext_002_obj_2,selected,episode_019,6,6030,23,Q5_repeated_low_value_decoy_loop,medium,DecoyTomcat,User4,User,ExploitRemoteService,,[],[],"[""User0"", ""User3""]","[""User0"", ""User3""]","{""blue_first_relevant_response_after_critical"": null, ""blue_first_relevant_response_after_enterprise"": 6, ""enterprise_foothold_step"": 5, ""first_critical_hit_step"": null, ""window_end"": 32, ""window_start"": 23}"
no_constraint_stage2_4obj,11,stage2_ext_002_obj_2,selected,episode_019,6,6030,89,Q5_repeated_low_value_decoy_loop,medium,DecoySSHD,User3,User,ExploitRemoteService,,[],[],"[""User0"", ""User3""]","[""User0"", ""User3""]","{""blue_first_relevant_response_after_critical"": null, ""blue_first_relevant_response_after_enterprise"": 6, ""enterprise_foothold_step"": 5, ""first_critical_hit_step"": null, ""window_end"": 98, ""window_start"": 89}"
no_constraint_stage2_4obj,11,stage2_ext_002_obj_2,selected,episode_019,7,7030,85,Q5_repeated_low_value_decoy_loop,medium,DecoyTomcat,User4,User,ExploitRemoteService,,[],[],"[""User0"", ""User2""]","[""Enterprise1"", ""User0"", ""User2""]","{""blue_first_relevant_response_after_critical"": null, ""blue_first_relevant_response_after_enterprise"": 6, ""enterprise_foothold_step"": 5, ""first_critical_hit_step"": null, ""window_end"": 92, ""window_start"": 83}"
