method_name,seed,policy_id,candidate_label,episode_id,env_idx,env_seed,step_idx,rule_id,severity,blue_action_name,blue_target_hostname,blue_target_subnet,red_action_name,red_target_hostname,critical_state_before,critical_state_after,compromised_hosts_before,compromised_hosts_after,response_context
ours_stage2_fair_critical_safe_v1,11,stage1_pref_005_ckpt_096,critical_safe_balanced_selected,episode_000,0,11,14,Q2_user_action_during_critical_breach,high,DecoyHarakaSMPT,User2,User,Impact,Op_Server0,"[""Op_Server0""]","[""Op_Server0""]","[""Enterprise0"", ""Op_Server0"", ""User0"", ""User4""]","[""Enterprise0"", ""Op_Server0"", ""User0"", ""User4""]","{""blue_first_relevant_response_after_critical"": 13, ""blue_first_relevant_response_after_enterprise"": 7, ""enterprise_foothold_step"": 5, ""first_critical_hit_step"": 12, ""window_end"": null, ""window_start"": null}"
ours_stage2_fair_critical_safe_v1,11,stage1_pref_005_ckpt_096,critical_safe_balanced_selected,episode_000,0,11,22,Q2_user_action_during_critical_breach,high,DecoyHarakaSMPT,User2,User,PrivilegeEscalate,Op_Server0,"[""Op_Server0""]","[""Op_Server0""]","[""Enterprise0"", ""Op_Server0"", ""User0"", ""User4""]","[""Enterprise0"", ""Op_Server0"", ""User0"", ""User4""]","{""blue_first_relevant_response_after_critical"": 13, ""blue_first_relevant_response_after_enterprise"": 7, ""enterprise_foothold_step"": 5, ""first_critical_hit_step"": 12, ""window_end"": null, ""window_start"": null}"
ours_stage2_fair_critical_safe_v1,11,stage1_pref_005_ckpt_096,critical_safe_balanced_selected,episode_000,0,11,28,Q2_user_action_during_critical_breach,high,Restore,User0,User,Impact,Op_Server0,"[""Op_Server0""]","[""Op_Server0""]","[""Enterprise0"", ""Op_Server0"", ""User0"", ""User4""]","[""Enterprise0"", ""Op_Server0"", ""User0"", ""User4""]","{""blue_first_relevant_response_after_critical"": 13, ""blue_first_relevant_response_after_enterprise"": 7, ""enterprise_foothold_step"": 5, ""first_critical_hit_step"": 12, ""window_end"": null, ""window_start"": null}"
ours_stage2_fair_critical_safe_v1,11,stage1_pref_005_ckpt_096,critical_safe_balanced_selected,episode_000,0,11,29,Q2_user_action_during_critical_breach,high,Restore,User0,User,Impact,Op_Server0,"[""Op_Server0""]","[""Op_Server0""]","[""Enterprise0"", ""Op_Server0"", ""User0"", ""User4""]","[""Enterprise0"", ""Op_Server0"", ""User0"", ""User4""]","{""blue_first_relevant_response_after_critical"": 13, ""blue_first_relevant_response_after_enterprise"": 7, ""enterprise_foothold_step"": 5, ""first_critical_hit_step"": 12, ""window_end"": null, ""window_start"": null}"
ours_stage2_fair_critical_safe_v1,11,stage1_pref_005_ckpt_096,critical_safe_balanced_selected,episode_000,0,11,30,Q2_user_action_during_critical_breach,high,Restore,User0,User,Impact,Op_Server0,"[""Op_Server0""]","[""Op_Server0""]","[""Enterprise0"", ""Op_Server0"", ""User0"", ""User4""]","[""Enterprise0"", ""Op_Server0"", ""User0"", ""User4""]","{""blue_first_relevant_response_after_critical"": 13, ""blue_first_relevant_response_after_enterprise"": 7, ""enterprise_foothold_step"": 5, ""first_critical_hit_step"": 12, ""window_end"": null, ""window_start"": null}"
ours_stage2_fair_critical_safe_v1,11,stage1_pref_005_ckpt_096,critical_safe_balanced_selected,episode_000,0,11,35,Q2_user_action_during_critical_breach,high,DecoyHarakaSMPT,User2,User,Impact,Op_Server0,"[""Op_Server0""]","[""Op_Server0""]","[""Enterprise0"", ""Op_Server0"", ""User0"", ""User4""]","[""Enterprise0"", ""Op_Server0"", ""User0"", ""User4""]","{""blue_first_relevant_response_after_critical"": 13, ""blue_first_relevant_response_after_enterprise"": 7, ""enterprise_foothold_step"": 5, ""first_critical_hit_step"": 12, ""window_end"": null, ""window_start"": null}"
ours_stage2_fair_critical_safe_v1,11,stage1_pref_005_ckpt_096,critical_safe_balanced_selected,episode_000,0,11,43,Q2_user_action_during_critical_breach,high,Restore,User0,User,Impact,Op_Server0,"[""Op_Server0""]","[""Op_Server0""]","[""Enterprise0"", ""Op_Server0"", ""User0"", ""User4""]","[""Enterprise0"", ""Op_Server0"", ""User0"", ""User4""]","{""blue_first_relevant_response_after_critical"": 13, ""blue_first_relevant_response_after_enterprise"": 7, ""enterprise_foothold_step"": 5, ""first_critical_hit_step"": 12, ""window_end"": null, ""window_start"": null}"
ours_stage2_fair_critical_safe_v1,11,stage1_pref_005_ckpt_096,critical_safe_balanced_selected,episode_000,0,11,48,Q2_user_action_during_critical_breach,high,DecoySmss,User4,User,Impact,Op_Server0,"[""Op_Server0""]","[""Op_Server0""]","[""Enterprise0"", ""Op_Server0"", ""User0"", ""User4""]","[""Enterprise0"", ""Op_Server0"", ""User0"", ""User4""]","{""blue_first_relevant_response_after_critical"": 13, ""blue_first_relevant_response_after_enterprise"": 7, ""enterprise_foothold_step"": 5, ""first_critical_hit_step"": 12, ""window_end"": null, ""window_start"": null}"
ours_stage2_fair_critical_safe_v1,11,stage1_pref_005_ckpt_096,critical_safe_balanced_selected,episode_000,0,11,49,Q2_user_action_during_critical_breach,high,Restore,User0,User,Impact,Op_Server0,"[""Op_Server0""]","[""Op_Server0""]","[""Enterprise0"", ""Op_Server0"", ""User0"", ""User4""]","[""Enterprise0"", ""Op_Server0"", ""User0"", ""User4""]","{""blue_first_relevant_response_after_critical"": 13, ""blue_first_relevant_response_after_enterprise"": 7, ""enterprise_foothold_step"": 5, ""first_critical_hit_step"": 12, ""window_end"": null, ""window_start"": null}"
ours_stage2_fair_critical_safe_v1,11,stage1_pref_005_ckpt_096,critical_safe_balanced_selected,episode_000,0,11,55,Q2_user_action_during_critical_breach,high,Restore,User0,User,Impact,Op_Server0,"[""Op_Server0""]","[""Op_Server0""]","[""Enterprise0"", ""Op_Server0"", ""User0"", ""User4""]","[""Enterprise0"", ""Op_Server0"", ""User0"", ""User4""]","{""blue_first_relevant_response_after_critical"": 13, ""blue_first_relevant_response_after_enterprise"": 7, ""enterprise_foothold_step"": 5, ""first_critical_hit_step"": 12, ""window_end"": null, ""window_start"": null}"
ours_stage2_fair_critical_safe_v1,11,stage1_pref_005_ckpt_096,critical_safe_balanced_selected,episode_000,0,11,56,Q2_user_action_during_critical_breach,high,DecoySmss,User4,User,Impact,Op_Server0,"[""Op_Server0""]","[""Op_Server0""]","[""Enterprise0"", ""Op_Server0"", ""User0"", ""User4""]","[""Enterprise0"", ""Op_Server0"", ""User0"", ""User4""]","{""blue_first_relevant_response_after_critical"": 13, ""blue_first_relevant_response_after_enterprise"": 7, ""enterprise_foothold_step"": 5, ""first_critical_hit_step"": 12, ""window_end"": null, ""window_start"": null}"
ours_stage2_fair_critical_safe_v1,11,stage1_pref_005_ckpt_096,critical_safe_balanced_selected,episode_000,0,11,58,Q2_user_action_during_critical_breach,high,Restore,User0,User,Impact,Op_Server0,"[""Op_Server0""]","[""Op_Server0""]","[""Enterprise0"", ""Op_Server0"", ""User0"", ""User4""]","[""Enterprise0"", ""Op_Server0"", ""User0"", ""User4""]","{""blue_first_relevant_response_after_critical"": 13, ""blue_first_relevant_response_after_enterprise"": 7, ""enterprise_foothold_step"": 5, ""first_critical_hit_step"": 12, ""window_end"": null, ""window_start"": null}"
ours_stage2_fair_critical_safe_v1,11,stage1_pref_005_ckpt_096,critical_safe_balanced_selected,episode_000,0,11,65,Q2_user_action_during_critical_breach,high,Restore,User0,User,Impact,Op_Server0,"[""Op_Server0""]","[""Op_Server0""]","[""Enterprise0"", ""Op_Server0"", ""User0"", ""User4""]","[""Enterprise0"", ""Op_Server0"", ""User0"", ""User4""]","{""blue_first_relevant_response_after_critical"": 13, ""blue_first_relevant_response_after_enterprise"": 7, ""enterprise_foothold_step"": 5, ""first_critical_hit_step"": 12, ""window_end"": null, ""window_start"": null}"
ours_stage2_fair_critical_safe_v1,11,stage1_pref_005_ckpt_096,critical_safe_balanced_selected,episode_000,0,11,67,Q2_user_action_during_critical_breach,high,Restore,User3,User,Impact,Op_Server0,"[""Op_Server0""]","[""Op_Server0""]","[""Enterprise0"", ""Op_Server0"", ""User0"", ""User4""]","[""Enterprise0"", ""Op_Server0"", ""User0"", ""User4""]","{""blue_first_relevant_response_after_critical"": 13, ""blue_first_relevant_response_after_enterprise"": 7, ""enterprise_foothold_step"": 5, ""first_critical_hit_step"": 12, ""window_end"": null, ""window_start"": null}"
ours_stage2_fair_critical_safe_v1,11,stage1_pref_005_ckpt_096,critical_safe_balanced_selected,episode_000,0,11,68,Q2_user_action_during_critical_breach,high,Remove,User3,User,Impact,Op_Server0,"[""Op_Server0""]","[""Op_Server0""]","[""Enterprise0"", ""Op_Server0"", ""User0"", ""User4""]","[""Enterprise0"", ""Op_Server0"", ""User0"", ""User4""]","{""blue_first_relevant_response_after_critical"": 13, ""blue_first_relevant_response_after_enterprise"": 7, ""enterprise_foothold_step"": 5, ""first_critical_hit_step"": 12, ""window_end"": null, ""window_start"": null}"
ours_stage2_fair_critical_safe_v1,11,stage1_pref_005_ckpt_096,critical_safe_balanced_selected,episode_000,0,11,71,Q2_user_action_during_critical_breach,high,Restore,User0,User,Impact,Op_Server0,"[""Op_Server0""]","[""Op_Server0""]","[""Enterprise0"", ""Op_Server0"", ""User0"", ""User4""]","[""Enterprise0"", ""Op_Server0"", ""User0"", ""User4""]","{""blue_first_relevant_response_after_critical"": 13, ""blue_first_relevant_response_after_enterprise"": 7, ""enterprise_foothold_step"": 5, ""first_critical_hit_step"": 12, ""window_end"": null, ""window_start"": null}"
ours_stage2_fair_critical_safe_v1,11,stage1_pref_005_ckpt_096,critical_safe_balanced_selected,episode_000,0,11,74,Q2_user_action_during_critical_breach,high,DecoyHarakaSMPT,User2,User,Impact,Op_Server0,"[""Op_Server0""]","[""Op_Server0""]","[""Enterprise0"", ""Op_Server0"", ""User0"", ""User4""]","[""Enterprise0"", ""Op_Server0"", ""User0"", ""User4""]","{""blue_first_relevant_response_after_critical"": 13, ""blue_first_relevant_response_after_enterprise"": 7, ""enterprise_foothold_step"": 5, ""first_critical_hit_step"": 12, ""window_end"": null, ""window_start"": null}"
ours_stage2_fair_critical_safe_v1,11,stage1_pref_005_ckpt_096,critical_safe_balanced_selected,episode_000,0,11,77,Q2_user_action_during_critical_breach,high,DecoyHarakaSMPT,User2,User,Impact,Op_Server0,"[""Op_Server0""]","[""Op_Server0""]","[""Enterprise0"", ""Op_Server0"", ""User0"", ""User4""]","[""Enterprise0"", ""Op_Server0"", ""User0"", ""User4""]","{""blue_first_relevant_response_after_critical"": 13, ""blue_first_relevant_response_after_enterprise"": 7, ""enterprise_foothold_step"": 5, ""first_critical_hit_step"": 12, ""window_end"": null, ""window_start"": null}"
ours_stage2_fair_critical_safe_v1,11,stage1_pref_005_ckpt_096,critical_safe_balanced_selected,episode_000,0,11,95,Q2_user_action_during_critical_breach,high,DecoyHarakaSMPT,User2,User,Impact,Op_Server0,"[""Op_Server0""]","[""Op_Server0""]","[""Enterprise0"", ""Op_Server0"", ""User0"", ""User4""]","[""Enterprise0"", ""Op_Server0"", ""User0"", ""User4""]","{""blue_first_relevant_response_after_critical"": 13, ""blue_first_relevant_response_after_enterprise"": 7, ""enterprise_foothold_step"": 5, ""first_critical_hit_step"": 12, ""window_end"": null, ""window_start"": null}"
ours_stage2_fair_critical_safe_v1,11,stage1_pref_005_ckpt_096,critical_safe_balanced_selected,episode_000,0,11,28,Q4_user_focus_after_enterprise_foothold,medium,Restore,User0,User,Impact,Op_Server0,"[""Op_Server0""]","[""Op_Server0""]","[""Enterprise0"", ""Op_Server0"", ""User0"", ""User4""]","[""Enterprise0"", ""Op_Server0"", ""User0"", ""User4""]","{""blue_first_relevant_response_after_critical"": 13, ""blue_first_relevant_response_after_enterprise"": 7, ""enterprise_foothold_step"": 5, ""first_critical_hit_step"": 12, ""window_end"": 30, ""window_start"": 28}"
ours_stage2_fair_critical_safe_v1,11,stage1_pref_005_ckpt_096,critical_safe_balanced_selected,episode_000,1,1011,16,Q2_user_action_during_critical_breach,high,Restore,User0,User,Impact,Op_Server0,"[""Op_Server0""]","[""Op_Server0""]","[""Enterprise1"", ""Op_Server0"", ""User0"", ""User1""]","[""Enterprise1"", ""Op_Server0"", ""User0"", ""User1""]","{""blue_first_relevant_response_after_critical"": 13, ""blue_first_relevant_response_after_enterprise"": 7, ""enterprise_foothold_step"": 5, ""first_critical_hit_step"": 12, ""window_end"": null, ""window_start"": null}"
ours_stage2_fair_critical_safe_v1,11,stage1_pref_005_ckpt_096,critical_safe_balanced_selected,episode_000,1,1011,30,Q2_user_action_during_critical_breach,high,DecoySmss,User4,User,PrivilegeEscalate,Op_Server0,"[""Op_Server0""]","[""Op_Server0""]","[""Enterprise1"", ""Op_Server0"", ""User0"", ""User1""]","[""Enterprise1"", ""Op_Server0"", ""User0"", ""User1""]","{""blue_first_relevant_response_after_critical"": 13, ""blue_first_relevant_response_after_enterprise"": 7, ""enterprise_foothold_step"": 5, ""first_critical_hit_step"": 12, ""window_end"": null, ""window_start"": null}"
ours_stage2_fair_critical_safe_v1,11,stage1_pref_005_ckpt_096,critical_safe_balanced_selected,episode_000,1,1011,34,Q2_user_action_during_critical_breach,high,Restore,User4,User,Impact,Op_Server0,"[""Op_Server0""]","[""Op_Server0""]","[""Enterprise1"", ""Op_Server0"", ""User0"", ""User1""]","[""Enterprise1"", ""Op_Server0"", ""User0"", ""User1""]","{""blue_first_relevant_response_after_critical"": 13, ""blue_first_relevant_response_after_enterprise"": 7, ""enterprise_foothold_step"": 5, ""first_critical_hit_step"": 12, ""window_end"": null, ""window_start"": null}"
ours_stage2_fair_critical_safe_v1,11,stage1_pref_005_ckpt_096,critical_safe_balanced_selected,episode_000,1,1011,38,Q2_user_action_during_critical_breach,high,DecoyHarakaSMPT,User2,User,Impact,Op_Server0,"[""Op_Server0""]","[""Op_Server0""]","[""Enterprise1"", ""Op_Server0"", ""User0"", ""User1""]","[""Enterprise1"", ""Op_Server0"", ""User0"", ""User1""]","{""blue_first_relevant_response_after_critical"": 13, ""blue_first_relevant_response_after_enterprise"": 7, ""enterprise_foothold_step"": 5, ""first_critical_hit_step"": 12, ""window_end"": null, ""window_start"": null}"
ours_stage2_fair_critical_safe_v1,11,stage1_pref_005_ckpt_096,critical_safe_balanced_selected,episode_000,1,1011,50,Q2_user_action_during_critical_breach,high,DecoyApache,User0,User,Impact,Op_Server0,"[""Op_Server0""]","[""Op_Server0""]","[""Enterprise1"", ""Op_Server0"", ""User0"", ""User1""]","[""Enterprise1"", ""Op_Server0"", ""User0"", ""User1""]","{""blue_first_relevant_response_after_critical"": 13, ""blue_first_relevant_response_after_enterprise"": 7, ""enterprise_foothold_step"": 5, ""first_critical_hit_step"": 12, ""window_end"": null, ""window_start"": null}"
ours_stage2_fair_critical_safe_v1,11,stage1_pref_005_ckpt_096,critical_safe_balanced_selected,episode_000,1,1011,51,Q2_user_action_during_critical_breach,high,DecoyHarakaSMPT,User2,User,Impact,Op_Server0,"[""Op_Server0""]","[""Op_Server0""]","[""Enterprise1"", ""Op_Server0"", ""User0"", ""User1""]","[""Enterprise1"", ""Op_Server0"", ""User0"", ""User1""]","{""blue_first_relevant_response_after_critical"": 13, ""blue_first_relevant_response_after_enterprise"": 7, ""enterprise_foothold_step"": 5, ""first_critical_hit_step"": 12, ""window_end"": null, ""window_start"": null}"
ours_stage2_fair_critical_safe_v1,11,stage1_pref_005_ckpt_096,critical_safe_balanced_selected,episode_000,1,1011,61,Q2_user_action_during_critical_breach,high,DecoySSHD,User2,User,Impact,Op_Server0,"[""Op_Server0""]","[""Op_Server0""]","[""Enterprise1"", ""Op_Server0"", ""User0"", ""User1""]","[""Enterprise1"", ""Op_Server0"", ""User0"", ""User1""]","{""blue_first_relevant_response_after_critical"": 13, ""blue_first_relevant_response_after_enterprise"": 7, ""enterprise_foothold_step"": 5, ""first_critical_hit_step"": 12, ""window_end"": null, ""window_start"": null}"
ours_stage2_fair_critical_safe_v1,11,stage1_pref_005_ckpt_096,critical_safe_balanced_selected,episode_000,1,1011,63,Q2_user_action_during_critical_breach,high,Restore,User0,User,Impact,Op_Server0,"[""Op_Server0""]","[""Op_Server0""]","[""Enterprise1"", ""Op_Server0"", ""User0"", ""User1""]","[""Enterprise1"", ""Op_Server0"", ""User0"", ""User1""]","{""blue_first_relevant_response_after_critical"": 13, ""blue_first_relevant_response_after_enterprise"": 7, ""enterprise_foothold_step"": 5, ""first_critical_hit_step"": 12, ""window_end"": null, ""window_start"": null}"
ours_stage2_fair_critical_safe_v1,11,stage1_pref_005_ckpt_096,critical_safe_balanced_selected,episode_000,1,1011,65,Q2_user_action_during_critical_breach,high,DecoyHarakaSMPT,User2,User,Impact,Op_Server0,"[""Op_Server0""]","[""Op_Server0""]","[""Enterprise1"", ""Op_Server0"", ""User0"", ""User1""]","[""Enterprise1"", ""Op_Server0"", ""User0"", ""User1""]","{""blue_first_relevant_response_after_critical"": 13, ""blue_first_relevant_response_after_enterprise"": 7, ""enterprise_foothold_step"": 5, ""first_critical_hit_step"": 12, ""window_end"": null, ""window_start"": null}"
ours_stage2_fair_critical_safe_v1,11,stage1_pref_005_ckpt_096,critical_safe_balanced_selected,episode_000,1,1011,71,Q2_user_action_during_critical_breach,high,DecoyHarakaSMPT,User2,User,Impact,Op_Server0,"[""Op_Server0""]","[""Op_Server0""]","[""Enterprise1"", ""Op_Server0"", ""User0"", ""User1""]","[""Enterprise1"", ""Op_Server0"", ""User0"", ""User1""]","{""blue_first_relevant_response_after_critical"": 13, ""blue_first_relevant_response_after_enterprise"": 7, ""enterprise_foothold_step"": 5, ""first_critical_hit_step"": 12, ""window_end"": null, ""window_start"": null}"
ours_stage2_fair_critical_safe_v1,11,stage1_pref_005_ckpt_096,critical_safe_balanced_selected,episode_000,1,1011,72,Q2_user_action_during_critical_breach,high,Restore,User0,User,Impact,Op_Server0,"[""Op_Server0""]","[""Op_Server0""]","[""Enterprise1"", ""Op_Server0"", ""User0"", ""User1""]","[""Enterprise1"", ""Op_Server0"", ""User0"", ""User1""]","{""blue_first_relevant_response_after_critical"": 13, ""blue_first_relevant_response_after_enterprise"": 7, ""enterprise_foothold_step"": 5, ""first_critical_hit_step"": 12, ""window_end"": null, ""window_start"": null}"
ours_stage2_fair_critical_safe_v1,11,stage1_pref_005_ckpt_096,critical_safe_balanced_selected,episode_000,1,1011,73,Q2_user_action_during_critical_breach,high,DecoyHarakaSMPT,User2,User,Impact,Op_Server0,"[""Op_Server0""]","[""Op_Server0""]","[""Enterprise1"", ""Op_Server0"", ""User0"", ""User1""]","[""Enterprise1"", ""Op_Server0"", ""User0"", ""User1""]","{""blue_first_relevant_response_after_critical"": 13, ""blue_first_relevant_response_after_enterprise"": 7, ""enterprise_foothold_step"": 5, ""first_critical_hit_step"": 12, ""window_end"": null, ""window_start"": null}"
ours_stage2_fair_critical_safe_v1,11,stage1_pref_005_ckpt_096,critical_safe_balanced_selected,episode_000,1,1011,74,Q2_user_action_during_critical_breach,high,DecoyHarakaSMPT,User2,User,Impact,Op_Server0,"[""Op_Server0""]","[""Op_Server0""]","[""Enterprise1"", ""Op_Server0"", ""User0"", ""User1""]","[""Enterprise1"", ""Op_Server0"", ""User0"", ""User1""]","{""blue_first_relevant_response_after_critical"": 13, ""blue_first_relevant_response_after_enterprise"": 7, ""enterprise_foothold_step"": 5, ""first_critical_hit_step"": 12, ""window_end"": null, ""window_start"": null}"
ours_stage2_fair_critical_safe_v1,11,stage1_pref_005_ckpt_096,critical_safe_balanced_selected,episode_000,1,1011,77,Q2_user_action_during_critical_breach,high,DecoyHarakaSMPT,User2,User,Impact,Op_Server0,"[""Op_Server0""]","[""Op_Server0""]","[""Enterprise1"", ""Op_Server0"", ""User0"", ""User1""]","[""Enterprise1"", ""Op_Server0"", ""User0"", ""User1""]","{""blue_first_relevant_response_after_critical"": 13, ""blue_first_relevant_response_after_enterprise"": 7, ""enterprise_foothold_step"": 5, ""first_critical_hit_step"": 12, ""window_end"": null, ""window_start"": null}"
ours_stage2_fair_critical_safe_v1,11,stage1_pref_005_ckpt_096,critical_safe_balanced_selected,episode_000,1,1011,84,Q2_user_action_during_critical_breach,high,DecoySSHD,User2,User,Impact,Op_Server0,"[""Op_Server0""]","[""Op_Server0""]","[""Enterprise1"", ""Op_Server0"", ""User0"", ""User1""]","[""Enterprise1"", ""Op_Server0"", ""User0"", ""User1""]","{""blue_first_relevant_response_after_critical"": 13, ""blue_first_relevant_response_after_enterprise"": 7, ""enterprise_foothold_step"": 5, ""first_critical_hit_step"": 12, ""window_end"": null, ""window_start"": null}"
ours_stage2_fair_critical_safe_v1,11,stage1_pref_005_ckpt_096,critical_safe_balanced_selected,episode_000,1,1011,85,Q2_user_action_during_critical_breach,high,DecoyHarakaSMPT,User2,User,Impact,Op_Server0,"[""Op_Server0""]","[""Op_Server0""]","[""Enterprise1"", ""Op_Server0"", ""User0"", ""User1""]","[""Enterprise1"", ""Op_Server0"", ""User0"", ""User1""]","{""blue_first_relevant_response_after_critical"": 13, ""blue_first_relevant_response_after_enterprise"": 7, ""enterprise_foothold_step"": 5, ""first_critical_hit_step"": 12, ""window_end"": null, ""window_start"": null}"
ours_stage2_fair_critical_safe_v1,11,stage1_pref_005_ckpt_096,critical_safe_balanced_selected,episode_000,1,1011,86,Q2_user_action_during_critical_breach,high,DecoyHarakaSMPT,User2,User,Impact,Op_Server0,"[""Op_Server0""]","[""Op_Server0""]","[""Enterprise1"", ""Op_Server0"", ""User0"", ""User1""]","[""Enterprise1"", ""Op_Server0"", ""User0"", ""User1""]","{""blue_first_relevant_response_after_critical"": 13, ""blue_first_relevant_response_after_enterprise"": 7, ""enterprise_foothold_step"": 5, ""first_critical_hit_step"": 12, ""window_end"": null, ""window_start"": null}"
ours_stage2_fair_critical_safe_v1,11,stage1_pref_005_ckpt_096,critical_safe_balanced_selected,episode_000,1,1011,87,Q2_user_action_during_critical_breach,high,DecoyHarakaSMPT,User2,User,Impact,Op_Server0,"[""Op_Server0""]","[""Op_Server0""]","[""Enterprise1"", ""Op_Server0"", ""User0"", ""User1""]","[""Enterprise1"", ""Op_Server0"", ""User0"", ""User1""]","{""blue_first_relevant_response_after_critical"": 13, ""blue_first_relevant_response_after_enterprise"": 7, ""enterprise_foothold_step"": 5, ""first_critical_hit_step"": 12, ""window_end"": null, ""window_start"": null}"
ours_stage2_fair_critical_safe_v1,11,stage1_pref_005_ckpt_096,critical_safe_balanced_selected,episode_000,1,1011,92,Q2_user_action_during_critical_breach,high,DecoyHarakaSMPT,User2,User,PrivilegeEscalate,Op_Server0,"[""Op_Server0""]","[""Op_Server0""]","[""Enterprise1"", ""Op_Server0"", ""User0"", ""User1""]","[""Enterprise1"", ""Op_Server0"", ""User0"", ""User1""]","{""blue_first_relevant_response_after_critical"": 13, ""blue_first_relevant_response_after_enterprise"": 7, ""enterprise_foothold_step"": 5, ""first_critical_hit_step"": 12, ""window_end"": null, ""window_start"": null}"
ours_stage2_fair_critical_safe_v1,11,stage1_pref_005_ckpt_096,critical_safe_balanced_selected,episode_000,1,1011,71,Q4_user_focus_after_enterprise_foothold,medium,DecoyHarakaSMPT,User2,User,Impact,Op_Server0,"[""Op_Server0""]","[""Op_Server0""]","[""Enterprise1"", ""Op_Server0"", ""User0"", ""User1""]","[""Enterprise1"", ""Op_Server0"", ""User0"", ""User1""]","{""blue_first_relevant_response_after_critical"": 13, ""blue_first_relevant_response_after_enterprise"": 7, ""enterprise_foothold_step"": 5, ""first_critical_hit_step"": 12, ""window_end"": 73, ""window_start"": 71}"
ours_stage2_fair_critical_safe_v1,11,stage1_pref_005_ckpt_096,critical_safe_balanced_selected,episode_000,1,1011,72,Q4_user_focus_after_enterprise_foothold,medium,Restore,User0,User,Impact,Op_Server0,"[""Op_Server0""]","[""Op_Server0""]","[""Enterprise1"", ""Op_Server0"", ""User0"", ""User1""]","[""Enterprise1"", ""Op_Server0"", ""User0"", ""User1""]","{""blue_first_relevant_response_after_critical"": 13, ""blue_first_relevant_response_after_enterprise"": 7, ""enterprise_foothold_step"": 5, ""first_critical_hit_step"": 12, ""window_end"": 74, ""window_start"": 72}"
ours_stage2_fair_critical_safe_v1,11,stage1_pref_005_ckpt_096,critical_safe_balanced_selected,episode_000,1,1011,84,Q4_user_focus_after_enterprise_foothold,medium,DecoySSHD,User2,User,Impact,Op_Server0,"[""Op_Server0""]","[""Op_Server0""]","[""Enterprise1"", ""Op_Server0"", ""User0"", ""User1""]","[""Enterprise1"", ""Op_Server0"", ""User0"", ""User1""]","{""blue_first_relevant_response_after_critical"": 13, ""blue_first_relevant_response_after_enterprise"": 7, ""enterprise_foothold_step"": 5, ""first_critical_hit_step"": 12, ""window_end"": 86, ""window_start"": 84}"
ours_stage2_fair_critical_safe_v1,11,stage1_pref_005_ckpt_096,critical_safe_balanced_selected,episode_000,1,1011,85,Q4_user_focus_after_enterprise_foothold,medium,DecoyHarakaSMPT,User2,User,Impact,Op_Server0,"[""Op_Server0""]","[""Op_Server0""]","[""Enterprise1"", ""Op_Server0"", ""User0"", ""User1""]","[""Enterprise1"", ""Op_Server0"", ""User0"", ""User1""]","{""blue_first_relevant_response_after_critical"": 13, ""blue_first_relevant_response_after_enterprise"": 7, ""enterprise_foothold_step"": 5, ""first_critical_hit_step"": 12, ""window_end"": 87, ""window_start"": 85}"
ours_stage2_fair_critical_safe_v1,11,stage1_pref_005_ckpt_096,critical_safe_balanced_selected,episode_000,1,1011,65,Q5_repeated_low_value_decoy_loop,medium,DecoyHarakaSMPT,User2,User,Impact,Op_Server0,"[""Op_Server0""]","[""Op_Server0""]","[""Enterprise1"", ""Op_Server0"", ""User0"", ""User1""]","[""Enterprise1"", ""Op_Server0"", ""User0"", ""User1""]","{""blue_first_relevant_response_after_critical"": 13, ""blue_first_relevant_response_after_enterprise"": 7, ""enterprise_foothold_step"": 5, ""first_critical_hit_step"": 12, ""window_end"": 73, ""window_start"": 64}"
ours_stage2_fair_critical_safe_v1,11,stage1_pref_005_ckpt_096,critical_safe_balanced_selected,episode_000,2,2011,22,Q2_user_action_during_critical_breach,high,Restore,User0,User,Impact,Op_Server0,"[""Op_Server0""]","[""Op_Server0""]","[""Enterprise0"", ""Op_Server0"", ""User0"", ""User4""]","[""Enterprise0"", ""Op_Server0"", ""User0"", ""User4""]","{""blue_first_relevant_response_after_critical"": 13, ""blue_first_relevant_response_after_enterprise"": 6, ""enterprise_foothold_step"": 5, ""first_critical_hit_step"": 12, ""window_end"": null, ""window_start"": null}"
ours_stage2_fair_critical_safe_v1,11,stage1_pref_005_ckpt_096,critical_safe_balanced_selected,episode_000,2,2011,32,Q2_user_action_during_critical_breach,high,DecoySvchost,User4,User,PrivilegeEscalate,Op_Server0,"[""Op_Server0""]","[""Op_Server0""]","[""Enterprise0"", ""Op_Server0"", ""User0"", ""User4""]","[""Enterprise0"", ""Op_Server0"", ""User0"", ""User4""]","{""blue_first_relevant_response_after_critical"": 13, ""blue_first_relevant_response_after_enterprise"": 6, ""enterprise_foothold_step"": 5, ""first_critical_hit_step"": 12, ""window_end"": null, ""window_start"": null}"
ours_stage2_fair_critical_safe_v1,11,stage1_pref_005_ckpt_096,critical_safe_balanced_selected,episode_000,2,2011,40,Q2_user_action_during_critical_breach,high,Restore,User0,User,Impact,Op_Server0,"[""Op_Server0""]","[""Op_Server0""]","[""Enterprise0"", ""Op_Server0"", ""User0"", ""User4""]","[""Enterprise0"", ""Op_Server0"", ""User0"", ""User4""]","{""blue_first_relevant_response_after_critical"": 13, ""blue_first_relevant_response_after_enterprise"": 6, ""enterprise_foothold_step"": 5, ""first_critical_hit_step"": 12, ""window_end"": null, ""window_start"": null}"
ours_stage2_fair_critical_safe_v1,11,stage1_pref_005_ckpt_096,critical_safe_balanced_selected,episode_000,2,2011,41,Q2_user_action_during_critical_breach,high,DecoyHarakaSMPT,User3,User,Impact,Op_Server0,"[""Op_Server0""]","[""Op_Server0""]","[""Enterprise0"", ""Op_Server0"", ""User0"", ""User4""]","[""Enterprise0"", ""Op_Server0"", ""User0"", ""User4""]","{""blue_first_relevant_response_after_critical"": 13, ""blue_first_relevant_response_after_enterprise"": 6, ""enterprise_foothold_step"": 5, ""first_critical_hit_step"": 12, ""window_end"": null, ""window_start"": null}"
ours_stage2_fair_critical_safe_v1,11,stage1_pref_005_ckpt_096,critical_safe_balanced_selected,episode_000,2,2011,42,Q2_user_action_during_critical_breach,high,Restore,User0,User,Impact,Op_Server0,"[""Op_Server0""]","[""Op_Server0""]","[""Enterprise0"", ""Op_Server0"", ""User0"", ""User4""]","[""Enterprise0"", ""Op_Server0"", ""User0"", ""User4""]","{""blue_first_relevant_response_after_critical"": 13, ""blue_first_relevant_response_after_enterprise"": 6, ""enterprise_foothold_step"": 5, ""first_critical_hit_step"": 12, ""window_end"": null, ""window_start"": null}"
ours_stage2_fair_critical_safe_v1,11,stage1_pref_005_ckpt_096,critical_safe_balanced_selected,episode_000,2,2011,45,Q2_user_action_during_critical_breach,high,DecoyHarakaSMPT,User1,User,Impact,Op_Server0,"[""Op_Server0""]","[""Op_Server0""]","[""Enterprise0"", ""Op_Server0"", ""User0"", ""User4""]","[""Enterprise0"", ""Op_Server0"", ""User0"", ""User4""]","{""blue_first_relevant_response_after_critical"": 13, ""blue_first_relevant_response_after_enterprise"": 6, ""enterprise_foothold_step"": 5, ""first_critical_hit_step"": 12, ""window_end"": null, ""window_start"": null}"
ours_stage2_fair_critical_safe_v1,11,stage1_pref_005_ckpt_096,critical_safe_balanced_selected,episode_000,2,2011,47,Q2_user_action_during_critical_breach,high,Restore,User0,User,Impact,Op_Server0,"[""Op_Server0""]","[""Op_Server0""]","[""Enterprise0"", ""Op_Server0"", ""User0"", ""User4""]","[""Enterprise0"", ""Op_Server0"", ""User0"", ""User4""]","{""blue_first_relevant_response_after_critical"": 13, ""blue_first_relevant_response_after_enterprise"": 6, ""enterprise_foothold_step"": 5, ""first_critical_hit_step"": 12, ""window_end"": null, ""window_start"": null}"
ours_stage2_fair_critical_safe_v1,11,stage1_pref_005_ckpt_096,critical_safe_balanced_selected,episode_000,2,2011,48,Q2_user_action_during_critical_breach,high,DecoySSHD,User2,User,Impact,Op_Server0,"[""Op_Server0""]","[""Op_Server0""]","[""Enterprise0"", ""Op_Server0"", ""User0"", ""User4""]","[""Enterprise0"", ""Op_Server0"", ""User0"", ""User4""]","{""blue_first_relevant_response_after_critical"": 13, ""blue_first_relevant_response_after_enterprise"": 6, ""enterprise_foothold_step"": 5, ""first_critical_hit_step"": 12, ""window_end"": null, ""window_start"": null}"
ours_stage2_fair_critical_safe_v1,11,stage1_pref_005_ckpt_096,critical_safe_balanced_selected,episode_000,2,2011,49,Q2_user_action_during_critical_breach,high,DecoyHarakaSMPT,User2,User,Impact,Op_Server0,"[""Op_Server0""]","[""Op_Server0""]","[""Enterprise0"", ""Op_Server0"", ""User0"", ""User4""]","[""Enterprise0"", ""Op_Server0"", ""User0"", ""User4""]","{""blue_first_relevant_response_after_critical"": 13, ""blue_first_relevant_response_after_enterprise"": 6, ""enterprise_foothold_step"": 5, ""first_critical_hit_step"": 12, ""window_end"": null, ""window_start"": null}"
ours_stage2_fair_critical_safe_v1,11,stage1_pref_005_ckpt_096,critical_safe_balanced_selected,episode_000,2,2011,55,Q2_user_action_during_critical_breach,high,DecoyHarakaSMPT,User1,User,Impact,Op_Server0,"[""Op_Server0""]","[""Op_Server0""]","[""Enterprise0"", ""Op_Server0"", ""User0"", ""User4""]","[""Enterprise0"", ""Op_Server0"", ""User0"", ""User4""]","{""blue_first_relevant_response_after_critical"": 13, ""blue_first_relevant_response_after_enterprise"": 6, ""enterprise_foothold_step"": 5, ""first_critical_hit_step"": 12, ""window_end"": null, ""window_start"": null}"
ours_stage2_fair_critical_safe_v1,11,stage1_pref_005_ckpt_096,critical_safe_balanced_selected,episode_000,2,2011,63,Q2_user_action_during_critical_breach,high,DecoyHarakaSMPT,User2,User,PrivilegeEscalate,Op_Server0,"[""Op_Server0""]","[""Op_Server0""]","[""Enterprise0"", ""Op_Server0"", ""User0"", ""User4""]","[""Enterprise0"", ""Op_Server0"", ""User0"", ""User4""]","{""blue_first_relevant_response_after_critical"": 13, ""blue_first_relevant_response_after_enterprise"": 6, ""enterprise_foothold_step"": 5, ""first_critical_hit_step"": 12, ""window_end"": null, ""window_start"": null}"
ours_stage2_fair_critical_safe_v1,11,stage1_pref_005_ckpt_096,critical_safe_balanced_selected,episode_000,2,2011,70,Q2_user_action_during_critical_breach,high,DecoySmss,User4,User,Impact,Op_Server0,"[""Op_Server0""]","[""Op_Server0""]","[""Enterprise0"", ""Op_Server0"", ""User0"", ""User4""]","[""Enterprise0"", ""Op_Server0"", ""User0"", ""User4""]","{""blue_first_relevant_response_after_critical"": 13, ""blue_first_relevant_response_after_enterprise"": 6, ""enterprise_foothold_step"": 5, ""first_critical_hit_step"": 12, ""window_end"": null, ""window_start"": null}"
ours_stage2_fair_critical_safe_v1,11,stage1_pref_005_ckpt_096,critical_safe_balanced_selected,episode_000,2,2011,76,Q2_user_action_during_critical_breach,high,DecoyHarakaSMPT,User2,User,Impact,Op_Server0,"[""Op_Server0""]","[""Op_Server0""]","[""Enterprise0"", ""Op_Server0"", ""User0"", ""User4""]","[""Enterprise0"", ""Op_Server0"", ""User0"", ""User4""]","{""blue_first_relevant_response_after_critical"": 13, ""blue_first_relevant_response_after_enterprise"": 6, ""enterprise_foothold_step"": 5, ""first_critical_hit_step"": 12, ""window_end"": null, ""window_start"": null}"
ours_stage2_fair_critical_safe_v1,11,stage1_pref_005_ckpt_096,critical_safe_balanced_selected,episode_000,2,2011,80,Q2_user_action_during_critical_breach,high,DecoyHarakaSMPT,User2,User,Impact,Op_Server0,"[""Op_Server0""]","[""Op_Server0""]","[""Enterprise0"", ""Op_Server0"", ""User0"", ""User4""]","[""Enterprise0"", ""Op_Server0"", ""User0"", ""User4""]","{""blue_first_relevant_response_after_critical"": 13, ""blue_first_relevant_response_after_enterprise"": 6, ""enterprise_foothold_step"": 5, ""first_critical_hit_step"": 12, ""window_end"": null, ""window_start"": null}"
ours_stage2_fair_critical_safe_v1,11,stage1_pref_005_ckpt_096,critical_safe_balanced_selected,episode_000,2,2011,81,Q2_user_action_during_critical_breach,high,Restore,User0,User,Impact,Op_Server0,"[""Op_Server0""]","[""Op_Server0""]","[""Enterprise0"", ""Op_Server0"", ""User0"", ""User4""]","[""Enterprise0"", ""Op_Server0"", ""User0"", ""User4""]","{""blue_first_relevant_response_after_critical"": 13, ""blue_first_relevant_response_after_enterprise"": 6, ""enterprise_foothold_step"": 5, ""first_critical_hit_step"": 12, ""window_end"": null, ""window_start"": null}"
ours_stage2_fair_critical_safe_v1,11,stage1_pref_005_ckpt_096,critical_safe_balanced_selected,episode_000,2,2011,85,Q2_user_action_during_critical_breach,high,Restore,User0,User,Impact,Op_Server0,"[""Op_Server0""]","[""Op_Server0""]","[""Enterprise0"", ""Op_Server0"", ""User0"", ""User4""]","[""Enterprise0"", ""Op_Server0"", ""User0"", ""User4""]","{""blue_first_relevant_response_after_critical"": 13, ""blue_first_relevant_response_after_enterprise"": 6, ""enterprise_foothold_step"": 5, ""first_critical_hit_step"": 12, ""window_end"": null, ""window_start"": null}"
ours_stage2_fair_critical_safe_v1,11,stage1_pref_005_ckpt_096,critical_safe_balanced_selected,episode_000,2,2011,86,Q2_user_action_during_critical_breach,high,Restore,User0,User,Impact,Op_Server0,"[""Op_Server0""]","[""Op_Server0""]","[""Enterprise0"", ""Op_Server0"", ""User0"", ""User4""]","[""Enterprise0"", ""Op_Server0"", ""User0"", ""User4""]","{""blue_first_relevant_response_after_critical"": 13, ""blue_first_relevant_response_after_enterprise"": 6, ""enterprise_foothold_step"": 5, ""first_critical_hit_step"": 12, ""window_end"": null, ""window_start"": null}"
ours_stage2_fair_critical_safe_v1,11,stage1_pref_005_ckpt_096,critical_safe_balanced_selected,episode_000,2,2011,92,Q2_user_action_during_critical_breach,high,Restore,User0,User,Impact,Op_Server0,"[""Op_Server0""]","[""Op_Server0""]","[""Enterprise0"", ""Op_Server0"", ""User0"", ""User4""]","[""Enterprise0"", ""Op_Server0"", ""User0"", ""User4""]","{""blue_first_relevant_response_after_critical"": 13, ""blue_first_relevant_response_after_enterprise"": 6, ""enterprise_foothold_step"": 5, ""first_critical_hit_step"": 12, ""window_end"": null, ""window_start"": null}"
ours_stage2_fair_critical_safe_v1,11,stage1_pref_005_ckpt_096,critical_safe_balanced_selected,episode_000,2,2011,94,Q2_user_action_during_critical_breach,high,Restore,User0,User,Impact,Op_Server0,"[""Op_Server0""]","[""Op_Server0""]","[""Enterprise0"", ""Op_Server0"", ""User0"", ""User4""]","[""Enterprise0"", ""Op_Server0"", ""User0"", ""User4""]","{""blue_first_relevant_response_after_critical"": 13, ""blue_first_relevant_response_after_enterprise"": 6, ""enterprise_foothold_step"": 5, ""first_critical_hit_step"": 12, ""window_end"": null, ""window_start"": null}"
ours_stage2_fair_critical_safe_v1,11,stage1_pref_005_ckpt_096,critical_safe_balanced_selected,episode_000,2,2011,95,Q2_user_action_during_critical_breach,high,DecoySmss,User4,User,Impact,Op_Server0,"[""Op_Server0""]","[""Op_Server0""]","[""Enterprise0"", ""Op_Server0"", ""User0"", ""User4""]","[""Enterprise0"", ""Op_Server0"", ""User0"", ""User4""]","{""blue_first_relevant_response_after_critical"": 13, ""blue_first_relevant_response_after_enterprise"": 6, ""enterprise_foothold_step"": 5, ""first_critical_hit_step"": 12, ""window_end"": null, ""window_start"": null}"
ours_stage2_fair_critical_safe_v1,11,stage1_pref_005_ckpt_096,critical_safe_balanced_selected,episode_000,2,2011,97,Q2_user_action_during_critical_breach,high,Restore,User0,User,Impact,Op_Server0,"[""Op_Server0""]","[""Op_Server0""]","[""Enterprise0"", ""Op_Server0"", ""User0"", ""User4""]","[""Enterprise0"", ""Op_Server0"", ""User0"", ""User4""]","{""blue_first_relevant_response_after_critical"": 13, ""blue_first_relevant_response_after_enterprise"": 6, ""enterprise_foothold_step"": 5, ""first_critical_hit_step"": 12, ""window_end"": null, ""window_start"": null}"
ours_stage2_fair_critical_safe_v1,11,stage1_pref_005_ckpt_096,critical_safe_balanced_selected,episode_000,2,2011,98,Q2_user_action_during_critical_breach,high,Restore,User0,User,Impact,Op_Server0,"[""Op_Server0""]","[""Op_Server0""]","[""Enterprise0"", ""Op_Server0"", ""User0"", ""User4""]","[""Enterprise0"", ""Op_Server0"", ""User0"", ""User4""]","{""blue_first_relevant_response_after_critical"": 13, ""blue_first_relevant_response_after_enterprise"": 6, ""enterprise_foothold_step"": 5, ""first_critical_hit_step"": 12, ""window_end"": null, ""window_start"": null}"
ours_stage2_fair_critical_safe_v1,11,stage1_pref_005_ckpt_096,critical_safe_balanced_selected,episode_000,2,2011,30,Q4_user_focus_after_enterprise_foothold,medium,DecoyHarakaSMPT,User2,User,PrivilegeEscalate,Op_Server0,[],[],"[""Enterprise0"", ""User0"", ""User4""]","[""Enterprise0"", ""User0"", ""User4""]","{""blue_first_relevant_response_after_critical"": 13, ""blue_first_relevant_response_after_enterprise"": 6, ""enterprise_foothold_step"": 5, ""first_critical_hit_step"": 12, ""window_end"": 32, ""window_start"": 30}"
ours_stage2_fair_critical_safe_v1,11,stage1_pref_005_ckpt_096,critical_safe_balanced_selected,episode_000,2,2011,40,Q4_user_focus_after_enterprise_foothold,medium,Restore,User0,User,Impact,Op_Server0,"[""Op_Server0""]","[""Op_Server0""]","[""Enterprise0"", ""Op_Server0"", ""User0"", ""User4""]","[""Enterprise0"", ""Op_Server0"", ""User0"", ""User4""]","{""blue_first_relevant_response_after_critical"": 13, ""blue_first_relevant_response_after_enterprise"": 6, ""enterprise_foothold_step"": 5, ""first_critical_hit_step"": 12, ""window_end"": 42, ""window_start"": 40}"
ours_stage2_fair_critical_safe_v1,11,stage1_pref_005_ckpt_096,critical_safe_balanced_selected,episode_000,2,2011,47,Q4_user_focus_after_enterprise_foothold,medium,Restore,User0,User,Impact,Op_Server0,"[""Op_Server0""]","[""Op_Server0""]","[""Enterprise0"", ""Op_Server0"", ""User0"", ""User4""]","[""Enterprise0"", ""Op_Server0"", ""User0"", ""User4""]","{""blue_first_relevant_response_after_critical"": 13, ""blue_first_relevant_response_after_enterprise"": 6, ""enterprise_foothold_step"": 5, ""first_critical_hit_step"": 12, ""window_end"": 49, ""window_start"": 47}"
ours_stage2_fair_critical_safe_v1,11,stage1_pref_005_ckpt_096,critical_safe_balanced_selected,episode_000,2,2011,61,Q4_user_focus_after_enterprise_foothold,medium,DecoyHarakaSMPT,User2,User,PrivilegeEscalate,Op_Server0,[],[],"[""Enterprise0"", ""User0"", ""User4""]","[""Enterprise0"", ""User0"", ""User4""]","{""blue_first_relevant_response_after_critical"": 13, ""blue_first_relevant_response_after_enterprise"": 6, ""enterprise_foothold_step"": 5, ""first_critical_hit_step"": 12, ""window_end"": 63, ""window_start"": 61}"
ours_stage2_fair_critical_safe_v1,11,stage1_pref_005_ckpt_096,critical_safe_balanced_selected,episode_000,2,2011,26,Q5_repeated_low_value_decoy_loop,medium,DecoyHarakaSMPT,User2,User,PrivilegeEscalate,Op_Server0,[],[],"[""Enterprise0"", ""User0"", ""User4""]","[""Enterprise0"", ""User0"", ""User4""]","{""blue_first_relevant_response_after_critical"": 13, ""blue_first_relevant_response_after_enterprise"": 6, ""enterprise_foothold_step"": 5, ""first_critical_hit_step"": 12, ""window_end"": 35, ""window_start"": 26}"
ours_stage2_fair_critical_safe_v1,11,stage1_pref_005_ckpt_096,critical_safe_balanced_selected,episode_000,3,3011,17,Q2_user_action_during_critical_breach,high,DecoyHarakaSMPT,User2,User,Impact,Op_Server0,"[""Op_Server0""]","[""Op_Server0""]","[""Enterprise1"", ""Enterprise2"", ""Op_Server0"", ""User0"", ""User2""]","[""Enterprise1"", ""Enterprise2"", ""Op_Server0"", ""User0"", ""User2""]","{""blue_first_relevant_response_after_critical"": 13, ""blue_first_relevant_response_after_enterprise"": 7, ""enterprise_foothold_step"": 5, ""first_critical_hit_step"": 12, ""window_end"": null, ""window_start"": null}"
ours_stage2_fair_critical_safe_v1,11,stage1_pref_005_ckpt_096,critical_safe_balanced_selected,episode_000,3,3011,22,Q2_user_action_during_critical_breach,high,DecoyHarakaSMPT,User2,User,PrivilegeEscalate,Op_Server0,"[""Op_Server0""]","[""Op_Server0""]","[""Enterprise1"", ""Enterprise2"", ""Op_Server0"", ""User0"", ""User2""]","[""Enterprise1"", ""Enterprise2"", ""Op_Server0"", ""User0"", ""User2""]","{""blue_first_relevant_response_after_critical"": 13, ""blue_first_relevant_response_after_enterprise"": 7, ""enterprise_foothold_step"": 5, ""first_critical_hit_step"": 12, ""window_end"": null, ""window_start"": null}"
ours_stage2_fair_critical_safe_v1,11,stage1_pref_005_ckpt_096,critical_safe_balanced_selected,episode_000,3,3011,23,Q2_user_action_during_critical_breach,high,Analyse,User0,User,Impact,Op_Server0,"[""Op_Server0""]","[""Op_Server0""]","[""Enterprise1"", ""Enterprise2"", ""Op_Server0"", ""User0"", ""User2""]","[""Enterprise1"", ""Enterprise2"", ""Op_Server0"", ""User0"", ""User2""]","{""blue_first_relevant_response_after_critical"": 13, ""blue_first_relevant_response_after_enterprise"": 7, ""enterprise_foothold_step"": 5, ""first_critical_hit_step"": 12, ""window_end"": null, ""window_start"": null}"
ours_stage2_fair_critical_safe_v1,11,stage1_pref_005_ckpt_096,critical_safe_balanced_selected,episode_000,3,3011,29,Q2_user_action_during_critical_breach,high,DecoyHarakaSMPT,User2,User,PrivilegeEscalate,Op_Server0,"[""Op_Server0""]","[""Op_Server0""]","[""Enterprise1"", ""Enterprise2"", ""Op_Server0"", ""User0"", ""User2""]","[""Enterprise1"", ""Enterprise2"", ""Op_Server0"", ""User0"", ""User2""]","{""blue_first_relevant_response_after_critical"": 13, ""blue_first_relevant_response_after_enterprise"": 7, ""enterprise_foothold_step"": 5, ""first_critical_hit_step"": 12, ""window_end"": null, ""window_start"": null}"
ours_stage2_fair_critical_safe_v1,11,stage1_pref_005_ckpt_096,critical_safe_balanced_selected,episode_000,3,3011,31,Q2_user_action_during_critical_breach,high,DecoyHarakaSMPT,User2,User,Impact,Op_Server0,"[""Op_Server0""]","[""Op_Server0""]","[""Enterprise1"", ""Enterprise2"", ""Op_Server0"", ""User0"", ""User2""]","[""Enterprise1"", ""Enterprise2"", ""Op_Server0"", ""User0"", ""User2""]","{""blue_first_relevant_response_after_critical"": 13, ""blue_first_relevant_response_after_enterprise"": 7, ""enterprise_foothold_step"": 5, ""first_critical_hit_step"": 12, ""window_end"": null, ""window_start"": null}"
ours_stage2_fair_critical_safe_v1,11,stage1_pref_005_ckpt_096,critical_safe_balanced_selected,episode_000,3,3011,35,Q2_user_action_during_critical_breach,high,DecoyHarakaSMPT,User2,User,Impact,Op_Server0,"[""Op_Server0""]","[""Op_Server0""]","[""Enterprise1"", ""Op_Server0"", ""User0"", ""User2""]","[""Enterprise1"", ""Op_Server0"", ""User0"", ""User2""]","{""blue_first_relevant_response_after_critical"": 13, ""blue_first_relevant_response_after_enterprise"": 7, ""enterprise_foothold_step"": 5, ""first_critical_hit_step"": 12, ""window_end"": null, ""window_start"": null}"
ours_stage2_fair_critical_safe_v1,11,stage1_pref_005_ckpt_096,critical_safe_balanced_selected,episode_000,3,3011,36,Q2_user_action_during_critical_breach,high,DecoySmss,User4,User,Impact,Op_Server0,"[""Op_Server0""]","[""Op_Server0""]","[""Enterprise1"", ""Op_Server0"", ""User0"", ""User2""]","[""Enterprise1"", ""Op_Server0"", ""User0"", ""User2""]","{""blue_first_relevant_response_after_critical"": 13, ""blue_first_relevant_response_after_enterprise"": 7, ""enterprise_foothold_step"": 5, ""first_critical_hit_step"": 12, ""window_end"": null, ""window_start"": null}"
ours_stage2_fair_critical_safe_v1,11,stage1_pref_005_ckpt_096,critical_safe_balanced_selected,episode_000,3,3011,38,Q2_user_action_during_critical_breach,high,Restore,User3,User,Impact,Op_Server0,"[""Op_Server0""]","[""Op_Server0""]","[""Enterprise1"", ""Op_Server0"", ""User0"", ""User2""]","[""Enterprise1"", ""Op_Server0"", ""User0"", ""User2""]","{""blue_first_relevant_response_after_critical"": 13, ""blue_first_relevant_response_after_enterprise"": 7, ""enterprise_foothold_step"": 5, ""first_critical_hit_step"": 12, ""window_end"": null, ""window_start"": null}"
ours_stage2_fair_critical_safe_v1,11,stage1_pref_005_ckpt_096,critical_safe_balanced_selected,episode_000,3,3011,50,Q2_user_action_during_critical_breach,high,Restore,User0,User,Impact,Op_Server0,"[""Op_Server0""]","[""Op_Server0""]","[""Enterprise1"", ""Op_Server0"", ""User0"", ""User2""]","[""Enterprise1"", ""Op_Server0"", ""User0"", ""User2""]","{""blue_first_relevant_response_after_critical"": 13, ""blue_first_relevant_response_after_enterprise"": 7, ""enterprise_foothold_step"": 5, ""first_critical_hit_step"": 12, ""window_end"": null, ""window_start"": null}"
ours_stage2_fair_critical_safe_v1,11,stage1_pref_005_ckpt_096,critical_safe_balanced_selected,episode_000,3,3011,54,Q2_user_action_during_critical_breach,high,Restore,User0,User,PrivilegeEscalate,Op_Server0,"[""Op_Server0""]","[""Op_Server0""]","[""Enterprise1"", ""Op_Server0"", ""User0"", ""User2""]","[""Enterprise1"", ""Op_Server0"", ""User0"", ""User2""]","{""blue_first_relevant_response_after_critical"": 13, ""blue_first_relevant_response_after_enterprise"": 7, ""enterprise_foothold_step"": 5, ""first_critical_hit_step"": 12, ""window_end"": null, ""window_start"": null}"
ours_stage2_fair_critical_safe_v1,11,stage1_pref_005_ckpt_096,critical_safe_balanced_selected,episode_000,3,3011,58,Q2_user_action_during_critical_breach,high,DecoySvchost,User4,User,Impact,Op_Server0,"[""Op_Server0""]","[""Op_Server0""]","[""Enterprise1"", ""Op_Server0"", ""User0"", ""User2""]","[""Enterprise1"", ""Op_Server0"", ""User0"", ""User2""]","{""blue_first_relevant_response_after_critical"": 13, ""blue_first_relevant_response_after_enterprise"": 7, ""enterprise_foothold_step"": 5, ""first_critical_hit_step"": 12, ""window_end"": null, ""window_start"": null}"
ours_stage2_fair_critical_safe_v1,11,stage1_pref_005_ckpt_096,critical_safe_balanced_selected,episode_000,3,3011,63,Q2_user_action_during_critical_breach,high,Restore,User0,User,Impact,Op_Server0,"[""Op_Server0""]","[""Op_Server0""]","[""Enterprise1"", ""Op_Server0"", ""User0"", ""User2""]","[""Enterprise1"", ""Op_Server0"", ""User0"", ""User2""]","{""blue_first_relevant_response_after_critical"": 13, ""blue_first_relevant_response_after_enterprise"": 7, ""enterprise_foothold_step"": 5, ""first_critical_hit_step"": 12, ""window_end"": null, ""window_start"": null}"
ours_stage2_fair_critical_safe_v1,11,stage1_pref_005_ckpt_096,critical_safe_balanced_selected,episode_000,3,3011,64,Q2_user_action_during_critical_breach,high,DecoyHarakaSMPT,User1,User,Impact,Op_Server0,"[""Op_Server0""]","[""Op_Server0""]","[""Enterprise1"", ""Op_Server0"", ""User0"", ""User2""]","[""Enterprise1"", ""Op_Server0"", ""User0"", ""User2""]","{""blue_first_relevant_response_after_critical"": 13, ""blue_first_relevant_response_after_enterprise"": 7, ""enterprise_foothold_step"": 5, ""first_critical_hit_step"": 12, ""window_end"": null, ""window_start"": null}"
ours_stage2_fair_critical_safe_v1,11,stage1_pref_005_ckpt_096,critical_safe_balanced_selected,episode_000,3,3011,72,Q2_user_action_during_critical_breach,high,Restore,User0,User,Impact,Op_Server0,"[""Op_Server0""]","[""Op_Server0""]","[""Enterprise1"", ""Op_Server0"", ""User0"", ""User2""]","[""Enterprise1"", ""Op_Server0"", ""User0"", ""User2""]","{""blue_first_relevant_response_after_critical"": 13, ""blue_first_relevant_response_after_enterprise"": 7, ""enterprise_foothold_step"": 5, ""first_critical_hit_step"": 12, ""window_end"": null, ""window_start"": null}"
ours_stage2_fair_critical_safe_v1,11,stage1_pref_005_ckpt_096,critical_safe_balanced_selected,episode_000,3,3011,73,Q2_user_action_during_critical_breach,high,Restore,User0,User,Impact,Op_Server0,"[""Op_Server0""]","[""Op_Server0""]","[""Enterprise1"", ""Op_Server0"", ""User0"", ""User2""]","[""Enterprise1"", ""Op_Server0"", ""User0"", ""User2""]","{""blue_first_relevant_response_after_critical"": 13, ""blue_first_relevant_response_after_enterprise"": 7, ""enterprise_foothold_step"": 5, ""first_critical_hit_step"": 12, ""window_end"": null, ""window_start"": null}"
ours_stage2_fair_critical_safe_v1,11,stage1_pref_005_ckpt_096,critical_safe_balanced_selected,episode_000,3,3011,74,Q2_user_action_during_critical_breach,high,Restore,User0,User,Impact,Op_Server0,"[""Op_Server0""]","[""Op_Server0""]","[""Enterprise1"", ""Op_Server0"", ""User0"", ""User2""]","[""Enterprise1"", ""Op_Server0"", ""User0"", ""User2""]","{""blue_first_relevant_response_after_critical"": 13, ""blue_first_relevant_response_after_enterprise"": 7, ""enterprise_foothold_step"": 5, ""first_critical_hit_step"": 12, ""window_end"": null, ""window_start"": null}"
ours_stage2_fair_critical_safe_v1,11,stage1_pref_005_ckpt_096,critical_safe_balanced_selected,episode_000,3,3011,79,Q2_user_action_during_critical_breach,high,Restore,User0,User,PrivilegeEscalate,Op_Server0,"[""Op_Server0""]","[""Op_Server0""]","[""Enterprise1"", ""Op_Server0"", ""User0"", ""User2""]","[""Enterprise1"", ""Op_Server0"", ""User0"", ""User2""]","{""blue_first_relevant_response_after_critical"": 13, ""blue_first_relevant_response_after_enterprise"": 7, ""enterprise_foothold_step"": 5, ""first_critical_hit_step"": 12, ""window_end"": null, ""window_start"": null}"
ours_stage2_fair_critical_safe_v1,11,stage1_pref_005_ckpt_096,critical_safe_balanced_selected,episode_000,3,3011,80,Q2_user_action_during_critical_breach,high,DecoyHarakaSMPT,User2,User,Impact,Op_Server0,"[""Op_Server0""]","[""Op_Server0""]","[""Enterprise1"", ""Op_Server0"", ""User0"", ""User2""]","[""Enterprise1"", ""Op_Server0"", ""User0"", ""User2""]","{""blue_first_relevant_response_after_critical"": 13, ""blue_first_relevant_response_after_enterprise"": 7, ""enterprise_foothold_step"": 5, ""first_critical_hit_step"": 12, ""window_end"": null, ""window_start"": null}"
ours_stage2_fair_critical_safe_v1,11,stage1_pref_005_ckpt_096,critical_safe_balanced_selected,episode_000,3,3011,81,Q2_user_action_during_critical_breach,high,DecoySmss,User4,User,Impact,Op_Server0,"[""Op_Server0""]","[""Op_Server0""]","[""Enterprise1"", ""Op_Server0"", ""User0"", ""User2""]","[""Enterprise1"", ""Op_Server0"", ""User0"", ""User2""]","{""blue_first_relevant_response_after_critical"": 13, ""blue_first_relevant_response_after_enterprise"": 7, ""enterprise_foothold_step"": 5, ""first_critical_hit_step"": 12, ""window_end"": null, ""window_start"": null}"
ours_stage2_fair_critical_safe_v1,11,stage1_pref_005_ckpt_096,critical_safe_balanced_selected,episode_000,3,3011,82,Q2_user_action_during_critical_breach,high,DecoyTomcat,User4,User,Impact,Op_Server0,"[""Op_Server0""]","[""Op_Server0""]","[""Enterprise1"", ""Op_Server0"", ""User0"", ""User2""]","[""Enterprise1"", ""Op_Server0"", ""User0"", ""User2""]","{""blue_first_relevant_response_after_critical"": 13, ""blue_first_relevant_response_after_enterprise"": 7, ""enterprise_foothold_step"": 5, ""first_critical_hit_step"": 12, ""window_end"": null, ""window_start"": null}"
ours_stage2_fair_critical_safe_v1,11,stage1_pref_005_ckpt_096,critical_safe_balanced_selected,episode_000,3,3011,97,Q2_user_action_during_critical_breach,high,DecoyHarakaSMPT,User2,User,PrivilegeEscalate,Op_Server0,"[""Op_Server0""]","[""Op_Server0""]","[""Enterprise1"", ""Op_Server0"", ""User0"", ""User2""]","[""Enterprise1"", ""Op_Server0"", ""User0"", ""User2""]","{""blue_first_relevant_response_after_critical"": 13, ""blue_first_relevant_response_after_enterprise"": 7, ""enterprise_foothold_step"": 5, ""first_critical_hit_step"": 12, ""window_end"": null, ""window_start"": null}"
ours_stage2_fair_critical_safe_v1,11,stage1_pref_005_ckpt_096,critical_safe_balanced_selected,episode_000,3,3011,72,Q4_user_focus_after_enterprise_foothold,medium,Restore,User0,User,Impact,Op_Server0,"[""Op_Server0""]","[""Op_Server0""]","[""Enterprise1"", ""Op_Server0"", ""User0"", ""User2""]","[""Enterprise1"", ""Op_Server0"", ""User0"", ""User2""]","{""blue_first_relevant_response_after_critical"": 13, ""blue_first_relevant_response_after_enterprise"": 7, ""enterprise_foothold_step"": 5, ""first_critical_hit_step"": 12, ""window_end"": 74, ""window_start"": 72}"
ours_stage2_fair_critical_safe_v1,11,stage1_pref_005_ckpt_096,critical_safe_balanced_selected,episode_000,3,3011,79,Q4_user_focus_after_enterprise_foothold,medium,Restore,User0,User,PrivilegeEscalate,Op_Server0,"[""Op_Server0""]","[""Op_Server0""]","[""Enterprise1"", ""Op_Server0"", ""User0"", ""User2""]","[""Enterprise1"", ""Op_Server0"", ""User0"", ""User2""]","{""blue_first_relevant_response_after_critical"": 13, ""blue_first_relevant_response_after_enterprise"": 7, ""enterprise_foothold_step"": 5, ""first_critical_hit_step"": 12, ""window_end"": 81, ""window_start"": 79}"
ours_stage2_fair_critical_safe_v1,11,stage1_pref_005_ckpt_096,critical_safe_balanced_selected,episode_000,3,3011,80,Q4_user_focus_after_enterprise_foothold,medium,DecoyHarakaSMPT,User2,User,Impact,Op_Server0,"[""Op_Server0""]","[""Op_Server0""]","[""Enterprise1"", ""Op_Server0"", ""User0"", ""User2""]","[""Enterprise1"", ""Op_Server0"", ""User0"", ""User2""]","{""blue_first_relevant_response_after_critical"": 13, ""blue_first_relevant_response_after_enterprise"": 7, ""enterprise_foothold_step"": 5, ""first_critical_hit_step"": 12, ""window_end"": 82, ""window_start"": 80}"
ours_stage2_fair_critical_safe_v1,11,stage1_pref_005_ckpt_096,critical_safe_balanced_selected,episode_000,3,3011,22,Q5_repeated_low_value_decoy_loop,medium,DecoyHarakaSMPT,User2,User,PrivilegeEscalate,Op_Server0,"[""Op_Server0""]","[""Op_Server0""]","[""Enterprise1"", ""Enterprise2"", ""Op_Server0"", ""User0"", ""User2""]","[""Enterprise1"", ""Enterprise2"", ""Op_Server0"", ""User0"", ""User2""]","{""blue_first_relevant_response_after_critical"": 13, ""blue_first_relevant_response_after_enterprise"": 7, ""enterprise_foothold_step"": 5, ""first_critical_hit_step"": 12, ""window_end"": 29, ""window_start"": 20}"
ours_stage2_fair_critical_safe_v1,11,stage1_pref_005_ckpt_096,critical_safe_balanced_selected,episode_000,4,4011,15,Q2_user_action_during_critical_breach,high,Restore,User0,User,Impact,Op_Server0,"[""Op_Server0""]","[""Op_Server0""]","[""Enterprise1"", ""Op_Server0"", ""User0"", ""User1""]","[""Enterprise1"", ""Op_Server0"", ""User0"", ""User1""]","{""blue_first_relevant_response_after_critical"": 13, ""blue_first_relevant_response_after_enterprise"": 7, ""enterprise_foothold_step"": 5, ""first_critical_hit_step"": 12, ""window_end"": null, ""window_start"": null}"
ours_stage2_fair_critical_safe_v1,11,stage1_pref_005_ckpt_096,critical_safe_balanced_selected,episode_000,4,4011,20,Q2_user_action_during_critical_breach,high,DecoyHarakaSMPT,User2,User,Impact,Op_Server0,"[""Op_Server0""]","[""Op_Server0""]","[""Enterprise1"", ""Op_Server0"", ""User0"", ""User1""]","[""Enterprise1"", ""Op_Server0"", ""User0"", ""User1""]","{""blue_first_relevant_response_after_critical"": 13, ""blue_first_relevant_response_after_enterprise"": 7, ""enterprise_foothold_step"": 5, ""first_critical_hit_step"": 12, ""window_end"": null, ""window_start"": null}"
ours_stage2_fair_critical_safe_v1,11,stage1_pref_005_ckpt_096,critical_safe_balanced_selected,episode_000,4,4011,22,Q2_user_action_during_critical_breach,high,DecoyHarakaSMPT,User2,User,Impact,Op_Server0,"[""Op_Server0""]","[""Op_Server0""]","[""Enterprise1"", ""Op_Server0"", ""User0"", ""User1""]","[""Enterprise1"", ""Op_Server0"", ""User0"", ""User1""]","{""blue_first_relevant_response_after_critical"": 13, ""blue_first_relevant_response_after_enterprise"": 7, ""enterprise_foothold_step"": 5, ""first_critical_hit_step"": 12, ""window_end"": null, ""window_start"": null}"
ours_stage2_fair_critical_safe_v1,11,stage1_pref_005_ckpt_096,critical_safe_balanced_selected,episode_000,4,4011,23,Q2_user_action_during_critical_breach,high,DecoyHarakaSMPT,User2,User,Impact,Op_Server0,"[""Op_Server0""]","[""Op_Server0""]","[""Enterprise1"", ""Op_Server0"", ""User0"", ""User1""]","[""Enterprise1"", ""Op_Server0"", ""User0"", ""User1""]","{""blue_first_relevant_response_after_critical"": 13, ""blue_first_relevant_response_after_enterprise"": 7, ""enterprise_foothold_step"": 5, ""first_critical_hit_step"": 12, ""window_end"": null, ""window_start"": null}"
ours_stage2_fair_critical_safe_v1,11,stage1_pref_005_ckpt_096,critical_safe_balanced_selected,episode_000,4,4011,27,Q2_user_action_during_critical_breach,high,Restore,User0,User,PrivilegeEscalate,Op_Server0,"[""Op_Server0""]","[""Op_Server0""]","[""Enterprise1"", ""Op_Server0"", ""User0"", ""User1""]","[""Enterprise1"", ""Op_Server0"", ""User0"", ""User1""]","{""blue_first_relevant_response_after_critical"": 13, ""blue_first_relevant_response_after_enterprise"": 7, ""enterprise_foothold_step"": 5, ""first_critical_hit_step"": 12, ""window_end"": null, ""window_start"": null}"
ours_stage2_fair_critical_safe_v1,11,stage1_pref_005_ckpt_096,critical_safe_balanced_selected,episode_000,4,4011,32,Q2_user_action_during_critical_breach,high,DecoyHarakaSMPT,User2,User,Impact,Op_Server0,"[""Op_Server0""]","[""Op_Server0""]","[""Enterprise1"", ""Op_Server0"", ""User0"", ""User1""]","[""Enterprise1"", ""Op_Server0"", ""User0"", ""User1""]","{""blue_first_relevant_response_after_critical"": 13, ""blue_first_relevant_response_after_enterprise"": 7, ""enterprise_foothold_step"": 5, ""first_critical_hit_step"": 12, ""window_end"": null, ""window_start"": null}"
ours_stage2_fair_critical_safe_v1,11,stage1_pref_005_ckpt_096,critical_safe_balanced_selected,episode_000,4,4011,33,Q2_user_action_during_critical_breach,high,DecoyHarakaSMPT,User2,User,Impact,Op_Server0,"[""Op_Server0""]","[""Op_Server0""]","[""Enterprise1"", ""Op_Server0"", ""User0"", ""User1""]","[""Enterprise1"", ""Op_Server0"", ""User0"", ""User1""]","{""blue_first_relevant_response_after_critical"": 13, ""blue_first_relevant_response_after_enterprise"": 7, ""enterprise_foothold_step"": 5, ""first_critical_hit_step"": 12, ""window_end"": null, ""window_start"": null}"
ours_stage2_fair_critical_safe_v1,11,stage1_pref_005_ckpt_096,critical_safe_balanced_selected,episode_000,4,4011,35,Q2_user_action_during_critical_breach,high,DecoyHarakaSMPT,User2,User,Impact,Op_Server0,"[""Op_Server0""]","[""Op_Server0""]","[""Enterprise1"", ""Op_Server0"", ""User0"", ""User1""]","[""Enterprise1"", ""Op_Server0"", ""User0"", ""User1""]","{""blue_first_relevant_response_after_critical"": 13, ""blue_first_relevant_response_after_enterprise"": 7, ""enterprise_foothold_step"": 5, ""first_critical_hit_step"": 12, ""window_end"": null, ""window_start"": null}"
ours_stage2_fair_critical_safe_v1,11,stage1_pref_005_ckpt_096,critical_safe_balanced_selected,episode_000,4,4011,46,Q2_user_action_during_critical_breach,high,DecoySmss,User4,User,Impact,Op_Server0,"[""Op_Server0""]","[""Op_Server0""]","[""Enterprise1"", ""Op_Server0"", ""User0"", ""User1""]","[""Enterprise1"", ""Op_Server0"", ""User0"", ""User1""]","{""blue_first_relevant_response_after_critical"": 13, ""blue_first_relevant_response_after_enterprise"": 7, ""enterprise_foothold_step"": 5, ""first_critical_hit_step"": 12, ""window_end"": null, ""window_start"": null}"
ours_stage2_fair_critical_safe_v1,11,stage1_pref_005_ckpt_096,critical_safe_balanced_selected,episode_000,4,4011,51,Q2_user_action_during_critical_breach,high,DecoyHarakaSMPT,User2,User,Impact,Op_Server0,"[""Op_Server0""]","[""Op_Server0""]","[""Enterprise1"", ""Op_Server0"", ""User0"", ""User1""]","[""Enterprise1"", ""Op_Server0"", ""User0"", ""User1""]","{""blue_first_relevant_response_after_critical"": 13, ""blue_first_relevant_response_after_enterprise"": 7, ""enterprise_foothold_step"": 5, ""first_critical_hit_step"": 12, ""window_end"": null, ""window_start"": null}"
ours_stage2_fair_critical_safe_v1,11,stage1_pref_005_ckpt_096,critical_safe_balanced_selected,episode_000,4,4011,61,Q2_user_action_during_critical_breach,high,Restore,User0,User,Impact,Op_Server0,"[""Op_Server0""]","[""Op_Server0""]","[""Enterprise1"", ""Op_Server0"", ""User0"", ""User1""]","[""Enterprise1"", ""Op_Server0"", ""User0"", ""User1""]","{""blue_first_relevant_response_after_critical"": 13, ""blue_first_relevant_response_after_enterprise"": 7, ""enterprise_foothold_step"": 5, ""first_critical_hit_step"": 12, ""window_end"": null, ""window_start"": null}"
ours_stage2_fair_critical_safe_v1,11,stage1_pref_005_ckpt_096,critical_safe_balanced_selected,episode_000,4,4011,63,Q2_user_action_during_critical_breach,high,DecoyHarakaSMPT,User2,User,Impact,Op_Server0,"[""Op_Server0""]","[""Op_Server0""]","[""Enterprise1"", ""Op_Server0"", ""User0"", ""User1""]","[""Enterprise1"", ""Op_Server0"", ""User0"", ""User1""]","{""blue_first_relevant_response_after_critical"": 13, ""blue_first_relevant_response_after_enterprise"": 7, ""enterprise_foothold_step"": 5, ""first_critical_hit_step"": 12, ""window_end"": null, ""window_start"": null}"
ours_stage2_fair_critical_safe_v1,11,stage1_pref_005_ckpt_096,critical_safe_balanced_selected,episode_000,4,4011,69,Q2_user_action_during_critical_breach,high,DecoyHarakaSMPT,User2,User,Impact,Op_Server0,"[""Op_Server0""]","[""Op_Server0""]","[""Enterprise1"", ""Op_Server0"", ""User0"", ""User1""]","[""Enterprise1"", ""Op_Server0"", ""User0"", ""User1""]","{""blue_first_relevant_response_after_critical"": 13, ""blue_first_relevant_response_after_enterprise"": 7, ""enterprise_foothold_step"": 5, ""first_critical_hit_step"": 12, ""window_end"": null, ""window_start"": null}"
ours_stage2_fair_critical_safe_v1,11,stage1_pref_005_ckpt_096,critical_safe_balanced_selected,episode_000,4,4011,70,Q2_user_action_during_critical_breach,high,Restore,User0,User,Impact,Op_Server0,"[""Op_Server0""]","[""Op_Server0""]","[""Enterprise1"", ""Op_Server0"", ""User0"", ""User1""]","[""Enterprise1"", ""Op_Server0"", ""User0"", ""User1""]","{""blue_first_relevant_response_after_critical"": 13, ""blue_first_relevant_response_after_enterprise"": 7, ""enterprise_foothold_step"": 5, ""first_critical_hit_step"": 12, ""window_end"": null, ""window_start"": null}"
ours_stage2_fair_critical_safe_v1,11,stage1_pref_005_ckpt_096,critical_safe_balanced_selected,episode_000,4,4011,72,Q2_user_action_during_critical_breach,high,DecoyHarakaSMPT,User2,User,Impact,Op_Server0,"[""Op_Server0""]","[""Op_Server0""]","[""Enterprise1"", ""Op_Server0"", ""User0"", ""User1""]","[""Enterprise1"", ""Op_Server0"", ""User0"", ""User1""]","{""blue_first_relevant_response_after_critical"": 13, ""blue_first_relevant_response_after_enterprise"": 7, ""enterprise_foothold_step"": 5, ""first_critical_hit_step"": 12, ""window_end"": null, ""window_start"": null}"
ours_stage2_fair_critical_safe_v1,11,stage1_pref_005_ckpt_096,critical_safe_balanced_selected,episode_000,4,4011,77,Q2_user_action_during_critical_breach,high,DecoyHarakaSMPT,User2,User,Impact,Op_Server0,"[""Op_Server0""]","[""Op_Server0""]","[""Enterprise1"", ""Op_Server0"", ""User0"", ""User1""]","[""Enterprise1"", ""Op_Server0"", ""User0"", ""User1""]","{""blue_first_relevant_response_after_critical"": 13, ""blue_first_relevant_response_after_enterprise"": 7, ""enterprise_foothold_step"": 5, ""first_critical_hit_step"": 12, ""window_end"": null, ""window_start"": null}"
ours_stage2_fair_critical_safe_v1,11,stage1_pref_005_ckpt_096,critical_safe_balanced_selected,episode_000,4,4011,81,Q2_user_action_during_critical_breach,high,DecoyHarakaSMPT,User2,User,Impact,Op_Server0,"[""Op_Server0""]","[""Op_Server0""]","[""Enterprise1"", ""Op_Server0"", ""User0"", ""User1""]","[""Enterprise1"", ""Op_Server0"", ""User0"", ""User1""]","{""blue_first_relevant_response_after_critical"": 13, ""blue_first_relevant_response_after_enterprise"": 7, ""enterprise_foothold_step"": 5, ""first_critical_hit_step"": 12, ""window_end"": null, ""window_start"": null}"
ours_stage2_fair_critical_safe_v1,11,stage1_pref_005_ckpt_096,critical_safe_balanced_selected,episode_000,4,4011,87,Q2_user_action_during_critical_breach,high,DecoySmss,User1,User,Impact,Op_Server0,"[""Op_Server0""]","[""Op_Server0""]","[""Enterprise1"", ""Op_Server0"", ""User0"", ""User1""]","[""Enterprise1"", ""Op_Server0"", ""User0"", ""User1""]","{""blue_first_relevant_response_after_critical"": 13, ""blue_first_relevant_response_after_enterprise"": 7, ""enterprise_foothold_step"": 5, ""first_critical_hit_step"": 12, ""window_end"": null, ""window_start"": null}"
ours_stage2_fair_critical_safe_v1,11,stage1_pref_005_ckpt_096,critical_safe_balanced_selected,episode_000,4,4011,90,Q2_user_action_during_critical_breach,high,DecoyHarakaSMPT,User2,User,Impact,Op_Server0,"[""Op_Server0""]","[""Op_Server0""]","[""Enterprise1"", ""Op_Server0"", ""User0"", ""User1""]","[""Enterprise1"", ""Op_Server0"", ""User0"", ""User1""]","{""blue_first_relevant_response_after_critical"": 13, ""blue_first_relevant_response_after_enterprise"": 7, ""enterprise_foothold_step"": 5, ""first_critical_hit_step"": 12, ""window_end"": null, ""window_start"": null}"
ours_stage2_fair_critical_safe_v1,11,stage1_pref_005_ckpt_096,critical_safe_balanced_selected,episode_000,4,4011,18,Q5_repeated_low_value_decoy_loop,medium,DecoyHarakaSMPT,User2,User,ExploitRemoteService,,[],"[""Op_Server0""]","[""Enterprise1"", ""User0"", ""User1""]","[""Enterprise1"", ""Op_Server0"", ""User0"", ""User1""]","{""blue_first_relevant_response_after_critical"": 13, ""blue_first_relevant_response_after_enterprise"": 7, ""enterprise_foothold_step"": 5, ""first_critical_hit_step"": 12, ""window_end"": 26, ""window_start"": 17}"
ours_stage2_fair_critical_safe_v1,11,stage1_pref_005_ckpt_096,critical_safe_balanced_selected,episode_000,5,5011,13,Q2_user_action_during_critical_breach,high,DecoyHarakaSMPT,User2,User,PrivilegeEscalate,Op_Server0,"[""Op_Server0""]","[""Op_Server0""]","[""Enterprise0"", ""Enterprise2"", ""Op_Server0"", ""User0"", ""User4""]","[""Enterprise0"", ""Enterprise2"", ""Op_Server0"", ""User0"", ""User4""]","{""blue_first_relevant_response_after_critical"": 17, ""blue_first_relevant_response_after_enterprise"": 8, ""enterprise_foothold_step"": 5, ""first_critical_hit_step"": 12, ""window_end"": null, ""window_start"": null}"
ours_stage2_fair_critical_safe_v1,11,stage1_pref_005_ckpt_096,critical_safe_balanced_selected,episode_000,5,5011,14,Q2_user_action_during_critical_breach,high,Restore,User0,User,Impact,Op_Server0,"[""Op_Server0""]","[""Op_Server0""]","[""Enterprise0"", ""Enterprise2"", ""Op_Server0"", ""User0"", ""User4""]","[""Enterprise0"", ""Enterprise2"", ""Op_Server0"", ""User0"", ""User4""]","{""blue_first_relevant_response_after_critical"": 17, ""blue_first_relevant_response_after_enterprise"": 8, ""enterprise_foothold_step"": 5, ""first_critical_hit_step"": 12, ""window_end"": null, ""window_start"": null}"
ours_stage2_fair_critical_safe_v1,11,stage1_pref_005_ckpt_096,critical_safe_balanced_selected,episode_000,5,5011,16,Q2_user_action_during_critical_breach,high,DecoySSHD,User3,User,Impact,Op_Server0,"[""Op_Server0""]","[""Op_Server0""]","[""Enterprise0"", ""Enterprise2"", ""Op_Server0"", ""User0"", ""User4""]","[""Enterprise0"", ""Enterprise2"", ""Op_Server0"", ""User0"", ""User4""]","{""blue_first_relevant_response_after_critical"": 17, ""blue_first_relevant_response_after_enterprise"": 8, ""enterprise_foothold_step"": 5, ""first_critical_hit_step"": 12, ""window_end"": null, ""window_start"": null}"
ours_stage2_fair_critical_safe_v1,11,stage1_pref_005_ckpt_096,critical_safe_balanced_selected,episode_000,5,5011,18,Q2_user_action_during_critical_breach,high,DecoyHarakaSMPT,User2,User,Impact,Op_Server0,"[""Op_Server0""]","[""Op_Server0""]","[""Enterprise0"", ""Enterprise2"", ""Op_Server0"", ""User0"", ""User4""]","[""Enterprise0"", ""Enterprise2"", ""Op_Server0"", ""User0"", ""User4""]","{""blue_first_relevant_response_after_critical"": 17, ""blue_first_relevant_response_after_enterprise"": 8, ""enterprise_foothold_step"": 5, ""first_critical_hit_step"": 12, ""window_end"": null, ""window_start"": null}"
ours_stage2_fair_critical_safe_v1,11,stage1_pref_005_ckpt_096,critical_safe_balanced_selected,episode_000,5,5011,19,Q2_user_action_during_critical_breach,high,Analyse,User2,User,Impact,Op_Server0,"[""Op_Server0""]","[""Op_Server0""]","[""Enterprise0"", ""Enterprise2"", ""Op_Server0"", ""User0"", ""User4""]","[""Enterprise0"", ""Enterprise2"", ""Op_Server0"", ""User0"", ""User4""]","{""blue_first_relevant_response_after_critical"": 17, ""blue_first_relevant_response_after_enterprise"": 8, ""enterprise_foothold_step"": 5, ""first_critical_hit_step"": 12, ""window_end"": null, ""window_start"": null}"
ours_stage2_fair_critical_safe_v1,11,stage1_pref_005_ckpt_096,critical_safe_balanced_selected,episode_000,5,5011,23,Q2_user_action_during_critical_breach,high,DecoyHarakaSMPT,User2,User,Impact,Op_Server0,"[""Op_Server0""]","[""Op_Server0""]","[""Enterprise0"", ""Op_Server0"", ""User0"", ""User4""]","[""Enterprise0"", ""Op_Server0"", ""User0"", ""User4""]","{""blue_first_relevant_response_after_critical"": 17, ""blue_first_relevant_response_after_enterprise"": 8, ""enterprise_foothold_step"": 5, ""first_critical_hit_step"": 12, ""window_end"": null, ""window_start"": null}"
ours_stage2_fair_critical_safe_v1,11,stage1_pref_005_ckpt_096,critical_safe_balanced_selected,episode_000,5,5011,25,Q2_user_action_during_critical_breach,high,DecoyHarakaSMPT,User2,User,Impact,Op_Server0,"[""Op_Server0""]","[""Op_Server0""]","[""Enterprise0"", ""Op_Server0"", ""User0"", ""User4""]","[""Enterprise0"", ""Op_Server0"", ""User0"", ""User4""]","{""blue_first_relevant_response_after_critical"": 17, ""blue_first_relevant_response_after_enterprise"": 8, ""enterprise_foothold_step"": 5, ""first_critical_hit_step"": 12, ""window_end"": null, ""window_start"": null}"
ours_stage2_fair_critical_safe_v1,11,stage1_pref_005_ckpt_096,critical_safe_balanced_selected,episode_000,5,5011,30,Q2_user_action_during_critical_breach,high,DecoyHarakaSMPT,User2,User,Impact,Op_Server0,"[""Op_Server0""]","[""Op_Server0""]","[""Enterprise0"", ""Op_Server0"", ""User0"", ""User4""]","[""Enterprise0"", ""Op_Server0"", ""User0"", ""User4""]","{""blue_first_relevant_response_after_critical"": 17, ""blue_first_relevant_response_after_enterprise"": 8, ""enterprise_foothold_step"": 5, ""first_critical_hit_step"": 12, ""window_end"": null, ""window_start"": null}"
ours_stage2_fair_critical_safe_v1,11,stage1_pref_005_ckpt_096,critical_safe_balanced_selected,episode_000,5,5011,32,Q2_user_action_during_critical_breach,high,Restore,User0,User,Impact,Op_Server0,"[""Op_Server0""]","[""Op_Server0""]","[""Enterprise0"", ""Op_Server0"", ""User0"", ""User4""]","[""Enterprise0"", ""Op_Server0"", ""User0"", ""User4""]","{""blue_first_relevant_response_after_critical"": 17, ""blue_first_relevant_response_after_enterprise"": 8, ""enterprise_foothold_step"": 5, ""first_critical_hit_step"": 12, ""window_end"": null, ""window_start"": null}"
ours_stage2_fair_critical_safe_v1,11,stage1_pref_005_ckpt_096,critical_safe_balanced_selected,episode_000,5,5011,38,Q2_user_action_during_critical_breach,high,Restore,User0,User,PrivilegeEscalate,Op_Server0,"[""Op_Server0""]","[""Op_Server0""]","[""Enterprise0"", ""Op_Server0"", ""User0"", ""User4""]","[""Enterprise0"", ""Op_Server0"", ""User0"", ""User4""]","{""blue_first_relevant_response_after_critical"": 17, ""blue_first_relevant_response_after_enterprise"": 8, ""enterprise_foothold_step"": 5, ""first_critical_hit_step"": 12, ""window_end"": null, ""window_start"": null}"
ours_stage2_fair_critical_safe_v1,11,stage1_pref_005_ckpt_096,critical_safe_balanced_selected,episode_000,5,5011,40,Q2_user_action_during_critical_breach,high,DecoyHarakaSMPT,User1,User,Impact,Op_Server0,"[""Op_Server0""]","[""Op_Server0""]","[""Enterprise0"", ""Op_Server0"", ""User0"", ""User4""]","[""Enterprise0"", ""Op_Server0"", ""User0"", ""User4""]","{""blue_first_relevant_response_after_critical"": 17, ""blue_first_relevant_response_after_enterprise"": 8, ""enterprise_foothold_step"": 5, ""first_critical_hit_step"": 12, ""window_end"": null, ""window_start"": null}"
ours_stage2_fair_critical_safe_v1,11,stage1_pref_005_ckpt_096,critical_safe_balanced_selected,episode_000,5,5011,41,Q2_user_action_during_critical_breach,high,DecoyHarakaSMPT,User1,User,Impact,Op_Server0,"[""Op_Server0""]","[""Op_Server0""]","[""Enterprise0"", ""Op_Server0"", ""User0"", ""User4""]","[""Enterprise0"", ""Op_Server0"", ""User0"", ""User4""]","{""blue_first_relevant_response_after_critical"": 17, ""blue_first_relevant_response_after_enterprise"": 8, ""enterprise_foothold_step"": 5, ""first_critical_hit_step"": 12, ""window_end"": null, ""window_start"": null}"
ours_stage2_fair_critical_safe_v1,11,stage1_pref_005_ckpt_096,critical_safe_balanced_selected,episode_000,5,5011,45,Q2_user_action_during_critical_breach,high,DecoyApache,User1,User,PrivilegeEscalate,Op_Server0,"[""Op_Server0""]","[""Op_Server0""]","[""Enterprise0"", ""Op_Server0"", ""User0"", ""User4""]","[""Enterprise0"", ""Op_Server0"", ""User0"", ""User4""]","{""blue_first_relevant_response_after_critical"": 17, ""blue_first_relevant_response_after_enterprise"": 8, ""enterprise_foothold_step"": 5, ""first_critical_hit_step"": 12, ""window_end"": null, ""window_start"": null}"
ours_stage2_fair_critical_safe_v1,11,stage1_pref_005_ckpt_096,critical_safe_balanced_selected,episode_000,5,5011,46,Q2_user_action_during_critical_breach,high,DecoyApache,User3,User,Impact,Op_Server0,"[""Op_Server0""]","[""Op_Server0""]","[""Enterprise0"", ""Op_Server0"", ""User0"", ""User4""]","[""Enterprise0"", ""Op_Server0"", ""User0"", ""User4""]","{""blue_first_relevant_response_after_critical"": 17, ""blue_first_relevant_response_after_enterprise"": 8, ""enterprise_foothold_step"": 5, ""first_critical_hit_step"": 12, ""window_end"": null, ""window_start"": null}"
ours_stage2_fair_critical_safe_v1,11,stage1_pref_005_ckpt_096,critical_safe_balanced_selected,episode_000,5,5011,48,Q2_user_action_during_critical_breach,high,DecoyHarakaSMPT,User2,User,Impact,Op_Server0,"[""Op_Server0""]","[""Op_Server0""]","[""Enterprise0"", ""Op_Server0"", ""User0"", ""User4""]","[""Enterprise0"", ""Op_Server0"", ""User0"", ""User4""]","{""blue_first_relevant_response_after_critical"": 17, ""blue_first_relevant_response_after_enterprise"": 8, ""enterprise_foothold_step"": 5, ""first_critical_hit_step"": 12, ""window_end"": null, ""window_start"": null}"
ours_stage2_fair_critical_safe_v1,11,stage1_pref_005_ckpt_096,critical_safe_balanced_selected,episode_000,5,5011,54,Q2_user_action_during_critical_breach,high,DecoyHarakaSMPT,User2,User,Impact,Op_Server0,"[""Op_Server0""]","[""Op_Server0""]","[""Enterprise0"", ""Op_Server0"", ""User0"", ""User4""]","[""Enterprise0"", ""Op_Server0"", ""User0"", ""User4""]","{""blue_first_relevant_response_after_critical"": 17, ""blue_first_relevant_response_after_enterprise"": 8, ""enterprise_foothold_step"": 5, ""first_critical_hit_step"": 12, ""window_end"": null, ""window_start"": null}"
ours_stage2_fair_critical_safe_v1,11,stage1_pref_005_ckpt_096,critical_safe_balanced_selected,episode_000,5,5011,59,Q2_user_action_during_critical_breach,high,DecoyHarakaSMPT,User2,User,PrivilegeEscalate,Op_Server0,"[""Op_Server0""]","[""Op_Server0""]","[""Enterprise0"", ""Op_Server0"", ""User0"", ""User4""]","[""Enterprise0"", ""Op_Server0"", ""User0"", ""User4""]","{""blue_first_relevant_response_after_critical"": 17, ""blue_first_relevant_response_after_enterprise"": 8, ""enterprise_foothold_step"": 5, ""first_critical_hit_step"": 12, ""window_end"": null, ""window_start"": null}"
ours_stage2_fair_critical_safe_v1,11,stage1_pref_005_ckpt_096,critical_safe_balanced_selected,episode_000,5,5011,72,Q2_user_action_during_critical_breach,high,DecoySSHD,User3,User,Impact,Op_Server0,"[""Op_Server0""]","[""Op_Server0""]","[""Enterprise0"", ""Op_Server0"", ""User0"", ""User4""]","[""Enterprise0"", ""Op_Server0"", ""User0"", ""User4""]","{""blue_first_relevant_response_after_critical"": 17, ""blue_first_relevant_response_after_enterprise"": 8, ""enterprise_foothold_step"": 5, ""first_critical_hit_step"": 12, ""window_end"": null, ""window_start"": null}"
ours_stage2_fair_critical_safe_v1,11,stage1_pref_005_ckpt_096,critical_safe_balanced_selected,episode_000,5,5011,75,Q2_user_action_during_critical_breach,high,DecoySSHD,User2,User,Impact,Op_Server0,"[""Op_Server0""]","[""Op_Server0""]","[""Enterprise0"", ""Op_Server0"", ""User0"", ""User4""]","[""Enterprise0"", ""Op_Server0"", ""User0"", ""User4""]","{""blue_first_relevant_response_after_critical"": 17, ""blue_first_relevant_response_after_enterprise"": 8, ""enterprise_foothold_step"": 5, ""first_critical_hit_step"": 12, ""window_end"": null, ""window_start"": null}"
ours_stage2_fair_critical_safe_v1,11,stage1_pref_005_ckpt_096,critical_safe_balanced_selected,episode_000,5,5011,80,Q2_user_action_during_critical_breach,high,DecoyHarakaSMPT,User2,User,Impact,Op_Server0,"[""Op_Server0""]","[""Op_Server0""]","[""Enterprise0"", ""Op_Server0"", ""User0"", ""User4""]","[""Enterprise0"", ""Op_Server0"", ""User0"", ""User4""]","{""blue_first_relevant_response_after_critical"": 17, ""blue_first_relevant_response_after_enterprise"": 8, ""enterprise_foothold_step"": 5, ""first_critical_hit_step"": 12, ""window_end"": null, ""window_start"": null}"
ours_stage2_fair_critical_safe_v1,11,stage1_pref_005_ckpt_096,critical_safe_balanced_selected,episode_000,5,5011,82,Q2_user_action_during_critical_breach,high,Restore,User0,User,Impact,Op_Server0,"[""Op_Server0""]","[""Op_Server0""]","[""Enterprise0"", ""Op_Server0"", ""User0"", ""User4""]","[""Enterprise0"", ""Op_Server0"", ""User0"", ""User4""]","{""blue_first_relevant_response_after_critical"": 17, ""blue_first_relevant_response_after_enterprise"": 8, ""enterprise_foothold_step"": 5, ""first_critical_hit_step"": 12, ""window_end"": null, ""window_start"": null}"
ours_stage2_fair_critical_safe_v1,11,stage1_pref_005_ckpt_096,critical_safe_balanced_selected,episode_000,5,5011,83,Q2_user_action_during_critical_breach,high,DecoyHarakaSMPT,User2,User,Impact,Op_Server0,"[""Op_Server0""]","[""Op_Server0""]","[""Enterprise0"", ""Op_Server0"", ""User0"", ""User4""]","[""Enterprise0"", ""Op_Server0"", ""User0"", ""User4""]","{""blue_first_relevant_response_after_critical"": 17, ""blue_first_relevant_response_after_enterprise"": 8, ""enterprise_foothold_step"": 5, ""first_critical_hit_step"": 12, ""window_end"": null, ""window_start"": null}"
ours_stage2_fair_critical_safe_v1,11,stage1_pref_005_ckpt_096,critical_safe_balanced_selected,episode_000,5,5011,91,Q2_user_action_during_critical_breach,high,DecoyHarakaSMPT,User2,User,Impact,Op_Server0,"[""Op_Server0""]","[""Op_Server0""]","[""Enterprise0"", ""Op_Server0"", ""User0"", ""User4""]","[""Enterprise0"", ""Op_Server0"", ""User0"", ""User4""]","{""blue_first_relevant_response_after_critical"": 17, ""blue_first_relevant_response_after_enterprise"": 8, ""enterprise_foothold_step"": 5, ""first_critical_hit_step"": 12, ""window_end"": null, ""window_start"": null}"
ours_stage2_fair_critical_safe_v1,11,stage1_pref_005_ckpt_096,critical_safe_balanced_selected,episode_000,5,5011,92,Q2_user_action_during_critical_breach,high,DecoySSHD,User2,User,Impact,Op_Server0,"[""Op_Server0""]","[""Op_Server0""]","[""Enterprise0"", ""Op_Server0"", ""User0"", ""User4""]","[""Enterprise0"", ""Op_Server0"", ""User0"", ""User4""]","{""blue_first_relevant_response_after_critical"": 17, ""blue_first_relevant_response_after_enterprise"": 8, ""enterprise_foothold_step"": 5, ""first_critical_hit_step"": 12, ""window_end"": null, ""window_start"": null}"
ours_stage2_fair_critical_safe_v1,11,stage1_pref_005_ckpt_096,critical_safe_balanced_selected,episode_000,5,5011,93,Q2_user_action_during_critical_breach,high,Restore,User0,User,Impact,Op_Server0,"[""Op_Server0""]","[""Op_Server0""]","[""Enterprise0"", ""Op_Server0"", ""User0"", ""User4""]","[""Enterprise0"", ""Op_Server0"", ""User0"", ""User4""]","{""blue_first_relevant_response_after_critical"": 17, ""blue_first_relevant_response_after_enterprise"": 8, ""enterprise_foothold_step"": 5, ""first_critical_hit_step"": 12, ""window_end"": null, ""window_start"": null}"
ours_stage2_fair_critical_safe_v1,11,stage1_pref_005_ckpt_096,critical_safe_balanced_selected,episode_000,5,5011,99,Q2_user_action_during_critical_breach,high,Restore,User0,User,Impact,Op_Server0,"[""Op_Server0""]","[""Op_Server0""]","[""Enterprise0"", ""Op_Server0"", ""User0"", ""User4""]","[""Enterprise0"", ""Op_Server0"", ""User0"", ""User4""]","{""blue_first_relevant_response_after_critical"": 17, ""blue_first_relevant_response_after_enterprise"": 8, ""enterprise_foothold_step"": 5, ""first_critical_hit_step"": 12, ""window_end"": null, ""window_start"": null}"
ours_stage2_fair_critical_safe_v1,11,stage1_pref_005_ckpt_096,critical_safe_balanced_selected,episode_000,5,5011,12,Q3_missed_immediate_response_to_critical_hit,high,DecoyTomcat,Defender,Enterprise,ExploitRemoteService,,[],"[""Op_Server0""]","[""Enterprise0"", ""Enterprise2"", ""User0"", ""User4""]","[""Enterprise0"", ""Enterprise2"", ""Op_Server0"", ""User0"", ""User4""]","{""blue_first_relevant_response_after_critical"": 17, ""blue_first_relevant_response_after_enterprise"": 8, ""enterprise_foothold_step"": 5, ""first_critical_hit_step"": 12, ""window_end"": 15, ""window_start"": 13}"
ours_stage2_fair_critical_safe_v1,11,stage1_pref_005_ckpt_096,critical_safe_balanced_selected,episode_000,5,5011,91,Q4_user_focus_after_enterprise_foothold,medium,DecoyHarakaSMPT,User2,User,Impact,Op_Server0,"[""Op_Server0""]","[""Op_Server0""]","[""Enterprise0"", ""Op_Server0"", ""User0"", ""User4""]","[""Enterprise0"", ""Op_Server0"", ""User0"", ""User4""]","{""blue_first_relevant_response_after_critical"": 17, ""blue_first_relevant_response_after_enterprise"": 8, ""enterprise_foothold_step"": 5, ""first_critical_hit_step"": 12, ""window_end"": 93, ""window_start"": 91}"
ours_stage2_fair_critical_safe_v1,11,stage1_pref_005_ckpt_096,critical_safe_balanced_selected,episode_000,5,5011,23,Q5_repeated_low_value_decoy_loop,medium,DecoyHarakaSMPT,User2,User,Impact,Op_Server0,"[""Op_Server0""]","[""Op_Server0""]","[""Enterprise0"", ""Op_Server0"", ""User0"", ""User4""]","[""Enterprise0"", ""Op_Server0"", ""User0"", ""User4""]","{""blue_first_relevant_response_after_critical"": 17, ""blue_first_relevant_response_after_enterprise"": 8, ""enterprise_foothold_step"": 5, ""first_critical_hit_step"": 12, ""window_end"": 30, ""window_start"": 21}"
ours_stage2_fair_critical_safe_v1,11,stage1_pref_005_ckpt_096,critical_safe_balanced_selected,episode_000,6,6011,14,Q2_user_action_during_critical_breach,high,DecoyHarakaSMPT,User2,User,Impact,Op_Server0,"[""Op_Server0""]","[""Op_Server0""]","[""Enterprise0"", ""Enterprise2"", ""Op_Server0"", ""User0"", ""User3""]","[""Enterprise0"", ""Enterprise2"", ""Op_Server0"", ""User0"", ""User3""]","{""blue_first_relevant_response_after_critical"": 13, ""blue_first_relevant_response_after_enterprise"": 6, ""enterprise_foothold_step"": 5, ""first_critical_hit_step"": 12, ""window_end"": null, ""window_start"": null}"
ours_stage2_fair_critical_safe_v1,11,stage1_pref_005_ckpt_096,critical_safe_balanced_selected,episode_000,6,6011,20,Q2_user_action_during_critical_breach,high,Restore,User3,User,Impact,Op_Server0,"[""Op_Server0""]","[""Op_Server0""]","[""Enterprise0"", ""Enterprise2"", ""Op_Server0"", ""User0"", ""User3""]","[""Enterprise0"", ""Enterprise2"", ""Op_Server0"", ""User0""]","{""blue_first_relevant_response_after_critical"": 13, ""blue_first_relevant_response_after_enterprise"": 6, ""enterprise_foothold_step"": 5, ""first_critical_hit_step"": 12, ""window_end"": null, ""window_start"": null}"
ours_stage2_fair_critical_safe_v1,11,stage1_pref_005_ckpt_096,critical_safe_balanced_selected,episode_000,6,6011,22,Q2_user_action_during_critical_breach,high,Restore,User4,User,Impact,Op_Server0,"[""Op_Server0""]","[""Op_Server0""]","[""Enterprise0"", ""Enterprise2"", ""Op_Server0"", ""User0""]","[""Enterprise0"", ""Enterprise2"", ""Op_Server0"", ""User0""]","{""blue_first_relevant_response_after_critical"": 13, ""blue_first_relevant_response_after_enterprise"": 6, ""enterprise_foothold_step"": 5, ""first_critical_hit_step"": 12, ""window_end"": null, ""window_start"": null}"
ours_stage2_fair_critical_safe_v1,11,stage1_pref_005_ckpt_096,critical_safe_balanced_selected,episode_000,6,6011,23,Q2_user_action_during_critical_breach,high,DecoyHarakaSMPT,User2,User,Impact,Op_Server0,"[""Op_Server0""]","[""Op_Server0""]","[""Enterprise0"", ""Enterprise2"", ""Op_Server0"", ""User0""]","[""Enterprise0"", ""Enterprise2"", ""Op_Server0"", ""User0""]","{""blue_first_relevant_response_after_critical"": 13, ""blue_first_relevant_response_after_enterprise"": 6, ""enterprise_foothold_step"": 5, ""first_critical_hit_step"": 12, ""window_end"": null, ""window_start"": null}"
ours_stage2_fair_critical_safe_v1,11,stage1_pref_005_ckpt_096,critical_safe_balanced_selected,episode_000,6,6011,24,Q2_user_action_during_critical_breach,high,DecoyHarakaSMPT,User4,User,Impact,Op_Server0,"[""Op_Server0""]","[""Op_Server0""]","[""Enterprise0"", ""Enterprise2"", ""Op_Server0"", ""User0""]","[""Enterprise0"", ""Enterprise2"", ""Op_Server0"", ""User0""]","{""blue_first_relevant_response_after_critical"": 13, ""blue_first_relevant_response_after_enterprise"": 6, ""enterprise_foothold_step"": 5, ""first_critical_hit_step"": 12, ""window_end"": null, ""window_start"": null}"
ours_stage2_fair_critical_safe_v1,11,stage1_pref_005_ckpt_096,critical_safe_balanced_selected,episode_000,6,6011,26,Q2_user_action_during_critical_breach,high,DecoyHarakaSMPT,User2,User,Impact,Op_Server0,"[""Op_Server0""]","[""Op_Server0""]","[""Enterprise0"", ""Enterprise2"", ""Op_Server0"", ""User0""]","[""Enterprise0"", ""Enterprise2"", ""Op_Server0"", ""User0""]","{""blue_first_relevant_response_after_critical"": 13, ""blue_first_relevant_response_after_enterprise"": 6, ""enterprise_foothold_step"": 5, ""first_critical_hit_step"": 12, ""window_end"": null, ""window_start"": null}"
ours_stage2_fair_critical_safe_v1,11,stage1_pref_005_ckpt_096,critical_safe_balanced_selected,episode_000,6,6011,27,Q2_user_action_during_critical_breach,high,DecoyHarakaSMPT,User2,User,Impact,Op_Server0,"[""Op_Server0""]","[""Op_Server0""]","[""Enterprise0"", ""Enterprise2"", ""Op_Server0"", ""User0""]","[""Enterprise0"", ""Enterprise2"", ""Op_Server0"", ""User0""]","{""blue_first_relevant_response_after_critical"": 13, ""blue_first_relevant_response_after_enterprise"": 6, ""enterprise_foothold_step"": 5, ""first_critical_hit_step"": 12, ""window_end"": null, ""window_start"": null}"
ours_stage2_fair_critical_safe_v1,11,stage1_pref_005_ckpt_096,critical_safe_balanced_selected,episode_000,6,6011,39,Q2_user_action_during_critical_breach,high,DecoyHarakaSMPT,User2,User,Impact,Op_Server0,"[""Op_Server0""]","[""Op_Server0""]","[""Enterprise0"", ""Op_Server0"", ""User0""]","[""Enterprise0"", ""Op_Server0"", ""User0""]","{""blue_first_relevant_response_after_critical"": 13, ""blue_first_relevant_response_after_enterprise"": 6, ""enterprise_foothold_step"": 5, ""first_critical_hit_step"": 12, ""window_end"": null, ""window_start"": null}"
ours_stage2_fair_critical_safe_v1,11,stage1_pref_005_ckpt_096,critical_safe_balanced_selected,episode_000,6,6011,40,Q2_user_action_during_critical_breach,high,DecoyHarakaSMPT,User2,User,Impact,Op_Server0,"[""Op_Server0""]","[""Op_Server0""]","[""Enterprise0"", ""Op_Server0"", ""User0""]","[""Enterprise0"", ""Op_Server0"", ""User0""]","{""blue_first_relevant_response_after_critical"": 13, ""blue_first_relevant_response_after_enterprise"": 6, ""enterprise_foothold_step"": 5, ""first_critical_hit_step"": 12, ""window_end"": null, ""window_start"": null}"
ours_stage2_fair_critical_safe_v1,11,stage1_pref_005_ckpt_096,critical_safe_balanced_selected,episode_000,6,6011,43,Q2_user_action_during_critical_breach,high,DecoySmss,User4,User,Impact,Op_Server0,"[""Op_Server0""]","[""Op_Server0""]","[""Enterprise0"", ""Op_Server0"", ""User0""]","[""Enterprise0"", ""Op_Server0"", ""User0""]","{""blue_first_relevant_response_after_critical"": 13, ""blue_first_relevant_response_after_enterprise"": 6, ""enterprise_foothold_step"": 5, ""first_critical_hit_step"": 12, ""window_end"": null, ""window_start"": null}"
ours_stage2_fair_critical_safe_v1,11,stage1_pref_005_ckpt_096,critical_safe_balanced_selected,episode_000,6,6011,45,Q2_user_action_during_critical_breach,high,DecoyHarakaSMPT,User2,User,Impact,Op_Server0,"[""Op_Server0""]","[""Op_Server0""]","[""Enterprise0"", ""Op_Server0"", ""User0""]","[""Enterprise0"", ""Op_Server0"", ""User0""]","{""blue_first_relevant_response_after_critical"": 13, ""blue_first_relevant_response_after_enterprise"": 6, ""enterprise_foothold_step"": 5, ""first_critical_hit_step"": 12, ""window_end"": null, ""window_start"": null}"
ours_stage2_fair_critical_safe_v1,11,stage1_pref_005_ckpt_096,critical_safe_balanced_selected,episode_000,6,6011,46,Q2_user_action_during_critical_breach,high,Restore,User0,User,Impact,Op_Server0,"[""Op_Server0""]","[""Op_Server0""]","[""Enterprise0"", ""Op_Server0"", ""User0""]","[""Enterprise0"", ""Op_Server0"", ""User0""]","{""blue_first_relevant_response_after_critical"": 13, ""blue_first_relevant_response_after_enterprise"": 6, ""enterprise_foothold_step"": 5, ""first_critical_hit_step"": 12, ""window_end"": null, ""window_start"": null}"
ours_stage2_fair_critical_safe_v1,11,stage1_pref_005_ckpt_096,critical_safe_balanced_selected,episode_000,6,6011,49,Q2_user_action_during_critical_breach,high,Restore,User0,User,Impact,Op_Server0,"[""Op_Server0""]","[""Op_Server0""]","[""Enterprise0"", ""Op_Server0"", ""User0""]","[""Enterprise0"", ""Op_Server0"", ""User0""]","{""blue_first_relevant_response_after_critical"": 13, ""blue_first_relevant_response_after_enterprise"": 6, ""enterprise_foothold_step"": 5, ""first_critical_hit_step"": 12, ""window_end"": null, ""window_start"": null}"
ours_stage2_fair_critical_safe_v1,11,stage1_pref_005_ckpt_096,critical_safe_balanced_selected,episode_000,6,6011,55,Q2_user_action_during_critical_breach,high,Restore,User0,User,Impact,Op_Server0,"[""Op_Server0""]","[""Op_Server0""]","[""Enterprise0"", ""Op_Server0"", ""User0""]","[""Enterprise0"", ""Op_Server0"", ""User0""]","{""blue_first_relevant_response_after_critical"": 13, ""blue_first_relevant_response_after_enterprise"": 6, ""enterprise_foothold_step"": 5, ""first_critical_hit_step"": 12, ""window_end"": null, ""window_start"": null}"
ours_stage2_fair_critical_safe_v1,11,stage1_pref_005_ckpt_096,critical_safe_balanced_selected,episode_000,6,6011,60,Q2_user_action_during_critical_breach,high,DecoySSHD,User2,User,PrivilegeEscalate,Op_Server0,"[""Op_Server0""]","[""Op_Server0""]","[""Enterprise0"", ""Op_Server0"", ""User0""]","[""Enterprise0"", ""Op_Server0"", ""User0""]","{""blue_first_relevant_response_after_critical"": 13, ""blue_first_relevant_response_after_enterprise"": 6, ""enterprise_foothold_step"": 5, ""first_critical_hit_step"": 12, ""window_end"": null, ""window_start"": null}"
ours_stage2_fair_critical_safe_v1,11,stage1_pref_005_ckpt_096,critical_safe_balanced_selected,episode_000,6,6011,71,Q2_user_action_during_critical_breach,high,DecoyHarakaSMPT,User2,User,Impact,Op_Server0,"[""Op_Server0""]","[""Op_Server0""]","[""Enterprise0"", ""Op_Server0"", ""User0""]","[""Enterprise0"", ""Op_Server0"", ""User0""]","{""blue_first_relevant_response_after_critical"": 13, ""blue_first_relevant_response_after_enterprise"": 6, ""enterprise_foothold_step"": 5, ""first_critical_hit_step"": 12, ""window_end"": null, ""window_start"": null}"
ours_stage2_fair_critical_safe_v1,11,stage1_pref_005_ckpt_096,critical_safe_balanced_selected,episode_000,6,6011,75,Q2_user_action_during_critical_breach,high,DecoyHarakaSMPT,User2,User,Impact,Op_Server0,"[""Op_Server0""]","[""Op_Server0""]","[""Enterprise0"", ""Op_Server0"", ""User0""]","[""Enterprise0"", ""Op_Server0"", ""User0""]","{""blue_first_relevant_response_after_critical"": 13, ""blue_first_relevant_response_after_enterprise"": 6, ""enterprise_foothold_step"": 5, ""first_critical_hit_step"": 12, ""window_end"": null, ""window_start"": null}"
ours_stage2_fair_critical_safe_v1,11,stage1_pref_005_ckpt_096,critical_safe_balanced_selected,episode_000,6,6011,77,Q2_user_action_during_critical_breach,high,DecoyHarakaSMPT,User2,User,Impact,Op_Server0,"[""Op_Server0""]","[""Op_Server0""]","[""Enterprise0"", ""Op_Server0"", ""User0""]","[""Enterprise0"", ""Op_Server0"", ""User0""]","{""blue_first_relevant_response_after_critical"": 13, ""blue_first_relevant_response_after_enterprise"": 6, ""enterprise_foothold_step"": 5, ""first_critical_hit_step"": 12, ""window_end"": null, ""window_start"": null}"
ours_stage2_fair_critical_safe_v1,11,stage1_pref_005_ckpt_096,critical_safe_balanced_selected,episode_000,6,6011,85,Q2_user_action_during_critical_breach,high,DecoyHarakaSMPT,User2,User,Impact,Op_Server0,"[""Op_Server0""]","[""Op_Server0""]","[""Enterprise0"", ""Op_Server0"", ""User0""]","[""Enterprise0"", ""Op_Server0"", ""User0""]","{""blue_first_relevant_response_after_critical"": 13, ""blue_first_relevant_response_after_enterprise"": 6, ""enterprise_foothold_step"": 5, ""first_critical_hit_step"": 12, ""window_end"": null, ""window_start"": null}"
ours_stage2_fair_critical_safe_v1,11,stage1_pref_005_ckpt_096,critical_safe_balanced_selected,episode_000,6,6011,86,Q2_user_action_during_critical_breach,high,DecoyHarakaSMPT,User2,User,Impact,Op_Server0,"[""Op_Server0""]","[""Op_Server0""]","[""Enterprise0"", ""Op_Server0"", ""User0""]","[""Enterprise0"", ""Op_Server0"", ""User0""]","{""blue_first_relevant_response_after_critical"": 13, ""blue_first_relevant_response_after_enterprise"": 6, ""enterprise_foothold_step"": 5, ""first_critical_hit_step"": 12, ""window_end"": null, ""window_start"": null}"
ours_stage2_fair_critical_safe_v1,11,stage1_pref_005_ckpt_096,critical_safe_balanced_selected,episode_000,6,6011,88,Q2_user_action_during_critical_breach,high,Restore,User0,User,Impact,Op_Server0,"[""Op_Server0""]","[""Op_Server0""]","[""Enterprise0"", ""Op_Server0"", ""User0""]","[""Enterprise0"", ""Op_Server0"", ""User0""]","{""blue_first_relevant_response_after_critical"": 13, ""blue_first_relevant_response_after_enterprise"": 6, ""enterprise_foothold_step"": 5, ""first_critical_hit_step"": 12, ""window_end"": null, ""window_start"": null}"
ours_stage2_fair_critical_safe_v1,11,stage1_pref_005_ckpt_096,critical_safe_balanced_selected,episode_000,6,6011,89,Q2_user_action_during_critical_breach,high,Restore,User0,User,Impact,Op_Server0,"[""Op_Server0""]","[""Op_Server0""]","[""Enterprise0"", ""Op_Server0"", ""User0""]","[""Enterprise0"", ""Op_Server0"", ""User0""]","{""blue_first_relevant_response_after_critical"": 13, ""blue_first_relevant_response_after_enterprise"": 6, ""enterprise_foothold_step"": 5, ""first_critical_hit_step"": 12, ""window_end"": null, ""window_start"": null}"
ours_stage2_fair_critical_safe_v1,11,stage1_pref_005_ckpt_096,critical_safe_balanced_selected,episode_000,6,6011,90,Q2_user_action_during_critical_breach,high,DecoySmss,User4,User,Impact,Op_Server0,"[""Op_Server0""]","[""Op_Server0""]","[""Enterprise0"", ""Op_Server0"", ""User0""]","[""Enterprise0"", ""Op_Server0"", ""User0""]","{""blue_first_relevant_response_after_critical"": 13, ""blue_first_relevant_response_after_enterprise"": 6, ""enterprise_foothold_step"": 5, ""first_critical_hit_step"": 12, ""window_end"": null, ""window_start"": null}"
ours_stage2_fair_critical_safe_v1,11,stage1_pref_005_ckpt_096,critical_safe_balanced_selected,episode_000,6,6011,92,Q2_user_action_during_critical_breach,high,DecoyHarakaSMPT,User2,User,Impact,Op_Server0,"[""Op_Server0""]","[""Op_Server0""]","[""Enterprise0"", ""Op_Server0"", ""User0""]","[""Enterprise0"", ""Op_Server0"", ""User0""]","{""blue_first_relevant_response_after_critical"": 13, ""blue_first_relevant_response_after_enterprise"": 6, ""enterprise_foothold_step"": 5, ""first_critical_hit_step"": 12, ""window_end"": null, ""window_start"": null}"
ours_stage2_fair_critical_safe_v1,11,stage1_pref_005_ckpt_096,critical_safe_balanced_selected,episode_000,6,6011,94,Q2_user_action_during_critical_breach,high,DecoyHarakaSMPT,User2,User,Impact,Op_Server0,"[""Op_Server0""]","[""Op_Server0""]","[""Enterprise0"", ""Op_Server0"", ""User0""]","[""Enterprise0"", ""Op_Server0"", ""User0""]","{""blue_first_relevant_response_after_critical"": 13, ""blue_first_relevant_response_after_enterprise"": 6, ""enterprise_foothold_step"": 5, ""first_critical_hit_step"": 12, ""window_end"": null, ""window_start"": null}"
ours_stage2_fair_critical_safe_v1,11,stage1_pref_005_ckpt_096,critical_safe_balanced_selected,episode_000,6,6011,95,Q2_user_action_during_critical_breach,high,DecoyHarakaSMPT,User2,User,Impact,Op_Server0,"[""Op_Server0""]","[""Op_Server0""]","[""Enterprise0"", ""Op_Server0"", ""User0""]","[""Enterprise0"", ""Op_Server0"", ""User0""]","{""blue_first_relevant_response_after_critical"": 13, ""blue_first_relevant_response_after_enterprise"": 6, ""enterprise_foothold_step"": 5, ""first_critical_hit_step"": 12, ""window_end"": null, ""window_start"": null}"
ours_stage2_fair_critical_safe_v1,11,stage1_pref_005_ckpt_096,critical_safe_balanced_selected,episode_000,6,6011,96,Q2_user_action_during_critical_breach,high,DecoyHarakaSMPT,User2,User,Impact,Op_Server0,"[""Op_Server0""]","[""Op_Server0""]","[""Enterprise0"", ""Op_Server0"", ""User0""]","[""Enterprise0"", ""Op_Server0"", ""User0""]","{""blue_first_relevant_response_after_critical"": 13, ""blue_first_relevant_response_after_enterprise"": 6, ""enterprise_foothold_step"": 5, ""first_critical_hit_step"": 12, ""window_end"": null, ""window_start"": null}"
ours_stage2_fair_critical_safe_v1,11,stage1_pref_005_ckpt_096,critical_safe_balanced_selected,episode_000,6,6011,22,Q4_user_focus_after_enterprise_foothold,medium,Restore,User4,User,Impact,Op_Server0,"[""Op_Server0""]","[""Op_Server0""]","[""Enterprise0"", ""Enterprise2"", ""Op_Server0"", ""User0""]","[""Enterprise0"", ""Enterprise2"", ""Op_Server0"", ""User0""]","{""blue_first_relevant_response_after_critical"": 13, ""blue_first_relevant_response_after_enterprise"": 6, ""enterprise_foothold_step"": 5, ""first_critical_hit_step"": 12, ""window_end"": 24, ""window_start"": 22}"
ours_stage2_fair_critical_safe_v1,11,stage1_pref_005_ckpt_096,critical_safe_balanced_selected,episode_000,6,6011,88,Q4_user_focus_after_enterprise_foothold,medium,Restore,User0,User,Impact,Op_Server0,"[""Op_Server0""]","[""Op_Server0""]","[""Enterprise0"", ""Op_Server0"", ""User0""]","[""Enterprise0"", ""Op_Server0"", ""User0""]","{""blue_first_relevant_response_after_critical"": 13, ""blue_first_relevant_response_after_enterprise"": 6, ""enterprise_foothold_step"": 5, ""first_critical_hit_step"": 12, ""window_end"": 90, ""window_start"": 88}"
ours_stage2_fair_critical_safe_v1,11,stage1_pref_005_ckpt_096,critical_safe_balanced_selected,episode_000,6,6011,94,Q4_user_focus_after_enterprise_foothold,medium,DecoyHarakaSMPT,User2,User,Impact,Op_Server0,"[""Op_Server0""]","[""Op_Server0""]","[""Enterprise0"", ""Op_Server0"", ""User0""]","[""Enterprise0"", ""Op_Server0"", ""User0""]","{""blue_first_relevant_response_after_critical"": 13, ""blue_first_relevant_response_after_enterprise"": 6, ""enterprise_foothold_step"": 5, ""first_critical_hit_step"": 12, ""window_end"": 96, ""window_start"": 94}"
ours_stage2_fair_critical_safe_v1,11,stage1_pref_005_ckpt_096,critical_safe_balanced_selected,episode_000,6,6011,7,Q5_repeated_low_value_decoy_loop,medium,DecoyHarakaSMPT,User2,User,DiscoverRemoteSystems,,[],[],"[""Enterprise0"", ""User0"", ""User3""]","[""Enterprise0"", ""User0"", ""User3""]","{""blue_first_relevant_response_after_critical"": 13, ""blue_first_relevant_response_after_enterprise"": 6, ""enterprise_foothold_step"": 5, ""first_critical_hit_step"": 12, ""window_end"": 15, ""window_start"": 6}"
ours_stage2_fair_critical_safe_v1,11,stage1_pref_005_ckpt_096,critical_safe_balanced_selected,episode_000,7,7011,26,Q2_user_action_during_critical_breach,high,DecoyHarakaSMPT,User2,User,Impact,Op_Server0,"[""Op_Server0""]","[""Op_Server0""]","[""Enterprise1"", ""Op_Server0"", ""User0"", ""User1""]","[""Enterprise1"", ""Op_Server0"", ""User0"", ""User1""]","{""blue_first_relevant_response_after_critical"": 13, ""blue_first_relevant_response_after_enterprise"": 6, ""enterprise_foothold_step"": 5, ""first_critical_hit_step"": 12, ""window_end"": null, ""window_start"": null}"
ours_stage2_fair_critical_safe_v1,11,stage1_pref_005_ckpt_096,critical_safe_balanced_selected,episode_000,7,7011,27,Q2_user_action_during_critical_breach,high,Restore,User0,User,Impact,Op_Server0,"[""Op_Server0""]","[""Op_Server0""]","[""Enterprise1"", ""Op_Server0"", ""User0"", ""User1""]","[""Enterprise1"", ""Op_Server0"", ""User0"", ""User1""]","{""blue_first_relevant_response_after_critical"": 13, ""blue_first_relevant_response_after_enterprise"": 6, ""enterprise_foothold_step"": 5, ""first_critical_hit_step"": 12, ""window_end"": null, ""window_start"": null}"
ours_stage2_fair_critical_safe_v1,11,stage1_pref_005_ckpt_096,critical_safe_balanced_selected,episode_000,7,7011,28,Q2_user_action_during_critical_breach,high,Restore,User0,User,Impact,Op_Server0,"[""Op_Server0""]","[""Op_Server0""]","[""Enterprise1"", ""Op_Server0"", ""User0"", ""User1""]","[""Enterprise1"", ""Op_Server0"", ""User0"", ""User1""]","{""blue_first_relevant_response_after_critical"": 13, ""blue_first_relevant_response_after_enterprise"": 6, ""enterprise_foothold_step"": 5, ""first_critical_hit_step"": 12, ""window_end"": null, ""window_start"": null}"
ours_stage2_fair_critical_safe_v1,11,stage1_pref_005_ckpt_096,critical_safe_balanced_selected,episode_000,7,7011,31,Q2_user_action_during_critical_breach,high,DecoyHarakaSMPT,User2,User,Impact,Op_Server0,"[""Op_Server0""]","[""Op_Server0""]","[""Enterprise1"", ""Op_Server0"", ""User0"", ""User1""]","[""Enterprise1"", ""Op_Server0"", ""User0"", ""User1""]","{""blue_first_relevant_response_after_critical"": 13, ""blue_first_relevant_response_after_enterprise"": 6, ""enterprise_foothold_step"": 5, ""first_critical_hit_step"": 12, ""window_end"": null, ""window_start"": null}"
ours_stage2_fair_critical_safe_v1,11,stage1_pref_005_ckpt_096,critical_safe_balanced_selected,episode_000,7,7011,33,Q2_user_action_during_critical_breach,high,DecoySvchost,User4,User,Impact,Op_Server0,"[""Op_Server0""]","[""Op_Server0""]","[""Enterprise1"", ""Op_Server0"", ""User0"", ""User1""]","[""Enterprise1"", ""Op_Server0"", ""User0"", ""User1""]","{""blue_first_relevant_response_after_critical"": 13, ""blue_first_relevant_response_after_enterprise"": 6, ""enterprise_foothold_step"": 5, ""first_critical_hit_step"": 12, ""window_end"": null, ""window_start"": null}"
ours_stage2_fair_critical_safe_v1,11,stage1_pref_005_ckpt_096,critical_safe_balanced_selected,episode_000,7,7011,34,Q2_user_action_during_critical_breach,high,Restore,User0,User,Impact,Op_Server0,"[""Op_Server0""]","[""Op_Server0""]","[""Enterprise1"", ""Op_Server0"", ""User0"", ""User1""]","[""Enterprise1"", ""Op_Server0"", ""User0"", ""User1""]","{""blue_first_relevant_response_after_critical"": 13, ""blue_first_relevant_response_after_enterprise"": 6, ""enterprise_foothold_step"": 5, ""first_critical_hit_step"": 12, ""window_end"": null, ""window_start"": null}"
ours_stage2_fair_critical_safe_v1,11,stage1_pref_005_ckpt_096,critical_safe_balanced_selected,episode_000,7,7011,42,Q2_user_action_during_critical_breach,high,Restore,User0,User,Impact,Op_Server0,"[""Op_Server0""]","[""Op_Server0""]","[""Enterprise1"", ""Op_Server0"", ""User0"", ""User1""]","[""Enterprise1"", ""Op_Server0"", ""User0"", ""User1""]","{""blue_first_relevant_response_after_critical"": 13, ""blue_first_relevant_response_after_enterprise"": 6, ""enterprise_foothold_step"": 5, ""first_critical_hit_step"": 12, ""window_end"": null, ""window_start"": null}"
ours_stage2_fair_critical_safe_v1,11,stage1_pref_005_ckpt_096,critical_safe_balanced_selected,episode_000,7,7011,43,Q2_user_action_during_critical_breach,high,DecoyHarakaSMPT,User2,User,Impact,Op_Server0,"[""Op_Server0""]","[""Op_Server0""]","[""Enterprise1"", ""Op_Server0"", ""User0"", ""User1""]","[""Enterprise1"", ""Op_Server0"", ""User0"", ""User1""]","{""blue_first_relevant_response_after_critical"": 13, ""blue_first_relevant_response_after_enterprise"": 6, ""enterprise_foothold_step"": 5, ""first_critical_hit_step"": 12, ""window_end"": null, ""window_start"": null}"
ours_stage2_fair_critical_safe_v1,11,stage1_pref_005_ckpt_096,critical_safe_balanced_selected,episode_000,7,7011,44,Q2_user_action_during_critical_breach,high,Restore,User0,User,Impact,Op_Server0,"[""Op_Server0""]","[""Op_Server0""]","[""Enterprise1"", ""Op_Server0"", ""User0"", ""User1""]","[""Enterprise1"", ""Op_Server0"", ""User0"", ""User1""]","{""blue_first_relevant_response_after_critical"": 13, ""blue_first_relevant_response_after_enterprise"": 6, ""enterprise_foothold_step"": 5, ""first_critical_hit_step"": 12, ""window_end"": null, ""window_start"": null}"
ours_stage2_fair_critical_safe_v1,11,stage1_pref_005_ckpt_096,critical_safe_balanced_selected,episode_000,7,7011,46,Q2_user_action_during_critical_breach,high,Restore,User0,User,Impact,Op_Server0,"[""Op_Server0""]","[""Op_Server0""]","[""Enterprise1"", ""Op_Server0"", ""User0"", ""User1""]","[""Enterprise1"", ""Op_Server0"", ""User0"", ""User1""]","{""blue_first_relevant_response_after_critical"": 13, ""blue_first_relevant_response_after_enterprise"": 6, ""enterprise_foothold_step"": 5, ""first_critical_hit_step"": 12, ""window_end"": null, ""window_start"": null}"
ours_stage2_fair_critical_safe_v1,11,stage1_pref_005_ckpt_096,critical_safe_balanced_selected,episode_000,7,7011,51,Q2_user_action_during_critical_breach,high,DecoyHarakaSMPT,User2,User,PrivilegeEscalate,Op_Server0,"[""Op_Server0""]","[""Op_Server0""]","[""Enterprise1"", ""Op_Server0"", ""User0"", ""User1""]","[""Enterprise1"", ""Op_Server0"", ""User0"", ""User1""]","{""blue_first_relevant_response_after_critical"": 13, ""blue_first_relevant_response_after_enterprise"": 6, ""enterprise_foothold_step"": 5, ""first_critical_hit_step"": 12, ""window_end"": null, ""window_start"": null}"
ours_stage2_fair_critical_safe_v1,11,stage1_pref_005_ckpt_096,critical_safe_balanced_selected,episode_000,7,7011,52,Q2_user_action_during_critical_breach,high,DecoyHarakaSMPT,User2,User,Impact,Op_Server0,"[""Op_Server0""]","[""Op_Server0""]","[""Enterprise1"", ""Op_Server0"", ""User0"", ""User1""]","[""Enterprise1"", ""Op_Server0"", ""User0"", ""User1""]","{""blue_first_relevant_response_after_critical"": 13, ""blue_first_relevant_response_after_enterprise"": 6, ""enterprise_foothold_step"": 5, ""first_critical_hit_step"": 12, ""window_end"": null, ""window_start"": null}"
ours_stage2_fair_critical_safe_v1,11,stage1_pref_005_ckpt_096,critical_safe_balanced_selected,episode_000,7,7011,53,Q2_user_action_during_critical_breach,high,Analyse,User1,User,Impact,Op_Server0,"[""Op_Server0""]","[""Op_Server0""]","[""Enterprise1"", ""Op_Server0"", ""User0"", ""User1""]","[""Enterprise1"", ""Op_Server0"", ""User0"", ""User1""]","{""blue_first_relevant_response_after_critical"": 13, ""blue_first_relevant_response_after_enterprise"": 6, ""enterprise_foothold_step"": 5, ""first_critical_hit_step"": 12, ""window_end"": null, ""window_start"": null}"
ours_stage2_fair_critical_safe_v1,11,stage1_pref_005_ckpt_096,critical_safe_balanced_selected,episode_000,7,7011,57,Q2_user_action_during_critical_breach,high,DecoyHarakaSMPT,User2,User,PrivilegeEscalate,Op_Server0,"[""Op_Server0""]","[""Op_Server0""]","[""Enterprise1"", ""Op_Server0"", ""User0"", ""User1""]","[""Enterprise1"", ""Op_Server0"", ""User0"", ""User1""]","{""blue_first_relevant_response_after_critical"": 13, ""blue_first_relevant_response_after_enterprise"": 6, ""enterprise_foothold_step"": 5, ""first_critical_hit_step"": 12, ""window_end"": null, ""window_start"": null}"
ours_stage2_fair_critical_safe_v1,11,stage1_pref_005_ckpt_096,critical_safe_balanced_selected,episode_000,7,7011,59,Q2_user_action_during_critical_breach,high,DecoyTomcat,User2,User,Impact,Op_Server0,"[""Op_Server0""]","[""Op_Server0""]","[""Enterprise1"", ""Op_Server0"", ""User0"", ""User1""]","[""Enterprise1"", ""Op_Server0"", ""User0"", ""User1""]","{""blue_first_relevant_response_after_critical"": 13, ""blue_first_relevant_response_after_enterprise"": 6, ""enterprise_foothold_step"": 5, ""first_critical_hit_step"": 12, ""window_end"": null, ""window_start"": null}"
ours_stage2_fair_critical_safe_v1,11,stage1_pref_005_ckpt_096,critical_safe_balanced_selected,episode_000,7,7011,60,Q2_user_action_during_critical_breach,high,DecoyHarakaSMPT,User2,User,Impact,Op_Server0,"[""Op_Server0""]","[""Op_Server0""]","[""Enterprise1"", ""Op_Server0"", ""User0"", ""User1""]","[""Enterprise1"", ""Op_Server0"", ""User0"", ""User1""]","{""blue_first_relevant_response_after_critical"": 13, ""blue_first_relevant_response_after_enterprise"": 6, ""enterprise_foothold_step"": 5, ""first_critical_hit_step"": 12, ""window_end"": null, ""window_start"": null}"
ours_stage2_fair_critical_safe_v1,11,stage1_pref_005_ckpt_096,critical_safe_balanced_selected,episode_000,7,7011,63,Q2_user_action_during_critical_breach,high,Restore,User0,User,Impact,Op_Server0,"[""Op_Server0""]","[""Op_Server0""]","[""Enterprise1"", ""Op_Server0"", ""User0"", ""User1""]","[""Enterprise1"", ""Op_Server0"", ""User0"", ""User1""]","{""blue_first_relevant_response_after_critical"": 13, ""blue_first_relevant_response_after_enterprise"": 6, ""enterprise_foothold_step"": 5, ""first_critical_hit_step"": 12, ""window_end"": null, ""window_start"": null}"
ours_stage2_fair_critical_safe_v1,11,stage1_pref_005_ckpt_096,critical_safe_balanced_selected,episode_000,7,7011,64,Q2_user_action_during_critical_breach,high,DecoySmss,User4,User,Impact,Op_Server0,"[""Op_Server0""]","[""Op_Server0""]","[""Enterprise1"", ""Op_Server0"", ""User0"", ""User1""]","[""Enterprise1"", ""Op_Server0"", ""User0"", ""User1""]","{""blue_first_relevant_response_after_critical"": 13, ""blue_first_relevant_response_after_enterprise"": 6, ""enterprise_foothold_step"": 5, ""first_critical_hit_step"": 12, ""window_end"": null, ""window_start"": null}"
ours_stage2_fair_critical_safe_v1,11,stage1_pref_005_ckpt_096,critical_safe_balanced_selected,episode_000,7,7011,67,Q2_user_action_during_critical_breach,high,DecoyHarakaSMPT,User2,User,Impact,Op_Server0,"[""Op_Server0""]","[""Op_Server0""]","[""Enterprise1"", ""Op_Server0"", ""User0"", ""User1""]","[""Enterprise1"", ""Op_Server0"", ""User0"", ""User1""]","{""blue_first_relevant_response_after_critical"": 13, ""blue_first_relevant_response_after_enterprise"": 6, ""enterprise_foothold_step"": 5, ""first_critical_hit_step"": 12, ""window_end"": null, ""window_start"": null}"
ours_stage2_fair_critical_safe_v1,11,stage1_pref_005_ckpt_096,critical_safe_balanced_selected,episode_000,7,7011,69,Q2_user_action_during_critical_breach,high,Restore,User3,User,Impact,Op_Server0,"[""Op_Server0""]","[""Op_Server0""]","[""Enterprise1"", ""Op_Server0"", ""User0"", ""User1""]","[""Enterprise1"", ""Op_Server0"", ""User0"", ""User1""]","{""blue_first_relevant_response_after_critical"": 13, ""blue_first_relevant_response_after_enterprise"": 6, ""enterprise_foothold_step"": 5, ""first_critical_hit_step"": 12, ""window_end"": null, ""window_start"": null}"
ours_stage2_fair_critical_safe_v1,11,stage1_pref_005_ckpt_096,critical_safe_balanced_selected,episode_000,7,7011,78,Q2_user_action_during_critical_breach,high,DecoyHarakaSMPT,User2,User,PrivilegeEscalate,Op_Server0,"[""Op_Server0""]","[""Op_Server0""]","[""Enterprise1"", ""Op_Server0"", ""User0"", ""User1""]","[""Enterprise1"", ""Op_Server0"", ""User0"", ""User1""]","{""blue_first_relevant_response_after_critical"": 13, ""blue_first_relevant_response_after_enterprise"": 6, ""enterprise_foothold_step"": 5, ""first_critical_hit_step"": 12, ""window_end"": null, ""window_start"": null}"
ours_stage2_fair_critical_safe_v1,11,stage1_pref_005_ckpt_096,critical_safe_balanced_selected,episode_000,7,7011,80,Q2_user_action_during_critical_breach,high,Restore,User0,User,Impact,Op_Server0,"[""Op_Server0""]","[""Op_Server0""]","[""Enterprise1"", ""Op_Server0"", ""User0"", ""User1""]","[""Enterprise1"", ""Op_Server0"", ""User0"", ""User1""]","{""blue_first_relevant_response_after_critical"": 13, ""blue_first_relevant_response_after_enterprise"": 6, ""enterprise_foothold_step"": 5, ""first_critical_hit_step"": 12, ""window_end"": null, ""window_start"": null}"
ours_stage2_fair_critical_safe_v1,11,stage1_pref_005_ckpt_096,critical_safe_balanced_selected,episode_000,7,7011,92,Q2_user_action_during_critical_breach,high,Restore,User0,User,Impact,Op_Server0,"[""Op_Server0""]","[""Op_Server0""]","[""Enterprise1"", ""Op_Server0"", ""User0"", ""User1""]","[""Enterprise1"", ""Op_Server0"", ""User0"", ""User1""]","{""blue_first_relevant_response_after_critical"": 13, ""blue_first_relevant_response_after_enterprise"": 6, ""enterprise_foothold_step"": 5, ""first_critical_hit_step"": 12, ""window_end"": null, ""window_start"": null}"
ours_stage2_fair_critical_safe_v1,11,stage1_pref_005_ckpt_096,critical_safe_balanced_selected,episode_000,7,7011,95,Q2_user_action_during_critical_breach,high,Remove,User3,User,Impact,Op_Server0,"[""Op_Server0""]","[""Op_Server0""]","[""Enterprise1"", ""Op_Server0"", ""User0"", ""User1""]","[""Enterprise1"", ""Op_Server0"", ""User0"", ""User1""]","{""blue_first_relevant_response_after_critical"": 13, ""blue_first_relevant_response_after_enterprise"": 6, ""enterprise_foothold_step"": 5, ""first_critical_hit_step"": 12, ""window_end"": null, ""window_start"": null}"
ours_stage2_fair_critical_safe_v1,11,stage1_pref_005_ckpt_096,critical_safe_balanced_selected,episode_000,7,7011,26,Q4_user_focus_after_enterprise_foothold,medium,DecoyHarakaSMPT,User2,User,Impact,Op_Server0,"[""Op_Server0""]","[""Op_Server0""]","[""Enterprise1"", ""Op_Server0"", ""User0"", ""User1""]","[""Enterprise1"", ""Op_Server0"", ""User0"", ""User1""]","{""blue_first_relevant_response_after_critical"": 13, ""blue_first_relevant_response_after_enterprise"": 6, ""enterprise_foothold_step"": 5, ""first_critical_hit_step"": 12, ""window_end"": 28, ""window_start"": 26}"
ours_stage2_fair_critical_safe_v1,11,stage1_pref_005_ckpt_096,critical_safe_balanced_selected,episode_000,7,7011,42,Q4_user_focus_after_enterprise_foothold,medium,Restore,User0,User,Impact,Op_Server0,"[""Op_Server0""]","[""Op_Server0""]","[""Enterprise1"", ""Op_Server0"", ""User0"", ""User1""]","[""Enterprise1"", ""Op_Server0"", ""User0"", ""User1""]","{""blue_first_relevant_response_after_critical"": 13, ""blue_first_relevant_response_after_enterprise"": 6, ""enterprise_foothold_step"": 5, ""first_critical_hit_step"": 12, ""window_end"": 44, ""window_start"": 42}"
ours_stage2_fair_critical_safe_v1,11,stage1_pref_005_ckpt_096,critical_safe_balanced_selected,episode_000,7,7011,51,Q4_user_focus_after_enterprise_foothold,medium,DecoyHarakaSMPT,User2,User,PrivilegeEscalate,Op_Server0,"[""Op_Server0""]","[""Op_Server0""]","[""Enterprise1"", ""Op_Server0"", ""User0"", ""User1""]","[""Enterprise1"", ""Op_Server0"", ""User0"", ""User1""]","{""blue_first_relevant_response_after_critical"": 13, ""blue_first_relevant_response_after_enterprise"": 6, ""enterprise_foothold_step"": 5, ""first_critical_hit_step"": 12, ""window_end"": 53, ""window_start"": 51}"
ours_stage2_fair_critical_safe_v1,11,stage1_pref_005_ckpt_096,critical_safe_balanced_selected,episode_000,7,7011,51,Q5_repeated_low_value_decoy_loop,medium,DecoyHarakaSMPT,User2,User,PrivilegeEscalate,Op_Server0,"[""Op_Server0""]","[""Op_Server0""]","[""Enterprise1"", ""Op_Server0"", ""User0"", ""User1""]","[""Enterprise1"", ""Op_Server0"", ""User0"", ""User1""]","{""blue_first_relevant_response_after_critical"": 13, ""blue_first_relevant_response_after_enterprise"": 6, ""enterprise_foothold_step"": 5, ""first_critical_hit_step"": 12, ""window_end"": 58, ""window_start"": 49}"
ours_stage2_fair_critical_safe_v1,11,stage1_pref_005_ckpt_096,critical_safe_balanced_selected,episode_001,0,12,16,Q2_user_action_during_critical_breach,high,DecoySSHD,User2,User,Impact,Op_Server0,"[""Op_Server0""]","[""Op_Server0""]","[""Enterprise0"", ""Op_Server0"", ""User0"", ""User3""]","[""Enterprise0"", ""Op_Server0"", ""User0"", ""User3""]","{""blue_first_relevant_response_after_critical"": 13, ""blue_first_relevant_response_after_enterprise"": 7, ""enterprise_foothold_step"": 5, ""first_critical_hit_step"": 12, ""window_end"": null, ""window_start"": null}"
ours_stage2_fair_critical_safe_v1,11,stage1_pref_005_ckpt_096,critical_safe_balanced_selected,episode_001,0,12,22,Q2_user_action_during_critical_breach,high,Restore,User0,User,PrivilegeEscalate,Op_Server0,"[""Op_Server0""]","[""Op_Server0""]","[""Enterprise0"", ""Op_Server0"", ""User0"", ""User3""]","[""Enterprise0"", ""Op_Server0"", ""User0"", ""User3""]","{""blue_first_relevant_response_after_critical"": 13, ""blue_first_relevant_response_after_enterprise"": 7, ""enterprise_foothold_step"": 5, ""first_critical_hit_step"": 12, ""window_end"": null, ""window_start"": null}"
ours_stage2_fair_critical_safe_v1,11,stage1_pref_005_ckpt_096,critical_safe_balanced_selected,episode_001,0,12,32,Q2_user_action_during_critical_breach,high,DecoySmss,User4,User,Impact,Op_Server0,"[""Op_Server0""]","[""Op_Server0""]","[""Enterprise0"", ""Op_Server0"", ""User0"", ""User3""]","[""Enterprise0"", ""Op_Server0"", ""User0"", ""User3""]","{""blue_first_relevant_response_after_critical"": 13, ""blue_first_relevant_response_after_enterprise"": 7, ""enterprise_foothold_step"": 5, ""first_critical_hit_step"": 12, ""window_end"": null, ""window_start"": null}"
ours_stage2_fair_critical_safe_v1,11,stage1_pref_005_ckpt_096,critical_safe_balanced_selected,episode_001,0,12,35,Q2_user_action_during_critical_breach,high,DecoyHarakaSMPT,User2,User,Impact,Op_Server0,"[""Op_Server0""]","[""Op_Server0""]","[""Enterprise0"", ""Op_Server0"", ""User0"", ""User3""]","[""Enterprise0"", ""Op_Server0"", ""User0"", ""User3""]","{""blue_first_relevant_response_after_critical"": 13, ""blue_first_relevant_response_after_enterprise"": 7, ""enterprise_foothold_step"": 5, ""first_critical_hit_step"": 12, ""window_end"": null, ""window_start"": null}"
ours_stage2_fair_critical_safe_v1,11,stage1_pref_005_ckpt_096,critical_safe_balanced_selected,episode_001,0,12,40,Q2_user_action_during_critical_breach,high,Restore,User0,User,PrivilegeEscalate,Op_Server0,"[""Op_Server0""]","[""Op_Server0""]","[""Enterprise0"", ""Op_Server0"", ""User0"", ""User3""]","[""Enterprise0"", ""Op_Server0"", ""User0"", ""User3""]","{""blue_first_relevant_response_after_critical"": 13, ""blue_first_relevant_response_after_enterprise"": 7, ""enterprise_foothold_step"": 5, ""first_critical_hit_step"": 12, ""window_end"": null, ""window_start"": null}"
ours_stage2_fair_critical_safe_v1,11,stage1_pref_005_ckpt_096,critical_safe_balanced_selected,episode_001,0,12,41,Q2_user_action_during_critical_breach,high,DecoyHarakaSMPT,User2,User,Impact,Op_Server0,"[""Op_Server0""]","[""Op_Server0""]","[""Enterprise0"", ""Op_Server0"", ""User0"", ""User3""]","[""Enterprise0"", ""Op_Server0"", ""User0"", ""User3""]","{""blue_first_relevant_response_after_critical"": 13, ""blue_first_relevant_response_after_enterprise"": 7, ""enterprise_foothold_step"": 5, ""first_critical_hit_step"": 12, ""window_end"": null, ""window_start"": null}"
ours_stage2_fair_critical_safe_v1,11,stage1_pref_005_ckpt_096,critical_safe_balanced_selected,episode_001,0,12,45,Q2_user_action_during_critical_breach,high,DecoyHarakaSMPT,User2,User,Impact,Op_Server0,"[""Op_Server0""]","[""Op_Server0""]","[""Enterprise0"", ""Op_Server0"", ""User0"", ""User3""]","[""Enterprise0"", ""Op_Server0"", ""User0"", ""User3""]","{""blue_first_relevant_response_after_critical"": 13, ""blue_first_relevant_response_after_enterprise"": 7, ""enterprise_foothold_step"": 5, ""first_critical_hit_step"": 12, ""window_end"": null, ""window_start"": null}"
ours_stage2_fair_critical_safe_v1,11,stage1_pref_005_ckpt_096,critical_safe_balanced_selected,episode_001,0,12,51,Q2_user_action_during_critical_breach,high,DecoySmss,User1,User,Impact,Op_Server0,"[""Op_Server0""]","[""Op_Server0""]","[""Enterprise0"", ""Op_Server0"", ""User0"", ""User3""]","[""Enterprise0"", ""Op_Server0"", ""User0"", ""User3""]","{""blue_first_relevant_response_after_critical"": 13, ""blue_first_relevant_response_after_enterprise"": 7, ""enterprise_foothold_step"": 5, ""first_critical_hit_step"": 12, ""window_end"": null, ""window_start"": null}"
ours_stage2_fair_critical_safe_v1,11,stage1_pref_005_ckpt_096,critical_safe_balanced_selected,episode_001,0,12,52,Q2_user_action_during_critical_breach,high,DecoySmss,User4,User,Impact,Op_Server0,"[""Op_Server0""]","[""Op_Server0""]","[""Enterprise0"", ""Op_Server0"", ""User0"", ""User3""]","[""Enterprise0"", ""Op_Server0"", ""User0"", ""User3""]","{""blue_first_relevant_response_after_critical"": 13, ""blue_first_relevant_response_after_enterprise"": 7, ""enterprise_foothold_step"": 5, ""first_critical_hit_step"": 12, ""window_end"": null, ""window_start"": null}"
ours_stage2_fair_critical_safe_v1,11,stage1_pref_005_ckpt_096,critical_safe_balanced_selected,episode_001,0,12,54,Q2_user_action_during_critical_breach,high,Restore,User0,User,Impact,Op_Server0,"[""Op_Server0""]","[""Op_Server0""]","[""Enterprise0"", ""Op_Server0"", ""User0"", ""User3""]","[""Enterprise0"", ""Op_Server0"", ""User0"", ""User3""]","{""blue_first_relevant_response_after_critical"": 13, ""blue_first_relevant_response_after_enterprise"": 7, ""enterprise_foothold_step"": 5, ""first_critical_hit_step"": 12, ""window_end"": null, ""window_start"": null}"
ours_stage2_fair_critical_safe_v1,11,stage1_pref_005_ckpt_096,critical_safe_balanced_selected,episode_001,0,12,61,Q2_user_action_during_critical_breach,high,Restore,User0,User,Impact,Op_Server0,"[""Op_Server0""]","[""Op_Server0""]","[""Enterprise0"", ""Op_Server0"", ""User0"", ""User3""]","[""Enterprise0"", ""Op_Server0"", ""User0"", ""User3""]","{""blue_first_relevant_response_after_critical"": 13, ""blue_first_relevant_response_after_enterprise"": 7, ""enterprise_foothold_step"": 5, ""first_critical_hit_step"": 12, ""window_end"": null, ""window_start"": null}"
ours_stage2_fair_critical_safe_v1,11,stage1_pref_005_ckpt_096,critical_safe_balanced_selected,episode_001,0,12,68,Q2_user_action_during_critical_breach,high,DecoyHarakaSMPT,User2,User,Impact,Op_Server0,"[""Op_Server0""]","[""Op_Server0""]","[""Enterprise0"", ""Op_Server0"", ""User0"", ""User3""]","[""Enterprise0"", ""Op_Server0"", ""User0"", ""User3""]","{""blue_first_relevant_response_after_critical"": 13, ""blue_first_relevant_response_after_enterprise"": 7, ""enterprise_foothold_step"": 5, ""first_critical_hit_step"": 12, ""window_end"": null, ""window_start"": null}"
ours_stage2_fair_critical_safe_v1,11,stage1_pref_005_ckpt_096,critical_safe_balanced_selected,episode_001,0,12,73,Q2_user_action_during_critical_breach,high,Restore,User0,User,Impact,Op_Server0,"[""Op_Server0""]","[""Op_Server0""]","[""Enterprise0"", ""Op_Server0"", ""User0"", ""User3""]","[""Enterprise0"", ""Op_Server0"", ""User0"", ""User3""]","{""blue_first_relevant_response_after_critical"": 13, ""blue_first_relevant_response_after_enterprise"": 7, ""enterprise_foothold_step"": 5, ""first_critical_hit_step"": 12, ""window_end"": null, ""window_start"": null}"
ours_stage2_fair_critical_safe_v1,11,stage1_pref_005_ckpt_096,critical_safe_balanced_selected,episode_001,0,12,86,Q2_user_action_during_critical_breach,high,Restore,User0,User,Impact,Op_Server0,"[""Op_Server0""]","[""Op_Server0""]","[""Enterprise0"", ""Op_Server0"", ""User0"", ""User3""]","[""Enterprise0"", ""Op_Server0"", ""User0"", ""User3""]","{""blue_first_relevant_response_after_critical"": 13, ""blue_first_relevant_response_after_enterprise"": 7, ""enterprise_foothold_step"": 5, ""first_critical_hit_step"": 12, ""window_end"": null, ""window_start"": null}"
ours_stage2_fair_critical_safe_v1,11,stage1_pref_005_ckpt_096,critical_safe_balanced_selected,episode_001,0,12,89,Q2_user_action_during_critical_breach,high,DecoyHarakaSMPT,User1,User,Impact,Op_Server0,"[""Op_Server0""]","[""Op_Server0""]","[""Enterprise0"", ""Op_Server0"", ""User0"", ""User3""]","[""Enterprise0"", ""Op_Server0"", ""User0"", ""User3""]","{""blue_first_relevant_response_after_critical"": 13, ""blue_first_relevant_response_after_enterprise"": 7, ""enterprise_foothold_step"": 5, ""first_critical_hit_step"": 12, ""window_end"": null, ""window_start"": null}"
ours_stage2_fair_critical_safe_v1,11,stage1_pref_005_ckpt_096,critical_safe_balanced_selected,episode_001,0,12,92,Q2_user_action_during_critical_breach,high,DecoyHarakaSMPT,User2,User,Impact,Op_Server0,"[""Op_Server0""]","[""Op_Server0""]","[""Enterprise0"", ""Op_Server0"", ""User0"", ""User3""]","[""Enterprise0"", ""Op_Server0"", ""User0"", ""User3""]","{""blue_first_relevant_response_after_critical"": 13, ""blue_first_relevant_response_after_enterprise"": 7, ""enterprise_foothold_step"": 5, ""first_critical_hit_step"": 12, ""window_end"": null, ""window_start"": null}"
ours_stage2_fair_critical_safe_v1,11,stage1_pref_005_ckpt_096,critical_safe_balanced_selected,episode_001,0,12,93,Q2_user_action_during_critical_breach,high,Restore,User0,User,Impact,Op_Server0,"[""Op_Server0""]","[""Op_Server0""]","[""Enterprise0"", ""Op_Server0"", ""User0"", ""User3""]","[""Enterprise0"", ""Op_Server0"", ""User0"", ""User3""]","{""blue_first_relevant_response_after_critical"": 13, ""blue_first_relevant_response_after_enterprise"": 7, ""enterprise_foothold_step"": 5, ""first_critical_hit_step"": 12, ""window_end"": null, ""window_start"": null}"
ours_stage2_fair_critical_safe_v1,11,stage1_pref_005_ckpt_096,critical_safe_balanced_selected,episode_001,0,12,96,Q2_user_action_during_critical_breach,high,DecoyHarakaSMPT,User2,User,Impact,Op_Server0,"[""Op_Server0""]","[""Op_Server0""]","[""Enterprise0"", ""Op_Server0"", ""User0"", ""User3""]","[""Enterprise0"", ""Op_Server0"", ""User0"", ""User3""]","{""blue_first_relevant_response_after_critical"": 13, ""blue_first_relevant_response_after_enterprise"": 7, ""enterprise_foothold_step"": 5, ""first_critical_hit_step"": 12, ""window_end"": null, ""window_start"": null}"
ours_stage2_fair_critical_safe_v1,11,stage1_pref_005_ckpt_096,critical_safe_balanced_selected,episode_001,0,12,99,Q2_user_action_during_critical_breach,high,Restore,User0,User,Impact,Op_Server0,"[""Op_Server0""]","[""Op_Server0""]","[""Enterprise0"", ""Op_Server0"", ""User0"", ""User3""]","[""Enterprise0"", ""Op_Server0"", ""User0"", ""User3""]","{""blue_first_relevant_response_after_critical"": 13, ""blue_first_relevant_response_after_enterprise"": 7, ""enterprise_foothold_step"": 5, ""first_critical_hit_step"": 12, ""window_end"": null, ""window_start"": null}"
ours_stage2_fair_critical_safe_v1,11,stage1_pref_005_ckpt_096,critical_safe_balanced_selected,episode_001,1,1012,15,Q2_user_action_during_critical_breach,high,DecoyHarakaSMPT,User2,User,Impact,Op_Server0,"[""Op_Server0""]","[""Op_Server0""]","[""Enterprise1"", ""Op_Server0"", ""User0"", ""User1""]","[""Enterprise1"", ""Op_Server0"", ""User0"", ""User1""]","{""blue_first_relevant_response_after_critical"": 14, ""blue_first_relevant_response_after_enterprise"": 6, ""enterprise_foothold_step"": 5, ""first_critical_hit_step"": 12, ""window_end"": null, ""window_start"": null}"
ours_stage2_fair_critical_safe_v1,11,stage1_pref_005_ckpt_096,critical_safe_balanced_selected,episode_001,1,1012,16,Q2_user_action_during_critical_breach,high,DecoyHarakaSMPT,User2,User,Impact,Op_Server0,"[""Op_Server0""]","[""Op_Server0""]","[""Enterprise1"", ""Op_Server0"", ""User0"", ""User1""]","[""Enterprise1"", ""Op_Server0"", ""User0"", ""User1""]","{""blue_first_relevant_response_after_critical"": 14, ""blue_first_relevant_response_after_enterprise"": 6, ""enterprise_foothold_step"": 5, ""first_critical_hit_step"": 12, ""window_end"": null, ""window_start"": null}"
ours_stage2_fair_critical_safe_v1,11,stage1_pref_005_ckpt_096,critical_safe_balanced_selected,episode_001,1,1012,17,Q2_user_action_during_critical_breach,high,DecoyHarakaSMPT,User2,User,Impact,Op_Server0,"[""Op_Server0""]","[""Op_Server0""]","[""Enterprise1"", ""Op_Server0"", ""User0"", ""User1""]","[""Enterprise1"", ""Op_Server0"", ""User0"", ""User1""]","{""blue_first_relevant_response_after_critical"": 14, ""blue_first_relevant_response_after_enterprise"": 6, ""enterprise_foothold_step"": 5, ""first_critical_hit_step"": 12, ""window_end"": null, ""window_start"": null}"
ours_stage2_fair_critical_safe_v1,11,stage1_pref_005_ckpt_096,critical_safe_balanced_selected,episode_001,1,1012,21,Q2_user_action_during_critical_breach,high,DecoyHarakaSMPT,User2,User,Impact,Op_Server0,"[""Op_Server0""]","[""Op_Server0""]","[""Enterprise1"", ""Op_Server0"", ""User0"", ""User1""]","[""Enterprise1"", ""Op_Server0"", ""User0"", ""User1""]","{""blue_first_relevant_response_after_critical"": 14, ""blue_first_relevant_response_after_enterprise"": 6, ""enterprise_foothold_step"": 5, ""first_critical_hit_step"": 12, ""window_end"": null, ""window_start"": null}"
ours_stage2_fair_critical_safe_v1,11,stage1_pref_005_ckpt_096,critical_safe_balanced_selected,episode_001,1,1012,30,Q2_user_action_during_critical_breach,high,DecoyVsftpd,User0,User,PrivilegeEscalate,Op_Server0,"[""Op_Server0""]","[""Op_Server0""]","[""Enterprise1"", ""Op_Server0"", ""User0"", ""User1""]","[""Enterprise1"", ""Op_Server0"", ""User0"", ""User1""]","{""blue_first_relevant_response_after_critical"": 14, ""blue_first_relevant_response_after_enterprise"": 6, ""enterprise_foothold_step"": 5, ""first_critical_hit_step"": 12, ""window_end"": null, ""window_start"": null}"
ours_stage2_fair_critical_safe_v1,11,stage1_pref_005_ckpt_096,critical_safe_balanced_selected,episode_001,1,1012,34,Q2_user_action_during_critical_breach,high,DecoySSHD,User2,User,PrivilegeEscalate,Op_Server0,"[""Op_Server0""]","[""Op_Server0""]","[""Enterprise1"", ""Op_Server0"", ""User0"", ""User1""]","[""Enterprise1"", ""Op_Server0"", ""User0"", ""User1""]","{""blue_first_relevant_response_after_critical"": 14, ""blue_first_relevant_response_after_enterprise"": 6, ""enterprise_foothold_step"": 5, ""first_critical_hit_step"": 12, ""window_end"": null, ""window_start"": null}"
ours_stage2_fair_critical_safe_v1,11,stage1_pref_005_ckpt_096,critical_safe_balanced_selected,episode_001,1,1012,35,Q2_user_action_during_critical_breach,high,DecoyHarakaSMPT,User2,User,Impact,Op_Server0,"[""Op_Server0""]","[""Op_Server0""]","[""Enterprise1"", ""Op_Server0"", ""User0"", ""User1""]","[""Enterprise1"", ""Op_Server0"", ""User0"", ""User1""]","{""blue_first_relevant_response_after_critical"": 14, ""blue_first_relevant_response_after_enterprise"": 6, ""enterprise_foothold_step"": 5, ""first_critical_hit_step"": 12, ""window_end"": null, ""window_start"": null}"
ours_stage2_fair_critical_safe_v1,11,stage1_pref_005_ckpt_096,critical_safe_balanced_selected,episode_001,1,1012,37,Q2_user_action_during_critical_breach,high,DecoyHarakaSMPT,User2,User,Impact,Op_Server0,"[""Op_Server0""]","[""Op_Server0""]","[""Enterprise1"", ""Op_Server0"", ""User0"", ""User1""]","[""Enterprise1"", ""Op_Server0"", ""User0"", ""User1""]","{""blue_first_relevant_response_after_critical"": 14, ""blue_first_relevant_response_after_enterprise"": 6, ""enterprise_foothold_step"": 5, ""first_critical_hit_step"": 12, ""window_end"": null, ""window_start"": null}"
ours_stage2_fair_critical_safe_v1,11,stage1_pref_005_ckpt_096,critical_safe_balanced_selected,episode_001,1,1012,43,Q2_user_action_during_critical_breach,high,Restore,User0,User,Impact,Op_Server0,"[""Op_Server0""]","[""Op_Server0""]","[""Enterprise1"", ""Op_Server0"", ""User0"", ""User1""]","[""Enterprise1"", ""Op_Server0"", ""User0"", ""User1""]","{""blue_first_relevant_response_after_critical"": 14, ""blue_first_relevant_response_after_enterprise"": 6, ""enterprise_foothold_step"": 5, ""first_critical_hit_step"": 12, ""window_end"": null, ""window_start"": null}"
ours_stage2_fair_critical_safe_v1,11,stage1_pref_005_ckpt_096,critical_safe_balanced_selected,episode_001,1,1012,48,Q2_user_action_during_critical_breach,high,Restore,User0,User,Impact,Op_Server0,"[""Op_Server0""]","[""Op_Server0""]","[""Enterprise1"", ""Op_Server0"", ""User0"", ""User1""]","[""Enterprise1"", ""Op_Server0"", ""User0"", ""User1""]","{""blue_first_relevant_response_after_critical"": 14, ""blue_first_relevant_response_after_enterprise"": 6, ""enterprise_foothold_step"": 5, ""first_critical_hit_step"": 12, ""window_end"": null, ""window_start"": null}"
ours_stage2_fair_critical_safe_v1,11,stage1_pref_005_ckpt_096,critical_safe_balanced_selected,episode_001,1,1012,60,Q2_user_action_during_critical_breach,high,Restore,User0,User,Impact,Op_Server0,"[""Op_Server0""]","[""Op_Server0""]","[""Enterprise1"", ""Op_Server0"", ""User0"", ""User1""]","[""Enterprise1"", ""Op_Server0"", ""User0"", ""User1""]","{""blue_first_relevant_response_after_critical"": 14, ""blue_first_relevant_response_after_enterprise"": 6, ""enterprise_foothold_step"": 5, ""first_critical_hit_step"": 12, ""window_end"": null, ""window_start"": null}"
ours_stage2_fair_critical_safe_v1,11,stage1_pref_005_ckpt_096,critical_safe_balanced_selected,episode_001,1,1012,63,Q2_user_action_during_critical_breach,high,Restore,User3,User,Impact,Op_Server0,"[""Op_Server0""]","[""Op_Server0""]","[""Enterprise1"", ""Op_Server0"", ""User0"", ""User1""]","[""Enterprise1"", ""Op_Server0"", ""User0"", ""User1""]","{""blue_first_relevant_response_after_critical"": 14, ""blue_first_relevant_response_after_enterprise"": 6, ""enterprise_foothold_step"": 5, ""first_critical_hit_step"": 12, ""window_end"": null, ""window_start"": null}"
ours_stage2_fair_critical_safe_v1,11,stage1_pref_005_ckpt_096,critical_safe_balanced_selected,episode_001,1,1012,65,Q2_user_action_during_critical_breach,high,DecoyHarakaSMPT,User2,User,Impact,Op_Server0,"[""Op_Server0""]","[""Op_Server0""]","[""Enterprise1"", ""Op_Server0"", ""User0"", ""User1""]","[""Enterprise1"", ""Op_Server0"", ""User0"", ""User1""]","{""blue_first_relevant_response_after_critical"": 14, ""blue_first_relevant_response_after_enterprise"": 6, ""enterprise_foothold_step"": 5, ""first_critical_hit_step"": 12, ""window_end"": null, ""window_start"": null}"
ours_stage2_fair_critical_safe_v1,11,stage1_pref_005_ckpt_096,critical_safe_balanced_selected,episode_001,1,1012,67,Q2_user_action_during_critical_breach,high,DecoyHarakaSMPT,User2,User,Impact,Op_Server0,"[""Op_Server0""]","[""Op_Server0""]","[""Enterprise1"", ""Op_Server0"", ""User0"", ""User1""]","[""Enterprise1"", ""Op_Server0"", ""User0"", ""User1""]","{""blue_first_relevant_response_after_critical"": 14, ""blue_first_relevant_response_after_enterprise"": 6, ""enterprise_foothold_step"": 5, ""first_critical_hit_step"": 12, ""window_end"": null, ""window_start"": null}"
ours_stage2_fair_critical_safe_v1,11,stage1_pref_005_ckpt_096,critical_safe_balanced_selected,episode_001,1,1012,77,Q2_user_action_during_critical_breach,high,DecoyHarakaSMPT,User2,User,Impact,Op_Server0,"[""Op_Server0""]","[""Op_Server0""]","[""Enterprise1"", ""Op_Server0"", ""User0"", ""User1""]","[""Enterprise1"", ""Op_Server0"", ""User0"", ""User1""]","{""blue_first_relevant_response_after_critical"": 14, ""blue_first_relevant_response_after_enterprise"": 6, ""enterprise_foothold_step"": 5, ""first_critical_hit_step"": 12, ""window_end"": null, ""window_start"": null}"
ours_stage2_fair_critical_safe_v1,11,stage1_pref_005_ckpt_096,critical_safe_balanced_selected,episode_001,1,1012,80,Q2_user_action_during_critical_breach,high,DecoyHarakaSMPT,User2,User,Impact,Op_Server0,"[""Op_Server0""]","[""Op_Server0""]","[""Enterprise1"", ""Op_Server0"", ""User0"", ""User1""]","[""Enterprise1"", ""Op_Server0"", ""User0"", ""User1""]","{""blue_first_relevant_response_after_critical"": 14, ""blue_first_relevant_response_after_enterprise"": 6, ""enterprise_foothold_step"": 5, ""first_critical_hit_step"": 12, ""window_end"": null, ""window_start"": null}"
ours_stage2_fair_critical_safe_v1,11,stage1_pref_005_ckpt_096,critical_safe_balanced_selected,episode_001,1,1012,81,Q2_user_action_during_critical_breach,high,DecoyHarakaSMPT,User2,User,Impact,Op_Server0,"[""Op_Server0""]","[""Op_Server0""]","[""Enterprise1"", ""Op_Server0"", ""User0"", ""User1""]","[""Enterprise1"", ""Op_Server0"", ""User0"", ""User1""]","{""blue_first_relevant_response_after_critical"": 14, ""blue_first_relevant_response_after_enterprise"": 6, ""enterprise_foothold_step"": 5, ""first_critical_hit_step"": 12, ""window_end"": null, ""window_start"": null}"
ours_stage2_fair_critical_safe_v1,11,stage1_pref_005_ckpt_096,critical_safe_balanced_selected,episode_001,1,1012,84,Q2_user_action_during_critical_breach,high,DecoyHarakaSMPT,User1,User,Impact,Op_Server0,"[""Op_Server0""]","[""Op_Server0""]","[""Enterprise1"", ""Op_Server0"", ""User0"", ""User1""]","[""Enterprise1"", ""Op_Server0"", ""User0"", ""User1""]","{""blue_first_relevant_response_after_critical"": 14, ""blue_first_relevant_response_after_enterprise"": 6, ""enterprise_foothold_step"": 5, ""first_critical_hit_step"": 12, ""window_end"": null, ""window_start"": null}"
ours_stage2_fair_critical_safe_v1,11,stage1_pref_005_ckpt_096,critical_safe_balanced_selected,episode_001,1,1012,89,Q2_user_action_during_critical_breach,high,DecoyHarakaSMPT,User2,User,Impact,Op_Server0,"[""Op_Server0""]","[""Op_Server0""]","[""Enterprise1"", ""Op_Server0"", ""User0"", ""User1""]","[""Enterprise1"", ""Op_Server0"", ""User0"", ""User1""]","{""blue_first_relevant_response_after_critical"": 14, ""blue_first_relevant_response_after_enterprise"": 6, ""enterprise_foothold_step"": 5, ""first_critical_hit_step"": 12, ""window_end"": null, ""window_start"": null}"
ours_stage2_fair_critical_safe_v1,11,stage1_pref_005_ckpt_096,critical_safe_balanced_selected,episode_001,1,1012,95,Q2_user_action_during_critical_breach,high,DecoyHarakaSMPT,User2,User,Impact,Op_Server0,"[""Op_Server0""]","[""Op_Server0""]","[""Enterprise1"", ""Op_Server0"", ""User0"", ""User1""]","[""Enterprise1"", ""Op_Server0"", ""User0"", ""User1""]","{""blue_first_relevant_response_after_critical"": 14, ""blue_first_relevant_response_after_enterprise"": 6, ""enterprise_foothold_step"": 5, ""first_critical_hit_step"": 12, ""window_end"": null, ""window_start"": null}"
ours_stage2_fair_critical_safe_v1,11,stage1_pref_005_ckpt_096,critical_safe_balanced_selected,episode_001,1,1012,96,Q2_user_action_during_critical_breach,high,DecoyHarakaSMPT,User2,User,Impact,Op_Server0,"[""Op_Server0""]","[""Op_Server0""]","[""Enterprise1"", ""Op_Server0"", ""User0"", ""User1""]","[""Enterprise1"", ""Op_Server0"", ""User0"", ""User1""]","{""blue_first_relevant_response_after_critical"": 14, ""blue_first_relevant_response_after_enterprise"": 6, ""enterprise_foothold_step"": 5, ""first_critical_hit_step"": 12, ""window_end"": null, ""window_start"": null}"
ours_stage2_fair_critical_safe_v1,11,stage1_pref_005_ckpt_096,critical_safe_balanced_selected,episode_001,1,1012,15,Q4_user_focus_after_enterprise_foothold,medium,DecoyHarakaSMPT,User2,User,Impact,Op_Server0,"[""Op_Server0""]","[""Op_Server0""]","[""Enterprise1"", ""Op_Server0"", ""User0"", ""User1""]","[""Enterprise1"", ""Op_Server0"", ""User0"", ""User1""]","{""blue_first_relevant_response_after_critical"": 14, ""blue_first_relevant_response_after_enterprise"": 6, ""enterprise_foothold_step"": 5, ""first_critical_hit_step"": 12, ""window_end"": 17, ""window_start"": 15}"
ours_stage2_fair_critical_safe_v1,11,stage1_pref_005_ckpt_096,critical_safe_balanced_selected,episode_001,1,1012,33,Q4_user_focus_after_enterprise_foothold,medium,Restore,User0,User,ExploitRemoteService,,[],"[""Op_Server0""]","[""Enterprise1"", ""User0"", ""User1""]","[""Enterprise1"", ""Op_Server0"", ""User0"", ""User1""]","{""blue_first_relevant_response_after_critical"": 14, ""blue_first_relevant_response_after_enterprise"": 6, ""enterprise_foothold_step"": 5, ""first_critical_hit_step"": 12, ""window_end"": 35, ""window_start"": 33}"
ours_stage2_fair_critical_safe_v1,11,stage1_pref_005_ckpt_096,critical_safe_balanced_selected,episode_001,1,1012,15,Q5_repeated_low_value_decoy_loop,medium,DecoyHarakaSMPT,User2,User,Impact,Op_Server0,"[""Op_Server0""]","[""Op_Server0""]","[""Enterprise1"", ""Op_Server0"", ""User0"", ""User1""]","[""Enterprise1"", ""Op_Server0"", ""User0"", ""User1""]","{""blue_first_relevant_response_after_critical"": 14, ""blue_first_relevant_response_after_enterprise"": 6, ""enterprise_foothold_step"": 5, ""first_critical_hit_step"": 12, ""window_end"": 17, ""window_start"": 8}"
ours_stage2_fair_critical_safe_v1,11,stage1_pref_005_ckpt_096,critical_safe_balanced_selected,episode_001,2,2012,45,Q2_user_action_during_critical_breach,high,DecoyHarakaSMPT,User2,User,Impact,Op_Server0,"[""Op_Server0""]","[""Op_Server0""]","[""Enterprise0"", ""Enterprise2"", ""Op_Server0"", ""User0"", ""User3""]","[""Enterprise0"", ""Enterprise2"", ""Op_Server0"", ""User0"", ""User3""]","{""blue_first_relevant_response_after_critical"": 39, ""blue_first_relevant_response_after_enterprise"": 6, ""enterprise_foothold_step"": 5, ""first_critical_hit_step"": 38, ""window_end"": null, ""window_start"": null}"
ours_stage2_fair_critical_safe_v1,11,stage1_pref_005_ckpt_096,critical_safe_balanced_selected,episode_001,2,2012,46,Q2_user_action_during_critical_breach,high,DecoyHarakaSMPT,User2,User,Impact,Op_Server0,"[""Op_Server0""]","[""Op_Server0""]","[""Enterprise0"", ""Enterprise2"", ""Op_Server0"", ""User0"", ""User3""]","[""Enterprise0"", ""Enterprise2"", ""Op_Server0"", ""User0"", ""User3""]","{""blue_first_relevant_response_after_critical"": 39, ""blue_first_relevant_response_after_enterprise"": 6, ""enterprise_foothold_step"": 5, ""first_critical_hit_step"": 38, ""window_end"": null, ""window_start"": null}"
ours_stage2_fair_critical_safe_v1,11,stage1_pref_005_ckpt_096,critical_safe_balanced_selected,episode_001,2,2012,47,Q2_user_action_during_critical_breach,high,Restore,User0,User,Impact,Op_Server0,"[""Op_Server0""]","[""Op_Server0""]","[""Enterprise0"", ""Enterprise2"", ""Op_Server0"", ""User0"", ""User3""]","[""Enterprise0"", ""Enterprise2"", ""Op_Server0"", ""User0"", ""User3""]","{""blue_first_relevant_response_after_critical"": 39, ""blue_first_relevant_response_after_enterprise"": 6, ""enterprise_foothold_step"": 5, ""first_critical_hit_step"": 38, ""window_end"": null, ""window_start"": null}"
ours_stage2_fair_critical_safe_v1,11,stage1_pref_005_ckpt_096,critical_safe_balanced_selected,episode_001,2,2012,52,Q2_user_action_during_critical_breach,high,DecoyHarakaSMPT,User2,User,Impact,Op_Server0,"[""Op_Server0""]","[""Op_Server0""]","[""Enterprise0"", ""Enterprise2"", ""Op_Server0"", ""User0"", ""User3""]","[""Enterprise0"", ""Enterprise2"", ""Op_Server0"", ""User0"", ""User3""]","{""blue_first_relevant_response_after_critical"": 39, ""blue_first_relevant_response_after_enterprise"": 6, ""enterprise_foothold_step"": 5, ""first_critical_hit_step"": 38, ""window_end"": null, ""window_start"": null}"
ours_stage2_fair_critical_safe_v1,11,stage1_pref_005_ckpt_096,critical_safe_balanced_selected,episode_001,2,2012,55,Q2_user_action_during_critical_breach,high,DecoySvchost,User4,User,Impact,Op_Server0,"[""Op_Server0""]","[""Op_Server0""]","[""Enterprise0"", ""Enterprise2"", ""Op_Server0"", ""User0"", ""User3""]","[""Enterprise0"", ""Enterprise2"", ""Op_Server0"", ""User0"", ""User3""]","{""blue_first_relevant_response_after_critical"": 39, ""blue_first_relevant_response_after_enterprise"": 6, ""enterprise_foothold_step"": 5, ""first_critical_hit_step"": 38, ""window_end"": null, ""window_start"": null}"
ours_stage2_fair_critical_safe_v1,11,stage1_pref_005_ckpt_096,critical_safe_balanced_selected,episode_001,2,2012,57,Q2_user_action_during_critical_breach,high,DecoySmss,User1,User,Impact,Op_Server0,"[""Op_Server0""]","[""Op_Server0""]","[""Enterprise0"", ""Enterprise2"", ""Op_Server0"", ""User0"", ""User3""]","[""Enterprise0"", ""Enterprise2"", ""Op_Server0"", ""User0"", ""User3""]","{""blue_first_relevant_response_after_critical"": 39, ""blue_first_relevant_response_after_enterprise"": 6, ""enterprise_foothold_step"": 5, ""first_critical_hit_step"": 38, ""window_end"": null, ""window_start"": null}"
ours_stage2_fair_critical_safe_v1,11,stage1_pref_005_ckpt_096,critical_safe_balanced_selected,episode_001,2,2012,62,Q2_user_action_during_critical_breach,high,Restore,User0,User,PrivilegeEscalate,Op_Server0,"[""Op_Server0""]","[""Op_Server0""]","[""Enterprise0"", ""Enterprise2"", ""Op_Server0"", ""User0"", ""User3""]","[""Enterprise0"", ""Enterprise2"", ""Op_Server0"", ""User0"", ""User3""]","{""blue_first_relevant_response_after_critical"": 39, ""blue_first_relevant_response_after_enterprise"": 6, ""enterprise_foothold_step"": 5, ""first_critical_hit_step"": 38, ""window_end"": null, ""window_start"": null}"
ours_stage2_fair_critical_safe_v1,11,stage1_pref_005_ckpt_096,critical_safe_balanced_selected,episode_001,2,2012,65,Q2_user_action_during_critical_breach,high,DecoyHarakaSMPT,User2,User,Impact,Op_Server0,"[""Op_Server0""]","[""Op_Server0""]","[""Enterprise0"", ""Enterprise2"", ""Op_Server0"", ""User0"", ""User3""]","[""Enterprise0"", ""Enterprise2"", ""Op_Server0"", ""User0"", ""User3""]","{""blue_first_relevant_response_after_critical"": 39, ""blue_first_relevant_response_after_enterprise"": 6, ""enterprise_foothold_step"": 5, ""first_critical_hit_step"": 38, ""window_end"": null, ""window_start"": null}"
ours_stage2_fair_critical_safe_v1,11,stage1_pref_005_ckpt_096,critical_safe_balanced_selected,episode_001,2,2012,66,Q2_user_action_during_critical_breach,high,Remove,User3,User,Impact,Op_Server0,"[""Op_Server0""]","[""Op_Server0""]","[""Enterprise0"", ""Enterprise2"", ""Op_Server0"", ""User0"", ""User3""]","[""Enterprise0"", ""Enterprise2"", ""Op_Server0"", ""User0"", ""User3""]","{""blue_first_relevant_response_after_critical"": 39, ""blue_first_relevant_response_after_enterprise"": 6, ""enterprise_foothold_step"": 5, ""first_critical_hit_step"": 38, ""window_end"": null, ""window_start"": null}"
ours_stage2_fair_critical_safe_v1,11,stage1_pref_005_ckpt_096,critical_safe_balanced_selected,episode_001,2,2012,67,Q2_user_action_during_critical_breach,high,DecoyFemitter,User0,User,Impact,Op_Server0,"[""Op_Server0""]","[""Op_Server0""]","[""Enterprise0"", ""Enterprise2"", ""Op_Server0"", ""User0"", ""User3""]","[""Enterprise0"", ""Enterprise2"", ""Op_Server0"", ""User0"", ""User3""]","{""blue_first_relevant_response_after_critical"": 39, ""blue_first_relevant_response_after_enterprise"": 6, ""enterprise_foothold_step"": 5, ""first_critical_hit_step"": 38, ""window_end"": null, ""window_start"": null}"
ours_stage2_fair_critical_safe_v1,11,stage1_pref_005_ckpt_096,critical_safe_balanced_selected,episode_001,2,2012,69,Q2_user_action_during_critical_breach,high,DecoyHarakaSMPT,User2,User,Impact,Op_Server0,"[""Op_Server0""]","[""Op_Server0""]","[""Enterprise0"", ""Enterprise2"", ""Op_Server0"", ""User0"", ""User3""]","[""Enterprise0"", ""Enterprise2"", ""Op_Server0"", ""User0"", ""User3""]","{""blue_first_relevant_response_after_critical"": 39, ""blue_first_relevant_response_after_enterprise"": 6, ""enterprise_foothold_step"": 5, ""first_critical_hit_step"": 38, ""window_end"": null, ""window_start"": null}"
ours_stage2_fair_critical_safe_v1,11,stage1_pref_005_ckpt_096,critical_safe_balanced_selected,episode_001,2,2012,73,Q2_user_action_during_critical_breach,high,DecoyHarakaSMPT,User2,User,Impact,Op_Server0,"[""Op_Server0""]","[""Op_Server0""]","[""Enterprise0"", ""Enterprise2"", ""Op_Server0"", ""User0"", ""User3""]","[""Enterprise0"", ""Enterprise2"", ""Op_Server0"", ""User0"", ""User3""]","{""blue_first_relevant_response_after_critical"": 39, ""blue_first_relevant_response_after_enterprise"": 6, ""enterprise_foothold_step"": 5, ""first_critical_hit_step"": 38, ""window_end"": null, ""window_start"": null}"
ours_stage2_fair_critical_safe_v1,11,stage1_pref_005_ckpt_096,critical_safe_balanced_selected,episode_001,2,2012,77,Q2_user_action_during_critical_breach,high,Restore,User0,User,Impact,Op_Server0,"[""Op_Server0""]","[""Op_Server0""]","[""Enterprise0"", ""Enterprise2"", ""Op_Server0"", ""User0"", ""User3""]","[""Enterprise0"", ""Enterprise2"", ""Op_Server0"", ""User0"", ""User3""]","{""blue_first_relevant_response_after_critical"": 39, ""blue_first_relevant_response_after_enterprise"": 6, ""enterprise_foothold_step"": 5, ""first_critical_hit_step"": 38, ""window_end"": null, ""window_start"": null}"
ours_stage2_fair_critical_safe_v1,11,stage1_pref_005_ckpt_096,critical_safe_balanced_selected,episode_001,2,2012,88,Q2_user_action_during_critical_breach,high,Restore,User0,User,Impact,Op_Server0,"[""Op_Server0""]","[""Op_Server0""]","[""Enterprise0"", ""Enterprise2"", ""Op_Server0"", ""User0"", ""User3""]","[""Enterprise0"", ""Enterprise2"", ""Op_Server0"", ""User0"", ""User3""]","{""blue_first_relevant_response_after_critical"": 39, ""blue_first_relevant_response_after_enterprise"": 6, ""enterprise_foothold_step"": 5, ""first_critical_hit_step"": 38, ""window_end"": null, ""window_start"": null}"
ours_stage2_fair_critical_safe_v1,11,stage1_pref_005_ckpt_096,critical_safe_balanced_selected,episode_001,2,2012,96,Q2_user_action_during_critical_breach,high,DecoyHarakaSMPT,User2,User,Impact,Op_Server0,"[""Op_Server0""]","[""Op_Server0""]","[""Enterprise0"", ""Op_Server0"", ""User0"", ""User3""]","[""Enterprise0"", ""Op_Server0"", ""User0"", ""User3""]","{""blue_first_relevant_response_after_critical"": 39, ""blue_first_relevant_response_after_enterprise"": 6, ""enterprise_foothold_step"": 5, ""first_critical_hit_step"": 38, ""window_end"": null, ""window_start"": null}"
ours_stage2_fair_critical_safe_v1,11,stage1_pref_005_ckpt_096,critical_safe_balanced_selected,episode_001,2,2012,97,Q2_user_action_during_critical_breach,high,DecoyHarakaSMPT,User2,User,Impact,Op_Server0,"[""Op_Server0""]","[""Op_Server0""]","[""Enterprise0"", ""Op_Server0"", ""User0"", ""User3""]","[""Enterprise0"", ""Op_Server0"", ""User0"", ""User3""]","{""blue_first_relevant_response_after_critical"": 39, ""blue_first_relevant_response_after_enterprise"": 6, ""enterprise_foothold_step"": 5, ""first_critical_hit_step"": 38, ""window_end"": null, ""window_start"": null}"
ours_stage2_fair_critical_safe_v1,11,stage1_pref_005_ckpt_096,critical_safe_balanced_selected,episode_001,2,2012,99,Q2_user_action_during_critical_breach,high,DecoyHarakaSMPT,User2,User,Impact,Op_Server0,"[""Op_Server0""]","[""Op_Server0""]","[""Enterprise0"", ""Op_Server0"", ""User0"", ""User3""]","[""Enterprise0"", ""Op_Server0"", ""User0"", ""User3""]","{""blue_first_relevant_response_after_critical"": 39, ""blue_first_relevant_response_after_enterprise"": 6, ""enterprise_foothold_step"": 5, ""first_critical_hit_step"": 38, ""window_end"": null, ""window_start"": null}"
ours_stage2_fair_critical_safe_v1,11,stage1_pref_005_ckpt_096,critical_safe_balanced_selected,episode_001,2,2012,17,Q4_user_focus_after_enterprise_foothold,medium,Restore,User4,User,ExploitRemoteService,,[],[],"[""Enterprise0"", ""Enterprise2"", ""User0"", ""User3""]","[""Enterprise0"", ""Enterprise2"", ""User0"", ""User3""]","{""blue_first_relevant_response_after_critical"": 39, ""blue_first_relevant_response_after_enterprise"": 6, ""enterprise_foothold_step"": 5, ""first_critical_hit_step"": 38, ""window_end"": 19, ""window_start"": 17}"
ours_stage2_fair_critical_safe_v1,11,stage1_pref_005_ckpt_096,critical_safe_balanced_selected,episode_001,2,2012,45,Q4_user_focus_after_enterprise_foothold,medium,DecoyHarakaSMPT,User2,User,Impact,Op_Server0,"[""Op_Server0""]","[""Op_Server0""]","[""Enterprise0"", ""Enterprise2"", ""Op_Server0"", ""User0"", ""User3""]","[""Enterprise0"", ""Enterprise2"", ""Op_Server0"", ""User0"", ""User3""]","{""blue_first_relevant_response_after_critical"": 39, ""blue_first_relevant_response_after_enterprise"": 6, ""enterprise_foothold_step"": 5, ""first_critical_hit_step"": 38, ""window_end"": 47, ""window_start"": 45}"
ours_stage2_fair_critical_safe_v1,11,stage1_pref_005_ckpt_096,critical_safe_balanced_selected,episode_001,2,2012,65,Q4_user_focus_after_enterprise_foothold,medium,DecoyHarakaSMPT,User2,User,Impact,Op_Server0,"[""Op_Server0""]","[""Op_Server0""]","[""Enterprise0"", ""Enterprise2"", ""Op_Server0"", ""User0"", ""User3""]","[""Enterprise0"", ""Enterprise2"", ""Op_Server0"", ""User0"", ""User3""]","{""blue_first_relevant_response_after_critical"": 39, ""blue_first_relevant_response_after_enterprise"": 6, ""enterprise_foothold_step"": 5, ""first_critical_hit_step"": 38, ""window_end"": 67, ""window_start"": 65}"
ours_stage2_fair_critical_safe_v1,11,stage1_pref_005_ckpt_096,critical_safe_balanced_selected,episode_001,2,2012,15,Q5_repeated_low_value_decoy_loop,medium,DecoyHarakaSMPT,User2,User,DiscoverNetworkServices,,[],[],"[""Enterprise0"", ""Enterprise2"", ""User0"", ""User3""]","[""Enterprise0"", ""Enterprise2"", ""User0"", ""User3""]","{""blue_first_relevant_response_after_critical"": 39, ""blue_first_relevant_response_after_enterprise"": 6, ""enterprise_foothold_step"": 5, ""first_critical_hit_step"": 38, ""window_end"": 22, ""window_start"": 13}"
ours_stage2_fair_critical_safe_v1,11,stage1_pref_005_ckpt_096,critical_safe_balanced_selected,episode_001,3,3012,13,Q2_user_action_during_critical_breach,high,Restore,User4,User,PrivilegeEscalate,Op_Server0,"[""Op_Server0""]","[""Op_Server0""]","[""Enterprise1"", ""Enterprise2"", ""Op_Server0"", ""User0"", ""User2""]","[""Enterprise1"", ""Enterprise2"", ""Op_Server0"", ""User0"", ""User2""]","{""blue_first_relevant_response_after_critical"": 14, ""blue_first_relevant_response_after_enterprise"": 6, ""enterprise_foothold_step"": 5, ""first_critical_hit_step"": 12, ""window_end"": null, ""window_start"": null}"
ours_stage2_fair_critical_safe_v1,11,stage1_pref_005_ckpt_096,critical_safe_balanced_selected,episode_001,3,3012,15,Q2_user_action_during_critical_breach,high,DecoyHarakaSMPT,User2,User,Impact,Op_Server0,"[""Op_Server0""]","[""Op_Server0""]","[""Enterprise1"", ""Enterprise2"", ""Op_Server0"", ""User0"", ""User2""]","[""Enterprise1"", ""Enterprise2"", ""Op_Server0"", ""User0"", ""User2""]","{""blue_first_relevant_response_after_critical"": 14, ""blue_first_relevant_response_after_enterprise"": 6, ""enterprise_foothold_step"": 5, ""first_critical_hit_step"": 12, ""window_end"": null, ""window_start"": null}"
ours_stage2_fair_critical_safe_v1,11,stage1_pref_005_ckpt_096,critical_safe_balanced_selected,episode_001,3,3012,26,Q2_user_action_during_critical_breach,high,DecoyHarakaSMPT,User2,User,Impact,Op_Server0,"[""Op_Server0""]","[""Op_Server0""]","[""Enterprise1"", ""Enterprise2"", ""Op_Server0"", ""User0"", ""User2""]","[""Enterprise1"", ""Enterprise2"", ""Op_Server0"", ""User0"", ""User2""]","{""blue_first_relevant_response_after_critical"": 14, ""blue_first_relevant_response_after_enterprise"": 6, ""enterprise_foothold_step"": 5, ""first_critical_hit_step"": 12, ""window_end"": null, ""window_start"": null}"
ours_stage2_fair_critical_safe_v1,11,stage1_pref_005_ckpt_096,critical_safe_balanced_selected,episode_001,3,3012,27,Q2_user_action_during_critical_breach,high,DecoyHarakaSMPT,User2,User,Impact,Op_Server0,"[""Op_Server0""]","[""Op_Server0""]","[""Enterprise1"", ""Enterprise2"", ""Op_Server0"", ""User0"", ""User2""]","[""Enterprise1"", ""Enterprise2"", ""Op_Server0"", ""User0"", ""User2""]","{""blue_first_relevant_response_after_critical"": 14, ""blue_first_relevant_response_after_enterprise"": 6, ""enterprise_foothold_step"": 5, ""first_critical_hit_step"": 12, ""window_end"": null, ""window_start"": null}"
ours_stage2_fair_critical_safe_v1,11,stage1_pref_005_ckpt_096,critical_safe_balanced_selected,episode_001,3,3012,31,Q2_user_action_during_critical_breach,high,DecoyHarakaSMPT,User2,User,Impact,Op_Server0,"[""Op_Server0""]","[""Op_Server0""]","[""Enterprise1"", ""Enterprise2"", ""Op_Server0"", ""User0"", ""User2""]","[""Enterprise1"", ""Enterprise2"", ""Op_Server0"", ""User0"", ""User2""]","{""blue_first_relevant_response_after_critical"": 14, ""blue_first_relevant_response_after_enterprise"": 6, ""enterprise_foothold_step"": 5, ""first_critical_hit_step"": 12, ""window_end"": null, ""window_start"": null}"
ours_stage2_fair_critical_safe_v1,11,stage1_pref_005_ckpt_096,critical_safe_balanced_selected,episode_001,3,3012,33,Q2_user_action_during_critical_breach,high,Restore,User0,User,Impact,Op_Server0,"[""Op_Server0""]","[""Op_Server0""]","[""Enterprise1"", ""Enterprise2"", ""Op_Server0"", ""User0"", ""User2""]","[""Enterprise1"", ""Enterprise2"", ""Op_Server0"", ""User0"", ""User2""]","{""blue_first_relevant_response_after_critical"": 14, ""blue_first_relevant_response_after_enterprise"": 6, ""enterprise_foothold_step"": 5, ""first_critical_hit_step"": 12, ""window_end"": null, ""window_start"": null}"
ours_stage2_fair_critical_safe_v1,11,stage1_pref_005_ckpt_096,critical_safe_balanced_selected,episode_001,3,3012,37,Q2_user_action_during_critical_breach,high,Restore,User0,User,Impact,Op_Server0,"[""Op_Server0""]","[""Op_Server0""]","[""Enterprise1"", ""Enterprise2"", ""Op_Server0"", ""User0"", ""User2""]","[""Enterprise1"", ""Enterprise2"", ""Op_Server0"", ""User0"", ""User2""]","{""blue_first_relevant_response_after_critical"": 14, ""blue_first_relevant_response_after_enterprise"": 6, ""enterprise_foothold_step"": 5, ""first_critical_hit_step"": 12, ""window_end"": null, ""window_start"": null}"
ours_stage2_fair_critical_safe_v1,11,stage1_pref_005_ckpt_096,critical_safe_balanced_selected,episode_001,3,3012,45,Q2_user_action_during_critical_breach,high,DecoyHarakaSMPT,User2,User,Impact,Op_Server0,"[""Op_Server0""]","[""Op_Server0""]","[""Enterprise1"", ""Op_Server0"", ""User0"", ""User2""]","[""Enterprise1"", ""Op_Server0"", ""User0"", ""User2""]","{""blue_first_relevant_response_after_critical"": 14, ""blue_first_relevant_response_after_enterprise"": 6, ""enterprise_foothold_step"": 5, ""first_critical_hit_step"": 12, ""window_end"": null, ""window_start"": null}"
ours_stage2_fair_critical_safe_v1,11,stage1_pref_005_ckpt_096,critical_safe_balanced_selected,episode_001,3,3012,52,Q2_user_action_during_critical_breach,high,DecoyHarakaSMPT,User2,User,PrivilegeEscalate,Op_Server0,"[""Op_Server0""]","[""Op_Server0""]","[""Enterprise1"", ""Op_Server0"", ""User0"", ""User2""]","[""Enterprise1"", ""Op_Server0"", ""User0"", ""User2""]","{""blue_first_relevant_response_after_critical"": 14, ""blue_first_relevant_response_after_enterprise"": 6, ""enterprise_foothold_step"": 5, ""first_critical_hit_step"": 12, ""window_end"": null, ""window_start"": null}"
ours_stage2_fair_critical_safe_v1,11,stage1_pref_005_ckpt_096,critical_safe_balanced_selected,episode_001,3,3012,59,Q2_user_action_during_critical_breach,high,DecoyHarakaSMPT,User2,User,PrivilegeEscalate,Op_Server0,"[""Op_Server0""]","[""Op_Server0""]","[""Enterprise1"", ""Op_Server0"", ""User0"", ""User2""]","[""Enterprise1"", ""Op_Server0"", ""User0"", ""User2""]","{""blue_first_relevant_response_after_critical"": 14, ""blue_first_relevant_response_after_enterprise"": 6, ""enterprise_foothold_step"": 5, ""first_critical_hit_step"": 12, ""window_end"": null, ""window_start"": null}"
ours_stage2_fair_critical_safe_v1,11,stage1_pref_005_ckpt_096,critical_safe_balanced_selected,episode_001,3,3012,63,Q2_user_action_during_critical_breach,high,Restore,User0,User,Impact,Op_Server0,"[""Op_Server0""]","[""Op_Server0""]","[""Enterprise1"", ""Op_Server0"", ""User0"", ""User2""]","[""Enterprise1"", ""Op_Server0"", ""User0"", ""User2""]","{""blue_first_relevant_response_after_critical"": 14, ""blue_first_relevant_response_after_enterprise"": 6, ""enterprise_foothold_step"": 5, ""first_critical_hit_step"": 12, ""window_end"": null, ""window_start"": null}"
ours_stage2_fair_critical_safe_v1,11,stage1_pref_005_ckpt_096,critical_safe_balanced_selected,episode_001,3,3012,70,Q2_user_action_during_critical_breach,high,DecoyHarakaSMPT,User2,User,Impact,Op_Server0,"[""Op_Server0""]","[""Op_Server0""]","[""Enterprise1"", ""Op_Server0"", ""User0"", ""User2""]","[""Enterprise1"", ""Op_Server0"", ""User0"", ""User2""]","{""blue_first_relevant_response_after_critical"": 14, ""blue_first_relevant_response_after_enterprise"": 6, ""enterprise_foothold_step"": 5, ""first_critical_hit_step"": 12, ""window_end"": null, ""window_start"": null}"
ours_stage2_fair_critical_safe_v1,11,stage1_pref_005_ckpt_096,critical_safe_balanced_selected,episode_001,3,3012,71,Q2_user_action_during_critical_breach,high,DecoyHarakaSMPT,User2,User,Impact,Op_Server0,"[""Op_Server0""]","[""Op_Server0""]","[""Enterprise1"", ""Op_Server0"", ""User0"", ""User2""]","[""Enterprise1"", ""Op_Server0"", ""User0"", ""User2""]","{""blue_first_relevant_response_after_critical"": 14, ""blue_first_relevant_response_after_enterprise"": 6, ""enterprise_foothold_step"": 5, ""first_critical_hit_step"": 12, ""window_end"": null, ""window_start"": null}"
ours_stage2_fair_critical_safe_v1,11,stage1_pref_005_ckpt_096,critical_safe_balanced_selected,episode_001,3,3012,72,Q2_user_action_during_critical_breach,high,Restore,User0,User,Impact,Op_Server0,"[""Op_Server0""]","[""Op_Server0""]","[""Enterprise1"", ""Op_Server0"", ""User0"", ""User2""]","[""Enterprise1"", ""Op_Server0"", ""User0"", ""User2""]","{""blue_first_relevant_response_after_critical"": 14, ""blue_first_relevant_response_after_enterprise"": 6, ""enterprise_foothold_step"": 5, ""first_critical_hit_step"": 12, ""window_end"": null, ""window_start"": null}"
ours_stage2_fair_critical_safe_v1,11,stage1_pref_005_ckpt_096,critical_safe_balanced_selected,episode_001,3,3012,73,Q2_user_action_during_critical_breach,high,Analyse,User2,User,Impact,Op_Server0,"[""Op_Server0""]","[""Op_Server0""]","[""Enterprise1"", ""Op_Server0"", ""User0"", ""User2""]","[""Enterprise1"", ""Op_Server0"", ""User0"", ""User2""]","{""blue_first_relevant_response_after_critical"": 14, ""blue_first_relevant_response_after_enterprise"": 6, ""enterprise_foothold_step"": 5, ""first_critical_hit_step"": 12, ""window_end"": null, ""window_start"": null}"
ours_stage2_fair_critical_safe_v1,11,stage1_pref_005_ckpt_096,critical_safe_balanced_selected,episode_001,3,3012,74,Q2_user_action_during_critical_breach,high,Restore,User0,User,Impact,Op_Server0,"[""Op_Server0""]","[""Op_Server0""]","[""Enterprise1"", ""Op_Server0"", ""User0"", ""User2""]","[""Enterprise1"", ""Op_Server0"", ""User0"", ""User2""]","{""blue_first_relevant_response_after_critical"": 14, ""blue_first_relevant_response_after_enterprise"": 6, ""enterprise_foothold_step"": 5, ""first_critical_hit_step"": 12, ""window_end"": null, ""window_start"": null}"
ours_stage2_fair_critical_safe_v1,11,stage1_pref_005_ckpt_096,critical_safe_balanced_selected,episode_001,3,3012,76,Q2_user_action_during_critical_breach,high,DecoyHarakaSMPT,User2,User,Impact,Op_Server0,"[""Op_Server0""]","[""Op_Server0""]","[""Enterprise1"", ""Op_Server0"", ""User0"", ""User2""]","[""Enterprise1"", ""Op_Server0"", ""User0"", ""User2""]","{""blue_first_relevant_response_after_critical"": 14, ""blue_first_relevant_response_after_enterprise"": 6, ""enterprise_foothold_step"": 5, ""first_critical_hit_step"": 12, ""window_end"": null, ""window_start"": null}"
ours_stage2_fair_critical_safe_v1,11,stage1_pref_005_ckpt_096,critical_safe_balanced_selected,episode_001,3,3012,88,Q2_user_action_during_critical_breach,high,Restore,User0,User,PrivilegeEscalate,Op_Server0,"[""Op_Server0""]","[""Op_Server0""]","[""Enterprise1"", ""Op_Server0"", ""User0"", ""User2""]","[""Enterprise1"", ""Op_Server0"", ""User0"", ""User2""]","{""blue_first_relevant_response_after_critical"": 14, ""blue_first_relevant_response_after_enterprise"": 6, ""enterprise_foothold_step"": 5, ""first_critical_hit_step"": 12, ""window_end"": null, ""window_start"": null}"
ours_stage2_fair_critical_safe_v1,11,stage1_pref_005_ckpt_096,critical_safe_balanced_selected,episode_001,3,3012,89,Q2_user_action_during_critical_breach,high,DecoyHarakaSMPT,User2,User,Impact,Op_Server0,"[""Op_Server0""]","[""Op_Server0""]","[""Enterprise1"", ""Op_Server0"", ""User0"", ""User2""]","[""Enterprise1"", ""Op_Server0"", ""User0"", ""User2""]","{""blue_first_relevant_response_after_critical"": 14, ""blue_first_relevant_response_after_enterprise"": 6, ""enterprise_foothold_step"": 5, ""first_critical_hit_step"": 12, ""window_end"": null, ""window_start"": null}"
ours_stage2_fair_critical_safe_v1,11,stage1_pref_005_ckpt_096,critical_safe_balanced_selected,episode_001,3,3012,91,Q2_user_action_during_critical_breach,high,Restore,User0,User,Impact,Op_Server0,"[""Op_Server0""]","[""Op_Server0""]","[""Enterprise1"", ""Op_Server0"", ""User0"", ""User2""]","[""Enterprise1"", ""Op_Server0"", ""User0"", ""User2""]","{""blue_first_relevant_response_after_critical"": 14, ""blue_first_relevant_response_after_enterprise"": 6, ""enterprise_foothold_step"": 5, ""first_critical_hit_step"": 12, ""window_end"": null, ""window_start"": null}"
ours_stage2_fair_critical_safe_v1,11,stage1_pref_005_ckpt_096,critical_safe_balanced_selected,episode_001,3,3012,93,Q2_user_action_during_critical_breach,high,DecoyHarakaSMPT,User2,User,Impact,Op_Server0,"[""Op_Server0""]","[""Op_Server0""]","[""Enterprise1"", ""Op_Server0"", ""User0"", ""User2""]","[""Enterprise1"", ""Op_Server0"", ""User0"", ""User2""]","{""blue_first_relevant_response_after_critical"": 14, ""blue_first_relevant_response_after_enterprise"": 6, ""enterprise_foothold_step"": 5, ""first_critical_hit_step"": 12, ""window_end"": null, ""window_start"": null}"
ours_stage2_fair_critical_safe_v1,11,stage1_pref_005_ckpt_096,critical_safe_balanced_selected,episode_001,3,3012,11,Q4_user_focus_after_enterprise_foothold,medium,Restore,User0,User,DiscoverNetworkServices,,[],[],"[""Enterprise1"", ""Enterprise2"", ""User0"", ""User2""]","[""Enterprise1"", ""Enterprise2"", ""User0"", ""User2""]","{""blue_first_relevant_response_after_critical"": 14, ""blue_first_relevant_response_after_enterprise"": 6, ""enterprise_foothold_step"": 5, ""first_critical_hit_step"": 12, ""window_end"": 13, ""window_start"": 11}"
ours_stage2_fair_critical_safe_v1,11,stage1_pref_005_ckpt_096,critical_safe_balanced_selected,episode_001,3,3012,70,Q4_user_focus_after_enterprise_foothold,medium,DecoyHarakaSMPT,User2,User,Impact,Op_Server0,"[""Op_Server0""]","[""Op_Server0""]","[""Enterprise1"", ""Op_Server0"", ""User0"", ""User2""]","[""Enterprise1"", ""Op_Server0"", ""User0"", ""User2""]","{""blue_first_relevant_response_after_critical"": 14, ""blue_first_relevant_response_after_enterprise"": 6, ""enterprise_foothold_step"": 5, ""first_critical_hit_step"": 12, ""window_end"": 72, ""window_start"": 70}"
ours_stage2_fair_critical_safe_v1,11,stage1_pref_005_ckpt_096,critical_safe_balanced_selected,episode_001,3,3012,71,Q4_user_focus_after_enterprise_foothold,medium,DecoyHarakaSMPT,User2,User,Impact,Op_Server0,"[""Op_Server0""]","[""Op_Server0""]","[""Enterprise1"", ""Op_Server0"", ""User0"", ""User2""]","[""Enterprise1"", ""Op_Server0"", ""User0"", ""User2""]","{""blue_first_relevant_response_after_critical"": 14, ""blue_first_relevant_response_after_enterprise"": 6, ""enterprise_foothold_step"": 5, ""first_critical_hit_step"": 12, ""window_end"": 73, ""window_start"": 71}"
ours_stage2_fair_critical_safe_v1,11,stage1_pref_005_ckpt_096,critical_safe_balanced_selected,episode_001,3,3012,72,Q4_user_focus_after_enterprise_foothold,medium,Restore,User0,User,Impact,Op_Server0,"[""Op_Server0""]","[""Op_Server0""]","[""Enterprise1"", ""Op_Server0"", ""User0"", ""User2""]","[""Enterprise1"", ""Op_Server0"", ""User0"", ""User2""]","{""blue_first_relevant_response_after_critical"": 14, ""blue_first_relevant_response_after_enterprise"": 6, ""enterprise_foothold_step"": 5, ""first_critical_hit_step"": 12, ""window_end"": 74, ""window_start"": 72}"
ours_stage2_fair_critical_safe_v1,11,stage1_pref_005_ckpt_096,critical_safe_balanced_selected,episode_001,3,3012,8,Q5_repeated_low_value_decoy_loop,medium,DecoyHarakaSMPT,User2,User,DiscoverNetworkServices,,[],[],"[""Enterprise1"", ""User0"", ""User2""]","[""Enterprise1"", ""User0"", ""User2""]","{""blue_first_relevant_response_after_critical"": 14, ""blue_first_relevant_response_after_enterprise"": 6, ""enterprise_foothold_step"": 5, ""first_critical_hit_step"": 12, ""window_end"": 15, ""window_start"": 6}"
ours_stage2_fair_critical_safe_v1,11,stage1_pref_005_ckpt_096,critical_safe_balanced_selected,episode_001,4,4012,15,Q2_user_action_during_critical_breach,high,Restore,User0,User,Impact,Op_Server0,"[""Op_Server0""]","[""Op_Server0""]","[""Enterprise0"", ""Op_Server0"", ""User0"", ""User3""]","[""Enterprise0"", ""Op_Server0"", ""User0"", ""User3""]","{""blue_first_relevant_response_after_critical"": 13, ""blue_first_relevant_response_after_enterprise"": 6, ""enterprise_foothold_step"": 5, ""first_critical_hit_step"": 12, ""window_end"": null, ""window_start"": null}"
ours_stage2_fair_critical_safe_v1,11,stage1_pref_005_ckpt_096,critical_safe_balanced_selected,episode_001,4,4012,22,Q2_user_action_during_critical_breach,high,DecoyHarakaSMPT,User2,User,Impact,Op_Server0,"[""Op_Server0""]","[""Op_Server0""]","[""Enterprise0"", ""Op_Server0"", ""User0"", ""User3""]","[""Enterprise0"", ""Op_Server0"", ""User0"", ""User3""]","{""blue_first_relevant_response_after_critical"": 13, ""blue_first_relevant_response_after_enterprise"": 6, ""enterprise_foothold_step"": 5, ""first_critical_hit_step"": 12, ""window_end"": null, ""window_start"": null}"
ours_stage2_fair_critical_safe_v1,11,stage1_pref_005_ckpt_096,critical_safe_balanced_selected,episode_001,4,4012,23,Q2_user_action_during_critical_breach,high,DecoyHarakaSMPT,User2,User,Impact,Op_Server0,"[""Op_Server0""]","[""Op_Server0""]","[""Enterprise0"", ""Op_Server0"", ""User0"", ""User3""]","[""Enterprise0"", ""Op_Server0"", ""User0"", ""User3""]","{""blue_first_relevant_response_after_critical"": 13, ""blue_first_relevant_response_after_enterprise"": 6, ""enterprise_foothold_step"": 5, ""first_critical_hit_step"": 12, ""window_end"": null, ""window_start"": null}"
ours_stage2_fair_critical_safe_v1,11,stage1_pref_005_ckpt_096,critical_safe_balanced_selected,episode_001,4,4012,31,Q2_user_action_during_critical_breach,high,Restore,User0,User,Impact,Op_Server0,"[""Op_Server0""]","[""Op_Server0""]","[""Enterprise0"", ""Op_Server0"", ""User0"", ""User3""]","[""Enterprise0"", ""Op_Server0"", ""User0"", ""User3""]","{""blue_first_relevant_response_after_critical"": 13, ""blue_first_relevant_response_after_enterprise"": 6, ""enterprise_foothold_step"": 5, ""first_critical_hit_step"": 12, ""window_end"": null, ""window_start"": null}"
ours_stage2_fair_critical_safe_v1,11,stage1_pref_005_ckpt_096,critical_safe_balanced_selected,episode_001,4,4012,38,Q2_user_action_during_critical_breach,high,DecoyHarakaSMPT,User2,User,Impact,Op_Server0,"[""Op_Server0""]","[""Op_Server0""]","[""Enterprise0"", ""Op_Server0"", ""User0"", ""User3""]","[""Enterprise0"", ""Op_Server0"", ""User0"", ""User3""]","{""blue_first_relevant_response_after_critical"": 13, ""blue_first_relevant_response_after_enterprise"": 6, ""enterprise_foothold_step"": 5, ""first_critical_hit_step"": 12, ""window_end"": null, ""window_start"": null}"
ours_stage2_fair_critical_safe_v1,11,stage1_pref_005_ckpt_096,critical_safe_balanced_selected,episode_001,4,4012,44,Q2_user_action_during_critical_breach,high,Restore,User0,User,Impact,Op_Server0,"[""Op_Server0""]","[""Op_Server0""]","[""Enterprise0"", ""Op_Server0"", ""User0"", ""User3""]","[""Enterprise0"", ""Op_Server0"", ""User0"", ""User3""]","{""blue_first_relevant_response_after_critical"": 13, ""blue_first_relevant_response_after_enterprise"": 6, ""enterprise_foothold_step"": 5, ""first_critical_hit_step"": 12, ""window_end"": null, ""window_start"": null}"
ours_stage2_fair_critical_safe_v1,11,stage1_pref_005_ckpt_096,critical_safe_balanced_selected,episode_001,4,4012,48,Q2_user_action_during_critical_breach,high,DecoyHarakaSMPT,User2,User,Impact,Op_Server0,"[""Op_Server0""]","[""Op_Server0""]","[""Enterprise0"", ""Op_Server0"", ""User0"", ""User3""]","[""Enterprise0"", ""Op_Server0"", ""User0"", ""User3""]","{""blue_first_relevant_response_after_critical"": 13, ""blue_first_relevant_response_after_enterprise"": 6, ""enterprise_foothold_step"": 5, ""first_critical_hit_step"": 12, ""window_end"": null, ""window_start"": null}"
ours_stage2_fair_critical_safe_v1,11,stage1_pref_005_ckpt_096,critical_safe_balanced_selected,episode_001,4,4012,52,Q2_user_action_during_critical_breach,high,DecoyHarakaSMPT,User2,User,Impact,Op_Server0,"[""Op_Server0""]","[""Op_Server0""]","[""Enterprise0"", ""Op_Server0"", ""User0"", ""User3""]","[""Enterprise0"", ""Op_Server0"", ""User0"", ""User3""]","{""blue_first_relevant_response_after_critical"": 13, ""blue_first_relevant_response_after_enterprise"": 6, ""enterprise_foothold_step"": 5, ""first_critical_hit_step"": 12, ""window_end"": null, ""window_start"": null}"
ours_stage2_fair_critical_safe_v1,11,stage1_pref_005_ckpt_096,critical_safe_balanced_selected,episode_001,4,4012,54,Q2_user_action_during_critical_breach,high,DecoyHarakaSMPT,User2,User,Impact,Op_Server0,"[""Op_Server0""]","[""Op_Server0""]","[""Enterprise0"", ""Op_Server0"", ""User0"", ""User3""]","[""Enterprise0"", ""Op_Server0"", ""User0"", ""User3""]","{""blue_first_relevant_response_after_critical"": 13, ""blue_first_relevant_response_after_enterprise"": 6, ""enterprise_foothold_step"": 5, ""first_critical_hit_step"": 12, ""window_end"": null, ""window_start"": null}"
ours_stage2_fair_critical_safe_v1,11,stage1_pref_005_ckpt_096,critical_safe_balanced_selected,episode_001,4,4012,62,Q2_user_action_during_critical_breach,high,DecoyHarakaSMPT,User2,User,Impact,Op_Server0,"[""Op_Server0""]","[""Op_Server0""]","[""Enterprise0"", ""Op_Server0"", ""User0"", ""User3""]","[""Enterprise0"", ""Op_Server0"", ""User0"", ""User3""]","{""blue_first_relevant_response_after_critical"": 13, ""blue_first_relevant_response_after_enterprise"": 6, ""enterprise_foothold_step"": 5, ""first_critical_hit_step"": 12, ""window_end"": null, ""window_start"": null}"
ours_stage2_fair_critical_safe_v1,11,stage1_pref_005_ckpt_096,critical_safe_balanced_selected,episode_001,4,4012,65,Q2_user_action_during_critical_breach,high,DecoyHarakaSMPT,User2,User,Impact,Op_Server0,"[""Op_Server0""]","[""Op_Server0""]","[""Enterprise0"", ""Op_Server0"", ""User0"", ""User3""]","[""Enterprise0"", ""Op_Server0"", ""User0"", ""User3""]","{""blue_first_relevant_response_after_critical"": 13, ""blue_first_relevant_response_after_enterprise"": 6, ""enterprise_foothold_step"": 5, ""first_critical_hit_step"": 12, ""window_end"": null, ""window_start"": null}"
ours_stage2_fair_critical_safe_v1,11,stage1_pref_005_ckpt_096,critical_safe_balanced_selected,episode_001,4,4012,72,Q2_user_action_during_critical_breach,high,DecoySmss,User4,User,PrivilegeEscalate,Op_Server0,"[""Op_Server0""]","[""Op_Server0""]","[""Enterprise0"", ""Op_Server0"", ""User0"", ""User3""]","[""Enterprise0"", ""Op_Server0"", ""User0"", ""User3""]","{""blue_first_relevant_response_after_critical"": 13, ""blue_first_relevant_response_after_enterprise"": 6, ""enterprise_foothold_step"": 5, ""first_critical_hit_step"": 12, ""window_end"": null, ""window_start"": null}"
ours_stage2_fair_critical_safe_v1,11,stage1_pref_005_ckpt_096,critical_safe_balanced_selected,episode_001,4,4012,96,Q2_user_action_during_critical_breach,high,DecoyHarakaSMPT,User2,User,Impact,Op_Server0,"[""Op_Server0""]","[""Op_Server0""]","[""Enterprise0"", ""Op_Server0"", ""User0"", ""User3""]","[""Enterprise0"", ""Op_Server0"", ""User0"", ""User3""]","{""blue_first_relevant_response_after_critical"": 13, ""blue_first_relevant_response_after_enterprise"": 6, ""enterprise_foothold_step"": 5, ""first_critical_hit_step"": 12, ""window_end"": null, ""window_start"": null}"
ours_stage2_fair_critical_safe_v1,11,stage1_pref_005_ckpt_096,critical_safe_balanced_selected,episode_001,4,4012,97,Q2_user_action_during_critical_breach,high,DecoyHarakaSMPT,User2,User,Impact,Op_Server0,"[""Op_Server0""]","[""Op_Server0""]","[""Enterprise0"", ""Op_Server0"", ""User0"", ""User3""]","[""Enterprise0"", ""Op_Server0"", ""User0"", ""User3""]","{""blue_first_relevant_response_after_critical"": 13, ""blue_first_relevant_response_after_enterprise"": 6, ""enterprise_foothold_step"": 5, ""first_critical_hit_step"": 12, ""window_end"": null, ""window_start"": null}"
ours_stage2_fair_critical_safe_v1,11,stage1_pref_005_ckpt_096,critical_safe_balanced_selected,episode_001,4,4012,98,Q2_user_action_during_critical_breach,high,DecoyHarakaSMPT,User2,User,Impact,Op_Server0,"[""Op_Server0""]","[""Op_Server0""]","[""Enterprise0"", ""Op_Server0"", ""User0"", ""User3""]","[""Enterprise0"", ""Op_Server0"", ""User0"", ""User3""]","{""blue_first_relevant_response_after_critical"": 13, ""blue_first_relevant_response_after_enterprise"": 6, ""enterprise_foothold_step"": 5, ""first_critical_hit_step"": 12, ""window_end"": null, ""window_start"": null}"
ours_stage2_fair_critical_safe_v1,11,stage1_pref_005_ckpt_096,critical_safe_balanced_selected,episode_001,4,4012,99,Q2_user_action_during_critical_breach,high,DecoySmss,User4,User,Impact,Op_Server0,"[""Op_Server0""]","[""Op_Server0""]","[""Enterprise0"", ""Op_Server0"", ""User0"", ""User3""]","[""Enterprise0"", ""Op_Server0"", ""User0"", ""User3""]","{""blue_first_relevant_response_after_critical"": 13, ""blue_first_relevant_response_after_enterprise"": 6, ""enterprise_foothold_step"": 5, ""first_critical_hit_step"": 12, ""window_end"": null, ""window_start"": null}"
ours_stage2_fair_critical_safe_v1,11,stage1_pref_005_ckpt_096,critical_safe_balanced_selected,episode_001,4,4012,96,Q4_user_focus_after_enterprise_foothold,medium,DecoyHarakaSMPT,User2,User,Impact,Op_Server0,"[""Op_Server0""]","[""Op_Server0""]","[""Enterprise0"", ""Op_Server0"", ""User0"", ""User3""]","[""Enterprise0"", ""Op_Server0"", ""User0"", ""User3""]","{""blue_first_relevant_response_after_critical"": 13, ""blue_first_relevant_response_after_enterprise"": 6, ""enterprise_foothold_step"": 5, ""first_critical_hit_step"": 12, ""window_end"": 98, ""window_start"": 96}"
ours_stage2_fair_critical_safe_v1,11,stage1_pref_005_ckpt_096,critical_safe_balanced_selected,episode_001,4,4012,97,Q4_user_focus_after_enterprise_foothold,medium,DecoyHarakaSMPT,User2,User,Impact,Op_Server0,"[""Op_Server0""]","[""Op_Server0""]","[""Enterprise0"", ""Op_Server0"", ""User0"", ""User3""]","[""Enterprise0"", ""Op_Server0"", ""User0"", ""User3""]","{""blue_first_relevant_response_after_critical"": 13, ""blue_first_relevant_response_after_enterprise"": 6, ""enterprise_foothold_step"": 5, ""first_critical_hit_step"": 12, ""window_end"": 99, ""window_start"": 97}"
ours_stage2_fair_critical_safe_v1,11,stage1_pref_005_ckpt_096,critical_safe_balanced_selected,episode_001,4,4012,48,Q5_repeated_low_value_decoy_loop,medium,DecoyHarakaSMPT,User2,User,Impact,Op_Server0,"[""Op_Server0""]","[""Op_Server0""]","[""Enterprise0"", ""Op_Server0"", ""User0"", ""User3""]","[""Enterprise0"", ""Op_Server0"", ""User0"", ""User3""]","{""blue_first_relevant_response_after_critical"": 13, ""blue_first_relevant_response_after_enterprise"": 6, ""enterprise_foothold_step"": 5, ""first_critical_hit_step"": 12, ""window_end"": 54, ""window_start"": 45}"
ours_stage2_fair_critical_safe_v1,11,stage1_pref_005_ckpt_096,critical_safe_balanced_selected,episode_001,5,5012,13,Q2_user_action_during_critical_breach,high,Restore,User0,User,PrivilegeEscalate,Op_Server0,"[""Op_Server0""]","[""Op_Server0""]","[""Enterprise1"", ""Enterprise2"", ""Op_Server0"", ""User0"", ""User2""]","[""Enterprise1"", ""Enterprise2"", ""Op_Server0"", ""User0"", ""User2""]","{""blue_first_relevant_response_after_critical"": 15, ""blue_first_relevant_response_after_enterprise"": 6, ""enterprise_foothold_step"": 5, ""first_critical_hit_step"": 12, ""window_end"": null, ""window_start"": null}"
ours_stage2_fair_critical_safe_v1,11,stage1_pref_005_ckpt_096,critical_safe_balanced_selected,episode_001,5,5012,16,Q2_user_action_during_critical_breach,high,DecoyHarakaSMPT,User2,User,Impact,Op_Server0,"[""Op_Server0""]","[""Op_Server0""]","[""Enterprise1"", ""Enterprise2"", ""Op_Server0"", ""User0"", ""User2""]","[""Enterprise1"", ""Enterprise2"", ""Op_Server0"", ""User0"", ""User2""]","{""blue_first_relevant_response_after_critical"": 15, ""blue_first_relevant_response_after_enterprise"": 6, ""enterprise_foothold_step"": 5, ""first_critical_hit_step"": 12, ""window_end"": null, ""window_start"": null}"
ours_stage2_fair_critical_safe_v1,11,stage1_pref_005_ckpt_096,critical_safe_balanced_selected,episode_001,5,5012,22,Q2_user_action_during_critical_breach,high,DecoyHarakaSMPT,User2,User,PrivilegeEscalate,Op_Server0,"[""Op_Server0""]","[""Op_Server0""]","[""Enterprise1"", ""Op_Server0"", ""User0"", ""User2""]","[""Enterprise1"", ""Op_Server0"", ""User0"", ""User2""]","{""blue_first_relevant_response_after_critical"": 15, ""blue_first_relevant_response_after_enterprise"": 6, ""enterprise_foothold_step"": 5, ""first_critical_hit_step"": 12, ""window_end"": null, ""window_start"": null}"
ours_stage2_fair_critical_safe_v1,11,stage1_pref_005_ckpt_096,critical_safe_balanced_selected,episode_001,5,5012,23,Q2_user_action_during_critical_breach,high,Restore,User0,User,Impact,Op_Server0,"[""Op_Server0""]","[""Op_Server0""]","[""Enterprise1"", ""Op_Server0"", ""User0"", ""User2""]","[""Enterprise1"", ""Op_Server0"", ""User0"", ""User2""]","{""blue_first_relevant_response_after_critical"": 15, ""blue_first_relevant_response_after_enterprise"": 6, ""enterprise_foothold_step"": 5, ""first_critical_hit_step"": 12, ""window_end"": null, ""window_start"": null}"
ours_stage2_fair_critical_safe_v1,11,stage1_pref_005_ckpt_096,critical_safe_balanced_selected,episode_001,5,5012,27,Q2_user_action_during_critical_breach,high,DecoyHarakaSMPT,User4,User,PrivilegeEscalate,Op_Server0,"[""Op_Server0""]","[""Op_Server0""]","[""Enterprise1"", ""Op_Server0"", ""User0"", ""User2""]","[""Enterprise1"", ""Op_Server0"", ""User0"", ""User2""]","{""blue_first_relevant_response_after_critical"": 15, ""blue_first_relevant_response_after_enterprise"": 6, ""enterprise_foothold_step"": 5, ""first_critical_hit_step"": 12, ""window_end"": null, ""window_start"": null}"
ours_stage2_fair_critical_safe_v1,11,stage1_pref_005_ckpt_096,critical_safe_balanced_selected,episode_001,5,5012,28,Q2_user_action_during_critical_breach,high,DecoyHarakaSMPT,User2,User,Impact,Op_Server0,"[""Op_Server0""]","[""Op_Server0""]","[""Enterprise1"", ""Op_Server0"", ""User0"", ""User2""]","[""Enterprise1"", ""Op_Server0"", ""User0"", ""User2""]","{""blue_first_relevant_response_after_critical"": 15, ""blue_first_relevant_response_after_enterprise"": 6, ""enterprise_foothold_step"": 5, ""first_critical_hit_step"": 12, ""window_end"": null, ""window_start"": null}"
ours_stage2_fair_critical_safe_v1,11,stage1_pref_005_ckpt_096,critical_safe_balanced_selected,episode_001,5,5012,31,Q2_user_action_during_critical_breach,high,DecoyHarakaSMPT,User2,User,Impact,Op_Server0,"[""Op_Server0""]","[""Op_Server0""]","[""Enterprise1"", ""Op_Server0"", ""User0"", ""User2""]","[""Enterprise1"", ""Op_Server0"", ""User0"", ""User2""]","{""blue_first_relevant_response_after_critical"": 15, ""blue_first_relevant_response_after_enterprise"": 6, ""enterprise_foothold_step"": 5, ""first_critical_hit_step"": 12, ""window_end"": null, ""window_start"": null}"
ours_stage2_fair_critical_safe_v1,11,stage1_pref_005_ckpt_096,critical_safe_balanced_selected,episode_001,5,5012,36,Q2_user_action_during_critical_breach,high,DecoyHarakaSMPT,User2,User,Impact,Op_Server0,"[""Op_Server0""]","[""Op_Server0""]","[""Enterprise1"", ""Op_Server0"", ""User0"", ""User2""]","[""Enterprise1"", ""Op_Server0"", ""User0"", ""User2""]","{""blue_first_relevant_response_after_critical"": 15, ""blue_first_relevant_response_after_enterprise"": 6, ""enterprise_foothold_step"": 5, ""first_critical_hit_step"": 12, ""window_end"": null, ""window_start"": null}"
ours_stage2_fair_critical_safe_v1,11,stage1_pref_005_ckpt_096,critical_safe_balanced_selected,episode_001,5,5012,37,Q2_user_action_during_critical_breach,high,DecoyHarakaSMPT,User2,User,Impact,Op_Server0,"[""Op_Server0""]","[""Op_Server0""]","[""Enterprise1"", ""Op_Server0"", ""User0"", ""User2""]","[""Enterprise1"", ""Op_Server0"", ""User0"", ""User2""]","{""blue_first_relevant_response_after_critical"": 15, ""blue_first_relevant_response_after_enterprise"": 6, ""enterprise_foothold_step"": 5, ""first_critical_hit_step"": 12, ""window_end"": null, ""window_start"": null}"
ours_stage2_fair_critical_safe_v1,11,stage1_pref_005_ckpt_096,critical_safe_balanced_selected,episode_001,5,5012,38,Q2_user_action_during_critical_breach,high,Restore,User0,User,Impact,Op_Server0,"[""Op_Server0""]","[""Op_Server0""]","[""Enterprise1"", ""Op_Server0"", ""User0"", ""User2""]","[""Enterprise1"", ""Op_Server0"", ""User0"", ""User2""]","{""blue_first_relevant_response_after_critical"": 15, ""blue_first_relevant_response_after_enterprise"": 6, ""enterprise_foothold_step"": 5, ""first_critical_hit_step"": 12, ""window_end"": null, ""window_start"": null}"
ours_stage2_fair_critical_safe_v1,11,stage1_pref_005_ckpt_096,critical_safe_balanced_selected,episode_001,5,5012,54,Q2_user_action_during_critical_breach,high,DecoyHarakaSMPT,User2,User,PrivilegeEscalate,Op_Server0,"[""Op_Server0""]","[""Op_Server0""]","[""Enterprise1"", ""Op_Server0"", ""User0"", ""User2""]","[""Enterprise1"", ""Op_Server0"", ""User0"", ""User2""]","{""blue_first_relevant_response_after_critical"": 15, ""blue_first_relevant_response_after_enterprise"": 6, ""enterprise_foothold_step"": 5, ""first_critical_hit_step"": 12, ""window_end"": null, ""window_start"": null}"
ours_stage2_fair_critical_safe_v1,11,stage1_pref_005_ckpt_096,critical_safe_balanced_selected,episode_001,5,5012,55,Q2_user_action_during_critical_breach,high,DecoyHarakaSMPT,User2,User,Impact,Op_Server0,"[""Op_Server0""]","[""Op_Server0""]","[""Enterprise1"", ""Op_Server0"", ""User0"", ""User2""]","[""Enterprise1"", ""Op_Server0"", ""User0"", ""User2""]","{""blue_first_relevant_response_after_critical"": 15, ""blue_first_relevant_response_after_enterprise"": 6, ""enterprise_foothold_step"": 5, ""first_critical_hit_step"": 12, ""window_end"": null, ""window_start"": null}"
ours_stage2_fair_critical_safe_v1,11,stage1_pref_005_ckpt_096,critical_safe_balanced_selected,episode_001,5,5012,59,Q2_user_action_during_critical_breach,high,DecoyHarakaSMPT,User2,User,Impact,Op_Server0,"[""Op_Server0""]","[""Op_Server0""]","[""Enterprise1"", ""Op_Server0"", ""User0"", ""User2""]","[""Enterprise1"", ""Op_Server0"", ""User0"", ""User2""]","{""blue_first_relevant_response_after_critical"": 15, ""blue_first_relevant_response_after_enterprise"": 6, ""enterprise_foothold_step"": 5, ""first_critical_hit_step"": 12, ""window_end"": null, ""window_start"": null}"
ours_stage2_fair_critical_safe_v1,11,stage1_pref_005_ckpt_096,critical_safe_balanced_selected,episode_001,5,5012,60,Q2_user_action_during_critical_breach,high,DecoyHarakaSMPT,User1,User,Impact,Op_Server0,"[""Op_Server0""]","[""Op_Server0""]","[""Enterprise1"", ""Op_Server0"", ""User0"", ""User2""]","[""Enterprise1"", ""Op_Server0"", ""User0"", ""User2""]","{""blue_first_relevant_response_after_critical"": 15, ""blue_first_relevant_response_after_enterprise"": 6, ""enterprise_foothold_step"": 5, ""first_critical_hit_step"": 12, ""window_end"": null, ""window_start"": null}"
ours_stage2_fair_critical_safe_v1,11,stage1_pref_005_ckpt_096,critical_safe_balanced_selected,episode_001,5,5012,61,Q2_user_action_during_critical_breach,high,DecoyHarakaSMPT,User2,User,Impact,Op_Server0,"[""Op_Server0""]","[""Op_Server0""]","[""Enterprise1"", ""Op_Server0"", ""User0"", ""User2""]","[""Enterprise1"", ""Op_Server0"", ""User0"", ""User2""]","{""blue_first_relevant_response_after_critical"": 15, ""blue_first_relevant_response_after_enterprise"": 6, ""enterprise_foothold_step"": 5, ""first_critical_hit_step"": 12, ""window_end"": null, ""window_start"": null}"
ours_stage2_fair_critical_safe_v1,11,stage1_pref_005_ckpt_096,critical_safe_balanced_selected,episode_001,5,5012,64,Q2_user_action_during_critical_breach,high,DecoyHarakaSMPT,User2,User,Impact,Op_Server0,"[""Op_Server0""]","[""Op_Server0""]","[""Enterprise1"", ""Op_Server0"", ""User0"", ""User2""]","[""Enterprise1"", ""Op_Server0"", ""User0"", ""User2""]","{""blue_first_relevant_response_after_critical"": 15, ""blue_first_relevant_response_after_enterprise"": 6, ""enterprise_foothold_step"": 5, ""first_critical_hit_step"": 12, ""window_end"": null, ""window_start"": null}"
ours_stage2_fair_critical_safe_v1,11,stage1_pref_005_ckpt_096,critical_safe_balanced_selected,episode_001,5,5012,67,Q2_user_action_during_critical_breach,high,DecoyHarakaSMPT,User2,User,Impact,Op_Server0,"[""Op_Server0""]","[""Op_Server0""]","[""Enterprise1"", ""Op_Server0"", ""User0"", ""User2""]","[""Enterprise1"", ""Op_Server0"", ""User0"", ""User2""]","{""blue_first_relevant_response_after_critical"": 15, ""blue_first_relevant_response_after_enterprise"": 6, ""enterprise_foothold_step"": 5, ""first_critical_hit_step"": 12, ""window_end"": null, ""window_start"": null}"
ours_stage2_fair_critical_safe_v1,11,stage1_pref_005_ckpt_096,critical_safe_balanced_selected,episode_001,5,5012,70,Q2_user_action_during_critical_breach,high,Restore,User0,User,Impact,Op_Server0,"[""Op_Server0""]","[""Op_Server0""]","[""Enterprise1"", ""Op_Server0"", ""User0"", ""User2""]","[""Enterprise1"", ""Op_Server0"", ""User0"", ""User2""]","{""blue_first_relevant_response_after_critical"": 15, ""blue_first_relevant_response_after_enterprise"": 6, ""enterprise_foothold_step"": 5, ""first_critical_hit_step"": 12, ""window_end"": null, ""window_start"": null}"
ours_stage2_fair_critical_safe_v1,11,stage1_pref_005_ckpt_096,critical_safe_balanced_selected,episode_001,5,5012,75,Q2_user_action_during_critical_breach,high,DecoySSHD,User2,User,Impact,Op_Server0,"[""Op_Server0""]","[""Op_Server0""]","[""Enterprise1"", ""Op_Server0"", ""User0"", ""User2""]","[""Enterprise1"", ""Op_Server0"", ""User0"", ""User2""]","{""blue_first_relevant_response_after_critical"": 15, ""blue_first_relevant_response_after_enterprise"": 6, ""enterprise_foothold_step"": 5, ""first_critical_hit_step"": 12, ""window_end"": null, ""window_start"": null}"
ours_stage2_fair_critical_safe_v1,11,stage1_pref_005_ckpt_096,critical_safe_balanced_selected,episode_001,5,5012,77,Q2_user_action_during_critical_breach,high,DecoyHarakaSMPT,User3,User,Impact,Op_Server0,"[""Op_Server0""]","[""Op_Server0""]","[""Enterprise1"", ""Op_Server0"", ""User0"", ""User2""]","[""Enterprise1"", ""Op_Server0"", ""User0"", ""User2""]","{""blue_first_relevant_response_after_critical"": 15, ""blue_first_relevant_response_after_enterprise"": 6, ""enterprise_foothold_step"": 5, ""first_critical_hit_step"": 12, ""window_end"": null, ""window_start"": null}"
ours_stage2_fair_critical_safe_v1,11,stage1_pref_005_ckpt_096,critical_safe_balanced_selected,episode_001,5,5012,81,Q2_user_action_during_critical_breach,high,DecoyApache,User1,User,Impact,Op_Server0,"[""Op_Server0""]","[""Op_Server0""]","[""Enterprise1"", ""Op_Server0"", ""User0"", ""User2""]","[""Enterprise1"", ""Op_Server0"", ""User0"", ""User2""]","{""blue_first_relevant_response_after_critical"": 15, ""blue_first_relevant_response_after_enterprise"": 6, ""enterprise_foothold_step"": 5, ""first_critical_hit_step"": 12, ""window_end"": null, ""window_start"": null}"
ours_stage2_fair_critical_safe_v1,11,stage1_pref_005_ckpt_096,critical_safe_balanced_selected,episode_001,5,5012,82,Q2_user_action_during_critical_breach,high,DecoyHarakaSMPT,User2,User,Impact,Op_Server0,"[""Op_Server0""]","[""Op_Server0""]","[""Enterprise1"", ""Op_Server0"", ""User0"", ""User2""]","[""Enterprise1"", ""Op_Server0"", ""User0"", ""User2""]","{""blue_first_relevant_response_after_critical"": 15, ""blue_first_relevant_response_after_enterprise"": 6, ""enterprise_foothold_step"": 5, ""first_critical_hit_step"": 12, ""window_end"": null, ""window_start"": null}"
ours_stage2_fair_critical_safe_v1,11,stage1_pref_005_ckpt_096,critical_safe_balanced_selected,episode_001,5,5012,83,Q2_user_action_during_critical_breach,high,DecoyHarakaSMPT,User2,User,Impact,Op_Server0,"[""Op_Server0""]","[""Op_Server0""]","[""Enterprise1"", ""Op_Server0"", ""User0"", ""User2""]","[""Enterprise1"", ""Op_Server0"", ""User0"", ""User2""]","{""blue_first_relevant_response_after_critical"": 15, ""blue_first_relevant_response_after_enterprise"": 6, ""enterprise_foothold_step"": 5, ""first_critical_hit_step"": 12, ""window_end"": null, ""window_start"": null}"
ours_stage2_fair_critical_safe_v1,11,stage1_pref_005_ckpt_096,critical_safe_balanced_selected,episode_001,5,5012,91,Q2_user_action_during_critical_breach,high,Remove,User3,User,Impact,Op_Server0,"[""Op_Server0""]","[""Op_Server0""]","[""Enterprise1"", ""Op_Server0"", ""User0"", ""User2""]","[""Enterprise1"", ""Op_Server0"", ""User0"", ""User2""]","{""blue_first_relevant_response_after_critical"": 15, ""blue_first_relevant_response_after_enterprise"": 6, ""enterprise_foothold_step"": 5, ""first_critical_hit_step"": 12, ""window_end"": null, ""window_start"": null}"
ours_stage2_fair_critical_safe_v1,11,stage1_pref_005_ckpt_096,critical_safe_balanced_selected,episode_001,5,5012,94,Q2_user_action_during_critical_breach,high,DecoyHarakaSMPT,User2,User,Impact,Op_Server0,"[""Op_Server0""]","[""Op_Server0""]","[""Enterprise1"", ""Op_Server0"", ""User0"", ""User2""]","[""Enterprise1"", ""Op_Server0"", ""User0"", ""User2""]","{""blue_first_relevant_response_after_critical"": 15, ""blue_first_relevant_response_after_enterprise"": 6, ""enterprise_foothold_step"": 5, ""first_critical_hit_step"": 12, ""window_end"": null, ""window_start"": null}"
ours_stage2_fair_critical_safe_v1,11,stage1_pref_005_ckpt_096,critical_safe_balanced_selected,episode_001,5,5012,99,Q2_user_action_during_critical_breach,high,Restore,User4,User,Impact,Op_Server0,"[""Op_Server0""]","[""Op_Server0""]","[""Enterprise1"", ""Op_Server0"", ""User0"", ""User2""]","[""Enterprise1"", ""Op_Server0"", ""User0"", ""User2""]","{""blue_first_relevant_response_after_critical"": 15, ""blue_first_relevant_response_after_enterprise"": 6, ""enterprise_foothold_step"": 5, ""first_critical_hit_step"": 12, ""window_end"": null, ""window_start"": null}"
ours_stage2_fair_critical_safe_v1,11,stage1_pref_005_ckpt_096,critical_safe_balanced_selected,episode_001,5,5012,36,Q4_user_focus_after_enterprise_foothold,medium,DecoyHarakaSMPT,User2,User,Impact,Op_Server0,"[""Op_Server0""]","[""Op_Server0""]","[""Enterprise1"", ""Op_Server0"", ""User0"", ""User2""]","[""Enterprise1"", ""Op_Server0"", ""User0"", ""User2""]","{""blue_first_relevant_response_after_critical"": 15, ""blue_first_relevant_response_after_enterprise"": 6, ""enterprise_foothold_step"": 5, ""first_critical_hit_step"": 12, ""window_end"": 38, ""window_start"": 36}"
ours_stage2_fair_critical_safe_v1,11,stage1_pref_005_ckpt_096,critical_safe_balanced_selected,episode_001,5,5012,59,Q4_user_focus_after_enterprise_foothold,medium,DecoyHarakaSMPT,User2,User,Impact,Op_Server0,"[""Op_Server0""]","[""Op_Server0""]","[""Enterprise1"", ""Op_Server0"", ""User0"", ""User2""]","[""Enterprise1"", ""Op_Server0"", ""User0"", ""User2""]","{""blue_first_relevant_response_after_critical"": 15, ""blue_first_relevant_response_after_enterprise"": 6, ""enterprise_foothold_step"": 5, ""first_critical_hit_step"": 12, ""window_end"": 61, ""window_start"": 59}"
ours_stage2_fair_critical_safe_v1,11,stage1_pref_005_ckpt_096,critical_safe_balanced_selected,episode_001,5,5012,81,Q4_user_focus_after_enterprise_foothold,medium,DecoyApache,User1,User,Impact,Op_Server0,"[""Op_Server0""]","[""Op_Server0""]","[""Enterprise1"", ""Op_Server0"", ""User0"", ""User2""]","[""Enterprise1"", ""Op_Server0"", ""User0"", ""User2""]","{""blue_first_relevant_response_after_critical"": 15, ""blue_first_relevant_response_after_enterprise"": 6, ""enterprise_foothold_step"": 5, ""first_critical_hit_step"": 12, ""window_end"": 83, ""window_start"": 81}"
ours_stage2_fair_critical_safe_v1,11,stage1_pref_005_ckpt_096,critical_safe_balanced_selected,episode_001,5,5012,28,Q5_repeated_low_value_decoy_loop,medium,DecoyHarakaSMPT,User2,User,Impact,Op_Server0,"[""Op_Server0""]","[""Op_Server0""]","[""Enterprise1"", ""Op_Server0"", ""User0"", ""User2""]","[""Enterprise1"", ""Op_Server0"", ""User0"", ""User2""]","{""blue_first_relevant_response_after_critical"": 15, ""blue_first_relevant_response_after_enterprise"": 6, ""enterprise_foothold_step"": 5, ""first_critical_hit_step"": 12, ""window_end"": 36, ""window_start"": 27}"
ours_stage2_fair_critical_safe_v1,11,stage1_pref_005_ckpt_096,critical_safe_balanced_selected,episode_001,6,6012,21,Q2_user_action_during_critical_breach,high,DecoyHarakaSMPT,User2,User,PrivilegeEscalate,Op_Server0,"[""Op_Server0""]","[""Op_Server0""]","[""Enterprise0"", ""Enterprise2"", ""Op_Server0"", ""User0"", ""User3""]","[""Enterprise0"", ""Enterprise2"", ""Op_Server0"", ""User0"", ""User3""]","{""blue_first_relevant_response_after_critical"": 17, ""blue_first_relevant_response_after_enterprise"": 11, ""enterprise_foothold_step"": 9, ""first_critical_hit_step"": 16, ""window_end"": null, ""window_start"": null}"
ours_stage2_fair_critical_safe_v1,11,stage1_pref_005_ckpt_096,critical_safe_balanced_selected,episode_001,6,6012,22,Q2_user_action_during_critical_breach,high,Restore,User0,User,Impact,Op_Server0,"[""Op_Server0""]","[""Op_Server0""]","[""Enterprise0"", ""Enterprise2"", ""Op_Server0"", ""User0"", ""User3""]","[""Enterprise0"", ""Enterprise2"", ""Op_Server0"", ""User0"", ""User3""]","{""blue_first_relevant_response_after_critical"": 17, ""blue_first_relevant_response_after_enterprise"": 11, ""enterprise_foothold_step"": 9, ""first_critical_hit_step"": 16, ""window_end"": null, ""window_start"": null}"
ours_stage2_fair_critical_safe_v1,11,stage1_pref_005_ckpt_096,critical_safe_balanced_selected,episode_001,6,6012,36,Q2_user_action_during_critical_breach,high,DecoySmss,User1,User,Impact,Op_Server0,"[""Op_Server0""]","[""Op_Server0""]","[""Enterprise0"", ""Op_Server0"", ""User0"", ""User3""]","[""Enterprise0"", ""Op_Server0"", ""User0"", ""User3""]","{""blue_first_relevant_response_after_critical"": 17, ""blue_first_relevant_response_after_enterprise"": 11, ""enterprise_foothold_step"": 9, ""first_critical_hit_step"": 16, ""window_end"": null, ""window_start"": null}"
ours_stage2_fair_critical_safe_v1,11,stage1_pref_005_ckpt_096,critical_safe_balanced_selected,episode_001,6,6012,38,Q2_user_action_during_critical_breach,high,Restore,User0,User,Impact,Op_Server0,"[""Op_Server0""]","[""Op_Server0""]","[""Enterprise0"", ""Op_Server0"", ""User0"", ""User3""]","[""Enterprise0"", ""Op_Server0"", ""User0"", ""User3""]","{""blue_first_relevant_response_after_critical"": 17, ""blue_first_relevant_response_after_enterprise"": 11, ""enterprise_foothold_step"": 9, ""first_critical_hit_step"": 16, ""window_end"": null, ""window_start"": null}"
ours_stage2_fair_critical_safe_v1,11,stage1_pref_005_ckpt_096,critical_safe_balanced_selected,episode_001,6,6012,45,Q2_user_action_during_critical_breach,high,Restore,User0,User,Impact,Op_Server0,"[""Op_Server0""]","[""Op_Server0""]","[""Enterprise0"", ""Op_Server0"", ""User0"", ""User3""]","[""Enterprise0"", ""Op_Server0"", ""User0"", ""User3""]","{""blue_first_relevant_response_after_critical"": 17, ""blue_first_relevant_response_after_enterprise"": 11, ""enterprise_foothold_step"": 9, ""first_critical_hit_step"": 16, ""window_end"": null, ""window_start"": null}"
ours_stage2_fair_critical_safe_v1,11,stage1_pref_005_ckpt_096,critical_safe_balanced_selected,episode_001,6,6012,49,Q2_user_action_during_critical_breach,high,Restore,User0,User,PrivilegeEscalate,Op_Server0,"[""Op_Server0""]","[""Op_Server0""]","[""Enterprise0"", ""Op_Server0"", ""User0"", ""User3""]","[""Enterprise0"", ""Op_Server0"", ""User0"", ""User3""]","{""blue_first_relevant_response_after_critical"": 17, ""blue_first_relevant_response_after_enterprise"": 11, ""enterprise_foothold_step"": 9, ""first_critical_hit_step"": 16, ""window_end"": null, ""window_start"": null}"
ours_stage2_fair_critical_safe_v1,11,stage1_pref_005_ckpt_096,critical_safe_balanced_selected,episode_001,6,6012,50,Q2_user_action_during_critical_breach,high,Restore,User0,User,Impact,Op_Server0,"[""Op_Server0""]","[""Op_Server0""]","[""Enterprise0"", ""Op_Server0"", ""User0"", ""User3""]","[""Enterprise0"", ""Op_Server0"", ""User0"", ""User3""]","{""blue_first_relevant_response_after_critical"": 17, ""blue_first_relevant_response_after_enterprise"": 11, ""enterprise_foothold_step"": 9, ""first_critical_hit_step"": 16, ""window_end"": null, ""window_start"": null}"
ours_stage2_fair_critical_safe_v1,11,stage1_pref_005_ckpt_096,critical_safe_balanced_selected,episode_001,6,6012,53,Q2_user_action_during_critical_breach,high,DecoyHarakaSMPT,User2,User,Impact,Op_Server0,"[""Op_Server0""]","[""Op_Server0""]","[""Enterprise0"", ""Op_Server0"", ""User0"", ""User3""]","[""Enterprise0"", ""Op_Server0"", ""User0"", ""User3""]","{""blue_first_relevant_response_after_critical"": 17, ""blue_first_relevant_response_after_enterprise"": 11, ""enterprise_foothold_step"": 9, ""first_critical_hit_step"": 16, ""window_end"": null, ""window_start"": null}"
ours_stage2_fair_critical_safe_v1,11,stage1_pref_005_ckpt_096,critical_safe_balanced_selected,episode_001,6,6012,59,Q2_user_action_during_critical_breach,high,DecoyHarakaSMPT,User2,User,PrivilegeEscalate,Op_Server0,"[""Op_Server0""]","[""Op_Server0""]","[""Enterprise0"", ""Op_Server0"", ""User0"", ""User3""]","[""Enterprise0"", ""Op_Server0"", ""User0"", ""User3""]","{""blue_first_relevant_response_after_critical"": 17, ""blue_first_relevant_response_after_enterprise"": 11, ""enterprise_foothold_step"": 9, ""first_critical_hit_step"": 16, ""window_end"": null, ""window_start"": null}"
ours_stage2_fair_critical_safe_v1,11,stage1_pref_005_ckpt_096,critical_safe_balanced_selected,episode_001,6,6012,63,Q2_user_action_during_critical_breach,high,DecoySmss,User4,User,PrivilegeEscalate,Op_Server0,"[""Op_Server0""]","[""Op_Server0""]","[""Enterprise0"", ""Op_Server0"", ""User0"", ""User3""]","[""Enterprise0"", ""Op_Server0"", ""User0"", ""User3""]","{""blue_first_relevant_response_after_critical"": 17, ""blue_first_relevant_response_after_enterprise"": 11, ""enterprise_foothold_step"": 9, ""first_critical_hit_step"": 16, ""window_end"": null, ""window_start"": null}"
ours_stage2_fair_critical_safe_v1,11,stage1_pref_005_ckpt_096,critical_safe_balanced_selected,episode_001,6,6012,66,Q2_user_action_during_critical_breach,high,DecoyHarakaSMPT,User2,User,Impact,Op_Server0,"[""Op_Server0""]","[""Op_Server0""]","[""Enterprise0"", ""Op_Server0"", ""User0"", ""User3""]","[""Enterprise0"", ""Op_Server0"", ""User0"", ""User3""]","{""blue_first_relevant_response_after_critical"": 17, ""blue_first_relevant_response_after_enterprise"": 11, ""enterprise_foothold_step"": 9, ""first_critical_hit_step"": 16, ""window_end"": null, ""window_start"": null}"
ours_stage2_fair_critical_safe_v1,11,stage1_pref_005_ckpt_096,critical_safe_balanced_selected,episode_001,6,6012,69,Q2_user_action_during_critical_breach,high,DecoySmss,User4,User,Impact,Op_Server0,"[""Op_Server0""]","[""Op_Server0""]","[""Enterprise0"", ""Op_Server0"", ""User0"", ""User3""]","[""Enterprise0"", ""Op_Server0"", ""User0"", ""User3""]","{""blue_first_relevant_response_after_critical"": 17, ""blue_first_relevant_response_after_enterprise"": 11, ""enterprise_foothold_step"": 9, ""first_critical_hit_step"": 16, ""window_end"": null, ""window_start"": null}"
ours_stage2_fair_critical_safe_v1,11,stage1_pref_005_ckpt_096,critical_safe_balanced_selected,episode_001,6,6012,71,Q2_user_action_during_critical_breach,high,DecoyHarakaSMPT,User2,User,Impact,Op_Server0,"[""Op_Server0""]","[""Op_Server0""]","[""Enterprise0"", ""Op_Server0"", ""User0"", ""User3""]","[""Enterprise0"", ""Op_Server0"", ""User0"", ""User3""]","{""blue_first_relevant_response_after_critical"": 17, ""blue_first_relevant_response_after_enterprise"": 11, ""enterprise_foothold_step"": 9, ""first_critical_hit_step"": 16, ""window_end"": null, ""window_start"": null}"
ours_stage2_fair_critical_safe_v1,11,stage1_pref_005_ckpt_096,critical_safe_balanced_selected,episode_001,6,6012,75,Q2_user_action_during_critical_breach,high,Restore,User0,User,Impact,Op_Server0,"[""Op_Server0""]","[""Op_Server0""]","[""Enterprise0"", ""Op_Server0"", ""User0"", ""User3""]","[""Enterprise0"", ""Op_Server0"", ""User0"", ""User3""]","{""blue_first_relevant_response_after_critical"": 17, ""blue_first_relevant_response_after_enterprise"": 11, ""enterprise_foothold_step"": 9, ""first_critical_hit_step"": 16, ""window_end"": null, ""window_start"": null}"
ours_stage2_fair_critical_safe_v1,11,stage1_pref_005_ckpt_096,critical_safe_balanced_selected,episode_001,6,6012,78,Q2_user_action_during_critical_breach,high,Restore,User0,User,Impact,Op_Server0,"[""Op_Server0""]","[""Op_Server0""]","[""Enterprise0"", ""Op_Server0"", ""User0"", ""User3""]","[""Enterprise0"", ""Op_Server0"", ""User0"", ""User3""]","{""blue_first_relevant_response_after_critical"": 17, ""blue_first_relevant_response_after_enterprise"": 11, ""enterprise_foothold_step"": 9, ""first_critical_hit_step"": 16, ""window_end"": null, ""window_start"": null}"
ours_stage2_fair_critical_safe_v1,11,stage1_pref_005_ckpt_096,critical_safe_balanced_selected,episode_001,6,6012,81,Q2_user_action_during_critical_breach,high,DecoySmss,User4,User,Impact,Op_Server0,"[""Op_Server0""]","[""Op_Server0""]","[""Enterprise0"", ""Op_Server0"", ""User0"", ""User3""]","[""Enterprise0"", ""Op_Server0"", ""User0"", ""User3""]","{""blue_first_relevant_response_after_critical"": 17, ""blue_first_relevant_response_after_enterprise"": 11, ""enterprise_foothold_step"": 9, ""first_critical_hit_step"": 16, ""window_end"": null, ""window_start"": null}"
ours_stage2_fair_critical_safe_v1,11,stage1_pref_005_ckpt_096,critical_safe_balanced_selected,episode_001,6,6012,82,Q2_user_action_during_critical_breach,high,DecoyHarakaSMPT,User2,User,Impact,Op_Server0,"[""Op_Server0""]","[""Op_Server0""]","[""Enterprise0"", ""Op_Server0"", ""User0"", ""User3""]","[""Enterprise0"", ""Op_Server0"", ""User0"", ""User3""]","{""blue_first_relevant_response_after_critical"": 17, ""blue_first_relevant_response_after_enterprise"": 11, ""enterprise_foothold_step"": 9, ""first_critical_hit_step"": 16, ""window_end"": null, ""window_start"": null}"
ours_stage2_fair_critical_safe_v1,11,stage1_pref_005_ckpt_096,critical_safe_balanced_selected,episode_001,6,6012,93,Q2_user_action_during_critical_breach,high,DecoyHarakaSMPT,User2,User,Impact,Op_Server0,"[""Op_Server0""]","[""Op_Server0""]","[""Enterprise0"", ""Op_Server0"", ""User0"", ""User3""]","[""Enterprise0"", ""Op_Server0"", ""User0"", ""User3""]","{""blue_first_relevant_response_after_critical"": 17, ""blue_first_relevant_response_after_enterprise"": 11, ""enterprise_foothold_step"": 9, ""first_critical_hit_step"": 16, ""window_end"": null, ""window_start"": null}"
ours_stage2_fair_critical_safe_v1,11,stage1_pref_005_ckpt_096,critical_safe_balanced_selected,episode_001,6,6012,96,Q2_user_action_during_critical_breach,high,DecoyHarakaSMPT,User2,User,Impact,Op_Server0,"[""Op_Server0""]","[""Op_Server0""]","[""Enterprise0"", ""Op_Server0"", ""User0"", ""User3""]","[""Enterprise0"", ""Op_Server0"", ""User0"", ""User3""]","{""blue_first_relevant_response_after_critical"": 17, ""blue_first_relevant_response_after_enterprise"": 11, ""enterprise_foothold_step"": 9, ""first_critical_hit_step"": 16, ""window_end"": null, ""window_start"": null}"
ours_stage2_fair_critical_safe_v1,11,stage1_pref_005_ckpt_096,critical_safe_balanced_selected,episode_001,6,6012,20,Q4_user_focus_after_enterprise_foothold,medium,Restore,User0,User,ExploitRemoteService,,[],"[""Op_Server0""]","[""Enterprise0"", ""Enterprise2"", ""User0"", ""User3""]","[""Enterprise0"", ""Enterprise2"", ""Op_Server0"", ""User0"", ""User3""]","{""blue_first_relevant_response_after_critical"": 17, ""blue_first_relevant_response_after_enterprise"": 11, ""enterprise_foothold_step"": 9, ""first_critical_hit_step"": 16, ""window_end"": 22, ""window_start"": 20}"
ours_stage2_fair_critical_safe_v1,11,stage1_pref_005_ckpt_096,critical_safe_balanced_selected,episode_001,6,6012,12,Q5_repeated_low_value_decoy_loop,medium,DecoyHarakaSMPT,User2,User,DiscoverNetworkServices,,[],[],"[""Enterprise0"", ""User0"", ""User3""]","[""Enterprise0"", ""User0"", ""User3""]","{""blue_first_relevant_response_after_critical"": 17, ""blue_first_relevant_response_after_enterprise"": 11, ""enterprise_foothold_step"": 9, ""first_critical_hit_step"": 16, ""window_end"": 21, ""window_start"": 12}"
ours_stage2_fair_critical_safe_v1,11,stage1_pref_005_ckpt_096,critical_safe_balanced_selected,episode_001,7,7012,45,Q2_user_action_during_critical_breach,high,Restore,User0,User,PrivilegeEscalate,Op_Server0,"[""Op_Server0""]","[""Op_Server0""]","[""Enterprise0"", ""Enterprise2"", ""Op_Server0"", ""User0"", ""User4""]","[""Enterprise0"", ""Enterprise2"", ""Op_Server0"", ""User0"", ""User4""]","{""blue_first_relevant_response_after_critical"": 47, ""blue_first_relevant_response_after_enterprise"": 40, ""enterprise_foothold_step"": 37, ""first_critical_hit_step"": 44, ""window_end"": null, ""window_start"": null}"
ours_stage2_fair_critical_safe_v1,11,stage1_pref_005_ckpt_096,critical_safe_balanced_selected,episode_001,7,7012,46,Q2_user_action_during_critical_breach,high,DecoyHarakaSMPT,User2,User,Impact,Op_Server0,"[""Op_Server0""]","[""Op_Server0""]","[""Enterprise0"", ""Enterprise2"", ""Op_Server0"", ""User0"", ""User4""]","[""Enterprise0"", ""Enterprise2"", ""Op_Server0"", ""User0"", ""User4""]","{""blue_first_relevant_response_after_critical"": 47, ""blue_first_relevant_response_after_enterprise"": 40, ""enterprise_foothold_step"": 37, ""first_critical_hit_step"": 44, ""window_end"": null, ""window_start"": null}"
ours_stage2_fair_critical_safe_v1,11,stage1_pref_005_ckpt_096,critical_safe_balanced_selected,episode_001,7,7012,49,Q2_user_action_during_critical_breach,high,Restore,User0,User,Impact,Op_Server0,"[""Op_Server0""]","[""Op_Server0""]","[""Enterprise0"", ""Enterprise2"", ""Op_Server0"", ""User0"", ""User4""]","[""Enterprise0"", ""Enterprise2"", ""Op_Server0"", ""User0"", ""User4""]","{""blue_first_relevant_response_after_critical"": 47, ""blue_first_relevant_response_after_enterprise"": 40, ""enterprise_foothold_step"": 37, ""first_critical_hit_step"": 44, ""window_end"": null, ""window_start"": null}"
ours_stage2_fair_critical_safe_v1,11,stage1_pref_005_ckpt_096,critical_safe_balanced_selected,episode_001,7,7012,52,Q2_user_action_during_critical_breach,high,DecoyHarakaSMPT,User2,User,Impact,Op_Server0,"[""Op_Server0""]","[""Op_Server0""]","[""Enterprise0"", ""Enterprise2"", ""Op_Server0"", ""User0"", ""User4""]","[""Enterprise0"", ""Enterprise2"", ""Op_Server0"", ""User0"", ""User4""]","{""blue_first_relevant_response_after_critical"": 47, ""blue_first_relevant_response_after_enterprise"": 40, ""enterprise_foothold_step"": 37, ""first_critical_hit_step"": 44, ""window_end"": null, ""window_start"": null}"
ours_stage2_fair_critical_safe_v1,11,stage1_pref_005_ckpt_096,critical_safe_balanced_selected,episode_001,7,7012,53,Q2_user_action_during_critical_breach,high,DecoyHarakaSMPT,User2,User,Impact,Op_Server0,"[""Op_Server0""]","[""Op_Server0""]","[""Enterprise0"", ""Enterprise2"", ""Op_Server0"", ""User0"", ""User4""]","[""Enterprise0"", ""Enterprise2"", ""Op_Server0"", ""User0"", ""User4""]","{""blue_first_relevant_response_after_critical"": 47, ""blue_first_relevant_response_after_enterprise"": 40, ""enterprise_foothold_step"": 37, ""first_critical_hit_step"": 44, ""window_end"": null, ""window_start"": null}"
ours_stage2_fair_critical_safe_v1,11,stage1_pref_005_ckpt_096,critical_safe_balanced_selected,episode_001,7,7012,55,Q2_user_action_during_critical_breach,high,Restore,User0,User,Impact,Op_Server0,"[""Op_Server0""]","[""Op_Server0""]","[""Enterprise0"", ""Enterprise2"", ""Op_Server0"", ""User0"", ""User4""]","[""Enterprise0"", ""Enterprise2"", ""Op_Server0"", ""User0"", ""User4""]","{""blue_first_relevant_response_after_critical"": 47, ""blue_first_relevant_response_after_enterprise"": 40, ""enterprise_foothold_step"": 37, ""first_critical_hit_step"": 44, ""window_end"": null, ""window_start"": null}"
ours_stage2_fair_critical_safe_v1,11,stage1_pref_005_ckpt_096,critical_safe_balanced_selected,episode_001,7,7012,57,Q2_user_action_during_critical_breach,high,Restore,User0,User,Impact,Op_Server0,"[""Op_Server0""]","[""Op_Server0""]","[""Enterprise0"", ""Enterprise2"", ""Op_Server0"", ""User0"", ""User4""]","[""Enterprise0"", ""Enterprise2"", ""Op_Server0"", ""User0"", ""User4""]","{""blue_first_relevant_response_after_critical"": 47, ""blue_first_relevant_response_after_enterprise"": 40, ""enterprise_foothold_step"": 37, ""first_critical_hit_step"": 44, ""window_end"": null, ""window_start"": null}"
ours_stage2_fair_critical_safe_v1,11,stage1_pref_005_ckpt_096,critical_safe_balanced_selected,episode_001,7,7012,66,Q2_user_action_during_critical_breach,high,DecoyHarakaSMPT,User2,User,Impact,Op_Server0,"[""Op_Server0""]","[""Op_Server0""]","[""Enterprise0"", ""Op_Server0"", ""User0"", ""User4""]","[""Enterprise0"", ""Op_Server0"", ""User0"", ""User4""]","{""blue_first_relevant_response_after_critical"": 47, ""blue_first_relevant_response_after_enterprise"": 40, ""enterprise_foothold_step"": 37, ""first_critical_hit_step"": 44, ""window_end"": null, ""window_start"": null}"
ours_stage2_fair_critical_safe_v1,11,stage1_pref_005_ckpt_096,critical_safe_balanced_selected,episode_001,7,7012,67,Q2_user_action_during_critical_breach,high,DecoyHarakaSMPT,User1,User,Impact,Op_Server0,"[""Op_Server0""]","[""Op_Server0""]","[""Enterprise0"", ""Op_Server0"", ""User0"", ""User4""]","[""Enterprise0"", ""Op_Server0"", ""User0"", ""User4""]","{""blue_first_relevant_response_after_critical"": 47, ""blue_first_relevant_response_after_enterprise"": 40, ""enterprise_foothold_step"": 37, ""first_critical_hit_step"": 44, ""window_end"": null, ""window_start"": null}"
ours_stage2_fair_critical_safe_v1,11,stage1_pref_005_ckpt_096,critical_safe_balanced_selected,episode_001,7,7012,68,Q2_user_action_during_critical_breach,high,DecoyHarakaSMPT,User2,User,Impact,Op_Server0,"[""Op_Server0""]","[""Op_Server0""]","[""Enterprise0"", ""Op_Server0"", ""User0"", ""User4""]","[""Enterprise0"", ""Op_Server0"", ""User0"", ""User4""]","{""blue_first_relevant_response_after_critical"": 47, ""blue_first_relevant_response_after_enterprise"": 40, ""enterprise_foothold_step"": 37, ""first_critical_hit_step"": 44, ""window_end"": null, ""window_start"": null}"
ours_stage2_fair_critical_safe_v1,11,stage1_pref_005_ckpt_096,critical_safe_balanced_selected,episode_001,7,7012,77,Q2_user_action_during_critical_breach,high,DecoyHarakaSMPT,User2,User,Impact,Op_Server0,"[""Op_Server0""]","[""Op_Server0""]","[""Enterprise0"", ""Op_Server0"", ""User0"", ""User4""]","[""Enterprise0"", ""Op_Server0"", ""User0"", ""User4""]","{""blue_first_relevant_response_after_critical"": 47, ""blue_first_relevant_response_after_enterprise"": 40, ""enterprise_foothold_step"": 37, ""first_critical_hit_step"": 44, ""window_end"": null, ""window_start"": null}"
ours_stage2_fair_critical_safe_v1,11,stage1_pref_005_ckpt_096,critical_safe_balanced_selected,episode_001,7,7012,83,Q2_user_action_during_critical_breach,high,DecoyHarakaSMPT,User2,User,Impact,Op_Server0,"[""Op_Server0""]","[""Op_Server0""]","[""Enterprise0"", ""Op_Server0"", ""User0"", ""User4""]","[""Enterprise0"", ""Op_Server0"", ""User0"", ""User4""]","{""blue_first_relevant_response_after_critical"": 47, ""blue_first_relevant_response_after_enterprise"": 40, ""enterprise_foothold_step"": 37, ""first_critical_hit_step"": 44, ""window_end"": null, ""window_start"": null}"
ours_stage2_fair_critical_safe_v1,11,stage1_pref_005_ckpt_096,critical_safe_balanced_selected,episode_001,7,7012,84,Q2_user_action_during_critical_breach,high,Restore,User0,User,Impact,Op_Server0,"[""Op_Server0""]","[""Op_Server0""]","[""Enterprise0"", ""Op_Server0"", ""User0"", ""User4""]","[""Enterprise0"", ""Op_Server0"", ""User0"", ""User4""]","{""blue_first_relevant_response_after_critical"": 47, ""blue_first_relevant_response_after_enterprise"": 40, ""enterprise_foothold_step"": 37, ""first_critical_hit_step"": 44, ""window_end"": null, ""window_start"": null}"
ours_stage2_fair_critical_safe_v1,11,stage1_pref_005_ckpt_096,critical_safe_balanced_selected,episode_001,7,7012,88,Q2_user_action_during_critical_breach,high,DecoyHarakaSMPT,User1,User,PrivilegeEscalate,Op_Server0,"[""Op_Server0""]","[""Op_Server0""]","[""Enterprise0"", ""Op_Server0"", ""User0"", ""User4""]","[""Enterprise0"", ""Op_Server0"", ""User0"", ""User4""]","{""blue_first_relevant_response_after_critical"": 47, ""blue_first_relevant_response_after_enterprise"": 40, ""enterprise_foothold_step"": 37, ""first_critical_hit_step"": 44, ""window_end"": null, ""window_start"": null}"
ours_stage2_fair_critical_safe_v1,11,stage1_pref_005_ckpt_096,critical_safe_balanced_selected,episode_001,7,7012,92,Q2_user_action_during_critical_breach,high,DecoyVsftpd,User1,User,PrivilegeEscalate,Op_Server0,"[""Op_Server0""]","[""Op_Server0""]","[""Enterprise0"", ""Op_Server0"", ""User0"", ""User4""]","[""Enterprise0"", ""Op_Server0"", ""User0"", ""User4""]","{""blue_first_relevant_response_after_critical"": 47, ""blue_first_relevant_response_after_enterprise"": 40, ""enterprise_foothold_step"": 37, ""first_critical_hit_step"": 44, ""window_end"": null, ""window_start"": null}"
ours_stage2_fair_critical_safe_v1,11,stage1_pref_005_ckpt_096,critical_safe_balanced_selected,episode_001,7,7012,93,Q2_user_action_during_critical_breach,high,Restore,User3,User,Impact,Op_Server0,"[""Op_Server0""]","[""Op_Server0""]","[""Enterprise0"", ""Op_Server0"", ""User0"", ""User4""]","[""Enterprise0"", ""Op_Server0"", ""User0"", ""User4""]","{""blue_first_relevant_response_after_critical"": 47, ""blue_first_relevant_response_after_enterprise"": 40, ""enterprise_foothold_step"": 37, ""first_critical_hit_step"": 44, ""window_end"": null, ""window_start"": null}"
ours_stage2_fair_critical_safe_v1,11,stage1_pref_005_ckpt_096,critical_safe_balanced_selected,episode_001,7,7012,94,Q2_user_action_during_critical_breach,high,Restore,User0,User,Impact,Op_Server0,"[""Op_Server0""]","[""Op_Server0""]","[""Enterprise0"", ""Op_Server0"", ""User0"", ""User4""]","[""Enterprise0"", ""Op_Server0"", ""User0"", ""User4""]","{""blue_first_relevant_response_after_critical"": 47, ""blue_first_relevant_response_after_enterprise"": 40, ""enterprise_foothold_step"": 37, ""first_critical_hit_step"": 44, ""window_end"": null, ""window_start"": null}"
ours_stage2_fair_critical_safe_v1,11,stage1_pref_005_ckpt_096,critical_safe_balanced_selected,episode_001,7,7012,44,Q4_user_focus_after_enterprise_foothold,medium,DecoyHarakaSMPT,User2,User,ExploitRemoteService,,[],"[""Op_Server0""]","[""Enterprise0"", ""Enterprise2"", ""User0"", ""User4""]","[""Enterprise0"", ""Enterprise2"", ""Op_Server0"", ""User0"", ""User4""]","{""blue_first_relevant_response_after_critical"": 47, ""blue_first_relevant_response_after_enterprise"": 40, ""enterprise_foothold_step"": 37, ""first_critical_hit_step"": 44, ""window_end"": 46, ""window_start"": 44}"
ours_stage2_fair_critical_safe_v1,11,stage1_pref_005_ckpt_096,critical_safe_balanced_selected,episode_001,7,7012,66,Q4_user_focus_after_enterprise_foothold,medium,DecoyHarakaSMPT,User2,User,Impact,Op_Server0,"[""Op_Server0""]","[""Op_Server0""]","[""Enterprise0"", ""Op_Server0"", ""User0"", ""User4""]","[""Enterprise0"", ""Op_Server0"", ""User0"", ""User4""]","{""blue_first_relevant_response_after_critical"": 47, ""blue_first_relevant_response_after_enterprise"": 40, ""enterprise_foothold_step"": 37, ""first_critical_hit_step"": 44, ""window_end"": 68, ""window_start"": 66}"
ours_stage2_fair_critical_safe_v1,11,stage1_pref_005_ckpt_096,critical_safe_balanced_selected,episode_001,7,7012,92,Q4_user_focus_after_enterprise_foothold,medium,DecoyVsftpd,User1,User,PrivilegeEscalate,Op_Server0,"[""Op_Server0""]","[""Op_Server0""]","[""Enterprise0"", ""Op_Server0"", ""User0"", ""User4""]","[""Enterprise0"", ""Op_Server0"", ""User0"", ""User4""]","{""blue_first_relevant_response_after_critical"": 47, ""blue_first_relevant_response_after_enterprise"": 40, ""enterprise_foothold_step"": 37, ""first_critical_hit_step"": 44, ""window_end"": 94, ""window_start"": 92}"
ours_stage2_fair_critical_safe_v1,11,stage1_pref_005_ckpt_096,critical_safe_balanced_selected,episode_001,7,7012,44,Q5_repeated_low_value_decoy_loop,medium,DecoyHarakaSMPT,User2,User,ExploitRemoteService,,[],"[""Op_Server0""]","[""Enterprise0"", ""Enterprise2"", ""User0"", ""User4""]","[""Enterprise0"", ""Enterprise2"", ""Op_Server0"", ""User0"", ""User4""]","{""blue_first_relevant_response_after_critical"": 47, ""blue_first_relevant_response_after_enterprise"": 40, ""enterprise_foothold_step"": 37, ""first_critical_hit_step"": 44, ""window_end"": 52, ""window_start"": 43}"
ours_stage2_fair_critical_safe_v1,11,stage1_pref_005_ckpt_096,critical_safe_balanced_selected,episode_002,0,13,17,Q2_user_action_during_critical_breach,high,Restore,User0,User,Impact,Op_Server0,"[""Op_Server0""]","[""Op_Server0""]","[""Enterprise1"", ""Enterprise2"", ""Op_Server0"", ""User0"", ""User2""]","[""Enterprise1"", ""Enterprise2"", ""Op_Server0"", ""User0"", ""User2""]","{""blue_first_relevant_response_after_critical"": 13, ""blue_first_relevant_response_after_enterprise"": 7, ""enterprise_foothold_step"": 5, ""first_critical_hit_step"": 12, ""window_end"": null, ""window_start"": null}"
ours_stage2_fair_critical_safe_v1,11,stage1_pref_005_ckpt_096,critical_safe_balanced_selected,episode_002,0,13,18,Q2_user_action_during_critical_breach,high,DecoyApache,User3,User,Impact,Op_Server0,"[""Op_Server0""]","[""Op_Server0""]","[""Enterprise1"", ""Enterprise2"", ""Op_Server0"", ""User0"", ""User2""]","[""Enterprise1"", ""Enterprise2"", ""Op_Server0"", ""User0"", ""User2""]","{""blue_first_relevant_response_after_critical"": 13, ""blue_first_relevant_response_after_enterprise"": 7, ""enterprise_foothold_step"": 5, ""first_critical_hit_step"": 12, ""window_end"": null, ""window_start"": null}"
ours_stage2_fair_critical_safe_v1,11,stage1_pref_005_ckpt_096,critical_safe_balanced_selected,episode_002,0,13,20,Q2_user_action_during_critical_breach,high,Restore,User0,User,Impact,Op_Server0,"[""Op_Server0""]","[""Op_Server0""]","[""Enterprise1"", ""Op_Server0"", ""User0"", ""User2""]","[""Enterprise1"", ""Op_Server0"", ""User0"", ""User2""]","{""blue_first_relevant_response_after_critical"": 13, ""blue_first_relevant_response_after_enterprise"": 7, ""enterprise_foothold_step"": 5, ""first_critical_hit_step"": 12, ""window_end"": null, ""window_start"": null}"
ours_stage2_fair_critical_safe_v1,11,stage1_pref_005_ckpt_096,critical_safe_balanced_selected,episode_002,0,13,27,Q2_user_action_during_critical_breach,high,Restore,User0,User,PrivilegeEscalate,Op_Server0,"[""Op_Server0""]","[""Op_Server0""]","[""Enterprise1"", ""Op_Server0"", ""User0"", ""User2""]","[""Enterprise1"", ""Op_Server0"", ""User0"", ""User2""]","{""blue_first_relevant_response_after_critical"": 13, ""blue_first_relevant_response_after_enterprise"": 7, ""enterprise_foothold_step"": 5, ""first_critical_hit_step"": 12, ""window_end"": null, ""window_start"": null}"
ours_stage2_fair_critical_safe_v1,11,stage1_pref_005_ckpt_096,critical_safe_balanced_selected,episode_002,0,13,29,Q2_user_action_during_critical_breach,high,DecoyHarakaSMPT,User2,User,Impact,Op_Server0,"[""Op_Server0""]","[""Op_Server0""]","[""Enterprise1"", ""Op_Server0"", ""User0"", ""User2""]","[""Enterprise1"", ""Op_Server0"", ""User0"", ""User2""]","{""blue_first_relevant_response_after_critical"": 13, ""blue_first_relevant_response_after_enterprise"": 7, ""enterprise_foothold_step"": 5, ""first_critical_hit_step"": 12, ""window_end"": null, ""window_start"": null}"
ours_stage2_fair_critical_safe_v1,11,stage1_pref_005_ckpt_096,critical_safe_balanced_selected,episode_002,0,13,31,Q2_user_action_during_critical_breach,high,DecoyHarakaSMPT,User1,User,Impact,Op_Server0,"[""Op_Server0""]","[""Op_Server0""]","[""Enterprise1"", ""Op_Server0"", ""User0"", ""User2""]","[""Enterprise1"", ""Op_Server0"", ""User0"", ""User2""]","{""blue_first_relevant_response_after_critical"": 13, ""blue_first_relevant_response_after_enterprise"": 7, ""enterprise_foothold_step"": 5, ""first_critical_hit_step"": 12, ""window_end"": null, ""window_start"": null}"
ours_stage2_fair_critical_safe_v1,11,stage1_pref_005_ckpt_096,critical_safe_balanced_selected,episode_002,0,13,47,Q2_user_action_during_critical_breach,high,DecoyHarakaSMPT,User2,User,Impact,Op_Server0,"[""Op_Server0""]","[""Op_Server0""]","[""Enterprise1"", ""Op_Server0"", ""User0"", ""User2""]","[""Enterprise1"", ""Op_Server0"", ""User0"", ""User2""]","{""blue_first_relevant_response_after_critical"": 13, ""blue_first_relevant_response_after_enterprise"": 7, ""enterprise_foothold_step"": 5, ""first_critical_hit_step"": 12, ""window_end"": null, ""window_start"": null}"
ours_stage2_fair_critical_safe_v1,11,stage1_pref_005_ckpt_096,critical_safe_balanced_selected,episode_002,0,13,48,Q2_user_action_during_critical_breach,high,DecoyHarakaSMPT,User2,User,Impact,Op_Server0,"[""Op_Server0""]","[""Op_Server0""]","[""Enterprise1"", ""Op_Server0"", ""User0"", ""User2""]","[""Enterprise1"", ""Op_Server0"", ""User0"", ""User2""]","{""blue_first_relevant_response_after_critical"": 13, ""blue_first_relevant_response_after_enterprise"": 7, ""enterprise_foothold_step"": 5, ""first_critical_hit_step"": 12, ""window_end"": null, ""window_start"": null}"
ours_stage2_fair_critical_safe_v1,11,stage1_pref_005_ckpt_096,critical_safe_balanced_selected,episode_002,0,13,50,Q2_user_action_during_critical_breach,high,DecoyHarakaSMPT,User2,User,Impact,Op_Server0,"[""Op_Server0""]","[""Op_Server0""]","[""Enterprise1"", ""Op_Server0"", ""User0"", ""User2""]","[""Enterprise1"", ""Op_Server0"", ""User0"", ""User2""]","{""blue_first_relevant_response_after_critical"": 13, ""blue_first_relevant_response_after_enterprise"": 7, ""enterprise_foothold_step"": 5, ""first_critical_hit_step"": 12, ""window_end"": null, ""window_start"": null}"
ours_stage2_fair_critical_safe_v1,11,stage1_pref_005_ckpt_096,critical_safe_balanced_selected,episode_002,0,13,51,Q2_user_action_during_critical_breach,high,DecoyHarakaSMPT,User2,User,Impact,Op_Server0,"[""Op_Server0""]","[""Op_Server0""]","[""Enterprise1"", ""Op_Server0"", ""User0"", ""User2""]","[""Enterprise1"", ""Op_Server0"", ""User0"", ""User2""]","{""blue_first_relevant_response_after_critical"": 13, ""blue_first_relevant_response_after_enterprise"": 7, ""enterprise_foothold_step"": 5, ""first_critical_hit_step"": 12, ""window_end"": null, ""window_start"": null}"
ours_stage2_fair_critical_safe_v1,11,stage1_pref_005_ckpt_096,critical_safe_balanced_selected,episode_002,0,13,52,Q2_user_action_during_critical_breach,high,DecoySmss,User4,User,Impact,Op_Server0,"[""Op_Server0""]","[""Op_Server0""]","[""Enterprise1"", ""Op_Server0"", ""User0"", ""User2""]","[""Enterprise1"", ""Op_Server0"", ""User0"", ""User2""]","{""blue_first_relevant_response_after_critical"": 13, ""blue_first_relevant_response_after_enterprise"": 7, ""enterprise_foothold_step"": 5, ""first_critical_hit_step"": 12, ""window_end"": null, ""window_start"": null}"
ours_stage2_fair_critical_safe_v1,11,stage1_pref_005_ckpt_096,critical_safe_balanced_selected,episode_002,0,13,56,Q2_user_action_during_critical_breach,high,Restore,User4,User,Impact,Op_Server0,"[""Op_Server0""]","[""Op_Server0""]","[""Enterprise1"", ""Op_Server0"", ""User0"", ""User2""]","[""Enterprise1"", ""Op_Server0"", ""User0"", ""User2""]","{""blue_first_relevant_response_after_critical"": 13, ""blue_first_relevant_response_after_enterprise"": 7, ""enterprise_foothold_step"": 5, ""first_critical_hit_step"": 12, ""window_end"": null, ""window_start"": null}"
ours_stage2_fair_critical_safe_v1,11,stage1_pref_005_ckpt_096,critical_safe_balanced_selected,episode_002,0,13,58,Q2_user_action_during_critical_breach,high,DecoyHarakaSMPT,User2,User,Impact,Op_Server0,"[""Op_Server0""]","[""Op_Server0""]","[""Enterprise1"", ""Op_Server0"", ""User0"", ""User2""]","[""Enterprise1"", ""Op_Server0"", ""User0"", ""User2""]","{""blue_first_relevant_response_after_critical"": 13, ""blue_first_relevant_response_after_enterprise"": 7, ""enterprise_foothold_step"": 5, ""first_critical_hit_step"": 12, ""window_end"": null, ""window_start"": null}"
ours_stage2_fair_critical_safe_v1,11,stage1_pref_005_ckpt_096,critical_safe_balanced_selected,episode_002,0,13,61,Q2_user_action_during_critical_breach,high,DecoyHarakaSMPT,User2,User,Impact,Op_Server0,"[""Op_Server0""]","[""Op_Server0""]","[""Enterprise1"", ""Op_Server0"", ""User0"", ""User2""]","[""Enterprise1"", ""Op_Server0"", ""User0"", ""User2""]","{""blue_first_relevant_response_after_critical"": 13, ""blue_first_relevant_response_after_enterprise"": 7, ""enterprise_foothold_step"": 5, ""first_critical_hit_step"": 12, ""window_end"": null, ""window_start"": null}"
ours_stage2_fair_critical_safe_v1,11,stage1_pref_005_ckpt_096,critical_safe_balanced_selected,episode_002,0,13,68,Q2_user_action_during_critical_breach,high,DecoySSHD,User2,User,PrivilegeEscalate,Op_Server0,"[""Op_Server0""]","[""Op_Server0""]","[""Enterprise1"", ""Op_Server0"", ""User0"", ""User2""]","[""Enterprise1"", ""Op_Server0"", ""User0"", ""User2""]","{""blue_first_relevant_response_after_critical"": 13, ""blue_first_relevant_response_after_enterprise"": 7, ""enterprise_foothold_step"": 5, ""first_critical_hit_step"": 12, ""window_end"": null, ""window_start"": null}"
ours_stage2_fair_critical_safe_v1,11,stage1_pref_005_ckpt_096,critical_safe_balanced_selected,episode_002,0,13,69,Q2_user_action_during_critical_breach,high,DecoySSHD,User2,User,Impact,Op_Server0,"[""Op_Server0""]","[""Op_Server0""]","[""Enterprise1"", ""Op_Server0"", ""User0"", ""User2""]","[""Enterprise1"", ""Op_Server0"", ""User0"", ""User2""]","{""blue_first_relevant_response_after_critical"": 13, ""blue_first_relevant_response_after_enterprise"": 7, ""enterprise_foothold_step"": 5, ""first_critical_hit_step"": 12, ""window_end"": null, ""window_start"": null}"
ours_stage2_fair_critical_safe_v1,11,stage1_pref_005_ckpt_096,critical_safe_balanced_selected,episode_002,0,13,71,Q2_user_action_during_critical_breach,high,DecoyHarakaSMPT,User2,User,Impact,Op_Server0,"[""Op_Server0""]","[""Op_Server0""]","[""Enterprise1"", ""Op_Server0"", ""User0"", ""User2""]","[""Enterprise1"", ""Op_Server0"", ""User0"", ""User2""]","{""blue_first_relevant_response_after_critical"": 13, ""blue_first_relevant_response_after_enterprise"": 7, ""enterprise_foothold_step"": 5, ""first_critical_hit_step"": 12, ""window_end"": null, ""window_start"": null}"
ours_stage2_fair_critical_safe_v1,11,stage1_pref_005_ckpt_096,critical_safe_balanced_selected,episode_002,0,13,73,Q2_user_action_during_critical_breach,high,Restore,User0,User,Impact,Op_Server0,"[""Op_Server0""]","[""Op_Server0""]","[""Enterprise1"", ""Op_Server0"", ""User0"", ""User2""]","[""Enterprise1"", ""Op_Server0"", ""User0"", ""User2""]","{""blue_first_relevant_response_after_critical"": 13, ""blue_first_relevant_response_after_enterprise"": 7, ""enterprise_foothold_step"": 5, ""first_critical_hit_step"": 12, ""window_end"": null, ""window_start"": null}"
ours_stage2_fair_critical_safe_v1,11,stage1_pref_005_ckpt_096,critical_safe_balanced_selected,episode_002,0,13,74,Q2_user_action_during_critical_breach,high,Restore,User0,User,Impact,Op_Server0,"[""Op_Server0""]","[""Op_Server0""]","[""Enterprise1"", ""Op_Server0"", ""User0"", ""User2""]","[""Enterprise1"", ""Op_Server0"", ""User0"", ""User2""]","{""blue_first_relevant_response_after_critical"": 13, ""blue_first_relevant_response_after_enterprise"": 7, ""enterprise_foothold_step"": 5, ""first_critical_hit_step"": 12, ""window_end"": null, ""window_start"": null}"
ours_stage2_fair_critical_safe_v1,11,stage1_pref_005_ckpt_096,critical_safe_balanced_selected,episode_002,0,13,76,Q2_user_action_during_critical_breach,high,Restore,User0,User,Impact,Op_Server0,"[""Op_Server0""]","[""Op_Server0""]","[""Enterprise1"", ""Op_Server0"", ""User0"", ""User2""]","[""Enterprise1"", ""Op_Server0"", ""User0"", ""User2""]","{""blue_first_relevant_response_after_critical"": 13, ""blue_first_relevant_response_after_enterprise"": 7, ""enterprise_foothold_step"": 5, ""first_critical_hit_step"": 12, ""window_end"": null, ""window_start"": null}"
ours_stage2_fair_critical_safe_v1,11,stage1_pref_005_ckpt_096,critical_safe_balanced_selected,episode_002,0,13,82,Q2_user_action_during_critical_breach,high,DecoySSHD,User2,User,Impact,Op_Server0,"[""Op_Server0""]","[""Op_Server0""]","[""Enterprise1"", ""Op_Server0"", ""User0"", ""User2""]","[""Enterprise1"", ""Op_Server0"", ""User0"", ""User2""]","{""blue_first_relevant_response_after_critical"": 13, ""blue_first_relevant_response_after_enterprise"": 7, ""enterprise_foothold_step"": 5, ""first_critical_hit_step"": 12, ""window_end"": null, ""window_start"": null}"
ours_stage2_fair_critical_safe_v1,11,stage1_pref_005_ckpt_096,critical_safe_balanced_selected,episode_002,0,13,92,Q2_user_action_during_critical_breach,high,Restore,User0,User,Impact,Op_Server0,"[""Op_Server0""]","[""Op_Server0""]","[""Enterprise1"", ""Op_Server0"", ""User0"", ""User2""]","[""Enterprise1"", ""Op_Server0"", ""User0"", ""User2""]","{""blue_first_relevant_response_after_critical"": 13, ""blue_first_relevant_response_after_enterprise"": 7, ""enterprise_foothold_step"": 5, ""first_critical_hit_step"": 12, ""window_end"": null, ""window_start"": null}"
ours_stage2_fair_critical_safe_v1,11,stage1_pref_005_ckpt_096,critical_safe_balanced_selected,episode_002,0,13,94,Q2_user_action_during_critical_breach,high,Restore,User0,User,Impact,Op_Server0,"[""Op_Server0""]","[""Op_Server0""]","[""Enterprise1"", ""Op_Server0"", ""User0"", ""User2""]","[""Enterprise1"", ""Op_Server0"", ""User0"", ""User2""]","{""blue_first_relevant_response_after_critical"": 13, ""blue_first_relevant_response_after_enterprise"": 7, ""enterprise_foothold_step"": 5, ""first_critical_hit_step"": 12, ""window_end"": null, ""window_start"": null}"
ours_stage2_fair_critical_safe_v1,11,stage1_pref_005_ckpt_096,critical_safe_balanced_selected,episode_002,0,13,98,Q2_user_action_during_critical_breach,high,Restore,User0,User,Impact,Op_Server0,"[""Op_Server0""]","[""Op_Server0""]","[""Enterprise1"", ""Op_Server0"", ""User0"", ""User2""]","[""Enterprise1"", ""Op_Server0"", ""User0"", ""User2""]","{""blue_first_relevant_response_after_critical"": 13, ""blue_first_relevant_response_after_enterprise"": 7, ""enterprise_foothold_step"": 5, ""first_critical_hit_step"": 12, ""window_end"": null, ""window_start"": null}"
ours_stage2_fair_critical_safe_v1,11,stage1_pref_005_ckpt_096,critical_safe_balanced_selected,episode_002,0,13,50,Q4_user_focus_after_enterprise_foothold,medium,DecoyHarakaSMPT,User2,User,Impact,Op_Server0,"[""Op_Server0""]","[""Op_Server0""]","[""Enterprise1"", ""Op_Server0"", ""User0"", ""User2""]","[""Enterprise1"", ""Op_Server0"", ""User0"", ""User2""]","{""blue_first_relevant_response_after_critical"": 13, ""blue_first_relevant_response_after_enterprise"": 7, ""enterprise_foothold_step"": 5, ""first_critical_hit_step"": 12, ""window_end"": 52, ""window_start"": 50}"
ours_stage2_fair_critical_safe_v1,11,stage1_pref_005_ckpt_096,critical_safe_balanced_selected,episode_002,0,13,47,Q5_repeated_low_value_decoy_loop,medium,DecoyHarakaSMPT,User2,User,Impact,Op_Server0,"[""Op_Server0""]","[""Op_Server0""]","[""Enterprise1"", ""Op_Server0"", ""User0"", ""User2""]","[""Enterprise1"", ""Op_Server0"", ""User0"", ""User2""]","{""blue_first_relevant_response_after_critical"": 13, ""blue_first_relevant_response_after_enterprise"": 7, ""enterprise_foothold_step"": 5, ""first_critical_hit_step"": 12, ""window_end"": 50, ""window_start"": 41}"
ours_stage2_fair_critical_safe_v1,11,stage1_pref_005_ckpt_096,critical_safe_balanced_selected,episode_002,1,1013,23,Q2_user_action_during_critical_breach,high,DecoyHarakaSMPT,User2,User,Impact,Op_Server0,"[""Op_Server0""]","[""Op_Server0""]","[""Enterprise0"", ""Enterprise2"", ""Op_Server0"", ""User0"", ""User3""]","[""Enterprise0"", ""Enterprise2"", ""Op_Server0"", ""User0"", ""User3""]","{""blue_first_relevant_response_after_critical"": 18, ""blue_first_relevant_response_after_enterprise"": 12, ""enterprise_foothold_step"": 9, ""first_critical_hit_step"": 16, ""window_end"": null, ""window_start"": null}"
ours_stage2_fair_critical_safe_v1,11,stage1_pref_005_ckpt_096,critical_safe_balanced_selected,episode_002,1,1013,27,Q2_user_action_during_critical_breach,high,DecoyHarakaSMPT,User2,User,Impact,Op_Server0,"[""Op_Server0""]","[""Op_Server0""]","[""Enterprise0"", ""Enterprise2"", ""Op_Server0"", ""User0"", ""User3""]","[""Enterprise0"", ""Enterprise2"", ""Op_Server0"", ""User0"", ""User3""]","{""blue_first_relevant_response_after_critical"": 18, ""blue_first_relevant_response_after_enterprise"": 12, ""enterprise_foothold_step"": 9, ""first_critical_hit_step"": 16, ""window_end"": null, ""window_start"": null}"
ours_stage2_fair_critical_safe_v1,11,stage1_pref_005_ckpt_096,critical_safe_balanced_selected,episode_002,1,1013,32,Q2_user_action_during_critical_breach,high,DecoySSHD,User3,User,Impact,Op_Server0,"[""Op_Server0""]","[""Op_Server0""]","[""Enterprise0"", ""Enterprise2"", ""Op_Server0"", ""User0"", ""User3""]","[""Enterprise0"", ""Enterprise2"", ""Op_Server0"", ""User0"", ""User3""]","{""blue_first_relevant_response_after_critical"": 18, ""blue_first_relevant_response_after_enterprise"": 12, ""enterprise_foothold_step"": 9, ""first_critical_hit_step"": 16, ""window_end"": null, ""window_start"": null}"
ours_stage2_fair_critical_safe_v1,11,stage1_pref_005_ckpt_096,critical_safe_balanced_selected,episode_002,1,1013,33,Q2_user_action_during_critical_breach,high,DecoyHarakaSMPT,User2,User,Impact,Op_Server0,"[""Op_Server0""]","[""Op_Server0""]","[""Enterprise0"", ""Enterprise2"", ""Op_Server0"", ""User0"", ""User3""]","[""Enterprise0"", ""Enterprise2"", ""Op_Server0"", ""User0"", ""User3""]","{""blue_first_relevant_response_after_critical"": 18, ""blue_first_relevant_response_after_enterprise"": 12, ""enterprise_foothold_step"": 9, ""first_critical_hit_step"": 16, ""window_end"": null, ""window_start"": null}"
ours_stage2_fair_critical_safe_v1,11,stage1_pref_005_ckpt_096,critical_safe_balanced_selected,episode_002,1,1013,40,Q2_user_action_during_critical_breach,high,DecoyHarakaSMPT,User2,User,Impact,Op_Server0,"[""Op_Server0""]","[""Op_Server0""]","[""Enterprise0"", ""Op_Server0"", ""User0"", ""User3""]","[""Enterprise0"", ""Op_Server0"", ""User0"", ""User3""]","{""blue_first_relevant_response_after_critical"": 18, ""blue_first_relevant_response_after_enterprise"": 12, ""enterprise_foothold_step"": 9, ""first_critical_hit_step"": 16, ""window_end"": null, ""window_start"": null}"
ours_stage2_fair_critical_safe_v1,11,stage1_pref_005_ckpt_096,critical_safe_balanced_selected,episode_002,1,1013,46,Q2_user_action_during_critical_breach,high,Restore,User0,User,Impact,Op_Server0,"[""Op_Server0""]","[""Op_Server0""]","[""Enterprise0"", ""Op_Server0"", ""User0"", ""User3""]","[""Enterprise0"", ""Op_Server0"", ""User0"", ""User3""]","{""blue_first_relevant_response_after_critical"": 18, ""blue_first_relevant_response_after_enterprise"": 12, ""enterprise_foothold_step"": 9, ""first_critical_hit_step"": 16, ""window_end"": null, ""window_start"": null}"
ours_stage2_fair_critical_safe_v1,11,stage1_pref_005_ckpt_096,critical_safe_balanced_selected,episode_002,1,1013,48,Q2_user_action_during_critical_breach,high,DecoySSHD,User2,User,Impact,Op_Server0,"[""Op_Server0""]","[""Op_Server0""]","[""Enterprise0"", ""Op_Server0"", ""User0"", ""User3""]","[""Enterprise0"", ""Op_Server0"", ""User0"", ""User3""]","{""blue_first_relevant_response_after_critical"": 18, ""blue_first_relevant_response_after_enterprise"": 12, ""enterprise_foothold_step"": 9, ""first_critical_hit_step"": 16, ""window_end"": null, ""window_start"": null}"
ours_stage2_fair_critical_safe_v1,11,stage1_pref_005_ckpt_096,critical_safe_balanced_selected,episode_002,1,1013,49,Q2_user_action_during_critical_breach,high,DecoyHarakaSMPT,User2,User,Impact,Op_Server0,"[""Op_Server0""]","[""Op_Server0""]","[""Enterprise0"", ""Op_Server0"", ""User0"", ""User3""]","[""Enterprise0"", ""Op_Server0"", ""User0"", ""User3""]","{""blue_first_relevant_response_after_critical"": 18, ""blue_first_relevant_response_after_enterprise"": 12, ""enterprise_foothold_step"": 9, ""first_critical_hit_step"": 16, ""window_end"": null, ""window_start"": null}"
ours_stage2_fair_critical_safe_v1,11,stage1_pref_005_ckpt_096,critical_safe_balanced_selected,episode_002,1,1013,50,Q2_user_action_during_critical_breach,high,Restore,User0,User,Impact,Op_Server0,"[""Op_Server0""]","[""Op_Server0""]","[""Enterprise0"", ""Op_Server0"", ""User0"", ""User3""]","[""Enterprise0"", ""Op_Server0"", ""User0"", ""User3""]","{""blue_first_relevant_response_after_critical"": 18, ""blue_first_relevant_response_after_enterprise"": 12, ""enterprise_foothold_step"": 9, ""first_critical_hit_step"": 16, ""window_end"": null, ""window_start"": null}"
ours_stage2_fair_critical_safe_v1,11,stage1_pref_005_ckpt_096,critical_safe_balanced_selected,episode_002,1,1013,55,Q2_user_action_during_critical_breach,high,Restore,User0,User,PrivilegeEscalate,Op_Server0,"[""Op_Server0""]","[""Op_Server0""]","[""Enterprise0"", ""Op_Server0"", ""User0"", ""User3""]","[""Enterprise0"", ""Op_Server0"", ""User0"", ""User3""]","{""blue_first_relevant_response_after_critical"": 18, ""blue_first_relevant_response_after_enterprise"": 12, ""enterprise_foothold_step"": 9, ""first_critical_hit_step"": 16, ""window_end"": null, ""window_start"": null}"
ours_stage2_fair_critical_safe_v1,11,stage1_pref_005_ckpt_096,critical_safe_balanced_selected,episode_002,1,1013,58,Q2_user_action_during_critical_breach,high,Restore,User0,User,Impact,Op_Server0,"[""Op_Server0""]","[""Op_Server0""]","[""Enterprise0"", ""Op_Server0"", ""User0"", ""User3""]","[""Enterprise0"", ""Op_Server0"", ""User0"", ""User3""]","{""blue_first_relevant_response_after_critical"": 18, ""blue_first_relevant_response_after_enterprise"": 12, ""enterprise_foothold_step"": 9, ""first_critical_hit_step"": 16, ""window_end"": null, ""window_start"": null}"
ours_stage2_fair_critical_safe_v1,11,stage1_pref_005_ckpt_096,critical_safe_balanced_selected,episode_002,1,1013,62,Q2_user_action_during_critical_breach,high,DecoySvchost,User4,User,Impact,Op_Server0,"[""Op_Server0""]","[""Op_Server0""]","[""Enterprise0"", ""Op_Server0"", ""User0"", ""User3""]","[""Enterprise0"", ""Op_Server0"", ""User0"", ""User3""]","{""blue_first_relevant_response_after_critical"": 18, ""blue_first_relevant_response_after_enterprise"": 12, ""enterprise_foothold_step"": 9, ""first_critical_hit_step"": 16, ""window_end"": null, ""window_start"": null}"
ours_stage2_fair_critical_safe_v1,11,stage1_pref_005_ckpt_096,critical_safe_balanced_selected,episode_002,1,1013,66,Q2_user_action_during_critical_breach,high,Restore,User0,User,PrivilegeEscalate,Op_Server0,"[""Op_Server0""]","[""Op_Server0""]","[""Enterprise0"", ""Op_Server0"", ""User0"", ""User3""]","[""Enterprise0"", ""Op_Server0"", ""User0"", ""User3""]","{""blue_first_relevant_response_after_critical"": 18, ""blue_first_relevant_response_after_enterprise"": 12, ""enterprise_foothold_step"": 9, ""first_critical_hit_step"": 16, ""window_end"": null, ""window_start"": null}"
ours_stage2_fair_critical_safe_v1,11,stage1_pref_005_ckpt_096,critical_safe_balanced_selected,episode_002,1,1013,72,Q2_user_action_during_critical_breach,high,DecoyHarakaSMPT,User2,User,PrivilegeEscalate,Op_Server0,"[""Op_Server0""]","[""Op_Server0""]","[""Enterprise0"", ""Op_Server0"", ""User0"", ""User3""]","[""Enterprise0"", ""Op_Server0"", ""User0"", ""User3""]","{""blue_first_relevant_response_after_critical"": 18, ""blue_first_relevant_response_after_enterprise"": 12, ""enterprise_foothold_step"": 9, ""first_critical_hit_step"": 16, ""window_end"": null, ""window_start"": null}"
ours_stage2_fair_critical_safe_v1,11,stage1_pref_005_ckpt_096,critical_safe_balanced_selected,episode_002,1,1013,73,Q2_user_action_during_critical_breach,high,DecoySSHD,User2,User,Impact,Op_Server0,"[""Op_Server0""]","[""Op_Server0""]","[""Enterprise0"", ""Op_Server0"", ""User0"", ""User3""]","[""Enterprise0"", ""Op_Server0"", ""User0"", ""User3""]","{""blue_first_relevant_response_after_critical"": 18, ""blue_first_relevant_response_after_enterprise"": 12, ""enterprise_foothold_step"": 9, ""first_critical_hit_step"": 16, ""window_end"": null, ""window_start"": null}"
ours_stage2_fair_critical_safe_v1,11,stage1_pref_005_ckpt_096,critical_safe_balanced_selected,episode_002,1,1013,78,Q2_user_action_during_critical_breach,high,DecoyHarakaSMPT,User2,User,Impact,Op_Server0,"[""Op_Server0""]","[""Op_Server0""]","[""Enterprise0"", ""Op_Server0"", ""User0"", ""User3""]","[""Enterprise0"", ""Op_Server0"", ""User0"", ""User3""]","{""blue_first_relevant_response_after_critical"": 18, ""blue_first_relevant_response_after_enterprise"": 12, ""enterprise_foothold_step"": 9, ""first_critical_hit_step"": 16, ""window_end"": null, ""window_start"": null}"
ours_stage2_fair_critical_safe_v1,11,stage1_pref_005_ckpt_096,critical_safe_balanced_selected,episode_002,1,1013,82,Q2_user_action_during_critical_breach,high,DecoyHarakaSMPT,User2,User,Impact,Op_Server0,"[""Op_Server0""]","[""Op_Server0""]","[""Enterprise0"", ""Op_Server0"", ""User0"", ""User3""]","[""Enterprise0"", ""Op_Server0"", ""User0"", ""User3""]","{""blue_first_relevant_response_after_critical"": 18, ""blue_first_relevant_response_after_enterprise"": 12, ""enterprise_foothold_step"": 9, ""first_critical_hit_step"": 16, ""window_end"": null, ""window_start"": null}"
ours_stage2_fair_critical_safe_v1,11,stage1_pref_005_ckpt_096,critical_safe_balanced_selected,episode_002,1,1013,84,Q2_user_action_during_critical_breach,high,DecoyHarakaSMPT,User2,User,Impact,Op_Server0,"[""Op_Server0""]","[""Op_Server0""]","[""Enterprise0"", ""Op_Server0"", ""User0"", ""User3""]","[""Enterprise0"", ""Op_Server0"", ""User0"", ""User3""]","{""blue_first_relevant_response_after_critical"": 18, ""blue_first_relevant_response_after_enterprise"": 12, ""enterprise_foothold_step"": 9, ""first_critical_hit_step"": 16, ""window_end"": null, ""window_start"": null}"
ours_stage2_fair_critical_safe_v1,11,stage1_pref_005_ckpt_096,critical_safe_balanced_selected,episode_002,1,1013,94,Q2_user_action_during_critical_breach,high,DecoyHarakaSMPT,User2,User,Impact,Op_Server0,"[""Op_Server0""]","[""Op_Server0""]","[""Enterprise0"", ""Op_Server0"", ""User0"", ""User3""]","[""Enterprise0"", ""Op_Server0"", ""User0"", ""User3""]","{""blue_first_relevant_response_after_critical"": 18, ""blue_first_relevant_response_after_enterprise"": 12, ""enterprise_foothold_step"": 9, ""first_critical_hit_step"": 16, ""window_end"": null, ""window_start"": null}"
ours_stage2_fair_critical_safe_v1,11,stage1_pref_005_ckpt_096,critical_safe_balanced_selected,episode_002,1,1013,95,Q2_user_action_during_critical_breach,high,DecoyHarakaSMPT,User2,User,Impact,Op_Server0,"[""Op_Server0""]","[""Op_Server0""]","[""Enterprise0"", ""Op_Server0"", ""User0"", ""User3""]","[""Enterprise0"", ""Op_Server0"", ""User0"", ""User3""]","{""blue_first_relevant_response_after_critical"": 18, ""blue_first_relevant_response_after_enterprise"": 12, ""enterprise_foothold_step"": 9, ""first_critical_hit_step"": 16, ""window_end"": null, ""window_start"": null}"
ours_stage2_fair_critical_safe_v1,11,stage1_pref_005_ckpt_096,critical_safe_balanced_selected,episode_002,1,1013,96,Q2_user_action_during_critical_breach,high,DecoySSHD,User2,User,Impact,Op_Server0,"[""Op_Server0""]","[""Op_Server0""]","[""Enterprise0"", ""Op_Server0"", ""User0"", ""User3""]","[""Enterprise0"", ""Op_Server0"", ""User0"", ""User3""]","{""blue_first_relevant_response_after_critical"": 18, ""blue_first_relevant_response_after_enterprise"": 12, ""enterprise_foothold_step"": 9, ""first_critical_hit_step"": 16, ""window_end"": null, ""window_start"": null}"
ours_stage2_fair_critical_safe_v1,11,stage1_pref_005_ckpt_096,critical_safe_balanced_selected,episode_002,1,1013,13,Q4_user_focus_after_enterprise_foothold,medium,DecoySmss,User1,User,ExploitRemoteService,,[],[],"[""Enterprise0"", ""User0"", ""User3""]","[""Enterprise0"", ""Enterprise2"", ""User0"", ""User3""]","{""blue_first_relevant_response_after_critical"": 18, ""blue_first_relevant_response_after_enterprise"": 12, ""enterprise_foothold_step"": 9, ""first_critical_hit_step"": 16, ""window_end"": 15, ""window_start"": 13}"
ours_stage2_fair_critical_safe_v1,11,stage1_pref_005_ckpt_096,critical_safe_balanced_selected,episode_002,1,1013,14,Q4_user_focus_after_enterprise_foothold,medium,DecoyHarakaSMPT,User2,User,PrivilegeEscalate,Enterprise2,[],[],"[""Enterprise0"", ""Enterprise2"", ""User0"", ""User3""]","[""Enterprise0"", ""Enterprise2"", ""User0"", ""User3""]","{""blue_first_relevant_response_after_critical"": 18, ""blue_first_relevant_response_after_enterprise"": 12, ""enterprise_foothold_step"": 9, ""first_critical_hit_step"": 16, ""window_end"": 16, ""window_start"": 14}"
ours_stage2_fair_critical_safe_v1,11,stage1_pref_005_ckpt_096,critical_safe_balanced_selected,episode_002,1,1013,48,Q4_user_focus_after_enterprise_foothold,medium,DecoySSHD,User2,User,Impact,Op_Server0,"[""Op_Server0""]","[""Op_Server0""]","[""Enterprise0"", ""Op_Server0"", ""User0"", ""User3""]","[""Enterprise0"", ""Op_Server0"", ""User0"", ""User3""]","{""blue_first_relevant_response_after_critical"": 18, ""blue_first_relevant_response_after_enterprise"": 12, ""enterprise_foothold_step"": 9, ""first_critical_hit_step"": 16, ""window_end"": 50, ""window_start"": 48}"
ours_stage2_fair_critical_safe_v1,11,stage1_pref_005_ckpt_096,critical_safe_balanced_selected,episode_002,1,1013,94,Q4_user_focus_after_enterprise_foothold,medium,DecoyHarakaSMPT,User2,User,Impact,Op_Server0,"[""Op_Server0""]","[""Op_Server0""]","[""Enterprise0"", ""Op_Server0"", ""User0"", ""User3""]","[""Enterprise0"", ""Op_Server0"", ""User0"", ""User3""]","{""blue_first_relevant_response_after_critical"": 18, ""blue_first_relevant_response_after_enterprise"": 12, ""enterprise_foothold_step"": 9, ""first_critical_hit_step"": 16, ""window_end"": 96, ""window_start"": 94}"
ours_stage2_fair_critical_safe_v1,11,stage1_pref_005_ckpt_096,critical_safe_balanced_selected,episode_002,1,1013,11,Q5_repeated_low_value_decoy_loop,medium,DecoyHarakaSMPT,User2,User,DiscoverRemoteSystems,,[],[],"[""Enterprise0"", ""User0"", ""User3""]","[""Enterprise0"", ""User0"", ""User3""]","{""blue_first_relevant_response_after_critical"": 18, ""blue_first_relevant_response_after_enterprise"": 12, ""enterprise_foothold_step"": 9, ""first_critical_hit_step"": 16, ""window_end"": 19, ""window_start"": 10}"
ours_stage2_fair_critical_safe_v1,11,stage1_pref_005_ckpt_096,critical_safe_balanced_selected,episode_002,2,2013,13,Q2_user_action_during_critical_breach,high,DecoyHarakaSMPT,User2,User,PrivilegeEscalate,Op_Server0,"[""Op_Server0""]","[""Op_Server0""]","[""Enterprise0"", ""Enterprise2"", ""Op_Server0"", ""User0"", ""User3""]","[""Enterprise0"", ""Enterprise2"", ""Op_Server0"", ""User0"", ""User3""]","{""blue_first_relevant_response_after_critical"": 15, ""blue_first_relevant_response_after_enterprise"": 6, ""enterprise_foothold_step"": 5, ""first_critical_hit_step"": 12, ""window_end"": null, ""window_start"": null}"
ours_stage2_fair_critical_safe_v1,11,stage1_pref_005_ckpt_096,critical_safe_balanced_selected,episode_002,2,2013,22,Q2_user_action_during_critical_breach,high,DecoyHarakaSMPT,User2,User,PrivilegeEscalate,Op_Server0,"[""Op_Server0""]","[""Op_Server0""]","[""Enterprise0"", ""Enterprise2"", ""Op_Server0"", ""User0"", ""User3""]","[""Enterprise0"", ""Enterprise2"", ""Op_Server0"", ""User0"", ""User3""]","{""blue_first_relevant_response_after_critical"": 15, ""blue_first_relevant_response_after_enterprise"": 6, ""enterprise_foothold_step"": 5, ""first_critical_hit_step"": 12, ""window_end"": null, ""window_start"": null}"
ours_stage2_fair_critical_safe_v1,11,stage1_pref_005_ckpt_096,critical_safe_balanced_selected,episode_002,2,2013,23,Q2_user_action_during_critical_breach,high,Restore,User0,User,Impact,Op_Server0,"[""Op_Server0""]","[""Op_Server0""]","[""Enterprise0"", ""Enterprise2"", ""Op_Server0"", ""User0"", ""User3""]","[""Enterprise0"", ""Enterprise2"", ""Op_Server0"", ""User0"", ""User3""]","{""blue_first_relevant_response_after_critical"": 15, ""blue_first_relevant_response_after_enterprise"": 6, ""enterprise_foothold_step"": 5, ""first_critical_hit_step"": 12, ""window_end"": null, ""window_start"": null}"
ours_stage2_fair_critical_safe_v1,11,stage1_pref_005_ckpt_096,critical_safe_balanced_selected,episode_002,2,2013,26,Q2_user_action_during_critical_breach,high,Restore,User0,User,Impact,Op_Server0,"[""Op_Server0""]","[""Op_Server0""]","[""Enterprise0"", ""Enterprise2"", ""Op_Server0"", ""User0"", ""User3""]","[""Enterprise0"", ""Enterprise2"", ""Op_Server0"", ""User0"", ""User3""]","{""blue_first_relevant_response_after_critical"": 15, ""blue_first_relevant_response_after_enterprise"": 6, ""enterprise_foothold_step"": 5, ""first_critical_hit_step"": 12, ""window_end"": null, ""window_start"": null}"
ours_stage2_fair_critical_safe_v1,11,stage1_pref_005_ckpt_096,critical_safe_balanced_selected,episode_002,2,2013,69,Q2_user_action_during_critical_breach,high,DecoyHarakaSMPT,User2,User,Impact,Op_Server0,"[""Op_Server0""]","[""Op_Server0""]","[""Enterprise0"", ""Op_Server0"", ""User0"", ""User3""]","[""Enterprise0"", ""Op_Server0"", ""User0"", ""User3""]","{""blue_first_relevant_response_after_critical"": 15, ""blue_first_relevant_response_after_enterprise"": 6, ""enterprise_foothold_step"": 5, ""first_critical_hit_step"": 12, ""window_end"": null, ""window_start"": null}"
ours_stage2_fair_critical_safe_v1,11,stage1_pref_005_ckpt_096,critical_safe_balanced_selected,episode_002,2,2013,73,Q2_user_action_during_critical_breach,high,Restore,User0,User,PrivilegeEscalate,Op_Server0,"[""Op_Server0""]","[""Op_Server0""]","[""Enterprise0"", ""Op_Server0"", ""User0"", ""User3""]","[""Enterprise0"", ""Op_Server0"", ""User0"", ""User3""]","{""blue_first_relevant_response_after_critical"": 15, ""blue_first_relevant_response_after_enterprise"": 6, ""enterprise_foothold_step"": 5, ""first_critical_hit_step"": 12, ""window_end"": null, ""window_start"": null}"
ours_stage2_fair_critical_safe_v1,11,stage1_pref_005_ckpt_096,critical_safe_balanced_selected,episode_002,2,2013,76,Q2_user_action_during_critical_breach,high,DecoySSHD,User2,User,Impact,Op_Server0,"[""Op_Server0""]","[""Op_Server0""]","[""Enterprise0"", ""Op_Server0"", ""User0"", ""User3""]","[""Enterprise0"", ""Op_Server0"", ""User0"", ""User3""]","{""blue_first_relevant_response_after_critical"": 15, ""blue_first_relevant_response_after_enterprise"": 6, ""enterprise_foothold_step"": 5, ""first_critical_hit_step"": 12, ""window_end"": null, ""window_start"": null}"
ours_stage2_fair_critical_safe_v1,11,stage1_pref_005_ckpt_096,critical_safe_balanced_selected,episode_002,2,2013,98,Q2_user_action_during_critical_breach,high,DecoyHarakaSMPT,User2,User,PrivilegeEscalate,Op_Server0,"[""Op_Server0""]","[""Op_Server0""]","[""Enterprise0"", ""Op_Server0"", ""User0"", ""User3""]","[""Enterprise0"", ""Op_Server0"", ""User0"", ""User3""]","{""blue_first_relevant_response_after_critical"": 15, ""blue_first_relevant_response_after_enterprise"": 6, ""enterprise_foothold_step"": 5, ""first_critical_hit_step"": 12, ""window_end"": null, ""window_start"": null}"
ours_stage2_fair_critical_safe_v1,11,stage1_pref_005_ckpt_096,critical_safe_balanced_selected,episode_002,2,2013,10,Q4_user_focus_after_enterprise_foothold,medium,DecoyHarakaSMPT,User2,User,PrivilegeEscalate,Enterprise2,[],[],"[""Enterprise0"", ""Enterprise2"", ""User0"", ""User3""]","[""Enterprise0"", ""Enterprise2"", ""User0"", ""User3""]","{""blue_first_relevant_response_after_critical"": 15, ""blue_first_relevant_response_after_enterprise"": 6, ""enterprise_foothold_step"": 5, ""first_critical_hit_step"": 12, ""window_end"": 12, ""window_start"": 10}"
ours_stage2_fair_critical_safe_v1,11,stage1_pref_005_ckpt_096,critical_safe_balanced_selected,episode_002,2,2013,11,Q4_user_focus_after_enterprise_foothold,medium,Restore,User0,User,DiscoverNetworkServices,,[],[],"[""Enterprise0"", ""Enterprise2"", ""User0"", ""User3""]","[""Enterprise0"", ""Enterprise2"", ""User0"", ""User3""]","{""blue_first_relevant_response_after_critical"": 15, ""blue_first_relevant_response_after_enterprise"": 6, ""enterprise_foothold_step"": 5, ""first_critical_hit_step"": 12, ""window_end"": 13, ""window_start"": 11}"
ours_stage2_fair_critical_safe_v1,11,stage1_pref_005_ckpt_096,critical_safe_balanced_selected,episode_002,2,2013,21,Q4_user_focus_after_enterprise_foothold,medium,DecoyHarakaSMPT,User2,User,ExploitRemoteService,,[],"[""Op_Server0""]","[""Enterprise0"", ""Enterprise2"", ""User0"", ""User3""]","[""Enterprise0"", ""Enterprise2"", ""Op_Server0"", ""User0"", ""User3""]","{""blue_first_relevant_response_after_critical"": 15, ""blue_first_relevant_response_after_enterprise"": 6, ""enterprise_foothold_step"": 5, ""first_critical_hit_step"": 12, ""window_end"": 23, ""window_start"": 21}"
ours_stage2_fair_critical_safe_v1,11,stage1_pref_005_ckpt_096,critical_safe_balanced_selected,episode_002,3,3013,18,Q2_user_action_during_critical_breach,high,DecoyHarakaSMPT,User2,User,Impact,Op_Server0,"[""Op_Server0""]","[""Op_Server0""]","[""Enterprise0"", ""Op_Server0"", ""User0"", ""User4""]","[""Enterprise0"", ""Op_Server0"", ""User0"", ""User4""]","{""blue_first_relevant_response_after_critical"": 13, ""blue_first_relevant_response_after_enterprise"": 6, ""enterprise_foothold_step"": 5, ""first_critical_hit_step"": 12, ""window_end"": null, ""window_start"": null}"
ours_stage2_fair_critical_safe_v1,11,stage1_pref_005_ckpt_096,critical_safe_balanced_selected,episode_002,3,3013,23,Q2_user_action_during_critical_breach,high,DecoyHarakaSMPT,User2,User,PrivilegeEscalate,Op_Server0,"[""Op_Server0""]","[""Op_Server0""]","[""Enterprise0"", ""Op_Server0"", ""User0"", ""User4""]","[""Enterprise0"", ""Op_Server0"", ""User0"", ""User4""]","{""blue_first_relevant_response_after_critical"": 13, ""blue_first_relevant_response_after_enterprise"": 6, ""enterprise_foothold_step"": 5, ""first_critical_hit_step"": 12, ""window_end"": null, ""window_start"": null}"
ours_stage2_fair_critical_safe_v1,11,stage1_pref_005_ckpt_096,critical_safe_balanced_selected,episode_002,3,3013,28,Q2_user_action_during_critical_breach,high,DecoyVsftpd,User0,User,Impact,Op_Server0,"[""Op_Server0""]","[""Op_Server0""]","[""Enterprise0"", ""Op_Server0"", ""User0"", ""User4""]","[""Enterprise0"", ""Op_Server0"", ""User0"", ""User4""]","{""blue_first_relevant_response_after_critical"": 13, ""blue_first_relevant_response_after_enterprise"": 6, ""enterprise_foothold_step"": 5, ""first_critical_hit_step"": 12, ""window_end"": null, ""window_start"": null}"
ours_stage2_fair_critical_safe_v1,11,stage1_pref_005_ckpt_096,critical_safe_balanced_selected,episode_002,3,3013,31,Q2_user_action_during_critical_breach,high,DecoyHarakaSMPT,User2,User,Impact,Op_Server0,"[""Op_Server0""]","[""Op_Server0""]","[""Enterprise0"", ""Op_Server0"", ""User0"", ""User4""]","[""Enterprise0"", ""Op_Server0"", ""User0"", ""User4""]","{""blue_first_relevant_response_after_critical"": 13, ""blue_first_relevant_response_after_enterprise"": 6, ""enterprise_foothold_step"": 5, ""first_critical_hit_step"": 12, ""window_end"": null, ""window_start"": null}"
ours_stage2_fair_critical_safe_v1,11,stage1_pref_005_ckpt_096,critical_safe_balanced_selected,episode_002,3,3013,39,Q2_user_action_during_critical_breach,high,Restore,User0,User,PrivilegeEscalate,Op_Server0,"[""Op_Server0""]","[""Op_Server0""]","[""Enterprise0"", ""Op_Server0"", ""User0"", ""User4""]","[""Enterprise0"", ""Op_Server0"", ""User0"", ""User4""]","{""blue_first_relevant_response_after_critical"": 13, ""blue_first_relevant_response_after_enterprise"": 6, ""enterprise_foothold_step"": 5, ""first_critical_hit_step"": 12, ""window_end"": null, ""window_start"": null}"
ours_stage2_fair_critical_safe_v1,11,stage1_pref_005_ckpt_096,critical_safe_balanced_selected,episode_002,3,3013,42,Q2_user_action_during_critical_breach,high,DecoyHarakaSMPT,User2,User,Impact,Op_Server0,"[""Op_Server0""]","[""Op_Server0""]","[""Enterprise0"", ""Op_Server0"", ""User0"", ""User4""]","[""Enterprise0"", ""Op_Server0"", ""User0"", ""User4""]","{""blue_first_relevant_response_after_critical"": 13, ""blue_first_relevant_response_after_enterprise"": 6, ""enterprise_foothold_step"": 5, ""first_critical_hit_step"": 12, ""window_end"": null, ""window_start"": null}"
ours_stage2_fair_critical_safe_v1,11,stage1_pref_005_ckpt_096,critical_safe_balanced_selected,episode_002,3,3013,43,Q2_user_action_during_critical_breach,high,DecoyHarakaSMPT,User2,User,Impact,Op_Server0,"[""Op_Server0""]","[""Op_Server0""]","[""Enterprise0"", ""Op_Server0"", ""User0"", ""User4""]","[""Enterprise0"", ""Op_Server0"", ""User0"", ""User4""]","{""blue_first_relevant_response_after_critical"": 13, ""blue_first_relevant_response_after_enterprise"": 6, ""enterprise_foothold_step"": 5, ""first_critical_hit_step"": 12, ""window_end"": null, ""window_start"": null}"
ours_stage2_fair_critical_safe_v1,11,stage1_pref_005_ckpt_096,critical_safe_balanced_selected,episode_002,3,3013,49,Q2_user_action_during_critical_breach,high,Restore,User0,User,Impact,Op_Server0,"[""Op_Server0""]","[""Op_Server0""]","[""Enterprise0"", ""Op_Server0"", ""User0"", ""User4""]","[""Enterprise0"", ""Op_Server0"", ""User0"", ""User4""]","{""blue_first_relevant_response_after_critical"": 13, ""blue_first_relevant_response_after_enterprise"": 6, ""enterprise_foothold_step"": 5, ""first_critical_hit_step"": 12, ""window_end"": null, ""window_start"": null}"
ours_stage2_fair_critical_safe_v1,11,stage1_pref_005_ckpt_096,critical_safe_balanced_selected,episode_002,3,3013,50,Q2_user_action_during_critical_breach,high,Restore,User0,User,Impact,Op_Server0,"[""Op_Server0""]","[""Op_Server0""]","[""Enterprise0"", ""Op_Server0"", ""User0"", ""User4""]","[""Enterprise0"", ""Op_Server0"", ""User0"", ""User4""]","{""blue_first_relevant_response_after_critical"": 13, ""blue_first_relevant_response_after_enterprise"": 6, ""enterprise_foothold_step"": 5, ""first_critical_hit_step"": 12, ""window_end"": null, ""window_start"": null}"
ours_stage2_fair_critical_safe_v1,11,stage1_pref_005_ckpt_096,critical_safe_balanced_selected,episode_002,3,3013,54,Q2_user_action_during_critical_breach,high,DecoyHarakaSMPT,User2,User,Impact,Op_Server0,"[""Op_Server0""]","[""Op_Server0""]","[""Enterprise0"", ""Op_Server0"", ""User0"", ""User4""]","[""Enterprise0"", ""Op_Server0"", ""User0"", ""User4""]","{""blue_first_relevant_response_after_critical"": 13, ""blue_first_relevant_response_after_enterprise"": 6, ""enterprise_foothold_step"": 5, ""first_critical_hit_step"": 12, ""window_end"": null, ""window_start"": null}"
ours_stage2_fair_critical_safe_v1,11,stage1_pref_005_ckpt_096,critical_safe_balanced_selected,episode_002,3,3013,66,Q2_user_action_during_critical_breach,high,Restore,User0,User,Impact,Op_Server0,"[""Op_Server0""]","[""Op_Server0""]","[""Enterprise0"", ""Op_Server0"", ""User0"", ""User4""]","[""Enterprise0"", ""Op_Server0"", ""User0"", ""User4""]","{""blue_first_relevant_response_after_critical"": 13, ""blue_first_relevant_response_after_enterprise"": 6, ""enterprise_foothold_step"": 5, ""first_critical_hit_step"": 12, ""window_end"": null, ""window_start"": null}"
ours_stage2_fair_critical_safe_v1,11,stage1_pref_005_ckpt_096,critical_safe_balanced_selected,episode_002,3,3013,67,Q2_user_action_during_critical_breach,high,DecoyHarakaSMPT,User2,User,Impact,Op_Server0,"[""Op_Server0""]","[""Op_Server0""]","[""Enterprise0"", ""Op_Server0"", ""User0"", ""User4""]","[""Enterprise0"", ""Op_Server0"", ""User0"", ""User4""]","{""blue_first_relevant_response_after_critical"": 13, ""blue_first_relevant_response_after_enterprise"": 6, ""enterprise_foothold_step"": 5, ""first_critical_hit_step"": 12, ""window_end"": null, ""window_start"": null}"
ours_stage2_fair_critical_safe_v1,11,stage1_pref_005_ckpt_096,critical_safe_balanced_selected,episode_002,3,3013,70,Q2_user_action_during_critical_breach,high,Restore,User0,User,Impact,Op_Server0,"[""Op_Server0""]","[""Op_Server0""]","[""Enterprise0"", ""Op_Server0"", ""User0"", ""User4""]","[""Enterprise0"", ""Op_Server0"", ""User0"", ""User4""]","{""blue_first_relevant_response_after_critical"": 13, ""blue_first_relevant_response_after_enterprise"": 6, ""enterprise_foothold_step"": 5, ""first_critical_hit_step"": 12, ""window_end"": null, ""window_start"": null}"
ours_stage2_fair_critical_safe_v1,11,stage1_pref_005_ckpt_096,critical_safe_balanced_selected,episode_002,3,3013,79,Q2_user_action_during_critical_breach,high,DecoySmss,User4,User,Impact,Op_Server0,"[""Op_Server0""]","[""Op_Server0""]","[""Enterprise0"", ""Op_Server0"", ""User0"", ""User4""]","[""Enterprise0"", ""Op_Server0"", ""User0"", ""User4""]","{""blue_first_relevant_response_after_critical"": 13, ""blue_first_relevant_response_after_enterprise"": 6, ""enterprise_foothold_step"": 5, ""first_critical_hit_step"": 12, ""window_end"": null, ""window_start"": null}"
ours_stage2_fair_critical_safe_v1,11,stage1_pref_005_ckpt_096,critical_safe_balanced_selected,episode_002,3,3013,80,Q2_user_action_during_critical_breach,high,Remove,User0,User,Impact,Op_Server0,"[""Op_Server0""]","[""Op_Server0""]","[""Enterprise0"", ""Op_Server0"", ""User0"", ""User4""]","[""Enterprise0"", ""Op_Server0"", ""User0"", ""User4""]","{""blue_first_relevant_response_after_critical"": 13, ""blue_first_relevant_response_after_enterprise"": 6, ""enterprise_foothold_step"": 5, ""first_critical_hit_step"": 12, ""window_end"": null, ""window_start"": null}"
ours_stage2_fair_critical_safe_v1,11,stage1_pref_005_ckpt_096,critical_safe_balanced_selected,episode_002,3,3013,84,Q2_user_action_during_critical_breach,high,DecoyHarakaSMPT,User2,User,Impact,Op_Server0,"[""Op_Server0""]","[""Op_Server0""]","[""Enterprise0"", ""Op_Server0"", ""User0"", ""User4""]","[""Enterprise0"", ""Op_Server0"", ""User0"", ""User4""]","{""blue_first_relevant_response_after_critical"": 13, ""blue_first_relevant_response_after_enterprise"": 6, ""enterprise_foothold_step"": 5, ""first_critical_hit_step"": 12, ""window_end"": null, ""window_start"": null}"
ours_stage2_fair_critical_safe_v1,11,stage1_pref_005_ckpt_096,critical_safe_balanced_selected,episode_002,3,3013,86,Q2_user_action_during_critical_breach,high,Restore,User0,User,Impact,Op_Server0,"[""Op_Server0""]","[""Op_Server0""]","[""Enterprise0"", ""Op_Server0"", ""User0"", ""User4""]","[""Enterprise0"", ""Op_Server0"", ""User0"", ""User4""]","{""blue_first_relevant_response_after_critical"": 13, ""blue_first_relevant_response_after_enterprise"": 6, ""enterprise_foothold_step"": 5, ""first_critical_hit_step"": 12, ""window_end"": null, ""window_start"": null}"
ours_stage2_fair_critical_safe_v1,11,stage1_pref_005_ckpt_096,critical_safe_balanced_selected,episode_002,3,3013,91,Q2_user_action_during_critical_breach,high,DecoyHarakaSMPT,User2,User,Impact,Op_Server0,"[""Op_Server0""]","[""Op_Server0""]","[""Enterprise0"", ""Op_Server0"", ""User0"", ""User4""]","[""Enterprise0"", ""Op_Server0"", ""User0"", ""User4""]","{""blue_first_relevant_response_after_critical"": 13, ""blue_first_relevant_response_after_enterprise"": 6, ""enterprise_foothold_step"": 5, ""first_critical_hit_step"": 12, ""window_end"": null, ""window_start"": null}"
ours_stage2_fair_critical_safe_v1,11,stage1_pref_005_ckpt_096,critical_safe_balanced_selected,episode_002,3,3013,93,Q2_user_action_during_critical_breach,high,Restore,User0,User,Impact,Op_Server0,"[""Op_Server0""]","[""Op_Server0""]","[""Enterprise0"", ""Op_Server0"", ""User0"", ""User4""]","[""Enterprise0"", ""Op_Server0"", ""User0"", ""User4""]","{""blue_first_relevant_response_after_critical"": 13, ""blue_first_relevant_response_after_enterprise"": 6, ""enterprise_foothold_step"": 5, ""first_critical_hit_step"": 12, ""window_end"": null, ""window_start"": null}"
ours_stage2_fair_critical_safe_v1,11,stage1_pref_005_ckpt_096,critical_safe_balanced_selected,episode_002,3,3013,95,Q2_user_action_during_critical_breach,high,DecoyHarakaSMPT,User2,User,Impact,Op_Server0,"[""Op_Server0""]","[""Op_Server0""]","[""Enterprise0"", ""Op_Server0"", ""User0"", ""User4""]","[""Enterprise0"", ""Op_Server0"", ""User0"", ""User4""]","{""blue_first_relevant_response_after_critical"": 13, ""blue_first_relevant_response_after_enterprise"": 6, ""enterprise_foothold_step"": 5, ""first_critical_hit_step"": 12, ""window_end"": null, ""window_start"": null}"
ours_stage2_fair_critical_safe_v1,11,stage1_pref_005_ckpt_096,critical_safe_balanced_selected,episode_002,3,3013,96,Q2_user_action_during_critical_breach,high,DecoyHarakaSMPT,User2,User,Impact,Op_Server0,"[""Op_Server0""]","[""Op_Server0""]","[""Enterprise0"", ""Op_Server0"", ""User0"", ""User4""]","[""Enterprise0"", ""Op_Server0"", ""User0"", ""User4""]","{""blue_first_relevant_response_after_critical"": 13, ""blue_first_relevant_response_after_enterprise"": 6, ""enterprise_foothold_step"": 5, ""first_critical_hit_step"": 12, ""window_end"": null, ""window_start"": null}"
ours_stage2_fair_critical_safe_v1,11,stage1_pref_005_ckpt_096,critical_safe_balanced_selected,episode_002,3,3013,91,Q5_repeated_low_value_decoy_loop,medium,DecoyHarakaSMPT,User2,User,Impact,Op_Server0,"[""Op_Server0""]","[""Op_Server0""]","[""Enterprise0"", ""Op_Server0"", ""User0"", ""User4""]","[""Enterprise0"", ""Op_Server0"", ""User0"", ""User4""]","{""blue_first_relevant_response_after_critical"": 13, ""blue_first_relevant_response_after_enterprise"": 6, ""enterprise_foothold_step"": 5, ""first_critical_hit_step"": 12, ""window_end"": 96, ""window_start"": 87}"
ours_stage2_fair_critical_safe_v1,11,stage1_pref_005_ckpt_096,critical_safe_balanced_selected,episode_002,4,4013,29,Q2_user_action_during_critical_breach,high,DecoyHarakaSMPT,User2,User,PrivilegeEscalate,Op_Server0,"[""Op_Server0""]","[""Op_Server0""]","[""Enterprise0"", ""Op_Server0"", ""User0"", ""User3""]","[""Enterprise0"", ""Op_Server0"", ""User0"", ""User3""]","{""blue_first_relevant_response_after_critical"": 30, ""blue_first_relevant_response_after_enterprise"": 23, ""enterprise_foothold_step"": 21, ""first_critical_hit_step"": 28, ""window_end"": null, ""window_start"": null}"
ours_stage2_fair_critical_safe_v1,11,stage1_pref_005_ckpt_096,critical_safe_balanced_selected,episode_002,4,4013,35,Q2_user_action_during_critical_breach,high,DecoyHarakaSMPT,User2,User,Impact,Op_Server0,"[""Op_Server0""]","[""Op_Server0""]","[""Enterprise0"", ""Op_Server0"", ""User0"", ""User3""]","[""Enterprise0"", ""Op_Server0"", ""User0"", ""User3""]","{""blue_first_relevant_response_after_critical"": 30, ""blue_first_relevant_response_after_enterprise"": 23, ""enterprise_foothold_step"": 21, ""first_critical_hit_step"": 28, ""window_end"": null, ""window_start"": null}"
ours_stage2_fair_critical_safe_v1,11,stage1_pref_005_ckpt_096,critical_safe_balanced_selected,episode_002,4,4013,36,Q2_user_action_during_critical_breach,high,DecoyHarakaSMPT,User2,User,Impact,Op_Server0,"[""Op_Server0""]","[""Op_Server0""]","[""Enterprise0"", ""Op_Server0"", ""User0"", ""User3""]","[""Enterprise0"", ""Op_Server0"", ""User0"", ""User3""]","{""blue_first_relevant_response_after_critical"": 30, ""blue_first_relevant_response_after_enterprise"": 23, ""enterprise_foothold_step"": 21, ""first_critical_hit_step"": 28, ""window_end"": null, ""window_start"": null}"
ours_stage2_fair_critical_safe_v1,11,stage1_pref_005_ckpt_096,critical_safe_balanced_selected,episode_002,4,4013,41,Q2_user_action_during_critical_breach,high,DecoyHarakaSMPT,User1,User,Impact,Op_Server0,"[""Op_Server0""]","[""Op_Server0""]","[""Enterprise0"", ""Op_Server0"", ""User0"", ""User3""]","[""Enterprise0"", ""Op_Server0"", ""User0"", ""User3""]","{""blue_first_relevant_response_after_critical"": 30, ""blue_first_relevant_response_after_enterprise"": 23, ""enterprise_foothold_step"": 21, ""first_critical_hit_step"": 28, ""window_end"": null, ""window_start"": null}"
ours_stage2_fair_critical_safe_v1,11,stage1_pref_005_ckpt_096,critical_safe_balanced_selected,episode_002,4,4013,64,Q2_user_action_during_critical_breach,high,DecoyHarakaSMPT,User2,User,Impact,Op_Server0,"[""Op_Server0""]","[""Op_Server0""]","[""Enterprise0"", ""Op_Server0"", ""User0"", ""User3""]","[""Enterprise0"", ""Op_Server0"", ""User0"", ""User3""]","{""blue_first_relevant_response_after_critical"": 30, ""blue_first_relevant_response_after_enterprise"": 23, ""enterprise_foothold_step"": 21, ""first_critical_hit_step"": 28, ""window_end"": null, ""window_start"": null}"
ours_stage2_fair_critical_safe_v1,11,stage1_pref_005_ckpt_096,critical_safe_balanced_selected,episode_002,4,4013,65,Q2_user_action_during_critical_breach,high,DecoySSHD,User2,User,Impact,Op_Server0,"[""Op_Server0""]","[""Op_Server0""]","[""Enterprise0"", ""Op_Server0"", ""User0"", ""User3""]","[""Enterprise0"", ""Op_Server0"", ""User0"", ""User3""]","{""blue_first_relevant_response_after_critical"": 30, ""blue_first_relevant_response_after_enterprise"": 23, ""enterprise_foothold_step"": 21, ""first_critical_hit_step"": 28, ""window_end"": null, ""window_start"": null}"
ours_stage2_fair_critical_safe_v1,11,stage1_pref_005_ckpt_096,critical_safe_balanced_selected,episode_002,4,4013,71,Q2_user_action_during_critical_breach,high,DecoyHarakaSMPT,User2,User,Impact,Op_Server0,"[""Op_Server0""]","[""Op_Server0""]","[""Enterprise0"", ""Op_Server0"", ""User0"", ""User3""]","[""Enterprise0"", ""Op_Server0"", ""User0"", ""User3""]","{""blue_first_relevant_response_after_critical"": 30, ""blue_first_relevant_response_after_enterprise"": 23, ""enterprise_foothold_step"": 21, ""first_critical_hit_step"": 28, ""window_end"": null, ""window_start"": null}"
ours_stage2_fair_critical_safe_v1,11,stage1_pref_005_ckpt_096,critical_safe_balanced_selected,episode_002,4,4013,73,Q2_user_action_during_critical_breach,high,Restore,User2,User,Impact,Op_Server0,"[""Op_Server0""]","[""Op_Server0""]","[""Enterprise0"", ""Op_Server0"", ""User0"", ""User3""]","[""Enterprise0"", ""Op_Server0"", ""User0"", ""User3""]","{""blue_first_relevant_response_after_critical"": 30, ""blue_first_relevant_response_after_enterprise"": 23, ""enterprise_foothold_step"": 21, ""first_critical_hit_step"": 28, ""window_end"": null, ""window_start"": null}"
ours_stage2_fair_critical_safe_v1,11,stage1_pref_005_ckpt_096,critical_safe_balanced_selected,episode_002,4,4013,81,Q2_user_action_during_critical_breach,high,Restore,User0,User,PrivilegeEscalate,Op_Server0,"[""Op_Server0""]","[""Op_Server0""]","[""Enterprise0"", ""Op_Server0"", ""User0"", ""User3""]","[""Enterprise0"", ""Op_Server0"", ""User0"", ""User3""]","{""blue_first_relevant_response_after_critical"": 30, ""blue_first_relevant_response_after_enterprise"": 23, ""enterprise_foothold_step"": 21, ""first_critical_hit_step"": 28, ""window_end"": null, ""window_start"": null}"
ours_stage2_fair_critical_safe_v1,11,stage1_pref_005_ckpt_096,critical_safe_balanced_selected,episode_002,4,4013,82,Q2_user_action_during_critical_breach,high,DecoyHarakaSMPT,User2,User,Impact,Op_Server0,"[""Op_Server0""]","[""Op_Server0""]","[""Enterprise0"", ""Op_Server0"", ""User0"", ""User3""]","[""Enterprise0"", ""Op_Server0"", ""User0"", ""User3""]","{""blue_first_relevant_response_after_critical"": 30, ""blue_first_relevant_response_after_enterprise"": 23, ""enterprise_foothold_step"": 21, ""first_critical_hit_step"": 28, ""window_end"": null, ""window_start"": null}"
ours_stage2_fair_critical_safe_v1,11,stage1_pref_005_ckpt_096,critical_safe_balanced_selected,episode_002,4,4013,86,Q2_user_action_during_critical_breach,high,DecoyHarakaSMPT,User2,User,Impact,Op_Server0,"[""Op_Server0""]","[""Op_Server0""]","[""Enterprise0"", ""Op_Server0"", ""User0"", ""User3""]","[""Enterprise0"", ""Op_Server0"", ""User0"", ""User3""]","{""blue_first_relevant_response_after_critical"": 30, ""blue_first_relevant_response_after_enterprise"": 23, ""enterprise_foothold_step"": 21, ""first_critical_hit_step"": 28, ""window_end"": null, ""window_start"": null}"
ours_stage2_fair_critical_safe_v1,11,stage1_pref_005_ckpt_096,critical_safe_balanced_selected,episode_002,4,4013,91,Q2_user_action_during_critical_breach,high,Restore,User0,User,Impact,Op_Server0,"[""Op_Server0""]","[""Op_Server0""]","[""Enterprise0"", ""Op_Server0"", ""User0"", ""User3""]","[""Enterprise0"", ""Op_Server0"", ""User0"", ""User3""]","{""blue_first_relevant_response_after_critical"": 30, ""blue_first_relevant_response_after_enterprise"": 23, ""enterprise_foothold_step"": 21, ""first_critical_hit_step"": 28, ""window_end"": null, ""window_start"": null}"
ours_stage2_fair_critical_safe_v1,11,stage1_pref_005_ckpt_096,critical_safe_balanced_selected,episode_002,4,4013,94,Q2_user_action_during_critical_breach,high,DecoyHarakaSMPT,User2,User,Impact,Op_Server0,"[""Op_Server0""]","[""Op_Server0""]","[""Enterprise0"", ""Op_Server0"", ""User0"", ""User3""]","[""Enterprise0"", ""Op_Server0"", ""User0"", ""User3""]","{""blue_first_relevant_response_after_critical"": 30, ""blue_first_relevant_response_after_enterprise"": 23, ""enterprise_foothold_step"": 21, ""first_critical_hit_step"": 28, ""window_end"": null, ""window_start"": null}"
ours_stage2_fair_critical_safe_v1,11,stage1_pref_005_ckpt_096,critical_safe_balanced_selected,episode_002,4,4013,96,Q2_user_action_during_critical_breach,high,DecoyHarakaSMPT,User2,User,Impact,Op_Server0,"[""Op_Server0""]","[""Op_Server0""]","[""Enterprise0"", ""Op_Server0"", ""User0"", ""User3""]","[""Enterprise0"", ""Op_Server0"", ""User0"", ""User3""]","{""blue_first_relevant_response_after_critical"": 30, ""blue_first_relevant_response_after_enterprise"": 23, ""enterprise_foothold_step"": 21, ""first_critical_hit_step"": 28, ""window_end"": null, ""window_start"": null}"
ours_stage2_fair_critical_safe_v1,11,stage1_pref_005_ckpt_096,critical_safe_balanced_selected,episode_002,4,4013,97,Q2_user_action_during_critical_breach,high,DecoyHarakaSMPT,User2,User,Impact,Op_Server0,"[""Op_Server0""]","[""Op_Server0""]","[""Enterprise0"", ""Op_Server0"", ""User0"", ""User3""]","[""Enterprise0"", ""Op_Server0"", ""User0"", ""User3""]","{""blue_first_relevant_response_after_critical"": 30, ""blue_first_relevant_response_after_enterprise"": 23, ""enterprise_foothold_step"": 21, ""first_critical_hit_step"": 28, ""window_end"": null, ""window_start"": null}"
ours_stage2_fair_critical_safe_v1,11,stage1_pref_005_ckpt_096,critical_safe_balanced_selected,episode_002,4,4013,99,Q2_user_action_during_critical_breach,high,Restore,User0,User,Impact,Op_Server0,"[""Op_Server0""]","[""Op_Server0""]","[""Enterprise0"", ""Op_Server0"", ""User0"", ""User3""]","[""Enterprise0"", ""Op_Server0"", ""User0"", ""User3""]","{""blue_first_relevant_response_after_critical"": 30, ""blue_first_relevant_response_after_enterprise"": 23, ""enterprise_foothold_step"": 21, ""first_critical_hit_step"": 28, ""window_end"": null, ""window_start"": null}"
ours_stage2_fair_critical_safe_v1,11,stage1_pref_005_ckpt_096,critical_safe_balanced_selected,episode_002,4,4013,79,Q5_repeated_low_value_decoy_loop,medium,DecoyHarakaSMPT,User2,User,PrivilegeEscalate,Op_Server0,[],[],"[""Enterprise0"", ""User0"", ""User3""]","[""Enterprise0"", ""User0"", ""User3""]","{""blue_first_relevant_response_after_critical"": 30, ""blue_first_relevant_response_after_enterprise"": 23, ""enterprise_foothold_step"": 21, ""first_critical_hit_step"": 28, ""window_end"": 88, ""window_start"": 79}"
ours_stage2_fair_critical_safe_v1,11,stage1_pref_005_ckpt_096,critical_safe_balanced_selected,episode_002,5,5013,14,Q2_user_action_during_critical_breach,high,DecoySSHD,User2,User,Impact,Op_Server0,"[""Op_Server0""]","[""Op_Server0""]","[""Enterprise1"", ""Enterprise2"", ""Op_Server0"", ""User0"", ""User2""]","[""Enterprise1"", ""Enterprise2"", ""Op_Server0"", ""User0"", ""User2""]","{""blue_first_relevant_response_after_critical"": 13, ""blue_first_relevant_response_after_enterprise"": 6, ""enterprise_foothold_step"": 5, ""first_critical_hit_step"": 12, ""window_end"": null, ""window_start"": null}"
ours_stage2_fair_critical_safe_v1,11,stage1_pref_005_ckpt_096,critical_safe_balanced_selected,episode_002,5,5013,18,Q2_user_action_during_critical_breach,high,Restore,User0,User,Impact,Op_Server0,"[""Op_Server0""]","[""Op_Server0""]","[""Enterprise1"", ""Enterprise2"", ""Op_Server0"", ""User0"", ""User2""]","[""Enterprise1"", ""Enterprise2"", ""Op_Server0"", ""User0"", ""User2""]","{""blue_first_relevant_response_after_critical"": 13, ""blue_first_relevant_response_after_enterprise"": 6, ""enterprise_foothold_step"": 5, ""first_critical_hit_step"": 12, ""window_end"": null, ""window_start"": null}"
ours_stage2_fair_critical_safe_v1,11,stage1_pref_005_ckpt_096,critical_safe_balanced_selected,episode_002,5,5013,28,Q2_user_action_during_critical_breach,high,Restore,User0,User,Impact,Op_Server0,"[""Op_Server0""]","[""Op_Server0""]","[""Enterprise1"", ""Enterprise2"", ""Op_Server0"", ""User0"", ""User2""]","[""Enterprise1"", ""Enterprise2"", ""Op_Server0"", ""User0"", ""User2""]","{""blue_first_relevant_response_after_critical"": 13, ""blue_first_relevant_response_after_enterprise"": 6, ""enterprise_foothold_step"": 5, ""first_critical_hit_step"": 12, ""window_end"": null, ""window_start"": null}"
ours_stage2_fair_critical_safe_v1,11,stage1_pref_005_ckpt_096,critical_safe_balanced_selected,episode_002,5,5013,35,Q2_user_action_during_critical_breach,high,DecoyHarakaSMPT,User2,User,Impact,Op_Server0,"[""Op_Server0""]","[""Op_Server0""]","[""Enterprise1"", ""Op_Server0"", ""User0"", ""User2""]","[""Enterprise1"", ""Op_Server0"", ""User0"", ""User2""]","{""blue_first_relevant_response_after_critical"": 13, ""blue_first_relevant_response_after_enterprise"": 6, ""enterprise_foothold_step"": 5, ""first_critical_hit_step"": 12, ""window_end"": null, ""window_start"": null}"
ours_stage2_fair_critical_safe_v1,11,stage1_pref_005_ckpt_096,critical_safe_balanced_selected,episode_002,5,5013,36,Q2_user_action_during_critical_breach,high,DecoyHarakaSMPT,User2,User,Impact,Op_Server0,"[""Op_Server0""]","[""Op_Server0""]","[""Enterprise1"", ""Op_Server0"", ""User0"", ""User2""]","[""Enterprise1"", ""Op_Server0"", ""User0"", ""User2""]","{""blue_first_relevant_response_after_critical"": 13, ""blue_first_relevant_response_after_enterprise"": 6, ""enterprise_foothold_step"": 5, ""first_critical_hit_step"": 12, ""window_end"": null, ""window_start"": null}"
ours_stage2_fair_critical_safe_v1,11,stage1_pref_005_ckpt_096,critical_safe_balanced_selected,episode_002,5,5013,37,Q2_user_action_during_critical_breach,high,DecoySmss,User4,User,Impact,Op_Server0,"[""Op_Server0""]","[""Op_Server0""]","[""Enterprise1"", ""Op_Server0"", ""User0"", ""User2""]","[""Enterprise1"", ""Op_Server0"", ""User0"", ""User2""]","{""blue_first_relevant_response_after_critical"": 13, ""blue_first_relevant_response_after_enterprise"": 6, ""enterprise_foothold_step"": 5, ""first_critical_hit_step"": 12, ""window_end"": null, ""window_start"": null}"
ours_stage2_fair_critical_safe_v1,11,stage1_pref_005_ckpt_096,critical_safe_balanced_selected,episode_002,5,5013,38,Q2_user_action_during_critical_breach,high,Restore,User0,User,Impact,Op_Server0,"[""Op_Server0""]","[""Op_Server0""]","[""Enterprise1"", ""Op_Server0"", ""User0"", ""User2""]","[""Enterprise1"", ""Op_Server0"", ""User0"", ""User2""]","{""blue_first_relevant_response_after_critical"": 13, ""blue_first_relevant_response_after_enterprise"": 6, ""enterprise_foothold_step"": 5, ""first_critical_hit_step"": 12, ""window_end"": null, ""window_start"": null}"
ours_stage2_fair_critical_safe_v1,11,stage1_pref_005_ckpt_096,critical_safe_balanced_selected,episode_002,5,5013,50,Q2_user_action_during_critical_breach,high,Restore,User0,User,PrivilegeEscalate,Op_Server0,"[""Op_Server0""]","[""Op_Server0""]","[""Enterprise1"", ""Op_Server0"", ""User0"", ""User2""]","[""Enterprise1"", ""Op_Server0"", ""User0"", ""User2""]","{""blue_first_relevant_response_after_critical"": 13, ""blue_first_relevant_response_after_enterprise"": 6, ""enterprise_foothold_step"": 5, ""first_critical_hit_step"": 12, ""window_end"": null, ""window_start"": null}"
ours_stage2_fair_critical_safe_v1,11,stage1_pref_005_ckpt_096,critical_safe_balanced_selected,episode_002,5,5013,52,Q2_user_action_during_critical_breach,high,DecoyHarakaSMPT,User2,User,Impact,Op_Server0,"[""Op_Server0""]","[""Op_Server0""]","[""Enterprise1"", ""Op_Server0"", ""User0"", ""User2""]","[""Enterprise1"", ""Op_Server0"", ""User0"", ""User2""]","{""blue_first_relevant_response_after_critical"": 13, ""blue_first_relevant_response_after_enterprise"": 6, ""enterprise_foothold_step"": 5, ""first_critical_hit_step"": 12, ""window_end"": null, ""window_start"": null}"
ours_stage2_fair_critical_safe_v1,11,stage1_pref_005_ckpt_096,critical_safe_balanced_selected,episode_002,5,5013,57,Q2_user_action_during_critical_breach,high,Restore,User0,User,Impact,Op_Server0,"[""Op_Server0""]","[""Op_Server0""]","[""Enterprise1"", ""Op_Server0"", ""User0"", ""User2""]","[""Enterprise1"", ""Op_Server0"", ""User0"", ""User2""]","{""blue_first_relevant_response_after_critical"": 13, ""blue_first_relevant_response_after_enterprise"": 6, ""enterprise_foothold_step"": 5, ""first_critical_hit_step"": 12, ""window_end"": null, ""window_start"": null}"
ours_stage2_fair_critical_safe_v1,11,stage1_pref_005_ckpt_096,critical_safe_balanced_selected,episode_002,5,5013,62,Q2_user_action_during_critical_breach,high,Restore,User0,User,Impact,Op_Server0,"[""Op_Server0""]","[""Op_Server0""]","[""Enterprise1"", ""Op_Server0"", ""User0"", ""User2""]","[""Enterprise1"", ""Op_Server0"", ""User0"", ""User2""]","{""blue_first_relevant_response_after_critical"": 13, ""blue_first_relevant_response_after_enterprise"": 6, ""enterprise_foothold_step"": 5, ""first_critical_hit_step"": 12, ""window_end"": null, ""window_start"": null}"
ours_stage2_fair_critical_safe_v1,11,stage1_pref_005_ckpt_096,critical_safe_balanced_selected,episode_002,5,5013,66,Q2_user_action_during_critical_breach,high,DecoySSHD,User2,User,Impact,Op_Server0,"[""Op_Server0""]","[""Op_Server0""]","[""Enterprise1"", ""Op_Server0"", ""User0"", ""User2""]","[""Enterprise1"", ""Op_Server0"", ""User0"", ""User2""]","{""blue_first_relevant_response_after_critical"": 13, ""blue_first_relevant_response_after_enterprise"": 6, ""enterprise_foothold_step"": 5, ""first_critical_hit_step"": 12, ""window_end"": null, ""window_start"": null}"
ours_stage2_fair_critical_safe_v1,11,stage1_pref_005_ckpt_096,critical_safe_balanced_selected,episode_002,5,5013,77,Q2_user_action_during_critical_breach,high,DecoyHarakaSMPT,User2,User,Impact,Op_Server0,"[""Op_Server0""]","[""Op_Server0""]","[""Enterprise1"", ""Op_Server0"", ""User0"", ""User2""]","[""Enterprise1"", ""Op_Server0"", ""User0"", ""User2""]","{""blue_first_relevant_response_after_critical"": 13, ""blue_first_relevant_response_after_enterprise"": 6, ""enterprise_foothold_step"": 5, ""first_critical_hit_step"": 12, ""window_end"": null, ""window_start"": null}"
ours_stage2_fair_critical_safe_v1,11,stage1_pref_005_ckpt_096,critical_safe_balanced_selected,episode_002,5,5013,85,Q2_user_action_during_critical_breach,high,Restore,User0,User,Impact,Op_Server0,"[""Op_Server0""]","[""Op_Server0""]","[""Enterprise1"", ""Op_Server0"", ""User0"", ""User2""]","[""Enterprise1"", ""Op_Server0"", ""User0"", ""User2""]","{""blue_first_relevant_response_after_critical"": 13, ""blue_first_relevant_response_after_enterprise"": 6, ""enterprise_foothold_step"": 5, ""first_critical_hit_step"": 12, ""window_end"": null, ""window_start"": null}"
ours_stage2_fair_critical_safe_v1,11,stage1_pref_005_ckpt_096,critical_safe_balanced_selected,episode_002,5,5013,94,Q2_user_action_during_critical_breach,high,Restore,User0,User,Impact,Op_Server0,"[""Op_Server0""]","[""Op_Server0""]","[""Enterprise1"", ""Op_Server0"", ""User0"", ""User2""]","[""Enterprise1"", ""Op_Server0"", ""User0"", ""User2""]","{""blue_first_relevant_response_after_critical"": 13, ""blue_first_relevant_response_after_enterprise"": 6, ""enterprise_foothold_step"": 5, ""first_critical_hit_step"": 12, ""window_end"": null, ""window_start"": null}"
ours_stage2_fair_critical_safe_v1,11,stage1_pref_005_ckpt_096,critical_safe_balanced_selected,episode_002,5,5013,35,Q4_user_focus_after_enterprise_foothold,medium,DecoyHarakaSMPT,User2,User,Impact,Op_Server0,"[""Op_Server0""]","[""Op_Server0""]","[""Enterprise1"", ""Op_Server0"", ""User0"", ""User2""]","[""Enterprise1"", ""Op_Server0"", ""User0"", ""User2""]","{""blue_first_relevant_response_after_critical"": 13, ""blue_first_relevant_response_after_enterprise"": 6, ""enterprise_foothold_step"": 5, ""first_critical_hit_step"": 12, ""window_end"": 37, ""window_start"": 35}"
ours_stage2_fair_critical_safe_v1,11,stage1_pref_005_ckpt_096,critical_safe_balanced_selected,episode_002,5,5013,36,Q4_user_focus_after_enterprise_foothold,medium,DecoyHarakaSMPT,User2,User,Impact,Op_Server0,"[""Op_Server0""]","[""Op_Server0""]","[""Enterprise1"", ""Op_Server0"", ""User0"", ""User2""]","[""Enterprise1"", ""Op_Server0"", ""User0"", ""User2""]","{""blue_first_relevant_response_after_critical"": 13, ""blue_first_relevant_response_after_enterprise"": 6, ""enterprise_foothold_step"": 5, ""first_critical_hit_step"": 12, ""window_end"": 38, ""window_start"": 36}"
ours_stage2_fair_critical_safe_v1,11,stage1_pref_005_ckpt_096,critical_safe_balanced_selected,episode_002,5,5013,45,Q5_repeated_low_value_decoy_loop,medium,DecoyHarakaSMPT,User2,User,ExploitRemoteService,,[],"[""Op_Server0""]","[""Enterprise1"", ""User0"", ""User2""]","[""Enterprise1"", ""Op_Server0"", ""User0"", ""User2""]","{""blue_first_relevant_response_after_critical"": 13, ""blue_first_relevant_response_after_enterprise"": 6, ""enterprise_foothold_step"": 5, ""first_critical_hit_step"": 12, ""window_end"": 53, ""window_start"": 44}"
ours_stage2_fair_critical_safe_v1,11,stage1_pref_005_ckpt_096,critical_safe_balanced_selected,episode_002,6,6013,19,Q2_user_action_during_critical_breach,high,DecoyHarakaSMPT,User2,User,Impact,Op_Server0,"[""Op_Server0""]","[""Op_Server0""]","[""Enterprise1"", ""Enterprise2"", ""Op_Server0"", ""User0"", ""User2""]","[""Enterprise1"", ""Enterprise2"", ""Op_Server0"", ""User0"", ""User2""]","{""blue_first_relevant_response_after_critical"": 13, ""blue_first_relevant_response_after_enterprise"": 6, ""enterprise_foothold_step"": 5, ""first_critical_hit_step"": 12, ""window_end"": null, ""window_start"": null}"
ours_stage2_fair_critical_safe_v1,11,stage1_pref_005_ckpt_096,critical_safe_balanced_selected,episode_002,6,6013,24,Q2_user_action_during_critical_breach,high,DecoySmss,User4,User,Impact,Op_Server0,"[""Op_Server0""]","[""Op_Server0""]","[""Enterprise1"", ""Enterprise2"", ""Op_Server0"", ""User0"", ""User2""]","[""Enterprise1"", ""Enterprise2"", ""Op_Server0"", ""User0"", ""User2""]","{""blue_first_relevant_response_after_critical"": 13, ""blue_first_relevant_response_after_enterprise"": 6, ""enterprise_foothold_step"": 5, ""first_critical_hit_step"": 12, ""window_end"": null, ""window_start"": null}"
ours_stage2_fair_critical_safe_v1,11,stage1_pref_005_ckpt_096,critical_safe_balanced_selected,episode_002,6,6013,26,Q2_user_action_during_critical_breach,high,DecoyHarakaSMPT,User2,User,Impact,Op_Server0,"[""Op_Server0""]","[""Op_Server0""]","[""Enterprise1"", ""Op_Server0"", ""User0"", ""User2""]","[""Enterprise1"", ""Op_Server0"", ""User0"", ""User2""]","{""blue_first_relevant_response_after_critical"": 13, ""blue_first_relevant_response_after_enterprise"": 6, ""enterprise_foothold_step"": 5, ""first_critical_hit_step"": 12, ""window_end"": null, ""window_start"": null}"
ours_stage2_fair_critical_safe_v1,11,stage1_pref_005_ckpt_096,critical_safe_balanced_selected,episode_002,6,6013,30,Q2_user_action_during_critical_breach,high,Restore,User3,User,PrivilegeEscalate,Op_Server0,"[""Op_Server0""]","[""Op_Server0""]","[""Enterprise1"", ""Op_Server0"", ""User0"", ""User2""]","[""Enterprise1"", ""Op_Server0"", ""User0"", ""User2""]","{""blue_first_relevant_response_after_critical"": 13, ""blue_first_relevant_response_after_enterprise"": 6, ""enterprise_foothold_step"": 5, ""first_critical_hit_step"": 12, ""window_end"": null, ""window_start"": null}"
ours_stage2_fair_critical_safe_v1,11,stage1_pref_005_ckpt_096,critical_safe_balanced_selected,episode_002,6,6013,42,Q2_user_action_during_critical_breach,high,DecoyHarakaSMPT,User2,User,Impact,Op_Server0,"[""Op_Server0""]","[""Op_Server0""]","[""Enterprise1"", ""Op_Server0"", ""User0"", ""User2""]","[""Enterprise1"", ""Op_Server0"", ""User0"", ""User2""]","{""blue_first_relevant_response_after_critical"": 13, ""blue_first_relevant_response_after_enterprise"": 6, ""enterprise_foothold_step"": 5, ""first_critical_hit_step"": 12, ""window_end"": null, ""window_start"": null}"
ours_stage2_fair_critical_safe_v1,11,stage1_pref_005_ckpt_096,critical_safe_balanced_selected,episode_002,6,6013,43,Q2_user_action_during_critical_breach,high,DecoyHarakaSMPT,User2,User,Impact,Op_Server0,"[""Op_Server0""]","[""Op_Server0""]","[""Enterprise1"", ""Op_Server0"", ""User0"", ""User2""]","[""Enterprise1"", ""Op_Server0"", ""User0"", ""User2""]","{""blue_first_relevant_response_after_critical"": 13, ""blue_first_relevant_response_after_enterprise"": 6, ""enterprise_foothold_step"": 5, ""first_critical_hit_step"": 12, ""window_end"": null, ""window_start"": null}"
ours_stage2_fair_critical_safe_v1,11,stage1_pref_005_ckpt_096,critical_safe_balanced_selected,episode_002,6,6013,51,Q2_user_action_during_critical_breach,high,DecoySSHD,User2,User,PrivilegeEscalate,Op_Server0,"[""Op_Server0""]","[""Op_Server0""]","[""Enterprise1"", ""Op_Server0"", ""User0"", ""User2""]","[""Enterprise1"", ""Op_Server0"", ""User0"", ""User2""]","{""blue_first_relevant_response_after_critical"": 13, ""blue_first_relevant_response_after_enterprise"": 6, ""enterprise_foothold_step"": 5, ""first_critical_hit_step"": 12, ""window_end"": null, ""window_start"": null}"
ours_stage2_fair_critical_safe_v1,11,stage1_pref_005_ckpt_096,critical_safe_balanced_selected,episode_002,6,6013,56,Q2_user_action_during_critical_breach,high,Restore,User4,User,PrivilegeEscalate,Op_Server0,"[""Op_Server0""]","[""Op_Server0""]","[""Enterprise1"", ""Op_Server0"", ""User0"", ""User2""]","[""Enterprise1"", ""Op_Server0"", ""User0"", ""User2""]","{""blue_first_relevant_response_after_critical"": 13, ""blue_first_relevant_response_after_enterprise"": 6, ""enterprise_foothold_step"": 5, ""first_critical_hit_step"": 12, ""window_end"": null, ""window_start"": null}"
ours_stage2_fair_critical_safe_v1,11,stage1_pref_005_ckpt_096,critical_safe_balanced_selected,episode_002,6,6013,59,Q2_user_action_during_critical_breach,high,DecoyHarakaSMPT,User2,User,Impact,Op_Server0,"[""Op_Server0""]","[""Op_Server0""]","[""Enterprise1"", ""Op_Server0"", ""User0"", ""User2""]","[""Enterprise1"", ""Op_Server0"", ""User0"", ""User2""]","{""blue_first_relevant_response_after_critical"": 13, ""blue_first_relevant_response_after_enterprise"": 6, ""enterprise_foothold_step"": 5, ""first_critical_hit_step"": 12, ""window_end"": null, ""window_start"": null}"
ours_stage2_fair_critical_safe_v1,11,stage1_pref_005_ckpt_096,critical_safe_balanced_selected,episode_002,6,6013,65,Q2_user_action_during_critical_breach,high,DecoyVsftpd,User1,User,Impact,Op_Server0,"[""Op_Server0""]","[""Op_Server0""]","[""Enterprise1"", ""Op_Server0"", ""User0"", ""User2""]","[""Enterprise1"", ""Op_Server0"", ""User0"", ""User2""]","{""blue_first_relevant_response_after_critical"": 13, ""blue_first_relevant_response_after_enterprise"": 6, ""enterprise_foothold_step"": 5, ""first_critical_hit_step"": 12, ""window_end"": null, ""window_start"": null}"
ours_stage2_fair_critical_safe_v1,11,stage1_pref_005_ckpt_096,critical_safe_balanced_selected,episode_002,6,6013,74,Q2_user_action_during_critical_breach,high,Restore,User0,User,Impact,Op_Server0,"[""Op_Server0""]","[""Op_Server0""]","[""Enterprise1"", ""Op_Server0"", ""User0"", ""User2""]","[""Enterprise1"", ""Op_Server0"", ""User0"", ""User2""]","{""blue_first_relevant_response_after_critical"": 13, ""blue_first_relevant_response_after_enterprise"": 6, ""enterprise_foothold_step"": 5, ""first_critical_hit_step"": 12, ""window_end"": null, ""window_start"": null}"
ours_stage2_fair_critical_safe_v1,11,stage1_pref_005_ckpt_096,critical_safe_balanced_selected,episode_002,6,6013,78,Q2_user_action_during_critical_breach,high,DecoyHarakaSMPT,User2,User,Impact,Op_Server0,"[""Op_Server0""]","[""Op_Server0""]","[""Enterprise1"", ""Op_Server0"", ""User0"", ""User2""]","[""Enterprise1"", ""Op_Server0"", ""User0"", ""User2""]","{""blue_first_relevant_response_after_critical"": 13, ""blue_first_relevant_response_after_enterprise"": 6, ""enterprise_foothold_step"": 5, ""first_critical_hit_step"": 12, ""window_end"": null, ""window_start"": null}"
ours_stage2_fair_critical_safe_v1,11,stage1_pref_005_ckpt_096,critical_safe_balanced_selected,episode_002,6,6013,81,Q2_user_action_during_critical_breach,high,DecoyHarakaSMPT,User2,User,Impact,Op_Server0,"[""Op_Server0""]","[""Op_Server0""]","[""Enterprise1"", ""Op_Server0"", ""User0"", ""User2""]","[""Enterprise1"", ""Op_Server0"", ""User0"", ""User2""]","{""blue_first_relevant_response_after_critical"": 13, ""blue_first_relevant_response_after_enterprise"": 6, ""enterprise_foothold_step"": 5, ""first_critical_hit_step"": 12, ""window_end"": null, ""window_start"": null}"
ours_stage2_fair_critical_safe_v1,11,stage1_pref_005_ckpt_096,critical_safe_balanced_selected,episode_002,6,6013,83,Q2_user_action_during_critical_breach,high,Restore,User0,User,Impact,Op_Server0,"[""Op_Server0""]","[""Op_Server0""]","[""Enterprise1"", ""Op_Server0"", ""User0"", ""User2""]","[""Enterprise1"", ""Op_Server0"", ""User0"", ""User2""]","{""blue_first_relevant_response_after_critical"": 13, ""blue_first_relevant_response_after_enterprise"": 6, ""enterprise_foothold_step"": 5, ""first_critical_hit_step"": 12, ""window_end"": null, ""window_start"": null}"
ours_stage2_fair_critical_safe_v1,11,stage1_pref_005_ckpt_096,critical_safe_balanced_selected,episode_002,6,6013,84,Q2_user_action_during_critical_breach,high,Restore,User0,User,Impact,Op_Server0,"[""Op_Server0""]","[""Op_Server0""]","[""Enterprise1"", ""Op_Server0"", ""User0"", ""User2""]","[""Enterprise1"", ""Op_Server0"", ""User0"", ""User2""]","{""blue_first_relevant_response_after_critical"": 13, ""blue_first_relevant_response_after_enterprise"": 6, ""enterprise_foothold_step"": 5, ""first_critical_hit_step"": 12, ""window_end"": null, ""window_start"": null}"
ours_stage2_fair_critical_safe_v1,11,stage1_pref_005_ckpt_096,critical_safe_balanced_selected,episode_002,6,6013,87,Q2_user_action_during_critical_breach,high,Restore,User0,User,Impact,Op_Server0,"[""Op_Server0""]","[""Op_Server0""]","[""Enterprise1"", ""Op_Server0"", ""User0"", ""User2""]","[""Enterprise1"", ""Op_Server0"", ""User0"", ""User2""]","{""blue_first_relevant_response_after_critical"": 13, ""blue_first_relevant_response_after_enterprise"": 6, ""enterprise_foothold_step"": 5, ""first_critical_hit_step"": 12, ""window_end"": null, ""window_start"": null}"
ours_stage2_fair_critical_safe_v1,11,stage1_pref_005_ckpt_096,critical_safe_balanced_selected,episode_002,6,6013,88,Q2_user_action_during_critical_breach,high,Restore,User0,User,Impact,Op_Server0,"[""Op_Server0""]","[""Op_Server0""]","[""Enterprise1"", ""Op_Server0"", ""User0"", ""User2""]","[""Enterprise1"", ""Op_Server0"", ""User0"", ""User2""]","{""blue_first_relevant_response_after_critical"": 13, ""blue_first_relevant_response_after_enterprise"": 6, ""enterprise_foothold_step"": 5, ""first_critical_hit_step"": 12, ""window_end"": null, ""window_start"": null}"
ours_stage2_fair_critical_safe_v1,11,stage1_pref_005_ckpt_096,critical_safe_balanced_selected,episode_002,6,6013,90,Q2_user_action_during_critical_breach,high,DecoyFemitter,User0,User,Impact,Op_Server0,"[""Op_Server0""]","[""Op_Server0""]","[""Enterprise1"", ""Op_Server0"", ""User0"", ""User2""]","[""Enterprise1"", ""Op_Server0"", ""User0"", ""User2""]","{""blue_first_relevant_response_after_critical"": 13, ""blue_first_relevant_response_after_enterprise"": 6, ""enterprise_foothold_step"": 5, ""first_critical_hit_step"": 12, ""window_end"": null, ""window_start"": null}"
ours_stage2_fair_critical_safe_v1,11,stage1_pref_005_ckpt_096,critical_safe_balanced_selected,episode_002,6,6013,93,Q2_user_action_during_critical_breach,high,Restore,User0,User,Impact,Op_Server0,"[""Op_Server0""]","[""Op_Server0""]","[""Enterprise1"", ""Op_Server0"", ""User0"", ""User2""]","[""Enterprise1"", ""Op_Server0"", ""User0"", ""User2""]","{""blue_first_relevant_response_after_critical"": 13, ""blue_first_relevant_response_after_enterprise"": 6, ""enterprise_foothold_step"": 5, ""first_critical_hit_step"": 12, ""window_end"": null, ""window_start"": null}"
ours_stage2_fair_critical_safe_v1,11,stage1_pref_005_ckpt_096,critical_safe_balanced_selected,episode_002,6,6013,95,Q2_user_action_during_critical_breach,high,DecoyHarakaSMPT,User2,User,Impact,Op_Server0,"[""Op_Server0""]","[""Op_Server0""]","[""Enterprise1"", ""Op_Server0"", ""User0"", ""User2""]","[""Enterprise1"", ""Op_Server0"", ""User0"", ""User2""]","{""blue_first_relevant_response_after_critical"": 13, ""blue_first_relevant_response_after_enterprise"": 6, ""enterprise_foothold_step"": 5, ""first_critical_hit_step"": 12, ""window_end"": null, ""window_start"": null}"
ours_stage2_fair_critical_safe_v1,11,stage1_pref_005_ckpt_096,critical_safe_balanced_selected,episode_002,7,7013,26,Q2_user_action_during_critical_breach,high,DecoyHarakaSMPT,User2,User,Impact,Op_Server0,"[""Op_Server0""]","[""Op_Server0""]","[""Enterprise0"", ""Enterprise2"", ""Op_Server0"", ""User0"", ""User4""]","[""Enterprise0"", ""Enterprise2"", ""Op_Server0"", ""User0"", ""User4""]","{""blue_first_relevant_response_after_critical"": 25, ""blue_first_relevant_response_after_enterprise"": 19, ""enterprise_foothold_step"": 17, ""first_critical_hit_step"": 24, ""window_end"": null, ""window_start"": null}"
ours_stage2_fair_critical_safe_v1,11,stage1_pref_005_ckpt_096,critical_safe_balanced_selected,episode_002,7,7013,27,Q2_user_action_during_critical_breach,high,Restore,User0,User,Impact,Op_Server0,"[""Op_Server0""]","[""Op_Server0""]","[""Enterprise0"", ""Enterprise2"", ""Op_Server0"", ""User0"", ""User4""]","[""Enterprise0"", ""Enterprise2"", ""Op_Server0"", ""User0"", ""User4""]","{""blue_first_relevant_response_after_critical"": 25, ""blue_first_relevant_response_after_enterprise"": 19, ""enterprise_foothold_step"": 17, ""first_critical_hit_step"": 24, ""window_end"": null, ""window_start"": null}"
ours_stage2_fair_critical_safe_v1,11,stage1_pref_005_ckpt_096,critical_safe_balanced_selected,episode_002,7,7013,31,Q2_user_action_during_critical_breach,high,Restore,User0,User,Impact,Op_Server0,"[""Op_Server0""]","[""Op_Server0""]","[""Enterprise0"", ""Op_Server0"", ""User0"", ""User4""]","[""Enterprise0"", ""Op_Server0"", ""User0"", ""User4""]","{""blue_first_relevant_response_after_critical"": 25, ""blue_first_relevant_response_after_enterprise"": 19, ""enterprise_foothold_step"": 17, ""first_critical_hit_step"": 24, ""window_end"": null, ""window_start"": null}"
ours_stage2_fair_critical_safe_v1,11,stage1_pref_005_ckpt_096,critical_safe_balanced_selected,episode_002,7,7013,33,Q2_user_action_during_critical_breach,high,DecoyHarakaSMPT,User2,User,Impact,Op_Server0,"[""Op_Server0""]","[""Op_Server0""]","[""Enterprise0"", ""Op_Server0"", ""User0"", ""User4""]","[""Enterprise0"", ""Op_Server0"", ""User0"", ""User4""]","{""blue_first_relevant_response_after_critical"": 25, ""blue_first_relevant_response_after_enterprise"": 19, ""enterprise_foothold_step"": 17, ""first_critical_hit_step"": 24, ""window_end"": null, ""window_start"": null}"
ours_stage2_fair_critical_safe_v1,11,stage1_pref_005_ckpt_096,critical_safe_balanced_selected,episode_002,7,7013,34,Q2_user_action_during_critical_breach,high,DecoyHarakaSMPT,User2,User,Impact,Op_Server0,"[""Op_Server0""]","[""Op_Server0""]","[""Enterprise0"", ""Op_Server0"", ""User0"", ""User4""]","[""Enterprise0"", ""Op_Server0"", ""User0"", ""User4""]","{""blue_first_relevant_response_after_critical"": 25, ""blue_first_relevant_response_after_enterprise"": 19, ""enterprise_foothold_step"": 17, ""first_critical_hit_step"": 24, ""window_end"": null, ""window_start"": null}"
ours_stage2_fair_critical_safe_v1,11,stage1_pref_005_ckpt_096,critical_safe_balanced_selected,episode_002,7,7013,35,Q2_user_action_during_critical_breach,high,DecoySSHD,User2,User,Impact,Op_Server0,"[""Op_Server0""]","[""Op_Server0""]","[""Enterprise0"", ""Op_Server0"", ""User0"", ""User4""]","[""Enterprise0"", ""Op_Server0"", ""User0"", ""User4""]","{""blue_first_relevant_response_after_critical"": 25, ""blue_first_relevant_response_after_enterprise"": 19, ""enterprise_foothold_step"": 17, ""first_critical_hit_step"": 24, ""window_end"": null, ""window_start"": null}"
ours_stage2_fair_critical_safe_v1,11,stage1_pref_005_ckpt_096,critical_safe_balanced_selected,episode_002,7,7013,37,Q2_user_action_during_critical_breach,high,DecoyHarakaSMPT,User1,User,Impact,Op_Server0,"[""Op_Server0""]","[""Op_Server0""]","[""Enterprise0"", ""Op_Server0"", ""User0"", ""User4""]","[""Enterprise0"", ""Op_Server0"", ""User0"", ""User4""]","{""blue_first_relevant_response_after_critical"": 25, ""blue_first_relevant_response_after_enterprise"": 19, ""enterprise_foothold_step"": 17, ""first_critical_hit_step"": 24, ""window_end"": null, ""window_start"": null}"
ours_stage2_fair_critical_safe_v1,11,stage1_pref_005_ckpt_096,critical_safe_balanced_selected,episode_002,7,7013,39,Q2_user_action_during_critical_breach,high,Restore,User0,User,Impact,Op_Server0,"[""Op_Server0""]","[""Op_Server0""]","[""Enterprise0"", ""Op_Server0"", ""User0"", ""User4""]","[""Enterprise0"", ""Op_Server0"", ""User0"", ""User4""]","{""blue_first_relevant_response_after_critical"": 25, ""blue_first_relevant_response_after_enterprise"": 19, ""enterprise_foothold_step"": 17, ""first_critical_hit_step"": 24, ""window_end"": null, ""window_start"": null}"
ours_stage2_fair_critical_safe_v1,11,stage1_pref_005_ckpt_096,critical_safe_balanced_selected,episode_002,7,7013,44,Q2_user_action_during_critical_breach,high,Restore,User0,User,Impact,Op_Server0,"[""Op_Server0""]","[""Op_Server0""]","[""Enterprise0"", ""Op_Server0"", ""User0"", ""User4""]","[""Enterprise0"", ""Op_Server0"", ""User0"", ""User4""]","{""blue_first_relevant_response_after_critical"": 25, ""blue_first_relevant_response_after_enterprise"": 19, ""enterprise_foothold_step"": 17, ""first_critical_hit_step"": 24, ""window_end"": null, ""window_start"": null}"
ours_stage2_fair_critical_safe_v1,11,stage1_pref_005_ckpt_096,critical_safe_balanced_selected,episode_002,7,7013,49,Q2_user_action_during_critical_breach,high,Restore,User0,User,Impact,Op_Server0,"[""Op_Server0""]","[""Op_Server0""]","[""Enterprise0"", ""Op_Server0"", ""User0"", ""User4""]","[""Enterprise0"", ""Op_Server0"", ""User0"", ""User4""]","{""blue_first_relevant_response_after_critical"": 25, ""blue_first_relevant_response_after_enterprise"": 19, ""enterprise_foothold_step"": 17, ""first_critical_hit_step"": 24, ""window_end"": null, ""window_start"": null}"
ours_stage2_fair_critical_safe_v1,11,stage1_pref_005_ckpt_096,critical_safe_balanced_selected,episode_002,7,7013,50,Q2_user_action_during_critical_breach,high,DecoyHarakaSMPT,User2,User,Impact,Op_Server0,"[""Op_Server0""]","[""Op_Server0""]","[""Enterprise0"", ""Op_Server0"", ""User0"", ""User4""]","[""Enterprise0"", ""Op_Server0"", ""User0"", ""User4""]","{""blue_first_relevant_response_after_critical"": 25, ""blue_first_relevant_response_after_enterprise"": 19, ""enterprise_foothold_step"": 17, ""first_critical_hit_step"": 24, ""window_end"": null, ""window_start"": null}"
ours_stage2_fair_critical_safe_v1,11,stage1_pref_005_ckpt_096,critical_safe_balanced_selected,episode_002,7,7013,60,Q2_user_action_during_critical_breach,high,DecoySmss,User4,User,Impact,Op_Server0,"[""Op_Server0""]","[""Op_Server0""]","[""Enterprise0"", ""Op_Server0"", ""User0"", ""User4""]","[""Enterprise0"", ""Op_Server0"", ""User0"", ""User4""]","{""blue_first_relevant_response_after_critical"": 25, ""blue_first_relevant_response_after_enterprise"": 19, ""enterprise_foothold_step"": 17, ""first_critical_hit_step"": 24, ""window_end"": null, ""window_start"": null}"
ours_stage2_fair_critical_safe_v1,11,stage1_pref_005_ckpt_096,critical_safe_balanced_selected,episode_002,7,7013,65,Q2_user_action_during_critical_breach,high,Restore,User0,User,PrivilegeEscalate,Op_Server0,"[""Op_Server0""]","[""Op_Server0""]","[""Enterprise0"", ""Op_Server0"", ""User0"", ""User4""]","[""Enterprise0"", ""Op_Server0"", ""User0"", ""User4""]","{""blue_first_relevant_response_after_critical"": 25, ""blue_first_relevant_response_after_enterprise"": 19, ""enterprise_foothold_step"": 17, ""first_critical_hit_step"": 24, ""window_end"": null, ""window_start"": null}"
ours_stage2_fair_critical_safe_v1,11,stage1_pref_005_ckpt_096,critical_safe_balanced_selected,episode_002,7,7013,71,Q2_user_action_during_critical_breach,high,DecoyHarakaSMPT,User2,User,PrivilegeEscalate,Op_Server0,"[""Op_Server0""]","[""Op_Server0""]","[""Enterprise0"", ""Op_Server0"", ""User0"", ""User4""]","[""Enterprise0"", ""Op_Server0"", ""User0"", ""User4""]","{""blue_first_relevant_response_after_critical"": 25, ""blue_first_relevant_response_after_enterprise"": 19, ""enterprise_foothold_step"": 17, ""first_critical_hit_step"": 24, ""window_end"": null, ""window_start"": null}"
ours_stage2_fair_critical_safe_v1,11,stage1_pref_005_ckpt_096,critical_safe_balanced_selected,episode_002,7,7013,74,Q2_user_action_during_critical_breach,high,Restore,User0,User,Impact,Op_Server0,"[""Op_Server0""]","[""Op_Server0""]","[""Enterprise0"", ""Op_Server0"", ""User0"", ""User4""]","[""Enterprise0"", ""Op_Server0"", ""User0"", ""User4""]","{""blue_first_relevant_response_after_critical"": 25, ""blue_first_relevant_response_after_enterprise"": 19, ""enterprise_foothold_step"": 17, ""first_critical_hit_step"": 24, ""window_end"": null, ""window_start"": null}"
ours_stage2_fair_critical_safe_v1,11,stage1_pref_005_ckpt_096,critical_safe_balanced_selected,episode_002,7,7013,78,Q2_user_action_during_critical_breach,high,DecoyHarakaSMPT,User2,User,Impact,Op_Server0,"[""Op_Server0""]","[""Op_Server0""]","[""Enterprise0"", ""Op_Server0"", ""User0"", ""User4""]","[""Enterprise0"", ""Op_Server0"", ""User0"", ""User4""]","{""blue_first_relevant_response_after_critical"": 25, ""blue_first_relevant_response_after_enterprise"": 19, ""enterprise_foothold_step"": 17, ""first_critical_hit_step"": 24, ""window_end"": null, ""window_start"": null}"
ours_stage2_fair_critical_safe_v1,11,stage1_pref_005_ckpt_096,critical_safe_balanced_selected,episode_002,7,7013,79,Q2_user_action_during_critical_breach,high,DecoyHarakaSMPT,User2,User,Impact,Op_Server0,"[""Op_Server0""]","[""Op_Server0""]","[""Enterprise0"", ""Op_Server0"", ""User0"", ""User4""]","[""Enterprise0"", ""Op_Server0"", ""User0"", ""User4""]","{""blue_first_relevant_response_after_critical"": 25, ""blue_first_relevant_response_after_enterprise"": 19, ""enterprise_foothold_step"": 17, ""first_critical_hit_step"": 24, ""window_end"": null, ""window_start"": null}"
ours_stage2_fair_critical_safe_v1,11,stage1_pref_005_ckpt_096,critical_safe_balanced_selected,episode_002,7,7013,80,Q2_user_action_during_critical_breach,high,DecoyHarakaSMPT,User2,User,Impact,Op_Server0,"[""Op_Server0""]","[""Op_Server0""]","[""Enterprise0"", ""Op_Server0"", ""User0"", ""User4""]","[""Enterprise0"", ""Op_Server0"", ""User0"", ""User4""]","{""blue_first_relevant_response_after_critical"": 25, ""blue_first_relevant_response_after_enterprise"": 19, ""enterprise_foothold_step"": 17, ""first_critical_hit_step"": 24, ""window_end"": null, ""window_start"": null}"
ours_stage2_fair_critical_safe_v1,11,stage1_pref_005_ckpt_096,critical_safe_balanced_selected,episode_002,7,7013,97,Q2_user_action_during_critical_breach,high,DecoyHarakaSMPT,User2,User,Impact,Op_Server0,"[""Op_Server0""]","[""Op_Server0""]","[""Enterprise0"", ""Op_Server0"", ""User0"", ""User4""]","[""Enterprise0"", ""Op_Server0"", ""User0"", ""User4""]","{""blue_first_relevant_response_after_critical"": 25, ""blue_first_relevant_response_after_enterprise"": 19, ""enterprise_foothold_step"": 17, ""first_critical_hit_step"": 24, ""window_end"": null, ""window_start"": null}"
ours_stage2_fair_critical_safe_v1,11,stage1_pref_005_ckpt_096,critical_safe_balanced_selected,episode_002,7,7013,33,Q4_user_focus_after_enterprise_foothold,medium,DecoyHarakaSMPT,User2,User,Impact,Op_Server0,"[""Op_Server0""]","[""Op_Server0""]","[""Enterprise0"", ""Op_Server0"", ""User0"", ""User4""]","[""Enterprise0"", ""Op_Server0"", ""User0"", ""User4""]","{""blue_first_relevant_response_after_critical"": 25, ""blue_first_relevant_response_after_enterprise"": 19, ""enterprise_foothold_step"": 17, ""first_critical_hit_step"": 24, ""window_end"": 35, ""window_start"": 33}"
ours_stage2_fair_critical_safe_v1,11,stage1_pref_005_ckpt_096,critical_safe_balanced_selected,episode_002,7,7013,69,Q4_user_focus_after_enterprise_foothold,medium,Restore,User0,User,PrivilegeEscalate,Op_Server0,[],[],"[""Enterprise0"", ""User0"", ""User4""]","[""Enterprise0"", ""User0"", ""User4""]","{""blue_first_relevant_response_after_critical"": 25, ""blue_first_relevant_response_after_enterprise"": 19, ""enterprise_foothold_step"": 17, ""first_critical_hit_step"": 24, ""window_end"": 71, ""window_start"": 69}"
ours_stage2_fair_critical_safe_v1,11,stage1_pref_005_ckpt_096,critical_safe_balanced_selected,episode_002,7,7013,78,Q4_user_focus_after_enterprise_foothold,medium,DecoyHarakaSMPT,User2,User,Impact,Op_Server0,"[""Op_Server0""]","[""Op_Server0""]","[""Enterprise0"", ""Op_Server0"", ""User0"", ""User4""]","[""Enterprise0"", ""Op_Server0"", ""User0"", ""User4""]","{""blue_first_relevant_response_after_critical"": 25, ""blue_first_relevant_response_after_enterprise"": 19, ""enterprise_foothold_step"": 17, ""first_critical_hit_step"": 24, ""window_end"": 80, ""window_start"": 78}"
ours_stage2_fair_critical_safe_v1,11,stage1_pref_005_ckpt_096,critical_safe_balanced_selected,episode_002,7,7013,70,Q5_repeated_low_value_decoy_loop,medium,DecoyHarakaSMPT,User2,User,ExploitRemoteService,,[],"[""Op_Server0""]","[""Enterprise0"", ""User0"", ""User4""]","[""Enterprise0"", ""Op_Server0"", ""User0"", ""User4""]","{""blue_first_relevant_response_after_critical"": 25, ""blue_first_relevant_response_after_enterprise"": 19, ""enterprise_foothold_step"": 17, ""first_critical_hit_step"": 24, ""window_end"": 78, ""window_start"": 69}"
