method_name,seed,policy_id,candidate_label,episode_id,env_idx,env_seed,step_idx,rule_id,severity,blue_action_name,blue_target_hostname,blue_target_subnet,red_action_name,red_target_hostname,critical_state_before,critical_state_after,compromised_hosts_before,compromised_hosts_after,response_context
ours_stage2_fair,11,stage2_ext_002_obj_0,semantic_balanced,episode_000,0,11,22,Q2_user_action_during_critical_breach,high,DecoyHarakaSMPT,User2,User,PrivilegeEscalate,Op_Server0,"[""Op_Server0""]","[""Op_Server0""]","[""Enterprise1"", ""Op_Server0"", ""User0"", ""User2""]","[""Enterprise1"", ""Op_Server0"", ""User0"", ""User2""]","{""blue_first_relevant_response_after_critical"": 13, ""blue_first_relevant_response_after_enterprise"": 7, ""enterprise_foothold_step"": 5, ""first_critical_hit_step"": 12, ""window_end"": null, ""window_start"": null}"
ours_stage2_fair,11,stage2_ext_002_obj_0,semantic_balanced,episode_000,0,11,28,Q2_user_action_during_critical_breach,high,DecoyVsftpd,User4,User,Impact,Op_Server0,"[""Op_Server0""]","[""Op_Server0""]","[""Enterprise1"", ""Op_Server0"", ""User0"", ""User2""]","[""Enterprise1"", ""Op_Server0"", ""User0"", ""User2""]","{""blue_first_relevant_response_after_critical"": 13, ""blue_first_relevant_response_after_enterprise"": 7, ""enterprise_foothold_step"": 5, ""first_critical_hit_step"": 12, ""window_end"": null, ""window_start"": null}"
ours_stage2_fair,11,stage2_ext_002_obj_0,semantic_balanced,episode_000,0,11,48,Q2_user_action_during_critical_breach,high,DecoyVsftpd,User4,User,Impact,Op_Server0,"[""Op_Server0""]","[""Op_Server0""]","[""Enterprise1"", ""Op_Server0"", ""User0"", ""User2""]","[""Enterprise1"", ""Op_Server0"", ""User0"", ""User2""]","{""blue_first_relevant_response_after_critical"": 13, ""blue_first_relevant_response_after_enterprise"": 7, ""enterprise_foothold_step"": 5, ""first_critical_hit_step"": 12, ""window_end"": null, ""window_start"": null}"
ours_stage2_fair,11,stage2_ext_002_obj_0,semantic_balanced,episode_000,0,11,61,Q2_user_action_during_critical_breach,high,DecoyApache,User3,User,Impact,Op_Server0,"[""Op_Server0""]","[""Op_Server0""]","[""Op_Server0"", ""User0"", ""User2""]","[""Op_Server0"", ""User0"", ""User2""]","{""blue_first_relevant_response_after_critical"": 13, ""blue_first_relevant_response_after_enterprise"": 7, ""enterprise_foothold_step"": 5, ""first_critical_hit_step"": 12, ""window_end"": null, ""window_start"": null}"
ours_stage2_fair,11,stage2_ext_002_obj_0,semantic_balanced,episode_000,0,11,62,Q2_user_action_during_critical_breach,high,Remove,User2,User,Impact,Op_Server0,"[""Op_Server0""]","[""Op_Server0""]","[""Op_Server0"", ""User0"", ""User2""]","[""Op_Server0"", ""User0"", ""User2""]","{""blue_first_relevant_response_after_critical"": 13, ""blue_first_relevant_response_after_enterprise"": 7, ""enterprise_foothold_step"": 5, ""first_critical_hit_step"": 12, ""window_end"": null, ""window_start"": null}"
ours_stage2_fair,11,stage2_ext_002_obj_0,semantic_balanced,episode_000,0,11,65,Q2_user_action_during_critical_breach,high,Remove,User2,User,Impact,Op_Server0,"[""Op_Server0""]","[""Op_Server0""]","[""Op_Server0"", ""User0"", ""User2""]","[""Op_Server0"", ""User0"", ""User2""]","{""blue_first_relevant_response_after_critical"": 13, ""blue_first_relevant_response_after_enterprise"": 7, ""enterprise_foothold_step"": 5, ""first_critical_hit_step"": 12, ""window_end"": null, ""window_start"": null}"
ours_stage2_fair,11,stage2_ext_002_obj_0,semantic_balanced,episode_000,0,11,68,Q2_user_action_during_critical_breach,high,Remove,User3,User,Impact,Op_Server0,"[""Op_Server0""]","[""Op_Server0""]","[""Op_Server0"", ""User0"", ""User2""]","[""Op_Server0"", ""User0"", ""User2""]","{""blue_first_relevant_response_after_critical"": 13, ""blue_first_relevant_response_after_enterprise"": 7, ""enterprise_foothold_step"": 5, ""first_critical_hit_step"": 12, ""window_end"": null, ""window_start"": null}"
ours_stage2_fair,11,stage2_ext_002_obj_0,semantic_balanced,episode_000,0,11,70,Q2_user_action_during_critical_breach,high,Remove,User2,User,Impact,Op_Server0,"[""Op_Server0""]","[""Op_Server0""]","[""Op_Server0"", ""User0"", ""User2""]","[""Op_Server0"", ""User0"", ""User2""]","{""blue_first_relevant_response_after_critical"": 13, ""blue_first_relevant_response_after_enterprise"": 7, ""enterprise_foothold_step"": 5, ""first_critical_hit_step"": 12, ""window_end"": null, ""window_start"": null}"
ours_stage2_fair,11,stage2_ext_002_obj_0,semantic_balanced,episode_000,0,11,74,Q2_user_action_during_critical_breach,high,DecoyHarakaSMPT,User2,User,Impact,Op_Server0,"[""Op_Server0""]","[""Op_Server0""]","[""Op_Server0"", ""User0"", ""User2""]","[""Op_Server0"", ""User0"", ""User2""]","{""blue_first_relevant_response_after_critical"": 13, ""blue_first_relevant_response_after_enterprise"": 7, ""enterprise_foothold_step"": 5, ""first_critical_hit_step"": 12, ""window_end"": null, ""window_start"": null}"
ours_stage2_fair,11,stage2_ext_002_obj_0,semantic_balanced,episode_000,0,11,76,Q2_user_action_during_critical_breach,high,Remove,User4,User,Impact,Op_Server0,"[""Op_Server0""]","[""Op_Server0""]","[""Op_Server0"", ""User0"", ""User2""]","[""Op_Server0"", ""User0"", ""User2""]","{""blue_first_relevant_response_after_critical"": 13, ""blue_first_relevant_response_after_enterprise"": 7, ""enterprise_foothold_step"": 5, ""first_critical_hit_step"": 12, ""window_end"": null, ""window_start"": null}"
ours_stage2_fair,11,stage2_ext_002_obj_0,semantic_balanced,episode_000,0,11,77,Q2_user_action_during_critical_breach,high,DecoyHarakaSMPT,User2,User,Impact,Op_Server0,"[""Op_Server0""]","[""Op_Server0""]","[""Op_Server0"", ""User0"", ""User2""]","[""Op_Server0"", ""User0"", ""User2""]","{""blue_first_relevant_response_after_critical"": 13, ""blue_first_relevant_response_after_enterprise"": 7, ""enterprise_foothold_step"": 5, ""first_critical_hit_step"": 12, ""window_end"": null, ""window_start"": null}"
ours_stage2_fair,11,stage2_ext_002_obj_0,semantic_balanced,episode_000,0,11,81,Q2_user_action_during_critical_breach,high,DecoyHarakaSMPT,User2,User,Impact,Op_Server0,"[""Op_Server0""]","[""Op_Server0""]","[""Op_Server0"", ""User0"", ""User2""]","[""Op_Server0"", ""User0"", ""User2""]","{""blue_first_relevant_response_after_critical"": 13, ""blue_first_relevant_response_after_enterprise"": 7, ""enterprise_foothold_step"": 5, ""first_critical_hit_step"": 12, ""window_end"": null, ""window_start"": null}"
ours_stage2_fair,11,stage2_ext_002_obj_0,semantic_balanced,episode_000,0,11,95,Q2_user_action_during_critical_breach,high,Remove,User2,User,Impact,Op_Server0,"[""Op_Server0""]","[""Op_Server0""]","[""Enterprise2"", ""Op_Server0"", ""User0"", ""User2""]","[""Enterprise2"", ""Op_Server0"", ""User0"", ""User2""]","{""blue_first_relevant_response_after_critical"": 13, ""blue_first_relevant_response_after_enterprise"": 7, ""enterprise_foothold_step"": 5, ""first_critical_hit_step"": 12, ""window_end"": null, ""window_start"": null}"
ours_stage2_fair,11,stage2_ext_002_obj_0,semantic_balanced,episode_000,0,11,74,Q5_repeated_low_value_decoy_loop,medium,DecoyHarakaSMPT,User2,User,Impact,Op_Server0,"[""Op_Server0""]","[""Op_Server0""]","[""Op_Server0"", ""User0"", ""User2""]","[""Op_Server0"", ""User0"", ""User2""]","{""blue_first_relevant_response_after_critical"": 13, ""blue_first_relevant_response_after_enterprise"": 7, ""enterprise_foothold_step"": 5, ""first_critical_hit_step"": 12, ""window_end"": 81, ""window_start"": 72}"
ours_stage2_fair,11,stage2_ext_002_obj_0,semantic_balanced,episode_000,1,1011,35,Q2_user_action_during_critical_breach,high,DecoyApache,User3,User,PrivilegeEscalate,Op_Server0,"[""Op_Server0""]","[""Op_Server0""]","[""Enterprise2"", ""Op_Server0"", ""User0"", ""User4""]","[""Enterprise2"", ""Op_Server0"", ""User0"", ""User4""]","{""blue_first_relevant_response_after_critical"": 17, ""blue_first_relevant_response_after_enterprise"": 7, ""enterprise_foothold_step"": 5, ""first_critical_hit_step"": 16, ""window_end"": null, ""window_start"": null}"
ours_stage2_fair,11,stage2_ext_002_obj_0,semantic_balanced,episode_000,1,1011,42,Q2_user_action_during_critical_breach,high,DecoyVsftpd,User4,User,Impact,Op_Server0,"[""Op_Server0""]","[""Op_Server0""]","[""Op_Server0"", ""User0"", ""User4""]","[""Op_Server0"", ""User0"", ""User4""]","{""blue_first_relevant_response_after_critical"": 17, ""blue_first_relevant_response_after_enterprise"": 7, ""enterprise_foothold_step"": 5, ""first_critical_hit_step"": 16, ""window_end"": null, ""window_start"": null}"
ours_stage2_fair,11,stage2_ext_002_obj_0,semantic_balanced,episode_000,1,1011,43,Q2_user_action_during_critical_breach,high,DecoySmss,User3,User,Impact,Op_Server0,"[""Op_Server0""]","[""Op_Server0""]","[""Op_Server0"", ""User0"", ""User4""]","[""Op_Server0"", ""User0"", ""User4""]","{""blue_first_relevant_response_after_critical"": 17, ""blue_first_relevant_response_after_enterprise"": 7, ""enterprise_foothold_step"": 5, ""first_critical_hit_step"": 16, ""window_end"": null, ""window_start"": null}"
ours_stage2_fair,11,stage2_ext_002_obj_0,semantic_balanced,episode_000,1,1011,44,Q2_user_action_during_critical_breach,high,Remove,User3,User,Impact,Op_Server0,"[""Op_Server0""]","[""Op_Server0""]","[""Op_Server0"", ""User0"", ""User4""]","[""Op_Server0"", ""User0"", ""User4""]","{""blue_first_relevant_response_after_critical"": 17, ""blue_first_relevant_response_after_enterprise"": 7, ""enterprise_foothold_step"": 5, ""first_critical_hit_step"": 16, ""window_end"": null, ""window_start"": null}"
ours_stage2_fair,11,stage2_ext_002_obj_0,semantic_balanced,episode_000,1,1011,51,Q2_user_action_during_critical_breach,high,DecoyHarakaSMPT,User2,User,Impact,Op_Server0,"[""Op_Server0""]","[""Op_Server0""]","[""Op_Server0"", ""User0"", ""User4""]","[""Op_Server0"", ""User0"", ""User4""]","{""blue_first_relevant_response_after_critical"": 17, ""blue_first_relevant_response_after_enterprise"": 7, ""enterprise_foothold_step"": 5, ""first_critical_hit_step"": 16, ""window_end"": null, ""window_start"": null}"
ours_stage2_fair,11,stage2_ext_002_obj_0,semantic_balanced,episode_000,1,1011,52,Q2_user_action_during_critical_breach,high,Remove,User4,User,Impact,Op_Server0,"[""Op_Server0""]","[""Op_Server0""]","[""Op_Server0"", ""User0"", ""User4""]","[""Op_Server0"", ""User0"", ""User4""]","{""blue_first_relevant_response_after_critical"": 17, ""blue_first_relevant_response_after_enterprise"": 7, ""enterprise_foothold_step"": 5, ""first_critical_hit_step"": 16, ""window_end"": null, ""window_start"": null}"
ours_stage2_fair,11,stage2_ext_002_obj_0,semantic_balanced,episode_000,1,1011,61,Q2_user_action_during_critical_breach,high,DecoySSHD,User2,User,Impact,Op_Server0,"[""Op_Server0""]","[""Op_Server0""]","[""Op_Server0"", ""User0"", ""User4""]","[""Op_Server0"", ""User0"", ""User4""]","{""blue_first_relevant_response_after_critical"": 17, ""blue_first_relevant_response_after_enterprise"": 7, ""enterprise_foothold_step"": 5, ""first_critical_hit_step"": 16, ""window_end"": null, ""window_start"": null}"
ours_stage2_fair,11,stage2_ext_002_obj_0,semantic_balanced,episode_000,1,1011,74,Q2_user_action_during_critical_breach,high,DecoySmss,User3,User,Impact,Op_Server0,"[""Op_Server0""]","[""Op_Server0""]","[""Op_Server0"", ""User0"", ""User4""]","[""Op_Server0"", ""User0"", ""User4""]","{""blue_first_relevant_response_after_critical"": 17, ""blue_first_relevant_response_after_enterprise"": 7, ""enterprise_foothold_step"": 5, ""first_critical_hit_step"": 16, ""window_end"": null, ""window_start"": null}"
ours_stage2_fair,11,stage2_ext_002_obj_0,semantic_balanced,episode_000,1,1011,77,Q2_user_action_during_critical_breach,high,Remove,User2,User,Impact,Op_Server0,"[""Op_Server0""]","[""Op_Server0""]","[""Op_Server0"", ""User0"", ""User4""]","[""Op_Server0"", ""User0"", ""User4""]","{""blue_first_relevant_response_after_critical"": 17, ""blue_first_relevant_response_after_enterprise"": 7, ""enterprise_foothold_step"": 5, ""first_critical_hit_step"": 16, ""window_end"": null, ""window_start"": null}"
ours_stage2_fair,11,stage2_ext_002_obj_0,semantic_balanced,episode_000,1,1011,92,Q2_user_action_during_critical_breach,high,DecoyHarakaSMPT,User2,User,Impact,Op_Server0,"[""Op_Server0""]","[""Op_Server0""]","[""Op_Server0"", ""User0"", ""User4""]","[""Op_Server0"", ""User0"", ""User4""]","{""blue_first_relevant_response_after_critical"": 17, ""blue_first_relevant_response_after_enterprise"": 7, ""enterprise_foothold_step"": 5, ""first_critical_hit_step"": 16, ""window_end"": null, ""window_start"": null}"
ours_stage2_fair,11,stage2_ext_002_obj_0,semantic_balanced,episode_000,1,1011,42,Q4_user_focus_after_enterprise_foothold,medium,DecoyVsftpd,User4,User,Impact,Op_Server0,"[""Op_Server0""]","[""Op_Server0""]","[""Op_Server0"", ""User0"", ""User4""]","[""Op_Server0"", ""User0"", ""User4""]","{""blue_first_relevant_response_after_critical"": 17, ""blue_first_relevant_response_after_enterprise"": 7, ""enterprise_foothold_step"": 5, ""first_critical_hit_step"": 16, ""window_end"": 44, ""window_start"": 42}"
ours_stage2_fair,11,stage2_ext_002_obj_0,semantic_balanced,episode_000,2,2011,36,Q2_user_action_during_critical_breach,high,Remove,User4,User,Impact,Op_Server0,"[""Op_Server0""]","[""Op_Server0""]","[""Enterprise0"", ""Op_Server0"", ""User0"", ""User4""]","[""Enterprise0"", ""Op_Server0"", ""User0"", ""User4""]","{""blue_first_relevant_response_after_critical"": 30, ""blue_first_relevant_response_after_enterprise"": 6, ""enterprise_foothold_step"": 5, ""first_critical_hit_step"": 29, ""window_end"": null, ""window_start"": null}"
ours_stage2_fair,11,stage2_ext_002_obj_0,semantic_balanced,episode_000,2,2011,41,Q2_user_action_during_critical_breach,high,Analyse,User0,User,Impact,Op_Server0,"[""Op_Server0""]","[""Op_Server0""]","[""Enterprise0"", ""Op_Server0"", ""User0"", ""User4""]","[""Enterprise0"", ""Op_Server0"", ""User0"", ""User4""]","{""blue_first_relevant_response_after_critical"": 30, ""blue_first_relevant_response_after_enterprise"": 6, ""enterprise_foothold_step"": 5, ""first_critical_hit_step"": 29, ""window_end"": null, ""window_start"": null}"
ours_stage2_fair,11,stage2_ext_002_obj_0,semantic_balanced,episode_000,2,2011,42,Q2_user_action_during_critical_breach,high,Remove,User0,User,Impact,Op_Server0,"[""Op_Server0""]","[""Op_Server0""]","[""Enterprise0"", ""Op_Server0"", ""User0"", ""User4""]","[""Enterprise0"", ""Op_Server0"", ""User0"", ""User4""]","{""blue_first_relevant_response_after_critical"": 30, ""blue_first_relevant_response_after_enterprise"": 6, ""enterprise_foothold_step"": 5, ""first_critical_hit_step"": 29, ""window_end"": null, ""window_start"": null}"
ours_stage2_fair,11,stage2_ext_002_obj_0,semantic_balanced,episode_000,2,2011,48,Q2_user_action_during_critical_breach,high,DecoySSHD,User2,User,Impact,Op_Server0,"[""Op_Server0""]","[""Op_Server0""]","[""Op_Server0"", ""User0"", ""User4""]","[""Op_Server0"", ""User0"", ""User4""]","{""blue_first_relevant_response_after_critical"": 30, ""blue_first_relevant_response_after_enterprise"": 6, ""enterprise_foothold_step"": 5, ""first_critical_hit_step"": 29, ""window_end"": null, ""window_start"": null}"
ours_stage2_fair,11,stage2_ext_002_obj_0,semantic_balanced,episode_000,2,2011,79,Q2_user_action_during_critical_breach,high,DecoyApache,User2,User,Impact,Op_Server0,"[""Op_Server0""]","[""Op_Server0""]","[""Enterprise2"", ""Op_Server0"", ""User0"", ""User4""]","[""Enterprise2"", ""Op_Server0"", ""User0"", ""User4""]","{""blue_first_relevant_response_after_critical"": 30, ""blue_first_relevant_response_after_enterprise"": 6, ""enterprise_foothold_step"": 5, ""first_critical_hit_step"": 29, ""window_end"": null, ""window_start"": null}"
ours_stage2_fair,11,stage2_ext_002_obj_0,semantic_balanced,episode_000,2,2011,84,Q2_user_action_during_critical_breach,high,Restore,User4,User,Impact,Op_Server0,"[""Op_Server0""]","[""Op_Server0""]","[""Op_Server0"", ""User0"", ""User4""]","[""Op_Server0"", ""User0""]","{""blue_first_relevant_response_after_critical"": 30, ""blue_first_relevant_response_after_enterprise"": 6, ""enterprise_foothold_step"": 5, ""first_critical_hit_step"": 29, ""window_end"": null, ""window_start"": null}"
ours_stage2_fair,11,stage2_ext_002_obj_0,semantic_balanced,episode_000,3,3011,23,Q2_user_action_during_critical_breach,high,Analyse,User0,User,Impact,Op_Server0,"[""Op_Server0""]","[""Op_Server0""]","[""Enterprise0"", ""Enterprise2"", ""Op_Server0"", ""User0"", ""User3""]","[""Enterprise0"", ""Enterprise2"", ""Op_Server0"", ""User0"", ""User3""]","{""blue_first_relevant_response_after_critical"": 15, ""blue_first_relevant_response_after_enterprise"": 7, ""enterprise_foothold_step"": 5, ""first_critical_hit_step"": 14, ""window_end"": null, ""window_start"": null}"
ours_stage2_fair,11,stage2_ext_002_obj_0,semantic_balanced,episode_000,3,3011,26,Q2_user_action_during_critical_breach,high,DecoyHarakaSMPT,User2,User,Impact,Op_Server0,"[""Op_Server0""]","[""Op_Server0""]","[""Enterprise0"", ""Enterprise2"", ""Op_Server0"", ""User0"", ""User3""]","[""Enterprise0"", ""Enterprise2"", ""Op_Server0"", ""User0"", ""User3""]","{""blue_first_relevant_response_after_critical"": 15, ""blue_first_relevant_response_after_enterprise"": 7, ""enterprise_foothold_step"": 5, ""first_critical_hit_step"": 14, ""window_end"": null, ""window_start"": null}"
ours_stage2_fair,11,stage2_ext_002_obj_0,semantic_balanced,episode_000,3,3011,28,Q2_user_action_during_critical_breach,high,DecoySmss,User3,User,Impact,Op_Server0,"[""Op_Server0""]","[""Op_Server0""]","[""Enterprise0"", ""Enterprise2"", ""Op_Server0"", ""User0"", ""User3""]","[""Enterprise0"", ""Enterprise2"", ""Op_Server0"", ""User0"", ""User3""]","{""blue_first_relevant_response_after_critical"": 15, ""blue_first_relevant_response_after_enterprise"": 7, ""enterprise_foothold_step"": 5, ""first_critical_hit_step"": 14, ""window_end"": null, ""window_start"": null}"
ours_stage2_fair,11,stage2_ext_002_obj_0,semantic_balanced,episode_000,3,3011,29,Q2_user_action_during_critical_breach,high,DecoyHarakaSMPT,User2,User,Impact,Op_Server0,"[""Op_Server0""]","[""Op_Server0""]","[""Enterprise0"", ""Enterprise2"", ""Op_Server0"", ""User0"", ""User3""]","[""Enterprise0"", ""Enterprise2"", ""Op_Server0"", ""User0"", ""User3""]","{""blue_first_relevant_response_after_critical"": 15, ""blue_first_relevant_response_after_enterprise"": 7, ""enterprise_foothold_step"": 5, ""first_critical_hit_step"": 14, ""window_end"": null, ""window_start"": null}"
ours_stage2_fair,11,stage2_ext_002_obj_0,semantic_balanced,episode_000,3,3011,31,Q2_user_action_during_critical_breach,high,DecoyHarakaSMPT,User2,User,Impact,Op_Server0,"[""Op_Server0""]","[""Op_Server0""]","[""Enterprise0"", ""Enterprise2"", ""Op_Server0"", ""User0"", ""User3""]","[""Enterprise0"", ""Enterprise2"", ""Op_Server0"", ""User0"", ""User3""]","{""blue_first_relevant_response_after_critical"": 15, ""blue_first_relevant_response_after_enterprise"": 7, ""enterprise_foothold_step"": 5, ""first_critical_hit_step"": 14, ""window_end"": null, ""window_start"": null}"
ours_stage2_fair,11,stage2_ext_002_obj_0,semantic_balanced,episode_000,3,3011,40,Q2_user_action_during_critical_breach,high,Remove,User2,User,Impact,Op_Server0,"[""Op_Server0""]","[""Op_Server0""]","[""Enterprise0"", ""Op_Server0"", ""User0"", ""User3""]","[""Enterprise0"", ""Op_Server0"", ""User0"", ""User3""]","{""blue_first_relevant_response_after_critical"": 15, ""blue_first_relevant_response_after_enterprise"": 7, ""enterprise_foothold_step"": 5, ""first_critical_hit_step"": 14, ""window_end"": null, ""window_start"": null}"
ours_stage2_fair,11,stage2_ext_002_obj_0,semantic_balanced,episode_000,3,3011,45,Q1_sleep_during_critical_breach,high,Sleep,,,PrivilegeEscalate,Op_Server0,"[""Op_Server0""]","[""Op_Server0""]","[""Enterprise0"", ""Op_Server0"", ""User0"", ""User3""]","[""Enterprise0"", ""Op_Server0"", ""User0"", ""User3""]","{""blue_first_relevant_response_after_critical"": 15, ""blue_first_relevant_response_after_enterprise"": 7, ""enterprise_foothold_step"": 5, ""first_critical_hit_step"": 14, ""window_end"": null, ""window_start"": null}"
ours_stage2_fair,11,stage2_ext_002_obj_0,semantic_balanced,episode_000,3,3011,56,Q2_user_action_during_critical_breach,high,DecoyVsftpd,User4,User,Impact,Op_Server0,"[""Op_Server0""]","[""Op_Server0""]","[""Op_Server0"", ""User0"", ""User3""]","[""Op_Server0"", ""User0"", ""User3""]","{""blue_first_relevant_response_after_critical"": 15, ""blue_first_relevant_response_after_enterprise"": 7, ""enterprise_foothold_step"": 5, ""first_critical_hit_step"": 14, ""window_end"": null, ""window_start"": null}"
ours_stage2_fair,11,stage2_ext_002_obj_0,semantic_balanced,episode_000,3,3011,60,Q2_user_action_during_critical_breach,high,DecoySSHD,User2,User,Impact,Op_Server0,"[""Op_Server0""]","[""Op_Server0""]","[""Op_Server0"", ""User0"", ""User3""]","[""Op_Server0"", ""User0"", ""User3""]","{""blue_first_relevant_response_after_critical"": 15, ""blue_first_relevant_response_after_enterprise"": 7, ""enterprise_foothold_step"": 5, ""first_critical_hit_step"": 14, ""window_end"": null, ""window_start"": null}"
ours_stage2_fair,11,stage2_ext_002_obj_0,semantic_balanced,episode_000,3,3011,62,Q1_sleep_during_critical_breach,high,Sleep,,,Impact,Op_Server0,"[""Op_Server0""]","[""Op_Server0""]","[""Op_Server0"", ""User0"", ""User3""]","[""Op_Server0"", ""User0"", ""User3""]","{""blue_first_relevant_response_after_critical"": 15, ""blue_first_relevant_response_after_enterprise"": 7, ""enterprise_foothold_step"": 5, ""first_critical_hit_step"": 14, ""window_end"": null, ""window_start"": null}"
ours_stage2_fair,11,stage2_ext_002_obj_0,semantic_balanced,episode_000,3,3011,64,Q2_user_action_during_critical_breach,high,DecoyVsftpd,User4,User,Impact,Op_Server0,"[""Op_Server0""]","[""Op_Server0""]","[""Op_Server0"", ""User0"", ""User3""]","[""Op_Server0"", ""User0"", ""User3""]","{""blue_first_relevant_response_after_critical"": 15, ""blue_first_relevant_response_after_enterprise"": 7, ""enterprise_foothold_step"": 5, ""first_critical_hit_step"": 14, ""window_end"": null, ""window_start"": null}"
ours_stage2_fair,11,stage2_ext_002_obj_0,semantic_balanced,episode_000,3,3011,74,Q2_user_action_during_critical_breach,high,DecoySSHD,User0,User,Impact,Op_Server0,"[""Op_Server0""]","[""Op_Server0""]","[""Enterprise2"", ""Op_Server0"", ""User0"", ""User3""]","[""Enterprise2"", ""Op_Server0"", ""User0"", ""User3""]","{""blue_first_relevant_response_after_critical"": 15, ""blue_first_relevant_response_after_enterprise"": 7, ""enterprise_foothold_step"": 5, ""first_critical_hit_step"": 14, ""window_end"": null, ""window_start"": null}"
ours_stage2_fair,11,stage2_ext_002_obj_0,semantic_balanced,episode_000,3,3011,93,Q2_user_action_during_critical_breach,high,DecoyVsftpd,User4,User,Impact,Op_Server0,"[""Op_Server0""]","[""Op_Server0""]","[""Enterprise2"", ""Op_Server0"", ""User0"", ""User3""]","[""Enterprise2"", ""Op_Server0"", ""User0"", ""User3""]","{""blue_first_relevant_response_after_critical"": 15, ""blue_first_relevant_response_after_enterprise"": 7, ""enterprise_foothold_step"": 5, ""first_critical_hit_step"": 14, ""window_end"": null, ""window_start"": null}"
ours_stage2_fair,11,stage2_ext_002_obj_0,semantic_balanced,episode_000,3,3011,26,Q5_repeated_low_value_decoy_loop,medium,DecoyHarakaSMPT,User2,User,Impact,Op_Server0,"[""Op_Server0""]","[""Op_Server0""]","[""Enterprise0"", ""Enterprise2"", ""Op_Server0"", ""User0"", ""User3""]","[""Enterprise0"", ""Enterprise2"", ""Op_Server0"", ""User0"", ""User3""]","{""blue_first_relevant_response_after_critical"": 15, ""blue_first_relevant_response_after_enterprise"": 7, ""enterprise_foothold_step"": 5, ""first_critical_hit_step"": 14, ""window_end"": 31, ""window_start"": 22}"
ours_stage2_fair,11,stage2_ext_002_obj_0,semantic_balanced,episode_000,4,4011,16,Q2_user_action_during_critical_breach,high,Remove,User2,User,Impact,Op_Server0,"[""Op_Server0""]","[""Op_Server0""]","[""Enterprise1"", ""Op_Server0"", ""User0"", ""User1""]","[""Enterprise1"", ""Op_Server0"", ""User0"", ""User1""]","{""blue_first_relevant_response_after_critical"": 13, ""blue_first_relevant_response_after_enterprise"": 7, ""enterprise_foothold_step"": 5, ""first_critical_hit_step"": 12, ""window_end"": null, ""window_start"": null}"
ours_stage2_fair,11,stage2_ext_002_obj_0,semantic_balanced,episode_000,4,4011,20,Q2_user_action_during_critical_breach,high,DecoyHarakaSMPT,User2,User,Impact,Op_Server0,"[""Op_Server0""]","[""Op_Server0""]","[""Enterprise1"", ""Op_Server0"", ""User0"", ""User1""]","[""Enterprise1"", ""Op_Server0"", ""User0"", ""User1""]","{""blue_first_relevant_response_after_critical"": 13, ""blue_first_relevant_response_after_enterprise"": 7, ""enterprise_foothold_step"": 5, ""first_critical_hit_step"": 12, ""window_end"": null, ""window_start"": null}"
ours_stage2_fair,11,stage2_ext_002_obj_0,semantic_balanced,episode_000,4,4011,26,Q2_user_action_during_critical_breach,high,Remove,User2,User,Impact,Op_Server0,"[""Op_Server0""]","[""Op_Server0""]","[""Enterprise1"", ""Op_Server0"", ""User0"", ""User1""]","[""Enterprise1"", ""Op_Server0"", ""User0"", ""User1""]","{""blue_first_relevant_response_after_critical"": 13, ""blue_first_relevant_response_after_enterprise"": 7, ""enterprise_foothold_step"": 5, ""first_critical_hit_step"": 12, ""window_end"": null, ""window_start"": null}"
ours_stage2_fair,11,stage2_ext_002_obj_0,semantic_balanced,episode_000,4,4011,30,Q2_user_action_during_critical_breach,high,DecoySmss,User3,User,Impact,Op_Server0,"[""Op_Server0""]","[""Op_Server0""]","[""Enterprise1"", ""Op_Server0"", ""User0"", ""User1""]","[""Enterprise1"", ""Op_Server0"", ""User0"", ""User1""]","{""blue_first_relevant_response_after_critical"": 13, ""blue_first_relevant_response_after_enterprise"": 7, ""enterprise_foothold_step"": 5, ""first_critical_hit_step"": 12, ""window_end"": null, ""window_start"": null}"
ours_stage2_fair,11,stage2_ext_002_obj_0,semantic_balanced,episode_000,4,4011,32,Q2_user_action_during_critical_breach,high,DecoyHarakaSMPT,User2,User,Impact,Op_Server0,"[""Op_Server0""]","[""Op_Server0""]","[""Enterprise1"", ""Op_Server0"", ""User0"", ""User1""]","[""Enterprise1"", ""Op_Server0"", ""User0"", ""User1""]","{""blue_first_relevant_response_after_critical"": 13, ""blue_first_relevant_response_after_enterprise"": 7, ""enterprise_foothold_step"": 5, ""first_critical_hit_step"": 12, ""window_end"": null, ""window_start"": null}"
ours_stage2_fair,11,stage2_ext_002_obj_0,semantic_balanced,episode_000,4,4011,33,Q2_user_action_during_critical_breach,high,DecoyHarakaSMPT,User2,User,Impact,Op_Server0,"[""Op_Server0""]","[""Op_Server0""]","[""Enterprise1"", ""Op_Server0"", ""User0"", ""User1""]","[""Enterprise1"", ""Op_Server0"", ""User0"", ""User1""]","{""blue_first_relevant_response_after_critical"": 13, ""blue_first_relevant_response_after_enterprise"": 7, ""enterprise_foothold_step"": 5, ""first_critical_hit_step"": 12, ""window_end"": null, ""window_start"": null}"
ours_stage2_fair,11,stage2_ext_002_obj_0,semantic_balanced,episode_000,4,4011,40,Q2_user_action_during_critical_breach,high,DecoyApache,User3,User,PrivilegeEscalate,Op_Server0,"[""Op_Server0""]","[""Op_Server0""]","[""Enterprise1"", ""Op_Server0"", ""User0"", ""User1""]","[""Enterprise1"", ""Op_Server0"", ""User0"", ""User1""]","{""blue_first_relevant_response_after_critical"": 13, ""blue_first_relevant_response_after_enterprise"": 7, ""enterprise_foothold_step"": 5, ""first_critical_hit_step"": 12, ""window_end"": null, ""window_start"": null}"
ours_stage2_fair,11,stage2_ext_002_obj_0,semantic_balanced,episode_000,4,4011,41,Q2_user_action_during_critical_breach,high,DecoyHarakaSMPT,User2,User,Impact,Op_Server0,"[""Op_Server0""]","[""Op_Server0""]","[""Enterprise1"", ""Op_Server0"", ""User0"", ""User1""]","[""Enterprise1"", ""Op_Server0"", ""User0"", ""User1""]","{""blue_first_relevant_response_after_critical"": 13, ""blue_first_relevant_response_after_enterprise"": 7, ""enterprise_foothold_step"": 5, ""first_critical_hit_step"": 12, ""window_end"": null, ""window_start"": null}"
ours_stage2_fair,11,stage2_ext_002_obj_0,semantic_balanced,episode_000,4,4011,51,Q2_user_action_during_critical_breach,high,DecoyHarakaSMPT,User2,User,Impact,Op_Server0,"[""Op_Server0""]","[""Op_Server0""]","[""Enterprise1"", ""Op_Server0"", ""User0"", ""User1""]","[""Enterprise1"", ""Op_Server0"", ""User0"", ""User1""]","{""blue_first_relevant_response_after_critical"": 13, ""blue_first_relevant_response_after_enterprise"": 7, ""enterprise_foothold_step"": 5, ""first_critical_hit_step"": 12, ""window_end"": null, ""window_start"": null}"
ours_stage2_fair,11,stage2_ext_002_obj_0,semantic_balanced,episode_000,4,4011,67,Q2_user_action_during_critical_breach,high,DecoySSHD,User1,User,Impact,Op_Server0,"[""Op_Server0""]","[""Op_Server0""]","[""Enterprise2"", ""Op_Server0"", ""User0"", ""User1""]","[""Enterprise2"", ""Op_Server0"", ""User0"", ""User1""]","{""blue_first_relevant_response_after_critical"": 13, ""blue_first_relevant_response_after_enterprise"": 7, ""enterprise_foothold_step"": 5, ""first_critical_hit_step"": 12, ""window_end"": null, ""window_start"": null}"
ours_stage2_fair,11,stage2_ext_002_obj_0,semantic_balanced,episode_000,4,4011,69,Q2_user_action_during_critical_breach,high,DecoyHarakaSMPT,User2,User,Impact,Op_Server0,"[""Op_Server0""]","[""Op_Server0""]","[""Op_Server0"", ""User0"", ""User1""]","[""Op_Server0"", ""User0"", ""User1""]","{""blue_first_relevant_response_after_critical"": 13, ""blue_first_relevant_response_after_enterprise"": 7, ""enterprise_foothold_step"": 5, ""first_critical_hit_step"": 12, ""window_end"": null, ""window_start"": null}"
ours_stage2_fair,11,stage2_ext_002_obj_0,semantic_balanced,episode_000,5,5011,19,Q2_user_action_during_critical_breach,high,Analyse,User2,User,PrivilegeEscalate,Op_Server0,"[""Op_Server0""]","[""Op_Server0""]","[""Enterprise2"", ""Op_Server0"", ""User0"", ""User4""]","[""Enterprise2"", ""Op_Server0"", ""User0"", ""User4""]","{""blue_first_relevant_response_after_critical"": 20, ""blue_first_relevant_response_after_enterprise"": 6, ""enterprise_foothold_step"": 5, ""first_critical_hit_step"": 18, ""window_end"": null, ""window_start"": null}"
ours_stage2_fair,11,stage2_ext_002_obj_0,semantic_balanced,episode_000,5,5011,23,Q2_user_action_during_critical_breach,high,DecoyHarakaSMPT,User2,User,Impact,Op_Server0,"[""Op_Server0""]","[""Op_Server0""]","[""Op_Server0"", ""User0"", ""User4""]","[""Op_Server0"", ""User0"", ""User4""]","{""blue_first_relevant_response_after_critical"": 20, ""blue_first_relevant_response_after_enterprise"": 6, ""enterprise_foothold_step"": 5, ""first_critical_hit_step"": 18, ""window_end"": null, ""window_start"": null}"
ours_stage2_fair,11,stage2_ext_002_obj_0,semantic_balanced,episode_000,5,5011,30,Q2_user_action_during_critical_breach,high,DecoyHarakaSMPT,User2,User,Impact,Op_Server0,"[""Op_Server0""]","[""Op_Server0""]","[""Op_Server0"", ""User0"", ""User4""]","[""Op_Server0"", ""User0"", ""User4""]","{""blue_first_relevant_response_after_critical"": 20, ""blue_first_relevant_response_after_enterprise"": 6, ""enterprise_foothold_step"": 5, ""first_critical_hit_step"": 18, ""window_end"": null, ""window_start"": null}"
ours_stage2_fair,11,stage2_ext_002_obj_0,semantic_balanced,episode_000,5,5011,45,Q2_user_action_during_critical_breach,high,DecoyApache,User1,User,Impact,Op_Server0,"[""Op_Server0""]","[""Op_Server0""]","[""Enterprise2"", ""Op_Server0"", ""User0"", ""User4""]","[""Enterprise2"", ""Op_Server0"", ""User0"", ""User4""]","{""blue_first_relevant_response_after_critical"": 20, ""blue_first_relevant_response_after_enterprise"": 6, ""enterprise_foothold_step"": 5, ""first_critical_hit_step"": 18, ""window_end"": null, ""window_start"": null}"
ours_stage2_fair,11,stage2_ext_002_obj_0,semantic_balanced,episode_000,5,5011,46,Q2_user_action_during_critical_breach,high,DecoyApache,User3,User,Impact,Op_Server0,"[""Op_Server0""]","[""Op_Server0""]","[""Enterprise2"", ""Op_Server0"", ""User0"", ""User4""]","[""Enterprise2"", ""Op_Server0"", ""User0"", ""User4""]","{""blue_first_relevant_response_after_critical"": 20, ""blue_first_relevant_response_after_enterprise"": 6, ""enterprise_foothold_step"": 5, ""first_critical_hit_step"": 18, ""window_end"": null, ""window_start"": null}"
ours_stage2_fair,11,stage2_ext_002_obj_0,semantic_balanced,episode_000,5,5011,49,Q2_user_action_during_critical_breach,high,DecoySmss,User3,User,Impact,Op_Server0,"[""Op_Server0""]","[""Op_Server0""]","[""Op_Server0"", ""User0"", ""User4""]","[""Op_Server0"", ""User0"", ""User4""]","{""blue_first_relevant_response_after_critical"": 20, ""blue_first_relevant_response_after_enterprise"": 6, ""enterprise_foothold_step"": 5, ""first_critical_hit_step"": 18, ""window_end"": null, ""window_start"": null}"
ours_stage2_fair,11,stage2_ext_002_obj_0,semantic_balanced,episode_000,5,5011,57,Q2_user_action_during_critical_breach,high,DecoyHarakaSMPT,User2,User,PrivilegeEscalate,Op_Server0,"[""Op_Server0""]","[""Op_Server0""]","[""Enterprise2"", ""Op_Server0"", ""User0"", ""User4""]","[""Enterprise2"", ""Op_Server0"", ""User0"", ""User4""]","{""blue_first_relevant_response_after_critical"": 20, ""blue_first_relevant_response_after_enterprise"": 6, ""enterprise_foothold_step"": 5, ""first_critical_hit_step"": 18, ""window_end"": null, ""window_start"": null}"
ours_stage2_fair,11,stage2_ext_002_obj_0,semantic_balanced,episode_000,5,5011,59,Q2_user_action_during_critical_breach,high,DecoyHarakaSMPT,User2,User,Impact,Op_Server0,"[""Op_Server0""]","[""Op_Server0""]","[""Enterprise2"", ""Op_Server0"", ""User0"", ""User4""]","[""Enterprise2"", ""Op_Server0"", ""User0"", ""User4""]","{""blue_first_relevant_response_after_critical"": 20, ""blue_first_relevant_response_after_enterprise"": 6, ""enterprise_foothold_step"": 5, ""first_critical_hit_step"": 18, ""window_end"": null, ""window_start"": null}"
ours_stage2_fair,11,stage2_ext_002_obj_0,semantic_balanced,episode_000,5,5011,75,Q2_user_action_during_critical_breach,high,DecoySSHD,User2,User,Impact,Op_Server0,"[""Op_Server0""]","[""Op_Server0""]","[""Op_Server0"", ""User0"", ""User4""]","[""Op_Server0"", ""User0"", ""User4""]","{""blue_first_relevant_response_after_critical"": 20, ""blue_first_relevant_response_after_enterprise"": 6, ""enterprise_foothold_step"": 5, ""first_critical_hit_step"": 18, ""window_end"": null, ""window_start"": null}"
ours_stage2_fair,11,stage2_ext_002_obj_0,semantic_balanced,episode_000,5,5011,83,Q2_user_action_during_critical_breach,high,Remove,User2,User,PrivilegeEscalate,Op_Server0,"[""Op_Server0""]","[""Op_Server0""]","[""Enterprise2"", ""Op_Server0"", ""User0"", ""User4""]","[""Enterprise2"", ""Op_Server0"", ""User0"", ""User4""]","{""blue_first_relevant_response_after_critical"": 20, ""blue_first_relevant_response_after_enterprise"": 6, ""enterprise_foothold_step"": 5, ""first_critical_hit_step"": 18, ""window_end"": null, ""window_start"": null}"
ours_stage2_fair,11,stage2_ext_002_obj_0,semantic_balanced,episode_000,5,5011,92,Q2_user_action_during_critical_breach,high,DecoySSHD,User2,User,Impact,Op_Server0,"[""Op_Server0""]","[""Op_Server0""]","[""Op_Server0"", ""User0"", ""User4""]","[""Op_Server0"", ""User0"", ""User4""]","{""blue_first_relevant_response_after_critical"": 20, ""blue_first_relevant_response_after_enterprise"": 6, ""enterprise_foothold_step"": 5, ""first_critical_hit_step"": 18, ""window_end"": null, ""window_start"": null}"
ours_stage2_fair,11,stage2_ext_002_obj_0,semantic_balanced,episode_000,5,5011,54,Q5_repeated_low_value_decoy_loop,medium,DecoyHarakaSMPT,User2,User,PrivilegeEscalate,Enterprise2,[],[],"[""Enterprise2"", ""User0"", ""User4""]","[""Enterprise2"", ""User0"", ""User4""]","{""blue_first_relevant_response_after_critical"": 20, ""blue_first_relevant_response_after_enterprise"": 6, ""enterprise_foothold_step"": 5, ""first_critical_hit_step"": 18, ""window_end"": 60, ""window_start"": 51}"
ours_stage2_fair,11,stage2_ext_002_obj_0,semantic_balanced,episode_000,6,6011,22,Q2_user_action_during_critical_breach,high,Restore,User4,User,Impact,Op_Server0,"[""Op_Server0""]","[""Op_Server0""]","[""Enterprise0"", ""Op_Server0"", ""User0"", ""User3""]","[""Enterprise0"", ""Op_Server0"", ""User0"", ""User3""]","{""blue_first_relevant_response_after_critical"": 17, ""blue_first_relevant_response_after_enterprise"": 6, ""enterprise_foothold_step"": 5, ""first_critical_hit_step"": 16, ""window_end"": null, ""window_start"": null}"
ours_stage2_fair,11,stage2_ext_002_obj_0,semantic_balanced,episode_000,6,6011,23,Q2_user_action_during_critical_breach,high,DecoySmss,User3,User,Impact,Op_Server0,"[""Op_Server0""]","[""Op_Server0""]","[""Enterprise0"", ""Op_Server0"", ""User0"", ""User3""]","[""Enterprise0"", ""Op_Server0"", ""User0"", ""User3""]","{""blue_first_relevant_response_after_critical"": 17, ""blue_first_relevant_response_after_enterprise"": 6, ""enterprise_foothold_step"": 5, ""first_critical_hit_step"": 16, ""window_end"": null, ""window_start"": null}"
ours_stage2_fair,11,stage2_ext_002_obj_0,semantic_balanced,episode_000,6,6011,24,Q2_user_action_during_critical_breach,high,DecoyHarakaSMPT,User4,User,Impact,Op_Server0,"[""Op_Server0""]","[""Op_Server0""]","[""Enterprise0"", ""Op_Server0"", ""User0"", ""User3""]","[""Enterprise0"", ""Op_Server0"", ""User0"", ""User3""]","{""blue_first_relevant_response_after_critical"": 17, ""blue_first_relevant_response_after_enterprise"": 6, ""enterprise_foothold_step"": 5, ""first_critical_hit_step"": 16, ""window_end"": null, ""window_start"": null}"
ours_stage2_fair,11,stage2_ext_002_obj_0,semantic_balanced,episode_000,6,6011,26,Q2_user_action_during_critical_breach,high,DecoyHarakaSMPT,User2,User,Impact,Op_Server0,"[""Op_Server0""]","[""Op_Server0""]","[""Enterprise0"", ""Op_Server0"", ""User0"", ""User3""]","[""Enterprise0"", ""Op_Server0"", ""User0"", ""User3""]","{""blue_first_relevant_response_after_critical"": 17, ""blue_first_relevant_response_after_enterprise"": 6, ""enterprise_foothold_step"": 5, ""first_critical_hit_step"": 16, ""window_end"": null, ""window_start"": null}"
ours_stage2_fair,11,stage2_ext_002_obj_0,semantic_balanced,episode_000,6,6011,27,Q2_user_action_during_critical_breach,high,DecoyVsftpd,User0,User,Impact,Op_Server0,"[""Op_Server0""]","[""Op_Server0""]","[""Enterprise0"", ""Op_Server0"", ""User0"", ""User3""]","[""Enterprise0"", ""Op_Server0"", ""User0"", ""User3""]","{""blue_first_relevant_response_after_critical"": 17, ""blue_first_relevant_response_after_enterprise"": 6, ""enterprise_foothold_step"": 5, ""first_critical_hit_step"": 16, ""window_end"": null, ""window_start"": null}"
ours_stage2_fair,11,stage2_ext_002_obj_0,semantic_balanced,episode_000,6,6011,31,Q2_user_action_during_critical_breach,high,Remove,User2,User,Impact,Op_Server0,"[""Op_Server0""]","[""Op_Server0""]","[""Enterprise0"", ""Op_Server0"", ""User0"", ""User3""]","[""Enterprise0"", ""Op_Server0"", ""User0"", ""User3""]","{""blue_first_relevant_response_after_critical"": 17, ""blue_first_relevant_response_after_enterprise"": 6, ""enterprise_foothold_step"": 5, ""first_critical_hit_step"": 16, ""window_end"": null, ""window_start"": null}"
ours_stage2_fair,11,stage2_ext_002_obj_0,semantic_balanced,episode_000,6,6011,39,Q2_user_action_during_critical_breach,high,DecoyHarakaSMPT,User2,User,Impact,Op_Server0,"[""Op_Server0""]","[""Op_Server0""]","[""Op_Server0"", ""User0"", ""User3""]","[""Op_Server0"", ""User0"", ""User3""]","{""blue_first_relevant_response_after_critical"": 17, ""blue_first_relevant_response_after_enterprise"": 6, ""enterprise_foothold_step"": 5, ""first_critical_hit_step"": 16, ""window_end"": null, ""window_start"": null}"
ours_stage2_fair,11,stage2_ext_002_obj_0,semantic_balanced,episode_000,6,6011,40,Q2_user_action_during_critical_breach,high,Remove,User2,User,Impact,Op_Server0,"[""Op_Server0""]","[""Op_Server0""]","[""Op_Server0"", ""User0"", ""User3""]","[""Op_Server0"", ""User0"", ""User3""]","{""blue_first_relevant_response_after_critical"": 17, ""blue_first_relevant_response_after_enterprise"": 6, ""enterprise_foothold_step"": 5, ""first_critical_hit_step"": 16, ""window_end"": null, ""window_start"": null}"
ours_stage2_fair,11,stage2_ext_002_obj_0,semantic_balanced,episode_000,6,6011,42,Q2_user_action_during_critical_breach,high,Analyse,User0,User,Impact,Op_Server0,"[""Op_Server0""]","[""Op_Server0""]","[""Op_Server0"", ""User0"", ""User3""]","[""Op_Server0"", ""User0"", ""User3""]","{""blue_first_relevant_response_after_critical"": 17, ""blue_first_relevant_response_after_enterprise"": 6, ""enterprise_foothold_step"": 5, ""first_critical_hit_step"": 16, ""window_end"": null, ""window_start"": null}"
ours_stage2_fair,11,stage2_ext_002_obj_0,semantic_balanced,episode_000,6,6011,46,Q2_user_action_during_critical_breach,high,DecoyApache,User3,User,Impact,Op_Server0,"[""Op_Server0""]","[""Op_Server0""]","[""Op_Server0"", ""User0"", ""User3""]","[""Op_Server0"", ""User0"", ""User3""]","{""blue_first_relevant_response_after_critical"": 17, ""blue_first_relevant_response_after_enterprise"": 6, ""enterprise_foothold_step"": 5, ""first_critical_hit_step"": 16, ""window_end"": null, ""window_start"": null}"
ours_stage2_fair,11,stage2_ext_002_obj_0,semantic_balanced,episode_000,6,6011,60,Q2_user_action_during_critical_breach,high,DecoySSHD,User2,User,Impact,Op_Server0,"[""Op_Server0""]","[""Op_Server0""]","[""Op_Server0"", ""User0"", ""User3""]","[""Op_Server0"", ""User0"", ""User3""]","{""blue_first_relevant_response_after_critical"": 17, ""blue_first_relevant_response_after_enterprise"": 6, ""enterprise_foothold_step"": 5, ""first_critical_hit_step"": 16, ""window_end"": null, ""window_start"": null}"
ours_stage2_fair,11,stage2_ext_002_obj_0,semantic_balanced,episode_000,6,6011,86,Q2_user_action_during_critical_breach,high,DecoyHarakaSMPT,User2,User,Impact,Op_Server0,"[""Op_Server0""]","[""Op_Server0""]","[""Op_Server0"", ""User0"", ""User3""]","[""Op_Server0"", ""User0"", ""User3""]","{""blue_first_relevant_response_after_critical"": 17, ""blue_first_relevant_response_after_enterprise"": 6, ""enterprise_foothold_step"": 5, ""first_critical_hit_step"": 16, ""window_end"": null, ""window_start"": null}"
ours_stage2_fair,11,stage2_ext_002_obj_0,semantic_balanced,episode_000,6,6011,88,Q2_user_action_during_critical_breach,high,DecoySSHD,User2,User,Impact,Op_Server0,"[""Op_Server0""]","[""Op_Server0""]","[""Op_Server0"", ""User0"", ""User3""]","[""Op_Server0"", ""User0"", ""User3""]","{""blue_first_relevant_response_after_critical"": 17, ""blue_first_relevant_response_after_enterprise"": 6, ""enterprise_foothold_step"": 5, ""first_critical_hit_step"": 16, ""window_end"": null, ""window_start"": null}"
ours_stage2_fair,11,stage2_ext_002_obj_0,semantic_balanced,episode_000,6,6011,95,Q2_user_action_during_critical_breach,high,DecoyApache,User3,User,Impact,Op_Server0,"[""Op_Server0""]","[""Op_Server0""]","[""Op_Server0"", ""User0"", ""User3""]","[""Op_Server0"", ""User0"", ""User3""]","{""blue_first_relevant_response_after_critical"": 17, ""blue_first_relevant_response_after_enterprise"": 6, ""enterprise_foothold_step"": 5, ""first_critical_hit_step"": 16, ""window_end"": null, ""window_start"": null}"
ours_stage2_fair,11,stage2_ext_002_obj_0,semantic_balanced,episode_000,6,6011,98,Q2_user_action_during_critical_breach,high,Remove,User2,User,Impact,Op_Server0,"[""Op_Server0""]","[""Op_Server0""]","[""Op_Server0"", ""User0"", ""User3""]","[""Op_Server0"", ""User0"", ""User3""]","{""blue_first_relevant_response_after_critical"": 17, ""blue_first_relevant_response_after_enterprise"": 6, ""enterprise_foothold_step"": 5, ""first_critical_hit_step"": 16, ""window_end"": null, ""window_start"": null}"
ours_stage2_fair,11,stage2_ext_002_obj_0,semantic_balanced,episode_000,6,6011,22,Q4_user_focus_after_enterprise_foothold,medium,Restore,User4,User,Impact,Op_Server0,"[""Op_Server0""]","[""Op_Server0""]","[""Enterprise0"", ""Op_Server0"", ""User0"", ""User3""]","[""Enterprise0"", ""Op_Server0"", ""User0"", ""User3""]","{""blue_first_relevant_response_after_critical"": 17, ""blue_first_relevant_response_after_enterprise"": 6, ""enterprise_foothold_step"": 5, ""first_critical_hit_step"": 16, ""window_end"": 24, ""window_start"": 22}"
ours_stage2_fair,11,stage2_ext_002_obj_0,semantic_balanced,episode_000,7,7011,31,Q2_user_action_during_critical_breach,high,DecoySSHD,User0,User,Impact,Op_Server0,"[""Op_Server0""]","[""Op_Server0""]","[""Enterprise0"", ""Op_Server0"", ""User0"", ""User3""]","[""Enterprise0"", ""Op_Server0"", ""User0"", ""User3""]","{""blue_first_relevant_response_after_critical"": 15, ""blue_first_relevant_response_after_enterprise"": 6, ""enterprise_foothold_step"": 5, ""first_critical_hit_step"": 14, ""window_end"": null, ""window_start"": null}"
ours_stage2_fair,11,stage2_ext_002_obj_0,semantic_balanced,episode_000,7,7011,33,Q2_user_action_during_critical_breach,high,DecoySvchost,User4,User,Impact,Op_Server0,"[""Op_Server0""]","[""Op_Server0""]","[""Enterprise0"", ""Op_Server0"", ""User0"", ""User3""]","[""Enterprise0"", ""Op_Server0"", ""User0"", ""User3""]","{""blue_first_relevant_response_after_critical"": 15, ""blue_first_relevant_response_after_enterprise"": 6, ""enterprise_foothold_step"": 5, ""first_critical_hit_step"": 14, ""window_end"": null, ""window_start"": null}"
ours_stage2_fair,11,stage2_ext_002_obj_0,semantic_balanced,episode_000,7,7011,43,Q2_user_action_during_critical_breach,high,DecoyHarakaSMPT,User2,User,Impact,Op_Server0,"[""Op_Server0""]","[""Op_Server0""]","[""Op_Server0"", ""User0"", ""User3""]","[""Op_Server0"", ""User0"", ""User3""]","{""blue_first_relevant_response_after_critical"": 15, ""blue_first_relevant_response_after_enterprise"": 6, ""enterprise_foothold_step"": 5, ""first_critical_hit_step"": 14, ""window_end"": null, ""window_start"": null}"
ours_stage2_fair,11,stage2_ext_002_obj_0,semantic_balanced,episode_000,7,7011,49,Q2_user_action_during_critical_breach,high,DecoyVsftpd,User4,User,Impact,Op_Server0,"[""Op_Server0""]","[""Op_Server0""]","[""Op_Server0"", ""User0"", ""User3""]","[""Op_Server0"", ""User0"", ""User3""]","{""blue_first_relevant_response_after_critical"": 15, ""blue_first_relevant_response_after_enterprise"": 6, ""enterprise_foothold_step"": 5, ""first_critical_hit_step"": 14, ""window_end"": null, ""window_start"": null}"
ours_stage2_fair,11,stage2_ext_002_obj_0,semantic_balanced,episode_000,7,7011,51,Q2_user_action_during_critical_breach,high,DecoyHarakaSMPT,User2,User,Impact,Op_Server0,"[""Op_Server0""]","[""Op_Server0""]","[""Op_Server0"", ""User0"", ""User3""]","[""Op_Server0"", ""User0"", ""User3""]","{""blue_first_relevant_response_after_critical"": 15, ""blue_first_relevant_response_after_enterprise"": 6, ""enterprise_foothold_step"": 5, ""first_critical_hit_step"": 14, ""window_end"": null, ""window_start"": null}"
ours_stage2_fair,11,stage2_ext_002_obj_0,semantic_balanced,episode_000,7,7011,57,Q2_user_action_during_critical_breach,high,DecoyVsftpd,User4,User,Impact,Op_Server0,"[""Op_Server0""]","[""Op_Server0""]","[""Op_Server0"", ""User0"", ""User3""]","[""Op_Server0"", ""User0"", ""User3""]","{""blue_first_relevant_response_after_critical"": 15, ""blue_first_relevant_response_after_enterprise"": 6, ""enterprise_foothold_step"": 5, ""first_critical_hit_step"": 14, ""window_end"": null, ""window_start"": null}"
ours_stage2_fair,11,stage2_ext_002_obj_0,semantic_balanced,episode_000,7,7011,59,Q2_user_action_during_critical_breach,high,DecoyTomcat,User2,User,Impact,Op_Server0,"[""Op_Server0""]","[""Op_Server0""]","[""Op_Server0"", ""User0"", ""User3""]","[""Op_Server0"", ""User0"", ""User3""]","{""blue_first_relevant_response_after_critical"": 15, ""blue_first_relevant_response_after_enterprise"": 6, ""enterprise_foothold_step"": 5, ""first_critical_hit_step"": 14, ""window_end"": null, ""window_start"": null}"
ours_stage2_fair,11,stage2_ext_002_obj_0,semantic_balanced,episode_000,7,7011,79,Q2_user_action_during_critical_breach,high,DecoyVsftpd,User4,User,Impact,Op_Server0,"[""Op_Server0""]","[""Op_Server0""]","[""Op_Server0"", ""User0"", ""User3""]","[""Op_Server0"", ""User0"", ""User3""]","{""blue_first_relevant_response_after_critical"": 15, ""blue_first_relevant_response_after_enterprise"": 6, ""enterprise_foothold_step"": 5, ""first_critical_hit_step"": 14, ""window_end"": null, ""window_start"": null}"
ours_stage2_fair,11,stage2_ext_002_obj_0,semantic_balanced,episode_000,7,7011,80,Q2_user_action_during_critical_breach,high,Analyse,User2,User,Impact,Op_Server0,"[""Op_Server0""]","[""Op_Server0""]","[""Op_Server0"", ""User0"", ""User3""]","[""Op_Server0"", ""User0"", ""User3""]","{""blue_first_relevant_response_after_critical"": 15, ""blue_first_relevant_response_after_enterprise"": 6, ""enterprise_foothold_step"": 5, ""first_critical_hit_step"": 14, ""window_end"": null, ""window_start"": null}"
ours_stage2_fair,11,stage2_ext_002_obj_0,semantic_balanced,episode_000,7,7011,93,Q2_user_action_during_critical_breach,high,Analyse,User0,User,Impact,Op_Server0,"[""Op_Server0""]","[""Op_Server0""]","[""Op_Server0"", ""User0"", ""User3""]","[""Op_Server0"", ""User0"", ""User3""]","{""blue_first_relevant_response_after_critical"": 15, ""blue_first_relevant_response_after_enterprise"": 6, ""enterprise_foothold_step"": 5, ""first_critical_hit_step"": 14, ""window_end"": null, ""window_start"": null}"
ours_stage2_fair,11,stage2_ext_002_obj_0,semantic_balanced,episode_001,0,12,14,Q2_user_action_during_critical_breach,high,Remove,User4,User,Impact,Op_Server0,"[""Op_Server0""]","[""Op_Server0""]","[""Enterprise0"", ""Op_Server0"", ""User0"", ""User3""]","[""Enterprise0"", ""Op_Server0"", ""User0"", ""User3""]","{""blue_first_relevant_response_after_critical"": 13, ""blue_first_relevant_response_after_enterprise"": 7, ""enterprise_foothold_step"": 5, ""first_critical_hit_step"": 12, ""window_end"": null, ""window_start"": null}"
ours_stage2_fair,11,stage2_ext_002_obj_0,semantic_balanced,episode_001,0,12,51,Q1_sleep_during_critical_breach,high,Sleep,,,Impact,Op_Server0,"[""Op_Server0""]","[""Op_Server0""]","[""Enterprise2"", ""Op_Server0"", ""User0"", ""User3""]","[""Enterprise2"", ""Op_Server0"", ""User0"", ""User3""]","{""blue_first_relevant_response_after_critical"": 13, ""blue_first_relevant_response_after_enterprise"": 7, ""enterprise_foothold_step"": 5, ""first_critical_hit_step"": 12, ""window_end"": null, ""window_start"": null}"
ours_stage2_fair,11,stage2_ext_002_obj_0,semantic_balanced,episode_001,0,12,56,Q2_user_action_during_critical_breach,high,Remove,User2,User,Impact,Op_Server0,"[""Op_Server0""]","[""Op_Server0""]","[""Op_Server0"", ""User0"", ""User3""]","[""Op_Server0"", ""User0"", ""User3""]","{""blue_first_relevant_response_after_critical"": 13, ""blue_first_relevant_response_after_enterprise"": 7, ""enterprise_foothold_step"": 5, ""first_critical_hit_step"": 12, ""window_end"": null, ""window_start"": null}"
ours_stage2_fair,11,stage2_ext_002_obj_0,semantic_balanced,episode_001,0,12,57,Q2_user_action_during_critical_breach,high,DecoyApache,User3,User,Impact,Op_Server0,"[""Op_Server0""]","[""Op_Server0""]","[""Op_Server0"", ""User0"", ""User3""]","[""Op_Server0"", ""User0"", ""User3""]","{""blue_first_relevant_response_after_critical"": 13, ""blue_first_relevant_response_after_enterprise"": 7, ""enterprise_foothold_step"": 5, ""first_critical_hit_step"": 12, ""window_end"": null, ""window_start"": null}"
ours_stage2_fair,11,stage2_ext_002_obj_0,semantic_balanced,episode_001,0,12,59,Q2_user_action_during_critical_breach,high,DecoyVsftpd,User4,User,Impact,Op_Server0,"[""Op_Server0""]","[""Op_Server0""]","[""Op_Server0"", ""User0"", ""User3""]","[""Op_Server0"", ""User0"", ""User3""]","{""blue_first_relevant_response_after_critical"": 13, ""blue_first_relevant_response_after_enterprise"": 7, ""enterprise_foothold_step"": 5, ""first_critical_hit_step"": 12, ""window_end"": null, ""window_start"": null}"
ours_stage2_fair,11,stage2_ext_002_obj_0,semantic_balanced,episode_001,0,12,71,Q2_user_action_during_critical_breach,high,DecoySSHD,User2,User,PrivilegeEscalate,Op_Server0,"[""Op_Server0""]","[""Op_Server0""]","[""Enterprise2"", ""Op_Server0"", ""User0"", ""User3""]","[""Enterprise2"", ""Op_Server0"", ""User0"", ""User3""]","{""blue_first_relevant_response_after_critical"": 13, ""blue_first_relevant_response_after_enterprise"": 7, ""enterprise_foothold_step"": 5, ""first_critical_hit_step"": 12, ""window_end"": null, ""window_start"": null}"
ours_stage2_fair,11,stage2_ext_002_obj_0,semantic_balanced,episode_001,0,12,77,Q2_user_action_during_critical_breach,high,DecoyApache,User3,User,Impact,Op_Server0,"[""Op_Server0""]","[""Op_Server0""]","[""Op_Server0"", ""User0"", ""User3""]","[""Op_Server0"", ""User0"", ""User3""]","{""blue_first_relevant_response_after_critical"": 13, ""blue_first_relevant_response_after_enterprise"": 7, ""enterprise_foothold_step"": 5, ""first_critical_hit_step"": 12, ""window_end"": null, ""window_start"": null}"
ours_stage2_fair,11,stage2_ext_002_obj_0,semantic_balanced,episode_001,0,12,78,Q2_user_action_during_critical_breach,high,Remove,User2,User,Impact,Op_Server0,"[""Op_Server0""]","[""Op_Server0""]","[""Op_Server0"", ""User0"", ""User3""]","[""Op_Server0"", ""User0"", ""User3""]","{""blue_first_relevant_response_after_critical"": 13, ""blue_first_relevant_response_after_enterprise"": 7, ""enterprise_foothold_step"": 5, ""first_critical_hit_step"": 12, ""window_end"": null, ""window_start"": null}"
ours_stage2_fair,11,stage2_ext_002_obj_0,semantic_balanced,episode_001,0,12,92,Q2_user_action_during_critical_breach,high,Remove,User2,User,PrivilegeEscalate,Op_Server0,"[""Op_Server0""]","[""Op_Server0""]","[""Enterprise2"", ""Op_Server0"", ""User0"", ""User3""]","[""Enterprise2"", ""Op_Server0"", ""User0"", ""User3""]","{""blue_first_relevant_response_after_critical"": 13, ""blue_first_relevant_response_after_enterprise"": 7, ""enterprise_foothold_step"": 5, ""first_critical_hit_step"": 12, ""window_end"": null, ""window_start"": null}"
ours_stage2_fair,11,stage2_ext_002_obj_0,semantic_balanced,episode_001,0,12,95,Q2_user_action_during_critical_breach,high,Analyse,User0,User,Impact,Op_Server0,"[""Op_Server0""]","[""Op_Server0""]","[""Op_Server0"", ""User0"", ""User3""]","[""Op_Server0"", ""User0"", ""User3""]","{""blue_first_relevant_response_after_critical"": 13, ""blue_first_relevant_response_after_enterprise"": 7, ""enterprise_foothold_step"": 5, ""first_critical_hit_step"": 12, ""window_end"": null, ""window_start"": null}"
ours_stage2_fair,11,stage2_ext_002_obj_0,semantic_balanced,episode_001,0,12,96,Q2_user_action_during_critical_breach,high,DecoyHarakaSMPT,User2,User,Impact,Op_Server0,"[""Op_Server0""]","[""Op_Server0""]","[""Op_Server0"", ""User0"", ""User3""]","[""Op_Server0"", ""User0"", ""User3""]","{""blue_first_relevant_response_after_critical"": 13, ""blue_first_relevant_response_after_enterprise"": 7, ""enterprise_foothold_step"": 5, ""first_critical_hit_step"": 12, ""window_end"": null, ""window_start"": null}"
ours_stage2_fair,11,stage2_ext_002_obj_0,semantic_balanced,episode_001,1,1012,15,Q2_user_action_during_critical_breach,high,DecoyHarakaSMPT,User2,User,Impact,Op_Server0,"[""Op_Server0""]","[""Op_Server0""]","[""Enterprise1"", ""Op_Server0"", ""User0"", ""User1""]","[""Enterprise1"", ""Op_Server0"", ""User0"", ""User1""]","{""blue_first_relevant_response_after_critical"": 14, ""blue_first_relevant_response_after_enterprise"": 9, ""enterprise_foothold_step"": 5, ""first_critical_hit_step"": 12, ""window_end"": null, ""window_start"": null}"
ours_stage2_fair,11,stage2_ext_002_obj_0,semantic_balanced,episode_001,1,1012,17,Q2_user_action_during_critical_breach,high,DecoySSHD,User1,User,Impact,Op_Server0,"[""Op_Server0""]","[""Op_Server0""]","[""Enterprise1"", ""Op_Server0"", ""User0"", ""User1""]","[""Enterprise1"", ""Op_Server0"", ""User0"", ""User1""]","{""blue_first_relevant_response_after_critical"": 14, ""blue_first_relevant_response_after_enterprise"": 9, ""enterprise_foothold_step"": 5, ""first_critical_hit_step"": 12, ""window_end"": null, ""window_start"": null}"
ours_stage2_fair,11,stage2_ext_002_obj_0,semantic_balanced,episode_001,1,1012,30,Q2_user_action_during_critical_breach,high,DecoyVsftpd,User0,User,Impact,Op_Server0,"[""Op_Server0""]","[""Op_Server0""]","[""Enterprise1"", ""Op_Server0"", ""User0"", ""User1""]","[""Enterprise1"", ""Op_Server0"", ""User0"", ""User1""]","{""blue_first_relevant_response_after_critical"": 14, ""blue_first_relevant_response_after_enterprise"": 9, ""enterprise_foothold_step"": 5, ""first_critical_hit_step"": 12, ""window_end"": null, ""window_start"": null}"
ours_stage2_fair,11,stage2_ext_002_obj_0,semantic_balanced,episode_001,1,1012,34,Q2_user_action_during_critical_breach,high,DecoySSHD,User2,User,PrivilegeEscalate,Op_Server0,"[""Op_Server0""]","[""Op_Server0""]","[""Enterprise1"", ""Op_Server0"", ""User0"", ""User1""]","[""Enterprise1"", ""Op_Server0"", ""User0"", ""User1""]","{""blue_first_relevant_response_after_critical"": 14, ""blue_first_relevant_response_after_enterprise"": 9, ""enterprise_foothold_step"": 5, ""first_critical_hit_step"": 12, ""window_end"": null, ""window_start"": null}"
ours_stage2_fair,11,stage2_ext_002_obj_0,semantic_balanced,episode_001,1,1012,38,Q2_user_action_during_critical_breach,high,DecoySSHD,User2,User,Impact,Op_Server0,"[""Op_Server0""]","[""Op_Server0""]","[""Enterprise1"", ""Op_Server0"", ""User0"", ""User1""]","[""Enterprise1"", ""Op_Server0"", ""User0"", ""User1""]","{""blue_first_relevant_response_after_critical"": 14, ""blue_first_relevant_response_after_enterprise"": 9, ""enterprise_foothold_step"": 5, ""first_critical_hit_step"": 12, ""window_end"": null, ""window_start"": null}"
ours_stage2_fair,11,stage2_ext_002_obj_0,semantic_balanced,episode_001,1,1012,48,Q2_user_action_during_critical_breach,high,DecoyHarakaSMPT,User2,User,Impact,Op_Server0,"[""Op_Server0""]","[""Op_Server0""]","[""Enterprise1"", ""Op_Server0"", ""User0"", ""User1""]","[""Enterprise1"", ""Op_Server0"", ""User0"", ""User1""]","{""blue_first_relevant_response_after_critical"": 14, ""blue_first_relevant_response_after_enterprise"": 9, ""enterprise_foothold_step"": 5, ""first_critical_hit_step"": 12, ""window_end"": null, ""window_start"": null}"
ours_stage2_fair,11,stage2_ext_002_obj_0,semantic_balanced,episode_001,1,1012,67,Q2_user_action_during_critical_breach,high,DecoyHarakaSMPT,User2,User,Impact,Op_Server0,"[""Op_Server0""]","[""Op_Server0""]","[""Op_Server0"", ""User0"", ""User1""]","[""Op_Server0"", ""User0"", ""User1""]","{""blue_first_relevant_response_after_critical"": 14, ""blue_first_relevant_response_after_enterprise"": 9, ""enterprise_foothold_step"": 5, ""first_critical_hit_step"": 12, ""window_end"": null, ""window_start"": null}"
ours_stage2_fair,11,stage2_ext_002_obj_0,semantic_balanced,episode_001,1,1012,93,Q2_user_action_during_critical_breach,high,DecoyVsftpd,User4,User,Impact,Op_Server0,"[""Op_Server0""]","[""Op_Server0""]","[""Enterprise2"", ""Op_Server0"", ""User0"", ""User1""]","[""Enterprise2"", ""Op_Server0"", ""User0"", ""User1""]","{""blue_first_relevant_response_after_critical"": 14, ""blue_first_relevant_response_after_enterprise"": 9, ""enterprise_foothold_step"": 5, ""first_critical_hit_step"": 12, ""window_end"": null, ""window_start"": null}"
ours_stage2_fair,11,stage2_ext_002_obj_0,semantic_balanced,episode_001,1,1012,75,Q4_user_focus_after_enterprise_foothold,medium,DecoyTomcat,User2,User,ExploitRemoteService,,[],[],"[""User0"", ""User1""]","[""Enterprise2"", ""User0"", ""User1""]","{""blue_first_relevant_response_after_critical"": 14, ""blue_first_relevant_response_after_enterprise"": 9, ""enterprise_foothold_step"": 5, ""first_critical_hit_step"": 12, ""window_end"": 77, ""window_start"": 75}"
ours_stage2_fair,11,stage2_ext_002_obj_0,semantic_balanced,episode_001,1,1012,76,Q4_user_focus_after_enterprise_foothold,medium,Remove,User4,User,PrivilegeEscalate,Enterprise2,[],[],"[""Enterprise2"", ""User0"", ""User1""]","[""Enterprise2"", ""User0"", ""User1""]","{""blue_first_relevant_response_after_critical"": 14, ""blue_first_relevant_response_after_enterprise"": 9, ""enterprise_foothold_step"": 5, ""first_critical_hit_step"": 12, ""window_end"": 78, ""window_start"": 76}"
ours_stage2_fair,11,stage2_ext_002_obj_0,semantic_balanced,episode_001,2,2012,14,Q2_user_action_during_critical_breach,high,DecoySSHD,User2,User,Impact,Op_Server0,"[""Op_Server0""]","[""Op_Server0""]","[""Op_Server0"", ""User0"", ""User4""]","[""Op_Server0"", ""User0"", ""User4""]","{""blue_first_relevant_response_after_critical"": 13, ""blue_first_relevant_response_after_enterprise"": 12, ""enterprise_foothold_step"": 5, ""first_critical_hit_step"": 12, ""window_end"": null, ""window_start"": null}"
ours_stage2_fair,11,stage2_ext_002_obj_0,semantic_balanced,episode_001,2,2012,15,Q2_user_action_during_critical_breach,high,DecoyHarakaSMPT,User2,User,Impact,Op_Server0,"[""Op_Server0""]","[""Op_Server0""]","[""Op_Server0"", ""User0"", ""User4""]","[""Op_Server0"", ""User0"", ""User4""]","{""blue_first_relevant_response_after_critical"": 13, ""blue_first_relevant_response_after_enterprise"": 12, ""enterprise_foothold_step"": 5, ""first_critical_hit_step"": 12, ""window_end"": null, ""window_start"": null}"
ours_stage2_fair,11,stage2_ext_002_obj_0,semantic_balanced,episode_001,2,2012,16,Q1_sleep_during_critical_breach,high,Sleep,,,Impact,Op_Server0,"[""Op_Server0""]","[""Op_Server0""]","[""Op_Server0"", ""User0"", ""User4""]","[""Op_Server0"", ""User0"", ""User4""]","{""blue_first_relevant_response_after_critical"": 13, ""blue_first_relevant_response_after_enterprise"": 12, ""enterprise_foothold_step"": 5, ""first_critical_hit_step"": 12, ""window_end"": null, ""window_start"": null}"
ours_stage2_fair,11,stage2_ext_002_obj_0,semantic_balanced,episode_001,2,2012,17,Q2_user_action_during_critical_breach,high,DecoyApache,User3,User,Impact,Op_Server0,"[""Op_Server0""]","[""Op_Server0""]","[""Op_Server0"", ""User0"", ""User4""]","[""Op_Server0"", ""User0"", ""User4""]","{""blue_first_relevant_response_after_critical"": 13, ""blue_first_relevant_response_after_enterprise"": 12, ""enterprise_foothold_step"": 5, ""first_critical_hit_step"": 12, ""window_end"": null, ""window_start"": null}"
ours_stage2_fair,11,stage2_ext_002_obj_0,semantic_balanced,episode_001,2,2012,18,Q2_user_action_during_critical_breach,high,Remove,User2,User,Impact,Op_Server0,"[""Op_Server0""]","[""Op_Server0""]","[""Op_Server0"", ""User0"", ""User4""]","[""Op_Server0"", ""User0"", ""User4""]","{""blue_first_relevant_response_after_critical"": 13, ""blue_first_relevant_response_after_enterprise"": 12, ""enterprise_foothold_step"": 5, ""first_critical_hit_step"": 12, ""window_end"": null, ""window_start"": null}"
ours_stage2_fair,11,stage2_ext_002_obj_0,semantic_balanced,episode_001,2,2012,22,Q2_user_action_during_critical_breach,high,DecoyHarakaSMPT,User2,User,Impact,Op_Server0,"[""Op_Server0""]","[""Op_Server0""]","[""Op_Server0"", ""User0"", ""User4""]","[""Op_Server0"", ""User0"", ""User4""]","{""blue_first_relevant_response_after_critical"": 13, ""blue_first_relevant_response_after_enterprise"": 12, ""enterprise_foothold_step"": 5, ""first_critical_hit_step"": 12, ""window_end"": null, ""window_start"": null}"
ours_stage2_fair,11,stage2_ext_002_obj_0,semantic_balanced,episode_001,2,2012,28,Q2_user_action_during_critical_breach,high,Restore,User4,User,Impact,Op_Server0,"[""Op_Server0""]","[""Op_Server0""]","[""Op_Server0"", ""User0"", ""User4""]","[""Op_Server0"", ""User0""]","{""blue_first_relevant_response_after_critical"": 13, ""blue_first_relevant_response_after_enterprise"": 12, ""enterprise_foothold_step"": 5, ""first_critical_hit_step"": 12, ""window_end"": null, ""window_start"": null}"
ours_stage2_fair,11,stage2_ext_002_obj_0,semantic_balanced,episode_001,2,2012,34,Q2_user_action_during_critical_breach,high,Remove,User0,User,Impact,Op_Server0,"[""Op_Server0""]","[""Op_Server0""]","[""Op_Server0"", ""User0""]","[""Op_Server0"", ""User0""]","{""blue_first_relevant_response_after_critical"": 13, ""blue_first_relevant_response_after_enterprise"": 12, ""enterprise_foothold_step"": 5, ""first_critical_hit_step"": 12, ""window_end"": null, ""window_start"": null}"
ours_stage2_fair,11,stage2_ext_002_obj_0,semantic_balanced,episode_001,2,2012,36,Q2_user_action_during_critical_breach,high,DecoySSHD,User2,User,Impact,Op_Server0,"[""Op_Server0""]","[""Op_Server0""]","[""Op_Server0"", ""User0""]","[""Op_Server0"", ""User0""]","{""blue_first_relevant_response_after_critical"": 13, ""blue_first_relevant_response_after_enterprise"": 12, ""enterprise_foothold_step"": 5, ""first_critical_hit_step"": 12, ""window_end"": null, ""window_start"": null}"
ours_stage2_fair,11,stage2_ext_002_obj_0,semantic_balanced,episode_001,2,2012,55,Q2_user_action_during_critical_breach,high,Remove,User0,User,Impact,Op_Server0,"[""Op_Server0""]","[""Op_Server0""]","[""Enterprise2"", ""Op_Server0"", ""User0""]","[""Enterprise2"", ""Op_Server0"", ""User0""]","{""blue_first_relevant_response_after_critical"": 13, ""blue_first_relevant_response_after_enterprise"": 12, ""enterprise_foothold_step"": 5, ""first_critical_hit_step"": 12, ""window_end"": null, ""window_start"": null}"
ours_stage2_fair,11,stage2_ext_002_obj_0,semantic_balanced,episode_001,2,2012,59,Q2_user_action_during_critical_breach,high,DecoySmss,User3,User,Impact,Op_Server0,"[""Op_Server0""]","[""Op_Server0""]","[""Op_Server0"", ""User0""]","[""Op_Server0"", ""User0""]","{""blue_first_relevant_response_after_critical"": 13, ""blue_first_relevant_response_after_enterprise"": 12, ""enterprise_foothold_step"": 5, ""first_critical_hit_step"": 12, ""window_end"": null, ""window_start"": null}"
ours_stage2_fair,11,stage2_ext_002_obj_0,semantic_balanced,episode_001,3,3012,23,Q2_user_action_during_critical_breach,high,DecoyVsftpd,User0,User,Impact,Op_Server0,"[""Op_Server0""]","[""Op_Server0""]","[""Enterprise1"", ""Op_Server0"", ""User0"", ""User2""]","[""Enterprise1"", ""Op_Server0"", ""User0"", ""User2""]","{""blue_first_relevant_response_after_critical"": 15, ""blue_first_relevant_response_after_enterprise"": 6, ""enterprise_foothold_step"": 5, ""first_critical_hit_step"": 14, ""window_end"": null, ""window_start"": null}"
ours_stage2_fair,11,stage2_ext_002_obj_0,semantic_balanced,episode_001,3,3012,93,Q2_user_action_during_critical_breach,high,DecoyHarakaSMPT,User2,User,Impact,Op_Server0,"[""Op_Server0""]","[""Op_Server0""]","[""Op_Server0"", ""User0"", ""User2""]","[""Op_Server0"", ""User0"", ""User2""]","{""blue_first_relevant_response_after_critical"": 15, ""blue_first_relevant_response_after_enterprise"": 6, ""enterprise_foothold_step"": 5, ""first_critical_hit_step"": 14, ""window_end"": null, ""window_start"": null}"
ours_stage2_fair,11,stage2_ext_002_obj_0,semantic_balanced,episode_001,4,4012,22,Q2_user_action_during_critical_breach,high,DecoyHarakaSMPT,User2,User,Impact,Op_Server0,"[""Op_Server0""]","[""Op_Server0""]","[""Enterprise0"", ""Op_Server0"", ""User0"", ""User3""]","[""Enterprise0"", ""Op_Server0"", ""User0"", ""User3""]","{""blue_first_relevant_response_after_critical"": 13, ""blue_first_relevant_response_after_enterprise"": 6, ""enterprise_foothold_step"": 5, ""first_critical_hit_step"": 12, ""window_end"": null, ""window_start"": null}"
ours_stage2_fair,11,stage2_ext_002_obj_0,semantic_balanced,episode_001,4,4012,24,Q2_user_action_during_critical_breach,high,DecoySSHD,User2,User,Impact,Op_Server0,"[""Op_Server0""]","[""Op_Server0""]","[""Enterprise0"", ""Op_Server0"", ""User0"", ""User3""]","[""Enterprise0"", ""Op_Server0"", ""User0"", ""User3""]","{""blue_first_relevant_response_after_critical"": 13, ""blue_first_relevant_response_after_enterprise"": 6, ""enterprise_foothold_step"": 5, ""first_critical_hit_step"": 12, ""window_end"": null, ""window_start"": null}"
ours_stage2_fair,11,stage2_ext_002_obj_0,semantic_balanced,episode_001,4,4012,27,Q2_user_action_during_critical_breach,high,Remove,User2,User,Impact,Op_Server0,"[""Op_Server0""]","[""Op_Server0""]","[""Enterprise0"", ""Op_Server0"", ""User0"", ""User3""]","[""Enterprise0"", ""Op_Server0"", ""User0"", ""User3""]","{""blue_first_relevant_response_after_critical"": 13, ""blue_first_relevant_response_after_enterprise"": 6, ""enterprise_foothold_step"": 5, ""first_critical_hit_step"": 12, ""window_end"": null, ""window_start"": null}"
ours_stage2_fair,11,stage2_ext_002_obj_0,semantic_balanced,episode_001,4,4012,28,Q2_user_action_during_critical_breach,high,Remove,User2,User,Impact,Op_Server0,"[""Op_Server0""]","[""Op_Server0""]","[""Enterprise0"", ""Op_Server0"", ""User0"", ""User3""]","[""Enterprise0"", ""Op_Server0"", ""User0"", ""User3""]","{""blue_first_relevant_response_after_critical"": 13, ""blue_first_relevant_response_after_enterprise"": 6, ""enterprise_foothold_step"": 5, ""first_critical_hit_step"": 12, ""window_end"": null, ""window_start"": null}"
ours_stage2_fair,11,stage2_ext_002_obj_0,semantic_balanced,episode_001,4,4012,29,Q2_user_action_during_critical_breach,high,Analyse,User0,User,Impact,Op_Server0,"[""Op_Server0""]","[""Op_Server0""]","[""Enterprise0"", ""Op_Server0"", ""User0"", ""User3""]","[""Enterprise0"", ""Op_Server0"", ""User0"", ""User3""]","{""blue_first_relevant_response_after_critical"": 13, ""blue_first_relevant_response_after_enterprise"": 6, ""enterprise_foothold_step"": 5, ""first_critical_hit_step"": 12, ""window_end"": null, ""window_start"": null}"
ours_stage2_fair,11,stage2_ext_002_obj_0,semantic_balanced,episode_001,4,4012,44,Q2_user_action_during_critical_breach,high,DecoyTomcat,User3,User,Impact,Op_Server0,"[""Op_Server0""]","[""Op_Server0""]","[""Enterprise0"", ""Op_Server0"", ""User0"", ""User3""]","[""Enterprise0"", ""Op_Server0"", ""User0"", ""User3""]","{""blue_first_relevant_response_after_critical"": 13, ""blue_first_relevant_response_after_enterprise"": 6, ""enterprise_foothold_step"": 5, ""first_critical_hit_step"": 12, ""window_end"": null, ""window_start"": null}"
ours_stage2_fair,11,stage2_ext_002_obj_0,semantic_balanced,episode_001,4,4012,49,Q2_user_action_during_critical_breach,high,DecoyApache,User3,User,Impact,Op_Server0,"[""Op_Server0""]","[""Op_Server0""]","[""Enterprise0"", ""Op_Server0"", ""User0"", ""User3""]","[""Enterprise0"", ""Op_Server0"", ""User0"", ""User3""]","{""blue_first_relevant_response_after_critical"": 13, ""blue_first_relevant_response_after_enterprise"": 6, ""enterprise_foothold_step"": 5, ""first_critical_hit_step"": 12, ""window_end"": null, ""window_start"": null}"
ours_stage2_fair,11,stage2_ext_002_obj_0,semantic_balanced,episode_001,4,4012,53,Q2_user_action_during_critical_breach,high,DecoyTomcat,User2,User,Impact,Op_Server0,"[""Op_Server0""]","[""Op_Server0""]","[""Enterprise0"", ""Op_Server0"", ""User0"", ""User3""]","[""Enterprise0"", ""Op_Server0"", ""User0"", ""User3""]","{""blue_first_relevant_response_after_critical"": 13, ""blue_first_relevant_response_after_enterprise"": 6, ""enterprise_foothold_step"": 5, ""first_critical_hit_step"": 12, ""window_end"": null, ""window_start"": null}"
ours_stage2_fair,11,stage2_ext_002_obj_0,semantic_balanced,episode_001,4,4012,61,Q2_user_action_during_critical_breach,high,Remove,User2,User,Impact,Op_Server0,"[""Op_Server0""]","[""Op_Server0""]","[""Enterprise0"", ""Op_Server0"", ""User0"", ""User3""]","[""Enterprise0"", ""Op_Server0"", ""User0"", ""User3""]","{""blue_first_relevant_response_after_critical"": 13, ""blue_first_relevant_response_after_enterprise"": 6, ""enterprise_foothold_step"": 5, ""first_critical_hit_step"": 12, ""window_end"": null, ""window_start"": null}"
ours_stage2_fair,11,stage2_ext_002_obj_0,semantic_balanced,episode_001,4,4012,73,Q2_user_action_during_critical_breach,high,DecoySmss,User2,User,Impact,Op_Server0,"[""Op_Server0""]","[""Op_Server0""]","[""Op_Server0"", ""User0"", ""User3""]","[""Op_Server0"", ""User0"", ""User3""]","{""blue_first_relevant_response_after_critical"": 13, ""blue_first_relevant_response_after_enterprise"": 6, ""enterprise_foothold_step"": 5, ""first_critical_hit_step"": 12, ""window_end"": null, ""window_start"": null}"
ours_stage2_fair,11,stage2_ext_002_obj_0,semantic_balanced,episode_001,4,4012,27,Q4_user_focus_after_enterprise_foothold,medium,Remove,User2,User,Impact,Op_Server0,"[""Op_Server0""]","[""Op_Server0""]","[""Enterprise0"", ""Op_Server0"", ""User0"", ""User3""]","[""Enterprise0"", ""Op_Server0"", ""User0"", ""User3""]","{""blue_first_relevant_response_after_critical"": 13, ""blue_first_relevant_response_after_enterprise"": 6, ""enterprise_foothold_step"": 5, ""first_critical_hit_step"": 12, ""window_end"": 29, ""window_start"": 27}"
ours_stage2_fair,11,stage2_ext_002_obj_0,semantic_balanced,episode_001,5,5012,22,Q2_user_action_during_critical_breach,high,Remove,User2,User,Impact,Op_Server0,"[""Op_Server0""]","[""Op_Server0""]","[""Enterprise0"", ""Op_Server0"", ""User0"", ""User4""]","[""Enterprise0"", ""Op_Server0"", ""User0"", ""User4""]","{""blue_first_relevant_response_after_critical"": 13, ""blue_first_relevant_response_after_enterprise"": 6, ""enterprise_foothold_step"": 5, ""first_critical_hit_step"": 12, ""window_end"": null, ""window_start"": null}"
ours_stage2_fair,11,stage2_ext_002_obj_0,semantic_balanced,episode_001,5,5012,37,Q2_user_action_during_critical_breach,high,DecoyHarakaSMPT,User2,User,Impact,Op_Server0,"[""Op_Server0""]","[""Op_Server0""]","[""Enterprise0"", ""Op_Server0"", ""User0"", ""User4""]","[""Enterprise0"", ""Op_Server0"", ""User0"", ""User4""]","{""blue_first_relevant_response_after_critical"": 13, ""blue_first_relevant_response_after_enterprise"": 6, ""enterprise_foothold_step"": 5, ""first_critical_hit_step"": 12, ""window_end"": null, ""window_start"": null}"
ours_stage2_fair,11,stage2_ext_002_obj_0,semantic_balanced,episode_001,5,5012,42,Q1_sleep_during_critical_breach,high,Sleep,,,Impact,Op_Server0,"[""Op_Server0""]","[""Op_Server0""]","[""Enterprise0"", ""Op_Server0"", ""User0"", ""User4""]","[""Enterprise0"", ""Op_Server0"", ""User0"", ""User4""]","{""blue_first_relevant_response_after_critical"": 13, ""blue_first_relevant_response_after_enterprise"": 6, ""enterprise_foothold_step"": 5, ""first_critical_hit_step"": 12, ""window_end"": null, ""window_start"": null}"
ours_stage2_fair,11,stage2_ext_002_obj_0,semantic_balanced,episode_001,5,5012,55,Q2_user_action_during_critical_breach,high,DecoyHarakaSMPT,User2,User,Impact,Op_Server0,"[""Op_Server0""]","[""Op_Server0""]","[""Enterprise0"", ""Op_Server0"", ""User0"", ""User4""]","[""Enterprise0"", ""Op_Server0"", ""User0"", ""User4""]","{""blue_first_relevant_response_after_critical"": 13, ""blue_first_relevant_response_after_enterprise"": 6, ""enterprise_foothold_step"": 5, ""first_critical_hit_step"": 12, ""window_end"": null, ""window_start"": null}"
ours_stage2_fair,11,stage2_ext_002_obj_0,semantic_balanced,episode_001,5,5012,59,Q2_user_action_during_critical_breach,high,DecoyHarakaSMPT,User2,User,Impact,Op_Server0,"[""Op_Server0""]","[""Op_Server0""]","[""Enterprise0"", ""Op_Server0"", ""User0"", ""User4""]","[""Enterprise0"", ""Op_Server0"", ""User0"", ""User4""]","{""blue_first_relevant_response_after_critical"": 13, ""blue_first_relevant_response_after_enterprise"": 6, ""enterprise_foothold_step"": 5, ""first_critical_hit_step"": 12, ""window_end"": null, ""window_start"": null}"
ours_stage2_fair,11,stage2_ext_002_obj_0,semantic_balanced,episode_001,5,5012,61,Q2_user_action_during_critical_breach,high,DecoyHarakaSMPT,User2,User,Impact,Op_Server0,"[""Op_Server0""]","[""Op_Server0""]","[""Enterprise0"", ""Op_Server0"", ""User0"", ""User4""]","[""Enterprise0"", ""Op_Server0"", ""User0"", ""User4""]","{""blue_first_relevant_response_after_critical"": 13, ""blue_first_relevant_response_after_enterprise"": 6, ""enterprise_foothold_step"": 5, ""first_critical_hit_step"": 12, ""window_end"": null, ""window_start"": null}"
ours_stage2_fair,11,stage2_ext_002_obj_0,semantic_balanced,episode_001,5,5012,66,Q2_user_action_during_critical_breach,high,DecoyVsftpd,User4,User,Impact,Op_Server0,"[""Op_Server0""]","[""Op_Server0""]","[""Op_Server0"", ""User0"", ""User4""]","[""Op_Server0"", ""User0"", ""User4""]","{""blue_first_relevant_response_after_critical"": 13, ""blue_first_relevant_response_after_enterprise"": 6, ""enterprise_foothold_step"": 5, ""first_critical_hit_step"": 12, ""window_end"": null, ""window_start"": null}"
ours_stage2_fair,11,stage2_ext_002_obj_0,semantic_balanced,episode_001,5,5012,72,Q2_user_action_during_critical_breach,high,DecoyApache,User4,User,Impact,Op_Server0,"[""Op_Server0""]","[""Op_Server0""]","[""Op_Server0"", ""User0"", ""User4""]","[""Op_Server0"", ""User0"", ""User4""]","{""blue_first_relevant_response_after_critical"": 13, ""blue_first_relevant_response_after_enterprise"": 6, ""enterprise_foothold_step"": 5, ""first_critical_hit_step"": 12, ""window_end"": null, ""window_start"": null}"
ours_stage2_fair,11,stage2_ext_002_obj_0,semantic_balanced,episode_001,5,5012,75,Q2_user_action_during_critical_breach,high,DecoySSHD,User2,User,Impact,Op_Server0,"[""Op_Server0""]","[""Op_Server0""]","[""Op_Server0"", ""User0"", ""User4""]","[""Op_Server0"", ""User0"", ""User4""]","{""blue_first_relevant_response_after_critical"": 13, ""blue_first_relevant_response_after_enterprise"": 6, ""enterprise_foothold_step"": 5, ""first_critical_hit_step"": 12, ""window_end"": null, ""window_start"": null}"
ours_stage2_fair,11,stage2_ext_002_obj_0,semantic_balanced,episode_001,5,5012,82,Q2_user_action_during_critical_breach,high,DecoyHarakaSMPT,User2,User,Impact,Op_Server0,"[""Op_Server0""]","[""Op_Server0""]","[""Op_Server0"", ""User0"", ""User4""]","[""Op_Server0"", ""User0"", ""User4""]","{""blue_first_relevant_response_after_critical"": 13, ""blue_first_relevant_response_after_enterprise"": 6, ""enterprise_foothold_step"": 5, ""first_critical_hit_step"": 12, ""window_end"": null, ""window_start"": null}"
ours_stage2_fair,11,stage2_ext_002_obj_0,semantic_balanced,episode_001,5,5012,94,Q2_user_action_during_critical_breach,high,DecoyHarakaSMPT,User2,User,PrivilegeEscalate,Op_Server0,"[""Op_Server0""]","[""Op_Server0""]","[""Enterprise2"", ""Op_Server0"", ""User0"", ""User4""]","[""Enterprise2"", ""Op_Server0"", ""User0"", ""User4""]","{""blue_first_relevant_response_after_critical"": 13, ""blue_first_relevant_response_after_enterprise"": 6, ""enterprise_foothold_step"": 5, ""first_critical_hit_step"": 12, ""window_end"": null, ""window_start"": null}"
ours_stage2_fair,11,stage2_ext_002_obj_0,semantic_balanced,episode_001,5,5012,26,Q4_user_focus_after_enterprise_foothold,medium,Analyse,User2,User,ExploitRemoteService,,[],[],"[""Enterprise0"", ""User0"", ""User4""]","[""Enterprise0"", ""User0"", ""User4""]","{""blue_first_relevant_response_after_critical"": 13, ""blue_first_relevant_response_after_enterprise"": 6, ""enterprise_foothold_step"": 5, ""first_critical_hit_step"": 12, ""window_end"": 28, ""window_start"": 26}"
ours_stage2_fair,11,stage2_ext_002_obj_0,semantic_balanced,episode_001,5,5012,55,Q5_repeated_low_value_decoy_loop,medium,DecoyHarakaSMPT,User2,User,Impact,Op_Server0,"[""Op_Server0""]","[""Op_Server0""]","[""Enterprise0"", ""Op_Server0"", ""User0"", ""User4""]","[""Enterprise0"", ""Op_Server0"", ""User0"", ""User4""]","{""blue_first_relevant_response_after_critical"": 13, ""blue_first_relevant_response_after_enterprise"": 6, ""enterprise_foothold_step"": 5, ""first_critical_hit_step"": 12, ""window_end"": 61, ""window_start"": 52}"
ours_stage2_fair,11,stage2_ext_002_obj_0,semantic_balanced,episode_001,6,6012,36,Q2_user_action_during_critical_breach,high,DecoySmss,User1,User,Impact,Op_Server0,"[""Op_Server0""]","[""Op_Server0""]","[""Op_Server0"", ""User0"", ""User2""]","[""Op_Server0"", ""User0"", ""User2""]","{""blue_first_relevant_response_after_critical"": 13, ""blue_first_relevant_response_after_enterprise"": 11, ""enterprise_foothold_step"": 5, ""first_critical_hit_step"": 12, ""window_end"": null, ""window_start"": null}"
ours_stage2_fair,11,stage2_ext_002_obj_0,semantic_balanced,episode_001,6,6012,47,Q2_user_action_during_critical_breach,high,Remove,User3,User,Impact,Op_Server0,"[""Op_Server0""]","[""Op_Server0""]","[""Op_Server0"", ""User0"", ""User2""]","[""Op_Server0"", ""User0"", ""User2""]","{""blue_first_relevant_response_after_critical"": 13, ""blue_first_relevant_response_after_enterprise"": 11, ""enterprise_foothold_step"": 5, ""first_critical_hit_step"": 12, ""window_end"": null, ""window_start"": null}"
ours_stage2_fair,11,stage2_ext_002_obj_0,semantic_balanced,episode_001,6,6012,58,Q2_user_action_during_critical_breach,high,Remove,User0,User,Impact,Op_Server0,"[""Op_Server0""]","[""Op_Server0""]","[""Op_Server0"", ""User0"", ""User2""]","[""Op_Server0"", ""User0"", ""User2""]","{""blue_first_relevant_response_after_critical"": 13, ""blue_first_relevant_response_after_enterprise"": 11, ""enterprise_foothold_step"": 5, ""first_critical_hit_step"": 12, ""window_end"": null, ""window_start"": null}"
ours_stage2_fair,11,stage2_ext_002_obj_0,semantic_balanced,episode_001,6,6012,59,Q2_user_action_during_critical_breach,high,DecoyApache,User2,User,Impact,Op_Server0,"[""Op_Server0""]","[""Op_Server0""]","[""Op_Server0"", ""User0"", ""User2""]","[""Op_Server0"", ""User0"", ""User2""]","{""blue_first_relevant_response_after_critical"": 13, ""blue_first_relevant_response_after_enterprise"": 11, ""enterprise_foothold_step"": 5, ""first_critical_hit_step"": 12, ""window_end"": null, ""window_start"": null}"
ours_stage2_fair,11,stage2_ext_002_obj_0,semantic_balanced,episode_001,6,6012,69,Q2_user_action_during_critical_breach,high,DecoySmss,User4,User,Impact,Op_Server0,"[""Op_Server0""]","[""Op_Server0""]","[""Op_Server0"", ""User0"", ""User2""]","[""Op_Server0"", ""User0"", ""User2""]","{""blue_first_relevant_response_after_critical"": 13, ""blue_first_relevant_response_after_enterprise"": 11, ""enterprise_foothold_step"": 5, ""first_critical_hit_step"": 12, ""window_end"": null, ""window_start"": null}"
ours_stage2_fair,11,stage2_ext_002_obj_0,semantic_balanced,episode_001,6,6012,81,Q2_user_action_during_critical_breach,high,DecoySmss,User2,User,Impact,Op_Server0,"[""Op_Server0""]","[""Op_Server0""]","[""Op_Server0"", ""User0"", ""User2""]","[""Op_Server0"", ""User0"", ""User2""]","{""blue_first_relevant_response_after_critical"": 13, ""blue_first_relevant_response_after_enterprise"": 11, ""enterprise_foothold_step"": 5, ""first_critical_hit_step"": 12, ""window_end"": null, ""window_start"": null}"
ours_stage2_fair,11,stage2_ext_002_obj_0,semantic_balanced,episode_001,7,7012,28,Q2_user_action_during_critical_breach,high,DecoyTomcat,User2,User,PrivilegeEscalate,Op_Server0,"[""Op_Server0""]","[""Op_Server0""]","[""Enterprise2"", ""Op_Server0"", ""User0"", ""User3""]","[""Enterprise2"", ""Op_Server0"", ""User0"", ""User3""]","{""blue_first_relevant_response_after_critical"": 13, ""blue_first_relevant_response_after_enterprise"": 6, ""enterprise_foothold_step"": 5, ""first_critical_hit_step"": 12, ""window_end"": null, ""window_start"": null}"
ours_stage2_fair,11,stage2_ext_002_obj_0,semantic_balanced,episode_001,7,7012,46,Q2_user_action_during_critical_breach,high,Remove,User2,User,Impact,Op_Server0,"[""Op_Server0""]","[""Op_Server0""]","[""Enterprise2"", ""Op_Server0"", ""User0"", ""User3""]","[""Enterprise2"", ""Op_Server0"", ""User0"", ""User3""]","{""blue_first_relevant_response_after_critical"": 13, ""blue_first_relevant_response_after_enterprise"": 6, ""enterprise_foothold_step"": 5, ""first_critical_hit_step"": 12, ""window_end"": null, ""window_start"": null}"
ours_stage2_fair,11,stage2_ext_002_obj_0,semantic_balanced,episode_001,7,7012,47,Q2_user_action_during_critical_breach,high,DecoySSHD,User4,User,Impact,Op_Server0,"[""Op_Server0""]","[""Op_Server0""]","[""Enterprise2"", ""Op_Server0"", ""User0"", ""User3""]","[""Enterprise2"", ""Op_Server0"", ""User0"", ""User3""]","{""blue_first_relevant_response_after_critical"": 13, ""blue_first_relevant_response_after_enterprise"": 6, ""enterprise_foothold_step"": 5, ""first_critical_hit_step"": 12, ""window_end"": null, ""window_start"": null}"
ours_stage2_fair,11,stage2_ext_002_obj_0,semantic_balanced,episode_001,7,7012,48,Q2_user_action_during_critical_breach,high,Remove,User4,User,Impact,Op_Server0,"[""Op_Server0""]","[""Op_Server0""]","[""Enterprise2"", ""Op_Server0"", ""User0"", ""User3""]","[""Enterprise2"", ""Op_Server0"", ""User0"", ""User3""]","{""blue_first_relevant_response_after_critical"": 13, ""blue_first_relevant_response_after_enterprise"": 6, ""enterprise_foothold_step"": 5, ""first_critical_hit_step"": 12, ""window_end"": null, ""window_start"": null}"
ours_stage2_fair,11,stage2_ext_002_obj_0,semantic_balanced,episode_001,7,7012,54,Q2_user_action_during_critical_breach,high,DecoyVsftpd,User4,User,Impact,Op_Server0,"[""Op_Server0""]","[""Op_Server0""]","[""Op_Server0"", ""User0"", ""User3""]","[""Op_Server0"", ""User0"", ""User3""]","{""blue_first_relevant_response_after_critical"": 13, ""blue_first_relevant_response_after_enterprise"": 6, ""enterprise_foothold_step"": 5, ""first_critical_hit_step"": 12, ""window_end"": null, ""window_start"": null}"
ours_stage2_fair,11,stage2_ext_002_obj_0,semantic_balanced,episode_001,7,7012,56,Q2_user_action_during_critical_breach,high,Analyse,User2,User,Impact,Op_Server0,"[""Op_Server0""]","[""Op_Server0""]","[""Op_Server0"", ""User0"", ""User3""]","[""Op_Server0"", ""User0"", ""User3""]","{""blue_first_relevant_response_after_critical"": 13, ""blue_first_relevant_response_after_enterprise"": 6, ""enterprise_foothold_step"": 5, ""first_critical_hit_step"": 12, ""window_end"": null, ""window_start"": null}"
ours_stage2_fair,11,stage2_ext_002_obj_0,semantic_balanced,episode_001,7,7012,61,Q2_user_action_during_critical_breach,high,Remove,User4,User,Impact,Op_Server0,"[""Op_Server0""]","[""Op_Server0""]","[""Op_Server0"", ""User0"", ""User3""]","[""Op_Server0"", ""User0"", ""User3""]","{""blue_first_relevant_response_after_critical"": 13, ""blue_first_relevant_response_after_enterprise"": 6, ""enterprise_foothold_step"": 5, ""first_critical_hit_step"": 12, ""window_end"": null, ""window_start"": null}"
ours_stage2_fair,11,stage2_ext_002_obj_0,semantic_balanced,episode_001,7,7012,70,Q2_user_action_during_critical_breach,high,DecoySSHD,User0,User,Impact,Op_Server0,"[""Op_Server0""]","[""Op_Server0""]","[""Op_Server0"", ""User0"", ""User3""]","[""Op_Server0"", ""User0"", ""User3""]","{""blue_first_relevant_response_after_critical"": 13, ""blue_first_relevant_response_after_enterprise"": 6, ""enterprise_foothold_step"": 5, ""first_critical_hit_step"": 12, ""window_end"": null, ""window_start"": null}"
ours_stage2_fair,11,stage2_ext_002_obj_0,semantic_balanced,episode_001,7,7012,71,Q2_user_action_during_critical_breach,high,DecoyApache,User4,User,Impact,Op_Server0,"[""Op_Server0""]","[""Op_Server0""]","[""Op_Server0"", ""User0"", ""User3""]","[""Op_Server0"", ""User0"", ""User3""]","{""blue_first_relevant_response_after_critical"": 13, ""blue_first_relevant_response_after_enterprise"": 6, ""enterprise_foothold_step"": 5, ""first_critical_hit_step"": 12, ""window_end"": null, ""window_start"": null}"
ours_stage2_fair,11,stage2_ext_002_obj_0,semantic_balanced,episode_001,7,7012,83,Q2_user_action_during_critical_breach,high,DecoySSHD,User2,User,Impact,Op_Server0,"[""Op_Server0""]","[""Op_Server0""]","[""Enterprise2"", ""Op_Server0"", ""User0"", ""User3""]","[""Enterprise2"", ""Op_Server0"", ""User0"", ""User3""]","{""blue_first_relevant_response_after_critical"": 13, ""blue_first_relevant_response_after_enterprise"": 6, ""enterprise_foothold_step"": 5, ""first_critical_hit_step"": 12, ""window_end"": null, ""window_start"": null}"
ours_stage2_fair,11,stage2_ext_002_obj_0,semantic_balanced,episode_001,7,7012,87,Q2_user_action_during_critical_breach,high,DecoyHarakaSMPT,User2,User,Impact,Op_Server0,"[""Op_Server0""]","[""Op_Server0""]","[""Enterprise2"", ""Op_Server0"", ""User0"", ""User3""]","[""Enterprise2"", ""Op_Server0"", ""User0"", ""User3""]","{""blue_first_relevant_response_after_critical"": 13, ""blue_first_relevant_response_after_enterprise"": 6, ""enterprise_foothold_step"": 5, ""first_critical_hit_step"": 12, ""window_end"": null, ""window_start"": null}"
ours_stage2_fair,11,stage2_ext_002_obj_0,semantic_balanced,episode_001,7,7012,94,Q2_user_action_during_critical_breach,high,Remove,User0,User,Impact,Op_Server0,"[""Op_Server0""]","[""Op_Server0""]","[""Op_Server0"", ""User0"", ""User3""]","[""Op_Server0"", ""User0"", ""User3""]","{""blue_first_relevant_response_after_critical"": 13, ""blue_first_relevant_response_after_enterprise"": 6, ""enterprise_foothold_step"": 5, ""first_critical_hit_step"": 12, ""window_end"": null, ""window_start"": null}"
ours_stage2_fair,11,stage2_ext_002_obj_0,semantic_balanced,episode_001,7,7012,95,Q2_user_action_during_critical_breach,high,DecoySmss,User3,User,Impact,Op_Server0,"[""Op_Server0""]","[""Op_Server0""]","[""Op_Server0"", ""User0"", ""User3""]","[""Op_Server0"", ""User0"", ""User3""]","{""blue_first_relevant_response_after_critical"": 13, ""blue_first_relevant_response_after_enterprise"": 6, ""enterprise_foothold_step"": 5, ""first_critical_hit_step"": 12, ""window_end"": null, ""window_start"": null}"
ours_stage2_fair,11,stage2_ext_002_obj_0,semantic_balanced,episode_001,7,7012,99,Q2_user_action_during_critical_breach,high,Remove,User4,User,Impact,Op_Server0,"[""Op_Server0""]","[""Op_Server0""]","[""Op_Server0"", ""User0"", ""User3""]","[""Op_Server0"", ""User0"", ""User3""]","{""blue_first_relevant_response_after_critical"": 13, ""blue_first_relevant_response_after_enterprise"": 6, ""enterprise_foothold_step"": 5, ""first_critical_hit_step"": 12, ""window_end"": null, ""window_start"": null}"
ours_stage2_fair,11,stage2_ext_002_obj_0,semantic_balanced,episode_001,7,7012,46,Q4_user_focus_after_enterprise_foothold,medium,Remove,User2,User,Impact,Op_Server0,"[""Op_Server0""]","[""Op_Server0""]","[""Enterprise2"", ""Op_Server0"", ""User0"", ""User3""]","[""Enterprise2"", ""Op_Server0"", ""User0"", ""User3""]","{""blue_first_relevant_response_after_critical"": 13, ""blue_first_relevant_response_after_enterprise"": 6, ""enterprise_foothold_step"": 5, ""first_critical_hit_step"": 12, ""window_end"": 48, ""window_start"": 46}"
ours_stage2_fair,11,stage2_ext_002_obj_0,semantic_balanced,episode_002,0,13,26,Q2_user_action_during_critical_breach,high,DecoyHarakaSMPT,User2,User,Impact,Op_Server0,"[""Op_Server0""]","[""Op_Server0""]","[""Op_Server0"", ""User0"", ""User2""]","[""Op_Server0"", ""User0"", ""User2""]","{""blue_first_relevant_response_after_critical"": 13, ""blue_first_relevant_response_after_enterprise"": 7, ""enterprise_foothold_step"": 5, ""first_critical_hit_step"": 12, ""window_end"": null, ""window_start"": null}"
ours_stage2_fair,11,stage2_ext_002_obj_0,semantic_balanced,episode_002,0,13,29,Q2_user_action_during_critical_breach,high,DecoyHarakaSMPT,User2,User,Impact,Op_Server0,"[""Op_Server0""]","[""Op_Server0""]","[""Op_Server0"", ""User0"", ""User2""]","[""Op_Server0"", ""User0"", ""User2""]","{""blue_first_relevant_response_after_critical"": 13, ""blue_first_relevant_response_after_enterprise"": 7, ""enterprise_foothold_step"": 5, ""first_critical_hit_step"": 12, ""window_end"": null, ""window_start"": null}"
ours_stage2_fair,11,stage2_ext_002_obj_0,semantic_balanced,episode_002,0,13,30,Q2_user_action_during_critical_breach,high,Remove,User2,User,Impact,Op_Server0,"[""Op_Server0""]","[""Op_Server0""]","[""Op_Server0"", ""User0"", ""User2""]","[""Op_Server0"", ""User0"", ""User2""]","{""blue_first_relevant_response_after_critical"": 13, ""blue_first_relevant_response_after_enterprise"": 7, ""enterprise_foothold_step"": 5, ""first_critical_hit_step"": 12, ""window_end"": null, ""window_start"": null}"
ours_stage2_fair,11,stage2_ext_002_obj_0,semantic_balanced,episode_002,0,13,45,Q2_user_action_during_critical_breach,high,DecoyVsftpd,User4,User,Impact,Op_Server0,"[""Op_Server0""]","[""Op_Server0""]","[""Enterprise2"", ""Op_Server0"", ""User0"", ""User2""]","[""Enterprise2"", ""Op_Server0"", ""User0"", ""User2""]","{""blue_first_relevant_response_after_critical"": 13, ""blue_first_relevant_response_after_enterprise"": 7, ""enterprise_foothold_step"": 5, ""first_critical_hit_step"": 12, ""window_end"": null, ""window_start"": null}"
ours_stage2_fair,11,stage2_ext_002_obj_0,semantic_balanced,episode_002,0,13,47,Q2_user_action_during_critical_breach,high,DecoyApache,User3,User,Impact,Op_Server0,"[""Op_Server0""]","[""Op_Server0""]","[""Op_Server0"", ""User0"", ""User2""]","[""Op_Server0"", ""User0"", ""User2""]","{""blue_first_relevant_response_after_critical"": 13, ""blue_first_relevant_response_after_enterprise"": 7, ""enterprise_foothold_step"": 5, ""first_critical_hit_step"": 12, ""window_end"": null, ""window_start"": null}"
ours_stage2_fair,11,stage2_ext_002_obj_0,semantic_balanced,episode_002,0,13,50,Q2_user_action_during_critical_breach,high,DecoyHarakaSMPT,User2,User,Impact,Op_Server0,"[""Op_Server0""]","[""Op_Server0""]","[""Op_Server0"", ""User0"", ""User2""]","[""Op_Server0"", ""User0"", ""User2""]","{""blue_first_relevant_response_after_critical"": 13, ""blue_first_relevant_response_after_enterprise"": 7, ""enterprise_foothold_step"": 5, ""first_critical_hit_step"": 12, ""window_end"": null, ""window_start"": null}"
ours_stage2_fair,11,stage2_ext_002_obj_0,semantic_balanced,episode_002,0,13,52,Q2_user_action_during_critical_breach,high,DecoyApache,User1,User,Impact,Op_Server0,"[""Op_Server0""]","[""Op_Server0""]","[""Op_Server0"", ""User0"", ""User2""]","[""Op_Server0"", ""User0"", ""User2""]","{""blue_first_relevant_response_after_critical"": 13, ""blue_first_relevant_response_after_enterprise"": 7, ""enterprise_foothold_step"": 5, ""first_critical_hit_step"": 12, ""window_end"": null, ""window_start"": null}"
ours_stage2_fair,11,stage2_ext_002_obj_0,semantic_balanced,episode_002,0,13,56,Q2_user_action_during_critical_breach,high,Restore,User4,User,Impact,Op_Server0,"[""Op_Server0""]","[""Op_Server0""]","[""Op_Server0"", ""User0"", ""User2""]","[""Op_Server0"", ""User0"", ""User2""]","{""blue_first_relevant_response_after_critical"": 13, ""blue_first_relevant_response_after_enterprise"": 7, ""enterprise_foothold_step"": 5, ""first_critical_hit_step"": 12, ""window_end"": null, ""window_start"": null}"
ours_stage2_fair,11,stage2_ext_002_obj_0,semantic_balanced,episode_002,0,13,61,Q2_user_action_during_critical_breach,high,DecoyHarakaSMPT,User2,User,Impact,Op_Server0,"[""Op_Server0""]","[""Op_Server0""]","[""Op_Server0"", ""User0"", ""User2""]","[""Op_Server0"", ""User0"", ""User2""]","{""blue_first_relevant_response_after_critical"": 13, ""blue_first_relevant_response_after_enterprise"": 7, ""enterprise_foothold_step"": 5, ""first_critical_hit_step"": 12, ""window_end"": null, ""window_start"": null}"
ours_stage2_fair,11,stage2_ext_002_obj_0,semantic_balanced,episode_002,0,13,75,Q2_user_action_during_critical_breach,high,DecoySmss,User2,User,PrivilegeEscalate,Op_Server0,"[""Op_Server0""]","[""Op_Server0""]","[""Enterprise2"", ""Op_Server0"", ""User0"", ""User2""]","[""Enterprise2"", ""Op_Server0"", ""User0"", ""User2""]","{""blue_first_relevant_response_after_critical"": 13, ""blue_first_relevant_response_after_enterprise"": 7, ""enterprise_foothold_step"": 5, ""first_critical_hit_step"": 12, ""window_end"": null, ""window_start"": null}"
ours_stage2_fair,11,stage2_ext_002_obj_0,semantic_balanced,episode_002,0,13,82,Q2_user_action_during_critical_breach,high,DecoySSHD,User2,User,Impact,Op_Server0,"[""Op_Server0""]","[""Op_Server0""]","[""Op_Server0"", ""User0"", ""User2""]","[""Op_Server0"", ""User0"", ""User2""]","{""blue_first_relevant_response_after_critical"": 13, ""blue_first_relevant_response_after_enterprise"": 7, ""enterprise_foothold_step"": 5, ""first_critical_hit_step"": 12, ""window_end"": null, ""window_start"": null}"
ours_stage2_fair,11,stage2_ext_002_obj_0,semantic_balanced,episode_002,0,13,90,Q2_user_action_during_critical_breach,high,DecoyTomcat,User2,User,Impact,Op_Server0,"[""Op_Server0""]","[""Op_Server0""]","[""Op_Server0"", ""User0"", ""User2""]","[""Op_Server0"", ""User0"", ""User2""]","{""blue_first_relevant_response_after_critical"": 13, ""blue_first_relevant_response_after_enterprise"": 7, ""enterprise_foothold_step"": 5, ""first_critical_hit_step"": 12, ""window_end"": null, ""window_start"": null}"
ours_stage2_fair,11,stage2_ext_002_obj_0,semantic_balanced,episode_002,0,13,91,Q2_user_action_during_critical_breach,high,Remove,User2,User,Impact,Op_Server0,"[""Op_Server0""]","[""Op_Server0""]","[""Op_Server0"", ""User0"", ""User2""]","[""Op_Server0"", ""User0"", ""User2""]","{""blue_first_relevant_response_after_critical"": 13, ""blue_first_relevant_response_after_enterprise"": 7, ""enterprise_foothold_step"": 5, ""first_critical_hit_step"": 12, ""window_end"": null, ""window_start"": null}"
ours_stage2_fair,11,stage2_ext_002_obj_0,semantic_balanced,episode_002,1,1013,25,Q2_user_action_during_critical_breach,high,DecoyApache,User3,User,PrivilegeEscalate,Op_Server0,"[""Op_Server0""]","[""Op_Server0""]","[""Enterprise2"", ""Op_Server0"", ""User0"", ""User4""]","[""Enterprise2"", ""Op_Server0"", ""User0"", ""User4""]","{""blue_first_relevant_response_after_critical"": 13, ""blue_first_relevant_response_after_enterprise"": 7, ""enterprise_foothold_step"": 5, ""first_critical_hit_step"": 12, ""window_end"": null, ""window_start"": null}"
ours_stage2_fair,11,stage2_ext_002_obj_0,semantic_balanced,episode_002,1,1013,31,Q2_user_action_during_critical_breach,high,DecoyHarakaSMPT,User2,User,PrivilegeEscalate,Op_Server0,"[""Op_Server0""]","[""Op_Server0""]","[""Enterprise2"", ""Op_Server0"", ""User0"", ""User4""]","[""Enterprise2"", ""Op_Server0"", ""User0"", ""User4""]","{""blue_first_relevant_response_after_critical"": 13, ""blue_first_relevant_response_after_enterprise"": 7, ""enterprise_foothold_step"": 5, ""first_critical_hit_step"": 12, ""window_end"": null, ""window_start"": null}"
ours_stage2_fair,11,stage2_ext_002_obj_0,semantic_balanced,episode_002,1,1013,32,Q2_user_action_during_critical_breach,high,DecoyHarakaSMPT,User2,User,Impact,Op_Server0,"[""Op_Server0""]","[""Op_Server0""]","[""Enterprise2"", ""Op_Server0"", ""User0"", ""User4""]","[""Enterprise2"", ""Op_Server0"", ""User0"", ""User4""]","{""blue_first_relevant_response_after_critical"": 13, ""blue_first_relevant_response_after_enterprise"": 7, ""enterprise_foothold_step"": 5, ""first_critical_hit_step"": 12, ""window_end"": null, ""window_start"": null}"
ours_stage2_fair,11,stage2_ext_002_obj_0,semantic_balanced,episode_002,1,1013,33,Q2_user_action_during_critical_breach,high,DecoyHarakaSMPT,User2,User,Impact,Op_Server0,"[""Op_Server0""]","[""Op_Server0""]","[""Enterprise2"", ""Op_Server0"", ""User0"", ""User4""]","[""Enterprise2"", ""Op_Server0"", ""User0"", ""User4""]","{""blue_first_relevant_response_after_critical"": 13, ""blue_first_relevant_response_after_enterprise"": 7, ""enterprise_foothold_step"": 5, ""first_critical_hit_step"": 12, ""window_end"": null, ""window_start"": null}"
ours_stage2_fair,11,stage2_ext_002_obj_0,semantic_balanced,episode_002,1,1013,39,Q2_user_action_during_critical_breach,high,Remove,User2,User,Impact,Op_Server0,"[""Op_Server0""]","[""Op_Server0""]","[""Op_Server0"", ""User0"", ""User4""]","[""Op_Server0"", ""User0"", ""User4""]","{""blue_first_relevant_response_after_critical"": 13, ""blue_first_relevant_response_after_enterprise"": 7, ""enterprise_foothold_step"": 5, ""first_critical_hit_step"": 12, ""window_end"": null, ""window_start"": null}"
ours_stage2_fair,11,stage2_ext_002_obj_0,semantic_balanced,episode_002,1,1013,62,Q2_user_action_during_critical_breach,high,Restore,User1,User,Impact,Op_Server0,"[""Op_Server0""]","[""Op_Server0""]","[""Op_Server0"", ""User0"", ""User4""]","[""Op_Server0"", ""User0"", ""User4""]","{""blue_first_relevant_response_after_critical"": 13, ""blue_first_relevant_response_after_enterprise"": 7, ""enterprise_foothold_step"": 5, ""first_critical_hit_step"": 12, ""window_end"": null, ""window_start"": null}"
ours_stage2_fair,11,stage2_ext_002_obj_0,semantic_balanced,episode_002,1,1013,78,Q2_user_action_during_critical_breach,high,DecoyHarakaSMPT,User2,User,Impact,Op_Server0,"[""Op_Server0""]","[""Op_Server0""]","[""Op_Server0"", ""User0"", ""User4""]","[""Op_Server0"", ""User0"", ""User4""]","{""blue_first_relevant_response_after_critical"": 13, ""blue_first_relevant_response_after_enterprise"": 7, ""enterprise_foothold_step"": 5, ""first_critical_hit_step"": 12, ""window_end"": null, ""window_start"": null}"
ours_stage2_fair,11,stage2_ext_002_obj_0,semantic_balanced,episode_002,1,1013,30,Q4_user_focus_after_enterprise_foothold,medium,DecoyHarakaSMPT,User2,User,ExploitRemoteService,,[],"[""Op_Server0""]","[""Enterprise2"", ""User0"", ""User4""]","[""Enterprise2"", ""Op_Server0"", ""User0"", ""User4""]","{""blue_first_relevant_response_after_critical"": 13, ""blue_first_relevant_response_after_enterprise"": 7, ""enterprise_foothold_step"": 5, ""first_critical_hit_step"": 12, ""window_end"": 32, ""window_start"": 30}"
ours_stage2_fair,11,stage2_ext_002_obj_0,semantic_balanced,episode_002,1,1013,31,Q4_user_focus_after_enterprise_foothold,medium,DecoyHarakaSMPT,User2,User,PrivilegeEscalate,Op_Server0,"[""Op_Server0""]","[""Op_Server0""]","[""Enterprise2"", ""Op_Server0"", ""User0"", ""User4""]","[""Enterprise2"", ""Op_Server0"", ""User0"", ""User4""]","{""blue_first_relevant_response_after_critical"": 13, ""blue_first_relevant_response_after_enterprise"": 7, ""enterprise_foothold_step"": 5, ""first_critical_hit_step"": 12, ""window_end"": 33, ""window_start"": 31}"
ours_stage2_fair,11,stage2_ext_002_obj_0,semantic_balanced,episode_002,1,1013,82,Q4_user_focus_after_enterprise_foothold,medium,Remove,User2,User,ExploitRemoteService,,[],[],"[""User0"", ""User4""]","[""User0"", ""User4""]","{""blue_first_relevant_response_after_critical"": 13, ""blue_first_relevant_response_after_enterprise"": 7, ""enterprise_foothold_step"": 5, ""first_critical_hit_step"": 12, ""window_end"": 84, ""window_start"": 82}"
ours_stage2_fair,11,stage2_ext_002_obj_0,semantic_balanced,episode_002,1,1013,94,Q4_user_focus_after_enterprise_foothold,medium,Analyse,User2,User,ExploitRemoteService,,[],[],"[""User0"", ""User4""]","[""User0"", ""User4""]","{""blue_first_relevant_response_after_critical"": 13, ""blue_first_relevant_response_after_enterprise"": 7, ""enterprise_foothold_step"": 5, ""first_critical_hit_step"": 12, ""window_end"": 96, ""window_start"": 94}"
ours_stage2_fair,11,stage2_ext_002_obj_0,semantic_balanced,episode_002,1,1013,30,Q5_repeated_low_value_decoy_loop,medium,DecoyHarakaSMPT,User2,User,ExploitRemoteService,,[],"[""Op_Server0""]","[""Enterprise2"", ""User0"", ""User4""]","[""Enterprise2"", ""Op_Server0"", ""User0"", ""User4""]","{""blue_first_relevant_response_after_critical"": 13, ""blue_first_relevant_response_after_enterprise"": 7, ""enterprise_foothold_step"": 5, ""first_critical_hit_step"": 12, ""window_end"": 32, ""window_start"": 23}"
ours_stage2_fair,11,stage2_ext_002_obj_0,semantic_balanced,episode_002,2,2013,26,Q2_user_action_during_critical_breach,high,DecoyVsftpd,User4,User,PrivilegeEscalate,Op_Server0,"[""Op_Server0""]","[""Op_Server0""]","[""Enterprise2"", ""Op_Server0"", ""User0"", ""User3""]","[""Enterprise2"", ""Op_Server0"", ""User0"", ""User3""]","{""blue_first_relevant_response_after_critical"": 16, ""blue_first_relevant_response_after_enterprise"": 6, ""enterprise_foothold_step"": 5, ""first_critical_hit_step"": 12, ""window_end"": null, ""window_start"": null}"
ours_stage2_fair,11,stage2_ext_002_obj_0,semantic_balanced,episode_002,2,2013,29,Q2_user_action_during_critical_breach,high,Remove,User2,User,Impact,Op_Server0,"[""Op_Server0""]","[""Op_Server0""]","[""Enterprise2"", ""Op_Server0"", ""User0"", ""User3""]","[""Enterprise2"", ""Op_Server0"", ""User0"", ""User3""]","{""blue_first_relevant_response_after_critical"": 16, ""blue_first_relevant_response_after_enterprise"": 6, ""enterprise_foothold_step"": 5, ""first_critical_hit_step"": 12, ""window_end"": null, ""window_start"": null}"
ours_stage2_fair,11,stage2_ext_002_obj_0,semantic_balanced,episode_002,2,2013,41,Q2_user_action_during_critical_breach,high,Remove,User4,User,Impact,Op_Server0,"[""Op_Server0""]","[""Op_Server0""]","[""Enterprise2"", ""Op_Server0"", ""User0"", ""User3""]","[""Enterprise2"", ""Op_Server0"", ""User0"", ""User3""]","{""blue_first_relevant_response_after_critical"": 16, ""blue_first_relevant_response_after_enterprise"": 6, ""enterprise_foothold_step"": 5, ""first_critical_hit_step"": 12, ""window_end"": null, ""window_start"": null}"
ours_stage2_fair,11,stage2_ext_002_obj_0,semantic_balanced,episode_002,2,2013,46,Q2_user_action_during_critical_breach,high,Analyse,User0,User,Impact,Op_Server0,"[""Op_Server0""]","[""Op_Server0""]","[""Enterprise2"", ""Op_Server0"", ""User0"", ""User3""]","[""Enterprise2"", ""Op_Server0"", ""User0"", ""User3""]","{""blue_first_relevant_response_after_critical"": 16, ""blue_first_relevant_response_after_enterprise"": 6, ""enterprise_foothold_step"": 5, ""first_critical_hit_step"": 12, ""window_end"": null, ""window_start"": null}"
ours_stage2_fair,11,stage2_ext_002_obj_0,semantic_balanced,episode_002,2,2013,72,Q2_user_action_during_critical_breach,high,Remove,User4,User,Impact,Op_Server0,"[""Op_Server0""]","[""Op_Server0""]","[""Op_Server0"", ""User0"", ""User3""]","[""Op_Server0"", ""User0"", ""User3""]","{""blue_first_relevant_response_after_critical"": 16, ""blue_first_relevant_response_after_enterprise"": 6, ""enterprise_foothold_step"": 5, ""first_critical_hit_step"": 12, ""window_end"": null, ""window_start"": null}"
ours_stage2_fair,11,stage2_ext_002_obj_0,semantic_balanced,episode_002,2,2013,76,Q2_user_action_during_critical_breach,high,DecoySSHD,User2,User,Impact,Op_Server0,"[""Op_Server0""]","[""Op_Server0""]","[""Op_Server0"", ""User0"", ""User3""]","[""Op_Server0"", ""User0"", ""User3""]","{""blue_first_relevant_response_after_critical"": 16, ""blue_first_relevant_response_after_enterprise"": 6, ""enterprise_foothold_step"": 5, ""first_critical_hit_step"": 12, ""window_end"": null, ""window_start"": null}"
ours_stage2_fair,11,stage2_ext_002_obj_0,semantic_balanced,episode_002,2,2013,77,Q2_user_action_during_critical_breach,high,Remove,User4,User,Impact,Op_Server0,"[""Op_Server0""]","[""Op_Server0""]","[""Op_Server0"", ""User0"", ""User3""]","[""Op_Server0"", ""User0"", ""User3""]","{""blue_first_relevant_response_after_critical"": 16, ""blue_first_relevant_response_after_enterprise"": 6, ""enterprise_foothold_step"": 5, ""first_critical_hit_step"": 12, ""window_end"": null, ""window_start"": null}"
ours_stage2_fair,11,stage2_ext_002_obj_0,semantic_balanced,episode_002,2,2013,12,Q3_missed_immediate_response_to_critical_hit,high,DecoySSHD,User2,User,ExploitRemoteService,,[],"[""Op_Server0""]","[""Enterprise2"", ""User0"", ""User3""]","[""Enterprise2"", ""Op_Server0"", ""User0"", ""User3""]","{""blue_first_relevant_response_after_critical"": 16, ""blue_first_relevant_response_after_enterprise"": 6, ""enterprise_foothold_step"": 5, ""first_critical_hit_step"": 12, ""window_end"": 15, ""window_start"": 13}"
ours_stage2_fair,11,stage2_ext_002_obj_0,semantic_balanced,episode_002,3,3013,18,Q2_user_action_during_critical_breach,high,DecoySmss,User2,User,Impact,Op_Server0,"[""Op_Server0""]","[""Op_Server0""]","[""Enterprise0"", ""Op_Server0"", ""User0"", ""User4""]","[""Enterprise0"", ""Op_Server0"", ""User0"", ""User4""]","{""blue_first_relevant_response_after_critical"": 17, ""blue_first_relevant_response_after_enterprise"": 6, ""enterprise_foothold_step"": 5, ""first_critical_hit_step"": 16, ""window_end"": null, ""window_start"": null}"
ours_stage2_fair,11,stage2_ext_002_obj_0,semantic_balanced,episode_002,3,3013,20,Q2_user_action_during_critical_breach,high,DecoyTomcat,User2,User,Impact,Op_Server0,"[""Op_Server0""]","[""Op_Server0""]","[""Enterprise0"", ""Op_Server0"", ""User0"", ""User4""]","[""Enterprise0"", ""Op_Server0"", ""User0"", ""User4""]","{""blue_first_relevant_response_after_critical"": 17, ""blue_first_relevant_response_after_enterprise"": 6, ""enterprise_foothold_step"": 5, ""first_critical_hit_step"": 16, ""window_end"": null, ""window_start"": null}"
ours_stage2_fair,11,stage2_ext_002_obj_0,semantic_balanced,episode_002,3,3013,25,Q2_user_action_during_critical_breach,high,Remove,User4,User,Impact,Op_Server0,"[""Op_Server0""]","[""Op_Server0""]","[""Enterprise0"", ""Op_Server0"", ""User0"", ""User4""]","[""Enterprise0"", ""Op_Server0"", ""User0"", ""User4""]","{""blue_first_relevant_response_after_critical"": 17, ""blue_first_relevant_response_after_enterprise"": 6, ""enterprise_foothold_step"": 5, ""first_critical_hit_step"": 16, ""window_end"": null, ""window_start"": null}"
ours_stage2_fair,11,stage2_ext_002_obj_0,semantic_balanced,episode_002,3,3013,28,Q2_user_action_during_critical_breach,high,DecoyVsftpd,User0,User,Impact,Op_Server0,"[""Op_Server0""]","[""Op_Server0""]","[""Enterprise0"", ""Op_Server0"", ""User0"", ""User4""]","[""Enterprise0"", ""Op_Server0"", ""User0"", ""User4""]","{""blue_first_relevant_response_after_critical"": 17, ""blue_first_relevant_response_after_enterprise"": 6, ""enterprise_foothold_step"": 5, ""first_critical_hit_step"": 16, ""window_end"": null, ""window_start"": null}"
ours_stage2_fair,11,stage2_ext_002_obj_0,semantic_balanced,episode_002,3,3013,34,Q2_user_action_during_critical_breach,high,Analyse,User2,User,Impact,Op_Server0,"[""Op_Server0""]","[""Op_Server0""]","[""Enterprise0"", ""Op_Server0"", ""User0"", ""User4""]","[""Enterprise0"", ""Op_Server0"", ""User0"", ""User4""]","{""blue_first_relevant_response_after_critical"": 17, ""blue_first_relevant_response_after_enterprise"": 6, ""enterprise_foothold_step"": 5, ""first_critical_hit_step"": 16, ""window_end"": null, ""window_start"": null}"
ours_stage2_fair,11,stage2_ext_002_obj_0,semantic_balanced,episode_002,3,3013,43,Q2_user_action_during_critical_breach,high,DecoyHarakaSMPT,User2,User,Impact,Op_Server0,"[""Op_Server0""]","[""Op_Server0""]","[""Enterprise0"", ""Op_Server0"", ""User0"", ""User4""]","[""Enterprise0"", ""Op_Server0"", ""User0"", ""User4""]","{""blue_first_relevant_response_after_critical"": 17, ""blue_first_relevant_response_after_enterprise"": 6, ""enterprise_foothold_step"": 5, ""first_critical_hit_step"": 16, ""window_end"": null, ""window_start"": null}"
ours_stage2_fair,11,stage2_ext_002_obj_0,semantic_balanced,episode_002,3,3013,45,Q2_user_action_during_critical_breach,high,DecoyHarakaSMPT,User4,User,Impact,Op_Server0,"[""Op_Server0""]","[""Op_Server0""]","[""Enterprise0"", ""Op_Server0"", ""User0"", ""User4""]","[""Enterprise0"", ""Op_Server0"", ""User0"", ""User4""]","{""blue_first_relevant_response_after_critical"": 17, ""blue_first_relevant_response_after_enterprise"": 6, ""enterprise_foothold_step"": 5, ""first_critical_hit_step"": 16, ""window_end"": null, ""window_start"": null}"
ours_stage2_fair,11,stage2_ext_002_obj_0,semantic_balanced,episode_002,3,3013,54,Q2_user_action_during_critical_breach,high,DecoyHarakaSMPT,User2,User,Impact,Op_Server0,"[""Op_Server0""]","[""Op_Server0""]","[""Enterprise0"", ""Op_Server0"", ""User0"", ""User4""]","[""Enterprise0"", ""Op_Server0"", ""User0"", ""User4""]","{""blue_first_relevant_response_after_critical"": 17, ""blue_first_relevant_response_after_enterprise"": 6, ""enterprise_foothold_step"": 5, ""first_critical_hit_step"": 16, ""window_end"": null, ""window_start"": null}"
ours_stage2_fair,11,stage2_ext_002_obj_0,semantic_balanced,episode_002,3,3013,55,Q2_user_action_during_critical_breach,high,Analyse,User0,User,Impact,Op_Server0,"[""Op_Server0""]","[""Op_Server0""]","[""Enterprise0"", ""Op_Server0"", ""User0"", ""User4""]","[""Enterprise0"", ""Op_Server0"", ""User0"", ""User4""]","{""blue_first_relevant_response_after_critical"": 17, ""blue_first_relevant_response_after_enterprise"": 6, ""enterprise_foothold_step"": 5, ""first_critical_hit_step"": 16, ""window_end"": null, ""window_start"": null}"
ours_stage2_fair,11,stage2_ext_002_obj_0,semantic_balanced,episode_002,3,3013,58,Q2_user_action_during_critical_breach,high,Remove,User2,User,Impact,Op_Server0,"[""Op_Server0""]","[""Op_Server0""]","[""Enterprise0"", ""Op_Server0"", ""User0"", ""User4""]","[""Enterprise0"", ""Op_Server0"", ""User0"", ""User4""]","{""blue_first_relevant_response_after_critical"": 17, ""blue_first_relevant_response_after_enterprise"": 6, ""enterprise_foothold_step"": 5, ""first_critical_hit_step"": 16, ""window_end"": null, ""window_start"": null}"
ours_stage2_fair,11,stage2_ext_002_obj_0,semantic_balanced,episode_002,3,3013,67,Q2_user_action_during_critical_breach,high,Analyse,User0,User,Impact,Op_Server0,"[""Op_Server0""]","[""Op_Server0""]","[""Enterprise0"", ""Op_Server0"", ""User0"", ""User4""]","[""Enterprise0"", ""Op_Server0"", ""User0"", ""User4""]","{""blue_first_relevant_response_after_critical"": 17, ""blue_first_relevant_response_after_enterprise"": 6, ""enterprise_foothold_step"": 5, ""first_critical_hit_step"": 16, ""window_end"": null, ""window_start"": null}"
ours_stage2_fair,11,stage2_ext_002_obj_0,semantic_balanced,episode_002,3,3013,69,Q2_user_action_during_critical_breach,high,Restore,User1,User,Impact,Op_Server0,"[""Op_Server0""]","[""Op_Server0""]","[""Enterprise0"", ""Op_Server0"", ""User0"", ""User4""]","[""Enterprise0"", ""Op_Server0"", ""User0"", ""User4""]","{""blue_first_relevant_response_after_critical"": 17, ""blue_first_relevant_response_after_enterprise"": 6, ""enterprise_foothold_step"": 5, ""first_critical_hit_step"": 16, ""window_end"": null, ""window_start"": null}"
ours_stage2_fair,11,stage2_ext_002_obj_0,semantic_balanced,episode_002,3,3013,74,Q2_user_action_during_critical_breach,high,DecoySmss,User3,User,Impact,Op_Server0,"[""Op_Server0""]","[""Op_Server0""]","[""Op_Server0"", ""User0"", ""User4""]","[""Op_Server0"", ""User0"", ""User4""]","{""blue_first_relevant_response_after_critical"": 17, ""blue_first_relevant_response_after_enterprise"": 6, ""enterprise_foothold_step"": 5, ""first_critical_hit_step"": 16, ""window_end"": null, ""window_start"": null}"
ours_stage2_fair,11,stage2_ext_002_obj_0,semantic_balanced,episode_002,3,3013,77,Q2_user_action_during_critical_breach,high,Remove,User0,User,Impact,Op_Server0,"[""Op_Server0""]","[""Op_Server0""]","[""Op_Server0"", ""User0"", ""User4""]","[""Op_Server0"", ""User0"", ""User4""]","{""blue_first_relevant_response_after_critical"": 17, ""blue_first_relevant_response_after_enterprise"": 6, ""enterprise_foothold_step"": 5, ""first_critical_hit_step"": 16, ""window_end"": null, ""window_start"": null}"
ours_stage2_fair,11,stage2_ext_002_obj_0,semantic_balanced,episode_002,3,3013,80,Q2_user_action_during_critical_breach,high,Remove,User0,User,Impact,Op_Server0,"[""Op_Server0""]","[""Op_Server0""]","[""Op_Server0"", ""User0"", ""User4""]","[""Op_Server0"", ""User0"", ""User4""]","{""blue_first_relevant_response_after_critical"": 17, ""blue_first_relevant_response_after_enterprise"": 6, ""enterprise_foothold_step"": 5, ""first_critical_hit_step"": 16, ""window_end"": null, ""window_start"": null}"
ours_stage2_fair,11,stage2_ext_002_obj_0,semantic_balanced,episode_002,3,3013,91,Q2_user_action_during_critical_breach,high,DecoyHarakaSMPT,User2,User,Impact,Op_Server0,"[""Op_Server0""]","[""Op_Server0""]","[""Op_Server0"", ""User0"", ""User4""]","[""Op_Server0"", ""User0"", ""User4""]","{""blue_first_relevant_response_after_critical"": 17, ""blue_first_relevant_response_after_enterprise"": 6, ""enterprise_foothold_step"": 5, ""first_critical_hit_step"": 16, ""window_end"": null, ""window_start"": null}"
ours_stage2_fair,11,stage2_ext_002_obj_0,semantic_balanced,episode_002,3,3013,94,Q2_user_action_during_critical_breach,high,Remove,User2,User,Impact,Op_Server0,"[""Op_Server0""]","[""Op_Server0""]","[""Op_Server0"", ""User0"", ""User4""]","[""Op_Server0"", ""User0"", ""User4""]","{""blue_first_relevant_response_after_critical"": 17, ""blue_first_relevant_response_after_enterprise"": 6, ""enterprise_foothold_step"": 5, ""first_critical_hit_step"": 16, ""window_end"": null, ""window_start"": null}"
ours_stage2_fair,11,stage2_ext_002_obj_0,semantic_balanced,episode_002,4,4013,26,Q2_user_action_during_critical_breach,high,Analyse,User4,User,Impact,Op_Server0,"[""Op_Server0""]","[""Op_Server0""]","[""Enterprise0"", ""Op_Server0"", ""User0"", ""User3""]","[""Enterprise0"", ""Op_Server0"", ""User0"", ""User3""]","{""blue_first_relevant_response_after_critical"": 22, ""blue_first_relevant_response_after_enterprise"": 6, ""enterprise_foothold_step"": 5, ""first_critical_hit_step"": 20, ""window_end"": null, ""window_start"": null}"
ours_stage2_fair,11,stage2_ext_002_obj_0,semantic_balanced,episode_002,4,4013,43,Q2_user_action_during_critical_breach,high,DecoyApache,User3,User,Impact,Op_Server0,"[""Op_Server0""]","[""Op_Server0""]","[""Op_Server0"", ""User0"", ""User3""]","[""Op_Server0"", ""User0"", ""User3""]","{""blue_first_relevant_response_after_critical"": 22, ""blue_first_relevant_response_after_enterprise"": 6, ""enterprise_foothold_step"": 5, ""first_critical_hit_step"": 20, ""window_end"": null, ""window_start"": null}"
ours_stage2_fair,11,stage2_ext_002_obj_0,semantic_balanced,episode_002,4,4013,44,Q2_user_action_during_critical_breach,high,DecoySSHD,User2,User,Impact,Op_Server0,"[""Op_Server0""]","[""Op_Server0""]","[""Op_Server0"", ""User0"", ""User3""]","[""Op_Server0"", ""User0"", ""User3""]","{""blue_first_relevant_response_after_critical"": 22, ""blue_first_relevant_response_after_enterprise"": 6, ""enterprise_foothold_step"": 5, ""first_critical_hit_step"": 20, ""window_end"": null, ""window_start"": null}"
ours_stage2_fair,11,stage2_ext_002_obj_0,semantic_balanced,episode_002,4,4013,73,Q2_user_action_during_critical_breach,high,Restore,User2,User,Impact,Op_Server0,"[""Op_Server0""]","[""Op_Server0""]","[""Op_Server0"", ""User0"", ""User3""]","[""Op_Server0"", ""User0"", ""User3""]","{""blue_first_relevant_response_after_critical"": 22, ""blue_first_relevant_response_after_enterprise"": 6, ""enterprise_foothold_step"": 5, ""first_critical_hit_step"": 20, ""window_end"": null, ""window_start"": null}"
ours_stage2_fair,11,stage2_ext_002_obj_0,semantic_balanced,episode_002,4,4013,99,Q2_user_action_during_critical_breach,high,DecoySmss,User3,User,PrivilegeEscalate,Op_Server0,"[""Op_Server0""]","[""Op_Server0""]","[""Enterprise2"", ""Op_Server0"", ""User0"", ""User3""]","[""Enterprise2"", ""Op_Server0"", ""User0"", ""User3""]","{""blue_first_relevant_response_after_critical"": 22, ""blue_first_relevant_response_after_enterprise"": 6, ""enterprise_foothold_step"": 5, ""first_critical_hit_step"": 20, ""window_end"": null, ""window_start"": null}"
ours_stage2_fair,11,stage2_ext_002_obj_0,semantic_balanced,episode_002,4,4013,95,Q4_user_focus_after_enterprise_foothold,medium,Remove,User2,User,ExploitRemoteService,,[],[],"[""User0"", ""User3""]","[""Enterprise2"", ""User0"", ""User3""]","{""blue_first_relevant_response_after_critical"": 22, ""blue_first_relevant_response_after_enterprise"": 6, ""enterprise_foothold_step"": 5, ""first_critical_hit_step"": 20, ""window_end"": 97, ""window_start"": 95}"
ours_stage2_fair,11,stage2_ext_002_obj_0,semantic_balanced,episode_002,5,5013,35,Q2_user_action_during_critical_breach,high,Remove,User2,User,Impact,Op_Server0,"[""Op_Server0""]","[""Op_Server0""]","[""Enterprise1"", ""Op_Server0"", ""User0"", ""User2""]","[""Enterprise1"", ""Op_Server0"", ""User0"", ""User2""]","{""blue_first_relevant_response_after_critical"": 27, ""blue_first_relevant_response_after_enterprise"": 6, ""enterprise_foothold_step"": 5, ""first_critical_hit_step"": 26, ""window_end"": null, ""window_start"": null}"
ours_stage2_fair,11,stage2_ext_002_obj_0,semantic_balanced,episode_002,5,5013,36,Q2_user_action_during_critical_breach,high,DecoyHarakaSMPT,User2,User,Impact,Op_Server0,"[""Op_Server0""]","[""Op_Server0""]","[""Enterprise1"", ""Op_Server0"", ""User0"", ""User2""]","[""Enterprise1"", ""Op_Server0"", ""User0"", ""User2""]","{""blue_first_relevant_response_after_critical"": 27, ""blue_first_relevant_response_after_enterprise"": 6, ""enterprise_foothold_step"": 5, ""first_critical_hit_step"": 26, ""window_end"": null, ""window_start"": null}"
ours_stage2_fair,11,stage2_ext_002_obj_0,semantic_balanced,episode_002,5,5013,37,Q2_user_action_during_critical_breach,high,DecoySmss,User2,User,Impact,Op_Server0,"[""Op_Server0""]","[""Op_Server0""]","[""Enterprise1"", ""Op_Server0"", ""User0"", ""User2""]","[""Enterprise1"", ""Op_Server0"", ""User0"", ""User2""]","{""blue_first_relevant_response_after_critical"": 27, ""blue_first_relevant_response_after_enterprise"": 6, ""enterprise_foothold_step"": 5, ""first_critical_hit_step"": 26, ""window_end"": null, ""window_start"": null}"
ours_stage2_fair,11,stage2_ext_002_obj_0,semantic_balanced,episode_002,5,5013,45,Q2_user_action_during_critical_breach,high,DecoyHarakaSMPT,User2,User,Impact,Op_Server0,"[""Op_Server0""]","[""Op_Server0""]","[""Enterprise1"", ""Op_Server0"", ""User0"", ""User2""]","[""Enterprise1"", ""Op_Server0"", ""User0"", ""User2""]","{""blue_first_relevant_response_after_critical"": 27, ""blue_first_relevant_response_after_enterprise"": 6, ""enterprise_foothold_step"": 5, ""first_critical_hit_step"": 26, ""window_end"": null, ""window_start"": null}"
ours_stage2_fair,11,stage2_ext_002_obj_0,semantic_balanced,episode_002,5,5013,49,Q2_user_action_during_critical_breach,high,DecoyHarakaSMPT,User2,User,Impact,Op_Server0,"[""Op_Server0""]","[""Op_Server0""]","[""Enterprise1"", ""Op_Server0"", ""User0"", ""User2""]","[""Enterprise1"", ""Op_Server0"", ""User0"", ""User2""]","{""blue_first_relevant_response_after_critical"": 27, ""blue_first_relevant_response_after_enterprise"": 6, ""enterprise_foothold_step"": 5, ""first_critical_hit_step"": 26, ""window_end"": null, ""window_start"": null}"
ours_stage2_fair,11,stage2_ext_002_obj_0,semantic_balanced,episode_002,5,5013,52,Q2_user_action_during_critical_breach,high,DecoyHarakaSMPT,User2,User,Impact,Op_Server0,"[""Op_Server0""]","[""Op_Server0""]","[""Enterprise1"", ""Op_Server0"", ""User0"", ""User2""]","[""Enterprise1"", ""Op_Server0"", ""User0"", ""User2""]","{""blue_first_relevant_response_after_critical"": 27, ""blue_first_relevant_response_after_enterprise"": 6, ""enterprise_foothold_step"": 5, ""first_critical_hit_step"": 26, ""window_end"": null, ""window_start"": null}"
ours_stage2_fair,11,stage2_ext_002_obj_0,semantic_balanced,episode_002,5,5013,56,Q2_user_action_during_critical_breach,high,DecoyHarakaSMPT,User2,User,PrivilegeEscalate,Op_Server0,"[""Op_Server0""]","[""Op_Server0""]","[""Enterprise1"", ""Op_Server0"", ""User0"", ""User2""]","[""Enterprise1"", ""Op_Server0"", ""User0"", ""User2""]","{""blue_first_relevant_response_after_critical"": 27, ""blue_first_relevant_response_after_enterprise"": 6, ""enterprise_foothold_step"": 5, ""first_critical_hit_step"": 26, ""window_end"": null, ""window_start"": null}"
ours_stage2_fair,11,stage2_ext_002_obj_0,semantic_balanced,episode_002,5,5013,66,Q2_user_action_during_critical_breach,high,DecoySSHD,User2,User,Impact,Op_Server0,"[""Op_Server0""]","[""Op_Server0""]","[""Enterprise1"", ""Op_Server0"", ""User0"", ""User2""]","[""Enterprise1"", ""Op_Server0"", ""User0"", ""User2""]","{""blue_first_relevant_response_after_critical"": 27, ""blue_first_relevant_response_after_enterprise"": 6, ""enterprise_foothold_step"": 5, ""first_critical_hit_step"": 26, ""window_end"": null, ""window_start"": null}"
ours_stage2_fair,11,stage2_ext_002_obj_0,semantic_balanced,episode_002,5,5013,72,Q2_user_action_during_critical_breach,high,Remove,User2,User,Impact,Op_Server0,"[""Op_Server0""]","[""Op_Server0""]","[""Op_Server0"", ""User0"", ""User2""]","[""Op_Server0"", ""User0"", ""User2""]","{""blue_first_relevant_response_after_critical"": 27, ""blue_first_relevant_response_after_enterprise"": 6, ""enterprise_foothold_step"": 5, ""first_critical_hit_step"": 26, ""window_end"": null, ""window_start"": null}"
ours_stage2_fair,11,stage2_ext_002_obj_0,semantic_balanced,episode_002,5,5013,75,Q2_user_action_during_critical_breach,high,DecoyTomcat,User3,User,Impact,Op_Server0,"[""Op_Server0""]","[""Op_Server0""]","[""Op_Server0"", ""User0"", ""User2""]","[""Op_Server0"", ""User0"", ""User2""]","{""blue_first_relevant_response_after_critical"": 27, ""blue_first_relevant_response_after_enterprise"": 6, ""enterprise_foothold_step"": 5, ""first_critical_hit_step"": 26, ""window_end"": null, ""window_start"": null}"
ours_stage2_fair,11,stage2_ext_002_obj_0,semantic_balanced,episode_002,5,5013,77,Q2_user_action_during_critical_breach,high,DecoyHarakaSMPT,User2,User,Impact,Op_Server0,"[""Op_Server0""]","[""Op_Server0""]","[""Op_Server0"", ""User0"", ""User2""]","[""Op_Server0"", ""User0"", ""User2""]","{""blue_first_relevant_response_after_critical"": 27, ""blue_first_relevant_response_after_enterprise"": 6, ""enterprise_foothold_step"": 5, ""first_critical_hit_step"": 26, ""window_end"": null, ""window_start"": null}"
ours_stage2_fair,11,stage2_ext_002_obj_0,semantic_balanced,episode_002,5,5013,92,Q2_user_action_during_critical_breach,high,DecoyVsftpd,User4,User,Impact,Op_Server0,"[""Op_Server0""]","[""Op_Server0""]","[""Op_Server0"", ""User0"", ""User2""]","[""Op_Server0"", ""User0"", ""User2""]","{""blue_first_relevant_response_after_critical"": 27, ""blue_first_relevant_response_after_enterprise"": 6, ""enterprise_foothold_step"": 5, ""first_critical_hit_step"": 26, ""window_end"": null, ""window_start"": null}"
ours_stage2_fair,11,stage2_ext_002_obj_0,semantic_balanced,episode_002,5,5013,35,Q4_user_focus_after_enterprise_foothold,medium,Remove,User2,User,Impact,Op_Server0,"[""Op_Server0""]","[""Op_Server0""]","[""Enterprise1"", ""Op_Server0"", ""User0"", ""User2""]","[""Enterprise1"", ""Op_Server0"", ""User0"", ""User2""]","{""blue_first_relevant_response_after_critical"": 27, ""blue_first_relevant_response_after_enterprise"": 6, ""enterprise_foothold_step"": 5, ""first_critical_hit_step"": 26, ""window_end"": 37, ""window_start"": 35}"
ours_stage2_fair,11,stage2_ext_002_obj_0,semantic_balanced,episode_002,5,5013,45,Q5_repeated_low_value_decoy_loop,medium,DecoyHarakaSMPT,User2,User,Impact,Op_Server0,"[""Op_Server0""]","[""Op_Server0""]","[""Enterprise1"", ""Op_Server0"", ""User0"", ""User2""]","[""Enterprise1"", ""Op_Server0"", ""User0"", ""User2""]","{""blue_first_relevant_response_after_critical"": 27, ""blue_first_relevant_response_after_enterprise"": 6, ""enterprise_foothold_step"": 5, ""first_critical_hit_step"": 26, ""window_end"": 52, ""window_start"": 43}"
ours_stage2_fair,11,stage2_ext_002_obj_0,semantic_balanced,episode_002,6,6013,19,Q2_user_action_during_critical_breach,high,DecoyHarakaSMPT,User2,User,Impact,Op_Server0,"[""Op_Server0""]","[""Op_Server0""]","[""Op_Server0"", ""User0"", ""User2""]","[""Op_Server0"", ""User0"", ""User2""]","{""blue_first_relevant_response_after_critical"": 14, ""blue_first_relevant_response_after_enterprise"": 9, ""enterprise_foothold_step"": 5, ""first_critical_hit_step"": 12, ""window_end"": null, ""window_start"": null}"
ours_stage2_fair,11,stage2_ext_002_obj_0,semantic_balanced,episode_002,6,6013,21,Q2_user_action_during_critical_breach,high,DecoySSHD,User2,User,Impact,Op_Server0,"[""Op_Server0""]","[""Op_Server0""]","[""Op_Server0"", ""User0"", ""User2""]","[""Op_Server0"", ""User0"", ""User2""]","{""blue_first_relevant_response_after_critical"": 14, ""blue_first_relevant_response_after_enterprise"": 9, ""enterprise_foothold_step"": 5, ""first_critical_hit_step"": 12, ""window_end"": null, ""window_start"": null}"
ours_stage2_fair,11,stage2_ext_002_obj_0,semantic_balanced,episode_002,6,6013,24,Q2_user_action_during_critical_breach,high,DecoyVsftpd,User4,User,Impact,Op_Server0,"[""Op_Server0""]","[""Op_Server0""]","[""Op_Server0"", ""User0"", ""User2""]","[""Op_Server0"", ""User0"", ""User2""]","{""blue_first_relevant_response_after_critical"": 14, ""blue_first_relevant_response_after_enterprise"": 9, ""enterprise_foothold_step"": 5, ""first_critical_hit_step"": 12, ""window_end"": null, ""window_start"": null}"
ours_stage2_fair,11,stage2_ext_002_obj_0,semantic_balanced,episode_002,6,6013,58,Q2_user_action_during_critical_breach,high,Remove,User2,User,Impact,Op_Server0,"[""Op_Server0""]","[""Op_Server0""]","[""Enterprise2"", ""Op_Server0"", ""User0"", ""User2""]","[""Enterprise2"", ""Op_Server0"", ""User0"", ""User2""]","{""blue_first_relevant_response_after_critical"": 14, ""blue_first_relevant_response_after_enterprise"": 9, ""enterprise_foothold_step"": 5, ""first_critical_hit_step"": 12, ""window_end"": null, ""window_start"": null}"
ours_stage2_fair,11,stage2_ext_002_obj_0,semantic_balanced,episode_002,6,6013,60,Q2_user_action_during_critical_breach,high,Restore,User2,User,Impact,Op_Server0,"[""Op_Server0""]","[""Op_Server0""]","[""Op_Server0"", ""User0"", ""User2""]","[""Op_Server0"", ""User0""]","{""blue_first_relevant_response_after_critical"": 14, ""blue_first_relevant_response_after_enterprise"": 9, ""enterprise_foothold_step"": 5, ""first_critical_hit_step"": 12, ""window_end"": null, ""window_start"": null}"
ours_stage2_fair,11,stage2_ext_002_obj_0,semantic_balanced,episode_002,6,6013,82,Q2_user_action_during_critical_breach,high,Remove,User4,User,Impact,Op_Server0,"[""Op_Server0""]","[""Op_Server0""]","[""Enterprise2"", ""Op_Server0"", ""User0""]","[""Enterprise2"", ""Op_Server0"", ""User0""]","{""blue_first_relevant_response_after_critical"": 14, ""blue_first_relevant_response_after_enterprise"": 9, ""enterprise_foothold_step"": 5, ""first_critical_hit_step"": 12, ""window_end"": null, ""window_start"": null}"
ours_stage2_fair,11,stage2_ext_002_obj_0,semantic_balanced,episode_002,6,6013,83,Q2_user_action_during_critical_breach,high,Analyse,User0,User,Impact,Op_Server0,"[""Op_Server0""]","[""Op_Server0""]","[""Enterprise2"", ""Op_Server0"", ""User0""]","[""Enterprise2"", ""Op_Server0"", ""User0""]","{""blue_first_relevant_response_after_critical"": 14, ""blue_first_relevant_response_after_enterprise"": 9, ""enterprise_foothold_step"": 5, ""first_critical_hit_step"": 12, ""window_end"": null, ""window_start"": null}"
ours_stage2_fair,11,stage2_ext_002_obj_0,semantic_balanced,episode_002,6,6013,87,Q2_user_action_during_critical_breach,high,DecoyVsftpd,User4,User,Impact,Op_Server0,"[""Op_Server0""]","[""Op_Server0""]","[""Op_Server0"", ""User0""]","[""Op_Server0"", ""User0""]","{""blue_first_relevant_response_after_critical"": 14, ""blue_first_relevant_response_after_enterprise"": 9, ""enterprise_foothold_step"": 5, ""first_critical_hit_step"": 12, ""window_end"": null, ""window_start"": null}"
ours_stage2_fair,11,stage2_ext_002_obj_0,semantic_balanced,episode_002,6,6013,88,Q2_user_action_during_critical_breach,high,DecoyVsftpd,User4,User,Impact,Op_Server0,"[""Op_Server0""]","[""Op_Server0""]","[""Op_Server0"", ""User0""]","[""Op_Server0"", ""User0""]","{""blue_first_relevant_response_after_critical"": 14, ""blue_first_relevant_response_after_enterprise"": 9, ""enterprise_foothold_step"": 5, ""first_critical_hit_step"": 12, ""window_end"": null, ""window_start"": null}"
ours_stage2_fair,11,stage2_ext_002_obj_0,semantic_balanced,episode_002,6,6013,90,Q2_user_action_during_critical_breach,high,DecoyFemitter,User0,User,Impact,Op_Server0,"[""Op_Server0""]","[""Op_Server0""]","[""Op_Server0"", ""User0""]","[""Op_Server0"", ""User0""]","{""blue_first_relevant_response_after_critical"": 14, ""blue_first_relevant_response_after_enterprise"": 9, ""enterprise_foothold_step"": 5, ""first_critical_hit_step"": 12, ""window_end"": null, ""window_start"": null}"
ours_stage2_fair,11,stage2_ext_002_obj_0,semantic_balanced,episode_002,6,6013,95,Q2_user_action_during_critical_breach,high,DecoySmss,User3,User,Impact,Op_Server0,"[""Op_Server0""]","[""Op_Server0""]","[""Op_Server0"", ""User0""]","[""Op_Server0"", ""User0""]","{""blue_first_relevant_response_after_critical"": 14, ""blue_first_relevant_response_after_enterprise"": 9, ""enterprise_foothold_step"": 5, ""first_critical_hit_step"": 12, ""window_end"": null, ""window_start"": null}"
ours_stage2_fair,11,stage2_ext_002_obj_0,semantic_balanced,episode_002,6,6013,97,Q2_user_action_during_critical_breach,high,DecoySmss,User2,User,Impact,Op_Server0,"[""Op_Server0""]","[""Op_Server0""]","[""Op_Server0"", ""User0""]","[""Op_Server0"", ""User0""]","{""blue_first_relevant_response_after_critical"": 14, ""blue_first_relevant_response_after_enterprise"": 9, ""enterprise_foothold_step"": 5, ""first_critical_hit_step"": 12, ""window_end"": null, ""window_start"": null}"
ours_stage2_fair,11,stage2_ext_002_obj_0,semantic_balanced,episode_002,6,6013,42,Q4_user_focus_after_enterprise_foothold,medium,DecoyHarakaSMPT,User2,User,ExploitRemoteService,,[],[],"[""User0"", ""User2""]","[""Enterprise2"", ""User0"", ""User2""]","{""blue_first_relevant_response_after_critical"": 14, ""blue_first_relevant_response_after_enterprise"": 9, ""enterprise_foothold_step"": 5, ""first_critical_hit_step"": 12, ""window_end"": 44, ""window_start"": 42}"
ours_stage2_fair,11,stage2_ext_002_obj_0,semantic_balanced,episode_002,7,7013,14,Q2_user_action_during_critical_breach,high,Remove,User2,User,Impact,Op_Server0,"[""Op_Server0""]","[""Op_Server0""]","[""Enterprise0"", ""Op_Server0"", ""User0"", ""User4""]","[""Enterprise0"", ""Op_Server0"", ""User0"", ""User4""]","{""blue_first_relevant_response_after_critical"": 13, ""blue_first_relevant_response_after_enterprise"": 6, ""enterprise_foothold_step"": 5, ""first_critical_hit_step"": 12, ""window_end"": null, ""window_start"": null}"
ours_stage2_fair,11,stage2_ext_002_obj_0,semantic_balanced,episode_002,7,7013,15,Q2_user_action_during_critical_breach,high,Remove,User4,User,Impact,Op_Server0,"[""Op_Server0""]","[""Op_Server0""]","[""Enterprise0"", ""Op_Server0"", ""User0"", ""User4""]","[""Enterprise0"", ""Op_Server0"", ""User0"", ""User4""]","{""blue_first_relevant_response_after_critical"": 13, ""blue_first_relevant_response_after_enterprise"": 6, ""enterprise_foothold_step"": 5, ""first_critical_hit_step"": 12, ""window_end"": null, ""window_start"": null}"
ours_stage2_fair,11,stage2_ext_002_obj_0,semantic_balanced,episode_002,7,7013,29,Q2_user_action_during_critical_breach,high,DecoyTomcat,User2,User,Impact,Op_Server0,"[""Op_Server0""]","[""Op_Server0""]","[""Enterprise2"", ""Op_Server0"", ""User0"", ""User4""]","[""Enterprise2"", ""Op_Server0"", ""User0"", ""User4""]","{""blue_first_relevant_response_after_critical"": 13, ""blue_first_relevant_response_after_enterprise"": 6, ""enterprise_foothold_step"": 5, ""first_critical_hit_step"": 12, ""window_end"": null, ""window_start"": null}"
ours_stage2_fair,11,stage2_ext_002_obj_0,semantic_balanced,episode_002,7,7013,35,Q2_user_action_during_critical_breach,high,DecoySSHD,User2,User,Impact,Op_Server0,"[""Op_Server0""]","[""Op_Server0""]","[""Op_Server0"", ""User0"", ""User4""]","[""Op_Server0"", ""User0"", ""User4""]","{""blue_first_relevant_response_after_critical"": 13, ""blue_first_relevant_response_after_enterprise"": 6, ""enterprise_foothold_step"": 5, ""first_critical_hit_step"": 12, ""window_end"": null, ""window_start"": null}"
ours_stage2_fair,11,stage2_ext_002_obj_0,semantic_balanced,episode_002,7,7013,37,Q2_user_action_during_critical_breach,high,DecoyTomcat,User2,User,Impact,Op_Server0,"[""Op_Server0""]","[""Op_Server0""]","[""Op_Server0"", ""User0"", ""User4""]","[""Op_Server0"", ""User0"", ""User4""]","{""blue_first_relevant_response_after_critical"": 13, ""blue_first_relevant_response_after_enterprise"": 6, ""enterprise_foothold_step"": 5, ""first_critical_hit_step"": 12, ""window_end"": null, ""window_start"": null}"
ours_stage2_fair,11,stage2_ext_002_obj_0,semantic_balanced,episode_002,7,7013,42,Q2_user_action_during_critical_breach,high,DecoySmss,User3,User,Impact,Op_Server0,"[""Op_Server0""]","[""Op_Server0""]","[""Op_Server0"", ""User0"", ""User4""]","[""Op_Server0"", ""User0"", ""User4""]","{""blue_first_relevant_response_after_critical"": 13, ""blue_first_relevant_response_after_enterprise"": 6, ""enterprise_foothold_step"": 5, ""first_critical_hit_step"": 12, ""window_end"": null, ""window_start"": null}"
ours_stage2_fair,11,stage2_ext_002_obj_0,semantic_balanced,episode_002,7,7013,44,Q2_user_action_during_critical_breach,high,DecoyHarakaSMPT,User2,User,Impact,Op_Server0,"[""Op_Server0""]","[""Op_Server0""]","[""Op_Server0"", ""User0"", ""User4""]","[""Op_Server0"", ""User0"", ""User4""]","{""blue_first_relevant_response_after_critical"": 13, ""blue_first_relevant_response_after_enterprise"": 6, ""enterprise_foothold_step"": 5, ""first_critical_hit_step"": 12, ""window_end"": null, ""window_start"": null}"
ours_stage2_fair,11,stage2_ext_002_obj_0,semantic_balanced,episode_002,7,7013,45,Q2_user_action_during_critical_breach,high,Remove,User2,User,Impact,Op_Server0,"[""Op_Server0""]","[""Op_Server0""]","[""Op_Server0"", ""User0"", ""User4""]","[""Op_Server0"", ""User0"", ""User4""]","{""blue_first_relevant_response_after_critical"": 13, ""blue_first_relevant_response_after_enterprise"": 6, ""enterprise_foothold_step"": 5, ""first_critical_hit_step"": 12, ""window_end"": null, ""window_start"": null}"
ours_stage2_fair,11,stage2_ext_002_obj_0,semantic_balanced,episode_002,7,7013,57,Q2_user_action_during_critical_breach,high,Analyse,User0,User,Impact,Op_Server0,"[""Op_Server0""]","[""Op_Server0""]","[""Op_Server0"", ""User0"", ""User4""]","[""Op_Server0"", ""User0"", ""User4""]","{""blue_first_relevant_response_after_critical"": 13, ""blue_first_relevant_response_after_enterprise"": 6, ""enterprise_foothold_step"": 5, ""first_critical_hit_step"": 12, ""window_end"": null, ""window_start"": null}"
