method_name,seed,policy_id,candidate_label,episode_id,env_idx,env_seed,step_idx,rule_id,severity,blue_action_name,blue_target_hostname,blue_target_subnet,red_action_name,red_target_hostname,critical_state_before,critical_state_after,compromised_hosts_before,compromised_hosts_after,response_context
ours_stage2_fair,7,stage1_pref_000_ckpt_191,deployment_like,episode_000,0,7,34,Q2_user_action_during_critical_breach,high,DecoyHarakaSMPT,User0,User,Impact,Op_Server0,"[""Op_Server0""]","[""Op_Server0""]","[""Enterprise1"", ""Op_Server0"", ""User0"", ""User1""]","[""Enterprise1"", ""Op_Server0"", ""User0"", ""User1""]","{""blue_first_relevant_response_after_critical"": 26, ""blue_first_relevant_response_after_enterprise"": 6, ""enterprise_foothold_step"": 5, ""first_critical_hit_step"": 25, ""window_end"": null, ""window_start"": null}"
ours_stage2_fair,7,stage1_pref_000_ckpt_191,deployment_like,episode_000,0,7,40,Q2_user_action_during_critical_breach,high,DecoySvchost,User0,User,Impact,Op_Server0,"[""Op_Server0""]","[""Op_Server0""]","[""Enterprise1"", ""Op_Server0"", ""User0"", ""User1""]","[""Enterprise1"", ""Op_Server0"", ""User0"", ""User1""]","{""blue_first_relevant_response_after_critical"": 26, ""blue_first_relevant_response_after_enterprise"": 6, ""enterprise_foothold_step"": 5, ""first_critical_hit_step"": 25, ""window_end"": null, ""window_start"": null}"
ours_stage2_fair,7,stage1_pref_000_ckpt_191,deployment_like,episode_000,0,7,58,Q2_user_action_during_critical_breach,high,DecoyVsftpd,User1,User,Impact,Op_Server0,"[""Op_Server0""]","[""Op_Server0""]","[""Op_Server0"", ""User0"", ""User1""]","[""Op_Server0"", ""User0"", ""User1""]","{""blue_first_relevant_response_after_critical"": 26, ""blue_first_relevant_response_after_enterprise"": 6, ""enterprise_foothold_step"": 5, ""first_critical_hit_step"": 25, ""window_end"": null, ""window_start"": null}"
ours_stage2_fair,7,stage1_pref_000_ckpt_191,deployment_like,episode_000,0,7,76,Q2_user_action_during_critical_breach,high,DecoyHarakaSMPT,User0,User,Impact,Op_Server0,"[""Op_Server0""]","[""Op_Server0""]","[""Op_Server0"", ""User0"", ""User1""]","[""Op_Server0"", ""User0"", ""User1""]","{""blue_first_relevant_response_after_critical"": 26, ""blue_first_relevant_response_after_enterprise"": 6, ""enterprise_foothold_step"": 5, ""first_critical_hit_step"": 25, ""window_end"": null, ""window_start"": null}"
ours_stage2_fair,7,stage1_pref_000_ckpt_191,deployment_like,episode_000,0,7,77,Q2_user_action_during_critical_breach,high,DecoyVsftpd,User1,User,Impact,Op_Server0,"[""Op_Server0""]","[""Op_Server0""]","[""Op_Server0"", ""User0"", ""User1""]","[""Op_Server0"", ""User0"", ""User1""]","{""blue_first_relevant_response_after_critical"": 26, ""blue_first_relevant_response_after_enterprise"": 6, ""enterprise_foothold_step"": 5, ""first_critical_hit_step"": 25, ""window_end"": null, ""window_start"": null}"
ours_stage2_fair,7,stage1_pref_000_ckpt_191,deployment_like,episode_000,0,7,79,Q2_user_action_during_critical_breach,high,DecoyHarakaSMPT,User0,User,Impact,Op_Server0,"[""Op_Server0""]","[""Op_Server0""]","[""Op_Server0"", ""User0"", ""User1""]","[""Op_Server0"", ""User0"", ""User1""]","{""blue_first_relevant_response_after_critical"": 26, ""blue_first_relevant_response_after_enterprise"": 6, ""enterprise_foothold_step"": 5, ""first_critical_hit_step"": 25, ""window_end"": null, ""window_start"": null}"
ours_stage2_fair,7,stage1_pref_000_ckpt_191,deployment_like,episode_000,0,7,82,Q2_user_action_during_critical_breach,high,DecoyHarakaSMPT,User0,User,Impact,Op_Server0,"[""Op_Server0""]","[""Op_Server0""]","[""Op_Server0"", ""User0"", ""User1""]","[""Op_Server0"", ""User0"", ""User1""]","{""blue_first_relevant_response_after_critical"": 26, ""blue_first_relevant_response_after_enterprise"": 6, ""enterprise_foothold_step"": 5, ""first_critical_hit_step"": 25, ""window_end"": null, ""window_start"": null}"
ours_stage2_fair,7,stage1_pref_000_ckpt_191,deployment_like,episode_000,0,7,83,Q2_user_action_during_critical_breach,high,DecoyApache,User4,User,Impact,Op_Server0,"[""Op_Server0""]","[""Op_Server0""]","[""Op_Server0"", ""User0"", ""User1""]","[""Op_Server0"", ""User0"", ""User1""]","{""blue_first_relevant_response_after_critical"": 26, ""blue_first_relevant_response_after_enterprise"": 6, ""enterprise_foothold_step"": 5, ""first_critical_hit_step"": 25, ""window_end"": null, ""window_start"": null}"
ours_stage2_fair,7,stage1_pref_000_ckpt_191,deployment_like,episode_000,0,7,87,Q2_user_action_during_critical_breach,high,DecoyVsftpd,User1,User,Impact,Op_Server0,"[""Op_Server0""]","[""Op_Server0""]","[""Op_Server0"", ""User0"", ""User1""]","[""Op_Server0"", ""User0"", ""User1""]","{""blue_first_relevant_response_after_critical"": 26, ""blue_first_relevant_response_after_enterprise"": 6, ""enterprise_foothold_step"": 5, ""first_critical_hit_step"": 25, ""window_end"": null, ""window_start"": null}"
ours_stage2_fair,7,stage1_pref_000_ckpt_191,deployment_like,episode_000,0,7,76,Q5_repeated_low_value_decoy_loop,medium,DecoyHarakaSMPT,User0,User,Impact,Op_Server0,"[""Op_Server0""]","[""Op_Server0""]","[""Op_Server0"", ""User0"", ""User1""]","[""Op_Server0"", ""User0"", ""User1""]","{""blue_first_relevant_response_after_critical"": 26, ""blue_first_relevant_response_after_enterprise"": 6, ""enterprise_foothold_step"": 5, ""first_critical_hit_step"": 25, ""window_end"": 82, ""window_start"": 73}"
ours_stage2_fair,7,stage1_pref_000_ckpt_191,deployment_like,episode_000,1,1007,15,Q2_user_action_during_critical_breach,high,DecoyHarakaSMPT,User0,User,PrivilegeEscalate,Op_Server0,"[""Op_Server0""]","[""Op_Server0""]","[""Enterprise1"", ""Enterprise2"", ""Op_Server0"", ""User0"", ""User2""]","[""Enterprise1"", ""Enterprise2"", ""Op_Server0"", ""User0"", ""User2""]","{""blue_first_relevant_response_after_critical"": 13, ""blue_first_relevant_response_after_enterprise"": 6, ""enterprise_foothold_step"": 5, ""first_critical_hit_step"": 12, ""window_end"": null, ""window_start"": null}"
ours_stage2_fair,7,stage1_pref_000_ckpt_191,deployment_like,episode_000,1,1007,33,Q2_user_action_during_critical_breach,high,DecoyApache,User0,User,PrivilegeEscalate,Op_Server0,"[""Op_Server0""]","[""Op_Server0""]","[""Enterprise1"", ""Op_Server0"", ""User0"", ""User2""]","[""Enterprise1"", ""Op_Server0"", ""User0"", ""User2""]","{""blue_first_relevant_response_after_critical"": 13, ""blue_first_relevant_response_after_enterprise"": 6, ""enterprise_foothold_step"": 5, ""first_critical_hit_step"": 12, ""window_end"": null, ""window_start"": null}"
ours_stage2_fair,7,stage1_pref_000_ckpt_191,deployment_like,episode_000,1,1007,34,Q2_user_action_during_critical_breach,high,Remove,User2,User,Impact,Op_Server0,"[""Op_Server0""]","[""Op_Server0""]","[""Enterprise1"", ""Op_Server0"", ""User0"", ""User2""]","[""Enterprise1"", ""Op_Server0"", ""User0"", ""User2""]","{""blue_first_relevant_response_after_critical"": 13, ""blue_first_relevant_response_after_enterprise"": 6, ""enterprise_foothold_step"": 5, ""first_critical_hit_step"": 12, ""window_end"": null, ""window_start"": null}"
ours_stage2_fair,7,stage1_pref_000_ckpt_191,deployment_like,episode_000,1,1007,35,Q2_user_action_during_critical_breach,high,DecoyApache,User0,User,Impact,Op_Server0,"[""Op_Server0""]","[""Op_Server0""]","[""Enterprise1"", ""Op_Server0"", ""User0"", ""User2""]","[""Enterprise1"", ""Op_Server0"", ""User0"", ""User2""]","{""blue_first_relevant_response_after_critical"": 13, ""blue_first_relevant_response_after_enterprise"": 6, ""enterprise_foothold_step"": 5, ""first_critical_hit_step"": 12, ""window_end"": null, ""window_start"": null}"
ours_stage2_fair,7,stage1_pref_000_ckpt_191,deployment_like,episode_000,1,1007,39,Q2_user_action_during_critical_breach,high,DecoySSHD,User2,User,Impact,Op_Server0,"[""Op_Server0""]","[""Op_Server0""]","[""Enterprise1"", ""Op_Server0"", ""User0"", ""User2""]","[""Enterprise1"", ""Op_Server0"", ""User0"", ""User2""]","{""blue_first_relevant_response_after_critical"": 13, ""blue_first_relevant_response_after_enterprise"": 6, ""enterprise_foothold_step"": 5, ""first_critical_hit_step"": 12, ""window_end"": null, ""window_start"": null}"
ours_stage2_fair,7,stage1_pref_000_ckpt_191,deployment_like,episode_000,1,1007,40,Q2_user_action_during_critical_breach,high,DecoyApache,User0,User,Impact,Op_Server0,"[""Op_Server0""]","[""Op_Server0""]","[""Enterprise1"", ""Op_Server0"", ""User0"", ""User2""]","[""Enterprise1"", ""Op_Server0"", ""User0"", ""User2""]","{""blue_first_relevant_response_after_critical"": 13, ""blue_first_relevant_response_after_enterprise"": 6, ""enterprise_foothold_step"": 5, ""first_critical_hit_step"": 12, ""window_end"": null, ""window_start"": null}"
ours_stage2_fair,7,stage1_pref_000_ckpt_191,deployment_like,episode_000,1,1007,41,Q2_user_action_during_critical_breach,high,DecoyHarakaSMPT,User0,User,Impact,Op_Server0,"[""Op_Server0""]","[""Op_Server0""]","[""Enterprise1"", ""Op_Server0"", ""User0"", ""User2""]","[""Enterprise1"", ""Op_Server0"", ""User0"", ""User2""]","{""blue_first_relevant_response_after_critical"": 13, ""blue_first_relevant_response_after_enterprise"": 6, ""enterprise_foothold_step"": 5, ""first_critical_hit_step"": 12, ""window_end"": null, ""window_start"": null}"
ours_stage2_fair,7,stage1_pref_000_ckpt_191,deployment_like,episode_000,1,1007,45,Q2_user_action_during_critical_breach,high,DecoyApache,User0,User,Impact,Op_Server0,"[""Op_Server0""]","[""Op_Server0""]","[""Op_Server0"", ""User0"", ""User2""]","[""Op_Server0"", ""User0"", ""User2""]","{""blue_first_relevant_response_after_critical"": 13, ""blue_first_relevant_response_after_enterprise"": 6, ""enterprise_foothold_step"": 5, ""first_critical_hit_step"": 12, ""window_end"": null, ""window_start"": null}"
ours_stage2_fair,7,stage1_pref_000_ckpt_191,deployment_like,episode_000,1,1007,59,Q2_user_action_during_critical_breach,high,DecoyVsftpd,User1,User,Impact,Op_Server0,"[""Op_Server0""]","[""Op_Server0""]","[""Enterprise2"", ""Op_Server0"", ""User0"", ""User2""]","[""Enterprise2"", ""Op_Server0"", ""User0"", ""User2""]","{""blue_first_relevant_response_after_critical"": 13, ""blue_first_relevant_response_after_enterprise"": 6, ""enterprise_foothold_step"": 5, ""first_critical_hit_step"": 12, ""window_end"": null, ""window_start"": null}"
ours_stage2_fair,7,stage1_pref_000_ckpt_191,deployment_like,episode_000,1,1007,70,Q2_user_action_during_critical_breach,high,Analyse,User0,User,PrivilegeEscalate,Op_Server0,"[""Op_Server0""]","[""Op_Server0""]","[""Enterprise2"", ""Op_Server0"", ""User0"", ""User2""]","[""Enterprise2"", ""Op_Server0"", ""User0"", ""User2""]","{""blue_first_relevant_response_after_critical"": 13, ""blue_first_relevant_response_after_enterprise"": 6, ""enterprise_foothold_step"": 5, ""first_critical_hit_step"": 12, ""window_end"": null, ""window_start"": null}"
ours_stage2_fair,7,stage1_pref_000_ckpt_191,deployment_like,episode_000,1,1007,72,Q2_user_action_during_critical_breach,high,DecoyVsftpd,User1,User,Impact,Op_Server0,"[""Op_Server0""]","[""Op_Server0""]","[""Op_Server0"", ""User0"", ""User2""]","[""Op_Server0"", ""User0"", ""User2""]","{""blue_first_relevant_response_after_critical"": 13, ""blue_first_relevant_response_after_enterprise"": 6, ""enterprise_foothold_step"": 5, ""first_critical_hit_step"": 12, ""window_end"": null, ""window_start"": null}"
ours_stage2_fair,7,stage1_pref_000_ckpt_191,deployment_like,episode_000,1,1007,75,Q2_user_action_during_critical_breach,high,Remove,User2,User,Impact,Op_Server0,"[""Op_Server0""]","[""Op_Server0""]","[""Op_Server0"", ""User0"", ""User2""]","[""Op_Server0"", ""User0"", ""User2""]","{""blue_first_relevant_response_after_critical"": 13, ""blue_first_relevant_response_after_enterprise"": 6, ""enterprise_foothold_step"": 5, ""first_critical_hit_step"": 12, ""window_end"": null, ""window_start"": null}"
ours_stage2_fair,7,stage1_pref_000_ckpt_191,deployment_like,episode_000,1,1007,98,Q2_user_action_during_critical_breach,high,DecoyVsftpd,User1,User,PrivilegeEscalate,Op_Server0,"[""Op_Server0""]","[""Op_Server0""]","[""Enterprise2"", ""Op_Server0"", ""User0"", ""User2""]","[""Enterprise2"", ""Op_Server0"", ""User0"", ""User2""]","{""blue_first_relevant_response_after_critical"": 13, ""blue_first_relevant_response_after_enterprise"": 6, ""enterprise_foothold_step"": 5, ""first_critical_hit_step"": 12, ""window_end"": null, ""window_start"": null}"
ours_stage2_fair,7,stage1_pref_000_ckpt_191,deployment_like,episode_000,1,1007,99,Q2_user_action_during_critical_breach,high,DecoyApache,User0,User,Impact,Op_Server0,"[""Op_Server0""]","[""Op_Server0""]","[""Enterprise2"", ""Op_Server0"", ""User0"", ""User2""]","[""Enterprise2"", ""Op_Server0"", ""User0"", ""User2""]","{""blue_first_relevant_response_after_critical"": 13, ""blue_first_relevant_response_after_enterprise"": 6, ""enterprise_foothold_step"": 5, ""first_critical_hit_step"": 12, ""window_end"": null, ""window_start"": null}"
ours_stage2_fair,7,stage1_pref_000_ckpt_191,deployment_like,episode_000,1,1007,8,Q4_user_focus_after_enterprise_foothold,medium,DecoyVsftpd,User1,User,DiscoverNetworkServices,,[],[],"[""Enterprise1"", ""User0"", ""User2""]","[""Enterprise1"", ""User0"", ""User2""]","{""blue_first_relevant_response_after_critical"": 13, ""blue_first_relevant_response_after_enterprise"": 6, ""enterprise_foothold_step"": 5, ""first_critical_hit_step"": 12, ""window_end"": 10, ""window_start"": 8}"
ours_stage2_fair,7,stage1_pref_000_ckpt_191,deployment_like,episode_000,1,1007,9,Q4_user_focus_after_enterprise_foothold,medium,DecoyHarakaSMPT,User4,User,ExploitRemoteService,,[],[],"[""Enterprise1"", ""User0"", ""User2""]","[""Enterprise1"", ""Enterprise2"", ""User0"", ""User2""]","{""blue_first_relevant_response_after_critical"": 13, ""blue_first_relevant_response_after_enterprise"": 6, ""enterprise_foothold_step"": 5, ""first_critical_hit_step"": 12, ""window_end"": 11, ""window_start"": 9}"
ours_stage2_fair,7,stage1_pref_000_ckpt_191,deployment_like,episode_000,1,1007,33,Q4_user_focus_after_enterprise_foothold,medium,DecoyApache,User0,User,PrivilegeEscalate,Op_Server0,"[""Op_Server0""]","[""Op_Server0""]","[""Enterprise1"", ""Op_Server0"", ""User0"", ""User2""]","[""Enterprise1"", ""Op_Server0"", ""User0"", ""User2""]","{""blue_first_relevant_response_after_critical"": 13, ""blue_first_relevant_response_after_enterprise"": 6, ""enterprise_foothold_step"": 5, ""first_critical_hit_step"": 12, ""window_end"": 35, ""window_start"": 33}"
ours_stage2_fair,7,stage1_pref_000_ckpt_191,deployment_like,episode_000,1,1007,39,Q4_user_focus_after_enterprise_foothold,medium,DecoySSHD,User2,User,Impact,Op_Server0,"[""Op_Server0""]","[""Op_Server0""]","[""Enterprise1"", ""Op_Server0"", ""User0"", ""User2""]","[""Enterprise1"", ""Op_Server0"", ""User0"", ""User2""]","{""blue_first_relevant_response_after_critical"": 13, ""blue_first_relevant_response_after_enterprise"": 6, ""enterprise_foothold_step"": 5, ""first_critical_hit_step"": 12, ""window_end"": 41, ""window_start"": 39}"
ours_stage2_fair,7,stage1_pref_000_ckpt_191,deployment_like,episode_000,1,1007,30,Q5_repeated_low_value_decoy_loop,medium,DecoyApache,User0,User,ExploitRemoteService,,[],"[""Op_Server0""]","[""Enterprise1"", ""User0"", ""User2""]","[""Enterprise1"", ""Op_Server0"", ""User0"", ""User2""]","{""blue_first_relevant_response_after_critical"": 13, ""blue_first_relevant_response_after_enterprise"": 6, ""enterprise_foothold_step"": 5, ""first_critical_hit_step"": 12, ""window_end"": 38, ""window_start"": 29}"
ours_stage2_fair,7,stage1_pref_000_ckpt_191,deployment_like,episode_000,2,2007,23,Q2_user_action_during_critical_breach,high,DecoySSHD,User3,User,Impact,Op_Server0,"[""Op_Server0""]","[""Op_Server0""]","[""Enterprise1"", ""Op_Server0"", ""User0"", ""User1""]","[""Enterprise1"", ""Op_Server0"", ""User0"", ""User1""]","{""blue_first_relevant_response_after_critical"": 18, ""blue_first_relevant_response_after_enterprise"": 7, ""enterprise_foothold_step"": 5, ""first_critical_hit_step"": 17, ""window_end"": null, ""window_start"": null}"
ours_stage2_fair,7,stage1_pref_000_ckpt_191,deployment_like,episode_000,2,2007,27,Q2_user_action_during_critical_breach,high,DecoyVsftpd,User1,User,Impact,Op_Server0,"[""Op_Server0""]","[""Op_Server0""]","[""Enterprise1"", ""Op_Server0"", ""User0"", ""User1""]","[""Enterprise1"", ""Op_Server0"", ""User0"", ""User1""]","{""blue_first_relevant_response_after_critical"": 18, ""blue_first_relevant_response_after_enterprise"": 7, ""enterprise_foothold_step"": 5, ""first_critical_hit_step"": 17, ""window_end"": null, ""window_start"": null}"
ours_stage2_fair,7,stage1_pref_000_ckpt_191,deployment_like,episode_000,2,2007,28,Q2_user_action_during_critical_breach,high,DecoyVsftpd,User1,User,Impact,Op_Server0,"[""Op_Server0""]","[""Op_Server0""]","[""Enterprise1"", ""Op_Server0"", ""User0"", ""User1""]","[""Enterprise1"", ""Op_Server0"", ""User0"", ""User1""]","{""blue_first_relevant_response_after_critical"": 18, ""blue_first_relevant_response_after_enterprise"": 7, ""enterprise_foothold_step"": 5, ""first_critical_hit_step"": 17, ""window_end"": null, ""window_start"": null}"
ours_stage2_fair,7,stage1_pref_000_ckpt_191,deployment_like,episode_000,2,2007,35,Q2_user_action_during_critical_breach,high,DecoyFemitter,User2,User,Impact,Op_Server0,"[""Op_Server0""]","[""Op_Server0""]","[""Enterprise1"", ""Op_Server0"", ""User0"", ""User1""]","[""Enterprise1"", ""Op_Server0"", ""User0"", ""User1""]","{""blue_first_relevant_response_after_critical"": 18, ""blue_first_relevant_response_after_enterprise"": 7, ""enterprise_foothold_step"": 5, ""first_critical_hit_step"": 17, ""window_end"": null, ""window_start"": null}"
ours_stage2_fair,7,stage1_pref_000_ckpt_191,deployment_like,episode_000,2,2007,36,Q2_user_action_during_critical_breach,high,DecoyApache,User0,User,Impact,Op_Server0,"[""Op_Server0""]","[""Op_Server0""]","[""Enterprise1"", ""Op_Server0"", ""User0"", ""User1""]","[""Enterprise1"", ""Op_Server0"", ""User0"", ""User1""]","{""blue_first_relevant_response_after_critical"": 18, ""blue_first_relevant_response_after_enterprise"": 7, ""enterprise_foothold_step"": 5, ""first_critical_hit_step"": 17, ""window_end"": null, ""window_start"": null}"
ours_stage2_fair,7,stage1_pref_000_ckpt_191,deployment_like,episode_000,2,2007,42,Q2_user_action_during_critical_breach,high,Remove,User2,User,Impact,Op_Server0,"[""Op_Server0""]","[""Op_Server0""]","[""Enterprise1"", ""Op_Server0"", ""User0"", ""User1""]","[""Enterprise1"", ""Op_Server0"", ""User0"", ""User1""]","{""blue_first_relevant_response_after_critical"": 18, ""blue_first_relevant_response_after_enterprise"": 7, ""enterprise_foothold_step"": 5, ""first_critical_hit_step"": 17, ""window_end"": null, ""window_start"": null}"
ours_stage2_fair,7,stage1_pref_000_ckpt_191,deployment_like,episode_000,2,2007,53,Q2_user_action_during_critical_breach,high,DecoyApache,User0,User,Impact,Op_Server0,"[""Op_Server0""]","[""Op_Server0""]","[""Enterprise1"", ""Op_Server0"", ""User0"", ""User1""]","[""Enterprise1"", ""Op_Server0"", ""User0"", ""User1""]","{""blue_first_relevant_response_after_critical"": 18, ""blue_first_relevant_response_after_enterprise"": 7, ""enterprise_foothold_step"": 5, ""first_critical_hit_step"": 17, ""window_end"": null, ""window_start"": null}"
ours_stage2_fair,7,stage1_pref_000_ckpt_191,deployment_like,episode_000,2,2007,55,Q2_user_action_during_critical_breach,high,DecoyFemitter,User2,User,Impact,Op_Server0,"[""Op_Server0""]","[""Op_Server0""]","[""Enterprise1"", ""Op_Server0"", ""User0"", ""User1""]","[""Enterprise1"", ""Op_Server0"", ""User0"", ""User1""]","{""blue_first_relevant_response_after_critical"": 18, ""blue_first_relevant_response_after_enterprise"": 7, ""enterprise_foothold_step"": 5, ""first_critical_hit_step"": 17, ""window_end"": null, ""window_start"": null}"
ours_stage2_fair,7,stage1_pref_000_ckpt_191,deployment_like,episode_000,2,2007,64,Q2_user_action_during_critical_breach,high,DecoyHarakaSMPT,User0,User,Impact,Op_Server0,"[""Op_Server0""]","[""Op_Server0""]","[""Enterprise1"", ""Op_Server0"", ""User0"", ""User1""]","[""Enterprise1"", ""Op_Server0"", ""User0"", ""User1""]","{""blue_first_relevant_response_after_critical"": 18, ""blue_first_relevant_response_after_enterprise"": 7, ""enterprise_foothold_step"": 5, ""first_critical_hit_step"": 17, ""window_end"": null, ""window_start"": null}"
ours_stage2_fair,7,stage1_pref_000_ckpt_191,deployment_like,episode_000,2,2007,66,Q2_user_action_during_critical_breach,high,DecoySvchost,User0,User,Impact,Op_Server0,"[""Op_Server0""]","[""Op_Server0""]","[""Enterprise1"", ""Op_Server0"", ""User0"", ""User1""]","[""Enterprise1"", ""Op_Server0"", ""User0"", ""User1""]","{""blue_first_relevant_response_after_critical"": 18, ""blue_first_relevant_response_after_enterprise"": 7, ""enterprise_foothold_step"": 5, ""first_critical_hit_step"": 17, ""window_end"": null, ""window_start"": null}"
ours_stage2_fair,7,stage1_pref_000_ckpt_191,deployment_like,episode_000,2,2007,69,Q2_user_action_during_critical_breach,high,DecoyVsftpd,User1,User,Impact,Op_Server0,"[""Op_Server0""]","[""Op_Server0""]","[""Enterprise1"", ""Op_Server0"", ""User0"", ""User1""]","[""Enterprise1"", ""Op_Server0"", ""User0"", ""User1""]","{""blue_first_relevant_response_after_critical"": 18, ""blue_first_relevant_response_after_enterprise"": 7, ""enterprise_foothold_step"": 5, ""first_critical_hit_step"": 17, ""window_end"": null, ""window_start"": null}"
ours_stage2_fair,7,stage1_pref_000_ckpt_191,deployment_like,episode_000,2,2007,84,Q2_user_action_during_critical_breach,high,Remove,User2,User,Impact,Op_Server0,"[""Op_Server0""]","[""Op_Server0""]","[""Op_Server0"", ""User0"", ""User1""]","[""Op_Server0"", ""User0"", ""User1""]","{""blue_first_relevant_response_after_critical"": 18, ""blue_first_relevant_response_after_enterprise"": 7, ""enterprise_foothold_step"": 5, ""first_critical_hit_step"": 17, ""window_end"": null, ""window_start"": null}"
ours_stage2_fair,7,stage1_pref_000_ckpt_191,deployment_like,episode_000,3,3007,14,Q2_user_action_during_critical_breach,high,DecoyVsftpd,User1,User,Impact,Op_Server0,"[""Op_Server0""]","[""Op_Server0""]","[""Enterprise1"", ""Op_Server0"", ""User0"", ""User2""]","[""Enterprise1"", ""Op_Server0"", ""User0"", ""User2""]","{""blue_first_relevant_response_after_critical"": 13, ""blue_first_relevant_response_after_enterprise"": 6, ""enterprise_foothold_step"": 5, ""first_critical_hit_step"": 12, ""window_end"": null, ""window_start"": null}"
ours_stage2_fair,7,stage1_pref_000_ckpt_191,deployment_like,episode_000,3,3007,15,Q2_user_action_during_critical_breach,high,DecoyVsftpd,User1,User,Impact,Op_Server0,"[""Op_Server0""]","[""Op_Server0""]","[""Enterprise1"", ""Op_Server0"", ""User0"", ""User2""]","[""Enterprise1"", ""Op_Server0"", ""User0"", ""User2""]","{""blue_first_relevant_response_after_critical"": 13, ""blue_first_relevant_response_after_enterprise"": 6, ""enterprise_foothold_step"": 5, ""first_critical_hit_step"": 12, ""window_end"": null, ""window_start"": null}"
ours_stage2_fair,7,stage1_pref_000_ckpt_191,deployment_like,episode_000,3,3007,20,Q2_user_action_during_critical_breach,high,DecoyVsftpd,User1,User,Impact,Op_Server0,"[""Op_Server0""]","[""Op_Server0""]","[""Enterprise1"", ""Op_Server0"", ""User0"", ""User2""]","[""Enterprise1"", ""Op_Server0"", ""User0"", ""User2""]","{""blue_first_relevant_response_after_critical"": 13, ""blue_first_relevant_response_after_enterprise"": 6, ""enterprise_foothold_step"": 5, ""first_critical_hit_step"": 12, ""window_end"": null, ""window_start"": null}"
ours_stage2_fair,7,stage1_pref_000_ckpt_191,deployment_like,episode_000,3,3007,31,Q2_user_action_during_critical_breach,high,DecoyApache,User0,User,Impact,Op_Server0,"[""Op_Server0""]","[""Op_Server0""]","[""Enterprise1"", ""Op_Server0"", ""User0"", ""User2""]","[""Enterprise1"", ""Op_Server0"", ""User0"", ""User2""]","{""blue_first_relevant_response_after_critical"": 13, ""blue_first_relevant_response_after_enterprise"": 6, ""enterprise_foothold_step"": 5, ""first_critical_hit_step"": 12, ""window_end"": null, ""window_start"": null}"
ours_stage2_fair,7,stage1_pref_000_ckpt_191,deployment_like,episode_000,3,3007,60,Q2_user_action_during_critical_breach,high,DecoyHarakaSMPT,User4,User,Impact,Op_Server0,"[""Op_Server0""]","[""Op_Server0""]","[""Op_Server0"", ""User0"", ""User2""]","[""Op_Server0"", ""User0"", ""User2""]","{""blue_first_relevant_response_after_critical"": 13, ""blue_first_relevant_response_after_enterprise"": 6, ""enterprise_foothold_step"": 5, ""first_critical_hit_step"": 12, ""window_end"": null, ""window_start"": null}"
ours_stage2_fair,7,stage1_pref_000_ckpt_191,deployment_like,episode_000,3,3007,61,Q2_user_action_during_critical_breach,high,DecoyVsftpd,User1,User,Impact,Op_Server0,"[""Op_Server0""]","[""Op_Server0""]","[""Op_Server0"", ""User0"", ""User2""]","[""Op_Server0"", ""User0"", ""User2""]","{""blue_first_relevant_response_after_critical"": 13, ""blue_first_relevant_response_after_enterprise"": 6, ""enterprise_foothold_step"": 5, ""first_critical_hit_step"": 12, ""window_end"": null, ""window_start"": null}"
ours_stage2_fair,7,stage1_pref_000_ckpt_191,deployment_like,episode_000,3,3007,9,Q4_user_focus_after_enterprise_foothold,medium,DecoyApache,User3,User,ExploitRemoteService,,[],[],"[""Enterprise1"", ""User0"", ""User2""]","[""Enterprise1"", ""Enterprise2"", ""User0"", ""User2""]","{""blue_first_relevant_response_after_critical"": 13, ""blue_first_relevant_response_after_enterprise"": 6, ""enterprise_foothold_step"": 5, ""first_critical_hit_step"": 12, ""window_end"": 11, ""window_start"": 9}"
ours_stage2_fair,7,stage1_pref_000_ckpt_191,deployment_like,episode_000,3,3007,7,Q5_repeated_low_value_decoy_loop,medium,DecoyVsftpd,User1,User,DiscoverRemoteSystems,,[],[],"[""Enterprise1"", ""User0"", ""User2""]","[""Enterprise1"", ""User0"", ""User2""]","{""blue_first_relevant_response_after_critical"": 13, ""blue_first_relevant_response_after_enterprise"": 6, ""enterprise_foothold_step"": 5, ""first_critical_hit_step"": 12, ""window_end"": 15, ""window_start"": 6}"
ours_stage2_fair,7,stage1_pref_000_ckpt_191,deployment_like,episode_000,4,4007,14,Q2_user_action_during_critical_breach,high,DecoyVsftpd,User1,User,Impact,Op_Server0,"[""Op_Server0""]","[""Op_Server0""]","[""Enterprise1"", ""Op_Server0"", ""User0"", ""User2""]","[""Enterprise1"", ""Op_Server0"", ""User0"", ""User2""]","{""blue_first_relevant_response_after_critical"": 13, ""blue_first_relevant_response_after_enterprise"": 7, ""enterprise_foothold_step"": 5, ""first_critical_hit_step"": 12, ""window_end"": null, ""window_start"": null}"
ours_stage2_fair,7,stage1_pref_000_ckpt_191,deployment_like,episode_000,4,4007,17,Q2_user_action_during_critical_breach,high,DecoyVsftpd,User1,User,Impact,Op_Server0,"[""Op_Server0""]","[""Op_Server0""]","[""Enterprise1"", ""Op_Server0"", ""User0"", ""User2""]","[""Enterprise1"", ""Op_Server0"", ""User0"", ""User2""]","{""blue_first_relevant_response_after_critical"": 13, ""blue_first_relevant_response_after_enterprise"": 7, ""enterprise_foothold_step"": 5, ""first_critical_hit_step"": 12, ""window_end"": null, ""window_start"": null}"
ours_stage2_fair,7,stage1_pref_000_ckpt_191,deployment_like,episode_000,4,4007,62,Q2_user_action_during_critical_breach,high,DecoyApache,User0,User,Impact,Op_Server0,"[""Op_Server0""]","[""Op_Server0""]","[""Op_Server0"", ""User0"", ""User2""]","[""Op_Server0"", ""User0"", ""User2""]","{""blue_first_relevant_response_after_critical"": 13, ""blue_first_relevant_response_after_enterprise"": 7, ""enterprise_foothold_step"": 5, ""first_critical_hit_step"": 12, ""window_end"": null, ""window_start"": null}"
ours_stage2_fair,7,stage1_pref_000_ckpt_191,deployment_like,episode_000,4,4007,98,Q2_user_action_during_critical_breach,high,DecoySmss,User3,User,PrivilegeEscalate,Op_Server0,"[""Op_Server0""]","[""Op_Server0""]","[""Enterprise2"", ""Op_Server0"", ""User0"", ""User2""]","[""Enterprise2"", ""Op_Server0"", ""User0"", ""User2""]","{""blue_first_relevant_response_after_critical"": 13, ""blue_first_relevant_response_after_enterprise"": 7, ""enterprise_foothold_step"": 5, ""first_critical_hit_step"": 12, ""window_end"": null, ""window_start"": null}"
ours_stage2_fair,7,stage1_pref_000_ckpt_191,deployment_like,episode_000,5,5007,16,Q2_user_action_during_critical_breach,high,DecoyVsftpd,User1,User,Impact,Op_Server0,"[""Op_Server0""]","[""Op_Server0""]","[""Op_Server0"", ""User0"", ""User4""]","[""Op_Server0"", ""User0"", ""User4""]","{""blue_first_relevant_response_after_critical"": 15, ""blue_first_relevant_response_after_enterprise"": 6, ""enterprise_foothold_step"": 5, ""first_critical_hit_step"": 14, ""window_end"": null, ""window_start"": null}"
ours_stage2_fair,7,stage1_pref_000_ckpt_191,deployment_like,episode_000,5,5007,17,Q2_user_action_during_critical_breach,high,DecoyHarakaSMPT,User0,User,Impact,Op_Server0,"[""Op_Server0""]","[""Op_Server0""]","[""Op_Server0"", ""User0"", ""User4""]","[""Op_Server0"", ""User0"", ""User4""]","{""blue_first_relevant_response_after_critical"": 15, ""blue_first_relevant_response_after_enterprise"": 6, ""enterprise_foothold_step"": 5, ""first_critical_hit_step"": 14, ""window_end"": null, ""window_start"": null}"
ours_stage2_fair,7,stage1_pref_000_ckpt_191,deployment_like,episode_000,5,5007,33,Q2_user_action_during_critical_breach,high,DecoyApache,User0,User,Impact,Op_Server0,"[""Op_Server0""]","[""Op_Server0""]","[""Enterprise2"", ""Op_Server0"", ""User0"", ""User4""]","[""Enterprise2"", ""Op_Server0"", ""User0"", ""User4""]","{""blue_first_relevant_response_after_critical"": 15, ""blue_first_relevant_response_after_enterprise"": 6, ""enterprise_foothold_step"": 5, ""first_critical_hit_step"": 14, ""window_end"": null, ""window_start"": null}"
ours_stage2_fair,7,stage1_pref_000_ckpt_191,deployment_like,episode_000,5,5007,88,Q2_user_action_during_critical_breach,high,DecoyApache,User0,User,Impact,Op_Server0,"[""Op_Server0""]","[""Op_Server0""]","[""Op_Server0"", ""User0"", ""User4""]","[""Op_Server0"", ""User0"", ""User4""]","{""blue_first_relevant_response_after_critical"": 15, ""blue_first_relevant_response_after_enterprise"": 6, ""enterprise_foothold_step"": 5, ""first_critical_hit_step"": 14, ""window_end"": null, ""window_start"": null}"
ours_stage2_fair,7,stage1_pref_000_ckpt_191,deployment_like,episode_000,5,5007,92,Q2_user_action_during_critical_breach,high,DecoyApache,User0,User,Impact,Op_Server0,"[""Op_Server0""]","[""Op_Server0""]","[""Op_Server0"", ""User0"", ""User4""]","[""Op_Server0"", ""User0"", ""User4""]","{""blue_first_relevant_response_after_critical"": 15, ""blue_first_relevant_response_after_enterprise"": 6, ""enterprise_foothold_step"": 5, ""first_critical_hit_step"": 14, ""window_end"": null, ""window_start"": null}"
ours_stage2_fair,7,stage1_pref_000_ckpt_191,deployment_like,episode_000,5,5007,70,Q4_user_focus_after_enterprise_foothold,medium,DecoyHarakaSMPT,User4,User,PrivilegeEscalate,Enterprise2,[],[],"[""Enterprise2"", ""User0"", ""User4""]","[""Enterprise2"", ""User0"", ""User4""]","{""blue_first_relevant_response_after_critical"": 15, ""blue_first_relevant_response_after_enterprise"": 6, ""enterprise_foothold_step"": 5, ""first_critical_hit_step"": 14, ""window_end"": 72, ""window_start"": 70}"
ours_stage2_fair,7,stage1_pref_000_ckpt_191,deployment_like,episode_000,6,6007,37,Q2_user_action_during_critical_breach,high,DecoyHarakaSMPT,User0,User,Impact,Op_Server0,"[""Op_Server0""]","[""Op_Server0""]","[""Op_Server0"", ""User0"", ""User2""]","[""Op_Server0"", ""User0"", ""User2""]","{""blue_first_relevant_response_after_critical"": 20, ""blue_first_relevant_response_after_enterprise"": 6, ""enterprise_foothold_step"": 5, ""first_critical_hit_step"": 18, ""window_end"": null, ""window_start"": null}"
ours_stage2_fair,7,stage1_pref_000_ckpt_191,deployment_like,episode_000,6,6007,61,Q2_user_action_during_critical_breach,high,DecoyVsftpd,User1,User,PrivilegeEscalate,Op_Server0,"[""Op_Server0""]","[""Op_Server0""]","[""Enterprise2"", ""Op_Server0"", ""User0"", ""User2""]","[""Enterprise2"", ""Op_Server0"", ""User0"", ""User2""]","{""blue_first_relevant_response_after_critical"": 20, ""blue_first_relevant_response_after_enterprise"": 6, ""enterprise_foothold_step"": 5, ""first_critical_hit_step"": 18, ""window_end"": null, ""window_start"": null}"
ours_stage2_fair,7,stage1_pref_000_ckpt_191,deployment_like,episode_000,6,6007,62,Q2_user_action_during_critical_breach,high,Remove,User2,User,Impact,Op_Server0,"[""Op_Server0""]","[""Op_Server0""]","[""Enterprise2"", ""Op_Server0"", ""User0"", ""User2""]","[""Enterprise2"", ""Op_Server0"", ""User0"", ""User2""]","{""blue_first_relevant_response_after_critical"": 20, ""blue_first_relevant_response_after_enterprise"": 6, ""enterprise_foothold_step"": 5, ""first_critical_hit_step"": 18, ""window_end"": null, ""window_start"": null}"
ours_stage2_fair,7,stage1_pref_000_ckpt_191,deployment_like,episode_000,6,6007,63,Q2_user_action_during_critical_breach,high,DecoyHarakaSMPT,User0,User,Impact,Op_Server0,"[""Op_Server0""]","[""Op_Server0""]","[""Enterprise2"", ""Op_Server0"", ""User0"", ""User2""]","[""Enterprise2"", ""Op_Server0"", ""User0"", ""User2""]","{""blue_first_relevant_response_after_critical"": 20, ""blue_first_relevant_response_after_enterprise"": 6, ""enterprise_foothold_step"": 5, ""first_critical_hit_step"": 18, ""window_end"": null, ""window_start"": null}"
ours_stage2_fair,7,stage1_pref_000_ckpt_191,deployment_like,episode_000,6,6007,64,Q2_user_action_during_critical_breach,high,DecoyVsftpd,User1,User,Impact,Op_Server0,"[""Op_Server0""]","[""Op_Server0""]","[""Enterprise2"", ""Op_Server0"", ""User0"", ""User2""]","[""Enterprise2"", ""Op_Server0"", ""User0"", ""User2""]","{""blue_first_relevant_response_after_critical"": 20, ""blue_first_relevant_response_after_enterprise"": 6, ""enterprise_foothold_step"": 5, ""first_critical_hit_step"": 18, ""window_end"": null, ""window_start"": null}"
ours_stage2_fair,7,stage1_pref_000_ckpt_191,deployment_like,episode_000,6,6007,66,Q2_user_action_during_critical_breach,high,DecoyVsftpd,User1,User,Impact,Op_Server0,"[""Op_Server0""]","[""Op_Server0""]","[""Enterprise2"", ""Op_Server0"", ""User0"", ""User2""]","[""Enterprise2"", ""Op_Server0"", ""User0"", ""User2""]","{""blue_first_relevant_response_after_critical"": 20, ""blue_first_relevant_response_after_enterprise"": 6, ""enterprise_foothold_step"": 5, ""first_critical_hit_step"": 18, ""window_end"": null, ""window_start"": null}"
ours_stage2_fair,7,stage1_pref_000_ckpt_191,deployment_like,episode_000,6,6007,67,Q2_user_action_during_critical_breach,high,DecoyHarakaSMPT,User4,User,Impact,Op_Server0,"[""Op_Server0""]","[""Op_Server0""]","[""Enterprise2"", ""Op_Server0"", ""User0"", ""User2""]","[""Enterprise2"", ""Op_Server0"", ""User0"", ""User2""]","{""blue_first_relevant_response_after_critical"": 20, ""blue_first_relevant_response_after_enterprise"": 6, ""enterprise_foothold_step"": 5, ""first_critical_hit_step"": 18, ""window_end"": null, ""window_start"": null}"
ours_stage2_fair,7,stage1_pref_000_ckpt_191,deployment_like,episode_000,6,6007,69,Q2_user_action_during_critical_breach,high,DecoyHarakaSMPT,User0,User,Impact,Op_Server0,"[""Op_Server0""]","[""Op_Server0""]","[""Op_Server0"", ""User0"", ""User2""]","[""Op_Server0"", ""User0"", ""User2""]","{""blue_first_relevant_response_after_critical"": 20, ""blue_first_relevant_response_after_enterprise"": 6, ""enterprise_foothold_step"": 5, ""first_critical_hit_step"": 18, ""window_end"": null, ""window_start"": null}"
ours_stage2_fair,7,stage1_pref_000_ckpt_191,deployment_like,episode_000,6,6007,96,Q2_user_action_during_critical_breach,high,DecoyVsftpd,User1,User,Impact,Op_Server0,"[""Op_Server0""]","[""Op_Server0""]","[""Op_Server0"", ""User0"", ""User2""]","[""Op_Server0"", ""User0"", ""User2""]","{""blue_first_relevant_response_after_critical"": 20, ""blue_first_relevant_response_after_enterprise"": 6, ""enterprise_foothold_step"": 5, ""first_critical_hit_step"": 18, ""window_end"": null, ""window_start"": null}"
ours_stage2_fair,7,stage1_pref_000_ckpt_191,deployment_like,episode_000,6,6007,97,Q2_user_action_during_critical_breach,high,Remove,User2,User,Impact,Op_Server0,"[""Op_Server0""]","[""Op_Server0""]","[""Op_Server0"", ""User0"", ""User2""]","[""Op_Server0"", ""User0"", ""User2""]","{""blue_first_relevant_response_after_critical"": 20, ""blue_first_relevant_response_after_enterprise"": 6, ""enterprise_foothold_step"": 5, ""first_critical_hit_step"": 18, ""window_end"": null, ""window_start"": null}"
ours_stage2_fair,7,stage1_pref_000_ckpt_191,deployment_like,episode_000,6,6007,28,Q4_user_focus_after_enterprise_foothold,medium,DecoyApache,User0,User,PrivilegeEscalate,Enterprise2,[],[],"[""Enterprise2"", ""User0"", ""User2""]","[""Enterprise2"", ""User0"", ""User2""]","{""blue_first_relevant_response_after_critical"": 20, ""blue_first_relevant_response_after_enterprise"": 6, ""enterprise_foothold_step"": 5, ""first_critical_hit_step"": 18, ""window_end"": 30, ""window_start"": 28}"
ours_stage2_fair,7,stage1_pref_000_ckpt_191,deployment_like,episode_000,6,6007,61,Q4_user_focus_after_enterprise_foothold,medium,DecoyVsftpd,User1,User,PrivilegeEscalate,Op_Server0,"[""Op_Server0""]","[""Op_Server0""]","[""Enterprise2"", ""Op_Server0"", ""User0"", ""User2""]","[""Enterprise2"", ""Op_Server0"", ""User0"", ""User2""]","{""blue_first_relevant_response_after_critical"": 20, ""blue_first_relevant_response_after_enterprise"": 6, ""enterprise_foothold_step"": 5, ""first_critical_hit_step"": 18, ""window_end"": 63, ""window_start"": 61}"
ours_stage2_fair,7,stage1_pref_000_ckpt_191,deployment_like,episode_000,6,6007,62,Q4_user_focus_after_enterprise_foothold,medium,Remove,User2,User,Impact,Op_Server0,"[""Op_Server0""]","[""Op_Server0""]","[""Enterprise2"", ""Op_Server0"", ""User0"", ""User2""]","[""Enterprise2"", ""Op_Server0"", ""User0"", ""User2""]","{""blue_first_relevant_response_after_critical"": 20, ""blue_first_relevant_response_after_enterprise"": 6, ""enterprise_foothold_step"": 5, ""first_critical_hit_step"": 18, ""window_end"": 64, ""window_start"": 62}"
ours_stage2_fair,7,stage1_pref_000_ckpt_191,deployment_like,episode_000,6,6007,22,Q5_repeated_low_value_decoy_loop,medium,DecoyVsftpd,User1,User,ExploitRemoteService,,[],[],"[""User0"", ""User2""]","[""User0"", ""User2""]","{""blue_first_relevant_response_after_critical"": 20, ""blue_first_relevant_response_after_enterprise"": 6, ""enterprise_foothold_step"": 5, ""first_critical_hit_step"": 18, ""window_end"": 31, ""window_start"": 22}"
ours_stage2_fair,7,stage1_pref_000_ckpt_191,deployment_like,episode_000,7,7007,53,Q2_user_action_during_critical_breach,high,Remove,User2,User,PrivilegeEscalate,Op_Server0,"[""Op_Server0""]","[""Op_Server0""]","[""Enterprise2"", ""Op_Server0"", ""User0"", ""User1""]","[""Enterprise2"", ""Op_Server0"", ""User0"", ""User1""]","{""blue_first_relevant_response_after_critical"": 15, ""blue_first_relevant_response_after_enterprise"": 6, ""enterprise_foothold_step"": 5, ""first_critical_hit_step"": 14, ""window_end"": null, ""window_start"": null}"
ours_stage2_fair,7,stage1_pref_000_ckpt_191,deployment_like,episode_000,7,7007,59,Q2_user_action_during_critical_breach,high,DecoyHarakaSMPT,User0,User,Impact,Op_Server0,"[""Op_Server0""]","[""Op_Server0""]","[""Op_Server0"", ""User0"", ""User1""]","[""Op_Server0"", ""User0"", ""User1""]","{""blue_first_relevant_response_after_critical"": 15, ""blue_first_relevant_response_after_enterprise"": 6, ""enterprise_foothold_step"": 5, ""first_critical_hit_step"": 14, ""window_end"": null, ""window_start"": null}"
ours_stage2_fair,7,stage1_pref_000_ckpt_191,deployment_like,episode_000,7,7007,60,Q2_user_action_during_critical_breach,high,DecoyApache,User0,User,Impact,Op_Server0,"[""Op_Server0""]","[""Op_Server0""]","[""Op_Server0"", ""User0"", ""User1""]","[""Op_Server0"", ""User0"", ""User1""]","{""blue_first_relevant_response_after_critical"": 15, ""blue_first_relevant_response_after_enterprise"": 6, ""enterprise_foothold_step"": 5, ""first_critical_hit_step"": 14, ""window_end"": null, ""window_start"": null}"
ours_stage2_fair,7,stage1_pref_000_ckpt_191,deployment_like,episode_000,7,7007,64,Q2_user_action_during_critical_breach,high,DecoyVsftpd,User1,User,Impact,Op_Server0,"[""Op_Server0""]","[""Op_Server0""]","[""Op_Server0"", ""User0"", ""User1""]","[""Op_Server0"", ""User0"", ""User1""]","{""blue_first_relevant_response_after_critical"": 15, ""blue_first_relevant_response_after_enterprise"": 6, ""enterprise_foothold_step"": 5, ""first_critical_hit_step"": 14, ""window_end"": null, ""window_start"": null}"
ours_stage2_fair,7,stage1_pref_000_ckpt_191,deployment_like,episode_000,7,7007,67,Q2_user_action_during_critical_breach,high,DecoyVsftpd,User1,User,Impact,Op_Server0,"[""Op_Server0""]","[""Op_Server0""]","[""Op_Server0"", ""User0"", ""User1""]","[""Op_Server0"", ""User0"", ""User1""]","{""blue_first_relevant_response_after_critical"": 15, ""blue_first_relevant_response_after_enterprise"": 6, ""enterprise_foothold_step"": 5, ""first_critical_hit_step"": 14, ""window_end"": null, ""window_start"": null}"
ours_stage2_fair,7,stage1_pref_000_ckpt_191,deployment_like,episode_000,7,7007,70,Q2_user_action_during_critical_breach,high,DecoyApache,User4,User,Impact,Op_Server0,"[""Op_Server0""]","[""Op_Server0""]","[""Op_Server0"", ""User0"", ""User1""]","[""Op_Server0"", ""User0"", ""User1""]","{""blue_first_relevant_response_after_critical"": 15, ""blue_first_relevant_response_after_enterprise"": 6, ""enterprise_foothold_step"": 5, ""first_critical_hit_step"": 14, ""window_end"": null, ""window_start"": null}"
ours_stage2_fair,7,stage1_pref_000_ckpt_191,deployment_like,episode_000,7,7007,24,Q4_user_focus_after_enterprise_foothold,medium,DecoyApache,User0,User,PrivilegeEscalate,Op_Server0,[],[],"[""User0"", ""User1""]","[""User0"", ""User1""]","{""blue_first_relevant_response_after_critical"": 15, ""blue_first_relevant_response_after_enterprise"": 6, ""enterprise_foothold_step"": 5, ""first_critical_hit_step"": 14, ""window_end"": 26, ""window_start"": 24}"
ours_stage2_fair,7,stage1_pref_000_ckpt_191,deployment_like,episode_001,0,8,81,Q2_user_action_during_critical_breach,high,Remove,User2,User,PrivilegeEscalate,Op_Server0,"[""Op_Server0""]","[""Op_Server0""]","[""Enterprise2"", ""Op_Server0"", ""User0"", ""User1""]","[""Enterprise2"", ""Op_Server0"", ""User0"", ""User1""]","{""blue_first_relevant_response_after_critical"": 41, ""blue_first_relevant_response_after_enterprise"": 7, ""enterprise_foothold_step"": 5, ""first_critical_hit_step"": 40, ""window_end"": null, ""window_start"": null}"
ours_stage2_fair,7,stage1_pref_000_ckpt_191,deployment_like,episode_001,0,8,86,Q2_user_action_during_critical_breach,high,Remove,User2,User,Impact,Op_Server0,"[""Op_Server0""]","[""Op_Server0""]","[""Op_Server0"", ""User0"", ""User1""]","[""Op_Server0"", ""User0"", ""User1""]","{""blue_first_relevant_response_after_critical"": 41, ""blue_first_relevant_response_after_enterprise"": 7, ""enterprise_foothold_step"": 5, ""first_critical_hit_step"": 40, ""window_end"": null, ""window_start"": null}"
ours_stage2_fair,7,stage1_pref_000_ckpt_191,deployment_like,episode_001,0,8,96,Q2_user_action_during_critical_breach,high,DecoyVsftpd,User1,User,Impact,Op_Server0,"[""Op_Server0""]","[""Op_Server0""]","[""Op_Server0"", ""User0"", ""User1""]","[""Op_Server0"", ""User0"", ""User1""]","{""blue_first_relevant_response_after_critical"": 41, ""blue_first_relevant_response_after_enterprise"": 7, ""enterprise_foothold_step"": 5, ""first_critical_hit_step"": 40, ""window_end"": null, ""window_start"": null}"
ours_stage2_fair,7,stage1_pref_000_ckpt_191,deployment_like,episode_001,1,1008,23,Q2_user_action_during_critical_breach,high,Analyse,User0,User,PrivilegeEscalate,Op_Server0,"[""Op_Server0""]","[""Op_Server0""]","[""Enterprise0"", ""Op_Server0"", ""User0"", ""User4""]","[""Enterprise0"", ""Op_Server0"", ""User0"", ""User4""]","{""blue_first_relevant_response_after_critical"": 13, ""blue_first_relevant_response_after_enterprise"": 6, ""enterprise_foothold_step"": 5, ""first_critical_hit_step"": 12, ""window_end"": null, ""window_start"": null}"
ours_stage2_fair,7,stage1_pref_000_ckpt_191,deployment_like,episode_001,1,1008,42,Q2_user_action_during_critical_breach,high,DecoyApache,User0,User,Impact,Op_Server0,"[""Op_Server0""]","[""Op_Server0""]","[""Enterprise0"", ""Op_Server0"", ""User0"", ""User4""]","[""Enterprise0"", ""Op_Server0"", ""User0"", ""User4""]","{""blue_first_relevant_response_after_critical"": 13, ""blue_first_relevant_response_after_enterprise"": 6, ""enterprise_foothold_step"": 5, ""first_critical_hit_step"": 12, ""window_end"": null, ""window_start"": null}"
ours_stage2_fair,7,stage1_pref_000_ckpt_191,deployment_like,episode_001,1,1008,43,Q2_user_action_during_critical_breach,high,DecoyApache,User0,User,Impact,Op_Server0,"[""Op_Server0""]","[""Op_Server0""]","[""Enterprise0"", ""Op_Server0"", ""User0"", ""User4""]","[""Enterprise0"", ""Op_Server0"", ""User0"", ""User4""]","{""blue_first_relevant_response_after_critical"": 13, ""blue_first_relevant_response_after_enterprise"": 6, ""enterprise_foothold_step"": 5, ""first_critical_hit_step"": 12, ""window_end"": null, ""window_start"": null}"
ours_stage2_fair,7,stage1_pref_000_ckpt_191,deployment_like,episode_001,1,1008,44,Q2_user_action_during_critical_breach,high,DecoyHarakaSMPT,User4,User,Impact,Op_Server0,"[""Op_Server0""]","[""Op_Server0""]","[""Enterprise0"", ""Op_Server0"", ""User0"", ""User4""]","[""Enterprise0"", ""Op_Server0"", ""User0"", ""User4""]","{""blue_first_relevant_response_after_critical"": 13, ""blue_first_relevant_response_after_enterprise"": 6, ""enterprise_foothold_step"": 5, ""first_critical_hit_step"": 12, ""window_end"": null, ""window_start"": null}"
ours_stage2_fair,7,stage1_pref_000_ckpt_191,deployment_like,episode_001,1,1008,45,Q2_user_action_during_critical_breach,high,DecoyApache,User0,User,Impact,Op_Server0,"[""Op_Server0""]","[""Op_Server0""]","[""Enterprise0"", ""Op_Server0"", ""User0"", ""User4""]","[""Enterprise0"", ""Op_Server0"", ""User0"", ""User4""]","{""blue_first_relevant_response_after_critical"": 13, ""blue_first_relevant_response_after_enterprise"": 6, ""enterprise_foothold_step"": 5, ""first_critical_hit_step"": 12, ""window_end"": null, ""window_start"": null}"
ours_stage2_fair,7,stage1_pref_000_ckpt_191,deployment_like,episode_001,1,1008,46,Q2_user_action_during_critical_breach,high,DecoyFemitter,User2,User,Impact,Op_Server0,"[""Op_Server0""]","[""Op_Server0""]","[""Enterprise0"", ""Op_Server0"", ""User0"", ""User4""]","[""Enterprise0"", ""Op_Server0"", ""User0"", ""User4""]","{""blue_first_relevant_response_after_critical"": 13, ""blue_first_relevant_response_after_enterprise"": 6, ""enterprise_foothold_step"": 5, ""first_critical_hit_step"": 12, ""window_end"": null, ""window_start"": null}"
ours_stage2_fair,7,stage1_pref_000_ckpt_191,deployment_like,episode_001,1,1008,53,Q2_user_action_during_critical_breach,high,DecoyVsftpd,User1,User,Impact,Op_Server0,"[""Op_Server0""]","[""Op_Server0""]","[""Enterprise0"", ""Op_Server0"", ""User0"", ""User4""]","[""Enterprise0"", ""Op_Server0"", ""User0"", ""User4""]","{""blue_first_relevant_response_after_critical"": 13, ""blue_first_relevant_response_after_enterprise"": 6, ""enterprise_foothold_step"": 5, ""first_critical_hit_step"": 12, ""window_end"": null, ""window_start"": null}"
ours_stage2_fair,7,stage1_pref_000_ckpt_191,deployment_like,episode_001,1,1008,54,Q2_user_action_during_critical_breach,high,DecoyHarakaSMPT,User0,User,Impact,Op_Server0,"[""Op_Server0""]","[""Op_Server0""]","[""Enterprise0"", ""Op_Server0"", ""User0"", ""User4""]","[""Enterprise0"", ""Op_Server0"", ""User0"", ""User4""]","{""blue_first_relevant_response_after_critical"": 13, ""blue_first_relevant_response_after_enterprise"": 6, ""enterprise_foothold_step"": 5, ""first_critical_hit_step"": 12, ""window_end"": null, ""window_start"": null}"
ours_stage2_fair,7,stage1_pref_000_ckpt_191,deployment_like,episode_001,1,1008,67,Q2_user_action_during_critical_breach,high,DecoyApache,User0,User,Impact,Op_Server0,"[""Op_Server0""]","[""Op_Server0""]","[""Enterprise0"", ""Op_Server0"", ""User0"", ""User4""]","[""Enterprise0"", ""Op_Server0"", ""User0"", ""User4""]","{""blue_first_relevant_response_after_critical"": 13, ""blue_first_relevant_response_after_enterprise"": 6, ""enterprise_foothold_step"": 5, ""first_critical_hit_step"": 12, ""window_end"": null, ""window_start"": null}"
ours_stage2_fair,7,stage1_pref_000_ckpt_191,deployment_like,episode_001,1,1008,71,Q2_user_action_during_critical_breach,high,DecoyHarakaSMPT,User0,User,PrivilegeEscalate,Op_Server0,"[""Op_Server0""]","[""Op_Server0""]","[""Enterprise0"", ""Op_Server0"", ""User0"", ""User4""]","[""Enterprise0"", ""Op_Server0"", ""User0"", ""User4""]","{""blue_first_relevant_response_after_critical"": 13, ""blue_first_relevant_response_after_enterprise"": 6, ""enterprise_foothold_step"": 5, ""first_critical_hit_step"": 12, ""window_end"": null, ""window_start"": null}"
ours_stage2_fair,7,stage1_pref_000_ckpt_191,deployment_like,episode_001,1,1008,72,Q2_user_action_during_critical_breach,high,DecoyApache,User0,User,Impact,Op_Server0,"[""Op_Server0""]","[""Op_Server0""]","[""Enterprise0"", ""Op_Server0"", ""User0"", ""User4""]","[""Enterprise0"", ""Op_Server0"", ""User0"", ""User4""]","{""blue_first_relevant_response_after_critical"": 13, ""blue_first_relevant_response_after_enterprise"": 6, ""enterprise_foothold_step"": 5, ""first_critical_hit_step"": 12, ""window_end"": null, ""window_start"": null}"
ours_stage2_fair,7,stage1_pref_000_ckpt_191,deployment_like,episode_001,1,1008,73,Q2_user_action_during_critical_breach,high,DecoyVsftpd,User1,User,Impact,Op_Server0,"[""Op_Server0""]","[""Op_Server0""]","[""Enterprise0"", ""Op_Server0"", ""User0"", ""User4""]","[""Enterprise0"", ""Op_Server0"", ""User0"", ""User4""]","{""blue_first_relevant_response_after_critical"": 13, ""blue_first_relevant_response_after_enterprise"": 6, ""enterprise_foothold_step"": 5, ""first_critical_hit_step"": 12, ""window_end"": null, ""window_start"": null}"
ours_stage2_fair,7,stage1_pref_000_ckpt_191,deployment_like,episode_001,1,1008,77,Q2_user_action_during_critical_breach,high,DecoyHarakaSMPT,User4,User,Impact,Op_Server0,"[""Op_Server0""]","[""Op_Server0""]","[""Enterprise0"", ""Op_Server0"", ""User0"", ""User4""]","[""Enterprise0"", ""Op_Server0"", ""User0"", ""User4""]","{""blue_first_relevant_response_after_critical"": 13, ""blue_first_relevant_response_after_enterprise"": 6, ""enterprise_foothold_step"": 5, ""first_critical_hit_step"": 12, ""window_end"": null, ""window_start"": null}"
ours_stage2_fair,7,stage1_pref_000_ckpt_191,deployment_like,episode_001,1,1008,86,Q2_user_action_during_critical_breach,high,DecoyHarakaSMPT,User4,User,Impact,Op_Server0,"[""Op_Server0""]","[""Op_Server0""]","[""Enterprise0"", ""Op_Server0"", ""User0"", ""User4""]","[""Enterprise0"", ""Op_Server0"", ""User0"", ""User4""]","{""blue_first_relevant_response_after_critical"": 13, ""blue_first_relevant_response_after_enterprise"": 6, ""enterprise_foothold_step"": 5, ""first_critical_hit_step"": 12, ""window_end"": null, ""window_start"": null}"
ours_stage2_fair,7,stage1_pref_000_ckpt_191,deployment_like,episode_001,1,1008,87,Q2_user_action_during_critical_breach,high,DecoyApache,User0,User,Impact,Op_Server0,"[""Op_Server0""]","[""Op_Server0""]","[""Enterprise0"", ""Op_Server0"", ""User0"", ""User4""]","[""Enterprise0"", ""Op_Server0"", ""User0"", ""User4""]","{""blue_first_relevant_response_after_critical"": 13, ""blue_first_relevant_response_after_enterprise"": 6, ""enterprise_foothold_step"": 5, ""first_critical_hit_step"": 12, ""window_end"": null, ""window_start"": null}"
ours_stage2_fair,7,stage1_pref_000_ckpt_191,deployment_like,episode_001,1,1008,90,Q2_user_action_during_critical_breach,high,DecoyApache,User0,User,Impact,Op_Server0,"[""Op_Server0""]","[""Op_Server0""]","[""Enterprise0"", ""Op_Server0"", ""User0"", ""User4""]","[""Enterprise0"", ""Op_Server0"", ""User0"", ""User4""]","{""blue_first_relevant_response_after_critical"": 13, ""blue_first_relevant_response_after_enterprise"": 6, ""enterprise_foothold_step"": 5, ""first_critical_hit_step"": 12, ""window_end"": null, ""window_start"": null}"
ours_stage2_fair,7,stage1_pref_000_ckpt_191,deployment_like,episode_001,1,1008,91,Q2_user_action_during_critical_breach,high,DecoyHarakaSMPT,User4,User,Impact,Op_Server0,"[""Op_Server0""]","[""Op_Server0""]","[""Enterprise0"", ""Op_Server0"", ""User0"", ""User4""]","[""Enterprise0"", ""Op_Server0"", ""User0"", ""User4""]","{""blue_first_relevant_response_after_critical"": 13, ""blue_first_relevant_response_after_enterprise"": 6, ""enterprise_foothold_step"": 5, ""first_critical_hit_step"": 12, ""window_end"": null, ""window_start"": null}"
ours_stage2_fair,7,stage1_pref_000_ckpt_191,deployment_like,episode_001,1,1008,95,Q2_user_action_during_critical_breach,high,DecoyHarakaSMPT,User4,User,PrivilegeEscalate,Op_Server0,"[""Op_Server0""]","[""Op_Server0""]","[""Enterprise0"", ""Op_Server0"", ""User0"", ""User4""]","[""Enterprise0"", ""Op_Server0"", ""User0"", ""User4""]","{""blue_first_relevant_response_after_critical"": 13, ""blue_first_relevant_response_after_enterprise"": 6, ""enterprise_foothold_step"": 5, ""first_critical_hit_step"": 12, ""window_end"": null, ""window_start"": null}"
ours_stage2_fair,7,stage1_pref_000_ckpt_191,deployment_like,episode_001,1,1008,42,Q4_user_focus_after_enterprise_foothold,medium,DecoyApache,User0,User,Impact,Op_Server0,"[""Op_Server0""]","[""Op_Server0""]","[""Enterprise0"", ""Op_Server0"", ""User0"", ""User4""]","[""Enterprise0"", ""Op_Server0"", ""User0"", ""User4""]","{""blue_first_relevant_response_after_critical"": 13, ""blue_first_relevant_response_after_enterprise"": 6, ""enterprise_foothold_step"": 5, ""first_critical_hit_step"": 12, ""window_end"": 44, ""window_start"": 42}"
ours_stage2_fair,7,stage1_pref_000_ckpt_191,deployment_like,episode_001,1,1008,43,Q4_user_focus_after_enterprise_foothold,medium,DecoyApache,User0,User,Impact,Op_Server0,"[""Op_Server0""]","[""Op_Server0""]","[""Enterprise0"", ""Op_Server0"", ""User0"", ""User4""]","[""Enterprise0"", ""Op_Server0"", ""User0"", ""User4""]","{""blue_first_relevant_response_after_critical"": 13, ""blue_first_relevant_response_after_enterprise"": 6, ""enterprise_foothold_step"": 5, ""first_critical_hit_step"": 12, ""window_end"": 45, ""window_start"": 43}"
ours_stage2_fair,7,stage1_pref_000_ckpt_191,deployment_like,episode_001,1,1008,44,Q4_user_focus_after_enterprise_foothold,medium,DecoyHarakaSMPT,User4,User,Impact,Op_Server0,"[""Op_Server0""]","[""Op_Server0""]","[""Enterprise0"", ""Op_Server0"", ""User0"", ""User4""]","[""Enterprise0"", ""Op_Server0"", ""User0"", ""User4""]","{""blue_first_relevant_response_after_critical"": 13, ""blue_first_relevant_response_after_enterprise"": 6, ""enterprise_foothold_step"": 5, ""first_critical_hit_step"": 12, ""window_end"": 46, ""window_start"": 44}"
ours_stage2_fair,7,stage1_pref_000_ckpt_191,deployment_like,episode_001,1,1008,70,Q4_user_focus_after_enterprise_foothold,medium,Remove,User2,User,ExploitRemoteService,,[],"[""Op_Server0""]","[""Enterprise0"", ""User0"", ""User4""]","[""Enterprise0"", ""Op_Server0"", ""User0"", ""User4""]","{""blue_first_relevant_response_after_critical"": 13, ""blue_first_relevant_response_after_enterprise"": 6, ""enterprise_foothold_step"": 5, ""first_critical_hit_step"": 12, ""window_end"": 72, ""window_start"": 70}"
ours_stage2_fair,7,stage1_pref_000_ckpt_191,deployment_like,episode_001,1,1008,71,Q4_user_focus_after_enterprise_foothold,medium,DecoyHarakaSMPT,User0,User,PrivilegeEscalate,Op_Server0,"[""Op_Server0""]","[""Op_Server0""]","[""Enterprise0"", ""Op_Server0"", ""User0"", ""User4""]","[""Enterprise0"", ""Op_Server0"", ""User0"", ""User4""]","{""blue_first_relevant_response_after_critical"": 13, ""blue_first_relevant_response_after_enterprise"": 6, ""enterprise_foothold_step"": 5, ""first_critical_hit_step"": 12, ""window_end"": 73, ""window_start"": 71}"
ours_stage2_fair,7,stage1_pref_000_ckpt_191,deployment_like,episode_001,1,1008,42,Q5_repeated_low_value_decoy_loop,medium,DecoyApache,User0,User,Impact,Op_Server0,"[""Op_Server0""]","[""Op_Server0""]","[""Enterprise0"", ""Op_Server0"", ""User0"", ""User4""]","[""Enterprise0"", ""Op_Server0"", ""User0"", ""User4""]","{""blue_first_relevant_response_after_critical"": 13, ""blue_first_relevant_response_after_enterprise"": 6, ""enterprise_foothold_step"": 5, ""first_critical_hit_step"": 12, ""window_end"": 45, ""window_start"": 36}"
ours_stage2_fair,7,stage1_pref_000_ckpt_191,deployment_like,episode_001,2,2008,25,Q2_user_action_during_critical_breach,high,DecoyVsftpd,User1,User,PrivilegeEscalate,Op_Server0,"[""Op_Server0""]","[""Op_Server0""]","[""Enterprise2"", ""Op_Server0"", ""User0"", ""User1""]","[""Enterprise2"", ""Op_Server0"", ""User0"", ""User1""]","{""blue_first_relevant_response_after_critical"": 26, ""blue_first_relevant_response_after_enterprise"": 7, ""enterprise_foothold_step"": 5, ""first_critical_hit_step"": 24, ""window_end"": null, ""window_start"": null}"
ours_stage2_fair,7,stage1_pref_000_ckpt_191,deployment_like,episode_001,2,2008,28,Q2_user_action_during_critical_breach,high,DecoyVsftpd,User1,User,Impact,Op_Server0,"[""Op_Server0""]","[""Op_Server0""]","[""Enterprise2"", ""Op_Server0"", ""User0"", ""User1""]","[""Enterprise2"", ""Op_Server0"", ""User0"", ""User1""]","{""blue_first_relevant_response_after_critical"": 26, ""blue_first_relevant_response_after_enterprise"": 7, ""enterprise_foothold_step"": 5, ""first_critical_hit_step"": 24, ""window_end"": null, ""window_start"": null}"
ours_stage2_fair,7,stage1_pref_000_ckpt_191,deployment_like,episode_001,2,2008,31,Q2_user_action_during_critical_breach,high,DecoyHarakaSMPT,User4,User,Impact,Op_Server0,"[""Op_Server0""]","[""Op_Server0""]","[""Enterprise2"", ""Op_Server0"", ""User0"", ""User1""]","[""Enterprise2"", ""Op_Server0"", ""User0"", ""User1""]","{""blue_first_relevant_response_after_critical"": 26, ""blue_first_relevant_response_after_enterprise"": 7, ""enterprise_foothold_step"": 5, ""first_critical_hit_step"": 24, ""window_end"": null, ""window_start"": null}"
ours_stage2_fair,7,stage1_pref_000_ckpt_191,deployment_like,episode_001,2,2008,34,Q2_user_action_during_critical_breach,high,DecoyApache,User0,User,Impact,Op_Server0,"[""Op_Server0""]","[""Op_Server0""]","[""Op_Server0"", ""User0"", ""User1""]","[""Op_Server0"", ""User0"", ""User1""]","{""blue_first_relevant_response_after_critical"": 26, ""blue_first_relevant_response_after_enterprise"": 7, ""enterprise_foothold_step"": 5, ""first_critical_hit_step"": 24, ""window_end"": null, ""window_start"": null}"
ours_stage2_fair,7,stage1_pref_000_ckpt_191,deployment_like,episode_001,2,2008,35,Q2_user_action_during_critical_breach,high,Remove,User2,User,Impact,Op_Server0,"[""Op_Server0""]","[""Op_Server0""]","[""Op_Server0"", ""User0"", ""User1""]","[""Op_Server0"", ""User0"", ""User1""]","{""blue_first_relevant_response_after_critical"": 26, ""blue_first_relevant_response_after_enterprise"": 7, ""enterprise_foothold_step"": 5, ""first_critical_hit_step"": 24, ""window_end"": null, ""window_start"": null}"
ours_stage2_fair,7,stage1_pref_000_ckpt_191,deployment_like,episode_001,2,2008,38,Q2_user_action_during_critical_breach,high,Remove,User2,User,Impact,Op_Server0,"[""Op_Server0""]","[""Op_Server0""]","[""Op_Server0"", ""User0"", ""User1""]","[""Op_Server0"", ""User0"", ""User1""]","{""blue_first_relevant_response_after_critical"": 26, ""blue_first_relevant_response_after_enterprise"": 7, ""enterprise_foothold_step"": 5, ""first_critical_hit_step"": 24, ""window_end"": null, ""window_start"": null}"
ours_stage2_fair,7,stage1_pref_000_ckpt_191,deployment_like,episode_001,2,2008,43,Q2_user_action_during_critical_breach,high,DecoyApache,User0,User,Impact,Op_Server0,"[""Op_Server0""]","[""Op_Server0""]","[""Op_Server0"", ""User0"", ""User1""]","[""Op_Server0"", ""User0"", ""User1""]","{""blue_first_relevant_response_after_critical"": 26, ""blue_first_relevant_response_after_enterprise"": 7, ""enterprise_foothold_step"": 5, ""first_critical_hit_step"": 24, ""window_end"": null, ""window_start"": null}"
ours_stage2_fair,7,stage1_pref_000_ckpt_191,deployment_like,episode_001,2,2008,52,Q2_user_action_during_critical_breach,high,DecoyApache,User0,User,Impact,Op_Server0,"[""Op_Server0""]","[""Op_Server0""]","[""Enterprise2"", ""Op_Server0"", ""User0"", ""User1""]","[""Enterprise2"", ""Op_Server0"", ""User0"", ""User1""]","{""blue_first_relevant_response_after_critical"": 26, ""blue_first_relevant_response_after_enterprise"": 7, ""enterprise_foothold_step"": 5, ""first_critical_hit_step"": 24, ""window_end"": null, ""window_start"": null}"
ours_stage2_fair,7,stage1_pref_000_ckpt_191,deployment_like,episode_001,2,2008,87,Q2_user_action_during_critical_breach,high,Remove,User2,User,PrivilegeEscalate,Op_Server0,"[""Op_Server0""]","[""Op_Server0""]","[""Enterprise2"", ""Op_Server0"", ""User0"", ""User1""]","[""Enterprise2"", ""Op_Server0"", ""User0"", ""User1""]","{""blue_first_relevant_response_after_critical"": 26, ""blue_first_relevant_response_after_enterprise"": 7, ""enterprise_foothold_step"": 5, ""first_critical_hit_step"": 24, ""window_end"": null, ""window_start"": null}"
ours_stage2_fair,7,stage1_pref_000_ckpt_191,deployment_like,episode_001,2,2008,91,Q2_user_action_during_critical_breach,high,DecoyHarakaSMPT,User4,User,Impact,Op_Server0,"[""Op_Server0""]","[""Op_Server0""]","[""Enterprise2"", ""Op_Server0"", ""User0"", ""User1""]","[""Enterprise2"", ""Op_Server0"", ""User0"", ""User1""]","{""blue_first_relevant_response_after_critical"": 26, ""blue_first_relevant_response_after_enterprise"": 7, ""enterprise_foothold_step"": 5, ""first_critical_hit_step"": 24, ""window_end"": null, ""window_start"": null}"
ours_stage2_fair,7,stage1_pref_000_ckpt_191,deployment_like,episode_001,3,3008,16,Q2_user_action_during_critical_breach,high,DecoyHarakaSMPT,User4,User,Impact,Op_Server0,"[""Op_Server0""]","[""Op_Server0""]","[""Enterprise2"", ""Op_Server0"", ""User0"", ""User1""]","[""Enterprise2"", ""Op_Server0"", ""User0"", ""User1""]","{""blue_first_relevant_response_after_critical"": 17, ""blue_first_relevant_response_after_enterprise"": 6, ""enterprise_foothold_step"": 5, ""first_critical_hit_step"": 14, ""window_end"": null, ""window_start"": null}"
ours_stage2_fair,7,stage1_pref_000_ckpt_191,deployment_like,episode_001,3,3008,20,Q2_user_action_during_critical_breach,high,DecoyVsftpd,User1,User,Impact,Op_Server0,"[""Op_Server0""]","[""Op_Server0""]","[""Op_Server0"", ""User0"", ""User1""]","[""Op_Server0"", ""User0"", ""User1""]","{""blue_first_relevant_response_after_critical"": 17, ""blue_first_relevant_response_after_enterprise"": 6, ""enterprise_foothold_step"": 5, ""first_critical_hit_step"": 14, ""window_end"": null, ""window_start"": null}"
ours_stage2_fair,7,stage1_pref_000_ckpt_191,deployment_like,episode_001,3,3008,47,Q2_user_action_during_critical_breach,high,DecoyHarakaSMPT,User0,User,Impact,Op_Server0,"[""Op_Server0""]","[""Op_Server0""]","[""Enterprise2"", ""Op_Server0"", ""User0"", ""User1""]","[""Enterprise2"", ""Op_Server0"", ""User0"", ""User1""]","{""blue_first_relevant_response_after_critical"": 17, ""blue_first_relevant_response_after_enterprise"": 6, ""enterprise_foothold_step"": 5, ""first_critical_hit_step"": 14, ""window_end"": null, ""window_start"": null}"
ours_stage2_fair,7,stage1_pref_000_ckpt_191,deployment_like,episode_001,3,3008,50,Q2_user_action_during_critical_breach,high,DecoySSHD,User1,User,Impact,Op_Server0,"[""Op_Server0""]","[""Op_Server0""]","[""Enterprise2"", ""Op_Server0"", ""User0"", ""User1""]","[""Enterprise2"", ""Op_Server0"", ""User0"", ""User1""]","{""blue_first_relevant_response_after_critical"": 17, ""blue_first_relevant_response_after_enterprise"": 6, ""enterprise_foothold_step"": 5, ""first_critical_hit_step"": 14, ""window_end"": null, ""window_start"": null}"
ours_stage2_fair,7,stage1_pref_000_ckpt_191,deployment_like,episode_001,3,3008,53,Q2_user_action_during_critical_breach,high,DecoyVsftpd,User1,User,Impact,Op_Server0,"[""Op_Server0""]","[""Op_Server0""]","[""Op_Server0"", ""User0"", ""User1""]","[""Op_Server0"", ""User0"", ""User1""]","{""blue_first_relevant_response_after_critical"": 17, ""blue_first_relevant_response_after_enterprise"": 6, ""enterprise_foothold_step"": 5, ""first_critical_hit_step"": 14, ""window_end"": null, ""window_start"": null}"
ours_stage2_fair,7,stage1_pref_000_ckpt_191,deployment_like,episode_001,3,3008,69,Q2_user_action_during_critical_breach,high,DecoyHarakaSMPT,User0,User,Impact,Op_Server0,"[""Op_Server0""]","[""Op_Server0""]","[""Enterprise2"", ""Op_Server0"", ""User0"", ""User1""]","[""Enterprise2"", ""Op_Server0"", ""User0"", ""User1""]","{""blue_first_relevant_response_after_critical"": 17, ""blue_first_relevant_response_after_enterprise"": 6, ""enterprise_foothold_step"": 5, ""first_critical_hit_step"": 14, ""window_end"": null, ""window_start"": null}"
ours_stage2_fair,7,stage1_pref_000_ckpt_191,deployment_like,episode_001,3,3008,73,Q2_user_action_during_critical_breach,high,DecoyHarakaSMPT,User0,User,Impact,Op_Server0,"[""Op_Server0""]","[""Op_Server0""]","[""Op_Server0"", ""User0"", ""User1""]","[""Op_Server0"", ""User0"", ""User1""]","{""blue_first_relevant_response_after_critical"": 17, ""blue_first_relevant_response_after_enterprise"": 6, ""enterprise_foothold_step"": 5, ""first_critical_hit_step"": 14, ""window_end"": null, ""window_start"": null}"
ours_stage2_fair,7,stage1_pref_000_ckpt_191,deployment_like,episode_001,3,3008,75,Q2_user_action_during_critical_breach,high,DecoySSHD,User1,User,Impact,Op_Server0,"[""Op_Server0""]","[""Op_Server0""]","[""Op_Server0"", ""User0"", ""User1""]","[""Op_Server0"", ""User0"", ""User1""]","{""blue_first_relevant_response_after_critical"": 17, ""blue_first_relevant_response_after_enterprise"": 6, ""enterprise_foothold_step"": 5, ""first_critical_hit_step"": 14, ""window_end"": null, ""window_start"": null}"
ours_stage2_fair,7,stage1_pref_000_ckpt_191,deployment_like,episode_001,3,3008,77,Q2_user_action_during_critical_breach,high,DecoyHarakaSMPT,User0,User,Impact,Op_Server0,"[""Op_Server0""]","[""Op_Server0""]","[""Op_Server0"", ""User0"", ""User1""]","[""Op_Server0"", ""User0"", ""User1""]","{""blue_first_relevant_response_after_critical"": 17, ""blue_first_relevant_response_after_enterprise"": 6, ""enterprise_foothold_step"": 5, ""first_critical_hit_step"": 14, ""window_end"": null, ""window_start"": null}"
ours_stage2_fair,7,stage1_pref_000_ckpt_191,deployment_like,episode_001,3,3008,80,Q2_user_action_during_critical_breach,high,DecoyFemitter,User2,User,Impact,Op_Server0,"[""Op_Server0""]","[""Op_Server0""]","[""Op_Server0"", ""User0"", ""User1""]","[""Op_Server0"", ""User0"", ""User1""]","{""blue_first_relevant_response_after_critical"": 17, ""blue_first_relevant_response_after_enterprise"": 6, ""enterprise_foothold_step"": 5, ""first_critical_hit_step"": 14, ""window_end"": null, ""window_start"": null}"
ours_stage2_fair,7,stage1_pref_000_ckpt_191,deployment_like,episode_001,3,3008,84,Q2_user_action_during_critical_breach,high,DecoyVsftpd,User1,User,Impact,Op_Server0,"[""Op_Server0""]","[""Op_Server0""]","[""Op_Server0"", ""User0"", ""User1""]","[""Op_Server0"", ""User0"", ""User1""]","{""blue_first_relevant_response_after_critical"": 17, ""blue_first_relevant_response_after_enterprise"": 6, ""enterprise_foothold_step"": 5, ""first_critical_hit_step"": 14, ""window_end"": null, ""window_start"": null}"
ours_stage2_fair,7,stage1_pref_000_ckpt_191,deployment_like,episode_001,3,3008,65,Q5_repeated_low_value_decoy_loop,medium,DecoyHarakaSMPT,User0,User,PrivilegeEscalate,Enterprise2,[],[],"[""Enterprise2"", ""User0"", ""User1""]","[""Enterprise2"", ""User0"", ""User1""]","{""blue_first_relevant_response_after_critical"": 17, ""blue_first_relevant_response_after_enterprise"": 6, ""enterprise_foothold_step"": 5, ""first_critical_hit_step"": 14, ""window_end"": 73, ""window_start"": 64}"
ours_stage2_fair,7,stage1_pref_000_ckpt_191,deployment_like,episode_001,4,4008,19,Q2_user_action_during_critical_breach,high,DecoyHarakaSMPT,User0,User,PrivilegeEscalate,Op_Server0,"[""Op_Server0""]","[""Op_Server0""]","[""Enterprise0"", ""Op_Server0"", ""User0"", ""User4""]","[""Enterprise0"", ""Op_Server0"", ""User0"", ""User4""]","{""blue_first_relevant_response_after_critical"": 14, ""blue_first_relevant_response_after_enterprise"": 7, ""enterprise_foothold_step"": 5, ""first_critical_hit_step"": 12, ""window_end"": null, ""window_start"": null}"
ours_stage2_fair,7,stage1_pref_000_ckpt_191,deployment_like,episode_001,4,4008,20,Q2_user_action_during_critical_breach,high,DecoyHarakaSMPT,User4,User,Impact,Op_Server0,"[""Op_Server0""]","[""Op_Server0""]","[""Enterprise0"", ""Op_Server0"", ""User0"", ""User4""]","[""Enterprise0"", ""Op_Server0"", ""User0"", ""User4""]","{""blue_first_relevant_response_after_critical"": 14, ""blue_first_relevant_response_after_enterprise"": 7, ""enterprise_foothold_step"": 5, ""first_critical_hit_step"": 12, ""window_end"": null, ""window_start"": null}"
ours_stage2_fair,7,stage1_pref_000_ckpt_191,deployment_like,episode_001,4,4008,32,Q2_user_action_during_critical_breach,high,DecoyHarakaSMPT,User0,User,Impact,Op_Server0,"[""Op_Server0""]","[""Op_Server0""]","[""Enterprise0"", ""Op_Server0"", ""User0"", ""User4""]","[""Enterprise0"", ""Op_Server0"", ""User0"", ""User4""]","{""blue_first_relevant_response_after_critical"": 14, ""blue_first_relevant_response_after_enterprise"": 7, ""enterprise_foothold_step"": 5, ""first_critical_hit_step"": 12, ""window_end"": null, ""window_start"": null}"
ours_stage2_fair,7,stage1_pref_000_ckpt_191,deployment_like,episode_001,4,4008,34,Q2_user_action_during_critical_breach,high,Remove,User2,User,Impact,Op_Server0,"[""Op_Server0""]","[""Op_Server0""]","[""Enterprise0"", ""Op_Server0"", ""User0"", ""User4""]","[""Enterprise0"", ""Op_Server0"", ""User0"", ""User4""]","{""blue_first_relevant_response_after_critical"": 14, ""blue_first_relevant_response_after_enterprise"": 7, ""enterprise_foothold_step"": 5, ""first_critical_hit_step"": 12, ""window_end"": null, ""window_start"": null}"
ours_stage2_fair,7,stage1_pref_000_ckpt_191,deployment_like,episode_001,4,4008,35,Q2_user_action_during_critical_breach,high,DecoyApache,User0,User,Impact,Op_Server0,"[""Op_Server0""]","[""Op_Server0""]","[""Enterprise0"", ""Op_Server0"", ""User0"", ""User4""]","[""Enterprise0"", ""Op_Server0"", ""User0"", ""User4""]","{""blue_first_relevant_response_after_critical"": 14, ""blue_first_relevant_response_after_enterprise"": 7, ""enterprise_foothold_step"": 5, ""first_critical_hit_step"": 12, ""window_end"": null, ""window_start"": null}"
ours_stage2_fair,7,stage1_pref_000_ckpt_191,deployment_like,episode_001,4,4008,37,Q2_user_action_during_critical_breach,high,DecoyApache,User0,User,Impact,Op_Server0,"[""Op_Server0""]","[""Op_Server0""]","[""Enterprise0"", ""Op_Server0"", ""User0"", ""User4""]","[""Enterprise0"", ""Op_Server0"", ""User0"", ""User4""]","{""blue_first_relevant_response_after_critical"": 14, ""blue_first_relevant_response_after_enterprise"": 7, ""enterprise_foothold_step"": 5, ""first_critical_hit_step"": 12, ""window_end"": null, ""window_start"": null}"
ours_stage2_fair,7,stage1_pref_000_ckpt_191,deployment_like,episode_001,4,4008,38,Q2_user_action_during_critical_breach,high,DecoySvchost,User0,User,Impact,Op_Server0,"[""Op_Server0""]","[""Op_Server0""]","[""Enterprise0"", ""Op_Server0"", ""User0"", ""User4""]","[""Enterprise0"", ""Op_Server0"", ""User0"", ""User4""]","{""blue_first_relevant_response_after_critical"": 14, ""blue_first_relevant_response_after_enterprise"": 7, ""enterprise_foothold_step"": 5, ""first_critical_hit_step"": 12, ""window_end"": null, ""window_start"": null}"
ours_stage2_fair,7,stage1_pref_000_ckpt_191,deployment_like,episode_001,4,4008,41,Q2_user_action_during_critical_breach,high,DecoySvchost,User0,User,Impact,Op_Server0,"[""Op_Server0""]","[""Op_Server0""]","[""Enterprise0"", ""Op_Server0"", ""User0"", ""User4""]","[""Enterprise0"", ""Op_Server0"", ""User0"", ""User4""]","{""blue_first_relevant_response_after_critical"": 14, ""blue_first_relevant_response_after_enterprise"": 7, ""enterprise_foothold_step"": 5, ""first_critical_hit_step"": 12, ""window_end"": null, ""window_start"": null}"
ours_stage2_fair,7,stage1_pref_000_ckpt_191,deployment_like,episode_001,4,4008,46,Q2_user_action_during_critical_breach,high,DecoyVsftpd,User1,User,Impact,Op_Server0,"[""Op_Server0""]","[""Op_Server0""]","[""Op_Server0"", ""User0"", ""User4""]","[""Op_Server0"", ""User0"", ""User4""]","{""blue_first_relevant_response_after_critical"": 14, ""blue_first_relevant_response_after_enterprise"": 7, ""enterprise_foothold_step"": 5, ""first_critical_hit_step"": 12, ""window_end"": null, ""window_start"": null}"
ours_stage2_fair,7,stage1_pref_000_ckpt_191,deployment_like,episode_001,4,4008,60,Q2_user_action_during_critical_breach,high,DecoyHarakaSMPT,User0,User,Impact,Op_Server0,"[""Op_Server0""]","[""Op_Server0""]","[""Enterprise0"", ""Enterprise2"", ""Op_Server0"", ""User0"", ""User4""]","[""Enterprise0"", ""Enterprise2"", ""Op_Server0"", ""User0"", ""User4""]","{""blue_first_relevant_response_after_critical"": 14, ""blue_first_relevant_response_after_enterprise"": 7, ""enterprise_foothold_step"": 5, ""first_critical_hit_step"": 12, ""window_end"": null, ""window_start"": null}"
ours_stage2_fair,7,stage1_pref_000_ckpt_191,deployment_like,episode_001,4,4008,61,Q2_user_action_during_critical_breach,high,DecoyHarakaSMPT,User4,User,Impact,Op_Server0,"[""Op_Server0""]","[""Op_Server0""]","[""Enterprise0"", ""Enterprise2"", ""Op_Server0"", ""User0"", ""User4""]","[""Enterprise0"", ""Enterprise2"", ""Op_Server0"", ""User0"", ""User4""]","{""blue_first_relevant_response_after_critical"": 14, ""blue_first_relevant_response_after_enterprise"": 7, ""enterprise_foothold_step"": 5, ""first_critical_hit_step"": 12, ""window_end"": null, ""window_start"": null}"
ours_stage2_fair,7,stage1_pref_000_ckpt_191,deployment_like,episode_001,4,4008,66,Q2_user_action_during_critical_breach,high,DecoyHarakaSMPT,User0,User,Impact,Op_Server0,"[""Op_Server0""]","[""Op_Server0""]","[""Enterprise0"", ""Op_Server0"", ""User0"", ""User4""]","[""Enterprise0"", ""Op_Server0"", ""User0"", ""User4""]","{""blue_first_relevant_response_after_critical"": 14, ""blue_first_relevant_response_after_enterprise"": 7, ""enterprise_foothold_step"": 5, ""first_critical_hit_step"": 12, ""window_end"": null, ""window_start"": null}"
ours_stage2_fair,7,stage1_pref_000_ckpt_191,deployment_like,episode_001,4,4008,72,Q2_user_action_during_critical_breach,high,DecoyHarakaSMPT,User4,User,Impact,Op_Server0,"[""Op_Server0""]","[""Op_Server0""]","[""Enterprise0"", ""Op_Server0"", ""User0"", ""User4""]","[""Enterprise0"", ""Op_Server0"", ""User0"", ""User4""]","{""blue_first_relevant_response_after_critical"": 14, ""blue_first_relevant_response_after_enterprise"": 7, ""enterprise_foothold_step"": 5, ""first_critical_hit_step"": 12, ""window_end"": null, ""window_start"": null}"
ours_stage2_fair,7,stage1_pref_000_ckpt_191,deployment_like,episode_001,4,4008,79,Q2_user_action_during_critical_breach,high,DecoyVsftpd,User1,User,Impact,Op_Server0,"[""Op_Server0""]","[""Op_Server0""]","[""Enterprise0"", ""Op_Server0"", ""User0"", ""User4""]","[""Enterprise0"", ""Op_Server0"", ""User0"", ""User4""]","{""blue_first_relevant_response_after_critical"": 14, ""blue_first_relevant_response_after_enterprise"": 7, ""enterprise_foothold_step"": 5, ""first_critical_hit_step"": 12, ""window_end"": null, ""window_start"": null}"
ours_stage2_fair,7,stage1_pref_000_ckpt_191,deployment_like,episode_001,4,4008,80,Q2_user_action_during_critical_breach,high,Analyse,User3,User,Impact,Op_Server0,"[""Op_Server0""]","[""Op_Server0""]","[""Enterprise0"", ""Op_Server0"", ""User0"", ""User4""]","[""Enterprise0"", ""Op_Server0"", ""User0"", ""User4""]","{""blue_first_relevant_response_after_critical"": 14, ""blue_first_relevant_response_after_enterprise"": 7, ""enterprise_foothold_step"": 5, ""first_critical_hit_step"": 12, ""window_end"": null, ""window_start"": null}"
ours_stage2_fair,7,stage1_pref_000_ckpt_191,deployment_like,episode_001,4,4008,81,Q2_user_action_during_critical_breach,high,DecoyHarakaSMPT,User0,User,Impact,Op_Server0,"[""Op_Server0""]","[""Op_Server0""]","[""Enterprise0"", ""Op_Server0"", ""User0"", ""User4""]","[""Enterprise0"", ""Op_Server0"", ""User0"", ""User4""]","{""blue_first_relevant_response_after_critical"": 14, ""blue_first_relevant_response_after_enterprise"": 7, ""enterprise_foothold_step"": 5, ""first_critical_hit_step"": 12, ""window_end"": null, ""window_start"": null}"
ours_stage2_fair,7,stage1_pref_000_ckpt_191,deployment_like,episode_001,4,4008,82,Q2_user_action_during_critical_breach,high,DecoyVsftpd,User1,User,Impact,Op_Server0,"[""Op_Server0""]","[""Op_Server0""]","[""Enterprise0"", ""Op_Server0"", ""User0"", ""User4""]","[""Enterprise0"", ""Op_Server0"", ""User0"", ""User4""]","{""blue_first_relevant_response_after_critical"": 14, ""blue_first_relevant_response_after_enterprise"": 7, ""enterprise_foothold_step"": 5, ""first_critical_hit_step"": 12, ""window_end"": null, ""window_start"": null}"
ours_stage2_fair,7,stage1_pref_000_ckpt_191,deployment_like,episode_001,4,4008,83,Q2_user_action_during_critical_breach,high,DecoyApache,User0,User,Impact,Op_Server0,"[""Op_Server0""]","[""Op_Server0""]","[""Enterprise0"", ""Op_Server0"", ""User0"", ""User4""]","[""Enterprise0"", ""Op_Server0"", ""User0"", ""User4""]","{""blue_first_relevant_response_after_critical"": 14, ""blue_first_relevant_response_after_enterprise"": 7, ""enterprise_foothold_step"": 5, ""first_critical_hit_step"": 12, ""window_end"": null, ""window_start"": null}"
ours_stage2_fair,7,stage1_pref_000_ckpt_191,deployment_like,episode_001,4,4008,85,Q2_user_action_during_critical_breach,high,DecoySvchost,User0,User,Impact,Op_Server0,"[""Op_Server0""]","[""Op_Server0""]","[""Enterprise0"", ""Op_Server0"", ""User0"", ""User4""]","[""Enterprise0"", ""Op_Server0"", ""User0"", ""User4""]","{""blue_first_relevant_response_after_critical"": 14, ""blue_first_relevant_response_after_enterprise"": 7, ""enterprise_foothold_step"": 5, ""first_critical_hit_step"": 12, ""window_end"": null, ""window_start"": null}"
ours_stage2_fair,7,stage1_pref_000_ckpt_191,deployment_like,episode_001,4,4008,91,Q2_user_action_during_critical_breach,high,DecoyHarakaSMPT,User0,User,PrivilegeEscalate,Op_Server0,"[""Op_Server0""]","[""Op_Server0""]","[""Enterprise0"", ""Op_Server0"", ""User0"", ""User4""]","[""Enterprise0"", ""Op_Server0"", ""User0"", ""User4""]","{""blue_first_relevant_response_after_critical"": 14, ""blue_first_relevant_response_after_enterprise"": 7, ""enterprise_foothold_step"": 5, ""first_critical_hit_step"": 12, ""window_end"": null, ""window_start"": null}"
ours_stage2_fair,7,stage1_pref_000_ckpt_191,deployment_like,episode_001,4,4008,94,Q2_user_action_during_critical_breach,high,DecoyHarakaSMPT,User4,User,Impact,Op_Server0,"[""Op_Server0""]","[""Op_Server0""]","[""Enterprise0"", ""Op_Server0"", ""User0"", ""User4""]","[""Enterprise0"", ""Op_Server0"", ""User0"", ""User4""]","{""blue_first_relevant_response_after_critical"": 14, ""blue_first_relevant_response_after_enterprise"": 7, ""enterprise_foothold_step"": 5, ""first_critical_hit_step"": 12, ""window_end"": null, ""window_start"": null}"
ours_stage2_fair,7,stage1_pref_000_ckpt_191,deployment_like,episode_001,4,4008,99,Q2_user_action_during_critical_breach,high,DecoyHarakaSMPT,User0,User,Impact,Op_Server0,"[""Op_Server0""]","[""Op_Server0""]","[""Enterprise0"", ""Op_Server0"", ""User0"", ""User4""]","[""Enterprise0"", ""Op_Server0"", ""User0"", ""User4""]","{""blue_first_relevant_response_after_critical"": 14, ""blue_first_relevant_response_after_enterprise"": 7, ""enterprise_foothold_step"": 5, ""first_critical_hit_step"": 12, ""window_end"": null, ""window_start"": null}"
ours_stage2_fair,7,stage1_pref_000_ckpt_191,deployment_like,episode_001,4,4008,79,Q4_user_focus_after_enterprise_foothold,medium,DecoyVsftpd,User1,User,Impact,Op_Server0,"[""Op_Server0""]","[""Op_Server0""]","[""Enterprise0"", ""Op_Server0"", ""User0"", ""User4""]","[""Enterprise0"", ""Op_Server0"", ""User0"", ""User4""]","{""blue_first_relevant_response_after_critical"": 14, ""blue_first_relevant_response_after_enterprise"": 7, ""enterprise_foothold_step"": 5, ""first_critical_hit_step"": 12, ""window_end"": 81, ""window_start"": 79}"
ours_stage2_fair,7,stage1_pref_000_ckpt_191,deployment_like,episode_001,4,4008,80,Q4_user_focus_after_enterprise_foothold,medium,Analyse,User3,User,Impact,Op_Server0,"[""Op_Server0""]","[""Op_Server0""]","[""Enterprise0"", ""Op_Server0"", ""User0"", ""User4""]","[""Enterprise0"", ""Op_Server0"", ""User0"", ""User4""]","{""blue_first_relevant_response_after_critical"": 14, ""blue_first_relevant_response_after_enterprise"": 7, ""enterprise_foothold_step"": 5, ""first_critical_hit_step"": 12, ""window_end"": 82, ""window_start"": 80}"
ours_stage2_fair,7,stage1_pref_000_ckpt_191,deployment_like,episode_001,4,4008,81,Q4_user_focus_after_enterprise_foothold,medium,DecoyHarakaSMPT,User0,User,Impact,Op_Server0,"[""Op_Server0""]","[""Op_Server0""]","[""Enterprise0"", ""Op_Server0"", ""User0"", ""User4""]","[""Enterprise0"", ""Op_Server0"", ""User0"", ""User4""]","{""blue_first_relevant_response_after_critical"": 14, ""blue_first_relevant_response_after_enterprise"": 7, ""enterprise_foothold_step"": 5, ""first_critical_hit_step"": 12, ""window_end"": 83, ""window_start"": 81}"
ours_stage2_fair,7,stage1_pref_000_ckpt_191,deployment_like,episode_001,4,4008,55,Q5_repeated_low_value_decoy_loop,medium,DecoyHarakaSMPT,User0,User,ExploitRemoteService,,[],[],"[""Enterprise0"", ""User0"", ""User4""]","[""Enterprise0"", ""Enterprise2"", ""User0"", ""User4""]","{""blue_first_relevant_response_after_critical"": 14, ""blue_first_relevant_response_after_enterprise"": 7, ""enterprise_foothold_step"": 5, ""first_critical_hit_step"": 12, ""window_end"": 60, ""window_start"": 51}"
ours_stage2_fair,7,stage1_pref_000_ckpt_191,deployment_like,episode_001,5,5008,26,Q2_user_action_during_critical_breach,high,DecoyApache,User0,User,Impact,Op_Server0,"[""Op_Server0""]","[""Op_Server0""]","[""Enterprise2"", ""Op_Server0"", ""User0"", ""User1""]","[""Enterprise2"", ""Op_Server0"", ""User0"", ""User1""]","{""blue_first_relevant_response_after_critical"": 13, ""blue_first_relevant_response_after_enterprise"": 8, ""enterprise_foothold_step"": 5, ""first_critical_hit_step"": 12, ""window_end"": null, ""window_start"": null}"
ours_stage2_fair,7,stage1_pref_000_ckpt_191,deployment_like,episode_001,5,5008,49,Q2_user_action_during_critical_breach,high,DecoyApache,User0,User,Impact,Op_Server0,"[""Op_Server0""]","[""Op_Server0""]","[""Op_Server0"", ""User0"", ""User1""]","[""Op_Server0"", ""User0"", ""User1""]","{""blue_first_relevant_response_after_critical"": 13, ""blue_first_relevant_response_after_enterprise"": 8, ""enterprise_foothold_step"": 5, ""first_critical_hit_step"": 12, ""window_end"": null, ""window_start"": null}"
ours_stage2_fair,7,stage1_pref_000_ckpt_191,deployment_like,episode_001,5,5008,70,Q2_user_action_during_critical_breach,high,DecoyVsftpd,User1,User,PrivilegeEscalate,Op_Server0,"[""Op_Server0""]","[""Op_Server0""]","[""Enterprise2"", ""Op_Server0"", ""User0"", ""User1""]","[""Enterprise2"", ""Op_Server0"", ""User0"", ""User1""]","{""blue_first_relevant_response_after_critical"": 13, ""blue_first_relevant_response_after_enterprise"": 8, ""enterprise_foothold_step"": 5, ""first_critical_hit_step"": 12, ""window_end"": null, ""window_start"": null}"
ours_stage2_fair,7,stage1_pref_000_ckpt_191,deployment_like,episode_001,5,5008,77,Q2_user_action_during_critical_breach,high,Remove,User2,User,Impact,Op_Server0,"[""Op_Server0""]","[""Op_Server0""]","[""Op_Server0"", ""User0"", ""User1""]","[""Op_Server0"", ""User0"", ""User1""]","{""blue_first_relevant_response_after_critical"": 13, ""blue_first_relevant_response_after_enterprise"": 8, ""enterprise_foothold_step"": 5, ""first_critical_hit_step"": 12, ""window_end"": null, ""window_start"": null}"
ours_stage2_fair,7,stage1_pref_000_ckpt_191,deployment_like,episode_001,5,5008,84,Q2_user_action_during_critical_breach,high,DecoyHarakaSMPT,User0,User,Impact,Op_Server0,"[""Op_Server0""]","[""Op_Server0""]","[""Op_Server0"", ""User0"", ""User1""]","[""Op_Server0"", ""User0"", ""User1""]","{""blue_first_relevant_response_after_critical"": 13, ""blue_first_relevant_response_after_enterprise"": 8, ""enterprise_foothold_step"": 5, ""first_critical_hit_step"": 12, ""window_end"": null, ""window_start"": null}"
ours_stage2_fair,7,stage1_pref_000_ckpt_191,deployment_like,episode_001,5,5008,86,Q2_user_action_during_critical_breach,high,DecoyVsftpd,User1,User,Impact,Op_Server0,"[""Op_Server0""]","[""Op_Server0""]","[""Op_Server0"", ""User0"", ""User1""]","[""Op_Server0"", ""User0"", ""User1""]","{""blue_first_relevant_response_after_critical"": 13, ""blue_first_relevant_response_after_enterprise"": 8, ""enterprise_foothold_step"": 5, ""first_critical_hit_step"": 12, ""window_end"": null, ""window_start"": null}"
ours_stage2_fair,7,stage1_pref_000_ckpt_191,deployment_like,episode_001,5,5008,87,Q2_user_action_during_critical_breach,high,DecoySvchost,User0,User,Impact,Op_Server0,"[""Op_Server0""]","[""Op_Server0""]","[""Op_Server0"", ""User0"", ""User1""]","[""Op_Server0"", ""User0"", ""User1""]","{""blue_first_relevant_response_after_critical"": 13, ""blue_first_relevant_response_after_enterprise"": 8, ""enterprise_foothold_step"": 5, ""first_critical_hit_step"": 12, ""window_end"": null, ""window_start"": null}"
ours_stage2_fair,7,stage1_pref_000_ckpt_191,deployment_like,episode_001,5,5008,88,Q2_user_action_during_critical_breach,high,DecoySvchost,User0,User,Impact,Op_Server0,"[""Op_Server0""]","[""Op_Server0""]","[""Op_Server0"", ""User0"", ""User1""]","[""Op_Server0"", ""User0"", ""User1""]","{""blue_first_relevant_response_after_critical"": 13, ""blue_first_relevant_response_after_enterprise"": 8, ""enterprise_foothold_step"": 5, ""first_critical_hit_step"": 12, ""window_end"": null, ""window_start"": null}"
ours_stage2_fair,7,stage1_pref_000_ckpt_191,deployment_like,episode_001,5,5008,89,Q2_user_action_during_critical_breach,high,DecoyVsftpd,User1,User,Impact,Op_Server0,"[""Op_Server0""]","[""Op_Server0""]","[""Op_Server0"", ""User0"", ""User1""]","[""Op_Server0"", ""User0"", ""User1""]","{""blue_first_relevant_response_after_critical"": 13, ""blue_first_relevant_response_after_enterprise"": 8, ""enterprise_foothold_step"": 5, ""first_critical_hit_step"": 12, ""window_end"": null, ""window_start"": null}"
ours_stage2_fair,7,stage1_pref_000_ckpt_191,deployment_like,episode_001,5,5008,90,Q2_user_action_during_critical_breach,high,DecoyVsftpd,User1,User,Impact,Op_Server0,"[""Op_Server0""]","[""Op_Server0""]","[""Op_Server0"", ""User0"", ""User1""]","[""Op_Server0"", ""User0"", ""User1""]","{""blue_first_relevant_response_after_critical"": 13, ""blue_first_relevant_response_after_enterprise"": 8, ""enterprise_foothold_step"": 5, ""first_critical_hit_step"": 12, ""window_end"": null, ""window_start"": null}"
ours_stage2_fair,7,stage1_pref_000_ckpt_191,deployment_like,episode_001,5,5008,19,Q4_user_focus_after_enterprise_foothold,medium,DecoySvchost,User4,User,PrivilegeEscalate,Op_Server0,[],[],"[""User0"", ""User1""]","[""User0"", ""User1""]","{""blue_first_relevant_response_after_critical"": 13, ""blue_first_relevant_response_after_enterprise"": 8, ""enterprise_foothold_step"": 5, ""first_critical_hit_step"": 12, ""window_end"": 21, ""window_start"": 19}"
ours_stage2_fair,7,stage1_pref_000_ckpt_191,deployment_like,episode_001,5,5008,86,Q4_user_focus_after_enterprise_foothold,medium,DecoyVsftpd,User1,User,Impact,Op_Server0,"[""Op_Server0""]","[""Op_Server0""]","[""Op_Server0"", ""User0"", ""User1""]","[""Op_Server0"", ""User0"", ""User1""]","{""blue_first_relevant_response_after_critical"": 13, ""blue_first_relevant_response_after_enterprise"": 8, ""enterprise_foothold_step"": 5, ""first_critical_hit_step"": 12, ""window_end"": 88, ""window_start"": 86}"
ours_stage2_fair,7,stage1_pref_000_ckpt_191,deployment_like,episode_001,5,5008,87,Q4_user_focus_after_enterprise_foothold,medium,DecoySvchost,User0,User,Impact,Op_Server0,"[""Op_Server0""]","[""Op_Server0""]","[""Op_Server0"", ""User0"", ""User1""]","[""Op_Server0"", ""User0"", ""User1""]","{""blue_first_relevant_response_after_critical"": 13, ""blue_first_relevant_response_after_enterprise"": 8, ""enterprise_foothold_step"": 5, ""first_critical_hit_step"": 12, ""window_end"": 89, ""window_start"": 87}"
ours_stage2_fair,7,stage1_pref_000_ckpt_191,deployment_like,episode_001,5,5008,88,Q4_user_focus_after_enterprise_foothold,medium,DecoySvchost,User0,User,Impact,Op_Server0,"[""Op_Server0""]","[""Op_Server0""]","[""Op_Server0"", ""User0"", ""User1""]","[""Op_Server0"", ""User0"", ""User1""]","{""blue_first_relevant_response_after_critical"": 13, ""blue_first_relevant_response_after_enterprise"": 8, ""enterprise_foothold_step"": 5, ""first_critical_hit_step"": 12, ""window_end"": 90, ""window_start"": 88}"
ours_stage2_fair,7,stage1_pref_000_ckpt_191,deployment_like,episode_001,5,5008,86,Q5_repeated_low_value_decoy_loop,medium,DecoyVsftpd,User1,User,Impact,Op_Server0,"[""Op_Server0""]","[""Op_Server0""]","[""Op_Server0"", ""User0"", ""User1""]","[""Op_Server0"", ""User0"", ""User1""]","{""blue_first_relevant_response_after_critical"": 13, ""blue_first_relevant_response_after_enterprise"": 8, ""enterprise_foothold_step"": 5, ""first_critical_hit_step"": 12, ""window_end"": 90, ""window_start"": 81}"
ours_stage2_fair,7,stage1_pref_000_ckpt_191,deployment_like,episode_001,6,6008,17,Q2_user_action_during_critical_breach,high,DecoyVsftpd,User1,User,PrivilegeEscalate,Op_Server0,"[""Op_Server0""]","[""Op_Server0""]","[""Enterprise0"", ""Op_Server0"", ""User0"", ""User3""]","[""Enterprise0"", ""Op_Server0"", ""User0"", ""User3""]","{""blue_first_relevant_response_after_critical"": 13, ""blue_first_relevant_response_after_enterprise"": 6, ""enterprise_foothold_step"": 5, ""first_critical_hit_step"": 12, ""window_end"": null, ""window_start"": null}"
ours_stage2_fair,7,stage1_pref_000_ckpt_191,deployment_like,episode_001,6,6008,23,Q2_user_action_during_critical_breach,high,DecoyFemitter,User2,User,PrivilegeEscalate,Op_Server0,"[""Op_Server0""]","[""Op_Server0""]","[""Enterprise0"", ""Op_Server0"", ""User0"", ""User3""]","[""Enterprise0"", ""Op_Server0"", ""User0"", ""User3""]","{""blue_first_relevant_response_after_critical"": 13, ""blue_first_relevant_response_after_enterprise"": 6, ""enterprise_foothold_step"": 5, ""first_critical_hit_step"": 12, ""window_end"": null, ""window_start"": null}"
ours_stage2_fair,7,stage1_pref_000_ckpt_191,deployment_like,episode_001,6,6008,24,Q2_user_action_during_critical_breach,high,DecoySvchost,User0,User,Impact,Op_Server0,"[""Op_Server0""]","[""Op_Server0""]","[""Enterprise0"", ""Op_Server0"", ""User0"", ""User3""]","[""Enterprise0"", ""Op_Server0"", ""User0"", ""User3""]","{""blue_first_relevant_response_after_critical"": 13, ""blue_first_relevant_response_after_enterprise"": 6, ""enterprise_foothold_step"": 5, ""first_critical_hit_step"": 12, ""window_end"": null, ""window_start"": null}"
ours_stage2_fair,7,stage1_pref_000_ckpt_191,deployment_like,episode_001,6,6008,35,Q2_user_action_during_critical_breach,high,DecoyVsftpd,User1,User,Impact,Op_Server0,"[""Op_Server0""]","[""Op_Server0""]","[""Enterprise0"", ""Op_Server0"", ""User0"", ""User3""]","[""Enterprise0"", ""Op_Server0"", ""User0"", ""User3""]","{""blue_first_relevant_response_after_critical"": 13, ""blue_first_relevant_response_after_enterprise"": 6, ""enterprise_foothold_step"": 5, ""first_critical_hit_step"": 12, ""window_end"": null, ""window_start"": null}"
ours_stage2_fair,7,stage1_pref_000_ckpt_191,deployment_like,episode_001,6,6008,37,Q2_user_action_during_critical_breach,high,DecoyVsftpd,User1,User,Impact,Op_Server0,"[""Op_Server0""]","[""Op_Server0""]","[""Enterprise0"", ""Op_Server0"", ""User0"", ""User3""]","[""Enterprise0"", ""Op_Server0"", ""User0"", ""User3""]","{""blue_first_relevant_response_after_critical"": 13, ""blue_first_relevant_response_after_enterprise"": 6, ""enterprise_foothold_step"": 5, ""first_critical_hit_step"": 12, ""window_end"": null, ""window_start"": null}"
ours_stage2_fair,7,stage1_pref_000_ckpt_191,deployment_like,episode_001,6,6008,38,Q2_user_action_during_critical_breach,high,DecoyVsftpd,User1,User,Impact,Op_Server0,"[""Op_Server0""]","[""Op_Server0""]","[""Enterprise0"", ""Op_Server0"", ""User0"", ""User3""]","[""Enterprise0"", ""Op_Server0"", ""User0"", ""User3""]","{""blue_first_relevant_response_after_critical"": 13, ""blue_first_relevant_response_after_enterprise"": 6, ""enterprise_foothold_step"": 5, ""first_critical_hit_step"": 12, ""window_end"": null, ""window_start"": null}"
ours_stage2_fair,7,stage1_pref_000_ckpt_191,deployment_like,episode_001,6,6008,39,Q2_user_action_during_critical_breach,high,DecoyVsftpd,User1,User,Impact,Op_Server0,"[""Op_Server0""]","[""Op_Server0""]","[""Enterprise0"", ""Op_Server0"", ""User0"", ""User3""]","[""Enterprise0"", ""Op_Server0"", ""User0"", ""User3""]","{""blue_first_relevant_response_after_critical"": 13, ""blue_first_relevant_response_after_enterprise"": 6, ""enterprise_foothold_step"": 5, ""first_critical_hit_step"": 12, ""window_end"": null, ""window_start"": null}"
ours_stage2_fair,7,stage1_pref_000_ckpt_191,deployment_like,episode_001,6,6008,44,Q2_user_action_during_critical_breach,high,Remove,User2,User,PrivilegeEscalate,Op_Server0,"[""Op_Server0""]","[""Op_Server0""]","[""Enterprise0"", ""Op_Server0"", ""User0"", ""User3""]","[""Enterprise0"", ""Op_Server0"", ""User0"", ""User3""]","{""blue_first_relevant_response_after_critical"": 13, ""blue_first_relevant_response_after_enterprise"": 6, ""enterprise_foothold_step"": 5, ""first_critical_hit_step"": 12, ""window_end"": null, ""window_start"": null}"
ours_stage2_fair,7,stage1_pref_000_ckpt_191,deployment_like,episode_001,6,6008,67,Q2_user_action_during_critical_breach,high,DecoyApache,User0,User,Impact,Op_Server0,"[""Op_Server0""]","[""Op_Server0""]","[""Enterprise2"", ""Op_Server0"", ""User0"", ""User3""]","[""Enterprise2"", ""Op_Server0"", ""User0"", ""User3""]","{""blue_first_relevant_response_after_critical"": 13, ""blue_first_relevant_response_after_enterprise"": 6, ""enterprise_foothold_step"": 5, ""first_critical_hit_step"": 12, ""window_end"": null, ""window_start"": null}"
ours_stage2_fair,7,stage1_pref_000_ckpt_191,deployment_like,episode_001,6,6008,70,Q2_user_action_during_critical_breach,high,DecoyVsftpd,User1,User,Impact,Op_Server0,"[""Op_Server0""]","[""Op_Server0""]","[""Op_Server0"", ""User0"", ""User3""]","[""Op_Server0"", ""User0"", ""User3""]","{""blue_first_relevant_response_after_critical"": 13, ""blue_first_relevant_response_after_enterprise"": 6, ""enterprise_foothold_step"": 5, ""first_critical_hit_step"": 12, ""window_end"": null, ""window_start"": null}"
ours_stage2_fair,7,stage1_pref_000_ckpt_191,deployment_like,episode_001,6,6008,78,Q2_user_action_during_critical_breach,high,DecoyVsftpd,User1,User,PrivilegeEscalate,Op_Server0,"[""Op_Server0""]","[""Op_Server0""]","[""Enterprise2"", ""Op_Server0"", ""User0"", ""User3""]","[""Enterprise2"", ""Op_Server0"", ""User0"", ""User3""]","{""blue_first_relevant_response_after_critical"": 13, ""blue_first_relevant_response_after_enterprise"": 6, ""enterprise_foothold_step"": 5, ""first_critical_hit_step"": 12, ""window_end"": null, ""window_start"": null}"
ours_stage2_fair,7,stage1_pref_000_ckpt_191,deployment_like,episode_001,6,6008,80,Q2_user_action_during_critical_breach,high,DecoyApache,User0,User,Impact,Op_Server0,"[""Op_Server0""]","[""Op_Server0""]","[""Op_Server0"", ""User0"", ""User3""]","[""Op_Server0"", ""User0"", ""User3""]","{""blue_first_relevant_response_after_critical"": 13, ""blue_first_relevant_response_after_enterprise"": 6, ""enterprise_foothold_step"": 5, ""first_critical_hit_step"": 12, ""window_end"": null, ""window_start"": null}"
ours_stage2_fair,7,stage1_pref_000_ckpt_191,deployment_like,episode_001,6,6008,82,Q2_user_action_during_critical_breach,high,DecoySvchost,User0,User,Impact,Op_Server0,"[""Op_Server0""]","[""Op_Server0""]","[""Op_Server0"", ""User0"", ""User3""]","[""Op_Server0"", ""User0"", ""User3""]","{""blue_first_relevant_response_after_critical"": 13, ""blue_first_relevant_response_after_enterprise"": 6, ""enterprise_foothold_step"": 5, ""first_critical_hit_step"": 12, ""window_end"": null, ""window_start"": null}"
ours_stage2_fair,7,stage1_pref_000_ckpt_191,deployment_like,episode_001,6,6008,85,Q2_user_action_during_critical_breach,high,DecoyFemitter,User2,User,Impact,Op_Server0,"[""Op_Server0""]","[""Op_Server0""]","[""Op_Server0"", ""User0"", ""User3""]","[""Op_Server0"", ""User0"", ""User3""]","{""blue_first_relevant_response_after_critical"": 13, ""blue_first_relevant_response_after_enterprise"": 6, ""enterprise_foothold_step"": 5, ""first_critical_hit_step"": 12, ""window_end"": null, ""window_start"": null}"
ours_stage2_fair,7,stage1_pref_000_ckpt_191,deployment_like,episode_001,6,6008,88,Q2_user_action_during_critical_breach,high,Remove,User2,User,Impact,Op_Server0,"[""Op_Server0""]","[""Op_Server0""]","[""Op_Server0"", ""User0"", ""User3""]","[""Op_Server0"", ""User0"", ""User3""]","{""blue_first_relevant_response_after_critical"": 13, ""blue_first_relevant_response_after_enterprise"": 6, ""enterprise_foothold_step"": 5, ""first_critical_hit_step"": 12, ""window_end"": null, ""window_start"": null}"
ours_stage2_fair,7,stage1_pref_000_ckpt_191,deployment_like,episode_001,6,6008,22,Q4_user_focus_after_enterprise_foothold,medium,DecoyVsftpd,User1,User,ExploitRemoteService,,[],"[""Op_Server0""]","[""Enterprise0"", ""User0"", ""User3""]","[""Enterprise0"", ""Op_Server0"", ""User0"", ""User3""]","{""blue_first_relevant_response_after_critical"": 13, ""blue_first_relevant_response_after_enterprise"": 6, ""enterprise_foothold_step"": 5, ""first_critical_hit_step"": 12, ""window_end"": 24, ""window_start"": 22}"
ours_stage2_fair,7,stage1_pref_000_ckpt_191,deployment_like,episode_001,6,6008,37,Q4_user_focus_after_enterprise_foothold,medium,DecoyVsftpd,User1,User,Impact,Op_Server0,"[""Op_Server0""]","[""Op_Server0""]","[""Enterprise0"", ""Op_Server0"", ""User0"", ""User3""]","[""Enterprise0"", ""Op_Server0"", ""User0"", ""User3""]","{""blue_first_relevant_response_after_critical"": 13, ""blue_first_relevant_response_after_enterprise"": 6, ""enterprise_foothold_step"": 5, ""first_critical_hit_step"": 12, ""window_end"": 39, ""window_start"": 37}"
ours_stage2_fair,7,stage1_pref_000_ckpt_191,deployment_like,episode_001,6,6008,76,Q4_user_focus_after_enterprise_foothold,medium,DecoyHarakaSMPT,User0,User,DiscoverNetworkServices,,[],[],"[""Enterprise2"", ""User0"", ""User3""]","[""Enterprise2"", ""User0"", ""User3""]","{""blue_first_relevant_response_after_critical"": 13, ""blue_first_relevant_response_after_enterprise"": 6, ""enterprise_foothold_step"": 5, ""first_critical_hit_step"": 12, ""window_end"": 78, ""window_start"": 76}"
ours_stage2_fair,7,stage1_pref_000_ckpt_191,deployment_like,episode_001,6,6008,10,Q5_repeated_low_value_decoy_loop,medium,DecoyVsftpd,User1,User,PrivilegeEscalate,Enterprise2,[],[],"[""Enterprise0"", ""Enterprise2"", ""User0"", ""User3""]","[""Enterprise0"", ""Enterprise2"", ""User0"", ""User3""]","{""blue_first_relevant_response_after_critical"": 13, ""blue_first_relevant_response_after_enterprise"": 6, ""enterprise_foothold_step"": 5, ""first_critical_hit_step"": 12, ""window_end"": 17, ""window_start"": 8}"
ours_stage2_fair,7,stage1_pref_000_ckpt_191,deployment_like,episode_001,7,7008,13,Q2_user_action_during_critical_breach,high,DecoyVsftpd,User1,User,PrivilegeEscalate,Op_Server0,"[""Op_Server0""]","[""Op_Server0""]","[""Enterprise1"", ""Enterprise2"", ""Op_Server0"", ""User0"", ""User2""]","[""Enterprise1"", ""Enterprise2"", ""Op_Server0"", ""User0"", ""User2""]","{""blue_first_relevant_response_after_critical"": 14, ""blue_first_relevant_response_after_enterprise"": 7, ""enterprise_foothold_step"": 5, ""first_critical_hit_step"": 12, ""window_end"": null, ""window_start"": null}"
ours_stage2_fair,7,stage1_pref_000_ckpt_191,deployment_like,episode_001,7,7008,20,Q2_user_action_during_critical_breach,high,Remove,User2,User,Impact,Op_Server0,"[""Op_Server0""]","[""Op_Server0""]","[""Op_Server0"", ""User0"", ""User2""]","[""Op_Server0"", ""User0"", ""User2""]","{""blue_first_relevant_response_after_critical"": 14, ""blue_first_relevant_response_after_enterprise"": 7, ""enterprise_foothold_step"": 5, ""first_critical_hit_step"": 12, ""window_end"": null, ""window_start"": null}"
ours_stage2_fair,7,stage1_pref_000_ckpt_191,deployment_like,episode_001,7,7008,38,Q2_user_action_during_critical_breach,high,DecoyTomcat,User3,User,Impact,Op_Server0,"[""Op_Server0""]","[""Op_Server0""]","[""Op_Server0"", ""User0"", ""User2""]","[""Op_Server0"", ""User0"", ""User2""]","{""blue_first_relevant_response_after_critical"": 14, ""blue_first_relevant_response_after_enterprise"": 7, ""enterprise_foothold_step"": 5, ""first_critical_hit_step"": 12, ""window_end"": null, ""window_start"": null}"
ours_stage2_fair,7,stage1_pref_000_ckpt_191,deployment_like,episode_001,7,7008,71,Q2_user_action_during_critical_breach,high,DecoyApache,User0,User,Impact,Op_Server0,"[""Op_Server0""]","[""Op_Server0""]","[""Enterprise2"", ""Op_Server0"", ""User0"", ""User2""]","[""Enterprise2"", ""Op_Server0"", ""User0"", ""User2""]","{""blue_first_relevant_response_after_critical"": 14, ""blue_first_relevant_response_after_enterprise"": 7, ""enterprise_foothold_step"": 5, ""first_critical_hit_step"": 12, ""window_end"": null, ""window_start"": null}"
ours_stage2_fair,7,stage1_pref_000_ckpt_191,deployment_like,episode_001,7,7008,72,Q2_user_action_during_critical_breach,high,DecoyHarakaSMPT,User0,User,Impact,Op_Server0,"[""Op_Server0""]","[""Op_Server0""]","[""Enterprise2"", ""Op_Server0"", ""User0"", ""User2""]","[""Enterprise2"", ""Op_Server0"", ""User0"", ""User2""]","{""blue_first_relevant_response_after_critical"": 14, ""blue_first_relevant_response_after_enterprise"": 7, ""enterprise_foothold_step"": 5, ""first_critical_hit_step"": 12, ""window_end"": null, ""window_start"": null}"
ours_stage2_fair,7,stage1_pref_000_ckpt_191,deployment_like,episode_001,7,7008,76,Q2_user_action_during_critical_breach,high,DecoySvchost,User0,User,Impact,Op_Server0,"[""Op_Server0""]","[""Op_Server0""]","[""Op_Server0"", ""User0"", ""User2""]","[""Op_Server0"", ""User0"", ""User2""]","{""blue_first_relevant_response_after_critical"": 14, ""blue_first_relevant_response_after_enterprise"": 7, ""enterprise_foothold_step"": 5, ""first_critical_hit_step"": 12, ""window_end"": null, ""window_start"": null}"
ours_stage2_fair,7,stage1_pref_000_ckpt_191,deployment_like,episode_002,0,9,14,Q2_user_action_during_critical_breach,high,DecoyHarakaSMPT,User0,User,Impact,Op_Server0,"[""Op_Server0""]","[""Op_Server0""]","[""Enterprise2"", ""Op_Server0"", ""User0"", ""User1""]","[""Enterprise2"", ""Op_Server0"", ""User0"", ""User1""]","{""blue_first_relevant_response_after_critical"": 13, ""blue_first_relevant_response_after_enterprise"": 6, ""enterprise_foothold_step"": 5, ""first_critical_hit_step"": 12, ""window_end"": null, ""window_start"": null}"
ours_stage2_fair,7,stage1_pref_000_ckpt_191,deployment_like,episode_002,0,9,15,Q2_user_action_during_critical_breach,high,DecoyVsftpd,User1,User,Impact,Op_Server0,"[""Op_Server0""]","[""Op_Server0""]","[""Enterprise2"", ""Op_Server0"", ""User0"", ""User1""]","[""Enterprise2"", ""Op_Server0"", ""User0"", ""User1""]","{""blue_first_relevant_response_after_critical"": 13, ""blue_first_relevant_response_after_enterprise"": 6, ""enterprise_foothold_step"": 5, ""first_critical_hit_step"": 12, ""window_end"": null, ""window_start"": null}"
ours_stage2_fair,7,stage1_pref_000_ckpt_191,deployment_like,episode_002,0,9,16,Q2_user_action_during_critical_breach,high,DecoyHarakaSMPT,User0,User,Impact,Op_Server0,"[""Op_Server0""]","[""Op_Server0""]","[""Enterprise2"", ""Op_Server0"", ""User0"", ""User1""]","[""Enterprise2"", ""Op_Server0"", ""User0"", ""User1""]","{""blue_first_relevant_response_after_critical"": 13, ""blue_first_relevant_response_after_enterprise"": 6, ""enterprise_foothold_step"": 5, ""first_critical_hit_step"": 12, ""window_end"": null, ""window_start"": null}"
ours_stage2_fair,7,stage1_pref_000_ckpt_191,deployment_like,episode_002,0,9,42,Q2_user_action_during_critical_breach,high,DecoyApache,User0,User,Impact,Op_Server0,"[""Op_Server0""]","[""Op_Server0""]","[""Op_Server0"", ""User0"", ""User1""]","[""Op_Server0"", ""User0"", ""User1""]","{""blue_first_relevant_response_after_critical"": 13, ""blue_first_relevant_response_after_enterprise"": 6, ""enterprise_foothold_step"": 5, ""first_critical_hit_step"": 12, ""window_end"": null, ""window_start"": null}"
ours_stage2_fair,7,stage1_pref_000_ckpt_191,deployment_like,episode_002,0,9,44,Q2_user_action_during_critical_breach,high,DecoyVsftpd,User1,User,Impact,Op_Server0,"[""Op_Server0""]","[""Op_Server0""]","[""Op_Server0"", ""User0"", ""User1""]","[""Op_Server0"", ""User0"", ""User1""]","{""blue_first_relevant_response_after_critical"": 13, ""blue_first_relevant_response_after_enterprise"": 6, ""enterprise_foothold_step"": 5, ""first_critical_hit_step"": 12, ""window_end"": null, ""window_start"": null}"
ours_stage2_fair,7,stage1_pref_000_ckpt_191,deployment_like,episode_002,0,9,45,Q2_user_action_during_critical_breach,high,DecoyVsftpd,User1,User,Impact,Op_Server0,"[""Op_Server0""]","[""Op_Server0""]","[""Op_Server0"", ""User0"", ""User1""]","[""Op_Server0"", ""User0"", ""User1""]","{""blue_first_relevant_response_after_critical"": 13, ""blue_first_relevant_response_after_enterprise"": 6, ""enterprise_foothold_step"": 5, ""first_critical_hit_step"": 12, ""window_end"": null, ""window_start"": null}"
ours_stage2_fair,7,stage1_pref_000_ckpt_191,deployment_like,episode_002,0,9,65,Q2_user_action_during_critical_breach,high,DecoySSHD,User3,User,PrivilegeEscalate,Op_Server0,"[""Op_Server0""]","[""Op_Server0""]","[""Enterprise2"", ""Op_Server0"", ""User0"", ""User1""]","[""Enterprise2"", ""Op_Server0"", ""User0"", ""User1""]","{""blue_first_relevant_response_after_critical"": 13, ""blue_first_relevant_response_after_enterprise"": 6, ""enterprise_foothold_step"": 5, ""first_critical_hit_step"": 12, ""window_end"": null, ""window_start"": null}"
ours_stage2_fair,7,stage1_pref_000_ckpt_191,deployment_like,episode_002,0,9,66,Q2_user_action_during_critical_breach,high,DecoyApache,User0,User,Impact,Op_Server0,"[""Op_Server0""]","[""Op_Server0""]","[""Enterprise2"", ""Op_Server0"", ""User0"", ""User1""]","[""Enterprise2"", ""Op_Server0"", ""User0"", ""User1""]","{""blue_first_relevant_response_after_critical"": 13, ""blue_first_relevant_response_after_enterprise"": 6, ""enterprise_foothold_step"": 5, ""first_critical_hit_step"": 12, ""window_end"": null, ""window_start"": null}"
ours_stage2_fair,7,stage1_pref_000_ckpt_191,deployment_like,episode_002,0,9,73,Q2_user_action_during_critical_breach,high,DecoyVsftpd,User1,User,Impact,Op_Server0,"[""Op_Server0""]","[""Op_Server0""]","[""Op_Server0"", ""User0"", ""User1""]","[""Op_Server0"", ""User0"", ""User1""]","{""blue_first_relevant_response_after_critical"": 13, ""blue_first_relevant_response_after_enterprise"": 6, ""enterprise_foothold_step"": 5, ""first_critical_hit_step"": 12, ""window_end"": null, ""window_start"": null}"
ours_stage2_fair,7,stage1_pref_000_ckpt_191,deployment_like,episode_002,0,9,79,Q2_user_action_during_critical_breach,high,DecoyVsftpd,User1,User,Impact,Op_Server0,"[""Op_Server0""]","[""Op_Server0""]","[""Op_Server0"", ""User0"", ""User1""]","[""Op_Server0"", ""User0"", ""User1""]","{""blue_first_relevant_response_after_critical"": 13, ""blue_first_relevant_response_after_enterprise"": 6, ""enterprise_foothold_step"": 5, ""first_critical_hit_step"": 12, ""window_end"": null, ""window_start"": null}"
ours_stage2_fair,7,stage1_pref_000_ckpt_191,deployment_like,episode_002,0,9,80,Q2_user_action_during_critical_breach,high,DecoyApache,User0,User,Impact,Op_Server0,"[""Op_Server0""]","[""Op_Server0""]","[""Op_Server0"", ""User0"", ""User1""]","[""Op_Server0"", ""User0"", ""User1""]","{""blue_first_relevant_response_after_critical"": 13, ""blue_first_relevant_response_after_enterprise"": 6, ""enterprise_foothold_step"": 5, ""first_critical_hit_step"": 12, ""window_end"": null, ""window_start"": null}"
ours_stage2_fair,7,stage1_pref_000_ckpt_191,deployment_like,episode_002,0,9,97,Q2_user_action_during_critical_breach,high,DecoyHarakaSMPT,User0,User,Impact,Op_Server0,"[""Op_Server0""]","[""Op_Server0""]","[""Op_Server0"", ""User0"", ""User1""]","[""Op_Server0"", ""User0"", ""User1""]","{""blue_first_relevant_response_after_critical"": 13, ""blue_first_relevant_response_after_enterprise"": 6, ""enterprise_foothold_step"": 5, ""first_critical_hit_step"": 12, ""window_end"": null, ""window_start"": null}"
ours_stage2_fair,7,stage1_pref_000_ckpt_191,deployment_like,episode_002,0,9,14,Q4_user_focus_after_enterprise_foothold,medium,DecoyHarakaSMPT,User0,User,Impact,Op_Server0,"[""Op_Server0""]","[""Op_Server0""]","[""Enterprise2"", ""Op_Server0"", ""User0"", ""User1""]","[""Enterprise2"", ""Op_Server0"", ""User0"", ""User1""]","{""blue_first_relevant_response_after_critical"": 13, ""blue_first_relevant_response_after_enterprise"": 6, ""enterprise_foothold_step"": 5, ""first_critical_hit_step"": 12, ""window_end"": 16, ""window_start"": 14}"
ours_stage2_fair,7,stage1_pref_000_ckpt_191,deployment_like,episode_002,0,9,64,Q4_user_focus_after_enterprise_foothold,medium,DecoySSHD,User3,User,ExploitRemoteService,,[],"[""Op_Server0""]","[""Enterprise2"", ""User0"", ""User1""]","[""Enterprise2"", ""Op_Server0"", ""User0"", ""User1""]","{""blue_first_relevant_response_after_critical"": 13, ""blue_first_relevant_response_after_enterprise"": 6, ""enterprise_foothold_step"": 5, ""first_critical_hit_step"": 12, ""window_end"": 66, ""window_start"": 64}"
ours_stage2_fair,7,stage1_pref_000_ckpt_191,deployment_like,episode_002,1,1009,22,Q2_user_action_during_critical_breach,high,DecoySvchost,User0,User,Impact,Op_Server0,"[""Op_Server0""]","[""Op_Server0""]","[""Enterprise1"", ""Op_Server0"", ""User0"", ""User1""]","[""Enterprise1"", ""Op_Server0"", ""User0"", ""User1""]","{""blue_first_relevant_response_after_critical"": 13, ""blue_first_relevant_response_after_enterprise"": 6, ""enterprise_foothold_step"": 5, ""first_critical_hit_step"": 12, ""window_end"": null, ""window_start"": null}"
ours_stage2_fair,7,stage1_pref_000_ckpt_191,deployment_like,episode_002,1,1009,23,Q2_user_action_during_critical_breach,high,DecoyHarakaSMPT,User0,User,Impact,Op_Server0,"[""Op_Server0""]","[""Op_Server0""]","[""Enterprise1"", ""Op_Server0"", ""User0"", ""User1""]","[""Enterprise1"", ""Op_Server0"", ""User0"", ""User1""]","{""blue_first_relevant_response_after_critical"": 13, ""blue_first_relevant_response_after_enterprise"": 6, ""enterprise_foothold_step"": 5, ""first_critical_hit_step"": 12, ""window_end"": null, ""window_start"": null}"
ours_stage2_fair,7,stage1_pref_000_ckpt_191,deployment_like,episode_002,1,1009,27,Q2_user_action_during_critical_breach,high,DecoyVsftpd,User1,User,Impact,Op_Server0,"[""Op_Server0""]","[""Op_Server0""]","[""Enterprise1"", ""Op_Server0"", ""User0"", ""User1""]","[""Enterprise1"", ""Op_Server0"", ""User0"", ""User1""]","{""blue_first_relevant_response_after_critical"": 13, ""blue_first_relevant_response_after_enterprise"": 6, ""enterprise_foothold_step"": 5, ""first_critical_hit_step"": 12, ""window_end"": null, ""window_start"": null}"
ours_stage2_fair,7,stage1_pref_000_ckpt_191,deployment_like,episode_002,1,1009,29,Q2_user_action_during_critical_breach,high,DecoyApache,User0,User,Impact,Op_Server0,"[""Op_Server0""]","[""Op_Server0""]","[""Op_Server0"", ""User0"", ""User1""]","[""Op_Server0"", ""User0"", ""User1""]","{""blue_first_relevant_response_after_critical"": 13, ""blue_first_relevant_response_after_enterprise"": 6, ""enterprise_foothold_step"": 5, ""first_critical_hit_step"": 12, ""window_end"": null, ""window_start"": null}"
ours_stage2_fair,7,stage1_pref_000_ckpt_191,deployment_like,episode_002,1,1009,40,Q2_user_action_during_critical_breach,high,Remove,User2,User,PrivilegeEscalate,Op_Server0,"[""Op_Server0""]","[""Op_Server0""]","[""Enterprise2"", ""Op_Server0"", ""User0"", ""User1""]","[""Enterprise2"", ""Op_Server0"", ""User0"", ""User1""]","{""blue_first_relevant_response_after_critical"": 13, ""blue_first_relevant_response_after_enterprise"": 6, ""enterprise_foothold_step"": 5, ""first_critical_hit_step"": 12, ""window_end"": null, ""window_start"": null}"
ours_stage2_fair,7,stage1_pref_000_ckpt_191,deployment_like,episode_002,1,1009,41,Q2_user_action_during_critical_breach,high,DecoySvchost,User0,User,Impact,Op_Server0,"[""Op_Server0""]","[""Op_Server0""]","[""Enterprise2"", ""Op_Server0"", ""User0"", ""User1""]","[""Enterprise2"", ""Op_Server0"", ""User0"", ""User1""]","{""blue_first_relevant_response_after_critical"": 13, ""blue_first_relevant_response_after_enterprise"": 6, ""enterprise_foothold_step"": 5, ""first_critical_hit_step"": 12, ""window_end"": null, ""window_start"": null}"
ours_stage2_fair,7,stage1_pref_000_ckpt_191,deployment_like,episode_002,1,1009,54,Q2_user_action_during_critical_breach,high,DecoyHarakaSMPT,User4,User,Impact,Op_Server0,"[""Op_Server0""]","[""Op_Server0""]","[""Op_Server0"", ""User0"", ""User1""]","[""Op_Server0"", ""User0"", ""User1""]","{""blue_first_relevant_response_after_critical"": 13, ""blue_first_relevant_response_after_enterprise"": 6, ""enterprise_foothold_step"": 5, ""first_critical_hit_step"": 12, ""window_end"": null, ""window_start"": null}"
ours_stage2_fair,7,stage1_pref_000_ckpt_191,deployment_like,episode_002,1,1009,69,Q2_user_action_during_critical_breach,high,Remove,User2,User,Impact,Op_Server0,"[""Op_Server0""]","[""Op_Server0""]","[""Op_Server0"", ""User0"", ""User1""]","[""Op_Server0"", ""User0"", ""User1""]","{""blue_first_relevant_response_after_critical"": 13, ""blue_first_relevant_response_after_enterprise"": 6, ""enterprise_foothold_step"": 5, ""first_critical_hit_step"": 12, ""window_end"": null, ""window_start"": null}"
ours_stage2_fair,7,stage1_pref_000_ckpt_191,deployment_like,episode_002,1,1009,70,Q2_user_action_during_critical_breach,high,DecoyHarakaSMPT,User4,User,Impact,Op_Server0,"[""Op_Server0""]","[""Op_Server0""]","[""Op_Server0"", ""User0"", ""User1""]","[""Op_Server0"", ""User0"", ""User1""]","{""blue_first_relevant_response_after_critical"": 13, ""blue_first_relevant_response_after_enterprise"": 6, ""enterprise_foothold_step"": 5, ""first_critical_hit_step"": 12, ""window_end"": null, ""window_start"": null}"
ours_stage2_fair,7,stage1_pref_000_ckpt_191,deployment_like,episode_002,1,1009,71,Q2_user_action_during_critical_breach,high,Remove,User2,User,Impact,Op_Server0,"[""Op_Server0""]","[""Op_Server0""]","[""Op_Server0"", ""User0"", ""User1""]","[""Op_Server0"", ""User0"", ""User1""]","{""blue_first_relevant_response_after_critical"": 13, ""blue_first_relevant_response_after_enterprise"": 6, ""enterprise_foothold_step"": 5, ""first_critical_hit_step"": 12, ""window_end"": null, ""window_start"": null}"
ours_stage2_fair,7,stage1_pref_000_ckpt_191,deployment_like,episode_002,1,1009,81,Q2_user_action_during_critical_breach,high,DecoySvchost,User0,User,Impact,Op_Server0,"[""Op_Server0""]","[""Op_Server0""]","[""Op_Server0"", ""User0"", ""User1""]","[""Op_Server0"", ""User0"", ""User1""]","{""blue_first_relevant_response_after_critical"": 13, ""blue_first_relevant_response_after_enterprise"": 6, ""enterprise_foothold_step"": 5, ""first_critical_hit_step"": 12, ""window_end"": null, ""window_start"": null}"
ours_stage2_fair,7,stage1_pref_000_ckpt_191,deployment_like,episode_002,1,1009,82,Q2_user_action_during_critical_breach,high,DecoyVsftpd,User1,User,Impact,Op_Server0,"[""Op_Server0""]","[""Op_Server0""]","[""Op_Server0"", ""User0"", ""User1""]","[""Op_Server0"", ""User0"", ""User1""]","{""blue_first_relevant_response_after_critical"": 13, ""blue_first_relevant_response_after_enterprise"": 6, ""enterprise_foothold_step"": 5, ""first_critical_hit_step"": 12, ""window_end"": null, ""window_start"": null}"
ours_stage2_fair,7,stage1_pref_000_ckpt_191,deployment_like,episode_002,1,1009,85,Q2_user_action_during_critical_breach,high,DecoyApache,User0,User,Impact,Op_Server0,"[""Op_Server0""]","[""Op_Server0""]","[""Op_Server0"", ""User0"", ""User1""]","[""Op_Server0"", ""User0"", ""User1""]","{""blue_first_relevant_response_after_critical"": 13, ""blue_first_relevant_response_after_enterprise"": 6, ""enterprise_foothold_step"": 5, ""first_critical_hit_step"": 12, ""window_end"": null, ""window_start"": null}"
ours_stage2_fair,7,stage1_pref_000_ckpt_191,deployment_like,episode_002,1,1009,39,Q4_user_focus_after_enterprise_foothold,medium,DecoyTomcat,User3,User,ExploitRemoteService,,[],"[""Op_Server0""]","[""Enterprise2"", ""User0"", ""User1""]","[""Enterprise2"", ""Op_Server0"", ""User0"", ""User1""]","{""blue_first_relevant_response_after_critical"": 13, ""blue_first_relevant_response_after_enterprise"": 6, ""enterprise_foothold_step"": 5, ""first_critical_hit_step"": 12, ""window_end"": 41, ""window_start"": 39}"
ours_stage2_fair,7,stage1_pref_000_ckpt_191,deployment_like,episode_002,1,1009,69,Q4_user_focus_after_enterprise_foothold,medium,Remove,User2,User,Impact,Op_Server0,"[""Op_Server0""]","[""Op_Server0""]","[""Op_Server0"", ""User0"", ""User1""]","[""Op_Server0"", ""User0"", ""User1""]","{""blue_first_relevant_response_after_critical"": 13, ""blue_first_relevant_response_after_enterprise"": 6, ""enterprise_foothold_step"": 5, ""first_critical_hit_step"": 12, ""window_end"": 71, ""window_start"": 69}"
ours_stage2_fair,7,stage1_pref_000_ckpt_191,deployment_like,episode_002,2,2009,25,Q2_user_action_during_critical_breach,high,DecoyHarakaSMPT,User4,User,PrivilegeEscalate,Op_Server0,"[""Op_Server0""]","[""Op_Server0""]","[""Enterprise2"", ""Op_Server0"", ""User0"", ""User2""]","[""Enterprise2"", ""Op_Server0"", ""User0"", ""User2""]","{""blue_first_relevant_response_after_critical"": 26, ""blue_first_relevant_response_after_enterprise"": 6, ""enterprise_foothold_step"": 5, ""first_critical_hit_step"": 24, ""window_end"": null, ""window_start"": null}"
ours_stage2_fair,7,stage1_pref_000_ckpt_191,deployment_like,episode_002,2,2009,27,Q2_user_action_during_critical_breach,high,Remove,User2,User,Impact,Op_Server0,"[""Op_Server0""]","[""Op_Server0""]","[""Op_Server0"", ""User0"", ""User2""]","[""Op_Server0"", ""User0"", ""User2""]","{""blue_first_relevant_response_after_critical"": 26, ""blue_first_relevant_response_after_enterprise"": 6, ""enterprise_foothold_step"": 5, ""first_critical_hit_step"": 24, ""window_end"": null, ""window_start"": null}"
ours_stage2_fair,7,stage1_pref_000_ckpt_191,deployment_like,episode_002,2,2009,56,Q2_user_action_during_critical_breach,high,Remove,User2,User,PrivilegeEscalate,Op_Server0,"[""Op_Server0""]","[""Op_Server0""]","[""Enterprise2"", ""Op_Server0"", ""User0"", ""User2""]","[""Enterprise2"", ""Op_Server0"", ""User0"", ""User2""]","{""blue_first_relevant_response_after_critical"": 26, ""blue_first_relevant_response_after_enterprise"": 6, ""enterprise_foothold_step"": 5, ""first_critical_hit_step"": 24, ""window_end"": null, ""window_start"": null}"
ours_stage2_fair,7,stage1_pref_000_ckpt_191,deployment_like,episode_002,2,2009,60,Q2_user_action_during_critical_breach,high,DecoyHarakaSMPT,User4,User,Impact,Op_Server0,"[""Op_Server0""]","[""Op_Server0""]","[""Op_Server0"", ""User0"", ""User2""]","[""Op_Server0"", ""User0"", ""User2""]","{""blue_first_relevant_response_after_critical"": 26, ""blue_first_relevant_response_after_enterprise"": 6, ""enterprise_foothold_step"": 5, ""first_critical_hit_step"": 24, ""window_end"": null, ""window_start"": null}"
ours_stage2_fair,7,stage1_pref_000_ckpt_191,deployment_like,episode_002,2,2009,78,Q2_user_action_during_critical_breach,high,DecoyVsftpd,User1,User,Impact,Op_Server0,"[""Op_Server0""]","[""Op_Server0""]","[""Enterprise2"", ""Op_Server0"", ""User0"", ""User2""]","[""Enterprise2"", ""Op_Server0"", ""User0"", ""User2""]","{""blue_first_relevant_response_after_critical"": 26, ""blue_first_relevant_response_after_enterprise"": 6, ""enterprise_foothold_step"": 5, ""first_critical_hit_step"": 24, ""window_end"": null, ""window_start"": null}"
ours_stage2_fair,7,stage1_pref_000_ckpt_191,deployment_like,episode_002,2,2009,81,Q2_user_action_during_critical_breach,high,DecoyHarakaSMPT,User0,User,Impact,Op_Server0,"[""Op_Server0""]","[""Op_Server0""]","[""Op_Server0"", ""User0"", ""User2""]","[""Op_Server0"", ""User0"", ""User2""]","{""blue_first_relevant_response_after_critical"": 26, ""blue_first_relevant_response_after_enterprise"": 6, ""enterprise_foothold_step"": 5, ""first_critical_hit_step"": 24, ""window_end"": null, ""window_start"": null}"
ours_stage2_fair,7,stage1_pref_000_ckpt_191,deployment_like,episode_002,2,2009,82,Q2_user_action_during_critical_breach,high,DecoyFemitter,User2,User,Impact,Op_Server0,"[""Op_Server0""]","[""Op_Server0""]","[""Op_Server0"", ""User0"", ""User2""]","[""Op_Server0"", ""User0"", ""User2""]","{""blue_first_relevant_response_after_critical"": 26, ""blue_first_relevant_response_after_enterprise"": 6, ""enterprise_foothold_step"": 5, ""first_critical_hit_step"": 24, ""window_end"": null, ""window_start"": null}"
ours_stage2_fair,7,stage1_pref_000_ckpt_191,deployment_like,episode_002,2,2009,83,Q2_user_action_during_critical_breach,high,DecoyApache,User0,User,Impact,Op_Server0,"[""Op_Server0""]","[""Op_Server0""]","[""Op_Server0"", ""User0"", ""User2""]","[""Op_Server0"", ""User0"", ""User2""]","{""blue_first_relevant_response_after_critical"": 26, ""blue_first_relevant_response_after_enterprise"": 6, ""enterprise_foothold_step"": 5, ""first_critical_hit_step"": 24, ""window_end"": null, ""window_start"": null}"
ours_stage2_fair,7,stage1_pref_000_ckpt_191,deployment_like,episode_002,2,2009,85,Q2_user_action_during_critical_breach,high,DecoyVsftpd,User1,User,Impact,Op_Server0,"[""Op_Server0""]","[""Op_Server0""]","[""Op_Server0"", ""User0"", ""User2""]","[""Op_Server0"", ""User0"", ""User2""]","{""blue_first_relevant_response_after_critical"": 26, ""blue_first_relevant_response_after_enterprise"": 6, ""enterprise_foothold_step"": 5, ""first_critical_hit_step"": 24, ""window_end"": null, ""window_start"": null}"
ours_stage2_fair,7,stage1_pref_000_ckpt_191,deployment_like,episode_002,2,2009,95,Q2_user_action_during_critical_breach,high,DecoyHarakaSMPT,User4,User,PrivilegeEscalate,Op_Server0,"[""Op_Server0""]","[""Op_Server0""]","[""Enterprise2"", ""Op_Server0"", ""User0"", ""User2""]","[""Enterprise2"", ""Op_Server0"", ""User0"", ""User2""]","{""blue_first_relevant_response_after_critical"": 26, ""blue_first_relevant_response_after_enterprise"": 6, ""enterprise_foothold_step"": 5, ""first_critical_hit_step"": 24, ""window_end"": null, ""window_start"": null}"
ours_stage2_fair,7,stage1_pref_000_ckpt_191,deployment_like,episode_002,2,2009,96,Q2_user_action_during_critical_breach,high,DecoyApache,User0,User,Impact,Op_Server0,"[""Op_Server0""]","[""Op_Server0""]","[""Enterprise2"", ""Op_Server0"", ""User0"", ""User2""]","[""Enterprise2"", ""Op_Server0"", ""User0"", ""User2""]","{""blue_first_relevant_response_after_critical"": 26, ""blue_first_relevant_response_after_enterprise"": 6, ""enterprise_foothold_step"": 5, ""first_critical_hit_step"": 24, ""window_end"": null, ""window_start"": null}"
ours_stage2_fair,7,stage1_pref_000_ckpt_191,deployment_like,episode_002,2,2009,97,Q2_user_action_during_critical_breach,high,DecoyVsftpd,User1,User,Impact,Op_Server0,"[""Op_Server0""]","[""Op_Server0""]","[""Enterprise2"", ""Op_Server0"", ""User0"", ""User2""]","[""Enterprise2"", ""Op_Server0"", ""User0"", ""User2""]","{""blue_first_relevant_response_after_critical"": 26, ""blue_first_relevant_response_after_enterprise"": 6, ""enterprise_foothold_step"": 5, ""first_critical_hit_step"": 24, ""window_end"": null, ""window_start"": null}"
ours_stage2_fair,7,stage1_pref_000_ckpt_191,deployment_like,episode_002,2,2009,81,Q4_user_focus_after_enterprise_foothold,medium,DecoyHarakaSMPT,User0,User,Impact,Op_Server0,"[""Op_Server0""]","[""Op_Server0""]","[""Op_Server0"", ""User0"", ""User2""]","[""Op_Server0"", ""User0"", ""User2""]","{""blue_first_relevant_response_after_critical"": 26, ""blue_first_relevant_response_after_enterprise"": 6, ""enterprise_foothold_step"": 5, ""first_critical_hit_step"": 24, ""window_end"": 83, ""window_start"": 81}"
ours_stage2_fair,7,stage1_pref_000_ckpt_191,deployment_like,episode_002,2,2009,94,Q4_user_focus_after_enterprise_foothold,medium,DecoyApache,User0,User,ExploitRemoteService,,[],"[""Op_Server0""]","[""Enterprise2"", ""User0"", ""User2""]","[""Enterprise2"", ""Op_Server0"", ""User0"", ""User2""]","{""blue_first_relevant_response_after_critical"": 26, ""blue_first_relevant_response_after_enterprise"": 6, ""enterprise_foothold_step"": 5, ""first_critical_hit_step"": 24, ""window_end"": 96, ""window_start"": 94}"
ours_stage2_fair,7,stage1_pref_000_ckpt_191,deployment_like,episode_002,2,2009,95,Q4_user_focus_after_enterprise_foothold,medium,DecoyHarakaSMPT,User4,User,PrivilegeEscalate,Op_Server0,"[""Op_Server0""]","[""Op_Server0""]","[""Enterprise2"", ""Op_Server0"", ""User0"", ""User2""]","[""Enterprise2"", ""Op_Server0"", ""User0"", ""User2""]","{""blue_first_relevant_response_after_critical"": 26, ""blue_first_relevant_response_after_enterprise"": 6, ""enterprise_foothold_step"": 5, ""first_critical_hit_step"": 24, ""window_end"": 97, ""window_start"": 95}"
ours_stage2_fair,7,stage1_pref_000_ckpt_191,deployment_like,episode_002,3,3009,25,Q2_user_action_during_critical_breach,high,Remove,User2,User,PrivilegeEscalate,Op_Server0,"[""Op_Server0""]","[""Op_Server0""]","[""Enterprise0"", ""Enterprise2"", ""Op_Server0"", ""User0"", ""User3""]","[""Enterprise0"", ""Enterprise2"", ""Op_Server0"", ""User0"", ""User3""]","{""blue_first_relevant_response_after_critical"": 27, ""blue_first_relevant_response_after_enterprise"": 6, ""enterprise_foothold_step"": 5, ""first_critical_hit_step"": 24, ""window_end"": null, ""window_start"": null}"
ours_stage2_fair,7,stage1_pref_000_ckpt_191,deployment_like,episode_002,3,3009,26,Q2_user_action_during_critical_breach,high,DecoyVsftpd,User1,User,Impact,Op_Server0,"[""Op_Server0""]","[""Op_Server0""]","[""Enterprise0"", ""Enterprise2"", ""Op_Server0"", ""User0"", ""User3""]","[""Enterprise0"", ""Enterprise2"", ""Op_Server0"", ""User0"", ""User3""]","{""blue_first_relevant_response_after_critical"": 27, ""blue_first_relevant_response_after_enterprise"": 6, ""enterprise_foothold_step"": 5, ""first_critical_hit_step"": 24, ""window_end"": null, ""window_start"": null}"
ours_stage2_fair,7,stage1_pref_000_ckpt_191,deployment_like,episode_002,3,3009,28,Q2_user_action_during_critical_breach,high,DecoyApache,User0,User,Impact,Op_Server0,"[""Op_Server0""]","[""Op_Server0""]","[""Enterprise2"", ""Op_Server0"", ""User0"", ""User3""]","[""Enterprise2"", ""Op_Server0"", ""User0"", ""User3""]","{""blue_first_relevant_response_after_critical"": 27, ""blue_first_relevant_response_after_enterprise"": 6, ""enterprise_foothold_step"": 5, ""first_critical_hit_step"": 24, ""window_end"": null, ""window_start"": null}"
ours_stage2_fair,7,stage1_pref_000_ckpt_191,deployment_like,episode_002,3,3009,33,Q2_user_action_during_critical_breach,high,DecoyVsftpd,User1,User,Impact,Op_Server0,"[""Op_Server0""]","[""Op_Server0""]","[""Op_Server0"", ""User0"", ""User3""]","[""Op_Server0"", ""User0"", ""User3""]","{""blue_first_relevant_response_after_critical"": 27, ""blue_first_relevant_response_after_enterprise"": 6, ""enterprise_foothold_step"": 5, ""first_critical_hit_step"": 24, ""window_end"": null, ""window_start"": null}"
ours_stage2_fair,7,stage1_pref_000_ckpt_191,deployment_like,episode_002,3,3009,45,Q2_user_action_during_critical_breach,high,DecoyApache,User4,User,PrivilegeEscalate,Op_Server0,"[""Op_Server0""]","[""Op_Server0""]","[""Enterprise2"", ""Op_Server0"", ""User0"", ""User3""]","[""Enterprise2"", ""Op_Server0"", ""User0"", ""User3""]","{""blue_first_relevant_response_after_critical"": 27, ""blue_first_relevant_response_after_enterprise"": 6, ""enterprise_foothold_step"": 5, ""first_critical_hit_step"": 24, ""window_end"": null, ""window_start"": null}"
ours_stage2_fair,7,stage1_pref_000_ckpt_191,deployment_like,episode_002,3,3009,67,Q2_user_action_during_critical_breach,high,DecoyApache,User0,User,PrivilegeEscalate,Op_Server0,"[""Op_Server0""]","[""Op_Server0""]","[""Enterprise2"", ""Op_Server0"", ""User0"", ""User3""]","[""Enterprise2"", ""Op_Server0"", ""User0"", ""User3""]","{""blue_first_relevant_response_after_critical"": 27, ""blue_first_relevant_response_after_enterprise"": 6, ""enterprise_foothold_step"": 5, ""first_critical_hit_step"": 24, ""window_end"": null, ""window_start"": null}"
ours_stage2_fair,7,stage1_pref_000_ckpt_191,deployment_like,episode_002,3,3009,90,Q2_user_action_during_critical_breach,high,DecoyApache,User0,User,PrivilegeEscalate,Op_Server0,"[""Op_Server0""]","[""Op_Server0""]","[""Enterprise2"", ""Op_Server0"", ""User0"", ""User3""]","[""Enterprise2"", ""Op_Server0"", ""User0"", ""User3""]","{""blue_first_relevant_response_after_critical"": 27, ""blue_first_relevant_response_after_enterprise"": 6, ""enterprise_foothold_step"": 5, ""first_critical_hit_step"": 24, ""window_end"": null, ""window_start"": null}"
ours_stage2_fair,7,stage1_pref_000_ckpt_191,deployment_like,episode_002,3,3009,23,Q4_user_focus_after_enterprise_foothold,medium,Remove,User2,User,DiscoverNetworkServices,,[],[],"[""Enterprise0"", ""Enterprise2"", ""User0"", ""User3""]","[""Enterprise0"", ""Enterprise2"", ""User0"", ""User3""]","{""blue_first_relevant_response_after_critical"": 27, ""blue_first_relevant_response_after_enterprise"": 6, ""enterprise_foothold_step"": 5, ""first_critical_hit_step"": 24, ""window_end"": 25, ""window_start"": 23}"
ours_stage2_fair,7,stage1_pref_000_ckpt_191,deployment_like,episode_002,3,3009,24,Q4_user_focus_after_enterprise_foothold,medium,DecoyHarakaSMPT,User0,User,ExploitRemoteService,,[],"[""Op_Server0""]","[""Enterprise0"", ""Enterprise2"", ""User0"", ""User3""]","[""Enterprise0"", ""Enterprise2"", ""Op_Server0"", ""User0"", ""User3""]","{""blue_first_relevant_response_after_critical"": 27, ""blue_first_relevant_response_after_enterprise"": 6, ""enterprise_foothold_step"": 5, ""first_critical_hit_step"": 24, ""window_end"": 26, ""window_start"": 24}"
ours_stage2_fair,7,stage1_pref_000_ckpt_191,deployment_like,episode_002,4,4009,22,Q2_user_action_during_critical_breach,high,DecoyVsftpd,User1,User,Impact,Op_Server0,"[""Op_Server0""]","[""Op_Server0""]","[""Enterprise0"", ""Op_Server0"", ""User0"", ""User4""]","[""Enterprise0"", ""Op_Server0"", ""User0"", ""User4""]","{""blue_first_relevant_response_after_critical"": 13, ""blue_first_relevant_response_after_enterprise"": 7, ""enterprise_foothold_step"": 5, ""first_critical_hit_step"": 12, ""window_end"": null, ""window_start"": null}"
ours_stage2_fair,7,stage1_pref_000_ckpt_191,deployment_like,episode_002,4,4009,24,Q2_user_action_during_critical_breach,high,DecoySvchost,User0,User,Impact,Op_Server0,"[""Op_Server0""]","[""Op_Server0""]","[""Enterprise0"", ""Op_Server0"", ""User0"", ""User4""]","[""Enterprise0"", ""Op_Server0"", ""User0"", ""User4""]","{""blue_first_relevant_response_after_critical"": 13, ""blue_first_relevant_response_after_enterprise"": 7, ""enterprise_foothold_step"": 5, ""first_critical_hit_step"": 12, ""window_end"": null, ""window_start"": null}"
ours_stage2_fair,7,stage1_pref_000_ckpt_191,deployment_like,episode_002,4,4009,25,Q2_user_action_during_critical_breach,high,DecoyApache,User0,User,Impact,Op_Server0,"[""Op_Server0""]","[""Op_Server0""]","[""Enterprise0"", ""Op_Server0"", ""User0"", ""User4""]","[""Enterprise0"", ""Op_Server0"", ""User0"", ""User4""]","{""blue_first_relevant_response_after_critical"": 13, ""blue_first_relevant_response_after_enterprise"": 7, ""enterprise_foothold_step"": 5, ""first_critical_hit_step"": 12, ""window_end"": null, ""window_start"": null}"
ours_stage2_fair,7,stage1_pref_000_ckpt_191,deployment_like,episode_002,4,4009,30,Q2_user_action_during_critical_breach,high,DecoyApache,User4,User,PrivilegeEscalate,Op_Server0,"[""Op_Server0""]","[""Op_Server0""]","[""Enterprise0"", ""Op_Server0"", ""User0"", ""User4""]","[""Enterprise0"", ""Op_Server0"", ""User0"", ""User4""]","{""blue_first_relevant_response_after_critical"": 13, ""blue_first_relevant_response_after_enterprise"": 7, ""enterprise_foothold_step"": 5, ""first_critical_hit_step"": 12, ""window_end"": null, ""window_start"": null}"
ours_stage2_fair,7,stage1_pref_000_ckpt_191,deployment_like,episode_002,4,4009,40,Q2_user_action_during_critical_breach,high,DecoyVsftpd,User1,User,Impact,Op_Server0,"[""Op_Server0""]","[""Op_Server0""]","[""Enterprise0"", ""Op_Server0"", ""User0"", ""User4""]","[""Enterprise0"", ""Op_Server0"", ""User0"", ""User4""]","{""blue_first_relevant_response_after_critical"": 13, ""blue_first_relevant_response_after_enterprise"": 7, ""enterprise_foothold_step"": 5, ""first_critical_hit_step"": 12, ""window_end"": null, ""window_start"": null}"
ours_stage2_fair,7,stage1_pref_000_ckpt_191,deployment_like,episode_002,4,4009,41,Q2_user_action_during_critical_breach,high,DecoyVsftpd,User1,User,Impact,Op_Server0,"[""Op_Server0""]","[""Op_Server0""]","[""Enterprise0"", ""Op_Server0"", ""User0"", ""User4""]","[""Enterprise0"", ""Op_Server0"", ""User0"", ""User4""]","{""blue_first_relevant_response_after_critical"": 13, ""blue_first_relevant_response_after_enterprise"": 7, ""enterprise_foothold_step"": 5, ""first_critical_hit_step"": 12, ""window_end"": null, ""window_start"": null}"
ours_stage2_fair,7,stage1_pref_000_ckpt_191,deployment_like,episode_002,4,4009,57,Q2_user_action_during_critical_breach,high,DecoySSHD,User3,User,Impact,Op_Server0,"[""Op_Server0""]","[""Op_Server0""]","[""Enterprise0"", ""Op_Server0"", ""User0"", ""User4""]","[""Enterprise0"", ""Op_Server0"", ""User0"", ""User4""]","{""blue_first_relevant_response_after_critical"": 13, ""blue_first_relevant_response_after_enterprise"": 7, ""enterprise_foothold_step"": 5, ""first_critical_hit_step"": 12, ""window_end"": null, ""window_start"": null}"
ours_stage2_fair,7,stage1_pref_000_ckpt_191,deployment_like,episode_002,4,4009,60,Q2_user_action_during_critical_breach,high,DecoyApache,User0,User,Impact,Op_Server0,"[""Op_Server0""]","[""Op_Server0""]","[""Enterprise0"", ""Op_Server0"", ""User0"", ""User4""]","[""Enterprise0"", ""Op_Server0"", ""User0"", ""User4""]","{""blue_first_relevant_response_after_critical"": 13, ""blue_first_relevant_response_after_enterprise"": 7, ""enterprise_foothold_step"": 5, ""first_critical_hit_step"": 12, ""window_end"": null, ""window_start"": null}"
ours_stage2_fair,7,stage1_pref_000_ckpt_191,deployment_like,episode_002,4,4009,73,Q2_user_action_during_critical_breach,high,DecoyHarakaSMPT,User0,User,Impact,Op_Server0,"[""Op_Server0""]","[""Op_Server0""]","[""Enterprise0"", ""Op_Server0"", ""User0"", ""User4""]","[""Enterprise0"", ""Op_Server0"", ""User0"", ""User4""]","{""blue_first_relevant_response_after_critical"": 13, ""blue_first_relevant_response_after_enterprise"": 7, ""enterprise_foothold_step"": 5, ""first_critical_hit_step"": 12, ""window_end"": null, ""window_start"": null}"
ours_stage2_fair,7,stage1_pref_000_ckpt_191,deployment_like,episode_002,4,4009,76,Q2_user_action_during_critical_breach,high,Restore,User2,User,Impact,Op_Server0,"[""Op_Server0""]","[""Op_Server0""]","[""Enterprise0"", ""Op_Server0"", ""User0"", ""User4""]","[""Enterprise0"", ""Op_Server0"", ""User0"", ""User4""]","{""blue_first_relevant_response_after_critical"": 13, ""blue_first_relevant_response_after_enterprise"": 7, ""enterprise_foothold_step"": 5, ""first_critical_hit_step"": 12, ""window_end"": null, ""window_start"": null}"
ours_stage2_fair,7,stage1_pref_000_ckpt_191,deployment_like,episode_002,4,4009,78,Q2_user_action_during_critical_breach,high,DecoyVsftpd,User1,User,Impact,Op_Server0,"[""Op_Server0""]","[""Op_Server0""]","[""Enterprise0"", ""Op_Server0"", ""User0"", ""User4""]","[""Enterprise0"", ""Op_Server0"", ""User0"", ""User4""]","{""blue_first_relevant_response_after_critical"": 13, ""blue_first_relevant_response_after_enterprise"": 7, ""enterprise_foothold_step"": 5, ""first_critical_hit_step"": 12, ""window_end"": null, ""window_start"": null}"
ours_stage2_fair,7,stage1_pref_000_ckpt_191,deployment_like,episode_002,4,4009,85,Q2_user_action_during_critical_breach,high,DecoySvchost,User0,User,Impact,Op_Server0,"[""Op_Server0""]","[""Op_Server0""]","[""Enterprise0"", ""Op_Server0"", ""User0"", ""User4""]","[""Enterprise0"", ""Op_Server0"", ""User0"", ""User4""]","{""blue_first_relevant_response_after_critical"": 13, ""blue_first_relevant_response_after_enterprise"": 7, ""enterprise_foothold_step"": 5, ""first_critical_hit_step"": 12, ""window_end"": null, ""window_start"": null}"
ours_stage2_fair,7,stage1_pref_000_ckpt_191,deployment_like,episode_002,4,4009,98,Q2_user_action_during_critical_breach,high,DecoyApache,User0,User,PrivilegeEscalate,Op_Server0,"[""Op_Server0""]","[""Op_Server0""]","[""Enterprise0"", ""Op_Server0"", ""User0"", ""User4""]","[""Enterprise0"", ""Op_Server0"", ""User0"", ""User4""]","{""blue_first_relevant_response_after_critical"": 13, ""blue_first_relevant_response_after_enterprise"": 7, ""enterprise_foothold_step"": 5, ""first_critical_hit_step"": 12, ""window_end"": null, ""window_start"": null}"
ours_stage2_fair,7,stage1_pref_000_ckpt_191,deployment_like,episode_002,4,4009,28,Q4_user_focus_after_enterprise_foothold,medium,DecoyApache,User0,User,PrivilegeEscalate,Op_Server0,[],[],"[""Enterprise0"", ""User0"", ""User4""]","[""Enterprise0"", ""User0"", ""User4""]","{""blue_first_relevant_response_after_critical"": 13, ""blue_first_relevant_response_after_enterprise"": 7, ""enterprise_foothold_step"": 5, ""first_critical_hit_step"": 12, ""window_end"": 30, ""window_start"": 28}"
ours_stage2_fair,7,stage1_pref_000_ckpt_191,deployment_like,episode_002,4,4009,33,Q5_repeated_low_value_decoy_loop,medium,DecoyVsftpd,User1,User,ExploitRemoteService,,[],"[""Op_Server0""]","[""Enterprise0"", ""User0"", ""User4""]","[""Enterprise0"", ""Op_Server0"", ""User0"", ""User4""]","{""blue_first_relevant_response_after_critical"": 13, ""blue_first_relevant_response_after_enterprise"": 7, ""enterprise_foothold_step"": 5, ""first_critical_hit_step"": 12, ""window_end"": 41, ""window_start"": 32}"
ours_stage2_fair,7,stage1_pref_000_ckpt_191,deployment_like,episode_002,5,5009,20,Q2_user_action_during_critical_breach,high,DecoyHarakaSMPT,User0,User,Impact,Op_Server0,"[""Op_Server0""]","[""Op_Server0""]","[""Enterprise0"", ""Op_Server0"", ""User0"", ""User3""]","[""Enterprise0"", ""Op_Server0"", ""User0"", ""User3""]","{""blue_first_relevant_response_after_critical"": 18, ""blue_first_relevant_response_after_enterprise"": 6, ""enterprise_foothold_step"": 5, ""first_critical_hit_step"": 17, ""window_end"": null, ""window_start"": null}"
ours_stage2_fair,7,stage1_pref_000_ckpt_191,deployment_like,episode_002,5,5009,22,Q2_user_action_during_critical_breach,high,DecoyApache,User0,User,Impact,Op_Server0,"[""Op_Server0""]","[""Op_Server0""]","[""Enterprise0"", ""Op_Server0"", ""User0"", ""User3""]","[""Enterprise0"", ""Op_Server0"", ""User0"", ""User3""]","{""blue_first_relevant_response_after_critical"": 18, ""blue_first_relevant_response_after_enterprise"": 6, ""enterprise_foothold_step"": 5, ""first_critical_hit_step"": 17, ""window_end"": null, ""window_start"": null}"
ours_stage2_fair,7,stage1_pref_000_ckpt_191,deployment_like,episode_002,5,5009,23,Q2_user_action_during_critical_breach,high,DecoyHarakaSMPT,User4,User,Impact,Op_Server0,"[""Op_Server0""]","[""Op_Server0""]","[""Enterprise0"", ""Op_Server0"", ""User0"", ""User3""]","[""Enterprise0"", ""Op_Server0"", ""User0"", ""User3""]","{""blue_first_relevant_response_after_critical"": 18, ""blue_first_relevant_response_after_enterprise"": 6, ""enterprise_foothold_step"": 5, ""first_critical_hit_step"": 17, ""window_end"": null, ""window_start"": null}"
ours_stage2_fair,7,stage1_pref_000_ckpt_191,deployment_like,episode_002,5,5009,25,Q2_user_action_during_critical_breach,high,DecoyHarakaSMPT,User4,User,Impact,Op_Server0,"[""Op_Server0""]","[""Op_Server0""]","[""Enterprise0"", ""Op_Server0"", ""User0"", ""User3""]","[""Enterprise0"", ""Op_Server0"", ""User0"", ""User3""]","{""blue_first_relevant_response_after_critical"": 18, ""blue_first_relevant_response_after_enterprise"": 6, ""enterprise_foothold_step"": 5, ""first_critical_hit_step"": 17, ""window_end"": null, ""window_start"": null}"
ours_stage2_fair,7,stage1_pref_000_ckpt_191,deployment_like,episode_002,5,5009,27,Q2_user_action_during_critical_breach,high,DecoyHarakaSMPT,User0,User,Impact,Op_Server0,"[""Op_Server0""]","[""Op_Server0""]","[""Enterprise0"", ""Op_Server0"", ""User0"", ""User3""]","[""Enterprise0"", ""Op_Server0"", ""User0"", ""User3""]","{""blue_first_relevant_response_after_critical"": 18, ""blue_first_relevant_response_after_enterprise"": 6, ""enterprise_foothold_step"": 5, ""first_critical_hit_step"": 17, ""window_end"": null, ""window_start"": null}"
ours_stage2_fair,7,stage1_pref_000_ckpt_191,deployment_like,episode_002,5,5009,40,Q2_user_action_during_critical_breach,high,DecoySvchost,User0,User,Impact,Op_Server0,"[""Op_Server0""]","[""Op_Server0""]","[""Enterprise0"", ""Op_Server0"", ""User0"", ""User3""]","[""Enterprise0"", ""Op_Server0"", ""User0"", ""User3""]","{""blue_first_relevant_response_after_critical"": 18, ""blue_first_relevant_response_after_enterprise"": 6, ""enterprise_foothold_step"": 5, ""first_critical_hit_step"": 17, ""window_end"": null, ""window_start"": null}"
ours_stage2_fair,7,stage1_pref_000_ckpt_191,deployment_like,episode_002,5,5009,41,Q2_user_action_during_critical_breach,high,DecoySmss,User3,User,Impact,Op_Server0,"[""Op_Server0""]","[""Op_Server0""]","[""Enterprise0"", ""Op_Server0"", ""User0"", ""User3""]","[""Enterprise0"", ""Op_Server0"", ""User0"", ""User3""]","{""blue_first_relevant_response_after_critical"": 18, ""blue_first_relevant_response_after_enterprise"": 6, ""enterprise_foothold_step"": 5, ""first_critical_hit_step"": 17, ""window_end"": null, ""window_start"": null}"
ours_stage2_fair,7,stage1_pref_000_ckpt_191,deployment_like,episode_002,5,5009,42,Q2_user_action_during_critical_breach,high,DecoyApache,User0,User,Impact,Op_Server0,"[""Op_Server0""]","[""Op_Server0""]","[""Enterprise0"", ""Op_Server0"", ""User0"", ""User3""]","[""Enterprise0"", ""Op_Server0"", ""User0"", ""User3""]","{""blue_first_relevant_response_after_critical"": 18, ""blue_first_relevant_response_after_enterprise"": 6, ""enterprise_foothold_step"": 5, ""first_critical_hit_step"": 17, ""window_end"": null, ""window_start"": null}"
ours_stage2_fair,7,stage1_pref_000_ckpt_191,deployment_like,episode_002,5,5009,47,Q2_user_action_during_critical_breach,high,DecoySmss,User3,User,PrivilegeEscalate,Op_Server0,"[""Op_Server0""]","[""Op_Server0""]","[""Enterprise0"", ""Op_Server0"", ""User0"", ""User3""]","[""Enterprise0"", ""Op_Server0"", ""User0"", ""User3""]","{""blue_first_relevant_response_after_critical"": 18, ""blue_first_relevant_response_after_enterprise"": 6, ""enterprise_foothold_step"": 5, ""first_critical_hit_step"": 17, ""window_end"": null, ""window_start"": null}"
ours_stage2_fair,7,stage1_pref_000_ckpt_191,deployment_like,episode_002,5,5009,53,Q2_user_action_during_critical_breach,high,Remove,User2,User,Impact,Op_Server0,"[""Op_Server0""]","[""Op_Server0""]","[""Enterprise0"", ""Op_Server0"", ""User0"", ""User3""]","[""Enterprise0"", ""Op_Server0"", ""User0"", ""User3""]","{""blue_first_relevant_response_after_critical"": 18, ""blue_first_relevant_response_after_enterprise"": 6, ""enterprise_foothold_step"": 5, ""first_critical_hit_step"": 17, ""window_end"": null, ""window_start"": null}"
ours_stage2_fair,7,stage1_pref_000_ckpt_191,deployment_like,episode_002,5,5009,63,Q2_user_action_during_critical_breach,high,DecoyVsftpd,User1,User,Impact,Op_Server0,"[""Op_Server0""]","[""Op_Server0""]","[""Enterprise0"", ""Op_Server0"", ""User0"", ""User3""]","[""Enterprise0"", ""Op_Server0"", ""User0"", ""User3""]","{""blue_first_relevant_response_after_critical"": 18, ""blue_first_relevant_response_after_enterprise"": 6, ""enterprise_foothold_step"": 5, ""first_critical_hit_step"": 17, ""window_end"": null, ""window_start"": null}"
ours_stage2_fair,7,stage1_pref_000_ckpt_191,deployment_like,episode_002,5,5009,64,Q2_user_action_during_critical_breach,high,DecoyHarakaSMPT,User4,User,Impact,Op_Server0,"[""Op_Server0""]","[""Op_Server0""]","[""Enterprise0"", ""Op_Server0"", ""User0"", ""User3""]","[""Enterprise0"", ""Op_Server0"", ""User0"", ""User3""]","{""blue_first_relevant_response_after_critical"": 18, ""blue_first_relevant_response_after_enterprise"": 6, ""enterprise_foothold_step"": 5, ""first_critical_hit_step"": 17, ""window_end"": null, ""window_start"": null}"
ours_stage2_fair,7,stage1_pref_000_ckpt_191,deployment_like,episode_002,5,5009,73,Q2_user_action_during_critical_breach,high,DecoyVsftpd,User1,User,Impact,Op_Server0,"[""Op_Server0""]","[""Op_Server0""]","[""Enterprise0"", ""Op_Server0"", ""User0"", ""User3""]","[""Enterprise0"", ""Op_Server0"", ""User0"", ""User3""]","{""blue_first_relevant_response_after_critical"": 18, ""blue_first_relevant_response_after_enterprise"": 6, ""enterprise_foothold_step"": 5, ""first_critical_hit_step"": 17, ""window_end"": null, ""window_start"": null}"
ours_stage2_fair,7,stage1_pref_000_ckpt_191,deployment_like,episode_002,5,5009,76,Q2_user_action_during_critical_breach,high,DecoySSHD,User2,User,Impact,Op_Server0,"[""Op_Server0""]","[""Op_Server0""]","[""Enterprise0"", ""Op_Server0"", ""User0"", ""User3""]","[""Enterprise0"", ""Op_Server0"", ""User0"", ""User3""]","{""blue_first_relevant_response_after_critical"": 18, ""blue_first_relevant_response_after_enterprise"": 6, ""enterprise_foothold_step"": 5, ""first_critical_hit_step"": 17, ""window_end"": null, ""window_start"": null}"
ours_stage2_fair,7,stage1_pref_000_ckpt_191,deployment_like,episode_002,5,5009,80,Q2_user_action_during_critical_breach,high,DecoyVsftpd,User1,User,Impact,Op_Server0,"[""Op_Server0""]","[""Op_Server0""]","[""Enterprise0"", ""Op_Server0"", ""User0"", ""User3""]","[""Enterprise0"", ""Op_Server0"", ""User0"", ""User3""]","{""blue_first_relevant_response_after_critical"": 18, ""blue_first_relevant_response_after_enterprise"": 6, ""enterprise_foothold_step"": 5, ""first_critical_hit_step"": 17, ""window_end"": null, ""window_start"": null}"
ours_stage2_fair,7,stage1_pref_000_ckpt_191,deployment_like,episode_002,5,5009,82,Q2_user_action_during_critical_breach,high,Remove,User2,User,Impact,Op_Server0,"[""Op_Server0""]","[""Op_Server0""]","[""Enterprise0"", ""Op_Server0"", ""User0"", ""User3""]","[""Enterprise0"", ""Op_Server0"", ""User0"", ""User3""]","{""blue_first_relevant_response_after_critical"": 18, ""blue_first_relevant_response_after_enterprise"": 6, ""enterprise_foothold_step"": 5, ""first_critical_hit_step"": 17, ""window_end"": null, ""window_start"": null}"
ours_stage2_fair,7,stage1_pref_000_ckpt_191,deployment_like,episode_002,5,5009,92,Q2_user_action_during_critical_breach,high,Remove,User2,User,Impact,Op_Server0,"[""Op_Server0""]","[""Op_Server0""]","[""Op_Server0"", ""User0"", ""User3""]","[""Op_Server0"", ""User0"", ""User3""]","{""blue_first_relevant_response_after_critical"": 18, ""blue_first_relevant_response_after_enterprise"": 6, ""enterprise_foothold_step"": 5, ""first_critical_hit_step"": 17, ""window_end"": null, ""window_start"": null}"
ours_stage2_fair,7,stage1_pref_000_ckpt_191,deployment_like,episode_002,5,5009,96,Q1_sleep_during_critical_breach,high,Sleep,,,Impact,Op_Server0,"[""Op_Server0""]","[""Op_Server0""]","[""Op_Server0"", ""User0"", ""User3""]","[""Op_Server0"", ""User0"", ""User3""]","{""blue_first_relevant_response_after_critical"": 18, ""blue_first_relevant_response_after_enterprise"": 6, ""enterprise_foothold_step"": 5, ""first_critical_hit_step"": 17, ""window_end"": null, ""window_start"": null}"
ours_stage2_fair,7,stage1_pref_000_ckpt_191,deployment_like,episode_002,5,5009,7,Q4_user_focus_after_enterprise_foothold,medium,DecoyHarakaSMPT,User4,User,DiscoverRemoteSystems,,[],[],"[""Enterprise0"", ""User0"", ""User3""]","[""Enterprise0"", ""User0"", ""User3""]","{""blue_first_relevant_response_after_critical"": 18, ""blue_first_relevant_response_after_enterprise"": 6, ""enterprise_foothold_step"": 5, ""first_critical_hit_step"": 17, ""window_end"": 9, ""window_start"": 7}"
ours_stage2_fair,7,stage1_pref_000_ckpt_191,deployment_like,episode_002,5,5009,8,Q4_user_focus_after_enterprise_foothold,medium,DecoyHarakaSMPT,User4,User,DiscoverNetworkServices,,[],[],"[""Enterprise0"", ""User0"", ""User3""]","[""Enterprise0"", ""User0"", ""User3""]","{""blue_first_relevant_response_after_critical"": 18, ""blue_first_relevant_response_after_enterprise"": 6, ""enterprise_foothold_step"": 5, ""first_critical_hit_step"": 17, ""window_end"": 10, ""window_start"": 8}"
ours_stage2_fair,7,stage1_pref_000_ckpt_191,deployment_like,episode_002,5,5009,9,Q4_user_focus_after_enterprise_foothold,medium,DecoyVsftpd,User1,User,ExploitRemoteService,,[],[],"[""Enterprise0"", ""User0"", ""User3""]","[""Enterprise0"", ""User0"", ""User3""]","{""blue_first_relevant_response_after_critical"": 18, ""blue_first_relevant_response_after_enterprise"": 6, ""enterprise_foothold_step"": 5, ""first_critical_hit_step"": 17, ""window_end"": 11, ""window_start"": 9}"
ours_stage2_fair,7,stage1_pref_000_ckpt_191,deployment_like,episode_002,5,5009,40,Q4_user_focus_after_enterprise_foothold,medium,DecoySvchost,User0,User,Impact,Op_Server0,"[""Op_Server0""]","[""Op_Server0""]","[""Enterprise0"", ""Op_Server0"", ""User0"", ""User3""]","[""Enterprise0"", ""Op_Server0"", ""User0"", ""User3""]","{""blue_first_relevant_response_after_critical"": 18, ""blue_first_relevant_response_after_enterprise"": 6, ""enterprise_foothold_step"": 5, ""first_critical_hit_step"": 17, ""window_end"": 42, ""window_start"": 40}"
ours_stage2_fair,7,stage1_pref_000_ckpt_191,deployment_like,episode_002,6,6009,17,Q2_user_action_during_critical_breach,high,Remove,User2,User,Impact,Op_Server0,"[""Op_Server0""]","[""Op_Server0""]","[""Enterprise1"", ""Op_Server0"", ""User0"", ""User1""]","[""Enterprise1"", ""Op_Server0"", ""User0"", ""User1""]","{""blue_first_relevant_response_after_critical"": 13, ""blue_first_relevant_response_after_enterprise"": 6, ""enterprise_foothold_step"": 5, ""first_critical_hit_step"": 12, ""window_end"": null, ""window_start"": null}"
ours_stage2_fair,7,stage1_pref_000_ckpt_191,deployment_like,episode_002,6,6009,32,Q2_user_action_during_critical_breach,high,DecoyHarakaSMPT,User0,User,Impact,Op_Server0,"[""Op_Server0""]","[""Op_Server0""]","[""Op_Server0"", ""User0"", ""User1""]","[""Op_Server0"", ""User0"", ""User1""]","{""blue_first_relevant_response_after_critical"": 13, ""blue_first_relevant_response_after_enterprise"": 6, ""enterprise_foothold_step"": 5, ""first_critical_hit_step"": 12, ""window_end"": null, ""window_start"": null}"
ours_stage2_fair,7,stage1_pref_000_ckpt_191,deployment_like,episode_002,6,6009,34,Q2_user_action_during_critical_breach,high,DecoyApache,User0,User,Impact,Op_Server0,"[""Op_Server0""]","[""Op_Server0""]","[""Op_Server0"", ""User0"", ""User1""]","[""Op_Server0"", ""User0"", ""User1""]","{""blue_first_relevant_response_after_critical"": 13, ""blue_first_relevant_response_after_enterprise"": 6, ""enterprise_foothold_step"": 5, ""first_critical_hit_step"": 12, ""window_end"": null, ""window_start"": null}"
ours_stage2_fair,7,stage1_pref_000_ckpt_191,deployment_like,episode_002,6,6009,50,Q2_user_action_during_critical_breach,high,DecoyFemitter,User2,User,Impact,Op_Server0,"[""Op_Server0""]","[""Op_Server0""]","[""Enterprise2"", ""Op_Server0"", ""User0"", ""User1""]","[""Enterprise2"", ""Op_Server0"", ""User0"", ""User1""]","{""blue_first_relevant_response_after_critical"": 13, ""blue_first_relevant_response_after_enterprise"": 6, ""enterprise_foothold_step"": 5, ""first_critical_hit_step"": 12, ""window_end"": null, ""window_start"": null}"
ours_stage2_fair,7,stage1_pref_000_ckpt_191,deployment_like,episode_002,6,6009,51,Q2_user_action_during_critical_breach,high,DecoyVsftpd,User1,User,Impact,Op_Server0,"[""Op_Server0""]","[""Op_Server0""]","[""Enterprise2"", ""Op_Server0"", ""User0"", ""User1""]","[""Enterprise2"", ""Op_Server0"", ""User0"", ""User1""]","{""blue_first_relevant_response_after_critical"": 13, ""blue_first_relevant_response_after_enterprise"": 6, ""enterprise_foothold_step"": 5, ""first_critical_hit_step"": 12, ""window_end"": null, ""window_start"": null}"
ours_stage2_fair,7,stage1_pref_000_ckpt_191,deployment_like,episode_002,6,6009,55,Q2_user_action_during_critical_breach,high,Remove,User2,User,Impact,Op_Server0,"[""Op_Server0""]","[""Op_Server0""]","[""Enterprise2"", ""Op_Server0"", ""User0"", ""User1""]","[""Enterprise2"", ""Op_Server0"", ""User0"", ""User1""]","{""blue_first_relevant_response_after_critical"": 13, ""blue_first_relevant_response_after_enterprise"": 6, ""enterprise_foothold_step"": 5, ""first_critical_hit_step"": 12, ""window_end"": null, ""window_start"": null}"
ours_stage2_fair,7,stage1_pref_000_ckpt_191,deployment_like,episode_002,6,6009,58,Q2_user_action_during_critical_breach,high,DecoyApache,User0,User,Impact,Op_Server0,"[""Op_Server0""]","[""Op_Server0""]","[""Enterprise2"", ""Op_Server0"", ""User0"", ""User1""]","[""Enterprise2"", ""Op_Server0"", ""User0"", ""User1""]","{""blue_first_relevant_response_after_critical"": 13, ""blue_first_relevant_response_after_enterprise"": 6, ""enterprise_foothold_step"": 5, ""first_critical_hit_step"": 12, ""window_end"": null, ""window_start"": null}"
ours_stage2_fair,7,stage1_pref_000_ckpt_191,deployment_like,episode_002,6,6009,67,Q2_user_action_during_critical_breach,high,DecoyVsftpd,User1,User,Impact,Op_Server0,"[""Op_Server0""]","[""Op_Server0""]","[""Op_Server0"", ""User0"", ""User1""]","[""Op_Server0"", ""User0"", ""User1""]","{""blue_first_relevant_response_after_critical"": 13, ""blue_first_relevant_response_after_enterprise"": 6, ""enterprise_foothold_step"": 5, ""first_critical_hit_step"": 12, ""window_end"": null, ""window_start"": null}"
ours_stage2_fair,7,stage1_pref_000_ckpt_191,deployment_like,episode_002,6,6009,69,Q2_user_action_during_critical_breach,high,DecoyHarakaSMPT,User0,User,Impact,Op_Server0,"[""Op_Server0""]","[""Op_Server0""]","[""Op_Server0"", ""User0"", ""User1""]","[""Op_Server0"", ""User0"", ""User1""]","{""blue_first_relevant_response_after_critical"": 13, ""blue_first_relevant_response_after_enterprise"": 6, ""enterprise_foothold_step"": 5, ""first_critical_hit_step"": 12, ""window_end"": null, ""window_start"": null}"
ours_stage2_fair,7,stage1_pref_000_ckpt_191,deployment_like,episode_002,6,6009,70,Q2_user_action_during_critical_breach,high,DecoyVsftpd,User1,User,Impact,Op_Server0,"[""Op_Server0""]","[""Op_Server0""]","[""Op_Server0"", ""User0"", ""User1""]","[""Op_Server0"", ""User0"", ""User1""]","{""blue_first_relevant_response_after_critical"": 13, ""blue_first_relevant_response_after_enterprise"": 6, ""enterprise_foothold_step"": 5, ""first_critical_hit_step"": 12, ""window_end"": null, ""window_start"": null}"
ours_stage2_fair,7,stage1_pref_000_ckpt_191,deployment_like,episode_002,6,6009,72,Q2_user_action_during_critical_breach,high,Remove,User2,User,Impact,Op_Server0,"[""Op_Server0""]","[""Op_Server0""]","[""Op_Server0"", ""User0"", ""User1""]","[""Op_Server0"", ""User0"", ""User1""]","{""blue_first_relevant_response_after_critical"": 13, ""blue_first_relevant_response_after_enterprise"": 6, ""enterprise_foothold_step"": 5, ""first_critical_hit_step"": 12, ""window_end"": null, ""window_start"": null}"
ours_stage2_fair,7,stage1_pref_000_ckpt_191,deployment_like,episode_002,6,6009,73,Q2_user_action_during_critical_breach,high,Remove,User2,User,Impact,Op_Server0,"[""Op_Server0""]","[""Op_Server0""]","[""Op_Server0"", ""User0"", ""User1""]","[""Op_Server0"", ""User0"", ""User1""]","{""blue_first_relevant_response_after_critical"": 13, ""blue_first_relevant_response_after_enterprise"": 6, ""enterprise_foothold_step"": 5, ""first_critical_hit_step"": 12, ""window_end"": null, ""window_start"": null}"
ours_stage2_fair,7,stage1_pref_000_ckpt_191,deployment_like,episode_002,6,6009,75,Q2_user_action_during_critical_breach,high,Analyse,User0,User,Impact,Op_Server0,"[""Op_Server0""]","[""Op_Server0""]","[""Op_Server0"", ""User0"", ""User1""]","[""Op_Server0"", ""User0"", ""User1""]","{""blue_first_relevant_response_after_critical"": 13, ""blue_first_relevant_response_after_enterprise"": 6, ""enterprise_foothold_step"": 5, ""first_critical_hit_step"": 12, ""window_end"": null, ""window_start"": null}"
ours_stage2_fair,7,stage1_pref_000_ckpt_191,deployment_like,episode_002,7,7009,47,Q2_user_action_during_critical_breach,high,Remove,User2,User,Impact,Op_Server0,"[""Op_Server0""]","[""Op_Server0""]","[""Op_Server0"", ""User0"", ""User1""]","[""Op_Server0"", ""User0"", ""User1""]","{""blue_first_relevant_response_after_critical"": 21, ""blue_first_relevant_response_after_enterprise"": 7, ""enterprise_foothold_step"": 5, ""first_critical_hit_step"": 20, ""window_end"": null, ""window_start"": null}"
ours_stage2_fair,7,stage1_pref_000_ckpt_191,deployment_like,episode_002,7,7009,49,Q2_user_action_during_critical_breach,high,Remove,User2,User,Impact,Op_Server0,"[""Op_Server0""]","[""Op_Server0""]","[""Op_Server0"", ""User0"", ""User1""]","[""Op_Server0"", ""User0"", ""User1""]","{""blue_first_relevant_response_after_critical"": 21, ""blue_first_relevant_response_after_enterprise"": 7, ""enterprise_foothold_step"": 5, ""first_critical_hit_step"": 20, ""window_end"": null, ""window_start"": null}"
ours_stage2_fair,7,stage1_pref_000_ckpt_191,deployment_like,episode_002,7,7009,52,Q2_user_action_during_critical_breach,high,DecoyApache,User0,User,Impact,Op_Server0,"[""Op_Server0""]","[""Op_Server0""]","[""Op_Server0"", ""User0"", ""User1""]","[""Op_Server0"", ""User0"", ""User1""]","{""blue_first_relevant_response_after_critical"": 21, ""blue_first_relevant_response_after_enterprise"": 7, ""enterprise_foothold_step"": 5, ""first_critical_hit_step"": 20, ""window_end"": null, ""window_start"": null}"
ours_stage2_fair,7,stage1_pref_000_ckpt_191,deployment_like,episode_002,7,7009,53,Q2_user_action_during_critical_breach,high,DecoyVsftpd,User3,User,Impact,Op_Server0,"[""Op_Server0""]","[""Op_Server0""]","[""Op_Server0"", ""User0"", ""User1""]","[""Op_Server0"", ""User0"", ""User1""]","{""blue_first_relevant_response_after_critical"": 21, ""blue_first_relevant_response_after_enterprise"": 7, ""enterprise_foothold_step"": 5, ""first_critical_hit_step"": 20, ""window_end"": null, ""window_start"": null}"
ours_stage2_fair,7,stage1_pref_000_ckpt_191,deployment_like,episode_002,7,7009,65,Q2_user_action_during_critical_breach,high,DecoyHarakaSMPT,User0,User,PrivilegeEscalate,Op_Server0,"[""Op_Server0""]","[""Op_Server0""]","[""Enterprise2"", ""Op_Server0"", ""User0"", ""User1""]","[""Enterprise2"", ""Op_Server0"", ""User0"", ""User1""]","{""blue_first_relevant_response_after_critical"": 21, ""blue_first_relevant_response_after_enterprise"": 7, ""enterprise_foothold_step"": 5, ""first_critical_hit_step"": 20, ""window_end"": null, ""window_start"": null}"
