method_name,seed,policy_id,candidate_label,episode_id,env_idx,env_seed,step_idx,rule_id,severity,blue_action_name,blue_target_hostname,blue_target_subnet,red_action_name,red_target_hostname,critical_state_before,critical_state_after,compromised_hosts_before,compromised_hosts_after,response_context
no_constraint_stage2_4obj,19,stage2_ext_009_obj_1,selected,episode_000,2,2019,9,Q4_user_focus_after_enterprise_foothold,medium,Analyse,User0,User,PrivilegeEscalate,User4,[],[],"[""User0"", ""User4""]","[""User0"", ""User4""]","{""blue_first_relevant_response_after_critical"": null, ""blue_first_relevant_response_after_enterprise"": 6, ""enterprise_foothold_step"": 5, ""first_critical_hit_step"": null, ""window_end"": 11, ""window_start"": 9}"
no_constraint_stage2_4obj,19,stage2_ext_009_obj_1,selected,episode_000,2,2019,17,Q4_user_focus_after_enterprise_foothold,medium,DecoySvchost,User3,User,ExploitRemoteService,,[],[],"[""User0"", ""User4""]","[""User0"", ""User4""]","{""blue_first_relevant_response_after_critical"": null, ""blue_first_relevant_response_after_enterprise"": 6, ""enterprise_foothold_step"": 5, ""first_critical_hit_step"": null, ""window_end"": 19, ""window_start"": 17}"
no_constraint_stage2_4obj,19,stage2_ext_009_obj_1,selected,episode_000,2,2019,18,Q4_user_focus_after_enterprise_foothold,medium,Analyse,User2,User,ExploitRemoteService,,[],[],"[""User0"", ""User4""]","[""User0"", ""User4""]","{""blue_first_relevant_response_after_critical"": null, ""blue_first_relevant_response_after_enterprise"": 6, ""enterprise_foothold_step"": 5, ""first_critical_hit_step"": null, ""window_end"": 20, ""window_start"": 18}"
no_constraint_stage2_4obj,19,stage2_ext_009_obj_1,selected,episode_000,3,3019,69,Q4_user_focus_after_enterprise_foothold,medium,Analyse,User0,User,PrivilegeEscalate,User4,[],[],"[""User0"", ""User4""]","[""User0"", ""User4""]","{""blue_first_relevant_response_after_critical"": null, ""blue_first_relevant_response_after_enterprise"": 46, ""enterprise_foothold_step"": 45, ""first_critical_hit_step"": null, ""window_end"": 71, ""window_start"": 69}"
no_constraint_stage2_4obj,19,stage2_ext_009_obj_1,selected,episode_000,3,3019,73,Q4_user_focus_after_enterprise_foothold,medium,Analyse,User0,User,PrivilegeEscalate,User4,[],[],"[""User0"", ""User4""]","[""User0"", ""User4""]","{""blue_first_relevant_response_after_critical"": null, ""blue_first_relevant_response_after_enterprise"": 46, ""enterprise_foothold_step"": 45, ""first_critical_hit_step"": null, ""window_end"": 75, ""window_start"": 73}"
no_constraint_stage2_4obj,19,stage2_ext_009_obj_1,selected,episode_000,3,3019,80,Q4_user_focus_after_enterprise_foothold,medium,DecoyVsftpd,User3,User,ExploitRemoteService,,[],[],"[""User0"", ""User4""]","[""User0"", ""User4""]","{""blue_first_relevant_response_after_critical"": null, ""blue_first_relevant_response_after_enterprise"": 46, ""enterprise_foothold_step"": 45, ""first_critical_hit_step"": null, ""window_end"": 82, ""window_start"": 80}"
no_constraint_stage2_4obj,19,stage2_ext_009_obj_1,selected,episode_000,3,3019,81,Q4_user_focus_after_enterprise_foothold,medium,Remove,User2,User,PrivilegeEscalate,User4,[],[],"[""User0"", ""User4""]","[""User0"", ""User4""]","{""blue_first_relevant_response_after_critical"": null, ""blue_first_relevant_response_after_enterprise"": 46, ""enterprise_foothold_step"": 45, ""first_critical_hit_step"": null, ""window_end"": 83, ""window_start"": 81}"
no_constraint_stage2_4obj,19,stage2_ext_009_obj_1,selected,episode_000,3,3019,82,Q4_user_focus_after_enterprise_foothold,medium,Analyse,User2,User,DiscoverNetworkServices,,[],[],"[""User0"", ""User4""]","[""User0"", ""User4""]","{""blue_first_relevant_response_after_critical"": null, ""blue_first_relevant_response_after_enterprise"": 46, ""enterprise_foothold_step"": 45, ""first_critical_hit_step"": null, ""window_end"": 84, ""window_start"": 82}"
no_constraint_stage2_4obj,19,stage2_ext_009_obj_1,selected,episode_000,3,3019,83,Q4_user_focus_after_enterprise_foothold,medium,DecoySvchost,User3,User,ExploitRemoteService,,[],[],"[""User0"", ""User4""]","[""User0"", ""User4""]","{""blue_first_relevant_response_after_critical"": null, ""blue_first_relevant_response_after_enterprise"": 46, ""enterprise_foothold_step"": 45, ""first_critical_hit_step"": null, ""window_end"": 85, ""window_start"": 83}"
no_constraint_stage2_4obj,19,stage2_ext_009_obj_1,selected,episode_000,6,6019,14,Q4_user_focus_after_enterprise_foothold,medium,DecoySvchost,User3,User,DiscoverNetworkServices,,[],[],"[""User0"", ""User4""]","[""User0"", ""User4""]","{""blue_first_relevant_response_after_critical"": null, ""blue_first_relevant_response_after_enterprise"": 6, ""enterprise_foothold_step"": 5, ""first_critical_hit_step"": null, ""window_end"": 16, ""window_start"": 14}"
no_constraint_stage2_4obj,19,stage2_ext_009_obj_1,selected,episode_000,6,6019,15,Q4_user_focus_after_enterprise_foothold,medium,Restore,User2,User,ExploitRemoteService,,[],[],"[""User0"", ""User4""]","[""User0"", ""User4""]","{""blue_first_relevant_response_after_critical"": null, ""blue_first_relevant_response_after_enterprise"": 6, ""enterprise_foothold_step"": 5, ""first_critical_hit_step"": null, ""window_end"": 17, ""window_start"": 15}"
no_constraint_stage2_4obj,19,stage2_ext_009_obj_1,selected,episode_000,6,6019,34,Q4_user_focus_after_enterprise_foothold,medium,Analyse,User2,User,ExploitRemoteService,,[],[],"[""User0"", ""User4""]","[""User0"", ""User4""]","{""blue_first_relevant_response_after_critical"": null, ""blue_first_relevant_response_after_enterprise"": 6, ""enterprise_foothold_step"": 5, ""first_critical_hit_step"": null, ""window_end"": 36, ""window_start"": 34}"
no_constraint_stage2_4obj,19,stage2_ext_009_obj_1,selected,episode_000,6,6019,38,Q4_user_focus_after_enterprise_foothold,medium,Analyse,User0,User,ExploitRemoteService,,[],[],"[""User0"", ""User4""]","[""User0"", ""User4""]","{""blue_first_relevant_response_after_critical"": null, ""blue_first_relevant_response_after_enterprise"": 6, ""enterprise_foothold_step"": 5, ""first_critical_hit_step"": null, ""window_end"": 40, ""window_start"": 38}"
no_constraint_stage2_4obj,19,stage2_ext_009_obj_1,selected,episode_000,6,6019,63,Q4_user_focus_after_enterprise_foothold,medium,Analyse,User2,User,PrivilegeEscalate,User4,[],[],"[""User0"", ""User4""]","[""User0"", ""User4""]","{""blue_first_relevant_response_after_critical"": null, ""blue_first_relevant_response_after_enterprise"": 6, ""enterprise_foothold_step"": 5, ""first_critical_hit_step"": null, ""window_end"": 65, ""window_start"": 63}"
no_constraint_stage2_4obj,19,stage2_ext_009_obj_1,selected,episode_000,6,6019,67,Q4_user_focus_after_enterprise_foothold,medium,Remove,User2,User,PrivilegeEscalate,User4,[],[],"[""User0"", ""User4""]","[""User0"", ""User4""]","{""blue_first_relevant_response_after_critical"": null, ""blue_first_relevant_response_after_enterprise"": 6, ""enterprise_foothold_step"": 5, ""first_critical_hit_step"": null, ""window_end"": 69, ""window_start"": 67}"
no_constraint_stage2_4obj,19,stage2_ext_009_obj_1,selected,episode_000,6,6019,68,Q4_user_focus_after_enterprise_foothold,medium,Analyse,User2,User,DiscoverNetworkServices,,[],[],"[""User0"", ""User4""]","[""User0"", ""User4""]","{""blue_first_relevant_response_after_critical"": null, ""blue_first_relevant_response_after_enterprise"": 6, ""enterprise_foothold_step"": 5, ""first_critical_hit_step"": null, ""window_end"": 70, ""window_start"": 68}"
no_constraint_stage2_4obj,19,stage2_ext_009_obj_1,selected,episode_000,7,7019,25,Q5_repeated_low_value_decoy_loop,medium,DecoySvchost,User3,User,ExploitRemoteService,,[],[],"[""User0"", ""User2""]","[""Enterprise1"", ""User0"", ""User2""]","{""blue_first_relevant_response_after_critical"": null, ""blue_first_relevant_response_after_enterprise"": 6, ""enterprise_foothold_step"": 5, ""first_critical_hit_step"": null, ""window_end"": 32, ""window_start"": 23}"
no_constraint_stage2_4obj,19,stage2_ext_009_obj_1,selected,episode_001,0,20,69,Q4_user_focus_after_enterprise_foothold,medium,Analyse,User2,User,PrivilegeEscalate,User4,[],[],"[""User0"", ""User4""]","[""User0"", ""User4""]","{""blue_first_relevant_response_after_critical"": null, ""blue_first_relevant_response_after_enterprise"": 62, ""enterprise_foothold_step"": 61, ""first_critical_hit_step"": null, ""window_end"": 71, ""window_start"": 69}"
no_constraint_stage2_4obj,19,stage2_ext_009_obj_1,selected,episode_001,0,20,73,Q4_user_focus_after_enterprise_foothold,medium,Analyse,User0,User,ExploitRemoteService,,[],[],"[""User0"", ""User4""]","[""User0"", ""User4""]","{""blue_first_relevant_response_after_critical"": null, ""blue_first_relevant_response_after_enterprise"": 62, ""enterprise_foothold_step"": 61, ""first_critical_hit_step"": null, ""window_end"": 75, ""window_start"": 73}"
no_constraint_stage2_4obj,19,stage2_ext_009_obj_1,selected,episode_001,0,20,83,Q4_user_focus_after_enterprise_foothold,medium,Analyse,User0,User,ExploitRemoteService,,[],[],"[""User0"", ""User4""]","[""User0"", ""User4""]","{""blue_first_relevant_response_after_critical"": null, ""blue_first_relevant_response_after_enterprise"": 62, ""enterprise_foothold_step"": 61, ""first_critical_hit_step"": null, ""window_end"": 85, ""window_start"": 83}"
no_constraint_stage2_4obj,19,stage2_ext_009_obj_1,selected,episode_001,0,20,84,Q4_user_focus_after_enterprise_foothold,medium,Analyse,User3,User,ExploitRemoteService,,[],[],"[""User0"", ""User4""]","[""User0"", ""User4""]","{""blue_first_relevant_response_after_critical"": null, ""blue_first_relevant_response_after_enterprise"": 62, ""enterprise_foothold_step"": 61, ""first_critical_hit_step"": null, ""window_end"": 86, ""window_start"": 84}"
no_constraint_stage2_4obj,19,stage2_ext_009_obj_1,selected,episode_001,2,2020,18,Q4_user_focus_after_enterprise_foothold,medium,Analyse,User2,User,DiscoverNetworkServices,,[],[],"[""User0"", ""User3""]","[""User0"", ""User3""]","{""blue_first_relevant_response_after_critical"": null, ""blue_first_relevant_response_after_enterprise"": 10, ""enterprise_foothold_step"": 9, ""first_critical_hit_step"": null, ""window_end"": 20, ""window_start"": 18}"
no_constraint_stage2_4obj,19,stage2_ext_009_obj_1,selected,episode_001,2,2020,19,Q4_user_focus_after_enterprise_foothold,medium,Analyse,User0,User,ExploitRemoteService,,[],[],"[""User0"", ""User3""]","[""User0"", ""User3""]","{""blue_first_relevant_response_after_critical"": null, ""blue_first_relevant_response_after_enterprise"": 10, ""enterprise_foothold_step"": 9, ""first_critical_hit_step"": null, ""window_end"": 21, ""window_start"": 19}"
no_constraint_stage2_4obj,19,stage2_ext_009_obj_1,selected,episode_001,2,2020,20,Q4_user_focus_after_enterprise_foothold,medium,Analyse,User2,User,ExploitRemoteService,,[],[],"[""User0"", ""User3""]","[""User0"", ""User3""]","{""blue_first_relevant_response_after_critical"": null, ""blue_first_relevant_response_after_enterprise"": 10, ""enterprise_foothold_step"": 9, ""first_critical_hit_step"": null, ""window_end"": 22, ""window_start"": 20}"
no_constraint_stage2_4obj,19,stage2_ext_009_obj_1,selected,episode_001,2,2020,35,Q4_user_focus_after_enterprise_foothold,medium,Analyse,User2,User,ExploitRemoteService,,[],[],"[""User0"", ""User3""]","[""User0"", ""User3""]","{""blue_first_relevant_response_after_critical"": null, ""blue_first_relevant_response_after_enterprise"": 10, ""enterprise_foothold_step"": 9, ""first_critical_hit_step"": null, ""window_end"": 37, ""window_start"": 35}"
no_constraint_stage2_4obj,19,stage2_ext_009_obj_1,selected,episode_001,2,2020,36,Q4_user_focus_after_enterprise_foothold,medium,Remove,User2,User,ExploitRemoteService,,[],[],"[""User0"", ""User3""]","[""User0"", ""User3""]","{""blue_first_relevant_response_after_critical"": null, ""blue_first_relevant_response_after_enterprise"": 10, ""enterprise_foothold_step"": 9, ""first_critical_hit_step"": null, ""window_end"": 38, ""window_start"": 36}"
no_constraint_stage2_4obj,19,stage2_ext_009_obj_1,selected,episode_001,2,2020,37,Q4_user_focus_after_enterprise_foothold,medium,Analyse,User2,User,PrivilegeEscalate,User3,[],[],"[""User0"", ""User3""]","[""User0"", ""User3""]","{""blue_first_relevant_response_after_critical"": null, ""blue_first_relevant_response_after_enterprise"": 10, ""enterprise_foothold_step"": 9, ""first_critical_hit_step"": null, ""window_end"": 39, ""window_start"": 37}"
no_constraint_stage2_4obj,19,stage2_ext_009_obj_1,selected,episode_001,2,2020,44,Q4_user_focus_after_enterprise_foothold,medium,Analyse,User2,User,DiscoverNetworkServices,,[],[],"[""User0"", ""User3""]","[""User0"", ""User3""]","{""blue_first_relevant_response_after_critical"": null, ""blue_first_relevant_response_after_enterprise"": 10, ""enterprise_foothold_step"": 9, ""first_critical_hit_step"": null, ""window_end"": 46, ""window_start"": 44}"
no_constraint_stage2_4obj,19,stage2_ext_009_obj_1,selected,episode_001,2,2020,45,Q4_user_focus_after_enterprise_foothold,medium,Analyse,User2,User,ExploitRemoteService,,[],[],"[""User0"", ""User3""]","[""User0"", ""User3""]","{""blue_first_relevant_response_after_critical"": null, ""blue_first_relevant_response_after_enterprise"": 10, ""enterprise_foothold_step"": 9, ""first_critical_hit_step"": null, ""window_end"": 47, ""window_start"": 45}"
no_constraint_stage2_4obj,19,stage2_ext_009_obj_1,selected,episode_001,2,2020,49,Q4_user_focus_after_enterprise_foothold,medium,Analyse,User2,User,ExploitRemoteService,,[],[],"[""User0"", ""User3""]","[""User0"", ""User3""]","{""blue_first_relevant_response_after_critical"": null, ""blue_first_relevant_response_after_enterprise"": 10, ""enterprise_foothold_step"": 9, ""first_critical_hit_step"": null, ""window_end"": 51, ""window_start"": 49}"
no_constraint_stage2_4obj,19,stage2_ext_009_obj_1,selected,episode_001,2,2020,53,Q4_user_focus_after_enterprise_foothold,medium,DecoyVsftpd,User3,User,ExploitRemoteService,,[],[],"[""User0"", ""User3""]","[""User0"", ""User3""]","{""blue_first_relevant_response_after_critical"": null, ""blue_first_relevant_response_after_enterprise"": 10, ""enterprise_foothold_step"": 9, ""first_critical_hit_step"": null, ""window_end"": 55, ""window_start"": 53}"
no_constraint_stage2_4obj,19,stage2_ext_009_obj_1,selected,episode_001,2,2020,54,Q4_user_focus_after_enterprise_foothold,medium,Analyse,User2,User,ExploitRemoteService,,[],[],"[""User0"", ""User3""]","[""User0"", ""User3""]","{""blue_first_relevant_response_after_critical"": null, ""blue_first_relevant_response_after_enterprise"": 10, ""enterprise_foothold_step"": 9, ""first_critical_hit_step"": null, ""window_end"": 56, ""window_start"": 54}"
no_constraint_stage2_4obj,19,stage2_ext_009_obj_1,selected,episode_001,2,2020,61,Q4_user_focus_after_enterprise_foothold,medium,Analyse,User2,User,ExploitRemoteService,,[],[],"[""User0"", ""User3""]","[""User0"", ""User3""]","{""blue_first_relevant_response_after_critical"": null, ""blue_first_relevant_response_after_enterprise"": 10, ""enterprise_foothold_step"": 9, ""first_critical_hit_step"": null, ""window_end"": 63, ""window_start"": 61}"
no_constraint_stage2_4obj,19,stage2_ext_009_obj_1,selected,episode_001,2,2020,62,Q4_user_focus_after_enterprise_foothold,medium,Analyse,User2,User,ExploitRemoteService,,[],[],"[""User0"", ""User3""]","[""User0"", ""User3""]","{""blue_first_relevant_response_after_critical"": null, ""blue_first_relevant_response_after_enterprise"": 10, ""enterprise_foothold_step"": 9, ""first_critical_hit_step"": null, ""window_end"": 64, ""window_start"": 62}"
no_constraint_stage2_4obj,19,stage2_ext_009_obj_1,selected,episode_001,2,2020,71,Q4_user_focus_after_enterprise_foothold,medium,DecoyVsftpd,User4,User,ExploitRemoteService,,[],[],"[""User0"", ""User3""]","[""User0"", ""User3""]","{""blue_first_relevant_response_after_critical"": null, ""blue_first_relevant_response_after_enterprise"": 10, ""enterprise_foothold_step"": 9, ""first_critical_hit_step"": null, ""window_end"": 73, ""window_start"": 71}"
no_constraint_stage2_4obj,19,stage2_ext_009_obj_1,selected,episode_001,2,2020,72,Q4_user_focus_after_enterprise_foothold,medium,DecoyVsftpd,User4,User,ExploitRemoteService,,[],[],"[""User0"", ""User3""]","[""User0"", ""User3""]","{""blue_first_relevant_response_after_critical"": null, ""blue_first_relevant_response_after_enterprise"": 10, ""enterprise_foothold_step"": 9, ""first_critical_hit_step"": null, ""window_end"": 74, ""window_start"": 72}"
no_constraint_stage2_4obj,19,stage2_ext_009_obj_1,selected,episode_001,2,2020,73,Q4_user_focus_after_enterprise_foothold,medium,DecoySvchost,User3,User,PrivilegeEscalate,User3,[],[],"[""User0"", ""User3""]","[""User0"", ""User3""]","{""blue_first_relevant_response_after_critical"": null, ""blue_first_relevant_response_after_enterprise"": 10, ""enterprise_foothold_step"": 9, ""first_critical_hit_step"": null, ""window_end"": 75, ""window_start"": 73}"
no_constraint_stage2_4obj,19,stage2_ext_009_obj_1,selected,episode_001,2,2020,88,Q4_user_focus_after_enterprise_foothold,medium,DecoySvchost,User3,User,ExploitRemoteService,,[],[],"[""User0"", ""User3""]","[""User0"", ""User3""]","{""blue_first_relevant_response_after_critical"": null, ""blue_first_relevant_response_after_enterprise"": 10, ""enterprise_foothold_step"": 9, ""first_critical_hit_step"": null, ""window_end"": 90, ""window_start"": 88}"
no_constraint_stage2_4obj,19,stage2_ext_009_obj_1,selected,episode_001,2,2020,89,Q4_user_focus_after_enterprise_foothold,medium,Analyse,User0,User,PrivilegeEscalate,User3,[],[],"[""User0"", ""User3""]","[""User0"", ""User3""]","{""blue_first_relevant_response_after_critical"": null, ""blue_first_relevant_response_after_enterprise"": 10, ""enterprise_foothold_step"": 9, ""first_critical_hit_step"": null, ""window_end"": 91, ""window_start"": 89}"
no_constraint_stage2_4obj,19,stage2_ext_009_obj_1,selected,episode_001,2,2020,73,Q5_repeated_low_value_decoy_loop,medium,DecoySvchost,User3,User,PrivilegeEscalate,User3,[],[],"[""User0"", ""User3""]","[""User0"", ""User3""]","{""blue_first_relevant_response_after_critical"": null, ""blue_first_relevant_response_after_enterprise"": 10, ""enterprise_foothold_step"": 9, ""first_critical_hit_step"": null, ""window_end"": 76, ""window_start"": 67}"
no_constraint_stage2_4obj,19,stage2_ext_009_obj_1,selected,episode_001,3,3020,22,Q4_user_focus_after_enterprise_foothold,medium,Analyse,User0,User,ExploitRemoteService,,[],[],"[""User0"", ""User3""]","[""User0"", ""User3""]","{""blue_first_relevant_response_after_critical"": null, ""blue_first_relevant_response_after_enterprise"": 14, ""enterprise_foothold_step"": 13, ""first_critical_hit_step"": null, ""window_end"": 24, ""window_start"": 22}"
no_constraint_stage2_4obj,19,stage2_ext_009_obj_1,selected,episode_001,3,3020,23,Q4_user_focus_after_enterprise_foothold,medium,Analyse,User2,User,PrivilegeEscalate,User3,[],[],"[""User0"", ""User3""]","[""User0"", ""User3""]","{""blue_first_relevant_response_after_critical"": null, ""blue_first_relevant_response_after_enterprise"": 14, ""enterprise_foothold_step"": 13, ""first_critical_hit_step"": null, ""window_end"": 25, ""window_start"": 23}"
no_constraint_stage2_4obj,19,stage2_ext_009_obj_1,selected,episode_001,3,3020,27,Q4_user_focus_after_enterprise_foothold,medium,Analyse,User2,User,PrivilegeEscalate,User3,[],[],"[""User0"", ""User3""]","[""User0"", ""User3""]","{""blue_first_relevant_response_after_critical"": null, ""blue_first_relevant_response_after_enterprise"": 14, ""enterprise_foothold_step"": 13, ""first_critical_hit_step"": null, ""window_end"": 29, ""window_start"": 27}"
no_constraint_stage2_4obj,19,stage2_ext_009_obj_1,selected,episode_001,3,3020,37,Q4_user_focus_after_enterprise_foothold,medium,Analyse,User0,User,ExploitRemoteService,,[],[],"[""User0"", ""User3""]","[""User0"", ""User3""]","{""blue_first_relevant_response_after_critical"": null, ""blue_first_relevant_response_after_enterprise"": 14, ""enterprise_foothold_step"": 13, ""first_critical_hit_step"": null, ""window_end"": 39, ""window_start"": 37}"
no_constraint_stage2_4obj,19,stage2_ext_009_obj_1,selected,episode_001,3,3020,66,Q4_user_focus_after_enterprise_foothold,medium,DecoyFemitter,User4,User,DiscoverNetworkServices,,[],[],"[""User0"", ""User3""]","[""User0"", ""User3""]","{""blue_first_relevant_response_after_critical"": null, ""blue_first_relevant_response_after_enterprise"": 14, ""enterprise_foothold_step"": 13, ""first_critical_hit_step"": null, ""window_end"": 68, ""window_start"": 66}"
no_constraint_stage2_4obj,19,stage2_ext_009_obj_1,selected,episode_001,3,3020,88,Q4_user_focus_after_enterprise_foothold,medium,Analyse,User0,User,ExploitRemoteService,,[],[],"[""User0"", ""User3""]","[""User0"", ""User3""]","{""blue_first_relevant_response_after_critical"": null, ""blue_first_relevant_response_after_enterprise"": 14, ""enterprise_foothold_step"": 13, ""first_critical_hit_step"": null, ""window_end"": 90, ""window_start"": 88}"
no_constraint_stage2_4obj,19,stage2_ext_009_obj_1,selected,episode_001,3,3020,51,Q5_repeated_low_value_decoy_loop,medium,DecoySvchost,User3,User,PrivilegeEscalate,User3,[],[],"[""User0"", ""User3""]","[""User0"", ""User3""]","{""blue_first_relevant_response_after_critical"": null, ""blue_first_relevant_response_after_enterprise"": 14, ""enterprise_foothold_step"": 13, ""first_critical_hit_step"": null, ""window_end"": 59, ""window_start"": 50}"
no_constraint_stage2_4obj,19,stage2_ext_009_obj_1,selected,episode_001,4,4020,43,Q4_user_focus_after_enterprise_foothold,medium,Analyse,User0,User,ExploitRemoteService,,[],[],"[""User0"", ""User3""]","[""User0"", ""User3""]","{""blue_first_relevant_response_after_critical"": null, ""blue_first_relevant_response_after_enterprise"": 42, ""enterprise_foothold_step"": 41, ""first_critical_hit_step"": null, ""window_end"": 45, ""window_start"": 43}"
no_constraint_stage2_4obj,19,stage2_ext_009_obj_1,selected,episode_001,4,4020,44,Q4_user_focus_after_enterprise_foothold,medium,DecoyFemitter,User4,User,ExploitRemoteService,,[],[],"[""User0"", ""User3""]","[""User0"", ""User3""]","{""blue_first_relevant_response_after_critical"": null, ""blue_first_relevant_response_after_enterprise"": 42, ""enterprise_foothold_step"": 41, ""first_critical_hit_step"": null, ""window_end"": 46, ""window_start"": 44}"
no_constraint_stage2_4obj,19,stage2_ext_009_obj_1,selected,episode_001,7,7020,34,Q4_user_focus_after_enterprise_foothold,medium,Analyse,User0,User,ExploitRemoteService,,[],[],"[""User0"", ""User3""]","[""User0"", ""User3""]","{""blue_first_relevant_response_after_critical"": null, ""blue_first_relevant_response_after_enterprise"": 30, ""enterprise_foothold_step"": 29, ""first_critical_hit_step"": null, ""window_end"": 36, ""window_start"": 34}"
no_constraint_stage2_4obj,19,stage2_ext_009_obj_1,selected,episode_001,7,7020,43,Q4_user_focus_after_enterprise_foothold,medium,Remove,User2,User,ExploitRemoteService,,[],[],"[""User0"", ""User3""]","[""User0"", ""User3""]","{""blue_first_relevant_response_after_critical"": null, ""blue_first_relevant_response_after_enterprise"": 30, ""enterprise_foothold_step"": 29, ""first_critical_hit_step"": null, ""window_end"": 45, ""window_start"": 43}"
no_constraint_stage2_4obj,19,stage2_ext_009_obj_1,selected,episode_001,7,7020,63,Q4_user_focus_after_enterprise_foothold,medium,Analyse,User2,User,ExploitRemoteService,,[],[],"[""User0"", ""User3""]","[""User0"", ""User3""]","{""blue_first_relevant_response_after_critical"": null, ""blue_first_relevant_response_after_enterprise"": 30, ""enterprise_foothold_step"": 29, ""first_critical_hit_step"": null, ""window_end"": 65, ""window_start"": 63}"
no_constraint_stage2_4obj,19,stage2_ext_009_obj_1,selected,episode_001,7,7020,67,Q4_user_focus_after_enterprise_foothold,medium,Remove,User2,User,ExploitRemoteService,,[],[],"[""User0"", ""User3""]","[""User0"", ""User3""]","{""blue_first_relevant_response_after_critical"": null, ""blue_first_relevant_response_after_enterprise"": 30, ""enterprise_foothold_step"": 29, ""first_critical_hit_step"": null, ""window_end"": 69, ""window_start"": 67}"
no_constraint_stage2_4obj,19,stage2_ext_009_obj_1,selected,episode_001,7,7020,68,Q4_user_focus_after_enterprise_foothold,medium,Analyse,User0,User,ExploitRemoteService,,[],[],"[""User0"", ""User3""]","[""User0"", ""User3""]","{""blue_first_relevant_response_after_critical"": null, ""blue_first_relevant_response_after_enterprise"": 30, ""enterprise_foothold_step"": 29, ""first_critical_hit_step"": null, ""window_end"": 70, ""window_start"": 68}"
no_constraint_stage2_4obj,19,stage2_ext_009_obj_1,selected,episode_001,7,7020,75,Q4_user_focus_after_enterprise_foothold,medium,Analyse,User2,User,PrivilegeEscalate,User3,[],[],"[""User0"", ""User3""]","[""User0"", ""User3""]","{""blue_first_relevant_response_after_critical"": null, ""blue_first_relevant_response_after_enterprise"": 30, ""enterprise_foothold_step"": 29, ""first_critical_hit_step"": null, ""window_end"": 77, ""window_start"": 75}"
no_constraint_stage2_4obj,19,stage2_ext_009_obj_1,selected,episode_001,7,7020,82,Q4_user_focus_after_enterprise_foothold,medium,Analyse,User0,User,DiscoverNetworkServices,,[],[],"[""User0"", ""User3""]","[""User0"", ""User3""]","{""blue_first_relevant_response_after_critical"": null, ""blue_first_relevant_response_after_enterprise"": 30, ""enterprise_foothold_step"": 29, ""first_critical_hit_step"": null, ""window_end"": 84, ""window_start"": 82}"
no_constraint_stage2_4obj,19,stage2_ext_009_obj_1,selected,episode_001,7,7020,83,Q4_user_focus_after_enterprise_foothold,medium,DecoySvchost,User3,User,ExploitRemoteService,,[],[],"[""User0"", ""User3""]","[""User0"", ""User3""]","{""blue_first_relevant_response_after_critical"": null, ""blue_first_relevant_response_after_enterprise"": 30, ""enterprise_foothold_step"": 29, ""first_critical_hit_step"": null, ""window_end"": 85, ""window_start"": 83}"
no_constraint_stage2_4obj,19,stage2_ext_009_obj_1,selected,episode_001,7,7020,84,Q4_user_focus_after_enterprise_foothold,medium,DecoyHarakaSMPT,User4,User,ExploitRemoteService,,[],[],"[""User0"", ""User3""]","[""User0"", ""User3""]","{""blue_first_relevant_response_after_critical"": null, ""blue_first_relevant_response_after_enterprise"": 30, ""enterprise_foothold_step"": 29, ""first_critical_hit_step"": null, ""window_end"": 86, ""window_start"": 84}"
no_constraint_stage2_4obj,19,stage2_ext_009_obj_1,selected,episode_002,1,1021,11,Q4_user_focus_after_enterprise_foothold,medium,Analyse,User0,User,PrivilegeEscalate,User4,[],[],"[""User0"", ""User4""]","[""User0"", ""User4""]","{""blue_first_relevant_response_after_critical"": null, ""blue_first_relevant_response_after_enterprise"": 6, ""enterprise_foothold_step"": 5, ""first_critical_hit_step"": null, ""window_end"": 13, ""window_start"": 11}"
no_constraint_stage2_4obj,19,stage2_ext_009_obj_1,selected,episode_002,1,1021,12,Q4_user_focus_after_enterprise_foothold,medium,DecoySvchost,User3,User,DiscoverNetworkServices,,[],[],"[""User0"", ""User4""]","[""User0"", ""User4""]","{""blue_first_relevant_response_after_critical"": null, ""blue_first_relevant_response_after_enterprise"": 6, ""enterprise_foothold_step"": 5, ""first_critical_hit_step"": null, ""window_end"": 14, ""window_start"": 12}"
no_constraint_stage2_4obj,19,stage2_ext_009_obj_1,selected,episode_002,1,1021,13,Q4_user_focus_after_enterprise_foothold,medium,Analyse,User2,User,ExploitRemoteService,,[],[],"[""User0"", ""User4""]","[""User0"", ""User4""]","{""blue_first_relevant_response_after_critical"": null, ""blue_first_relevant_response_after_enterprise"": 6, ""enterprise_foothold_step"": 5, ""first_critical_hit_step"": null, ""window_end"": 15, ""window_start"": 13}"
no_constraint_stage2_4obj,19,stage2_ext_009_obj_1,selected,episode_002,1,1021,14,Q4_user_focus_after_enterprise_foothold,medium,Analyse,User0,User,ExploitRemoteService,,[],[],"[""User0"", ""User4""]","[""User0"", ""User4""]","{""blue_first_relevant_response_after_critical"": null, ""blue_first_relevant_response_after_enterprise"": 6, ""enterprise_foothold_step"": 5, ""first_critical_hit_step"": null, ""window_end"": 16, ""window_start"": 14}"
no_constraint_stage2_4obj,19,stage2_ext_009_obj_1,selected,episode_002,1,1021,15,Q4_user_focus_after_enterprise_foothold,medium,Remove,User2,User,PrivilegeEscalate,User4,[],[],"[""User0"", ""User4""]","[""User0"", ""User4""]","{""blue_first_relevant_response_after_critical"": null, ""blue_first_relevant_response_after_enterprise"": 6, ""enterprise_foothold_step"": 5, ""first_critical_hit_step"": null, ""window_end"": 17, ""window_start"": 15}"
no_constraint_stage2_4obj,19,stage2_ext_009_obj_1,selected,episode_002,1,1021,16,Q4_user_focus_after_enterprise_foothold,medium,DecoySvchost,User3,User,DiscoverNetworkServices,,[],[],"[""User0"", ""User4""]","[""User0"", ""User4""]","{""blue_first_relevant_response_after_critical"": null, ""blue_first_relevant_response_after_enterprise"": 6, ""enterprise_foothold_step"": 5, ""first_critical_hit_step"": null, ""window_end"": 18, ""window_start"": 16}"
no_constraint_stage2_4obj,19,stage2_ext_009_obj_1,selected,episode_002,1,1021,17,Q4_user_focus_after_enterprise_foothold,medium,DecoyHarakaSMPT,User0,User,ExploitRemoteService,,[],[],"[""User0"", ""User4""]","[""User0"", ""User4""]","{""blue_first_relevant_response_after_critical"": null, ""blue_first_relevant_response_after_enterprise"": 6, ""enterprise_foothold_step"": 5, ""first_critical_hit_step"": null, ""window_end"": 19, ""window_start"": 17}"
no_constraint_stage2_4obj,19,stage2_ext_009_obj_1,selected,episode_002,1,1021,44,Q4_user_focus_after_enterprise_foothold,medium,DecoySSHD,User0,User,ExploitRemoteService,,[],[],"[""User0"", ""User4""]","[""User0"", ""User4""]","{""blue_first_relevant_response_after_critical"": null, ""blue_first_relevant_response_after_enterprise"": 6, ""enterprise_foothold_step"": 5, ""first_critical_hit_step"": null, ""window_end"": 46, ""window_start"": 44}"
no_constraint_stage2_4obj,19,stage2_ext_009_obj_1,selected,episode_002,1,1021,45,Q4_user_focus_after_enterprise_foothold,medium,Remove,User2,User,PrivilegeEscalate,User4,[],[],"[""User0"", ""User4""]","[""User0"", ""User4""]","{""blue_first_relevant_response_after_critical"": null, ""blue_first_relevant_response_after_enterprise"": 6, ""enterprise_foothold_step"": 5, ""first_critical_hit_step"": null, ""window_end"": 47, ""window_start"": 45}"
no_constraint_stage2_4obj,19,stage2_ext_009_obj_1,selected,episode_002,1,1021,49,Q4_user_focus_after_enterprise_foothold,medium,Analyse,User0,User,PrivilegeEscalate,User4,[],[],"[""User0"", ""User4""]","[""User0"", ""User4""]","{""blue_first_relevant_response_after_critical"": null, ""blue_first_relevant_response_after_enterprise"": 6, ""enterprise_foothold_step"": 5, ""first_critical_hit_step"": null, ""window_end"": 51, ""window_start"": 49}"
no_constraint_stage2_4obj,19,stage2_ext_009_obj_1,selected,episode_002,1,1021,74,Q4_user_focus_after_enterprise_foothold,medium,Analyse,User0,User,DiscoverNetworkServices,,[],[],"[""User0"", ""User4""]","[""User0"", ""User4""]","{""blue_first_relevant_response_after_critical"": null, ""blue_first_relevant_response_after_enterprise"": 6, ""enterprise_foothold_step"": 5, ""first_critical_hit_step"": null, ""window_end"": 76, ""window_start"": 74}"
no_constraint_stage2_4obj,19,stage2_ext_009_obj_1,selected,episode_002,1,1021,75,Q4_user_focus_after_enterprise_foothold,medium,Remove,User2,User,ExploitRemoteService,,[],[],"[""User0"", ""User4""]","[""User0"", ""User4""]","{""blue_first_relevant_response_after_critical"": null, ""blue_first_relevant_response_after_enterprise"": 6, ""enterprise_foothold_step"": 5, ""first_critical_hit_step"": null, ""window_end"": 77, ""window_start"": 75}"
no_constraint_stage2_4obj,19,stage2_ext_009_obj_1,selected,episode_002,4,4021,12,Q4_user_focus_after_enterprise_foothold,medium,Analyse,User0,User,ExploitRemoteService,,[],[],"[""User0"", ""User4""]","[""User0"", ""User4""]","{""blue_first_relevant_response_after_critical"": null, ""blue_first_relevant_response_after_enterprise"": 6, ""enterprise_foothold_step"": 5, ""first_critical_hit_step"": null, ""window_end"": 14, ""window_start"": 12}"
no_constraint_stage2_4obj,19,stage2_ext_009_obj_1,selected,episode_002,4,4021,13,Q4_user_focus_after_enterprise_foothold,medium,Analyse,User2,User,PrivilegeEscalate,User4,[],[],"[""User0"", ""User4""]","[""User0"", ""User4""]","{""blue_first_relevant_response_after_critical"": null, ""blue_first_relevant_response_after_enterprise"": 6, ""enterprise_foothold_step"": 5, ""first_critical_hit_step"": null, ""window_end"": 15, ""window_start"": 13}"
no_constraint_stage2_4obj,19,stage2_ext_009_obj_1,selected,episode_002,4,4021,26,Q4_user_focus_after_enterprise_foothold,medium,Analyse,User0,User,DiscoverNetworkServices,,[],[],"[""User0"", ""User4""]","[""User0"", ""User4""]","{""blue_first_relevant_response_after_critical"": null, ""blue_first_relevant_response_after_enterprise"": 6, ""enterprise_foothold_step"": 5, ""first_critical_hit_step"": null, ""window_end"": 28, ""window_start"": 26}"
no_constraint_stage2_4obj,19,stage2_ext_009_obj_1,selected,episode_002,4,4021,27,Q4_user_focus_after_enterprise_foothold,medium,Analyse,User2,User,ExploitRemoteService,,[],[],"[""User0"", ""User4""]","[""User0"", ""User4""]","{""blue_first_relevant_response_after_critical"": null, ""blue_first_relevant_response_after_enterprise"": 6, ""enterprise_foothold_step"": 5, ""first_critical_hit_step"": null, ""window_end"": 29, ""window_start"": 27}"
no_constraint_stage2_4obj,19,stage2_ext_009_obj_1,selected,episode_002,4,4021,45,Q4_user_focus_after_enterprise_foothold,medium,DecoyHarakaSMPT,User0,User,ExploitRemoteService,,[],[],"[""User0"", ""User4""]","[""User0"", ""User4""]","{""blue_first_relevant_response_after_critical"": null, ""blue_first_relevant_response_after_enterprise"": 6, ""enterprise_foothold_step"": 5, ""first_critical_hit_step"": null, ""window_end"": 47, ""window_start"": 45}"
no_constraint_stage2_4obj,19,stage2_ext_009_obj_1,selected,episode_003,0,22,43,Q4_user_focus_after_enterprise_foothold,medium,Analyse,User0,User,ExploitRemoteService,,[],[],"[""User0"", ""User4""]","[""User0"", ""User4""]","{""blue_first_relevant_response_after_critical"": null, ""blue_first_relevant_response_after_enterprise"": 34, ""enterprise_foothold_step"": 33, ""first_critical_hit_step"": null, ""window_end"": 45, ""window_start"": 43}"
no_constraint_stage2_4obj,19,stage2_ext_009_obj_1,selected,episode_003,0,22,44,Q4_user_focus_after_enterprise_foothold,medium,DecoySvchost,User3,User,ExploitRemoteService,,[],[],"[""User0"", ""User4""]","[""User0"", ""User4""]","{""blue_first_relevant_response_after_critical"": null, ""blue_first_relevant_response_after_enterprise"": 34, ""enterprise_foothold_step"": 33, ""first_critical_hit_step"": null, ""window_end"": 46, ""window_start"": 44}"
no_constraint_stage2_4obj,19,stage2_ext_009_obj_1,selected,episode_003,0,22,49,Q4_user_focus_after_enterprise_foothold,medium,Analyse,User0,User,PrivilegeEscalate,User4,[],[],"[""User0"", ""User4""]","[""User0"", ""User4""]","{""blue_first_relevant_response_after_critical"": null, ""blue_first_relevant_response_after_enterprise"": 34, ""enterprise_foothold_step"": 33, ""first_critical_hit_step"": null, ""window_end"": 51, ""window_start"": 49}"
no_constraint_stage2_4obj,19,stage2_ext_009_obj_1,selected,episode_003,0,22,50,Q4_user_focus_after_enterprise_foothold,medium,Analyse,User0,User,DiscoverNetworkServices,,[],[],"[""User0"", ""User4""]","[""User0"", ""User4""]","{""blue_first_relevant_response_after_critical"": null, ""blue_first_relevant_response_after_enterprise"": 34, ""enterprise_foothold_step"": 33, ""first_critical_hit_step"": null, ""window_end"": 52, ""window_start"": 50}"
no_constraint_stage2_4obj,19,stage2_ext_009_obj_1,selected,episode_003,0,22,54,Q4_user_focus_after_enterprise_foothold,medium,Analyse,User2,User,DiscoverNetworkServices,,[],[],"[""User0"", ""User4""]","[""User0"", ""User4""]","{""blue_first_relevant_response_after_critical"": null, ""blue_first_relevant_response_after_enterprise"": 34, ""enterprise_foothold_step"": 33, ""first_critical_hit_step"": null, ""window_end"": 56, ""window_start"": 54}"
no_constraint_stage2_4obj,19,stage2_ext_009_obj_1,selected,episode_003,0,22,79,Q4_user_focus_after_enterprise_foothold,medium,Analyse,User0,User,ExploitRemoteService,,[],[],"[""User0"", ""User4""]","[""User0"", ""User4""]","{""blue_first_relevant_response_after_critical"": null, ""blue_first_relevant_response_after_enterprise"": 34, ""enterprise_foothold_step"": 33, ""first_critical_hit_step"": null, ""window_end"": 81, ""window_start"": 79}"
no_constraint_stage2_4obj,19,stage2_ext_009_obj_1,selected,episode_003,0,22,83,Q4_user_focus_after_enterprise_foothold,medium,Analyse,User0,User,ExploitRemoteService,,[],[],"[""User0"", ""User4""]","[""User0"", ""User4""]","{""blue_first_relevant_response_after_critical"": null, ""blue_first_relevant_response_after_enterprise"": 34, ""enterprise_foothold_step"": 33, ""first_critical_hit_step"": null, ""window_end"": 85, ""window_start"": 83}"
no_constraint_stage2_4obj,19,stage2_ext_009_obj_1,selected,episode_003,0,22,95,Q4_user_focus_after_enterprise_foothold,medium,Analyse,User3,User,ExploitRemoteService,,[],[],"[""User0"", ""User4""]","[""User0"", ""User4""]","{""blue_first_relevant_response_after_critical"": null, ""blue_first_relevant_response_after_enterprise"": 34, ""enterprise_foothold_step"": 33, ""first_critical_hit_step"": null, ""window_end"": 97, ""window_start"": 95}"
no_constraint_stage2_4obj,19,stage2_ext_009_obj_1,selected,episode_003,1,1022,57,Q4_user_focus_after_enterprise_foothold,medium,Analyse,User2,User,PrivilegeEscalate,User4,[],[],"[""User0"", ""User4""]","[""User0"", ""User4""]","{""blue_first_relevant_response_after_critical"": null, ""blue_first_relevant_response_after_enterprise"": 54, ""enterprise_foothold_step"": 53, ""first_critical_hit_step"": null, ""window_end"": 59, ""window_start"": 57}"
no_constraint_stage2_4obj,19,stage2_ext_009_obj_1,selected,episode_003,1,1022,58,Q4_user_focus_after_enterprise_foothold,medium,DecoySvchost,User3,User,DiscoverNetworkServices,,[],[],"[""User0"", ""User4""]","[""User0"", ""User4""]","{""blue_first_relevant_response_after_critical"": null, ""blue_first_relevant_response_after_enterprise"": 54, ""enterprise_foothold_step"": 53, ""first_critical_hit_step"": null, ""window_end"": 60, ""window_start"": 58}"
no_constraint_stage2_4obj,19,stage2_ext_009_obj_1,selected,episode_003,1,1022,59,Q4_user_focus_after_enterprise_foothold,medium,Analyse,User0,User,ExploitRemoteService,,[],[],"[""User0"", ""User4""]","[""User0"", ""User4""]","{""blue_first_relevant_response_after_critical"": null, ""blue_first_relevant_response_after_enterprise"": 54, ""enterprise_foothold_step"": 53, ""first_critical_hit_step"": null, ""window_end"": 61, ""window_start"": 59}"
no_constraint_stage2_4obj,19,stage2_ext_009_obj_1,selected,episode_003,1,1022,60,Q4_user_focus_after_enterprise_foothold,medium,DecoyFemitter,User4,User,ExploitRemoteService,,[],[],"[""User0"", ""User4""]","[""User0"", ""User4""]","{""blue_first_relevant_response_after_critical"": null, ""blue_first_relevant_response_after_enterprise"": 54, ""enterprise_foothold_step"": 53, ""first_critical_hit_step"": null, ""window_end"": 62, ""window_start"": 60}"
no_constraint_stage2_4obj,19,stage2_ext_009_obj_1,selected,episode_003,1,1022,90,Q4_user_focus_after_enterprise_foothold,medium,Analyse,User0,User,DiscoverNetworkServices,,[],[],"[""User0"", ""User4""]","[""User0"", ""User4""]","{""blue_first_relevant_response_after_critical"": null, ""blue_first_relevant_response_after_enterprise"": 54, ""enterprise_foothold_step"": 53, ""first_critical_hit_step"": null, ""window_end"": 92, ""window_start"": 90}"
no_constraint_stage2_4obj,19,stage2_ext_009_obj_1,selected,episode_003,2,2022,55,Q4_user_focus_after_enterprise_foothold,medium,Analyse,User2,User,ExploitRemoteService,,[],[],"[""User0"", ""User3""]","[""User0"", ""User3""]","{""blue_first_relevant_response_after_critical"": null, ""blue_first_relevant_response_after_enterprise"": 54, ""enterprise_foothold_step"": 53, ""first_critical_hit_step"": null, ""window_end"": 57, ""window_start"": 55}"
no_constraint_stage2_4obj,19,stage2_ext_009_obj_1,selected,episode_003,2,2022,68,Q4_user_focus_after_enterprise_foothold,medium,Analyse,User0,User,DiscoverNetworkServices,,[],[],"[""User0"", ""User3""]","[""User0"", ""User3""]","{""blue_first_relevant_response_after_critical"": null, ""blue_first_relevant_response_after_enterprise"": 54, ""enterprise_foothold_step"": 53, ""first_critical_hit_step"": null, ""window_end"": 70, ""window_start"": 68}"
no_constraint_stage2_4obj,19,stage2_ext_009_obj_1,selected,episode_003,2,2022,93,Q4_user_focus_after_enterprise_foothold,medium,Analyse,User2,User,PrivilegeEscalate,User3,[],[],"[""User0"", ""User3""]","[""User0"", ""User3""]","{""blue_first_relevant_response_after_critical"": null, ""blue_first_relevant_response_after_enterprise"": 54, ""enterprise_foothold_step"": 53, ""first_critical_hit_step"": null, ""window_end"": 95, ""window_start"": 93}"
no_constraint_stage2_4obj,19,stage2_ext_009_obj_1,selected,episode_003,3,3022,32,Q4_user_focus_after_enterprise_foothold,medium,Analyse,User2,User,DiscoverNetworkServices,,[],[],"[""User0"", ""User4""]","[""User0"", ""User4""]","{""blue_first_relevant_response_after_critical"": null, ""blue_first_relevant_response_after_enterprise"": 14, ""enterprise_foothold_step"": 13, ""first_critical_hit_step"": null, ""window_end"": 34, ""window_start"": 32}"
no_constraint_stage2_4obj,19,stage2_ext_009_obj_1,selected,episode_003,3,3022,33,Q4_user_focus_after_enterprise_foothold,medium,Analyse,User0,User,ExploitRemoteService,,[],[],"[""User0"", ""User4""]","[""User0"", ""User4""]","{""blue_first_relevant_response_after_critical"": null, ""blue_first_relevant_response_after_enterprise"": 14, ""enterprise_foothold_step"": 13, ""first_critical_hit_step"": null, ""window_end"": 35, ""window_start"": 33}"
no_constraint_stage2_4obj,19,stage2_ext_009_obj_1,selected,episode_003,3,3022,55,Q4_user_focus_after_enterprise_foothold,medium,Remove,User2,User,PrivilegeEscalate,User4,[],[],"[""User0"", ""User4""]","[""User0"", ""User4""]","{""blue_first_relevant_response_after_critical"": null, ""blue_first_relevant_response_after_enterprise"": 14, ""enterprise_foothold_step"": 13, ""first_critical_hit_step"": null, ""window_end"": 57, ""window_start"": 55}"
no_constraint_stage2_4obj,19,stage2_ext_009_obj_1,selected,episode_003,3,3022,87,Q4_user_focus_after_enterprise_foothold,medium,Analyse,User2,User,PrivilegeEscalate,User4,[],[],"[""User0"", ""User4""]","[""User0"", ""User4""]","{""blue_first_relevant_response_after_critical"": null, ""blue_first_relevant_response_after_enterprise"": 14, ""enterprise_foothold_step"": 13, ""first_critical_hit_step"": null, ""window_end"": 89, ""window_start"": 87}"
no_constraint_stage2_4obj,19,stage2_ext_009_obj_1,selected,episode_003,5,5022,55,Q4_user_focus_after_enterprise_foothold,medium,Analyse,User2,User,ExploitRemoteService,,[],[],"[""User0"", ""User3""]","[""User0"", ""User3""]","{""blue_first_relevant_response_after_critical"": null, ""blue_first_relevant_response_after_enterprise"": 54, ""enterprise_foothold_step"": 53, ""first_critical_hit_step"": null, ""window_end"": 57, ""window_start"": 55}"
no_constraint_stage2_4obj,19,stage2_ext_009_obj_1,selected,episode_003,5,5022,56,Q4_user_focus_after_enterprise_foothold,medium,DecoySSHD,User0,User,ExploitRemoteService,,[],[],"[""User0"", ""User3""]","[""User0"", ""User3""]","{""blue_first_relevant_response_after_critical"": null, ""blue_first_relevant_response_after_enterprise"": 54, ""enterprise_foothold_step"": 53, ""first_critical_hit_step"": null, ""window_end"": 58, ""window_start"": 56}"
no_constraint_stage2_4obj,19,stage2_ext_009_obj_1,selected,episode_003,6,6022,10,Q4_user_focus_after_enterprise_foothold,medium,Analyse,User0,User,ExploitRemoteService,,[],[],"[""User0"", ""User4""]","[""User0"", ""User4""]","{""blue_first_relevant_response_after_critical"": null, ""blue_first_relevant_response_after_enterprise"": 6, ""enterprise_foothold_step"": 5, ""first_critical_hit_step"": null, ""window_end"": 12, ""window_start"": 10}"
no_constraint_stage2_4obj,19,stage2_ext_009_obj_1,selected,episode_003,6,6022,11,Q4_user_focus_after_enterprise_foothold,medium,Remove,User2,User,PrivilegeEscalate,User4,[],[],"[""User0"", ""User4""]","[""User0"", ""User4""]","{""blue_first_relevant_response_after_critical"": null, ""blue_first_relevant_response_after_enterprise"": 6, ""enterprise_foothold_step"": 5, ""first_critical_hit_step"": null, ""window_end"": 13, ""window_start"": 11}"
no_constraint_stage2_4obj,19,stage2_ext_009_obj_1,selected,episode_003,6,6022,63,Q4_user_focus_after_enterprise_foothold,medium,DecoySvchost,User3,User,ExploitRemoteService,,[],[],"[""User0"", ""User4""]","[""User0"", ""User4""]","{""blue_first_relevant_response_after_critical"": null, ""blue_first_relevant_response_after_enterprise"": 6, ""enterprise_foothold_step"": 5, ""first_critical_hit_step"": null, ""window_end"": 65, ""window_start"": 63}"
no_constraint_stage2_4obj,19,stage2_ext_009_obj_1,selected,episode_003,6,6022,64,Q4_user_focus_after_enterprise_foothold,medium,Analyse,User2,User,ExploitRemoteService,,[],[],"[""User0"", ""User4""]","[""User0"", ""User4""]","{""blue_first_relevant_response_after_critical"": null, ""blue_first_relevant_response_after_enterprise"": 6, ""enterprise_foothold_step"": 5, ""first_critical_hit_step"": null, ""window_end"": 66, ""window_start"": 64}"
no_constraint_stage2_4obj,19,stage2_ext_009_obj_1,selected,episode_003,6,6022,65,Q4_user_focus_after_enterprise_foothold,medium,Analyse,User2,User,PrivilegeEscalate,User4,[],[],"[""User0"", ""User4""]","[""User0"", ""User4""]","{""blue_first_relevant_response_after_critical"": null, ""blue_first_relevant_response_after_enterprise"": 6, ""enterprise_foothold_step"": 5, ""first_critical_hit_step"": null, ""window_end"": 67, ""window_start"": 65}"
no_constraint_stage2_4obj,19,stage2_ext_009_obj_1,selected,episode_004,1,1023,56,Q4_user_focus_after_enterprise_foothold,medium,Analyse,User0,User,ExploitRemoteService,,[],[],"[""User0"", ""User4""]","[""User0"", ""User4""]","{""blue_first_relevant_response_after_critical"": null, ""blue_first_relevant_response_after_enterprise"": 50, ""enterprise_foothold_step"": 49, ""first_critical_hit_step"": null, ""window_end"": 58, ""window_start"": 56}"
no_constraint_stage2_4obj,19,stage2_ext_009_obj_1,selected,episode_004,1,1023,57,Q4_user_focus_after_enterprise_foothold,medium,DecoySvchost,User3,User,PrivilegeEscalate,User4,[],[],"[""User0"", ""User4""]","[""User0"", ""User4""]","{""blue_first_relevant_response_after_critical"": null, ""blue_first_relevant_response_after_enterprise"": 50, ""enterprise_foothold_step"": 49, ""first_critical_hit_step"": null, ""window_end"": 59, ""window_start"": 57}"
no_constraint_stage2_4obj,19,stage2_ext_009_obj_1,selected,episode_004,1,1023,58,Q4_user_focus_after_enterprise_foothold,medium,Remove,User2,User,DiscoverNetworkServices,,[],[],"[""User0"", ""User4""]","[""User0"", ""User4""]","{""blue_first_relevant_response_after_critical"": null, ""blue_first_relevant_response_after_enterprise"": 50, ""enterprise_foothold_step"": 49, ""first_critical_hit_step"": null, ""window_end"": 60, ""window_start"": 58}"
no_constraint_stage2_4obj,19,stage2_ext_009_obj_1,selected,episode_004,1,1023,59,Q4_user_focus_after_enterprise_foothold,medium,Remove,User2,User,ExploitRemoteService,,[],[],"[""User0"", ""User4""]","[""User0"", ""User4""]","{""blue_first_relevant_response_after_critical"": null, ""blue_first_relevant_response_after_enterprise"": 50, ""enterprise_foothold_step"": 49, ""first_critical_hit_step"": null, ""window_end"": 61, ""window_start"": 59}"
no_constraint_stage2_4obj,19,stage2_ext_009_obj_1,selected,episode_004,1,1023,66,Q4_user_focus_after_enterprise_foothold,medium,Analyse,User0,User,DiscoverNetworkServices,,[],[],"[""User0"", ""User4""]","[""User0"", ""User4""]","{""blue_first_relevant_response_after_critical"": null, ""blue_first_relevant_response_after_enterprise"": 50, ""enterprise_foothold_step"": 49, ""first_critical_hit_step"": null, ""window_end"": 68, ""window_start"": 66}"
no_constraint_stage2_4obj,19,stage2_ext_009_obj_1,selected,episode_004,1,1023,77,Q4_user_focus_after_enterprise_foothold,medium,Analyse,User1,User,ExploitRemoteService,,[],[],"[""User0"", ""User4""]","[""User0"", ""User4""]","{""blue_first_relevant_response_after_critical"": null, ""blue_first_relevant_response_after_enterprise"": 50, ""enterprise_foothold_step"": 49, ""first_critical_hit_step"": null, ""window_end"": 79, ""window_start"": 77}"
no_constraint_stage2_4obj,19,stage2_ext_009_obj_1,selected,episode_004,1,1023,78,Q4_user_focus_after_enterprise_foothold,medium,Analyse,User2,User,ExploitRemoteService,,[],[],"[""User0"", ""User4""]","[""User0"", ""User4""]","{""blue_first_relevant_response_after_critical"": null, ""blue_first_relevant_response_after_enterprise"": 50, ""enterprise_foothold_step"": 49, ""first_critical_hit_step"": null, ""window_end"": 80, ""window_start"": 78}"
no_constraint_stage2_4obj,19,stage2_ext_009_obj_1,selected,episode_004,1,1023,79,Q4_user_focus_after_enterprise_foothold,medium,Analyse,User2,User,PrivilegeEscalate,User4,[],[],"[""User0"", ""User4""]","[""User0"", ""User4""]","{""blue_first_relevant_response_after_critical"": null, ""blue_first_relevant_response_after_enterprise"": 50, ""enterprise_foothold_step"": 49, ""first_critical_hit_step"": null, ""window_end"": 81, ""window_start"": 79}"
no_constraint_stage2_4obj,19,stage2_ext_009_obj_1,selected,episode_004,1,1023,86,Q4_user_focus_after_enterprise_foothold,medium,DecoySvchost,User3,User,ExploitRemoteService,,[],[],"[""User0"", ""User4""]","[""User0"", ""User4""]","{""blue_first_relevant_response_after_critical"": null, ""blue_first_relevant_response_after_enterprise"": 50, ""enterprise_foothold_step"": 49, ""first_critical_hit_step"": null, ""window_end"": 88, ""window_start"": 86}"
no_constraint_stage2_4obj,19,stage2_ext_009_obj_1,selected,episode_004,1,1023,81,Q5_repeated_low_value_decoy_loop,medium,DecoySvchost,User3,User,ExploitRemoteService,,[],[],"[""User0"", ""User4""]","[""User0"", ""User4""]","{""blue_first_relevant_response_after_critical"": null, ""blue_first_relevant_response_after_enterprise"": 50, ""enterprise_foothold_step"": 49, ""first_critical_hit_step"": null, ""window_end"": 87, ""window_start"": 78}"
no_constraint_stage2_4obj,19,stage2_ext_009_obj_1,selected,episode_004,3,3023,15,Q4_user_focus_after_enterprise_foothold,medium,Analyse,User0,User,ExploitRemoteService,,[],[],"[""User0"", ""User4""]","[""User0"", ""User4""]","{""blue_first_relevant_response_after_critical"": null, ""blue_first_relevant_response_after_enterprise"": 6, ""enterprise_foothold_step"": 5, ""first_critical_hit_step"": null, ""window_end"": 17, ""window_start"": 15}"
no_constraint_stage2_4obj,19,stage2_ext_009_obj_1,selected,episode_004,4,4023,25,Q4_user_focus_after_enterprise_foothold,medium,Analyse,User2,User,PrivilegeEscalate,User4,[],[],"[""User0"", ""User4""]","[""User0"", ""User4""]","{""blue_first_relevant_response_after_critical"": null, ""blue_first_relevant_response_after_enterprise"": 6, ""enterprise_foothold_step"": 5, ""first_critical_hit_step"": null, ""window_end"": 27, ""window_start"": 25}"
no_constraint_stage2_4obj,19,stage2_ext_009_obj_1,selected,episode_004,4,4023,26,Q4_user_focus_after_enterprise_foothold,medium,Analyse,User2,User,DiscoverNetworkServices,,[],[],"[""User0"", ""User4""]","[""User0"", ""User4""]","{""blue_first_relevant_response_after_critical"": null, ""blue_first_relevant_response_after_enterprise"": 6, ""enterprise_foothold_step"": 5, ""first_critical_hit_step"": null, ""window_end"": 28, ""window_start"": 26}"
no_constraint_stage2_4obj,19,stage2_ext_009_obj_1,selected,episode_004,4,4023,27,Q4_user_focus_after_enterprise_foothold,medium,Analyse,User0,User,ExploitRemoteService,,[],[],"[""User0"", ""User4""]","[""User0"", ""User4""]","{""blue_first_relevant_response_after_critical"": null, ""blue_first_relevant_response_after_enterprise"": 6, ""enterprise_foothold_step"": 5, ""first_critical_hit_step"": null, ""window_end"": 29, ""window_start"": 27}"
no_constraint_stage2_4obj,19,stage2_ext_009_obj_1,selected,episode_004,4,4023,31,Q4_user_focus_after_enterprise_foothold,medium,Analyse,User4,User,ExploitRemoteService,,[],[],"[""User0"", ""User4""]","[""User0"", ""User4""]","{""blue_first_relevant_response_after_critical"": null, ""blue_first_relevant_response_after_enterprise"": 6, ""enterprise_foothold_step"": 5, ""first_critical_hit_step"": null, ""window_end"": 33, ""window_start"": 31}"
no_constraint_stage2_4obj,19,stage2_ext_009_obj_1,selected,episode_004,4,4023,74,Q4_user_focus_after_enterprise_foothold,medium,Analyse,User0,User,ExploitRemoteService,,[],[],"[""User0"", ""User4""]","[""User0"", ""User4""]","{""blue_first_relevant_response_after_critical"": null, ""blue_first_relevant_response_after_enterprise"": 6, ""enterprise_foothold_step"": 5, ""first_critical_hit_step"": null, ""window_end"": 76, ""window_start"": 74}"
no_constraint_stage2_4obj,19,stage2_ext_009_obj_1,selected,episode_004,4,4023,81,Q4_user_focus_after_enterprise_foothold,medium,Analyse,User2,User,ExploitRemoteService,,[],[],"[""User0"", ""User4""]","[""User0"", ""User4""]","{""blue_first_relevant_response_after_critical"": null, ""blue_first_relevant_response_after_enterprise"": 6, ""enterprise_foothold_step"": 5, ""first_critical_hit_step"": null, ""window_end"": 83, ""window_start"": 81}"
no_constraint_stage2_4obj,19,stage2_ext_009_obj_1,selected,episode_004,4,4023,88,Q4_user_focus_after_enterprise_foothold,medium,Analyse,User0,User,DiscoverNetworkServices,,[],[],"[""User0"", ""User4""]","[""User0"", ""User4""]","{""blue_first_relevant_response_after_critical"": null, ""blue_first_relevant_response_after_enterprise"": 6, ""enterprise_foothold_step"": 5, ""first_critical_hit_step"": null, ""window_end"": 90, ""window_start"": 88}"
no_constraint_stage2_4obj,19,stage2_ext_009_obj_1,selected,episode_004,5,5023,30,Q4_user_focus_after_enterprise_foothold,medium,Analyse,User2,User,ExploitRemoteService,,[],[],"[""User0"", ""User4""]","[""User0"", ""User4""]","{""blue_first_relevant_response_after_critical"": null, ""blue_first_relevant_response_after_enterprise"": 22, ""enterprise_foothold_step"": 21, ""first_critical_hit_step"": null, ""window_end"": 32, ""window_start"": 30}"
no_constraint_stage2_4obj,19,stage2_ext_009_obj_1,selected,episode_004,5,5023,47,Q4_user_focus_after_enterprise_foothold,medium,Analyse,User0,User,PrivilegeEscalate,User4,[],[],"[""User0"", ""User4""]","[""User0"", ""User4""]","{""blue_first_relevant_response_after_critical"": null, ""blue_first_relevant_response_after_enterprise"": 22, ""enterprise_foothold_step"": 21, ""first_critical_hit_step"": null, ""window_end"": 49, ""window_start"": 47}"
no_constraint_stage2_4obj,19,stage2_ext_009_obj_1,selected,episode_004,5,5023,48,Q4_user_focus_after_enterprise_foothold,medium,Analyse,User0,User,DiscoverNetworkServices,,[],[],"[""User0"", ""User4""]","[""User0"", ""User4""]","{""blue_first_relevant_response_after_critical"": null, ""blue_first_relevant_response_after_enterprise"": 22, ""enterprise_foothold_step"": 21, ""first_critical_hit_step"": null, ""window_end"": 50, ""window_start"": 48}"
no_constraint_stage2_4obj,19,stage2_ext_009_obj_1,selected,episode_004,5,5023,53,Q4_user_focus_after_enterprise_foothold,medium,Analyse,User0,User,ExploitRemoteService,,[],[],"[""User0"", ""User4""]","[""User0"", ""User4""]","{""blue_first_relevant_response_after_critical"": null, ""blue_first_relevant_response_after_enterprise"": 22, ""enterprise_foothold_step"": 21, ""first_critical_hit_step"": null, ""window_end"": 55, ""window_start"": 53}"
no_constraint_stage2_4obj,19,stage2_ext_009_obj_1,selected,episode_004,5,5023,54,Q4_user_focus_after_enterprise_foothold,medium,DecoyFemitter,User4,User,ExploitRemoteService,,[],[],"[""User0"", ""User4""]","[""User0"", ""User4""]","{""blue_first_relevant_response_after_critical"": null, ""blue_first_relevant_response_after_enterprise"": 22, ""enterprise_foothold_step"": 21, ""first_critical_hit_step"": null, ""window_end"": 56, ""window_start"": 54}"
no_constraint_stage2_4obj,19,stage2_ext_009_obj_1,selected,episode_004,5,5023,58,Q4_user_focus_after_enterprise_foothold,medium,DecoySvchost,User3,User,ExploitRemoteService,,[],[],"[""User0"", ""User4""]","[""User0"", ""User4""]","{""blue_first_relevant_response_after_critical"": null, ""blue_first_relevant_response_after_enterprise"": 22, ""enterprise_foothold_step"": 21, ""first_critical_hit_step"": null, ""window_end"": 60, ""window_start"": 58}"
no_constraint_stage2_4obj,19,stage2_ext_009_obj_1,selected,episode_004,5,5023,71,Q4_user_focus_after_enterprise_foothold,medium,DecoySvchost,User3,User,ExploitRemoteService,,[],[],"[""User0"", ""User4""]","[""User0"", ""User4""]","{""blue_first_relevant_response_after_critical"": null, ""blue_first_relevant_response_after_enterprise"": 22, ""enterprise_foothold_step"": 21, ""first_critical_hit_step"": null, ""window_end"": 73, ""window_start"": 71}"
no_constraint_stage2_4obj,19,stage2_ext_009_obj_1,selected,episode_004,5,5023,72,Q4_user_focus_after_enterprise_foothold,medium,Analyse,User2,User,ExploitRemoteService,,[],[],"[""User0"", ""User4""]","[""User0"", ""User4""]","{""blue_first_relevant_response_after_critical"": null, ""blue_first_relevant_response_after_enterprise"": 22, ""enterprise_foothold_step"": 21, ""first_critical_hit_step"": null, ""window_end"": 74, ""window_start"": 72}"
no_constraint_stage2_4obj,19,stage2_ext_009_obj_1,selected,episode_004,5,5023,73,Q4_user_focus_after_enterprise_foothold,medium,Analyse,User0,User,PrivilegeEscalate,User4,[],[],"[""User0"", ""User4""]","[""User0"", ""User4""]","{""blue_first_relevant_response_after_critical"": null, ""blue_first_relevant_response_after_enterprise"": 22, ""enterprise_foothold_step"": 21, ""first_critical_hit_step"": null, ""window_end"": 75, ""window_start"": 73}"
no_constraint_stage2_4obj,19,stage2_ext_009_obj_1,selected,episode_004,7,7023,37,Q4_user_focus_after_enterprise_foothold,medium,DecoySvchost,User3,User,ExploitRemoteService,,[],[],"[""User0"", ""User4""]","[""User0"", ""User4""]","{""blue_first_relevant_response_after_critical"": null, ""blue_first_relevant_response_after_enterprise"": 24, ""enterprise_foothold_step"": 23, ""first_critical_hit_step"": null, ""window_end"": 39, ""window_start"": 37}"
no_constraint_stage2_4obj,19,stage2_ext_009_obj_1,selected,episode_004,7,7023,47,Q4_user_focus_after_enterprise_foothold,medium,Analyse,User2,User,ExploitRemoteService,,[],[],"[""User0"", ""User4""]","[""User0"", ""User4""]","{""blue_first_relevant_response_after_critical"": null, ""blue_first_relevant_response_after_enterprise"": 24, ""enterprise_foothold_step"": 23, ""first_critical_hit_step"": null, ""window_end"": 49, ""window_start"": 47}"
no_constraint_stage2_4obj,19,stage2_ext_009_obj_1,selected,episode_004,7,7023,48,Q4_user_focus_after_enterprise_foothold,medium,Analyse,User2,User,PrivilegeEscalate,User4,[],[],"[""User0"", ""User4""]","[""User0"", ""User4""]","{""blue_first_relevant_response_after_critical"": null, ""blue_first_relevant_response_after_enterprise"": 24, ""enterprise_foothold_step"": 23, ""first_critical_hit_step"": null, ""window_end"": 50, ""window_start"": 48}"
no_constraint_stage2_4obj,19,stage2_ext_009_obj_1,selected,episode_004,7,7023,57,Q4_user_focus_after_enterprise_foothold,medium,DecoySvchost,User3,User,ExploitRemoteService,,[],[],"[""User0"", ""User4""]","[""User0"", ""User4""]","{""blue_first_relevant_response_after_critical"": null, ""blue_first_relevant_response_after_enterprise"": 24, ""enterprise_foothold_step"": 23, ""first_critical_hit_step"": null, ""window_end"": 59, ""window_start"": 57}"
no_constraint_stage2_4obj,19,stage2_ext_009_obj_1,selected,episode_004,7,7023,72,Q4_user_focus_after_enterprise_foothold,medium,Analyse,User2,User,ExploitRemoteService,,[],[],"[""User0"", ""User4""]","[""User0"", ""User4""]","{""blue_first_relevant_response_after_critical"": null, ""blue_first_relevant_response_after_enterprise"": 24, ""enterprise_foothold_step"": 23, ""first_critical_hit_step"": null, ""window_end"": 74, ""window_start"": 72}"
no_constraint_stage2_4obj,19,stage2_ext_009_obj_1,selected,episode_004,7,7023,81,Q4_user_focus_after_enterprise_foothold,medium,Remove,User2,User,PrivilegeEscalate,User4,[],[],"[""User0"", ""User4""]","[""User0"", ""User4""]","{""blue_first_relevant_response_after_critical"": null, ""blue_first_relevant_response_after_enterprise"": 24, ""enterprise_foothold_step"": 23, ""first_critical_hit_step"": null, ""window_end"": 83, ""window_start"": 81}"
no_constraint_stage2_4obj,19,stage2_ext_009_obj_1,selected,episode_005,1,1024,22,Q4_user_focus_after_enterprise_foothold,medium,Analyse,User0,User,ExploitRemoteService,,[],[],"[""User0"", ""User4""]","[""User0"", ""User4""]","{""blue_first_relevant_response_after_critical"": null, ""blue_first_relevant_response_after_enterprise"": 10, ""enterprise_foothold_step"": 9, ""first_critical_hit_step"": null, ""window_end"": 24, ""window_start"": 22}"
no_constraint_stage2_4obj,19,stage2_ext_009_obj_1,selected,episode_005,1,1024,33,Q4_user_focus_after_enterprise_foothold,medium,Remove,User2,User,PrivilegeEscalate,User4,[],[],"[""User0"", ""User4""]","[""User0"", ""User4""]","{""blue_first_relevant_response_after_critical"": null, ""blue_first_relevant_response_after_enterprise"": 10, ""enterprise_foothold_step"": 9, ""first_critical_hit_step"": null, ""window_end"": 35, ""window_start"": 33}"
no_constraint_stage2_4obj,19,stage2_ext_009_obj_1,selected,episode_005,1,1024,43,Q4_user_focus_after_enterprise_foothold,medium,Analyse,User2,User,ExploitRemoteService,,[],[],"[""User0"", ""User4""]","[""User0"", ""User4""]","{""blue_first_relevant_response_after_critical"": null, ""blue_first_relevant_response_after_enterprise"": 10, ""enterprise_foothold_step"": 9, ""first_critical_hit_step"": null, ""window_end"": 45, ""window_start"": 43}"
no_constraint_stage2_4obj,19,stage2_ext_009_obj_1,selected,episode_005,1,1024,48,Q4_user_focus_after_enterprise_foothold,medium,Analyse,User2,User,ExploitRemoteService,,[],[],"[""User0"", ""User4""]","[""User0"", ""User4""]","{""blue_first_relevant_response_after_critical"": null, ""blue_first_relevant_response_after_enterprise"": 10, ""enterprise_foothold_step"": 9, ""first_critical_hit_step"": null, ""window_end"": 50, ""window_start"": 48}"
no_constraint_stage2_4obj,19,stage2_ext_009_obj_1,selected,episode_005,1,1024,56,Q4_user_focus_after_enterprise_foothold,medium,DecoyVsftpd,User4,User,DiscoverNetworkServices,,[],[],"[""User0"", ""User4""]","[""User0"", ""User4""]","{""blue_first_relevant_response_after_critical"": null, ""blue_first_relevant_response_after_enterprise"": 10, ""enterprise_foothold_step"": 9, ""first_critical_hit_step"": null, ""window_end"": 58, ""window_start"": 56}"
no_constraint_stage2_4obj,19,stage2_ext_009_obj_1,selected,episode_005,2,2024,31,Q4_user_focus_after_enterprise_foothold,medium,Analyse,User0,User,PrivilegeEscalate,User4,[],[],"[""User0"", ""User4""]","[""User0"", ""User4""]","{""blue_first_relevant_response_after_critical"": null, ""blue_first_relevant_response_after_enterprise"": 18, ""enterprise_foothold_step"": 17, ""first_critical_hit_step"": null, ""window_end"": 33, ""window_start"": 31}"
no_constraint_stage2_4obj,19,stage2_ext_009_obj_1,selected,episode_005,2,2024,32,Q4_user_focus_after_enterprise_foothold,medium,Analyse,User0,User,DiscoverNetworkServices,,[],[],"[""User0"", ""User4""]","[""User0"", ""User4""]","{""blue_first_relevant_response_after_critical"": null, ""blue_first_relevant_response_after_enterprise"": 18, ""enterprise_foothold_step"": 17, ""first_critical_hit_step"": null, ""window_end"": 34, ""window_start"": 32}"
no_constraint_stage2_4obj,19,stage2_ext_009_obj_1,selected,episode_005,2,2024,33,Q4_user_focus_after_enterprise_foothold,medium,Analyse,User0,User,ExploitRemoteService,,[],[],"[""User0"", ""User4""]","[""User0"", ""User4""]","{""blue_first_relevant_response_after_critical"": null, ""blue_first_relevant_response_after_enterprise"": 18, ""enterprise_foothold_step"": 17, ""first_critical_hit_step"": null, ""window_end"": 35, ""window_start"": 33}"
no_constraint_stage2_4obj,19,stage2_ext_009_obj_1,selected,episode_005,2,2024,34,Q4_user_focus_after_enterprise_foothold,medium,Remove,User2,User,ExploitRemoteService,,[],[],"[""User0"", ""User4""]","[""User0"", ""User4""]","{""blue_first_relevant_response_after_critical"": null, ""blue_first_relevant_response_after_enterprise"": 18, ""enterprise_foothold_step"": 17, ""first_critical_hit_step"": null, ""window_end"": 36, ""window_start"": 34}"
no_constraint_stage2_4obj,19,stage2_ext_009_obj_1,selected,episode_005,2,2024,35,Q4_user_focus_after_enterprise_foothold,medium,Analyse,User2,User,PrivilegeEscalate,User4,[],[],"[""User0"", ""User4""]","[""User0"", ""User4""]","{""blue_first_relevant_response_after_critical"": null, ""blue_first_relevant_response_after_enterprise"": 18, ""enterprise_foothold_step"": 17, ""first_critical_hit_step"": null, ""window_end"": 37, ""window_start"": 35}"
no_constraint_stage2_4obj,19,stage2_ext_009_obj_1,selected,episode_005,2,2024,59,Q4_user_focus_after_enterprise_foothold,medium,DecoySvchost,User3,User,PrivilegeEscalate,User4,[],[],"[""User0"", ""User4""]","[""User0"", ""User4""]","{""blue_first_relevant_response_after_critical"": null, ""blue_first_relevant_response_after_enterprise"": 18, ""enterprise_foothold_step"": 17, ""first_critical_hit_step"": null, ""window_end"": 61, ""window_start"": 59}"
no_constraint_stage2_4obj,19,stage2_ext_009_obj_1,selected,episode_005,2,2024,76,Q4_user_focus_after_enterprise_foothold,medium,DecoySvchost,User3,User,ExploitRemoteService,,[],[],"[""User0"", ""User4""]","[""User0"", ""User4""]","{""blue_first_relevant_response_after_critical"": null, ""blue_first_relevant_response_after_enterprise"": 18, ""enterprise_foothold_step"": 17, ""first_critical_hit_step"": null, ""window_end"": 78, ""window_start"": 76}"
no_constraint_stage2_4obj,19,stage2_ext_009_obj_1,selected,episode_005,2,2024,77,Q4_user_focus_after_enterprise_foothold,medium,Analyse,User2,User,PrivilegeEscalate,User4,[],[],"[""User0"", ""User4""]","[""User0"", ""User4""]","{""blue_first_relevant_response_after_critical"": null, ""blue_first_relevant_response_after_enterprise"": 18, ""enterprise_foothold_step"": 17, ""first_critical_hit_step"": null, ""window_end"": 79, ""window_start"": 77}"
no_constraint_stage2_4obj,19,stage2_ext_009_obj_1,selected,episode_005,2,2024,87,Q4_user_focus_after_enterprise_foothold,medium,DecoySvchost,User3,User,PrivilegeEscalate,User4,[],[],"[""User0"", ""User4""]","[""User0"", ""User4""]","{""blue_first_relevant_response_after_critical"": null, ""blue_first_relevant_response_after_enterprise"": 18, ""enterprise_foothold_step"": 17, ""first_critical_hit_step"": null, ""window_end"": 89, ""window_start"": 87}"
no_constraint_stage2_4obj,19,stage2_ext_009_obj_1,selected,episode_005,2,2024,42,Q5_repeated_low_value_decoy_loop,medium,DecoySvchost,User3,User,ExploitRemoteService,,[],[],"[""User0"", ""User4""]","[""User0"", ""User4""]","{""blue_first_relevant_response_after_critical"": null, ""blue_first_relevant_response_after_enterprise"": 18, ""enterprise_foothold_step"": 17, ""first_critical_hit_step"": null, ""window_end"": 50, ""window_start"": 41}"
no_constraint_stage2_4obj,19,stage2_ext_009_obj_1,selected,episode_005,5,5024,33,Q4_user_focus_after_enterprise_foothold,medium,Analyse,User2,User,ExploitRemoteService,,[],[],"[""User0"", ""User4""]","[""User0"", ""User4""]","{""blue_first_relevant_response_after_critical"": null, ""blue_first_relevant_response_after_enterprise"": 10, ""enterprise_foothold_step"": 9, ""first_critical_hit_step"": null, ""window_end"": 35, ""window_start"": 33}"
no_constraint_stage2_4obj,19,stage2_ext_009_obj_1,selected,episode_005,5,5024,39,Q4_user_focus_after_enterprise_foothold,medium,DecoyVsftpd,User4,User,ExploitRemoteService,,[],[],"[""User0"", ""User4""]","[""User0"", ""User4""]","{""blue_first_relevant_response_after_critical"": null, ""blue_first_relevant_response_after_enterprise"": 10, ""enterprise_foothold_step"": 9, ""first_critical_hit_step"": null, ""window_end"": 41, ""window_start"": 39}"
no_constraint_stage2_4obj,19,stage2_ext_009_obj_1,selected,episode_005,5,5024,63,Q4_user_focus_after_enterprise_foothold,medium,Analyse,User0,User,ExploitRemoteService,,[],[],"[""User0"", ""User4""]","[""User0"", ""User4""]","{""blue_first_relevant_response_after_critical"": null, ""blue_first_relevant_response_after_enterprise"": 10, ""enterprise_foothold_step"": 9, ""first_critical_hit_step"": null, ""window_end"": 65, ""window_start"": 63}"
no_constraint_stage2_4obj,19,stage2_ext_009_obj_1,selected,episode_005,5,5024,64,Q4_user_focus_after_enterprise_foothold,medium,Analyse,User0,User,ExploitRemoteService,,[],[],"[""User0"", ""User4""]","[""User0"", ""User4""]","{""blue_first_relevant_response_after_critical"": null, ""blue_first_relevant_response_after_enterprise"": 10, ""enterprise_foothold_step"": 9, ""first_critical_hit_step"": null, ""window_end"": 66, ""window_start"": 64}"
no_constraint_stage2_4obj,19,stage2_ext_009_obj_1,selected,episode_005,7,7024,50,Q4_user_focus_after_enterprise_foothold,medium,Analyse,User2,User,DiscoverNetworkServices,,[],[],"[""User0"", ""User4""]","[""User0"", ""User4""]","{""blue_first_relevant_response_after_critical"": null, ""blue_first_relevant_response_after_enterprise"": 42, ""enterprise_foothold_step"": 41, ""first_critical_hit_step"": null, ""window_end"": 52, ""window_start"": 50}"
no_constraint_stage2_4obj,19,stage2_ext_009_obj_1,selected,episode_005,7,7024,68,Q4_user_focus_after_enterprise_foothold,medium,DecoySvchost,User3,User,ExploitRemoteService,,[],[],"[""User0"", ""User4""]","[""User0"", ""User4""]","{""blue_first_relevant_response_after_critical"": null, ""blue_first_relevant_response_after_enterprise"": 42, ""enterprise_foothold_step"": 41, ""first_critical_hit_step"": null, ""window_end"": 70, ""window_start"": 68}"
no_constraint_stage2_4obj,19,stage2_ext_009_obj_1,selected,episode_005,7,7024,88,Q4_user_focus_after_enterprise_foothold,medium,Remove,User2,User,DiscoverNetworkServices,,[],[],"[""User0"", ""User4""]","[""User0"", ""User4""]","{""blue_first_relevant_response_after_critical"": null, ""blue_first_relevant_response_after_enterprise"": 42, ""enterprise_foothold_step"": 41, ""first_critical_hit_step"": null, ""window_end"": 90, ""window_start"": 88}"
no_constraint_stage2_4obj,19,stage2_ext_009_obj_1,selected,episode_005,7,7024,89,Q4_user_focus_after_enterprise_foothold,medium,Remove,User2,User,ExploitRemoteService,,[],[],"[""User0"", ""User4""]","[""User0"", ""User4""]","{""blue_first_relevant_response_after_critical"": null, ""blue_first_relevant_response_after_enterprise"": 42, ""enterprise_foothold_step"": 41, ""first_critical_hit_step"": null, ""window_end"": 91, ""window_start"": 89}"
no_constraint_stage2_4obj,19,stage2_ext_009_obj_1,selected,episode_005,7,7024,90,Q4_user_focus_after_enterprise_foothold,medium,Analyse,User2,User,ExploitRemoteService,,[],[],"[""User0"", ""User4""]","[""User0"", ""User4""]","{""blue_first_relevant_response_after_critical"": null, ""blue_first_relevant_response_after_enterprise"": 42, ""enterprise_foothold_step"": 41, ""first_critical_hit_step"": null, ""window_end"": 92, ""window_start"": 90}"
no_constraint_stage2_4obj,19,stage2_ext_009_obj_1,selected,episode_005,7,7024,91,Q4_user_focus_after_enterprise_foothold,medium,Remove,User2,User,PrivilegeEscalate,User4,[],[],"[""User0"", ""User4""]","[""User0"", ""User4""]","{""blue_first_relevant_response_after_critical"": null, ""blue_first_relevant_response_after_enterprise"": 42, ""enterprise_foothold_step"": 41, ""first_critical_hit_step"": null, ""window_end"": 93, ""window_start"": 91}"
no_constraint_stage2_4obj,19,stage2_ext_009_obj_1,selected,episode_006,1,1025,13,Q4_user_focus_after_enterprise_foothold,medium,Analyse,User0,User,PrivilegeEscalate,User4,[],[],"[""User0"", ""User4""]","[""User0"", ""User4""]","{""blue_first_relevant_response_after_critical"": null, ""blue_first_relevant_response_after_enterprise"": 10, ""enterprise_foothold_step"": 9, ""first_critical_hit_step"": null, ""window_end"": 15, ""window_start"": 13}"
no_constraint_stage2_4obj,19,stage2_ext_009_obj_1,selected,episode_006,1,1025,17,Q4_user_focus_after_enterprise_foothold,medium,Analyse,User2,User,ExploitRemoteService,,[],[],"[""User0"", ""User4""]","[""User0"", ""User4""]","{""blue_first_relevant_response_after_critical"": null, ""blue_first_relevant_response_after_enterprise"": 10, ""enterprise_foothold_step"": 9, ""first_critical_hit_step"": null, ""window_end"": 19, ""window_start"": 17}"
no_constraint_stage2_4obj,19,stage2_ext_009_obj_1,selected,episode_006,1,1025,23,Q4_user_focus_after_enterprise_foothold,medium,Analyse,User0,User,PrivilegeEscalate,User4,[],[],"[""User0"", ""User4""]","[""User0"", ""User4""]","{""blue_first_relevant_response_after_critical"": null, ""blue_first_relevant_response_after_enterprise"": 10, ""enterprise_foothold_step"": 9, ""first_critical_hit_step"": null, ""window_end"": 25, ""window_start"": 23}"
no_constraint_stage2_4obj,19,stage2_ext_009_obj_1,selected,episode_006,1,1025,24,Q4_user_focus_after_enterprise_foothold,medium,Analyse,User2,User,DiscoverNetworkServices,,[],[],"[""User0"", ""User4""]","[""User0"", ""User4""]","{""blue_first_relevant_response_after_critical"": null, ""blue_first_relevant_response_after_enterprise"": 10, ""enterprise_foothold_step"": 9, ""first_critical_hit_step"": null, ""window_end"": 26, ""window_start"": 24}"
no_constraint_stage2_4obj,19,stage2_ext_009_obj_1,selected,episode_006,1,1025,41,Q4_user_focus_after_enterprise_foothold,medium,DecoySvchost,User3,User,ExploitRemoteService,,[],[],"[""User0"", ""User4""]","[""User0"", ""User4""]","{""blue_first_relevant_response_after_critical"": null, ""blue_first_relevant_response_after_enterprise"": 10, ""enterprise_foothold_step"": 9, ""first_critical_hit_step"": null, ""window_end"": 43, ""window_start"": 41}"
no_constraint_stage2_4obj,19,stage2_ext_009_obj_1,selected,episode_006,1,1025,48,Q4_user_focus_after_enterprise_foothold,medium,Analyse,User2,User,DiscoverNetworkServices,,[],[],"[""User0"", ""User4""]","[""User0"", ""User4""]","{""blue_first_relevant_response_after_critical"": null, ""blue_first_relevant_response_after_enterprise"": 10, ""enterprise_foothold_step"": 9, ""first_critical_hit_step"": null, ""window_end"": 50, ""window_start"": 48}"
no_constraint_stage2_4obj,19,stage2_ext_009_obj_1,selected,episode_006,1,1025,69,Q4_user_focus_after_enterprise_foothold,medium,Analyse,User2,User,ExploitRemoteService,,[],[],"[""User0"", ""User4""]","[""User0"", ""User4""]","{""blue_first_relevant_response_after_critical"": null, ""blue_first_relevant_response_after_enterprise"": 10, ""enterprise_foothold_step"": 9, ""first_critical_hit_step"": null, ""window_end"": 71, ""window_start"": 69}"
no_constraint_stage2_4obj,19,stage2_ext_009_obj_1,selected,episode_006,2,2025,40,Q4_user_focus_after_enterprise_foothold,medium,Analyse,User0,User,ExploitRemoteService,,[],[],"[""User0"", ""User3""]","[""User0"", ""User3""]","{""blue_first_relevant_response_after_critical"": null, ""blue_first_relevant_response_after_enterprise"": 14, ""enterprise_foothold_step"": 13, ""first_critical_hit_step"": null, ""window_end"": 42, ""window_start"": 40}"
no_constraint_stage2_4obj,19,stage2_ext_009_obj_1,selected,episode_006,2,2025,41,Q4_user_focus_after_enterprise_foothold,medium,Analyse,User0,User,PrivilegeEscalate,User3,[],[],"[""User0"", ""User3""]","[""User0"", ""User3""]","{""blue_first_relevant_response_after_critical"": null, ""blue_first_relevant_response_after_enterprise"": 14, ""enterprise_foothold_step"": 13, ""first_critical_hit_step"": null, ""window_end"": 43, ""window_start"": 41}"
no_constraint_stage2_4obj,19,stage2_ext_009_obj_1,selected,episode_006,2,2025,42,Q4_user_focus_after_enterprise_foothold,medium,Analyse,User2,User,DiscoverNetworkServices,,[],[],"[""User0"", ""User3""]","[""User0"", ""User3""]","{""blue_first_relevant_response_after_critical"": null, ""blue_first_relevant_response_after_enterprise"": 14, ""enterprise_foothold_step"": 13, ""first_critical_hit_step"": null, ""window_end"": 44, ""window_start"": 42}"
no_constraint_stage2_4obj,19,stage2_ext_009_obj_1,selected,episode_006,2,2025,43,Q4_user_focus_after_enterprise_foothold,medium,Analyse,User0,User,ExploitRemoteService,,[],[],"[""User0"", ""User3""]","[""User0"", ""User3""]","{""blue_first_relevant_response_after_critical"": null, ""blue_first_relevant_response_after_enterprise"": 14, ""enterprise_foothold_step"": 13, ""first_critical_hit_step"": null, ""window_end"": 45, ""window_start"": 43}"
no_constraint_stage2_4obj,19,stage2_ext_009_obj_1,selected,episode_006,2,2025,47,Q4_user_focus_after_enterprise_foothold,medium,Remove,User2,User,ExploitRemoteService,,[],[],"[""User0"", ""User3""]","[""User0"", ""User3""]","{""blue_first_relevant_response_after_critical"": null, ""blue_first_relevant_response_after_enterprise"": 14, ""enterprise_foothold_step"": 13, ""first_critical_hit_step"": null, ""window_end"": 49, ""window_start"": 47}"
no_constraint_stage2_4obj,19,stage2_ext_009_obj_1,selected,episode_006,2,2025,63,Q4_user_focus_after_enterprise_foothold,medium,Analyse,User2,User,ExploitRemoteService,,[],[],"[""User0"", ""User3""]","[""User0"", ""User3""]","{""blue_first_relevant_response_after_critical"": null, ""blue_first_relevant_response_after_enterprise"": 14, ""enterprise_foothold_step"": 13, ""first_critical_hit_step"": null, ""window_end"": 65, ""window_start"": 63}"
no_constraint_stage2_4obj,19,stage2_ext_009_obj_1,selected,episode_006,2,2025,64,Q4_user_focus_after_enterprise_foothold,medium,Analyse,User0,User,ExploitRemoteService,,[],[],"[""User0"", ""User3""]","[""User0"", ""User3""]","{""blue_first_relevant_response_after_critical"": null, ""blue_first_relevant_response_after_enterprise"": 14, ""enterprise_foothold_step"": 13, ""first_critical_hit_step"": null, ""window_end"": 66, ""window_start"": 64}"
no_constraint_stage2_4obj,19,stage2_ext_009_obj_1,selected,episode_006,2,2025,65,Q4_user_focus_after_enterprise_foothold,medium,Remove,User2,User,PrivilegeEscalate,User3,[],[],"[""User0"", ""User3""]","[""User0"", ""User3""]","{""blue_first_relevant_response_after_critical"": null, ""blue_first_relevant_response_after_enterprise"": 14, ""enterprise_foothold_step"": 13, ""first_critical_hit_step"": null, ""window_end"": 67, ""window_start"": 65}"
no_constraint_stage2_4obj,19,stage2_ext_009_obj_1,selected,episode_006,2,2025,94,Q4_user_focus_after_enterprise_foothold,medium,Analyse,User0,User,DiscoverNetworkServices,,[],[],"[""User0"", ""User3""]","[""User0"", ""User3""]","{""blue_first_relevant_response_after_critical"": null, ""blue_first_relevant_response_after_enterprise"": 14, ""enterprise_foothold_step"": 13, ""first_critical_hit_step"": null, ""window_end"": 96, ""window_start"": 94}"
no_constraint_stage2_4obj,19,stage2_ext_009_obj_1,selected,episode_006,2,2025,95,Q4_user_focus_after_enterprise_foothold,medium,Analyse,User2,User,ExploitRemoteService,,[],[],"[""User0"", ""User3""]","[""User0"", ""User3""]","{""blue_first_relevant_response_after_critical"": null, ""blue_first_relevant_response_after_enterprise"": 14, ""enterprise_foothold_step"": 13, ""first_critical_hit_step"": null, ""window_end"": 97, ""window_start"": 95}"
no_constraint_stage2_4obj,19,stage2_ext_009_obj_1,selected,episode_007,1,1026,21,Q4_user_focus_after_enterprise_foothold,medium,Analyse,User0,User,ExploitRemoteService,,[],[],"[""User0"", ""User3""]","[""User0"", ""User3""]","{""blue_first_relevant_response_after_critical"": null, ""blue_first_relevant_response_after_enterprise"": 18, ""enterprise_foothold_step"": 17, ""first_critical_hit_step"": null, ""window_end"": 23, ""window_start"": 21}"
no_constraint_stage2_4obj,19,stage2_ext_009_obj_1,selected,episode_007,1,1026,22,Q4_user_focus_after_enterprise_foothold,medium,DecoySvchost,User3,User,ExploitRemoteService,,[],[],"[""User0"", ""User3""]","[""User0"", ""User3""]","{""blue_first_relevant_response_after_critical"": null, ""blue_first_relevant_response_after_enterprise"": 18, ""enterprise_foothold_step"": 17, ""first_critical_hit_step"": null, ""window_end"": 24, ""window_start"": 22}"
no_constraint_stage2_4obj,19,stage2_ext_009_obj_1,selected,episode_007,2,2026,14,Q4_user_focus_after_enterprise_foothold,medium,Analyse,User2,User,DiscoverNetworkServices,,[],[],"[""User0"", ""User3""]","[""User0"", ""User3""]","{""blue_first_relevant_response_after_critical"": null, ""blue_first_relevant_response_after_enterprise"": 10, ""enterprise_foothold_step"": 9, ""first_critical_hit_step"": null, ""window_end"": 16, ""window_start"": 14}"
no_constraint_stage2_4obj,19,stage2_ext_009_obj_1,selected,episode_007,2,2026,15,Q4_user_focus_after_enterprise_foothold,medium,Analyse,User2,User,ExploitRemoteService,,[],[],"[""User0"", ""User3""]","[""User0"", ""User3""]","{""blue_first_relevant_response_after_critical"": null, ""blue_first_relevant_response_after_enterprise"": 10, ""enterprise_foothold_step"": 9, ""first_critical_hit_step"": null, ""window_end"": 17, ""window_start"": 15}"
no_constraint_stage2_4obj,19,stage2_ext_009_obj_1,selected,episode_007,2,2026,20,Q4_user_focus_after_enterprise_foothold,medium,Analyse,User2,User,ExploitRemoteService,,[],[],"[""User0"", ""User3""]","[""User0"", ""User3""]","{""blue_first_relevant_response_after_critical"": null, ""blue_first_relevant_response_after_enterprise"": 10, ""enterprise_foothold_step"": 9, ""first_critical_hit_step"": null, ""window_end"": 22, ""window_start"": 20}"
no_constraint_stage2_4obj,19,stage2_ext_009_obj_1,selected,episode_007,2,2026,35,Q4_user_focus_after_enterprise_foothold,medium,Analyse,User2,User,ExploitRemoteService,,[],[],"[""User0"", ""User3""]","[""User0"", ""User3""]","{""blue_first_relevant_response_after_critical"": null, ""blue_first_relevant_response_after_enterprise"": 10, ""enterprise_foothold_step"": 9, ""first_critical_hit_step"": null, ""window_end"": 37, ""window_start"": 35}"
no_constraint_stage2_4obj,19,stage2_ext_009_obj_1,selected,episode_007,2,2026,36,Q4_user_focus_after_enterprise_foothold,medium,Analyse,User0,User,ExploitRemoteService,,[],[],"[""User0"", ""User3""]","[""User0"", ""User3""]","{""blue_first_relevant_response_after_critical"": null, ""blue_first_relevant_response_after_enterprise"": 10, ""enterprise_foothold_step"": 9, ""first_critical_hit_step"": null, ""window_end"": 38, ""window_start"": 36}"
no_constraint_stage2_4obj,19,stage2_ext_009_obj_1,selected,episode_007,6,6026,86,Q4_user_focus_after_enterprise_foothold,medium,Analyse,User0,User,DiscoverNetworkServices,,[],[],"[""User0"", ""User3""]","[""User0"", ""User3""]","{""blue_first_relevant_response_after_critical"": null, ""blue_first_relevant_response_after_enterprise"": 58, ""enterprise_foothold_step"": 57, ""first_critical_hit_step"": null, ""window_end"": 88, ""window_start"": 86}"
no_constraint_stage2_4obj,19,stage2_ext_009_obj_1,selected,episode_007,6,6026,92,Q4_user_focus_after_enterprise_foothold,medium,Analyse,User0,User,ExploitRemoteService,,[],[],"[""User0"", ""User3""]","[""User0"", ""User3""]","{""blue_first_relevant_response_after_critical"": null, ""blue_first_relevant_response_after_enterprise"": 58, ""enterprise_foothold_step"": 57, ""first_critical_hit_step"": null, ""window_end"": 94, ""window_start"": 92}"
no_constraint_stage2_4obj,19,stage2_ext_009_obj_1,selected,episode_007,7,7026,71,Q5_repeated_low_value_decoy_loop,medium,DecoySvchost,User3,User,ExploitRemoteService,,[],[],"[""User0"", ""User2""]","[""Enterprise1"", ""User0"", ""User2""]","{""blue_first_relevant_response_after_critical"": null, ""blue_first_relevant_response_after_enterprise"": 6, ""enterprise_foothold_step"": 5, ""first_critical_hit_step"": null, ""window_end"": 80, ""window_start"": 71}"
no_constraint_stage2_4obj,19,stage2_ext_009_obj_1,selected,episode_008,1,1027,50,Q4_user_focus_after_enterprise_foothold,medium,DecoyApache,User2,User,DiscoverNetworkServices,,[],[],"[""User0"", ""User4""]","[""User0"", ""User4""]","{""blue_first_relevant_response_after_critical"": null, ""blue_first_relevant_response_after_enterprise"": 34, ""enterprise_foothold_step"": 33, ""first_critical_hit_step"": null, ""window_end"": 52, ""window_start"": 50}"
no_constraint_stage2_4obj,19,stage2_ext_009_obj_1,selected,episode_008,1,1027,51,Q4_user_focus_after_enterprise_foothold,medium,Analyse,User0,User,ExploitRemoteService,,[],[],"[""User0"", ""User4""]","[""User0"", ""User4""]","{""blue_first_relevant_response_after_critical"": null, ""blue_first_relevant_response_after_enterprise"": 34, ""enterprise_foothold_step"": 33, ""first_critical_hit_step"": null, ""window_end"": 53, ""window_start"": 51}"
no_constraint_stage2_4obj,19,stage2_ext_009_obj_1,selected,episode_008,1,1027,60,Q4_user_focus_after_enterprise_foothold,medium,Analyse,User0,User,ExploitRemoteService,,[],[],"[""User0"", ""User4""]","[""User0"", ""User4""]","{""blue_first_relevant_response_after_critical"": null, ""blue_first_relevant_response_after_enterprise"": 34, ""enterprise_foothold_step"": 33, ""first_critical_hit_step"": null, ""window_end"": 62, ""window_start"": 60}"
no_constraint_stage2_4obj,19,stage2_ext_009_obj_1,selected,episode_008,1,1027,61,Q4_user_focus_after_enterprise_foothold,medium,Analyse,User0,User,PrivilegeEscalate,User4,[],[],"[""User0"", ""User4""]","[""User0"", ""User4""]","{""blue_first_relevant_response_after_critical"": null, ""blue_first_relevant_response_after_enterprise"": 34, ""enterprise_foothold_step"": 33, ""first_critical_hit_step"": null, ""window_end"": 63, ""window_start"": 61}"
no_constraint_stage2_4obj,19,stage2_ext_009_obj_1,selected,episode_008,1,1027,62,Q4_user_focus_after_enterprise_foothold,medium,Analyse,User2,User,DiscoverNetworkServices,,[],[],"[""User0"", ""User4""]","[""User0"", ""User4""]","{""blue_first_relevant_response_after_critical"": null, ""blue_first_relevant_response_after_enterprise"": 34, ""enterprise_foothold_step"": 33, ""first_critical_hit_step"": null, ""window_end"": 64, ""window_start"": 62}"
no_constraint_stage2_4obj,19,stage2_ext_009_obj_1,selected,episode_008,1,1027,63,Q4_user_focus_after_enterprise_foothold,medium,Analyse,User2,User,ExploitRemoteService,,[],[],"[""User0"", ""User4""]","[""User0"", ""User4""]","{""blue_first_relevant_response_after_critical"": null, ""blue_first_relevant_response_after_enterprise"": 34, ""enterprise_foothold_step"": 33, ""first_critical_hit_step"": null, ""window_end"": 65, ""window_start"": 63}"
no_constraint_stage2_4obj,19,stage2_ext_009_obj_1,selected,episode_008,1,1027,81,Q4_user_focus_after_enterprise_foothold,medium,Analyse,User2,User,ExploitRemoteService,,[],[],"[""User0"", ""User4""]","[""User0"", ""User4""]","{""blue_first_relevant_response_after_critical"": null, ""blue_first_relevant_response_after_enterprise"": 34, ""enterprise_foothold_step"": 33, ""first_critical_hit_step"": null, ""window_end"": 83, ""window_start"": 81}"
no_constraint_stage2_4obj,19,stage2_ext_009_obj_1,selected,episode_008,1,1027,82,Q4_user_focus_after_enterprise_foothold,medium,DecoyFemitter,User4,User,ExploitRemoteService,,[],[],"[""User0"", ""User4""]","[""User0"", ""User4""]","{""blue_first_relevant_response_after_critical"": null, ""blue_first_relevant_response_after_enterprise"": 34, ""enterprise_foothold_step"": 33, ""first_critical_hit_step"": null, ""window_end"": 84, ""window_start"": 82}"
no_constraint_stage2_4obj,19,stage2_ext_009_obj_1,selected,episode_008,2,2027,7,Q4_user_focus_after_enterprise_foothold,medium,DecoySvchost,User3,User,ExploitRemoteService,,[],[],"[""User0"", ""User3""]","[""User0"", ""User3""]","{""blue_first_relevant_response_after_critical"": null, ""blue_first_relevant_response_after_enterprise"": 6, ""enterprise_foothold_step"": 5, ""first_critical_hit_step"": null, ""window_end"": 9, ""window_start"": 7}"
no_constraint_stage2_4obj,19,stage2_ext_009_obj_1,selected,episode_008,2,2027,8,Q4_user_focus_after_enterprise_foothold,medium,Analyse,User0,User,ExploitRemoteService,,[],[],"[""User0"", ""User3""]","[""User0"", ""User3""]","{""blue_first_relevant_response_after_critical"": null, ""blue_first_relevant_response_after_enterprise"": 6, ""enterprise_foothold_step"": 5, ""first_critical_hit_step"": null, ""window_end"": 10, ""window_start"": 8}"
no_constraint_stage2_4obj,19,stage2_ext_009_obj_1,selected,episode_008,3,3027,10,Q4_user_focus_after_enterprise_foothold,medium,Analyse,User2,User,DiscoverNetworkServices,,[],[],"[""User0"", ""User4""]","[""User0"", ""User4""]","{""blue_first_relevant_response_after_critical"": null, ""blue_first_relevant_response_after_enterprise"": 6, ""enterprise_foothold_step"": 5, ""first_critical_hit_step"": null, ""window_end"": 12, ""window_start"": 10}"
no_constraint_stage2_4obj,19,stage2_ext_009_obj_1,selected,episode_008,3,3027,44,Q4_user_focus_after_enterprise_foothold,medium,DecoySvchost,User3,User,ExploitRemoteService,,[],[],"[""User0"", ""User4""]","[""User0"", ""User4""]","{""blue_first_relevant_response_after_critical"": null, ""blue_first_relevant_response_after_enterprise"": 6, ""enterprise_foothold_step"": 5, ""first_critical_hit_step"": null, ""window_end"": 46, ""window_start"": 44}"
no_constraint_stage2_4obj,19,stage2_ext_009_obj_1,selected,episode_008,3,3027,45,Q4_user_focus_after_enterprise_foothold,medium,Analyse,User1,User,PrivilegeEscalate,User4,[],[],"[""User0"", ""User4""]","[""User0"", ""User4""]","{""blue_first_relevant_response_after_critical"": null, ""blue_first_relevant_response_after_enterprise"": 6, ""enterprise_foothold_step"": 5, ""first_critical_hit_step"": null, ""window_end"": 47, ""window_start"": 45}"
no_constraint_stage2_4obj,19,stage2_ext_009_obj_1,selected,episode_008,3,3027,46,Q4_user_focus_after_enterprise_foothold,medium,Analyse,User0,User,DiscoverNetworkServices,,[],[],"[""User0"", ""User4""]","[""User0"", ""User4""]","{""blue_first_relevant_response_after_critical"": null, ""blue_first_relevant_response_after_enterprise"": 6, ""enterprise_foothold_step"": 5, ""first_critical_hit_step"": null, ""window_end"": 48, ""window_start"": 46}"
no_constraint_stage2_4obj,19,stage2_ext_009_obj_1,selected,episode_008,3,3027,47,Q4_user_focus_after_enterprise_foothold,medium,Analyse,User0,User,ExploitRemoteService,,[],[],"[""User0"", ""User4""]","[""User0"", ""User4""]","{""blue_first_relevant_response_after_critical"": null, ""blue_first_relevant_response_after_enterprise"": 6, ""enterprise_foothold_step"": 5, ""first_critical_hit_step"": null, ""window_end"": 49, ""window_start"": 47}"
no_constraint_stage2_4obj,19,stage2_ext_009_obj_1,selected,episode_008,3,3027,48,Q4_user_focus_after_enterprise_foothold,medium,Analyse,User0,User,ExploitRemoteService,,[],[],"[""User0"", ""User4""]","[""User0"", ""User4""]","{""blue_first_relevant_response_after_critical"": null, ""blue_first_relevant_response_after_enterprise"": 6, ""enterprise_foothold_step"": 5, ""first_critical_hit_step"": null, ""window_end"": 50, ""window_start"": 48}"
no_constraint_stage2_4obj,19,stage2_ext_009_obj_1,selected,episode_008,3,3027,49,Q4_user_focus_after_enterprise_foothold,medium,Remove,User2,User,PrivilegeEscalate,User4,[],[],"[""User0"", ""User4""]","[""User0"", ""User4""]","{""blue_first_relevant_response_after_critical"": null, ""blue_first_relevant_response_after_enterprise"": 6, ""enterprise_foothold_step"": 5, ""first_critical_hit_step"": null, ""window_end"": 51, ""window_start"": 49}"
no_constraint_stage2_4obj,19,stage2_ext_009_obj_1,selected,episode_008,3,3027,50,Q4_user_focus_after_enterprise_foothold,medium,Analyse,User2,User,DiscoverNetworkServices,,[],[],"[""User0"", ""User4""]","[""User0"", ""User4""]","{""blue_first_relevant_response_after_critical"": null, ""blue_first_relevant_response_after_enterprise"": 6, ""enterprise_foothold_step"": 5, ""first_critical_hit_step"": null, ""window_end"": 52, ""window_start"": 50}"
no_constraint_stage2_4obj,19,stage2_ext_009_obj_1,selected,episode_008,3,3027,57,Q4_user_focus_after_enterprise_foothold,medium,Analyse,User0,User,ExploitRemoteService,,[],[],"[""User0"", ""User4""]","[""User0"", ""User4""]","{""blue_first_relevant_response_after_critical"": null, ""blue_first_relevant_response_after_enterprise"": 6, ""enterprise_foothold_step"": 5, ""first_critical_hit_step"": null, ""window_end"": 59, ""window_start"": 57}"
no_constraint_stage2_4obj,19,stage2_ext_009_obj_1,selected,episode_008,3,3027,75,Q4_user_focus_after_enterprise_foothold,medium,Analyse,User0,User,PrivilegeEscalate,User4,[],[],"[""User0"", ""User4""]","[""User0"", ""User4""]","{""blue_first_relevant_response_after_critical"": null, ""blue_first_relevant_response_after_enterprise"": 6, ""enterprise_foothold_step"": 5, ""first_critical_hit_step"": null, ""window_end"": 77, ""window_start"": 75}"
no_constraint_stage2_4obj,19,stage2_ext_009_obj_1,selected,episode_008,3,3027,83,Q4_user_focus_after_enterprise_foothold,medium,DecoySvchost,User3,User,ExploitRemoteService,,[],[],"[""User0"", ""User4""]","[""User0"", ""User4""]","{""blue_first_relevant_response_after_critical"": null, ""blue_first_relevant_response_after_enterprise"": 6, ""enterprise_foothold_step"": 5, ""first_critical_hit_step"": null, ""window_end"": 85, ""window_start"": 83}"
no_constraint_stage2_4obj,19,stage2_ext_009_obj_1,selected,episode_008,3,3027,44,Q5_repeated_low_value_decoy_loop,medium,DecoySvchost,User3,User,ExploitRemoteService,,[],[],"[""User0"", ""User4""]","[""User0"", ""User4""]","{""blue_first_relevant_response_after_critical"": null, ""blue_first_relevant_response_after_enterprise"": 6, ""enterprise_foothold_step"": 5, ""first_critical_hit_step"": null, ""window_end"": 52, ""window_start"": 43}"
no_constraint_stage2_4obj,19,stage2_ext_009_obj_1,selected,episode_008,6,6027,44,Q4_user_focus_after_enterprise_foothold,medium,Analyse,User0,User,ExploitRemoteService,,[],[],"[""User0"", ""User4""]","[""User0"", ""User4""]","{""blue_first_relevant_response_after_critical"": null, ""blue_first_relevant_response_after_enterprise"": 34, ""enterprise_foothold_step"": 33, ""first_critical_hit_step"": null, ""window_end"": 46, ""window_start"": 44}"
no_constraint_stage2_4obj,19,stage2_ext_009_obj_1,selected,episode_008,6,6027,45,Q4_user_focus_after_enterprise_foothold,medium,Analyse,User2,User,PrivilegeEscalate,User4,[],[],"[""User0"", ""User4""]","[""User0"", ""User4""]","{""blue_first_relevant_response_after_critical"": null, ""blue_first_relevant_response_after_enterprise"": 34, ""enterprise_foothold_step"": 33, ""first_critical_hit_step"": null, ""window_end"": 47, ""window_start"": 45}"
no_constraint_stage2_4obj,19,stage2_ext_009_obj_1,selected,episode_008,6,6027,46,Q4_user_focus_after_enterprise_foothold,medium,Analyse,User0,User,DiscoverNetworkServices,,[],[],"[""User0"", ""User4""]","[""User0"", ""User4""]","{""blue_first_relevant_response_after_critical"": null, ""blue_first_relevant_response_after_enterprise"": 34, ""enterprise_foothold_step"": 33, ""first_critical_hit_step"": null, ""window_end"": 48, ""window_start"": 46}"
no_constraint_stage2_4obj,19,stage2_ext_009_obj_1,selected,episode_008,6,6027,57,Q4_user_focus_after_enterprise_foothold,medium,Analyse,User2,User,PrivilegeEscalate,User4,[],[],"[""User0"", ""User4""]","[""User0"", ""User4""]","{""blue_first_relevant_response_after_critical"": null, ""blue_first_relevant_response_after_enterprise"": 34, ""enterprise_foothold_step"": 33, ""first_critical_hit_step"": null, ""window_end"": 59, ""window_start"": 57}"
no_constraint_stage2_4obj,19,stage2_ext_009_obj_1,selected,episode_008,6,6027,62,Q4_user_focus_after_enterprise_foothold,medium,Remove,User2,User,DiscoverNetworkServices,,[],[],"[""User0"", ""User4""]","[""User0"", ""User4""]","{""blue_first_relevant_response_after_critical"": null, ""blue_first_relevant_response_after_enterprise"": 34, ""enterprise_foothold_step"": 33, ""first_critical_hit_step"": null, ""window_end"": 64, ""window_start"": 62}"
no_constraint_stage2_4obj,19,stage2_ext_009_obj_1,selected,episode_008,6,6027,63,Q4_user_focus_after_enterprise_foothold,medium,Analyse,User0,User,ExploitRemoteService,,[],[],"[""User0"", ""User4""]","[""User0"", ""User4""]","{""blue_first_relevant_response_after_critical"": null, ""blue_first_relevant_response_after_enterprise"": 34, ""enterprise_foothold_step"": 33, ""first_critical_hit_step"": null, ""window_end"": 65, ""window_start"": 63}"
no_constraint_stage2_4obj,19,stage2_ext_009_obj_1,selected,episode_008,6,6027,64,Q4_user_focus_after_enterprise_foothold,medium,Analyse,User0,User,ExploitRemoteService,,[],[],"[""User0"", ""User4""]","[""User0"", ""User4""]","{""blue_first_relevant_response_after_critical"": null, ""blue_first_relevant_response_after_enterprise"": 34, ""enterprise_foothold_step"": 33, ""first_critical_hit_step"": null, ""window_end"": 66, ""window_start"": 64}"
no_constraint_stage2_4obj,19,stage2_ext_009_obj_1,selected,episode_008,6,6027,65,Q4_user_focus_after_enterprise_foothold,medium,DecoyFemitter,User4,User,PrivilegeEscalate,User4,[],[],"[""User0"", ""User4""]","[""User0"", ""User4""]","{""blue_first_relevant_response_after_critical"": null, ""blue_first_relevant_response_after_enterprise"": 34, ""enterprise_foothold_step"": 33, ""first_critical_hit_step"": null, ""window_end"": 67, ""window_start"": 65}"
no_constraint_stage2_4obj,19,stage2_ext_009_obj_1,selected,episode_008,6,6027,85,Q4_user_focus_after_enterprise_foothold,medium,Remove,User2,User,PrivilegeEscalate,User4,[],[],"[""User0"", ""User4""]","[""User0"", ""User4""]","{""blue_first_relevant_response_after_critical"": null, ""blue_first_relevant_response_after_enterprise"": 34, ""enterprise_foothold_step"": 33, ""first_critical_hit_step"": null, ""window_end"": 87, ""window_start"": 85}"
no_constraint_stage2_4obj,19,stage2_ext_009_obj_1,selected,episode_009,1,1028,24,Q4_user_focus_after_enterprise_foothold,medium,Analyse,User0,User,ExploitRemoteService,,[],[],"[""User0"", ""User4""]","[""User0"", ""User4""]","{""blue_first_relevant_response_after_critical"": null, ""blue_first_relevant_response_after_enterprise"": 6, ""enterprise_foothold_step"": 5, ""first_critical_hit_step"": null, ""window_end"": 26, ""window_start"": 24}"
no_constraint_stage2_4obj,19,stage2_ext_009_obj_1,selected,episode_009,1,1028,25,Q4_user_focus_after_enterprise_foothold,medium,Analyse,User2,User,PrivilegeEscalate,User4,[],[],"[""User0"", ""User4""]","[""User0"", ""User4""]","{""blue_first_relevant_response_after_critical"": null, ""blue_first_relevant_response_after_enterprise"": 6, ""enterprise_foothold_step"": 5, ""first_critical_hit_step"": null, ""window_end"": 27, ""window_start"": 25}"
no_constraint_stage2_4obj,19,stage2_ext_009_obj_1,selected,episode_009,1,1028,38,Q4_user_focus_after_enterprise_foothold,medium,Analyse,User2,User,ExploitRemoteService,,[],[],"[""User0"", ""User4""]","[""User0"", ""User4""]","{""blue_first_relevant_response_after_critical"": null, ""blue_first_relevant_response_after_enterprise"": 6, ""enterprise_foothold_step"": 5, ""first_critical_hit_step"": null, ""window_end"": 40, ""window_start"": 38}"
no_constraint_stage2_4obj,19,stage2_ext_009_obj_1,selected,episode_009,2,2028,69,Q4_user_focus_after_enterprise_foothold,medium,Analyse,User1,User,PrivilegeEscalate,User3,[],[],"[""User0"", ""User3""]","[""User0"", ""User3""]","{""blue_first_relevant_response_after_critical"": null, ""blue_first_relevant_response_after_enterprise"": 42, ""enterprise_foothold_step"": 41, ""first_critical_hit_step"": null, ""window_end"": 71, ""window_start"": 69}"
no_constraint_stage2_4obj,19,stage2_ext_009_obj_1,selected,episode_009,2,2028,70,Q4_user_focus_after_enterprise_foothold,medium,Analyse,User0,User,DiscoverNetworkServices,,[],[],"[""User0"", ""User3""]","[""User0"", ""User3""]","{""blue_first_relevant_response_after_critical"": null, ""blue_first_relevant_response_after_enterprise"": 42, ""enterprise_foothold_step"": 41, ""first_critical_hit_step"": null, ""window_end"": 72, ""window_start"": 70}"
no_constraint_stage2_4obj,19,stage2_ext_009_obj_1,selected,episode_009,2,2028,71,Q4_user_focus_after_enterprise_foothold,medium,Analyse,User0,User,ExploitRemoteService,,[],[],"[""User0"", ""User3""]","[""User0"", ""User3""]","{""blue_first_relevant_response_after_critical"": null, ""blue_first_relevant_response_after_enterprise"": 42, ""enterprise_foothold_step"": 41, ""first_critical_hit_step"": null, ""window_end"": 73, ""window_start"": 71}"
no_constraint_stage2_4obj,19,stage2_ext_009_obj_1,selected,episode_009,2,2028,72,Q4_user_focus_after_enterprise_foothold,medium,Analyse,User2,User,ExploitRemoteService,,[],[],"[""User0"", ""User3""]","[""User0"", ""User3""]","{""blue_first_relevant_response_after_critical"": null, ""blue_first_relevant_response_after_enterprise"": 42, ""enterprise_foothold_step"": 41, ""first_critical_hit_step"": null, ""window_end"": 74, ""window_start"": 72}"
no_constraint_stage2_4obj,19,stage2_ext_009_obj_1,selected,episode_009,2,2028,73,Q4_user_focus_after_enterprise_foothold,medium,Restore,User2,User,PrivilegeEscalate,User3,[],[],"[""User0"", ""User3""]","[""User0"", ""User3""]","{""blue_first_relevant_response_after_critical"": null, ""blue_first_relevant_response_after_enterprise"": 42, ""enterprise_foothold_step"": 41, ""first_critical_hit_step"": null, ""window_end"": 75, ""window_start"": 73}"
no_constraint_stage2_4obj,19,stage2_ext_009_obj_1,selected,episode_009,2,2028,77,Q4_user_focus_after_enterprise_foothold,medium,Analyse,User1,User,PrivilegeEscalate,User3,[],[],"[""User0"", ""User3""]","[""User0"", ""User3""]","{""blue_first_relevant_response_after_critical"": null, ""blue_first_relevant_response_after_enterprise"": 42, ""enterprise_foothold_step"": 41, ""first_critical_hit_step"": null, ""window_end"": 79, ""window_start"": 77}"
no_constraint_stage2_4obj,19,stage2_ext_009_obj_1,selected,episode_009,2,2028,78,Q4_user_focus_after_enterprise_foothold,medium,Analyse,User2,User,DiscoverNetworkServices,,[],[],"[""User0"", ""User3""]","[""User0"", ""User3""]","{""blue_first_relevant_response_after_critical"": null, ""blue_first_relevant_response_after_enterprise"": 42, ""enterprise_foothold_step"": 41, ""first_critical_hit_step"": null, ""window_end"": 80, ""window_start"": 78}"
no_constraint_stage2_4obj,19,stage2_ext_009_obj_1,selected,episode_009,2,2028,79,Q4_user_focus_after_enterprise_foothold,medium,Analyse,User2,User,ExploitRemoteService,,[],[],"[""User0"", ""User3""]","[""User0"", ""User3""]","{""blue_first_relevant_response_after_critical"": null, ""blue_first_relevant_response_after_enterprise"": 42, ""enterprise_foothold_step"": 41, ""first_critical_hit_step"": null, ""window_end"": 81, ""window_start"": 79}"
no_constraint_stage2_4obj,19,stage2_ext_009_obj_1,selected,episode_009,2,2028,86,Q4_user_focus_after_enterprise_foothold,medium,DecoySvchost,User3,User,ExploitRemoteService,,[],[],"[""User0"", ""User3""]","[""User0"", ""User3""]","{""blue_first_relevant_response_after_critical"": null, ""blue_first_relevant_response_after_enterprise"": 42, ""enterprise_foothold_step"": 41, ""first_critical_hit_step"": null, ""window_end"": 88, ""window_start"": 86}"
no_constraint_stage2_4obj,19,stage2_ext_009_obj_1,selected,episode_009,2,2028,87,Q4_user_focus_after_enterprise_foothold,medium,Analyse,User0,User,PrivilegeEscalate,User3,[],[],"[""User0"", ""User3""]","[""User0"", ""User3""]","{""blue_first_relevant_response_after_critical"": null, ""blue_first_relevant_response_after_enterprise"": 42, ""enterprise_foothold_step"": 41, ""first_critical_hit_step"": null, ""window_end"": 89, ""window_start"": 87}"
no_constraint_stage2_4obj,19,stage2_ext_009_obj_1,selected,episode_009,3,3028,46,Q4_user_focus_after_enterprise_foothold,medium,Analyse,User2,User,ExploitRemoteService,,[],[],"[""User0"", ""User4""]","[""User0"", ""User4""]","{""blue_first_relevant_response_after_critical"": null, ""blue_first_relevant_response_after_enterprise"": 18, ""enterprise_foothold_step"": 17, ""first_critical_hit_step"": null, ""window_end"": 48, ""window_start"": 46}"
no_constraint_stage2_4obj,19,stage2_ext_009_obj_1,selected,episode_009,3,3028,60,Q4_user_focus_after_enterprise_foothold,medium,Analyse,User2,User,ExploitRemoteService,,[],[],"[""User0"", ""User4""]","[""User0"", ""User4""]","{""blue_first_relevant_response_after_critical"": null, ""blue_first_relevant_response_after_enterprise"": 18, ""enterprise_foothold_step"": 17, ""first_critical_hit_step"": null, ""window_end"": 62, ""window_start"": 60}"
no_constraint_stage2_4obj,19,stage2_ext_009_obj_1,selected,episode_009,3,3028,61,Q4_user_focus_after_enterprise_foothold,medium,DecoySvchost,User3,User,PrivilegeEscalate,User4,[],[],"[""User0"", ""User4""]","[""User0"", ""User4""]","{""blue_first_relevant_response_after_critical"": null, ""blue_first_relevant_response_after_enterprise"": 18, ""enterprise_foothold_step"": 17, ""first_critical_hit_step"": null, ""window_end"": 63, ""window_start"": 61}"
no_constraint_stage2_4obj,19,stage2_ext_009_obj_1,selected,episode_009,3,3028,62,Q4_user_focus_after_enterprise_foothold,medium,Analyse,User2,User,DiscoverNetworkServices,,[],[],"[""User0"", ""User4""]","[""User0"", ""User4""]","{""blue_first_relevant_response_after_critical"": null, ""blue_first_relevant_response_after_enterprise"": 18, ""enterprise_foothold_step"": 17, ""first_critical_hit_step"": null, ""window_end"": 64, ""window_start"": 62}"
no_constraint_stage2_4obj,19,stage2_ext_009_obj_1,selected,episode_009,3,3028,70,Q4_user_focus_after_enterprise_foothold,medium,Analyse,User2,User,DiscoverNetworkServices,,[],[],"[""User0"", ""User4""]","[""User0"", ""User4""]","{""blue_first_relevant_response_after_critical"": null, ""blue_first_relevant_response_after_enterprise"": 18, ""enterprise_foothold_step"": 17, ""first_critical_hit_step"": null, ""window_end"": 72, ""window_start"": 70}"
no_constraint_stage2_4obj,19,stage2_ext_009_obj_1,selected,episode_009,3,3028,71,Q4_user_focus_after_enterprise_foothold,medium,Analyse,User0,User,ExploitRemoteService,,[],[],"[""User0"", ""User4""]","[""User0"", ""User4""]","{""blue_first_relevant_response_after_critical"": null, ""blue_first_relevant_response_after_enterprise"": 18, ""enterprise_foothold_step"": 17, ""first_critical_hit_step"": null, ""window_end"": 73, ""window_start"": 71}"
no_constraint_stage2_4obj,19,stage2_ext_009_obj_1,selected,episode_009,3,3028,88,Q4_user_focus_after_enterprise_foothold,medium,DecoySvchost,User3,User,DiscoverNetworkServices,,[],[],"[""User0"", ""User4""]","[""User0"", ""User4""]","{""blue_first_relevant_response_after_critical"": null, ""blue_first_relevant_response_after_enterprise"": 18, ""enterprise_foothold_step"": 17, ""first_critical_hit_step"": null, ""window_end"": 90, ""window_start"": 88}"
no_constraint_stage2_4obj,19,stage2_ext_009_obj_1,selected,episode_009,3,3028,94,Q4_user_focus_after_enterprise_foothold,medium,Analyse,User0,User,ExploitRemoteService,,[],[],"[""User0"", ""User4""]","[""User0"", ""User4""]","{""blue_first_relevant_response_after_critical"": null, ""blue_first_relevant_response_after_enterprise"": 18, ""enterprise_foothold_step"": 17, ""first_critical_hit_step"": null, ""window_end"": 96, ""window_start"": 94}"
no_constraint_stage2_4obj,19,stage2_ext_009_obj_1,selected,episode_009,3,3028,95,Q4_user_focus_after_enterprise_foothold,medium,Analyse,User2,User,PrivilegeEscalate,User4,[],[],"[""User0"", ""User4""]","[""User0"", ""User4""]","{""blue_first_relevant_response_after_critical"": null, ""blue_first_relevant_response_after_enterprise"": 18, ""enterprise_foothold_step"": 17, ""first_critical_hit_step"": null, ""window_end"": 97, ""window_start"": 95}"
no_constraint_stage2_4obj,19,stage2_ext_009_obj_1,selected,episode_009,7,7028,28,Q4_user_focus_after_enterprise_foothold,medium,Analyse,User0,User,DiscoverNetworkServices,,[],[],"[""User0"", ""User3""]","[""User0"", ""User3""]","{""blue_first_relevant_response_after_critical"": null, ""blue_first_relevant_response_after_enterprise"": 14, ""enterprise_foothold_step"": 13, ""first_critical_hit_step"": null, ""window_end"": 30, ""window_start"": 28}"
no_constraint_stage2_4obj,19,stage2_ext_009_obj_1,selected,episode_009,7,7028,35,Q4_user_focus_after_enterprise_foothold,medium,Analyse,User2,User,PrivilegeEscalate,User3,[],[],"[""User0"", ""User3""]","[""User0"", ""User3""]","{""blue_first_relevant_response_after_critical"": null, ""blue_first_relevant_response_after_enterprise"": 14, ""enterprise_foothold_step"": 13, ""first_critical_hit_step"": null, ""window_end"": 37, ""window_start"": 35}"
no_constraint_stage2_4obj,19,stage2_ext_009_obj_1,selected,episode_009,7,7028,36,Q4_user_focus_after_enterprise_foothold,medium,DecoyVsftpd,User4,User,DiscoverNetworkServices,,[],[],"[""User0"", ""User3""]","[""User0"", ""User3""]","{""blue_first_relevant_response_after_critical"": null, ""blue_first_relevant_response_after_enterprise"": 14, ""enterprise_foothold_step"": 13, ""first_critical_hit_step"": null, ""window_end"": 38, ""window_start"": 36}"
no_constraint_stage2_4obj,19,stage2_ext_009_obj_1,selected,episode_009,7,7028,63,Q4_user_focus_after_enterprise_foothold,medium,Analyse,User2,User,PrivilegeEscalate,User3,[],[],"[""User0"", ""User3""]","[""User0"", ""User3""]","{""blue_first_relevant_response_after_critical"": null, ""blue_first_relevant_response_after_enterprise"": 14, ""enterprise_foothold_step"": 13, ""first_critical_hit_step"": null, ""window_end"": 65, ""window_start"": 63}"
no_constraint_stage2_4obj,19,stage2_ext_009_obj_1,selected,episode_009,7,7028,74,Q4_user_focus_after_enterprise_foothold,medium,Analyse,User2,User,ExploitRemoteService,,[],[],"[""User0"", ""User3""]","[""User0"", ""User3""]","{""blue_first_relevant_response_after_critical"": null, ""blue_first_relevant_response_after_enterprise"": 14, ""enterprise_foothold_step"": 13, ""first_critical_hit_step"": null, ""window_end"": 76, ""window_start"": 74}"
no_constraint_stage2_4obj,19,stage2_ext_009_obj_1,selected,episode_009,7,7028,97,Q4_user_focus_after_enterprise_foothold,medium,DecoySvchost,User3,User,ExploitRemoteService,,[],[],"[""User0"", ""User3""]","[""User0"", ""User3""]","{""blue_first_relevant_response_after_critical"": null, ""blue_first_relevant_response_after_enterprise"": 14, ""enterprise_foothold_step"": 13, ""first_critical_hit_step"": null, ""window_end"": 99, ""window_start"": 97}"
no_constraint_stage2_4obj,19,stage2_ext_009_obj_1,selected,episode_010,2,2029,30,Q4_user_focus_after_enterprise_foothold,medium,Analyse,User2,User,ExploitRemoteService,,[],[],"[""User0"", ""User3""]","[""User0"", ""User3""]","{""blue_first_relevant_response_after_critical"": null, ""blue_first_relevant_response_after_enterprise"": 22, ""enterprise_foothold_step"": 21, ""first_critical_hit_step"": null, ""window_end"": 32, ""window_start"": 30}"
no_constraint_stage2_4obj,19,stage2_ext_009_obj_1,selected,episode_010,2,2029,38,Q4_user_focus_after_enterprise_foothold,medium,Analyse,User2,User,DiscoverNetworkServices,,[],[],"[""User0"", ""User3""]","[""User0"", ""User3""]","{""blue_first_relevant_response_after_critical"": null, ""blue_first_relevant_response_after_enterprise"": 22, ""enterprise_foothold_step"": 21, ""first_critical_hit_step"": null, ""window_end"": 40, ""window_start"": 38}"
no_constraint_stage2_4obj,19,stage2_ext_009_obj_1,selected,episode_010,2,2029,52,Q4_user_focus_after_enterprise_foothold,medium,Analyse,User0,User,DiscoverNetworkServices,,[],[],"[""User0"", ""User3""]","[""User0"", ""User3""]","{""blue_first_relevant_response_after_critical"": null, ""blue_first_relevant_response_after_enterprise"": 22, ""enterprise_foothold_step"": 21, ""first_critical_hit_step"": null, ""window_end"": 54, ""window_start"": 52}"
no_constraint_stage2_4obj,19,stage2_ext_009_obj_1,selected,episode_010,2,2029,53,Q4_user_focus_after_enterprise_foothold,medium,Remove,User2,User,ExploitRemoteService,,[],[],"[""User0"", ""User3""]","[""User0"", ""User3""]","{""blue_first_relevant_response_after_critical"": null, ""blue_first_relevant_response_after_enterprise"": 22, ""enterprise_foothold_step"": 21, ""first_critical_hit_step"": null, ""window_end"": 55, ""window_start"": 53}"
no_constraint_stage2_4obj,19,stage2_ext_009_obj_1,selected,episode_010,2,2029,54,Q4_user_focus_after_enterprise_foothold,medium,Analyse,User0,User,ExploitRemoteService,,[],[],"[""User0"", ""User3""]","[""User0"", ""User3""]","{""blue_first_relevant_response_after_critical"": null, ""blue_first_relevant_response_after_enterprise"": 22, ""enterprise_foothold_step"": 21, ""first_critical_hit_step"": null, ""window_end"": 56, ""window_start"": 54}"
no_constraint_stage2_4obj,19,stage2_ext_009_obj_1,selected,episode_010,2,2029,86,Q4_user_focus_after_enterprise_foothold,medium,Analyse,User2,User,ExploitRemoteService,,[],[],"[""User0"", ""User3""]","[""User0"", ""User3""]","{""blue_first_relevant_response_after_critical"": null, ""blue_first_relevant_response_after_enterprise"": 22, ""enterprise_foothold_step"": 21, ""first_critical_hit_step"": null, ""window_end"": 88, ""window_start"": 86}"
no_constraint_stage2_4obj,19,stage2_ext_009_obj_1,selected,episode_010,3,3029,74,Q4_user_focus_after_enterprise_foothold,medium,DecoyFemitter,User4,User,ExploitRemoteService,,[],[],"[""User0"", ""User4""]","[""User0"", ""User4""]","{""blue_first_relevant_response_after_critical"": null, ""blue_first_relevant_response_after_enterprise"": 58, ""enterprise_foothold_step"": 57, ""first_critical_hit_step"": null, ""window_end"": 76, ""window_start"": 74}"
no_constraint_stage2_4obj,19,stage2_ext_009_obj_1,selected,episode_010,3,3029,75,Q4_user_focus_after_enterprise_foothold,medium,Analyse,User2,User,PrivilegeEscalate,User4,[],[],"[""User0"", ""User4""]","[""User0"", ""User4""]","{""blue_first_relevant_response_after_critical"": null, ""blue_first_relevant_response_after_enterprise"": 58, ""enterprise_foothold_step"": 57, ""first_critical_hit_step"": null, ""window_end"": 77, ""window_start"": 75}"
no_constraint_stage2_4obj,19,stage2_ext_009_obj_1,selected,episode_010,3,3029,76,Q4_user_focus_after_enterprise_foothold,medium,DecoyFemitter,User4,User,DiscoverNetworkServices,,[],[],"[""User0"", ""User4""]","[""User0"", ""User4""]","{""blue_first_relevant_response_after_critical"": null, ""blue_first_relevant_response_after_enterprise"": 58, ""enterprise_foothold_step"": 57, ""first_critical_hit_step"": null, ""window_end"": 78, ""window_start"": 76}"
no_constraint_stage2_4obj,19,stage2_ext_009_obj_1,selected,episode_010,4,4029,19,Q4_user_focus_after_enterprise_foothold,medium,Analyse,User0,User,ExploitRemoteService,,[],[],"[""User0"", ""User3""]","[""User0"", ""User3""]","{""blue_first_relevant_response_after_critical"": null, ""blue_first_relevant_response_after_enterprise"": 18, ""enterprise_foothold_step"": 17, ""first_critical_hit_step"": null, ""window_end"": 21, ""window_start"": 19}"
no_constraint_stage2_4obj,19,stage2_ext_009_obj_1,selected,episode_010,4,4029,20,Q4_user_focus_after_enterprise_foothold,medium,Analyse,User2,User,ExploitRemoteService,,[],[],"[""User0"", ""User3""]","[""User0"", ""User3""]","{""blue_first_relevant_response_after_critical"": null, ""blue_first_relevant_response_after_enterprise"": 18, ""enterprise_foothold_step"": 17, ""first_critical_hit_step"": null, ""window_end"": 22, ""window_start"": 20}"
no_constraint_stage2_4obj,19,stage2_ext_009_obj_1,selected,episode_010,4,4029,21,Q4_user_focus_after_enterprise_foothold,medium,Analyse,User2,User,PrivilegeEscalate,User3,[],[],"[""User0"", ""User3""]","[""User0"", ""User3""]","{""blue_first_relevant_response_after_critical"": null, ""blue_first_relevant_response_after_enterprise"": 18, ""enterprise_foothold_step"": 17, ""first_critical_hit_step"": null, ""window_end"": 23, ""window_start"": 21}"
no_constraint_stage2_4obj,19,stage2_ext_009_obj_1,selected,episode_010,5,5029,40,Q4_user_focus_after_enterprise_foothold,medium,Analyse,User0,User,DiscoverNetworkServices,,[],[],"[""User0"", ""User3""]","[""User0"", ""User3""]","{""blue_first_relevant_response_after_critical"": null, ""blue_first_relevant_response_after_enterprise"": 30, ""enterprise_foothold_step"": 29, ""first_critical_hit_step"": null, ""window_end"": 42, ""window_start"": 40}"
no_constraint_stage2_4obj,19,stage2_ext_009_obj_1,selected,episode_010,5,5029,41,Q4_user_focus_after_enterprise_foothold,medium,Analyse,User0,User,ExploitRemoteService,,[],[],"[""User0"", ""User3""]","[""User0"", ""User3""]","{""blue_first_relevant_response_after_critical"": null, ""blue_first_relevant_response_after_enterprise"": 30, ""enterprise_foothold_step"": 29, ""first_critical_hit_step"": null, ""window_end"": 43, ""window_start"": 41}"
no_constraint_stage2_4obj,19,stage2_ext_009_obj_1,selected,episode_010,5,5029,56,Q4_user_focus_after_enterprise_foothold,medium,Analyse,User0,User,DiscoverNetworkServices,,[],[],"[""User0"", ""User3""]","[""User0"", ""User3""]","{""blue_first_relevant_response_after_critical"": null, ""blue_first_relevant_response_after_enterprise"": 30, ""enterprise_foothold_step"": 29, ""first_critical_hit_step"": null, ""window_end"": 58, ""window_start"": 56}"
no_constraint_stage2_4obj,19,stage2_ext_009_obj_1,selected,episode_010,5,5029,57,Q4_user_focus_after_enterprise_foothold,medium,DecoySvchost,User3,User,ExploitRemoteService,,[],[],"[""User0"", ""User3""]","[""User0"", ""User3""]","{""blue_first_relevant_response_after_critical"": null, ""blue_first_relevant_response_after_enterprise"": 30, ""enterprise_foothold_step"": 29, ""first_critical_hit_step"": null, ""window_end"": 59, ""window_start"": 57}"
no_constraint_stage2_4obj,19,stage2_ext_009_obj_1,selected,episode_010,5,5029,58,Q4_user_focus_after_enterprise_foothold,medium,DecoySvchost,User3,User,ExploitRemoteService,,[],[],"[""User0"", ""User3""]","[""User0"", ""User3""]","{""blue_first_relevant_response_after_critical"": null, ""blue_first_relevant_response_after_enterprise"": 30, ""enterprise_foothold_step"": 29, ""first_critical_hit_step"": null, ""window_end"": 60, ""window_start"": 58}"
no_constraint_stage2_4obj,19,stage2_ext_009_obj_1,selected,episode_010,5,5029,59,Q4_user_focus_after_enterprise_foothold,medium,Analyse,User0,User,PrivilegeEscalate,User3,[],[],"[""User0"", ""User3""]","[""User0"", ""User3""]","{""blue_first_relevant_response_after_critical"": null, ""blue_first_relevant_response_after_enterprise"": 30, ""enterprise_foothold_step"": 29, ""first_critical_hit_step"": null, ""window_end"": 61, ""window_start"": 59}"
no_constraint_stage2_4obj,19,stage2_ext_009_obj_1,selected,episode_010,5,5029,80,Q4_user_focus_after_enterprise_foothold,medium,Analyse,User0,User,DiscoverNetworkServices,,[],[],"[""User0"", ""User3""]","[""User0"", ""User3""]","{""blue_first_relevant_response_after_critical"": null, ""blue_first_relevant_response_after_enterprise"": 30, ""enterprise_foothold_step"": 29, ""first_critical_hit_step"": null, ""window_end"": 82, ""window_start"": 80}"
no_constraint_stage2_4obj,19,stage2_ext_009_obj_1,selected,episode_010,6,6029,20,Q4_user_focus_after_enterprise_foothold,medium,Analyse,User2,User,ExploitRemoteService,,[],[],"[""User0"", ""User4""]","[""User0"", ""User4""]","{""blue_first_relevant_response_after_critical"": null, ""blue_first_relevant_response_after_enterprise"": 14, ""enterprise_foothold_step"": 13, ""first_critical_hit_step"": null, ""window_end"": 22, ""window_start"": 20}"
no_constraint_stage2_4obj,19,stage2_ext_009_obj_1,selected,episode_010,6,6029,24,Q4_user_focus_after_enterprise_foothold,medium,Analyse,User2,User,ExploitRemoteService,,[],[],"[""User0"", ""User4""]","[""User0"", ""User4""]","{""blue_first_relevant_response_after_critical"": null, ""blue_first_relevant_response_after_enterprise"": 14, ""enterprise_foothold_step"": 13, ""first_critical_hit_step"": null, ""window_end"": 26, ""window_start"": 24}"
no_constraint_stage2_4obj,19,stage2_ext_009_obj_1,selected,episode_010,6,6029,25,Q4_user_focus_after_enterprise_foothold,medium,Analyse,User2,User,PrivilegeEscalate,User4,[],[],"[""User0"", ""User4""]","[""User0"", ""User4""]","{""blue_first_relevant_response_after_critical"": null, ""blue_first_relevant_response_after_enterprise"": 14, ""enterprise_foothold_step"": 13, ""first_critical_hit_step"": null, ""window_end"": 27, ""window_start"": 25}"
no_constraint_stage2_4obj,19,stage2_ext_009_obj_1,selected,episode_010,6,6029,33,Q4_user_focus_after_enterprise_foothold,medium,DecoySvchost,User3,User,PrivilegeEscalate,User4,[],[],"[""User0"", ""User4""]","[""User0"", ""User4""]","{""blue_first_relevant_response_after_critical"": null, ""blue_first_relevant_response_after_enterprise"": 14, ""enterprise_foothold_step"": 13, ""first_critical_hit_step"": null, ""window_end"": 35, ""window_start"": 33}"
no_constraint_stage2_4obj,19,stage2_ext_009_obj_1,selected,episode_010,6,6029,46,Q4_user_focus_after_enterprise_foothold,medium,DecoyFemitter,User4,User,ExploitRemoteService,,[],[],"[""User0"", ""User4""]","[""User0"", ""User4""]","{""blue_first_relevant_response_after_critical"": null, ""blue_first_relevant_response_after_enterprise"": 14, ""enterprise_foothold_step"": 13, ""first_critical_hit_step"": null, ""window_end"": 48, ""window_start"": 46}"
no_constraint_stage2_4obj,19,stage2_ext_009_obj_1,selected,episode_010,6,6029,47,Q4_user_focus_after_enterprise_foothold,medium,Analyse,User0,User,PrivilegeEscalate,User4,[],[],"[""User0"", ""User4""]","[""User0"", ""User4""]","{""blue_first_relevant_response_after_critical"": null, ""blue_first_relevant_response_after_enterprise"": 14, ""enterprise_foothold_step"": 13, ""first_critical_hit_step"": null, ""window_end"": 49, ""window_start"": 47}"
no_constraint_stage2_4obj,19,stage2_ext_009_obj_1,selected,episode_010,7,7029,22,Q4_user_focus_after_enterprise_foothold,medium,DecoyFemitter,User4,User,DiscoverNetworkServices,,[],[],"[""User0"", ""User3""]","[""User0"", ""User3""]","{""blue_first_relevant_response_after_critical"": null, ""blue_first_relevant_response_after_enterprise"": 6, ""enterprise_foothold_step"": 5, ""first_critical_hit_step"": null, ""window_end"": 24, ""window_start"": 22}"
no_constraint_stage2_4obj,19,stage2_ext_009_obj_1,selected,episode_010,7,7029,30,Q4_user_focus_after_enterprise_foothold,medium,Remove,User2,User,DiscoverNetworkServices,,[],[],"[""User0"", ""User3""]","[""User0"", ""User3""]","{""blue_first_relevant_response_after_critical"": null, ""blue_first_relevant_response_after_enterprise"": 6, ""enterprise_foothold_step"": 5, ""first_critical_hit_step"": null, ""window_end"": 32, ""window_start"": 30}"
no_constraint_stage2_4obj,19,stage2_ext_009_obj_1,selected,episode_010,7,7029,31,Q4_user_focus_after_enterprise_foothold,medium,Analyse,User3,User,ExploitRemoteService,,[],[],"[""User0"", ""User3""]","[""User0"", ""User3""]","{""blue_first_relevant_response_after_critical"": null, ""blue_first_relevant_response_after_enterprise"": 6, ""enterprise_foothold_step"": 5, ""first_critical_hit_step"": null, ""window_end"": 33, ""window_start"": 31}"
no_constraint_stage2_4obj,19,stage2_ext_009_obj_1,selected,episode_010,7,7029,41,Q4_user_focus_after_enterprise_foothold,medium,DecoySvchost,User3,User,PrivilegeEscalate,User3,[],[],"[""User0"", ""User3""]","[""User0"", ""User3""]","{""blue_first_relevant_response_after_critical"": null, ""blue_first_relevant_response_after_enterprise"": 6, ""enterprise_foothold_step"": 5, ""first_critical_hit_step"": null, ""window_end"": 43, ""window_start"": 41}"
no_constraint_stage2_4obj,19,stage2_ext_009_obj_1,selected,episode_010,7,7029,83,Q4_user_focus_after_enterprise_foothold,medium,Analyse,User2,User,ExploitRemoteService,,[],[],"[""User0"", ""User3""]","[""User0"", ""User3""]","{""blue_first_relevant_response_after_critical"": null, ""blue_first_relevant_response_after_enterprise"": 6, ""enterprise_foothold_step"": 5, ""first_critical_hit_step"": null, ""window_end"": 85, ""window_start"": 83}"
no_constraint_stage2_4obj,19,stage2_ext_009_obj_1,selected,episode_010,7,7029,84,Q4_user_focus_after_enterprise_foothold,medium,Analyse,User2,User,ExploitRemoteService,,[],[],"[""User0"", ""User3""]","[""User0"", ""User3""]","{""blue_first_relevant_response_after_critical"": null, ""blue_first_relevant_response_after_enterprise"": 6, ""enterprise_foothold_step"": 5, ""first_critical_hit_step"": null, ""window_end"": 86, ""window_start"": 84}"
no_constraint_stage2_4obj,19,stage2_ext_009_obj_1,selected,episode_010,7,7029,85,Q4_user_focus_after_enterprise_foothold,medium,Analyse,User2,User,PrivilegeEscalate,User3,[],[],"[""User0"", ""User3""]","[""User0"", ""User3""]","{""blue_first_relevant_response_after_critical"": null, ""blue_first_relevant_response_after_enterprise"": 6, ""enterprise_foothold_step"": 5, ""first_critical_hit_step"": null, ""window_end"": 87, ""window_start"": 85}"
no_constraint_stage2_4obj,19,stage2_ext_009_obj_1,selected,episode_011,1,1030,8,Q4_user_focus_after_enterprise_foothold,medium,DecoySvchost,User3,User,ExploitRemoteService,,[],[],"[""User0"", ""User4""]","[""User0"", ""User4""]","{""blue_first_relevant_response_after_critical"": null, ""blue_first_relevant_response_after_enterprise"": 6, ""enterprise_foothold_step"": 5, ""first_critical_hit_step"": null, ""window_end"": 10, ""window_start"": 8}"
no_constraint_stage2_4obj,19,stage2_ext_009_obj_1,selected,episode_011,1,1030,9,Q4_user_focus_after_enterprise_foothold,medium,Analyse,User0,User,PrivilegeEscalate,User4,[],[],"[""User0"", ""User4""]","[""User0"", ""User4""]","{""blue_first_relevant_response_after_critical"": null, ""blue_first_relevant_response_after_enterprise"": 6, ""enterprise_foothold_step"": 5, ""first_critical_hit_step"": null, ""window_end"": 11, ""window_start"": 9}"
no_constraint_stage2_4obj,19,stage2_ext_009_obj_1,selected,episode_011,1,1030,10,Q4_user_focus_after_enterprise_foothold,medium,Analyse,User0,User,DiscoverNetworkServices,,[],[],"[""User0"", ""User4""]","[""User0"", ""User4""]","{""blue_first_relevant_response_after_critical"": null, ""blue_first_relevant_response_after_enterprise"": 6, ""enterprise_foothold_step"": 5, ""first_critical_hit_step"": null, ""window_end"": 12, ""window_start"": 10}"
no_constraint_stage2_4obj,19,stage2_ext_009_obj_1,selected,episode_011,1,1030,17,Q4_user_focus_after_enterprise_foothold,medium,Analyse,User2,User,PrivilegeEscalate,User4,[],[],"[""User0"", ""User4""]","[""User0"", ""User4""]","{""blue_first_relevant_response_after_critical"": null, ""blue_first_relevant_response_after_enterprise"": 6, ""enterprise_foothold_step"": 5, ""first_critical_hit_step"": null, ""window_end"": 19, ""window_start"": 17}"
no_constraint_stage2_4obj,19,stage2_ext_009_obj_1,selected,episode_011,1,1030,18,Q4_user_focus_after_enterprise_foothold,medium,DecoySvchost,User3,User,DiscoverNetworkServices,,[],[],"[""User0"", ""User4""]","[""User0"", ""User4""]","{""blue_first_relevant_response_after_critical"": null, ""blue_first_relevant_response_after_enterprise"": 6, ""enterprise_foothold_step"": 5, ""first_critical_hit_step"": null, ""window_end"": 20, ""window_start"": 18}"
no_constraint_stage2_4obj,19,stage2_ext_009_obj_1,selected,episode_011,1,1030,38,Q4_user_focus_after_enterprise_foothold,medium,Remove,User2,User,ExploitRemoteService,,[],[],"[""User0"", ""User4""]","[""User0"", ""User4""]","{""blue_first_relevant_response_after_critical"": null, ""blue_first_relevant_response_after_enterprise"": 6, ""enterprise_foothold_step"": 5, ""first_critical_hit_step"": null, ""window_end"": 40, ""window_start"": 38}"
no_constraint_stage2_4obj,19,stage2_ext_009_obj_1,selected,episode_011,1,1030,39,Q4_user_focus_after_enterprise_foothold,medium,Analyse,User2,User,PrivilegeEscalate,User4,[],[],"[""User0"", ""User4""]","[""User0"", ""User4""]","{""blue_first_relevant_response_after_critical"": null, ""blue_first_relevant_response_after_enterprise"": 6, ""enterprise_foothold_step"": 5, ""first_critical_hit_step"": null, ""window_end"": 41, ""window_start"": 39}"
no_constraint_stage2_4obj,19,stage2_ext_009_obj_1,selected,episode_011,1,1030,55,Q4_user_focus_after_enterprise_foothold,medium,Analyse,User0,User,PrivilegeEscalate,User4,[],[],"[""User0"", ""User4""]","[""User0"", ""User4""]","{""blue_first_relevant_response_after_critical"": null, ""blue_first_relevant_response_after_enterprise"": 6, ""enterprise_foothold_step"": 5, ""first_critical_hit_step"": null, ""window_end"": 57, ""window_start"": 55}"
no_constraint_stage2_4obj,19,stage2_ext_009_obj_1,selected,episode_011,1,1030,72,Q4_user_focus_after_enterprise_foothold,medium,DecoySvchost,User3,User,ExploitRemoteService,,[],[],"[""User0"", ""User4""]","[""User0"", ""User4""]","{""blue_first_relevant_response_after_critical"": null, ""blue_first_relevant_response_after_enterprise"": 6, ""enterprise_foothold_step"": 5, ""first_critical_hit_step"": null, ""window_end"": 74, ""window_start"": 72}"
no_constraint_stage2_4obj,19,stage2_ext_009_obj_1,selected,episode_011,1,1030,73,Q4_user_focus_after_enterprise_foothold,medium,Analyse,User2,User,PrivilegeEscalate,User4,[],[],"[""User0"", ""User4""]","[""User0"", ""User4""]","{""blue_first_relevant_response_after_critical"": null, ""blue_first_relevant_response_after_enterprise"": 6, ""enterprise_foothold_step"": 5, ""first_critical_hit_step"": null, ""window_end"": 75, ""window_start"": 73}"
no_constraint_stage2_4obj,19,stage2_ext_009_obj_1,selected,episode_011,1,1030,78,Q4_user_focus_after_enterprise_foothold,medium,Analyse,User2,User,ExploitRemoteService,,[],[],"[""User0"", ""User4""]","[""User0"", ""User4""]","{""blue_first_relevant_response_after_critical"": null, ""blue_first_relevant_response_after_enterprise"": 6, ""enterprise_foothold_step"": 5, ""first_critical_hit_step"": null, ""window_end"": 80, ""window_start"": 78}"
no_constraint_stage2_4obj,19,stage2_ext_009_obj_1,selected,episode_011,4,4030,37,Q4_user_focus_after_enterprise_foothold,medium,Analyse,User2,User,ExploitRemoteService,,[],[],"[""User0"", ""User3""]","[""User0"", ""User3""]","{""blue_first_relevant_response_after_critical"": null, ""blue_first_relevant_response_after_enterprise"": 22, ""enterprise_foothold_step"": 21, ""first_critical_hit_step"": null, ""window_end"": 39, ""window_start"": 37}"
no_constraint_stage2_4obj,19,stage2_ext_009_obj_1,selected,episode_011,4,4030,38,Q4_user_focus_after_enterprise_foothold,medium,Analyse,User2,User,ExploitRemoteService,,[],[],"[""User0"", ""User3""]","[""User0"", ""User3""]","{""blue_first_relevant_response_after_critical"": null, ""blue_first_relevant_response_after_enterprise"": 22, ""enterprise_foothold_step"": 21, ""first_critical_hit_step"": null, ""window_end"": 40, ""window_start"": 38}"
no_constraint_stage2_4obj,19,stage2_ext_009_obj_1,selected,episode_011,4,4030,39,Q4_user_focus_after_enterprise_foothold,medium,Analyse,User2,User,PrivilegeEscalate,User3,[],[],"[""User0"", ""User3""]","[""User0"", ""User3""]","{""blue_first_relevant_response_after_critical"": null, ""blue_first_relevant_response_after_enterprise"": 22, ""enterprise_foothold_step"": 21, ""first_critical_hit_step"": null, ""window_end"": 41, ""window_start"": 39}"
no_constraint_stage2_4obj,19,stage2_ext_009_obj_1,selected,episode_011,4,4030,40,Q4_user_focus_after_enterprise_foothold,medium,DecoySvchost,User3,User,DiscoverNetworkServices,,[],[],"[""User0"", ""User3""]","[""User0"", ""User3""]","{""blue_first_relevant_response_after_critical"": null, ""blue_first_relevant_response_after_enterprise"": 22, ""enterprise_foothold_step"": 21, ""first_critical_hit_step"": null, ""window_end"": 42, ""window_start"": 40}"
no_constraint_stage2_4obj,19,stage2_ext_009_obj_1,selected,episode_011,4,4030,41,Q4_user_focus_after_enterprise_foothold,medium,Analyse,User2,User,ExploitRemoteService,,[],[],"[""User0"", ""User3""]","[""User0"", ""User3""]","{""blue_first_relevant_response_after_critical"": null, ""blue_first_relevant_response_after_enterprise"": 22, ""enterprise_foothold_step"": 21, ""first_critical_hit_step"": null, ""window_end"": 43, ""window_start"": 41}"
no_constraint_stage2_4obj,19,stage2_ext_009_obj_1,selected,episode_011,4,4030,69,Q4_user_focus_after_enterprise_foothold,medium,Analyse,User0,User,PrivilegeEscalate,User3,[],[],"[""User0"", ""User3""]","[""User0"", ""User3""]","{""blue_first_relevant_response_after_critical"": null, ""blue_first_relevant_response_after_enterprise"": 22, ""enterprise_foothold_step"": 21, ""first_critical_hit_step"": null, ""window_end"": 71, ""window_start"": 69}"
no_constraint_stage2_4obj,19,stage2_ext_009_obj_1,selected,episode_011,5,5030,65,Q5_repeated_low_value_decoy_loop,medium,DecoySvchost,User3,User,ExploitRemoteService,,[],[],"[""User0"", ""User1""]","[""Enterprise1"", ""User0"", ""User1""]","{""blue_first_relevant_response_after_critical"": null, ""blue_first_relevant_response_after_enterprise"": 6, ""enterprise_foothold_step"": 5, ""first_critical_hit_step"": null, ""window_end"": 74, ""window_start"": 65}"
no_constraint_stage2_4obj,19,stage2_ext_009_obj_1,selected,episode_011,6,6030,79,Q5_repeated_low_value_decoy_loop,medium,DecoySvchost,User3,User,ExploitRemoteService,,[],[],"[""User0"", ""User2""]","[""Enterprise1"", ""User0"", ""User2""]","{""blue_first_relevant_response_after_critical"": null, ""blue_first_relevant_response_after_enterprise"": 6, ""enterprise_foothold_step"": 5, ""first_critical_hit_step"": null, ""window_end"": 86, ""window_start"": 77}"
no_constraint_stage2_4obj,19,stage2_ext_009_obj_1,selected,episode_012,0,31,35,Q4_user_focus_after_enterprise_foothold,medium,DecoySvchost,User3,User,PrivilegeEscalate,User4,[],[],"[""User0"", ""User4""]","[""User0"", ""User4""]","{""blue_first_relevant_response_after_critical"": null, ""blue_first_relevant_response_after_enterprise"": 18, ""enterprise_foothold_step"": 17, ""first_critical_hit_step"": null, ""window_end"": 37, ""window_start"": 35}"
no_constraint_stage2_4obj,19,stage2_ext_009_obj_1,selected,episode_012,0,31,36,Q4_user_focus_after_enterprise_foothold,medium,Analyse,User2,User,DiscoverNetworkServices,,[],[],"[""User0"", ""User4""]","[""User0"", ""User4""]","{""blue_first_relevant_response_after_critical"": null, ""blue_first_relevant_response_after_enterprise"": 18, ""enterprise_foothold_step"": 17, ""first_critical_hit_step"": null, ""window_end"": 38, ""window_start"": 36}"
no_constraint_stage2_4obj,19,stage2_ext_009_obj_1,selected,episode_012,0,31,41,Q4_user_focus_after_enterprise_foothold,medium,DecoySvchost,User3,User,ExploitRemoteService,,[],[],"[""User0"", ""User4""]","[""User0"", ""User4""]","{""blue_first_relevant_response_after_critical"": null, ""blue_first_relevant_response_after_enterprise"": 18, ""enterprise_foothold_step"": 17, ""first_critical_hit_step"": null, ""window_end"": 43, ""window_start"": 41}"
no_constraint_stage2_4obj,19,stage2_ext_009_obj_1,selected,episode_012,0,31,42,Q4_user_focus_after_enterprise_foothold,medium,Analyse,User2,User,ExploitRemoteService,,[],[],"[""User0"", ""User4""]","[""User0"", ""User4""]","{""blue_first_relevant_response_after_critical"": null, ""blue_first_relevant_response_after_enterprise"": 18, ""enterprise_foothold_step"": 17, ""first_critical_hit_step"": null, ""window_end"": 44, ""window_start"": 42}"
no_constraint_stage2_4obj,19,stage2_ext_009_obj_1,selected,episode_012,0,31,43,Q4_user_focus_after_enterprise_foothold,medium,Analyse,User0,User,PrivilegeEscalate,User4,[],[],"[""User0"", ""User4""]","[""User0"", ""User4""]","{""blue_first_relevant_response_after_critical"": null, ""blue_first_relevant_response_after_enterprise"": 18, ""enterprise_foothold_step"": 17, ""first_critical_hit_step"": null, ""window_end"": 45, ""window_start"": 43}"
no_constraint_stage2_4obj,19,stage2_ext_009_obj_1,selected,episode_012,6,6031,8,Q4_user_focus_after_enterprise_foothold,medium,Analyse,User0,User,ExploitRemoteService,,[],[],"[""User0"", ""User3""]","[""User0"", ""User3""]","{""blue_first_relevant_response_after_critical"": null, ""blue_first_relevant_response_after_enterprise"": 6, ""enterprise_foothold_step"": 5, ""first_critical_hit_step"": null, ""window_end"": 10, ""window_start"": 8}"
no_constraint_stage2_4obj,19,stage2_ext_009_obj_1,selected,episode_012,6,6031,75,Q4_user_focus_after_enterprise_foothold,medium,Analyse,User0,User,ExploitRemoteService,,[],[],"[""User0"", ""User3""]","[""User0"", ""User3""]","{""blue_first_relevant_response_after_critical"": null, ""blue_first_relevant_response_after_enterprise"": 6, ""enterprise_foothold_step"": 5, ""first_critical_hit_step"": null, ""window_end"": 77, ""window_start"": 75}"
no_constraint_stage2_4obj,19,stage2_ext_009_obj_1,selected,episode_012,6,6031,76,Q4_user_focus_after_enterprise_foothold,medium,Analyse,User2,User,ExploitRemoteService,,[],[],"[""User0"", ""User3""]","[""User0"", ""User3""]","{""blue_first_relevant_response_after_critical"": null, ""blue_first_relevant_response_after_enterprise"": 6, ""enterprise_foothold_step"": 5, ""first_critical_hit_step"": null, ""window_end"": 78, ""window_start"": 76}"
no_constraint_stage2_4obj,19,stage2_ext_009_obj_1,selected,episode_012,6,6031,77,Q4_user_focus_after_enterprise_foothold,medium,Analyse,User0,User,PrivilegeEscalate,User3,[],[],"[""User0"", ""User3""]","[""User0"", ""User3""]","{""blue_first_relevant_response_after_critical"": null, ""blue_first_relevant_response_after_enterprise"": 6, ""enterprise_foothold_step"": 5, ""first_critical_hit_step"": null, ""window_end"": 79, ""window_start"": 77}"
no_constraint_stage2_4obj,19,stage2_ext_009_obj_1,selected,episode_012,6,6031,78,Q4_user_focus_after_enterprise_foothold,medium,Remove,User2,User,DiscoverNetworkServices,,[],[],"[""User0"", ""User3""]","[""User0"", ""User3""]","{""blue_first_relevant_response_after_critical"": null, ""blue_first_relevant_response_after_enterprise"": 6, ""enterprise_foothold_step"": 5, ""first_critical_hit_step"": null, ""window_end"": 80, ""window_start"": 78}"
no_constraint_stage2_4obj,19,stage2_ext_009_obj_1,selected,episode_013,0,32,52,Q4_user_focus_after_enterprise_foothold,medium,Analyse,User2,User,DiscoverNetworkServices,,[],[],"[""User0"", ""User3""]","[""User0"", ""User3""]","{""blue_first_relevant_response_after_critical"": null, ""blue_first_relevant_response_after_enterprise"": 34, ""enterprise_foothold_step"": 33, ""first_critical_hit_step"": null, ""window_end"": 54, ""window_start"": 52}"
no_constraint_stage2_4obj,19,stage2_ext_009_obj_1,selected,episode_013,0,32,66,Q4_user_focus_after_enterprise_foothold,medium,Analyse,User2,User,ExploitRemoteService,,[],[],"[""User0"", ""User3""]","[""User0"", ""User3""]","{""blue_first_relevant_response_after_critical"": null, ""blue_first_relevant_response_after_enterprise"": 34, ""enterprise_foothold_step"": 33, ""first_critical_hit_step"": null, ""window_end"": 68, ""window_start"": 66}"
no_constraint_stage2_4obj,19,stage2_ext_009_obj_1,selected,episode_013,0,32,67,Q4_user_focus_after_enterprise_foothold,medium,Analyse,User0,User,PrivilegeEscalate,User3,[],[],"[""User0"", ""User3""]","[""User0"", ""User3""]","{""blue_first_relevant_response_after_critical"": null, ""blue_first_relevant_response_after_enterprise"": 34, ""enterprise_foothold_step"": 33, ""first_critical_hit_step"": null, ""window_end"": 69, ""window_start"": 67}"
no_constraint_stage2_4obj,19,stage2_ext_009_obj_1,selected,episode_013,0,32,68,Q4_user_focus_after_enterprise_foothold,medium,Analyse,User1,User,DiscoverNetworkServices,,[],[],"[""User0"", ""User3""]","[""User0"", ""User3""]","{""blue_first_relevant_response_after_critical"": null, ""blue_first_relevant_response_after_enterprise"": 34, ""enterprise_foothold_step"": 33, ""first_critical_hit_step"": null, ""window_end"": 70, ""window_start"": 68}"
no_constraint_stage2_4obj,19,stage2_ext_009_obj_1,selected,episode_013,0,32,69,Q4_user_focus_after_enterprise_foothold,medium,Analyse,User2,User,ExploitRemoteService,,[],[],"[""User0"", ""User3""]","[""User0"", ""User3""]","{""blue_first_relevant_response_after_critical"": null, ""blue_first_relevant_response_after_enterprise"": 34, ""enterprise_foothold_step"": 33, ""first_critical_hit_step"": null, ""window_end"": 71, ""window_start"": 69}"
no_constraint_stage2_4obj,19,stage2_ext_009_obj_1,selected,episode_013,0,32,70,Q4_user_focus_after_enterprise_foothold,medium,Analyse,User2,User,ExploitRemoteService,,[],[],"[""User0"", ""User3""]","[""User0"", ""User3""]","{""blue_first_relevant_response_after_critical"": null, ""blue_first_relevant_response_after_enterprise"": 34, ""enterprise_foothold_step"": 33, ""first_critical_hit_step"": null, ""window_end"": 72, ""window_start"": 70}"
no_constraint_stage2_4obj,19,stage2_ext_009_obj_1,selected,episode_013,0,32,75,Q4_user_focus_after_enterprise_foothold,medium,Analyse,User2,User,PrivilegeEscalate,User3,[],[],"[""User0"", ""User3""]","[""User0"", ""User3""]","{""blue_first_relevant_response_after_critical"": null, ""blue_first_relevant_response_after_enterprise"": 34, ""enterprise_foothold_step"": 33, ""first_critical_hit_step"": null, ""window_end"": 77, ""window_start"": 75}"
no_constraint_stage2_4obj,19,stage2_ext_009_obj_1,selected,episode_013,0,32,82,Q4_user_focus_after_enterprise_foothold,medium,Analyse,User2,User,ExploitRemoteService,,[],[],"[""User0"", ""User3""]","[""User0"", ""User3""]","{""blue_first_relevant_response_after_critical"": null, ""blue_first_relevant_response_after_enterprise"": 34, ""enterprise_foothold_step"": 33, ""first_critical_hit_step"": null, ""window_end"": 84, ""window_start"": 82}"
no_constraint_stage2_4obj,19,stage2_ext_009_obj_1,selected,episode_013,0,32,83,Q4_user_focus_after_enterprise_foothold,medium,Analyse,User2,User,PrivilegeEscalate,User3,[],[],"[""User0"", ""User3""]","[""User0"", ""User3""]","{""blue_first_relevant_response_after_critical"": null, ""blue_first_relevant_response_after_enterprise"": 34, ""enterprise_foothold_step"": 33, ""first_critical_hit_step"": null, ""window_end"": 85, ""window_start"": 83}"
no_constraint_stage2_4obj,19,stage2_ext_009_obj_1,selected,episode_013,1,1032,20,Q4_user_focus_after_enterprise_foothold,medium,DecoySvchost,User3,User,ExploitRemoteService,,[],[],"[""User0"", ""User4""]","[""User0"", ""User4""]","{""blue_first_relevant_response_after_critical"": null, ""blue_first_relevant_response_after_enterprise"": 10, ""enterprise_foothold_step"": 9, ""first_critical_hit_step"": null, ""window_end"": 22, ""window_start"": 20}"
no_constraint_stage2_4obj,19,stage2_ext_009_obj_1,selected,episode_013,1,1032,24,Q4_user_focus_after_enterprise_foothold,medium,DecoySmss,User3,User,ExploitRemoteService,,[],[],"[""User0"", ""User4""]","[""User0"", ""User4""]","{""blue_first_relevant_response_after_critical"": null, ""blue_first_relevant_response_after_enterprise"": 10, ""enterprise_foothold_step"": 9, ""first_critical_hit_step"": null, ""window_end"": 26, ""window_start"": 24}"
no_constraint_stage2_4obj,19,stage2_ext_009_obj_1,selected,episode_013,1,1032,37,Q4_user_focus_after_enterprise_foothold,medium,Analyse,User0,User,ExploitRemoteService,,[],[],"[""User0"", ""User4""]","[""User0"", ""User4""]","{""blue_first_relevant_response_after_critical"": null, ""blue_first_relevant_response_after_enterprise"": 10, ""enterprise_foothold_step"": 9, ""first_critical_hit_step"": null, ""window_end"": 39, ""window_start"": 37}"
no_constraint_stage2_4obj,19,stage2_ext_009_obj_1,selected,episode_013,1,1032,51,Q4_user_focus_after_enterprise_foothold,medium,Analyse,User2,User,PrivilegeEscalate,User4,[],[],"[""User0"", ""User4""]","[""User0"", ""User4""]","{""blue_first_relevant_response_after_critical"": null, ""blue_first_relevant_response_after_enterprise"": 10, ""enterprise_foothold_step"": 9, ""first_critical_hit_step"": null, ""window_end"": 53, ""window_start"": 51}"
no_constraint_stage2_4obj,19,stage2_ext_009_obj_1,selected,episode_013,1,1032,62,Q4_user_focus_after_enterprise_foothold,medium,Analyse,User2,User,ExploitRemoteService,,[],[],"[""User0"", ""User4""]","[""User0"", ""User4""]","{""blue_first_relevant_response_after_critical"": null, ""blue_first_relevant_response_after_enterprise"": 10, ""enterprise_foothold_step"": 9, ""first_critical_hit_step"": null, ""window_end"": 64, ""window_start"": 62}"
no_constraint_stage2_4obj,19,stage2_ext_009_obj_1,selected,episode_013,1,1032,67,Q4_user_focus_after_enterprise_foothold,medium,Analyse,User2,User,ExploitRemoteService,,[],[],"[""User0"", ""User4""]","[""User0"", ""User4""]","{""blue_first_relevant_response_after_critical"": null, ""blue_first_relevant_response_after_enterprise"": 10, ""enterprise_foothold_step"": 9, ""first_critical_hit_step"": null, ""window_end"": 69, ""window_start"": 67}"
no_constraint_stage2_4obj,19,stage2_ext_009_obj_1,selected,episode_013,1,1032,68,Q4_user_focus_after_enterprise_foothold,medium,Analyse,User0,User,ExploitRemoteService,,[],[],"[""User0"", ""User4""]","[""User0"", ""User4""]","{""blue_first_relevant_response_after_critical"": null, ""blue_first_relevant_response_after_enterprise"": 10, ""enterprise_foothold_step"": 9, ""first_critical_hit_step"": null, ""window_end"": 70, ""window_start"": 68}"
no_constraint_stage2_4obj,19,stage2_ext_009_obj_1,selected,episode_013,1,1032,12,Q5_repeated_low_value_decoy_loop,medium,DecoySvchost,User3,User,ExploitRemoteService,,[],[],"[""User0"", ""User4""]","[""User0"", ""User4""]","{""blue_first_relevant_response_after_critical"": null, ""blue_first_relevant_response_after_enterprise"": 10, ""enterprise_foothold_step"": 9, ""first_critical_hit_step"": null, ""window_end"": 21, ""window_start"": 12}"
no_constraint_stage2_4obj,19,stage2_ext_009_obj_1,selected,episode_013,3,3032,28,Q4_user_focus_after_enterprise_foothold,medium,Analyse,User0,User,ExploitRemoteService,,[],[],"[""User0"", ""User4""]","[""User0"", ""User4""]","{""blue_first_relevant_response_after_critical"": null, ""blue_first_relevant_response_after_enterprise"": 6, ""enterprise_foothold_step"": 5, ""first_critical_hit_step"": null, ""window_end"": 30, ""window_start"": 28}"
no_constraint_stage2_4obj,19,stage2_ext_009_obj_1,selected,episode_013,3,3032,37,Q4_user_focus_after_enterprise_foothold,medium,DecoySvchost,User3,User,PrivilegeEscalate,User4,[],[],"[""User0"", ""User4""]","[""User0"", ""User4""]","{""blue_first_relevant_response_after_critical"": null, ""blue_first_relevant_response_after_enterprise"": 6, ""enterprise_foothold_step"": 5, ""first_critical_hit_step"": null, ""window_end"": 39, ""window_start"": 37}"
no_constraint_stage2_4obj,19,stage2_ext_009_obj_1,selected,episode_013,3,3032,50,Q4_user_focus_after_enterprise_foothold,medium,Analyse,User0,User,DiscoverNetworkServices,,[],[],"[""User0"", ""User4""]","[""User0"", ""User4""]","{""blue_first_relevant_response_after_critical"": null, ""blue_first_relevant_response_after_enterprise"": 6, ""enterprise_foothold_step"": 5, ""first_critical_hit_step"": null, ""window_end"": 52, ""window_start"": 50}"
no_constraint_stage2_4obj,19,stage2_ext_009_obj_1,selected,episode_013,3,3032,51,Q4_user_focus_after_enterprise_foothold,medium,Analyse,User0,User,ExploitRemoteService,,[],[],"[""User0"", ""User4""]","[""User0"", ""User4""]","{""blue_first_relevant_response_after_critical"": null, ""blue_first_relevant_response_after_enterprise"": 6, ""enterprise_foothold_step"": 5, ""first_critical_hit_step"": null, ""window_end"": 53, ""window_start"": 51}"
no_constraint_stage2_4obj,19,stage2_ext_009_obj_1,selected,episode_013,3,3032,52,Q4_user_focus_after_enterprise_foothold,medium,Analyse,User2,User,ExploitRemoteService,,[],[],"[""User0"", ""User4""]","[""User0"", ""User4""]","{""blue_first_relevant_response_after_critical"": null, ""blue_first_relevant_response_after_enterprise"": 6, ""enterprise_foothold_step"": 5, ""first_critical_hit_step"": null, ""window_end"": 54, ""window_start"": 52}"
no_constraint_stage2_4obj,19,stage2_ext_009_obj_1,selected,episode_013,3,3032,66,Q4_user_focus_after_enterprise_foothold,medium,Analyse,User2,User,DiscoverNetworkServices,,[],[],"[""User0"", ""User4""]","[""User0"", ""User4""]","{""blue_first_relevant_response_after_critical"": null, ""blue_first_relevant_response_after_enterprise"": 6, ""enterprise_foothold_step"": 5, ""first_critical_hit_step"": null, ""window_end"": 68, ""window_start"": 66}"
no_constraint_stage2_4obj,19,stage2_ext_009_obj_1,selected,episode_013,3,3032,67,Q4_user_focus_after_enterprise_foothold,medium,DecoySvchost,User3,User,ExploitRemoteService,,[],[],"[""User0"", ""User4""]","[""User0"", ""User4""]","{""blue_first_relevant_response_after_critical"": null, ""blue_first_relevant_response_after_enterprise"": 6, ""enterprise_foothold_step"": 5, ""first_critical_hit_step"": null, ""window_end"": 69, ""window_start"": 67}"
no_constraint_stage2_4obj,19,stage2_ext_009_obj_1,selected,episode_013,3,3032,68,Q4_user_focus_after_enterprise_foothold,medium,DecoySvchost,User3,User,ExploitRemoteService,,[],[],"[""User0"", ""User4""]","[""User0"", ""User4""]","{""blue_first_relevant_response_after_critical"": null, ""blue_first_relevant_response_after_enterprise"": 6, ""enterprise_foothold_step"": 5, ""first_critical_hit_step"": null, ""window_end"": 70, ""window_start"": 68}"
no_constraint_stage2_4obj,19,stage2_ext_009_obj_1,selected,episode_013,3,3032,69,Q4_user_focus_after_enterprise_foothold,medium,Analyse,User2,User,PrivilegeEscalate,User4,[],[],"[""User0"", ""User4""]","[""User0"", ""User4""]","{""blue_first_relevant_response_after_critical"": null, ""blue_first_relevant_response_after_enterprise"": 6, ""enterprise_foothold_step"": 5, ""first_critical_hit_step"": null, ""window_end"": 71, ""window_start"": 69}"
no_constraint_stage2_4obj,19,stage2_ext_009_obj_1,selected,episode_013,3,3032,34,Q5_repeated_low_value_decoy_loop,medium,DecoySvchost,User3,User,DiscoverNetworkServices,,[],[],"[""User0"", ""User4""]","[""User0"", ""User4""]","{""blue_first_relevant_response_after_critical"": null, ""blue_first_relevant_response_after_enterprise"": 6, ""enterprise_foothold_step"": 5, ""first_critical_hit_step"": null, ""window_end"": 38, ""window_start"": 29}"
no_constraint_stage2_4obj,19,stage2_ext_009_obj_1,selected,episode_013,4,4032,10,Q4_user_focus_after_enterprise_foothold,medium,Analyse,User0,User,ExploitRemoteService,,[],[],"[""User0"", ""User4""]","[""User0"", ""User4""]","{""blue_first_relevant_response_after_critical"": null, ""blue_first_relevant_response_after_enterprise"": 6, ""enterprise_foothold_step"": 5, ""first_critical_hit_step"": null, ""window_end"": 12, ""window_start"": 10}"
no_constraint_stage2_4obj,19,stage2_ext_009_obj_1,selected,episode_013,4,4032,11,Q4_user_focus_after_enterprise_foothold,medium,Analyse,User2,User,PrivilegeEscalate,User4,[],[],"[""User0"", ""User4""]","[""User0"", ""User4""]","{""blue_first_relevant_response_after_critical"": null, ""blue_first_relevant_response_after_enterprise"": 6, ""enterprise_foothold_step"": 5, ""first_critical_hit_step"": null, ""window_end"": 13, ""window_start"": 11}"
no_constraint_stage2_4obj,19,stage2_ext_009_obj_1,selected,episode_013,4,4032,15,Q4_user_focus_after_enterprise_foothold,medium,Analyse,User2,User,ExploitRemoteService,,[],[],"[""User0"", ""User4""]","[""User0"", ""User4""]","{""blue_first_relevant_response_after_critical"": null, ""blue_first_relevant_response_after_enterprise"": 6, ""enterprise_foothold_step"": 5, ""first_critical_hit_step"": null, ""window_end"": 17, ""window_start"": 15}"
no_constraint_stage2_4obj,19,stage2_ext_009_obj_1,selected,episode_013,4,4032,22,Q4_user_focus_after_enterprise_foothold,medium,Analyse,User2,User,DiscoverNetworkServices,,[],[],"[""User0"", ""User4""]","[""User0"", ""User4""]","{""blue_first_relevant_response_after_critical"": null, ""blue_first_relevant_response_after_enterprise"": 6, ""enterprise_foothold_step"": 5, ""first_critical_hit_step"": null, ""window_end"": 24, ""window_start"": 22}"
no_constraint_stage2_4obj,19,stage2_ext_009_obj_1,selected,episode_013,4,4032,59,Q4_user_focus_after_enterprise_foothold,medium,Analyse,User2,User,PrivilegeEscalate,User4,[],[],"[""User0"", ""User4""]","[""User0"", ""User4""]","{""blue_first_relevant_response_after_critical"": null, ""blue_first_relevant_response_after_enterprise"": 6, ""enterprise_foothold_step"": 5, ""first_critical_hit_step"": null, ""window_end"": 61, ""window_start"": 59}"
no_constraint_stage2_4obj,19,stage2_ext_009_obj_1,selected,episode_013,4,4032,65,Q4_user_focus_after_enterprise_foothold,medium,Analyse,User0,User,PrivilegeEscalate,User4,[],[],"[""User0"", ""User4""]","[""User0"", ""User4""]","{""blue_first_relevant_response_after_critical"": null, ""blue_first_relevant_response_after_enterprise"": 6, ""enterprise_foothold_step"": 5, ""first_critical_hit_step"": null, ""window_end"": 67, ""window_start"": 65}"
no_constraint_stage2_4obj,19,stage2_ext_009_obj_1,selected,episode_013,4,4032,69,Q4_user_focus_after_enterprise_foothold,medium,Analyse,User0,User,PrivilegeEscalate,User4,[],[],"[""User0"", ""User4""]","[""User0"", ""User4""]","{""blue_first_relevant_response_after_critical"": null, ""blue_first_relevant_response_after_enterprise"": 6, ""enterprise_foothold_step"": 5, ""first_critical_hit_step"": null, ""window_end"": 71, ""window_start"": 69}"
no_constraint_stage2_4obj,19,stage2_ext_009_obj_1,selected,episode_013,4,4032,81,Q4_user_focus_after_enterprise_foothold,medium,Analyse,User0,User,ExploitRemoteService,,[],[],"[""User0"", ""User4""]","[""User0"", ""User4""]","{""blue_first_relevant_response_after_critical"": null, ""blue_first_relevant_response_after_enterprise"": 6, ""enterprise_foothold_step"": 5, ""first_critical_hit_step"": null, ""window_end"": 83, ""window_start"": 81}"
no_constraint_stage2_4obj,19,stage2_ext_009_obj_1,selected,episode_013,4,4032,89,Q4_user_focus_after_enterprise_foothold,medium,Analyse,User2,User,ExploitRemoteService,,[],[],"[""User0"", ""User4""]","[""User0"", ""User4""]","{""blue_first_relevant_response_after_critical"": null, ""blue_first_relevant_response_after_enterprise"": 6, ""enterprise_foothold_step"": 5, ""first_critical_hit_step"": null, ""window_end"": 91, ""window_start"": 89}"
no_constraint_stage2_4obj,19,stage2_ext_009_obj_1,selected,episode_013,4,4032,90,Q4_user_focus_after_enterprise_foothold,medium,Analyse,User2,User,ExploitRemoteService,,[],[],"[""User0"", ""User4""]","[""User0"", ""User4""]","{""blue_first_relevant_response_after_critical"": null, ""blue_first_relevant_response_after_enterprise"": 6, ""enterprise_foothold_step"": 5, ""first_critical_hit_step"": null, ""window_end"": 92, ""window_start"": 90}"
no_constraint_stage2_4obj,19,stage2_ext_009_obj_1,selected,episode_013,6,6032,53,Q4_user_focus_after_enterprise_foothold,medium,Analyse,User2,User,PrivilegeEscalate,User3,[],[],"[""User0"", ""User3""]","[""User0"", ""User3""]","{""blue_first_relevant_response_after_critical"": null, ""blue_first_relevant_response_after_enterprise"": 34, ""enterprise_foothold_step"": 33, ""first_critical_hit_step"": null, ""window_end"": 55, ""window_start"": 53}"
no_constraint_stage2_4obj,19,stage2_ext_009_obj_1,selected,episode_013,6,6032,73,Q4_user_focus_after_enterprise_foothold,medium,DecoySvchost,User3,User,PrivilegeEscalate,User3,[],[],"[""User0"", ""User3""]","[""User0"", ""User3""]","{""blue_first_relevant_response_after_critical"": null, ""blue_first_relevant_response_after_enterprise"": 34, ""enterprise_foothold_step"": 33, ""first_critical_hit_step"": null, ""window_end"": 75, ""window_start"": 73}"
no_constraint_stage2_4obj,19,stage2_ext_009_obj_1,selected,episode_013,6,6032,74,Q4_user_focus_after_enterprise_foothold,medium,Remove,User2,User,DiscoverNetworkServices,,[],[],"[""User0"", ""User3""]","[""User0"", ""User3""]","{""blue_first_relevant_response_after_critical"": null, ""blue_first_relevant_response_after_enterprise"": 34, ""enterprise_foothold_step"": 33, ""first_critical_hit_step"": null, ""window_end"": 76, ""window_start"": 74}"
no_constraint_stage2_4obj,19,stage2_ext_009_obj_1,selected,episode_013,6,6032,75,Q4_user_focus_after_enterprise_foothold,medium,Analyse,User1,User,ExploitRemoteService,,[],[],"[""User0"", ""User3""]","[""User0"", ""User3""]","{""blue_first_relevant_response_after_critical"": null, ""blue_first_relevant_response_after_enterprise"": 34, ""enterprise_foothold_step"": 33, ""first_critical_hit_step"": null, ""window_end"": 77, ""window_start"": 75}"
no_constraint_stage2_4obj,19,stage2_ext_009_obj_1,selected,episode_013,6,6032,79,Q4_user_focus_after_enterprise_foothold,medium,DecoySvchost,User3,User,ExploitRemoteService,,[],[],"[""User0"", ""User3""]","[""User0"", ""User3""]","{""blue_first_relevant_response_after_critical"": null, ""blue_first_relevant_response_after_enterprise"": 34, ""enterprise_foothold_step"": 33, ""first_critical_hit_step"": null, ""window_end"": 81, ""window_start"": 79}"
no_constraint_stage2_4obj,19,stage2_ext_009_obj_1,selected,episode_013,6,6032,80,Q4_user_focus_after_enterprise_foothold,medium,Analyse,User0,User,ExploitRemoteService,,[],[],"[""User0"", ""User3""]","[""User0"", ""User3""]","{""blue_first_relevant_response_after_critical"": null, ""blue_first_relevant_response_after_enterprise"": 34, ""enterprise_foothold_step"": 33, ""first_critical_hit_step"": null, ""window_end"": 82, ""window_start"": 80}"
no_constraint_stage2_4obj,19,stage2_ext_009_obj_1,selected,episode_013,6,6032,81,Q4_user_focus_after_enterprise_foothold,medium,Remove,User2,User,PrivilegeEscalate,User3,[],[],"[""User0"", ""User3""]","[""User0"", ""User3""]","{""blue_first_relevant_response_after_critical"": null, ""blue_first_relevant_response_after_enterprise"": 34, ""enterprise_foothold_step"": 33, ""first_critical_hit_step"": null, ""window_end"": 83, ""window_start"": 81}"
no_constraint_stage2_4obj,19,stage2_ext_009_obj_1,selected,episode_013,6,6032,92,Q4_user_focus_after_enterprise_foothold,medium,Analyse,User0,User,DiscoverNetworkServices,,[],[],"[""User0"", ""User3""]","[""User0"", ""User3""]","{""blue_first_relevant_response_after_critical"": null, ""blue_first_relevant_response_after_enterprise"": 34, ""enterprise_foothold_step"": 33, ""first_critical_hit_step"": null, ""window_end"": 94, ""window_start"": 92}"
no_constraint_stage2_4obj,19,stage2_ext_009_obj_1,selected,episode_013,6,6032,93,Q4_user_focus_after_enterprise_foothold,medium,Analyse,User2,User,ExploitRemoteService,,[],[],"[""User0"", ""User3""]","[""User0"", ""User3""]","{""blue_first_relevant_response_after_critical"": null, ""blue_first_relevant_response_after_enterprise"": 34, ""enterprise_foothold_step"": 33, ""first_critical_hit_step"": null, ""window_end"": 95, ""window_start"": 93}"
no_constraint_stage2_4obj,19,stage2_ext_009_obj_1,selected,episode_014,0,33,13,Q4_user_focus_after_enterprise_foothold,medium,Analyse,User0,User,PrivilegeEscalate,User3,[],[],"[""User0"", ""User3""]","[""User0"", ""User3""]","{""blue_first_relevant_response_after_critical"": null, ""blue_first_relevant_response_after_enterprise"": 6, ""enterprise_foothold_step"": 5, ""first_critical_hit_step"": null, ""window_end"": 15, ""window_start"": 13}"
no_constraint_stage2_4obj,19,stage2_ext_009_obj_1,selected,episode_014,0,33,17,Q4_user_focus_after_enterprise_foothold,medium,Analyse,User2,User,PrivilegeEscalate,User3,[],[],"[""User0"", ""User3""]","[""User0"", ""User3""]","{""blue_first_relevant_response_after_critical"": null, ""blue_first_relevant_response_after_enterprise"": 6, ""enterprise_foothold_step"": 5, ""first_critical_hit_step"": null, ""window_end"": 19, ""window_start"": 17}"
no_constraint_stage2_4obj,19,stage2_ext_009_obj_1,selected,episode_014,0,33,29,Q4_user_focus_after_enterprise_foothold,medium,Analyse,User2,User,ExploitRemoteService,,[],[],"[""User0"", ""User3""]","[""User0"", ""User3""]","{""blue_first_relevant_response_after_critical"": null, ""blue_first_relevant_response_after_enterprise"": 6, ""enterprise_foothold_step"": 5, ""first_critical_hit_step"": null, ""window_end"": 31, ""window_start"": 29}"
no_constraint_stage2_4obj,19,stage2_ext_009_obj_1,selected,episode_014,0,33,30,Q4_user_focus_after_enterprise_foothold,medium,Analyse,User0,User,ExploitRemoteService,,[],[],"[""User0"", ""User3""]","[""User0"", ""User3""]","{""blue_first_relevant_response_after_critical"": null, ""blue_first_relevant_response_after_enterprise"": 6, ""enterprise_foothold_step"": 5, ""first_critical_hit_step"": null, ""window_end"": 32, ""window_start"": 30}"
no_constraint_stage2_4obj,19,stage2_ext_009_obj_1,selected,episode_014,1,1033,15,Q4_user_focus_after_enterprise_foothold,medium,Analyse,User2,User,PrivilegeEscalate,User4,[],[],"[""User0"", ""User4""]","[""User0"", ""User4""]","{""blue_first_relevant_response_after_critical"": null, ""blue_first_relevant_response_after_enterprise"": 6, ""enterprise_foothold_step"": 5, ""first_critical_hit_step"": null, ""window_end"": 17, ""window_start"": 15}"
no_constraint_stage2_4obj,19,stage2_ext_009_obj_1,selected,episode_014,1,1033,21,Q4_user_focus_after_enterprise_foothold,medium,DecoyVsftpd,User4,User,ExploitRemoteService,,[],[],"[""User0"", ""User4""]","[""User0"", ""User4""]","{""blue_first_relevant_response_after_critical"": null, ""blue_first_relevant_response_after_enterprise"": 6, ""enterprise_foothold_step"": 5, ""first_critical_hit_step"": null, ""window_end"": 23, ""window_start"": 21}"
no_constraint_stage2_4obj,19,stage2_ext_009_obj_1,selected,episode_014,1,1033,22,Q4_user_focus_after_enterprise_foothold,medium,Analyse,User2,User,ExploitRemoteService,,[],[],"[""User0"", ""User4""]","[""User0"", ""User4""]","{""blue_first_relevant_response_after_critical"": null, ""blue_first_relevant_response_after_enterprise"": 6, ""enterprise_foothold_step"": 5, ""first_critical_hit_step"": null, ""window_end"": 24, ""window_start"": 22}"
no_constraint_stage2_4obj,19,stage2_ext_009_obj_1,selected,episode_014,1,1033,23,Q4_user_focus_after_enterprise_foothold,medium,Analyse,User2,User,PrivilegeEscalate,User4,[],[],"[""User0"", ""User4""]","[""User0"", ""User4""]","{""blue_first_relevant_response_after_critical"": null, ""blue_first_relevant_response_after_enterprise"": 6, ""enterprise_foothold_step"": 5, ""first_critical_hit_step"": null, ""window_end"": 25, ""window_start"": 23}"
no_constraint_stage2_4obj,19,stage2_ext_009_obj_1,selected,episode_014,1,1033,53,Q4_user_focus_after_enterprise_foothold,medium,DecoyFemitter,User2,User,ExploitRemoteService,,[],[],"[""User0"", ""User4""]","[""User0"", ""User4""]","{""blue_first_relevant_response_after_critical"": null, ""blue_first_relevant_response_after_enterprise"": 6, ""enterprise_foothold_step"": 5, ""first_critical_hit_step"": null, ""window_end"": 55, ""window_start"": 53}"
no_constraint_stage2_4obj,19,stage2_ext_009_obj_1,selected,episode_014,3,3033,11,Q4_user_focus_after_enterprise_foothold,medium,DecoySvchost,User3,User,ExploitRemoteService,,[],[],"[""User0"", ""User4""]","[""User0"", ""User4""]","{""blue_first_relevant_response_after_critical"": null, ""blue_first_relevant_response_after_enterprise"": 10, ""enterprise_foothold_step"": 9, ""first_critical_hit_step"": null, ""window_end"": 13, ""window_start"": 11}"
no_constraint_stage2_4obj,19,stage2_ext_009_obj_1,selected,episode_014,3,3033,21,Q4_user_focus_after_enterprise_foothold,medium,Analyse,User0,User,ExploitRemoteService,,[],[],"[""User0"", ""User4""]","[""User0"", ""User4""]","{""blue_first_relevant_response_after_critical"": null, ""blue_first_relevant_response_after_enterprise"": 10, ""enterprise_foothold_step"": 9, ""first_critical_hit_step"": null, ""window_end"": 23, ""window_start"": 21}"
no_constraint_stage2_4obj,19,stage2_ext_009_obj_1,selected,episode_014,3,3033,33,Q4_user_focus_after_enterprise_foothold,medium,Analyse,User2,User,ExploitRemoteService,,[],[],"[""User0"", ""User4""]","[""User0"", ""User4""]","{""blue_first_relevant_response_after_critical"": null, ""blue_first_relevant_response_after_enterprise"": 10, ""enterprise_foothold_step"": 9, ""first_critical_hit_step"": null, ""window_end"": 35, ""window_start"": 33}"
no_constraint_stage2_4obj,19,stage2_ext_009_obj_1,selected,episode_014,3,3033,51,Q4_user_focus_after_enterprise_foothold,medium,Analyse,User0,User,PrivilegeEscalate,User4,[],[],"[""User0"", ""User4""]","[""User0"", ""User4""]","{""blue_first_relevant_response_after_critical"": null, ""blue_first_relevant_response_after_enterprise"": 10, ""enterprise_foothold_step"": 9, ""first_critical_hit_step"": null, ""window_end"": 53, ""window_start"": 51}"
no_constraint_stage2_4obj,19,stage2_ext_009_obj_1,selected,episode_014,3,3033,84,Q4_user_focus_after_enterprise_foothold,medium,Analyse,User0,User,DiscoverNetworkServices,,[],[],"[""User0"", ""User4""]","[""User0"", ""User4""]","{""blue_first_relevant_response_after_critical"": null, ""blue_first_relevant_response_after_enterprise"": 10, ""enterprise_foothold_step"": 9, ""first_critical_hit_step"": null, ""window_end"": 86, ""window_start"": 84}"
no_constraint_stage2_4obj,19,stage2_ext_009_obj_1,selected,episode_014,3,3033,85,Q4_user_focus_after_enterprise_foothold,medium,Remove,User2,User,ExploitRemoteService,,[],[],"[""User0"", ""User4""]","[""User0"", ""User4""]","{""blue_first_relevant_response_after_critical"": null, ""blue_first_relevant_response_after_enterprise"": 10, ""enterprise_foothold_step"": 9, ""first_critical_hit_step"": null, ""window_end"": 87, ""window_start"": 85}"
no_constraint_stage2_4obj,19,stage2_ext_009_obj_1,selected,episode_014,3,3033,96,Q4_user_focus_after_enterprise_foothold,medium,Analyse,User3,User,DiscoverNetworkServices,,[],[],"[""User0"", ""User4""]","[""User0"", ""User4""]","{""blue_first_relevant_response_after_critical"": null, ""blue_first_relevant_response_after_enterprise"": 10, ""enterprise_foothold_step"": 9, ""first_critical_hit_step"": null, ""window_end"": 98, ""window_start"": 96}"
no_constraint_stage2_4obj,19,stage2_ext_009_obj_1,selected,episode_014,3,3033,47,Q5_repeated_low_value_decoy_loop,medium,DecoySvchost,User3,User,PrivilegeEscalate,User4,[],[],"[""User0"", ""User4""]","[""User0"", ""User4""]","{""blue_first_relevant_response_after_critical"": null, ""blue_first_relevant_response_after_enterprise"": 10, ""enterprise_foothold_step"": 9, ""first_critical_hit_step"": null, ""window_end"": 56, ""window_start"": 47}"
no_constraint_stage2_4obj,19,stage2_ext_009_obj_1,selected,episode_014,5,5033,40,Q4_user_focus_after_enterprise_foothold,medium,Analyse,User0,User,ExploitRemoteService,,[],[],"[""User0"", ""User3""]","[""User0"", ""User3""]","{""blue_first_relevant_response_after_critical"": null, ""blue_first_relevant_response_after_enterprise"": 34, ""enterprise_foothold_step"": 33, ""first_critical_hit_step"": null, ""window_end"": 42, ""window_start"": 40}"
no_constraint_stage2_4obj,19,stage2_ext_009_obj_1,selected,episode_014,5,5033,47,Q4_user_focus_after_enterprise_foothold,medium,Analyse,User2,User,ExploitRemoteService,,[],[],"[""User0"", ""User3""]","[""User0"", ""User3""]","{""blue_first_relevant_response_after_critical"": null, ""blue_first_relevant_response_after_enterprise"": 34, ""enterprise_foothold_step"": 33, ""first_critical_hit_step"": null, ""window_end"": 49, ""window_start"": 47}"
no_constraint_stage2_4obj,19,stage2_ext_009_obj_1,selected,episode_014,5,5033,48,Q4_user_focus_after_enterprise_foothold,medium,Analyse,User2,User,ExploitRemoteService,,[],[],"[""User0"", ""User3""]","[""User0"", ""User3""]","{""blue_first_relevant_response_after_critical"": null, ""blue_first_relevant_response_after_enterprise"": 34, ""enterprise_foothold_step"": 33, ""first_critical_hit_step"": null, ""window_end"": 50, ""window_start"": 48}"
no_constraint_stage2_4obj,19,stage2_ext_009_obj_1,selected,episode_014,5,5033,49,Q4_user_focus_after_enterprise_foothold,medium,Analyse,User0,User,PrivilegeEscalate,User3,[],[],"[""User0"", ""User3""]","[""User0"", ""User3""]","{""blue_first_relevant_response_after_critical"": null, ""blue_first_relevant_response_after_enterprise"": 34, ""enterprise_foothold_step"": 33, ""first_critical_hit_step"": null, ""window_end"": 51, ""window_start"": 49}"
no_constraint_stage2_4obj,19,stage2_ext_009_obj_1,selected,episode_014,5,5033,57,Q4_user_focus_after_enterprise_foothold,medium,Remove,User2,User,PrivilegeEscalate,User3,[],[],"[""User0"", ""User3""]","[""User0"", ""User3""]","{""blue_first_relevant_response_after_critical"": null, ""blue_first_relevant_response_after_enterprise"": 34, ""enterprise_foothold_step"": 33, ""first_critical_hit_step"": null, ""window_end"": 59, ""window_start"": 57}"
no_constraint_stage2_4obj,19,stage2_ext_009_obj_1,selected,episode_014,5,5033,58,Q4_user_focus_after_enterprise_foothold,medium,Analyse,User3,User,DiscoverNetworkServices,,[],[],"[""User0"", ""User3""]","[""User0"", ""User3""]","{""blue_first_relevant_response_after_critical"": null, ""blue_first_relevant_response_after_enterprise"": 34, ""enterprise_foothold_step"": 33, ""first_critical_hit_step"": null, ""window_end"": 60, ""window_start"": 58}"
no_constraint_stage2_4obj,19,stage2_ext_009_obj_1,selected,episode_014,5,5033,59,Q4_user_focus_after_enterprise_foothold,medium,DecoySvchost,User3,User,ExploitRemoteService,,[],[],"[""User0"", ""User3""]","[""User0"", ""User3""]","{""blue_first_relevant_response_after_critical"": null, ""blue_first_relevant_response_after_enterprise"": 34, ""enterprise_foothold_step"": 33, ""first_critical_hit_step"": null, ""window_end"": 61, ""window_start"": 59}"
no_constraint_stage2_4obj,19,stage2_ext_009_obj_1,selected,episode_014,5,5033,60,Q4_user_focus_after_enterprise_foothold,medium,Analyse,User0,User,ExploitRemoteService,,[],[],"[""User0"", ""User3""]","[""User0"", ""User3""]","{""blue_first_relevant_response_after_critical"": null, ""blue_first_relevant_response_after_enterprise"": 34, ""enterprise_foothold_step"": 33, ""first_critical_hit_step"": null, ""window_end"": 62, ""window_start"": 60}"
no_constraint_stage2_4obj,19,stage2_ext_009_obj_1,selected,episode_014,5,5033,61,Q4_user_focus_after_enterprise_foothold,medium,DecoyFemitter,User4,User,PrivilegeEscalate,User3,[],[],"[""User0"", ""User3""]","[""User0"", ""User3""]","{""blue_first_relevant_response_after_critical"": null, ""blue_first_relevant_response_after_enterprise"": 34, ""enterprise_foothold_step"": 33, ""first_critical_hit_step"": null, ""window_end"": 63, ""window_start"": 61}"
no_constraint_stage2_4obj,19,stage2_ext_009_obj_1,selected,episode_014,5,5033,62,Q4_user_focus_after_enterprise_foothold,medium,Analyse,User0,User,DiscoverNetworkServices,,[],[],"[""User0"", ""User3""]","[""User0"", ""User3""]","{""blue_first_relevant_response_after_critical"": null, ""blue_first_relevant_response_after_enterprise"": 34, ""enterprise_foothold_step"": 33, ""first_critical_hit_step"": null, ""window_end"": 64, ""window_start"": 62}"
no_constraint_stage2_4obj,19,stage2_ext_009_obj_1,selected,episode_014,5,5033,74,Q4_user_focus_after_enterprise_foothold,medium,Analyse,User0,User,DiscoverNetworkServices,,[],[],"[""User0"", ""User3""]","[""User0"", ""User3""]","{""blue_first_relevant_response_after_critical"": null, ""blue_first_relevant_response_after_enterprise"": 34, ""enterprise_foothold_step"": 33, ""first_critical_hit_step"": null, ""window_end"": 76, ""window_start"": 74}"
no_constraint_stage2_4obj,19,stage2_ext_009_obj_1,selected,episode_014,5,5033,78,Q4_user_focus_after_enterprise_foothold,medium,Analyse,User3,User,DiscoverNetworkServices,,[],[],"[""User0"", ""User3""]","[""User0"", ""User3""]","{""blue_first_relevant_response_after_critical"": null, ""blue_first_relevant_response_after_enterprise"": 34, ""enterprise_foothold_step"": 33, ""first_critical_hit_step"": null, ""window_end"": 80, ""window_start"": 78}"
no_constraint_stage2_4obj,19,stage2_ext_009_obj_1,selected,episode_014,5,5033,79,Q4_user_focus_after_enterprise_foothold,medium,DecoySvchost,User3,User,ExploitRemoteService,,[],[],"[""User0"", ""User3""]","[""User0"", ""User3""]","{""blue_first_relevant_response_after_critical"": null, ""blue_first_relevant_response_after_enterprise"": 34, ""enterprise_foothold_step"": 33, ""first_critical_hit_step"": null, ""window_end"": 81, ""window_start"": 79}"
no_constraint_stage2_4obj,19,stage2_ext_009_obj_1,selected,episode_014,5,5033,89,Q4_user_focus_after_enterprise_foothold,medium,Analyse,User2,User,PrivilegeEscalate,User3,[],[],"[""User0"", ""User3""]","[""User0"", ""User3""]","{""blue_first_relevant_response_after_critical"": null, ""blue_first_relevant_response_after_enterprise"": 34, ""enterprise_foothold_step"": 33, ""first_critical_hit_step"": null, ""window_end"": 91, ""window_start"": 89}"
no_constraint_stage2_4obj,19,stage2_ext_009_obj_1,selected,episode_014,5,5033,90,Q4_user_focus_after_enterprise_foothold,medium,Analyse,User0,User,DiscoverNetworkServices,,[],[],"[""User0"", ""User3""]","[""User0"", ""User3""]","{""blue_first_relevant_response_after_critical"": null, ""blue_first_relevant_response_after_enterprise"": 34, ""enterprise_foothold_step"": 33, ""first_critical_hit_step"": null, ""window_end"": 92, ""window_start"": 90}"
no_constraint_stage2_4obj,19,stage2_ext_009_obj_1,selected,episode_014,5,5033,79,Q5_repeated_low_value_decoy_loop,medium,DecoySvchost,User3,User,ExploitRemoteService,,[],[],"[""User0"", ""User3""]","[""User0"", ""User3""]","{""blue_first_relevant_response_after_critical"": null, ""blue_first_relevant_response_after_enterprise"": 34, ""enterprise_foothold_step"": 33, ""first_critical_hit_step"": null, ""window_end"": 87, ""window_start"": 78}"
no_constraint_stage2_4obj,19,stage2_ext_009_obj_1,selected,episode_014,6,6033,7,Q4_user_focus_after_enterprise_foothold,medium,Analyse,User2,User,ExploitRemoteService,,[],[],"[""User0"", ""User3""]","[""User0"", ""User3""]","{""blue_first_relevant_response_after_critical"": null, ""blue_first_relevant_response_after_enterprise"": 6, ""enterprise_foothold_step"": 5, ""first_critical_hit_step"": null, ""window_end"": 9, ""window_start"": 7}"
no_constraint_stage2_4obj,19,stage2_ext_009_obj_1,selected,episode_014,6,6033,8,Q4_user_focus_after_enterprise_foothold,medium,Analyse,User0,User,ExploitRemoteService,,[],[],"[""User0"", ""User3""]","[""User0"", ""User3""]","{""blue_first_relevant_response_after_critical"": null, ""blue_first_relevant_response_after_enterprise"": 6, ""enterprise_foothold_step"": 5, ""first_critical_hit_step"": null, ""window_end"": 10, ""window_start"": 8}"
no_constraint_stage2_4obj,19,stage2_ext_009_obj_1,selected,episode_014,6,6033,9,Q4_user_focus_after_enterprise_foothold,medium,Analyse,User1,User,PrivilegeEscalate,User3,[],[],"[""User0"", ""User3""]","[""User0"", ""User3""]","{""blue_first_relevant_response_after_critical"": null, ""blue_first_relevant_response_after_enterprise"": 6, ""enterprise_foothold_step"": 5, ""first_critical_hit_step"": null, ""window_end"": 11, ""window_start"": 9}"
no_constraint_stage2_4obj,19,stage2_ext_009_obj_1,selected,episode_014,7,7033,55,Q4_user_focus_after_enterprise_foothold,medium,DecoySvchost,User3,User,ExploitRemoteService,,[],[],"[""User0"", ""User3""]","[""User0"", ""User3""]","{""blue_first_relevant_response_after_critical"": null, ""blue_first_relevant_response_after_enterprise"": 50, ""enterprise_foothold_step"": 49, ""first_critical_hit_step"": null, ""window_end"": 57, ""window_start"": 55}"
no_constraint_stage2_4obj,19,stage2_ext_009_obj_1,selected,episode_014,7,7033,56,Q4_user_focus_after_enterprise_foothold,medium,Remove,User2,User,ExploitRemoteService,,[],[],"[""User0"", ""User3""]","[""User0"", ""User3""]","{""blue_first_relevant_response_after_critical"": null, ""blue_first_relevant_response_after_enterprise"": 50, ""enterprise_foothold_step"": 49, ""first_critical_hit_step"": null, ""window_end"": 58, ""window_start"": 56}"
no_constraint_stage2_4obj,19,stage2_ext_009_obj_1,selected,episode_014,7,7033,57,Q4_user_focus_after_enterprise_foothold,medium,Remove,User2,User,PrivilegeEscalate,User3,[],[],"[""User0"", ""User3""]","[""User0"", ""User3""]","{""blue_first_relevant_response_after_critical"": null, ""blue_first_relevant_response_after_enterprise"": 50, ""enterprise_foothold_step"": 49, ""first_critical_hit_step"": null, ""window_end"": 59, ""window_start"": 57}"
no_constraint_stage2_4obj,19,stage2_ext_009_obj_1,selected,episode_015,0,34,26,Q4_user_focus_after_enterprise_foothold,medium,Analyse,User2,User,DiscoverNetworkServices,,[],[],"[""User0"", ""User4""]","[""User0"", ""User4""]","{""blue_first_relevant_response_after_critical"": null, ""blue_first_relevant_response_after_enterprise"": 14, ""enterprise_foothold_step"": 13, ""first_critical_hit_step"": null, ""window_end"": 28, ""window_start"": 26}"
no_constraint_stage2_4obj,19,stage2_ext_009_obj_1,selected,episode_015,0,34,63,Q4_user_focus_after_enterprise_foothold,medium,Remove,User4,User,ExploitRemoteService,,[],[],"[""User0"", ""User4""]","[""User0"", ""User4""]","{""blue_first_relevant_response_after_critical"": null, ""blue_first_relevant_response_after_enterprise"": 14, ""enterprise_foothold_step"": 13, ""first_critical_hit_step"": null, ""window_end"": 65, ""window_start"": 63}"
no_constraint_stage2_4obj,19,stage2_ext_009_obj_1,selected,episode_015,0,34,73,Q4_user_focus_after_enterprise_foothold,medium,Analyse,User0,User,PrivilegeEscalate,User4,[],[],"[""User0"", ""User4""]","[""User0"", ""User4""]","{""blue_first_relevant_response_after_critical"": null, ""blue_first_relevant_response_after_enterprise"": 14, ""enterprise_foothold_step"": 13, ""first_critical_hit_step"": null, ""window_end"": 75, ""window_start"": 73}"
no_constraint_stage2_4obj,19,stage2_ext_009_obj_1,selected,episode_015,0,34,97,Q4_user_focus_after_enterprise_foothold,medium,Analyse,User2,User,PrivilegeEscalate,User4,[],[],"[""User0"", ""User4""]","[""User0"", ""User4""]","{""blue_first_relevant_response_after_critical"": null, ""blue_first_relevant_response_after_enterprise"": 14, ""enterprise_foothold_step"": 13, ""first_critical_hit_step"": null, ""window_end"": 99, ""window_start"": 97}"
no_constraint_stage2_4obj,19,stage2_ext_009_obj_1,selected,episode_015,4,4034,34,Q4_user_focus_after_enterprise_foothold,medium,Analyse,User2,User,ExploitRemoteService,,[],[],"[""User0"", ""User4""]","[""User0"", ""User4""]","{""blue_first_relevant_response_after_critical"": null, ""blue_first_relevant_response_after_enterprise"": 18, ""enterprise_foothold_step"": 17, ""first_critical_hit_step"": null, ""window_end"": 36, ""window_start"": 34}"
no_constraint_stage2_4obj,19,stage2_ext_009_obj_1,selected,episode_015,4,4034,44,Q4_user_focus_after_enterprise_foothold,medium,Analyse,User2,User,DiscoverNetworkServices,,[],[],"[""User0"", ""User4""]","[""User0"", ""User4""]","{""blue_first_relevant_response_after_critical"": null, ""blue_first_relevant_response_after_enterprise"": 18, ""enterprise_foothold_step"": 17, ""first_critical_hit_step"": null, ""window_end"": 46, ""window_start"": 44}"
no_constraint_stage2_4obj,19,stage2_ext_009_obj_1,selected,episode_015,4,4034,45,Q4_user_focus_after_enterprise_foothold,medium,Remove,User2,User,ExploitRemoteService,,[],[],"[""User0"", ""User4""]","[""User0"", ""User4""]","{""blue_first_relevant_response_after_critical"": null, ""blue_first_relevant_response_after_enterprise"": 18, ""enterprise_foothold_step"": 17, ""first_critical_hit_step"": null, ""window_end"": 47, ""window_start"": 45}"
no_constraint_stage2_4obj,19,stage2_ext_009_obj_1,selected,episode_015,4,4034,65,Q4_user_focus_after_enterprise_foothold,medium,Analyse,User0,User,ExploitRemoteService,,[],[],"[""User0"", ""User4""]","[""User0"", ""User4""]","{""blue_first_relevant_response_after_critical"": null, ""blue_first_relevant_response_after_enterprise"": 18, ""enterprise_foothold_step"": 17, ""first_critical_hit_step"": null, ""window_end"": 67, ""window_start"": 65}"
no_constraint_stage2_4obj,19,stage2_ext_009_obj_1,selected,episode_015,4,4034,71,Q4_user_focus_after_enterprise_foothold,medium,DecoySvchost,User3,User,PrivilegeEscalate,User4,[],[],"[""User0"", ""User4""]","[""User0"", ""User4""]","{""blue_first_relevant_response_after_critical"": null, ""blue_first_relevant_response_after_enterprise"": 18, ""enterprise_foothold_step"": 17, ""first_critical_hit_step"": null, ""window_end"": 73, ""window_start"": 71}"
no_constraint_stage2_4obj,19,stage2_ext_009_obj_1,selected,episode_015,4,4034,81,Q4_user_focus_after_enterprise_foothold,medium,Analyse,User2,User,ExploitRemoteService,,[],[],"[""User0"", ""User4""]","[""User0"", ""User4""]","{""blue_first_relevant_response_after_critical"": null, ""blue_first_relevant_response_after_enterprise"": 18, ""enterprise_foothold_step"": 17, ""first_critical_hit_step"": null, ""window_end"": 83, ""window_start"": 81}"
no_constraint_stage2_4obj,19,stage2_ext_009_obj_1,selected,episode_015,4,4034,82,Q4_user_focus_after_enterprise_foothold,medium,Remove,User2,User,ExploitRemoteService,,[],[],"[""User0"", ""User4""]","[""User0"", ""User4""]","{""blue_first_relevant_response_after_critical"": null, ""blue_first_relevant_response_after_enterprise"": 18, ""enterprise_foothold_step"": 17, ""first_critical_hit_step"": null, ""window_end"": 84, ""window_start"": 82}"
no_constraint_stage2_4obj,19,stage2_ext_009_obj_1,selected,episode_015,4,4034,83,Q4_user_focus_after_enterprise_foothold,medium,DecoySvchost,User3,User,PrivilegeEscalate,User4,[],[],"[""User0"", ""User4""]","[""User0"", ""User4""]","{""blue_first_relevant_response_after_critical"": null, ""blue_first_relevant_response_after_enterprise"": 18, ""enterprise_foothold_step"": 17, ""first_critical_hit_step"": null, ""window_end"": 85, ""window_start"": 83}"
no_constraint_stage2_4obj,19,stage2_ext_009_obj_1,selected,episode_015,4,4034,87,Q4_user_focus_after_enterprise_foothold,medium,Analyse,User2,User,PrivilegeEscalate,User4,[],[],"[""User0"", ""User4""]","[""User0"", ""User4""]","{""blue_first_relevant_response_after_critical"": null, ""blue_first_relevant_response_after_enterprise"": 18, ""enterprise_foothold_step"": 17, ""first_critical_hit_step"": null, ""window_end"": 89, ""window_start"": 87}"
no_constraint_stage2_4obj,19,stage2_ext_009_obj_1,selected,episode_015,4,4034,88,Q4_user_focus_after_enterprise_foothold,medium,Analyse,User0,User,DiscoverNetworkServices,,[],[],"[""User0"", ""User4""]","[""User0"", ""User4""]","{""blue_first_relevant_response_after_critical"": null, ""blue_first_relevant_response_after_enterprise"": 18, ""enterprise_foothold_step"": 17, ""first_critical_hit_step"": null, ""window_end"": 90, ""window_start"": 88}"
no_constraint_stage2_4obj,19,stage2_ext_009_obj_1,selected,episode_015,4,4034,83,Q5_repeated_low_value_decoy_loop,medium,DecoySvchost,User3,User,PrivilegeEscalate,User4,[],[],"[""User0"", ""User4""]","[""User0"", ""User4""]","{""blue_first_relevant_response_after_critical"": null, ""blue_first_relevant_response_after_enterprise"": 18, ""enterprise_foothold_step"": 17, ""first_critical_hit_step"": null, ""window_end"": 89, ""window_start"": 80}"
no_constraint_stage2_4obj,19,stage2_ext_009_obj_1,selected,episode_015,5,5034,13,Q4_user_focus_after_enterprise_foothold,medium,DecoySvchost,User3,User,PrivilegeEscalate,User4,[],[],"[""User0"", ""User4""]","[""User0"", ""User4""]","{""blue_first_relevant_response_after_critical"": null, ""blue_first_relevant_response_after_enterprise"": 10, ""enterprise_foothold_step"": 9, ""first_critical_hit_step"": null, ""window_end"": 15, ""window_start"": 13}"
no_constraint_stage2_4obj,19,stage2_ext_009_obj_1,selected,episode_015,5,5034,30,Q4_user_focus_after_enterprise_foothold,medium,Analyse,User2,User,ExploitRemoteService,,[],[],"[""User0"", ""User4""]","[""User0"", ""User4""]","{""blue_first_relevant_response_after_critical"": null, ""blue_first_relevant_response_after_enterprise"": 10, ""enterprise_foothold_step"": 9, ""first_critical_hit_step"": null, ""window_end"": 32, ""window_start"": 30}"
no_constraint_stage2_4obj,19,stage2_ext_009_obj_1,selected,episode_015,5,5034,31,Q4_user_focus_after_enterprise_foothold,medium,Analyse,User0,User,PrivilegeEscalate,User4,[],[],"[""User0"", ""User4""]","[""User0"", ""User4""]","{""blue_first_relevant_response_after_critical"": null, ""blue_first_relevant_response_after_enterprise"": 10, ""enterprise_foothold_step"": 9, ""first_critical_hit_step"": null, ""window_end"": 33, ""window_start"": 31}"
no_constraint_stage2_4obj,19,stage2_ext_009_obj_1,selected,episode_015,5,5034,50,Q4_user_focus_after_enterprise_foothold,medium,Analyse,User2,User,ExploitRemoteService,,[],[],"[""User0"", ""User4""]","[""User0"", ""User4""]","{""blue_first_relevant_response_after_critical"": null, ""blue_first_relevant_response_after_enterprise"": 10, ""enterprise_foothold_step"": 9, ""first_critical_hit_step"": null, ""window_end"": 52, ""window_start"": 50}"
no_constraint_stage2_4obj,19,stage2_ext_009_obj_1,selected,episode_015,5,5034,51,Q4_user_focus_after_enterprise_foothold,medium,Analyse,User0,User,PrivilegeEscalate,User4,[],[],"[""User0"", ""User4""]","[""User0"", ""User4""]","{""blue_first_relevant_response_after_critical"": null, ""blue_first_relevant_response_after_enterprise"": 10, ""enterprise_foothold_step"": 9, ""first_critical_hit_step"": null, ""window_end"": 53, ""window_start"": 51}"
no_constraint_stage2_4obj,19,stage2_ext_009_obj_1,selected,episode_015,5,5034,63,Q4_user_focus_after_enterprise_foothold,medium,Remove,User2,User,PrivilegeEscalate,User4,[],[],"[""User0"", ""User4""]","[""User0"", ""User4""]","{""blue_first_relevant_response_after_critical"": null, ""blue_first_relevant_response_after_enterprise"": 10, ""enterprise_foothold_step"": 9, ""first_critical_hit_step"": null, ""window_end"": 65, ""window_start"": 63}"
no_constraint_stage2_4obj,19,stage2_ext_009_obj_1,selected,episode_015,5,5034,64,Q4_user_focus_after_enterprise_foothold,medium,Analyse,User2,User,DiscoverNetworkServices,,[],[],"[""User0"", ""User4""]","[""User0"", ""User4""]","{""blue_first_relevant_response_after_critical"": null, ""blue_first_relevant_response_after_enterprise"": 10, ""enterprise_foothold_step"": 9, ""first_critical_hit_step"": null, ""window_end"": 66, ""window_start"": 64}"
no_constraint_stage2_4obj,19,stage2_ext_009_obj_1,selected,episode_015,5,5034,76,Q4_user_focus_after_enterprise_foothold,medium,Analyse,User0,User,ExploitRemoteService,,[],[],"[""User0"", ""User4""]","[""User0"", ""User4""]","{""blue_first_relevant_response_after_critical"": null, ""blue_first_relevant_response_after_enterprise"": 10, ""enterprise_foothold_step"": 9, ""first_critical_hit_step"": null, ""window_end"": 78, ""window_start"": 76}"
no_constraint_stage2_4obj,19,stage2_ext_009_obj_1,selected,episode_015,5,5034,77,Q4_user_focus_after_enterprise_foothold,medium,Analyse,User0,User,PrivilegeEscalate,User4,[],[],"[""User0"", ""User4""]","[""User0"", ""User4""]","{""blue_first_relevant_response_after_critical"": null, ""blue_first_relevant_response_after_enterprise"": 10, ""enterprise_foothold_step"": 9, ""first_critical_hit_step"": null, ""window_end"": 79, ""window_start"": 77}"
no_constraint_stage2_4obj,19,stage2_ext_009_obj_1,selected,episode_015,5,5034,85,Q4_user_focus_after_enterprise_foothold,medium,Analyse,User0,User,ExploitRemoteService,,[],[],"[""User0"", ""User4""]","[""User0"", ""User4""]","{""blue_first_relevant_response_after_critical"": null, ""blue_first_relevant_response_after_enterprise"": 10, ""enterprise_foothold_step"": 9, ""first_critical_hit_step"": null, ""window_end"": 87, ""window_start"": 85}"
no_constraint_stage2_4obj,19,stage2_ext_009_obj_1,selected,episode_015,5,5034,86,Q4_user_focus_after_enterprise_foothold,medium,Analyse,User2,User,ExploitRemoteService,,[],[],"[""User0"", ""User4""]","[""User0"", ""User4""]","{""blue_first_relevant_response_after_critical"": null, ""blue_first_relevant_response_after_enterprise"": 10, ""enterprise_foothold_step"": 9, ""first_critical_hit_step"": null, ""window_end"": 88, ""window_start"": 86}"
no_constraint_stage2_4obj,19,stage2_ext_009_obj_1,selected,episode_016,3,3035,18,Q4_user_focus_after_enterprise_foothold,medium,Remove,User2,User,ExploitRemoteService,,[],[],"[""User0"", ""User4""]","[""User0"", ""User4""]","{""blue_first_relevant_response_after_critical"": null, ""blue_first_relevant_response_after_enterprise"": 6, ""enterprise_foothold_step"": 5, ""first_critical_hit_step"": null, ""window_end"": 20, ""window_start"": 18}"
no_constraint_stage2_4obj,19,stage2_ext_009_obj_1,selected,episode_016,3,3035,19,Q4_user_focus_after_enterprise_foothold,medium,Analyse,User0,User,PrivilegeEscalate,User4,[],[],"[""User0"", ""User4""]","[""User0"", ""User4""]","{""blue_first_relevant_response_after_critical"": null, ""blue_first_relevant_response_after_enterprise"": 6, ""enterprise_foothold_step"": 5, ""first_critical_hit_step"": null, ""window_end"": 21, ""window_start"": 19}"
no_constraint_stage2_4obj,19,stage2_ext_009_obj_1,selected,episode_016,3,3035,20,Q4_user_focus_after_enterprise_foothold,medium,Analyse,User0,User,DiscoverNetworkServices,,[],[],"[""User0"", ""User4""]","[""User0"", ""User4""]","{""blue_first_relevant_response_after_critical"": null, ""blue_first_relevant_response_after_enterprise"": 6, ""enterprise_foothold_step"": 5, ""first_critical_hit_step"": null, ""window_end"": 22, ""window_start"": 20}"
no_constraint_stage2_4obj,19,stage2_ext_009_obj_1,selected,episode_016,3,3035,30,Q4_user_focus_after_enterprise_foothold,medium,Analyse,User0,User,ExploitRemoteService,,[],[],"[""User0"", ""User4""]","[""User0"", ""User4""]","{""blue_first_relevant_response_after_critical"": null, ""blue_first_relevant_response_after_enterprise"": 6, ""enterprise_foothold_step"": 5, ""first_critical_hit_step"": null, ""window_end"": 32, ""window_start"": 30}"
no_constraint_stage2_4obj,19,stage2_ext_009_obj_1,selected,episode_016,3,3035,43,Q4_user_focus_after_enterprise_foothold,medium,Analyse,User0,User,PrivilegeEscalate,User4,[],[],"[""User0"", ""User4""]","[""User0"", ""User4""]","{""blue_first_relevant_response_after_critical"": null, ""blue_first_relevant_response_after_enterprise"": 6, ""enterprise_foothold_step"": 5, ""first_critical_hit_step"": null, ""window_end"": 45, ""window_start"": 43}"
no_constraint_stage2_4obj,19,stage2_ext_009_obj_1,selected,episode_016,3,3035,59,Q4_user_focus_after_enterprise_foothold,medium,Analyse,User2,User,ExploitRemoteService,,[],[],"[""User0"", ""User4""]","[""User0"", ""User4""]","{""blue_first_relevant_response_after_critical"": null, ""blue_first_relevant_response_after_enterprise"": 6, ""enterprise_foothold_step"": 5, ""first_critical_hit_step"": null, ""window_end"": 61, ""window_start"": 59}"
no_constraint_stage2_4obj,19,stage2_ext_009_obj_1,selected,episode_016,3,3035,73,Q4_user_focus_after_enterprise_foothold,medium,Analyse,User0,User,PrivilegeEscalate,User4,[],[],"[""User0"", ""User4""]","[""User0"", ""User4""]","{""blue_first_relevant_response_after_critical"": null, ""blue_first_relevant_response_after_enterprise"": 6, ""enterprise_foothold_step"": 5, ""first_critical_hit_step"": null, ""window_end"": 75, ""window_start"": 73}"
no_constraint_stage2_4obj,19,stage2_ext_009_obj_1,selected,episode_016,3,3035,81,Q4_user_focus_after_enterprise_foothold,medium,Analyse,User2,User,PrivilegeEscalate,User4,[],[],"[""User0"", ""User4""]","[""User0"", ""User4""]","{""blue_first_relevant_response_after_critical"": null, ""blue_first_relevant_response_after_enterprise"": 6, ""enterprise_foothold_step"": 5, ""first_critical_hit_step"": null, ""window_end"": 83, ""window_start"": 81}"
no_constraint_stage2_4obj,19,stage2_ext_009_obj_1,selected,episode_016,3,3035,82,Q4_user_focus_after_enterprise_foothold,medium,DecoySvchost,User3,User,DiscoverNetworkServices,,[],[],"[""User0"", ""User4""]","[""User0"", ""User4""]","{""blue_first_relevant_response_after_critical"": null, ""blue_first_relevant_response_after_enterprise"": 6, ""enterprise_foothold_step"": 5, ""first_critical_hit_step"": null, ""window_end"": 84, ""window_start"": 82}"
no_constraint_stage2_4obj,19,stage2_ext_009_obj_1,selected,episode_016,3,3035,83,Q4_user_focus_after_enterprise_foothold,medium,Analyse,User0,User,ExploitRemoteService,,[],[],"[""User0"", ""User4""]","[""User0"", ""User4""]","{""blue_first_relevant_response_after_critical"": null, ""blue_first_relevant_response_after_enterprise"": 6, ""enterprise_foothold_step"": 5, ""first_critical_hit_step"": null, ""window_end"": 85, ""window_start"": 83}"
no_constraint_stage2_4obj,19,stage2_ext_009_obj_1,selected,episode_016,3,3035,84,Q4_user_focus_after_enterprise_foothold,medium,Analyse,User0,User,ExploitRemoteService,,[],[],"[""User0"", ""User4""]","[""User0"", ""User4""]","{""blue_first_relevant_response_after_critical"": null, ""blue_first_relevant_response_after_enterprise"": 6, ""enterprise_foothold_step"": 5, ""first_critical_hit_step"": null, ""window_end"": 86, ""window_start"": 84}"
no_constraint_stage2_4obj,19,stage2_ext_009_obj_1,selected,episode_016,3,3035,92,Q4_user_focus_after_enterprise_foothold,medium,Analyse,User0,User,ExploitRemoteService,,[],[],"[""User0"", ""User4""]","[""User0"", ""User4""]","{""blue_first_relevant_response_after_critical"": null, ""blue_first_relevant_response_after_enterprise"": 6, ""enterprise_foothold_step"": 5, ""first_critical_hit_step"": null, ""window_end"": 94, ""window_start"": 92}"
no_constraint_stage2_4obj,19,stage2_ext_009_obj_1,selected,episode_016,7,7035,10,Q4_user_focus_after_enterprise_foothold,medium,Analyse,User0,User,DiscoverNetworkServices,,[],[],"[""User0"", ""User3""]","[""User0"", ""User3""]","{""blue_first_relevant_response_after_critical"": null, ""blue_first_relevant_response_after_enterprise"": 6, ""enterprise_foothold_step"": 5, ""first_critical_hit_step"": null, ""window_end"": 12, ""window_start"": 10}"
no_constraint_stage2_4obj,19,stage2_ext_009_obj_1,selected,episode_016,7,7035,11,Q4_user_focus_after_enterprise_foothold,medium,Analyse,User2,User,ExploitRemoteService,,[],[],"[""User0"", ""User3""]","[""User0"", ""User3""]","{""blue_first_relevant_response_after_critical"": null, ""blue_first_relevant_response_after_enterprise"": 6, ""enterprise_foothold_step"": 5, ""first_critical_hit_step"": null, ""window_end"": 13, ""window_start"": 11}"
no_constraint_stage2_4obj,19,stage2_ext_009_obj_1,selected,episode_016,7,7035,12,Q4_user_focus_after_enterprise_foothold,medium,DecoySvchost,User3,User,ExploitRemoteService,,[],[],"[""User0"", ""User3""]","[""User0"", ""User3""]","{""blue_first_relevant_response_after_critical"": null, ""blue_first_relevant_response_after_enterprise"": 6, ""enterprise_foothold_step"": 5, ""first_critical_hit_step"": null, ""window_end"": 14, ""window_start"": 12}"
no_constraint_stage2_4obj,19,stage2_ext_009_obj_1,selected,episode_016,7,7035,13,Q4_user_focus_after_enterprise_foothold,medium,DecoySvchost,User3,User,PrivilegeEscalate,User3,[],[],"[""User0"", ""User3""]","[""User0"", ""User3""]","{""blue_first_relevant_response_after_critical"": null, ""blue_first_relevant_response_after_enterprise"": 6, ""enterprise_foothold_step"": 5, ""first_critical_hit_step"": null, ""window_end"": 15, ""window_start"": 13}"
no_constraint_stage2_4obj,19,stage2_ext_009_obj_1,selected,episode_016,7,7035,14,Q4_user_focus_after_enterprise_foothold,medium,DecoySvchost,User3,User,DiscoverNetworkServices,,[],[],"[""User0"", ""User3""]","[""User0"", ""User3""]","{""blue_first_relevant_response_after_critical"": null, ""blue_first_relevant_response_after_enterprise"": 6, ""enterprise_foothold_step"": 5, ""first_critical_hit_step"": null, ""window_end"": 16, ""window_start"": 14}"
no_constraint_stage2_4obj,19,stage2_ext_009_obj_1,selected,episode_016,7,7035,20,Q4_user_focus_after_enterprise_foothold,medium,Analyse,User2,User,ExploitRemoteService,,[],[],"[""User0"", ""User3""]","[""User0"", ""User3""]","{""blue_first_relevant_response_after_critical"": null, ""blue_first_relevant_response_after_enterprise"": 6, ""enterprise_foothold_step"": 5, ""first_critical_hit_step"": null, ""window_end"": 22, ""window_start"": 20}"
no_constraint_stage2_4obj,19,stage2_ext_009_obj_1,selected,episode_016,7,7035,21,Q4_user_focus_after_enterprise_foothold,medium,Analyse,User2,User,PrivilegeEscalate,User3,[],[],"[""User0"", ""User3""]","[""User0"", ""User3""]","{""blue_first_relevant_response_after_critical"": null, ""blue_first_relevant_response_after_enterprise"": 6, ""enterprise_foothold_step"": 5, ""first_critical_hit_step"": null, ""window_end"": 23, ""window_start"": 21}"
no_constraint_stage2_4obj,19,stage2_ext_009_obj_1,selected,episode_016,7,7035,28,Q4_user_focus_after_enterprise_foothold,medium,DecoySvchost,User3,User,ExploitRemoteService,,[],[],"[""User0"", ""User3""]","[""User0"", ""User3""]","{""blue_first_relevant_response_after_critical"": null, ""blue_first_relevant_response_after_enterprise"": 6, ""enterprise_foothold_step"": 5, ""first_critical_hit_step"": null, ""window_end"": 30, ""window_start"": 28}"
no_constraint_stage2_4obj,19,stage2_ext_009_obj_1,selected,episode_016,7,7035,29,Q4_user_focus_after_enterprise_foothold,medium,DecoySvchost,User3,User,PrivilegeEscalate,User3,[],[],"[""User0"", ""User3""]","[""User0"", ""User3""]","{""blue_first_relevant_response_after_critical"": null, ""blue_first_relevant_response_after_enterprise"": 6, ""enterprise_foothold_step"": 5, ""first_critical_hit_step"": null, ""window_end"": 31, ""window_start"": 29}"
no_constraint_stage2_4obj,19,stage2_ext_009_obj_1,selected,episode_016,7,7035,50,Q4_user_focus_after_enterprise_foothold,medium,Analyse,User2,User,ExploitRemoteService,,[],[],"[""User0"", ""User3""]","[""User0"", ""User3""]","{""blue_first_relevant_response_after_critical"": null, ""blue_first_relevant_response_after_enterprise"": 6, ""enterprise_foothold_step"": 5, ""first_critical_hit_step"": null, ""window_end"": 52, ""window_start"": 50}"
no_constraint_stage2_4obj,19,stage2_ext_009_obj_1,selected,episode_016,7,7035,51,Q4_user_focus_after_enterprise_foothold,medium,Remove,User2,User,PrivilegeEscalate,User3,[],[],"[""User0"", ""User3""]","[""User0"", ""User3""]","{""blue_first_relevant_response_after_critical"": null, ""blue_first_relevant_response_after_enterprise"": 6, ""enterprise_foothold_step"": 5, ""first_critical_hit_step"": null, ""window_end"": 53, ""window_start"": 51}"
no_constraint_stage2_4obj,19,stage2_ext_009_obj_1,selected,episode_016,7,7035,52,Q4_user_focus_after_enterprise_foothold,medium,Analyse,User2,User,DiscoverNetworkServices,,[],[],"[""User0"", ""User3""]","[""User0"", ""User3""]","{""blue_first_relevant_response_after_critical"": null, ""blue_first_relevant_response_after_enterprise"": 6, ""enterprise_foothold_step"": 5, ""first_critical_hit_step"": null, ""window_end"": 54, ""window_start"": 52}"
no_constraint_stage2_4obj,19,stage2_ext_009_obj_1,selected,episode_016,7,7035,76,Q4_user_focus_after_enterprise_foothold,medium,DecoySvchost,User3,User,ExploitRemoteService,,[],[],"[""User0"", ""User3""]","[""User0"", ""User3""]","{""blue_first_relevant_response_after_critical"": null, ""blue_first_relevant_response_after_enterprise"": 6, ""enterprise_foothold_step"": 5, ""first_critical_hit_step"": null, ""window_end"": 78, ""window_start"": 76}"
no_constraint_stage2_4obj,19,stage2_ext_009_obj_1,selected,episode_016,7,7035,82,Q4_user_focus_after_enterprise_foothold,medium,Analyse,User2,User,DiscoverNetworkServices,,[],[],"[""User0"", ""User3""]","[""User0"", ""User3""]","{""blue_first_relevant_response_after_critical"": null, ""blue_first_relevant_response_after_enterprise"": 6, ""enterprise_foothold_step"": 5, ""first_critical_hit_step"": null, ""window_end"": 84, ""window_start"": 82}"
no_constraint_stage2_4obj,19,stage2_ext_009_obj_1,selected,episode_016,7,7035,12,Q5_repeated_low_value_decoy_loop,medium,DecoySvchost,User3,User,ExploitRemoteService,,[],[],"[""User0"", ""User3""]","[""User0"", ""User3""]","{""blue_first_relevant_response_after_critical"": null, ""blue_first_relevant_response_after_enterprise"": 6, ""enterprise_foothold_step"": 5, ""first_critical_hit_step"": null, ""window_end"": 16, ""window_start"": 7}"
no_constraint_stage2_4obj,19,stage2_ext_009_obj_1,selected,episode_017,1,1036,29,Q4_user_focus_after_enterprise_foothold,medium,Analyse,User0,User,PrivilegeEscalate,User4,[],[],"[""User0"", ""User4""]","[""User0"", ""User4""]","{""blue_first_relevant_response_after_critical"": null, ""blue_first_relevant_response_after_enterprise"": 26, ""enterprise_foothold_step"": 25, ""first_critical_hit_step"": null, ""window_end"": 31, ""window_start"": 29}"
no_constraint_stage2_4obj,19,stage2_ext_009_obj_1,selected,episode_017,1,1036,35,Q4_user_focus_after_enterprise_foothold,medium,Analyse,User0,User,ExploitRemoteService,,[],[],"[""User0"", ""User4""]","[""User0"", ""User4""]","{""blue_first_relevant_response_after_critical"": null, ""blue_first_relevant_response_after_enterprise"": 26, ""enterprise_foothold_step"": 25, ""first_critical_hit_step"": null, ""window_end"": 37, ""window_start"": 35}"
no_constraint_stage2_4obj,19,stage2_ext_009_obj_1,selected,episode_017,2,2036,25,Q4_user_focus_after_enterprise_foothold,medium,Analyse,User1,User,PrivilegeEscalate,User3,[],[],"[""User0"", ""User3""]","[""User0"", ""User3""]","{""blue_first_relevant_response_after_critical"": null, ""blue_first_relevant_response_after_enterprise"": 14, ""enterprise_foothold_step"": 13, ""first_critical_hit_step"": null, ""window_end"": 27, ""window_start"": 25}"
no_constraint_stage2_4obj,19,stage2_ext_009_obj_1,selected,episode_017,2,2036,26,Q4_user_focus_after_enterprise_foothold,medium,Analyse,User2,User,DiscoverNetworkServices,,[],[],"[""User0"", ""User3""]","[""User0"", ""User3""]","{""blue_first_relevant_response_after_critical"": null, ""blue_first_relevant_response_after_enterprise"": 14, ""enterprise_foothold_step"": 13, ""first_critical_hit_step"": null, ""window_end"": 28, ""window_start"": 26}"
no_constraint_stage2_4obj,19,stage2_ext_009_obj_1,selected,episode_017,2,2036,27,Q4_user_focus_after_enterprise_foothold,medium,Analyse,User0,User,ExploitRemoteService,,[],[],"[""User0"", ""User3""]","[""User0"", ""User3""]","{""blue_first_relevant_response_after_critical"": null, ""blue_first_relevant_response_after_enterprise"": 14, ""enterprise_foothold_step"": 13, ""first_critical_hit_step"": null, ""window_end"": 29, ""window_start"": 27}"
no_constraint_stage2_4obj,19,stage2_ext_009_obj_1,selected,episode_017,2,2036,28,Q4_user_focus_after_enterprise_foothold,medium,Analyse,User0,User,ExploitRemoteService,,[],[],"[""User0"", ""User3""]","[""User0"", ""User3""]","{""blue_first_relevant_response_after_critical"": null, ""blue_first_relevant_response_after_enterprise"": 14, ""enterprise_foothold_step"": 13, ""first_critical_hit_step"": null, ""window_end"": 30, ""window_start"": 28}"
no_constraint_stage2_4obj,19,stage2_ext_009_obj_1,selected,episode_017,2,2036,59,Q4_user_focus_after_enterprise_foothold,medium,Analyse,User2,User,PrivilegeEscalate,User3,[],[],"[""User0"", ""User3""]","[""User0"", ""User3""]","{""blue_first_relevant_response_after_critical"": null, ""blue_first_relevant_response_after_enterprise"": 14, ""enterprise_foothold_step"": 13, ""first_critical_hit_step"": null, ""window_end"": 61, ""window_start"": 59}"
no_constraint_stage2_4obj,19,stage2_ext_009_obj_1,selected,episode_017,2,2036,65,Q4_user_focus_after_enterprise_foothold,medium,Analyse,User2,User,ExploitRemoteService,,[],[],"[""User0"", ""User3""]","[""User0"", ""User3""]","{""blue_first_relevant_response_after_critical"": null, ""blue_first_relevant_response_after_enterprise"": 14, ""enterprise_foothold_step"": 13, ""first_critical_hit_step"": null, ""window_end"": 67, ""window_start"": 65}"
no_constraint_stage2_4obj,19,stage2_ext_009_obj_1,selected,episode_017,2,2036,66,Q4_user_focus_after_enterprise_foothold,medium,Analyse,User1,User,ExploitRemoteService,,[],[],"[""User0"", ""User3""]","[""User0"", ""User3""]","{""blue_first_relevant_response_after_critical"": null, ""blue_first_relevant_response_after_enterprise"": 14, ""enterprise_foothold_step"": 13, ""first_critical_hit_step"": null, ""window_end"": 68, ""window_start"": 66}"
no_constraint_stage2_4obj,19,stage2_ext_009_obj_1,selected,episode_017,2,2036,67,Q4_user_focus_after_enterprise_foothold,medium,Analyse,User2,User,PrivilegeEscalate,User3,[],[],"[""User0"", ""User3""]","[""User0"", ""User3""]","{""blue_first_relevant_response_after_critical"": null, ""blue_first_relevant_response_after_enterprise"": 14, ""enterprise_foothold_step"": 13, ""first_critical_hit_step"": null, ""window_end"": 69, ""window_start"": 67}"
no_constraint_stage2_4obj,19,stage2_ext_009_obj_1,selected,episode_017,5,5036,7,Q4_user_focus_after_enterprise_foothold,medium,Analyse,User0,User,ExploitRemoteService,,[],[],"[""User0"", ""User4""]","[""User0"", ""User4""]","{""blue_first_relevant_response_after_critical"": null, ""blue_first_relevant_response_after_enterprise"": 6, ""enterprise_foothold_step"": 5, ""first_critical_hit_step"": null, ""window_end"": 9, ""window_start"": 7}"
no_constraint_stage2_4obj,19,stage2_ext_009_obj_1,selected,episode_017,5,5036,23,Q4_user_focus_after_enterprise_foothold,medium,Analyse,User0,User,PrivilegeEscalate,User4,[],[],"[""User0"", ""User4""]","[""User0"", ""User4""]","{""blue_first_relevant_response_after_critical"": null, ""blue_first_relevant_response_after_enterprise"": 6, ""enterprise_foothold_step"": 5, ""first_critical_hit_step"": null, ""window_end"": 25, ""window_start"": 23}"
no_constraint_stage2_4obj,19,stage2_ext_009_obj_1,selected,episode_017,5,5036,24,Q4_user_focus_after_enterprise_foothold,medium,Analyse,User0,User,DiscoverNetworkServices,,[],[],"[""User0"", ""User4""]","[""User0"", ""User4""]","{""blue_first_relevant_response_after_critical"": null, ""blue_first_relevant_response_after_enterprise"": 6, ""enterprise_foothold_step"": 5, ""first_critical_hit_step"": null, ""window_end"": 26, ""window_start"": 24}"
no_constraint_stage2_4obj,19,stage2_ext_009_obj_1,selected,episode_017,5,5036,25,Q4_user_focus_after_enterprise_foothold,medium,Analyse,User2,User,ExploitRemoteService,,[],[],"[""User0"", ""User4""]","[""User0"", ""User4""]","{""blue_first_relevant_response_after_critical"": null, ""blue_first_relevant_response_after_enterprise"": 6, ""enterprise_foothold_step"": 5, ""first_critical_hit_step"": null, ""window_end"": 27, ""window_start"": 25}"
no_constraint_stage2_4obj,19,stage2_ext_009_obj_1,selected,episode_017,5,5036,26,Q4_user_focus_after_enterprise_foothold,medium,DecoySvchost,User3,User,ExploitRemoteService,,[],[],"[""User0"", ""User4""]","[""User0"", ""User4""]","{""blue_first_relevant_response_after_critical"": null, ""blue_first_relevant_response_after_enterprise"": 6, ""enterprise_foothold_step"": 5, ""first_critical_hit_step"": null, ""window_end"": 28, ""window_start"": 26}"
no_constraint_stage2_4obj,19,stage2_ext_009_obj_1,selected,episode_017,5,5036,27,Q4_user_focus_after_enterprise_foothold,medium,Analyse,User2,User,PrivilegeEscalate,User4,[],[],"[""User0"", ""User4""]","[""User0"", ""User4""]","{""blue_first_relevant_response_after_critical"": null, ""blue_first_relevant_response_after_enterprise"": 6, ""enterprise_foothold_step"": 5, ""first_critical_hit_step"": null, ""window_end"": 29, ""window_start"": 27}"
no_constraint_stage2_4obj,19,stage2_ext_009_obj_1,selected,episode_017,5,5036,36,Q4_user_focus_after_enterprise_foothold,medium,Analyse,User0,User,DiscoverNetworkServices,,[],[],"[""User0"", ""User4""]","[""User0"", ""User4""]","{""blue_first_relevant_response_after_critical"": null, ""blue_first_relevant_response_after_enterprise"": 6, ""enterprise_foothold_step"": 5, ""first_critical_hit_step"": null, ""window_end"": 38, ""window_start"": 36}"
no_constraint_stage2_4obj,19,stage2_ext_009_obj_1,selected,episode_017,5,5036,37,Q4_user_focus_after_enterprise_foothold,medium,Analyse,User2,User,ExploitRemoteService,,[],[],"[""User0"", ""User4""]","[""User0"", ""User4""]","{""blue_first_relevant_response_after_critical"": null, ""blue_first_relevant_response_after_enterprise"": 6, ""enterprise_foothold_step"": 5, ""first_critical_hit_step"": null, ""window_end"": 39, ""window_start"": 37}"
no_constraint_stage2_4obj,19,stage2_ext_009_obj_1,selected,episode_017,5,5036,38,Q4_user_focus_after_enterprise_foothold,medium,DecoyVsftpd,User3,User,ExploitRemoteService,,[],[],"[""User0"", ""User4""]","[""User0"", ""User4""]","{""blue_first_relevant_response_after_critical"": null, ""blue_first_relevant_response_after_enterprise"": 6, ""enterprise_foothold_step"": 5, ""first_critical_hit_step"": null, ""window_end"": 40, ""window_start"": 38}"
no_constraint_stage2_4obj,19,stage2_ext_009_obj_1,selected,episode_017,5,5036,39,Q4_user_focus_after_enterprise_foothold,medium,Analyse,User2,User,PrivilegeEscalate,User4,[],[],"[""User0"", ""User4""]","[""User0"", ""User4""]","{""blue_first_relevant_response_after_critical"": null, ""blue_first_relevant_response_after_enterprise"": 6, ""enterprise_foothold_step"": 5, ""first_critical_hit_step"": null, ""window_end"": 41, ""window_start"": 39}"
no_constraint_stage2_4obj,19,stage2_ext_009_obj_1,selected,episode_017,5,5036,46,Q4_user_focus_after_enterprise_foothold,medium,Remove,User2,User,ExploitRemoteService,,[],[],"[""User0"", ""User4""]","[""User0"", ""User4""]","{""blue_first_relevant_response_after_critical"": null, ""blue_first_relevant_response_after_enterprise"": 6, ""enterprise_foothold_step"": 5, ""first_critical_hit_step"": null, ""window_end"": 48, ""window_start"": 46}"
no_constraint_stage2_4obj,19,stage2_ext_009_obj_1,selected,episode_017,5,5036,47,Q4_user_focus_after_enterprise_foothold,medium,Analyse,User0,User,PrivilegeEscalate,User4,[],[],"[""User0"", ""User4""]","[""User0"", ""User4""]","{""blue_first_relevant_response_after_critical"": null, ""blue_first_relevant_response_after_enterprise"": 6, ""enterprise_foothold_step"": 5, ""first_critical_hit_step"": null, ""window_end"": 49, ""window_start"": 47}"
no_constraint_stage2_4obj,19,stage2_ext_009_obj_1,selected,episode_017,5,5036,74,Q4_user_focus_after_enterprise_foothold,medium,DecoyHarakaSMPT,User4,User,ExploitRemoteService,,[],[],"[""User0"", ""User4""]","[""User0"", ""User4""]","{""blue_first_relevant_response_after_critical"": null, ""blue_first_relevant_response_after_enterprise"": 6, ""enterprise_foothold_step"": 5, ""first_critical_hit_step"": null, ""window_end"": 76, ""window_start"": 74}"
no_constraint_stage2_4obj,19,stage2_ext_009_obj_1,selected,episode_017,5,5036,96,Q4_user_focus_after_enterprise_foothold,medium,Analyse,User1,User,ExploitRemoteService,,[],[],"[""User0"", ""User4""]","[""User0"", ""User4""]","{""blue_first_relevant_response_after_critical"": null, ""blue_first_relevant_response_after_enterprise"": 6, ""enterprise_foothold_step"": 5, ""first_critical_hit_step"": null, ""window_end"": 98, ""window_start"": 96}"
no_constraint_stage2_4obj,19,stage2_ext_009_obj_1,selected,episode_017,5,5036,97,Q4_user_focus_after_enterprise_foothold,medium,Analyse,User0,User,PrivilegeEscalate,User4,[],[],"[""User0"", ""User4""]","[""User0"", ""User4""]","{""blue_first_relevant_response_after_critical"": null, ""blue_first_relevant_response_after_enterprise"": 6, ""enterprise_foothold_step"": 5, ""first_critical_hit_step"": null, ""window_end"": 99, ""window_start"": 97}"
no_constraint_stage2_4obj,19,stage2_ext_009_obj_1,selected,episode_017,7,7036,12,Q4_user_focus_after_enterprise_foothold,medium,DecoySvchost,User3,User,ExploitRemoteService,,[],[],"[""User0"", ""User4""]","[""User0"", ""User4""]","{""blue_first_relevant_response_after_critical"": null, ""blue_first_relevant_response_after_enterprise"": 6, ""enterprise_foothold_step"": 5, ""first_critical_hit_step"": null, ""window_end"": 14, ""window_start"": 12}"
no_constraint_stage2_4obj,19,stage2_ext_009_obj_1,selected,episode_017,7,7036,13,Q4_user_focus_after_enterprise_foothold,medium,Analyse,User2,User,PrivilegeEscalate,User4,[],[],"[""User0"", ""User4""]","[""User0"", ""User4""]","{""blue_first_relevant_response_after_critical"": null, ""blue_first_relevant_response_after_enterprise"": 6, ""enterprise_foothold_step"": 5, ""first_critical_hit_step"": null, ""window_end"": 15, ""window_start"": 13}"
no_constraint_stage2_4obj,19,stage2_ext_009_obj_1,selected,episode_017,7,7036,14,Q4_user_focus_after_enterprise_foothold,medium,DecoySvchost,User3,User,DiscoverNetworkServices,,[],[],"[""User0"", ""User4""]","[""User0"", ""User4""]","{""blue_first_relevant_response_after_critical"": null, ""blue_first_relevant_response_after_enterprise"": 6, ""enterprise_foothold_step"": 5, ""first_critical_hit_step"": null, ""window_end"": 16, ""window_start"": 14}"
no_constraint_stage2_4obj,19,stage2_ext_009_obj_1,selected,episode_017,7,7036,18,Q4_user_focus_after_enterprise_foothold,medium,Analyse,User2,User,DiscoverNetworkServices,,[],[],"[""User0"", ""User4""]","[""User0"", ""User4""]","{""blue_first_relevant_response_after_critical"": null, ""blue_first_relevant_response_after_enterprise"": 6, ""enterprise_foothold_step"": 5, ""first_critical_hit_step"": null, ""window_end"": 20, ""window_start"": 18}"
no_constraint_stage2_4obj,19,stage2_ext_009_obj_1,selected,episode_017,7,7036,43,Q4_user_focus_after_enterprise_foothold,medium,Analyse,User2,User,ExploitRemoteService,,[],[],"[""User0"", ""User4""]","[""User0"", ""User4""]","{""blue_first_relevant_response_after_critical"": null, ""blue_first_relevant_response_after_enterprise"": 6, ""enterprise_foothold_step"": 5, ""first_critical_hit_step"": null, ""window_end"": 45, ""window_start"": 43}"
no_constraint_stage2_4obj,19,stage2_ext_009_obj_1,selected,episode_017,7,7036,44,Q4_user_focus_after_enterprise_foothold,medium,Analyse,User2,User,ExploitRemoteService,,[],[],"[""User0"", ""User4""]","[""User0"", ""User4""]","{""blue_first_relevant_response_after_critical"": null, ""blue_first_relevant_response_after_enterprise"": 6, ""enterprise_foothold_step"": 5, ""first_critical_hit_step"": null, ""window_end"": 46, ""window_start"": 44}"
no_constraint_stage2_4obj,19,stage2_ext_009_obj_1,selected,episode_017,7,7036,48,Q4_user_focus_after_enterprise_foothold,medium,Analyse,User0,User,ExploitRemoteService,,[],[],"[""User0"", ""User4""]","[""User0"", ""User4""]","{""blue_first_relevant_response_after_critical"": null, ""blue_first_relevant_response_after_enterprise"": 6, ""enterprise_foothold_step"": 5, ""first_critical_hit_step"": null, ""window_end"": 50, ""window_start"": 48}"
no_constraint_stage2_4obj,19,stage2_ext_009_obj_1,selected,episode_017,7,7036,93,Q4_user_focus_after_enterprise_foothold,medium,Analyse,User2,User,PrivilegeEscalate,User4,[],[],"[""User0"", ""User4""]","[""User0"", ""User4""]","{""blue_first_relevant_response_after_critical"": null, ""blue_first_relevant_response_after_enterprise"": 6, ""enterprise_foothold_step"": 5, ""first_critical_hit_step"": null, ""window_end"": 95, ""window_start"": 93}"
no_constraint_stage2_4obj,19,stage2_ext_009_obj_1,selected,episode_017,7,7036,94,Q4_user_focus_after_enterprise_foothold,medium,Analyse,User3,User,DiscoverNetworkServices,,[],[],"[""User0"", ""User4""]","[""User0"", ""User4""]","{""blue_first_relevant_response_after_critical"": null, ""blue_first_relevant_response_after_enterprise"": 6, ""enterprise_foothold_step"": 5, ""first_critical_hit_step"": null, ""window_end"": 96, ""window_start"": 94}"
no_constraint_stage2_4obj,19,stage2_ext_009_obj_1,selected,episode_018,0,37,64,Q4_user_focus_after_enterprise_foothold,medium,Analyse,User0,User,ExploitRemoteService,,[],[],"[""User0"", ""User4""]","[""User0"", ""User4""]","{""blue_first_relevant_response_after_critical"": null, ""blue_first_relevant_response_after_enterprise"": 50, ""enterprise_foothold_step"": 49, ""first_critical_hit_step"": null, ""window_end"": 66, ""window_start"": 64}"
no_constraint_stage2_4obj,19,stage2_ext_009_obj_1,selected,episode_018,0,37,65,Q4_user_focus_after_enterprise_foothold,medium,Analyse,User0,User,PrivilegeEscalate,User4,[],[],"[""User0"", ""User4""]","[""User0"", ""User4""]","{""blue_first_relevant_response_after_critical"": null, ""blue_first_relevant_response_after_enterprise"": 50, ""enterprise_foothold_step"": 49, ""first_critical_hit_step"": null, ""window_end"": 67, ""window_start"": 65}"
no_constraint_stage2_4obj,19,stage2_ext_009_obj_1,selected,episode_018,0,37,72,Q4_user_focus_after_enterprise_foothold,medium,Analyse,User0,User,ExploitRemoteService,,[],[],"[""User0"", ""User4""]","[""User0"", ""User4""]","{""blue_first_relevant_response_after_critical"": null, ""blue_first_relevant_response_after_enterprise"": 50, ""enterprise_foothold_step"": 49, ""first_critical_hit_step"": null, ""window_end"": 74, ""window_start"": 72}"
no_constraint_stage2_4obj,19,stage2_ext_009_obj_1,selected,episode_018,0,37,76,Q4_user_focus_after_enterprise_foothold,medium,Analyse,User2,User,ExploitRemoteService,,[],[],"[""User0"", ""User4""]","[""User0"", ""User4""]","{""blue_first_relevant_response_after_critical"": null, ""blue_first_relevant_response_after_enterprise"": 50, ""enterprise_foothold_step"": 49, ""first_critical_hit_step"": null, ""window_end"": 78, ""window_start"": 76}"
no_constraint_stage2_4obj,19,stage2_ext_009_obj_1,selected,episode_018,0,37,80,Q4_user_focus_after_enterprise_foothold,medium,Analyse,User2,User,ExploitRemoteService,,[],[],"[""User0"", ""User4""]","[""User0"", ""User4""]","{""blue_first_relevant_response_after_critical"": null, ""blue_first_relevant_response_after_enterprise"": 50, ""enterprise_foothold_step"": 49, ""first_critical_hit_step"": null, ""window_end"": 82, ""window_start"": 80}"
no_constraint_stage2_4obj,19,stage2_ext_009_obj_1,selected,episode_018,0,37,86,Q4_user_focus_after_enterprise_foothold,medium,DecoySvchost,User3,User,DiscoverNetworkServices,,[],[],"[""User0"", ""User4""]","[""User0"", ""User4""]","{""blue_first_relevant_response_after_critical"": null, ""blue_first_relevant_response_after_enterprise"": 50, ""enterprise_foothold_step"": 49, ""first_critical_hit_step"": null, ""window_end"": 88, ""window_start"": 86}"
no_constraint_stage2_4obj,19,stage2_ext_009_obj_1,selected,episode_018,0,37,95,Q4_user_focus_after_enterprise_foothold,medium,DecoySvchost,User3,User,PrivilegeEscalate,User4,[],[],"[""User0"", ""User4""]","[""User0"", ""User4""]","{""blue_first_relevant_response_after_critical"": null, ""blue_first_relevant_response_after_enterprise"": 50, ""enterprise_foothold_step"": 49, ""first_critical_hit_step"": null, ""window_end"": 97, ""window_start"": 95}"
no_constraint_stage2_4obj,19,stage2_ext_009_obj_1,selected,episode_018,0,37,96,Q4_user_focus_after_enterprise_foothold,medium,DecoySmss,User0,User,DiscoverNetworkServices,,[],[],"[""User0"", ""User4""]","[""User0"", ""User4""]","{""blue_first_relevant_response_after_critical"": null, ""blue_first_relevant_response_after_enterprise"": 50, ""enterprise_foothold_step"": 49, ""first_critical_hit_step"": null, ""window_end"": 98, ""window_start"": 96}"
no_constraint_stage2_4obj,19,stage2_ext_009_obj_1,selected,episode_018,0,37,86,Q5_repeated_low_value_decoy_loop,medium,DecoySvchost,User3,User,DiscoverNetworkServices,,[],[],"[""User0"", ""User4""]","[""User0"", ""User4""]","{""blue_first_relevant_response_after_critical"": null, ""blue_first_relevant_response_after_enterprise"": 50, ""enterprise_foothold_step"": 49, ""first_critical_hit_step"": null, ""window_end"": 95, ""window_start"": 86}"
no_constraint_stage2_4obj,19,stage2_ext_009_obj_1,selected,episode_018,2,2037,8,Q4_user_focus_after_enterprise_foothold,medium,Analyse,User2,User,ExploitRemoteService,,[],[],"[""User0"", ""User3""]","[""User0"", ""User3""]","{""blue_first_relevant_response_after_critical"": null, ""blue_first_relevant_response_after_enterprise"": 6, ""enterprise_foothold_step"": 5, ""first_critical_hit_step"": null, ""window_end"": 10, ""window_start"": 8}"
no_constraint_stage2_4obj,19,stage2_ext_009_obj_1,selected,episode_018,2,2037,9,Q4_user_focus_after_enterprise_foothold,medium,Analyse,User2,User,PrivilegeEscalate,User3,[],[],"[""User0"", ""User3""]","[""User0"", ""User3""]","{""blue_first_relevant_response_after_critical"": null, ""blue_first_relevant_response_after_enterprise"": 6, ""enterprise_foothold_step"": 5, ""first_critical_hit_step"": null, ""window_end"": 11, ""window_start"": 9}"
no_constraint_stage2_4obj,19,stage2_ext_009_obj_1,selected,episode_018,2,2037,13,Q4_user_focus_after_enterprise_foothold,medium,Analyse,User0,User,ExploitRemoteService,,[],[],"[""User0"", ""User3""]","[""User0"", ""User3""]","{""blue_first_relevant_response_after_critical"": null, ""blue_first_relevant_response_after_enterprise"": 6, ""enterprise_foothold_step"": 5, ""first_critical_hit_step"": null, ""window_end"": 15, ""window_start"": 13}"
no_constraint_stage2_4obj,19,stage2_ext_009_obj_1,selected,episode_018,2,2037,14,Q4_user_focus_after_enterprise_foothold,medium,Analyse,User2,User,ExploitRemoteService,,[],[],"[""User0"", ""User3""]","[""User0"", ""User3""]","{""blue_first_relevant_response_after_critical"": null, ""blue_first_relevant_response_after_enterprise"": 6, ""enterprise_foothold_step"": 5, ""first_critical_hit_step"": null, ""window_end"": 16, ""window_start"": 14}"
no_constraint_stage2_4obj,19,stage2_ext_009_obj_1,selected,episode_018,3,3037,13,Q4_user_focus_after_enterprise_foothold,medium,Analyse,User0,User,ExploitRemoteService,,[],[],"[""User0"", ""User3""]","[""User0"", ""User3""]","{""blue_first_relevant_response_after_critical"": null, ""blue_first_relevant_response_after_enterprise"": 6, ""enterprise_foothold_step"": 5, ""first_critical_hit_step"": null, ""window_end"": 15, ""window_start"": 13}"
no_constraint_stage2_4obj,19,stage2_ext_009_obj_1,selected,episode_018,3,3037,17,Q4_user_focus_after_enterprise_foothold,medium,Analyse,User0,User,ExploitRemoteService,,[],[],"[""User0"", ""User3""]","[""User0"", ""User3""]","{""blue_first_relevant_response_after_critical"": null, ""blue_first_relevant_response_after_enterprise"": 6, ""enterprise_foothold_step"": 5, ""first_critical_hit_step"": null, ""window_end"": 19, ""window_start"": 17}"
no_constraint_stage2_4obj,19,stage2_ext_009_obj_1,selected,episode_018,3,3037,23,Q4_user_focus_after_enterprise_foothold,medium,Analyse,User0,User,PrivilegeEscalate,User3,[],[],"[""User0"", ""User3""]","[""User0"", ""User3""]","{""blue_first_relevant_response_after_critical"": null, ""blue_first_relevant_response_after_enterprise"": 6, ""enterprise_foothold_step"": 5, ""first_critical_hit_step"": null, ""window_end"": 25, ""window_start"": 23}"
no_constraint_stage2_4obj,19,stage2_ext_009_obj_1,selected,episode_018,3,3037,24,Q4_user_focus_after_enterprise_foothold,medium,Analyse,User2,User,DiscoverNetworkServices,,[],[],"[""User0"", ""User3""]","[""User0"", ""User3""]","{""blue_first_relevant_response_after_critical"": null, ""blue_first_relevant_response_after_enterprise"": 6, ""enterprise_foothold_step"": 5, ""first_critical_hit_step"": null, ""window_end"": 26, ""window_start"": 24}"
no_constraint_stage2_4obj,19,stage2_ext_009_obj_1,selected,episode_018,3,3037,25,Q4_user_focus_after_enterprise_foothold,medium,Analyse,User0,User,ExploitRemoteService,,[],[],"[""User0"", ""User3""]","[""User0"", ""User3""]","{""blue_first_relevant_response_after_critical"": null, ""blue_first_relevant_response_after_enterprise"": 6, ""enterprise_foothold_step"": 5, ""first_critical_hit_step"": null, ""window_end"": 27, ""window_start"": 25}"
no_constraint_stage2_4obj,19,stage2_ext_009_obj_1,selected,episode_018,3,3037,26,Q4_user_focus_after_enterprise_foothold,medium,DecoySvchost,User3,User,ExploitRemoteService,,[],[],"[""User0"", ""User3""]","[""User0"", ""User3""]","{""blue_first_relevant_response_after_critical"": null, ""blue_first_relevant_response_after_enterprise"": 6, ""enterprise_foothold_step"": 5, ""first_critical_hit_step"": null, ""window_end"": 28, ""window_start"": 26}"
no_constraint_stage2_4obj,19,stage2_ext_009_obj_1,selected,episode_018,3,3037,27,Q4_user_focus_after_enterprise_foothold,medium,Analyse,User2,User,PrivilegeEscalate,User3,[],[],"[""User0"", ""User3""]","[""User0"", ""User3""]","{""blue_first_relevant_response_after_critical"": null, ""blue_first_relevant_response_after_enterprise"": 6, ""enterprise_foothold_step"": 5, ""first_critical_hit_step"": null, ""window_end"": 29, ""window_start"": 27}"
no_constraint_stage2_4obj,19,stage2_ext_009_obj_1,selected,episode_018,3,3037,71,Q4_user_focus_after_enterprise_foothold,medium,Analyse,User0,User,PrivilegeEscalate,User3,[],[],"[""User0"", ""User3""]","[""User0"", ""User3""]","{""blue_first_relevant_response_after_critical"": null, ""blue_first_relevant_response_after_enterprise"": 6, ""enterprise_foothold_step"": 5, ""first_critical_hit_step"": null, ""window_end"": 73, ""window_start"": 71}"
no_constraint_stage2_4obj,19,stage2_ext_009_obj_1,selected,episode_018,3,3037,75,Q4_user_focus_after_enterprise_foothold,medium,Analyse,User0,User,PrivilegeEscalate,User3,[],[],"[""User0"", ""User3""]","[""User0"", ""User3""]","{""blue_first_relevant_response_after_critical"": null, ""blue_first_relevant_response_after_enterprise"": 6, ""enterprise_foothold_step"": 5, ""first_critical_hit_step"": null, ""window_end"": 77, ""window_start"": 75}"
no_constraint_stage2_4obj,19,stage2_ext_009_obj_1,selected,episode_018,3,3037,76,Q4_user_focus_after_enterprise_foothold,medium,Analyse,User0,User,DiscoverNetworkServices,,[],[],"[""User0"", ""User3""]","[""User0"", ""User3""]","{""blue_first_relevant_response_after_critical"": null, ""blue_first_relevant_response_after_enterprise"": 6, ""enterprise_foothold_step"": 5, ""first_critical_hit_step"": null, ""window_end"": 78, ""window_start"": 76}"
no_constraint_stage2_4obj,19,stage2_ext_009_obj_1,selected,episode_018,3,3037,77,Q4_user_focus_after_enterprise_foothold,medium,Analyse,User0,User,ExploitRemoteService,,[],[],"[""User0"", ""User3""]","[""User0"", ""User3""]","{""blue_first_relevant_response_after_critical"": null, ""blue_first_relevant_response_after_enterprise"": 6, ""enterprise_foothold_step"": 5, ""first_critical_hit_step"": null, ""window_end"": 79, ""window_start"": 77}"
no_constraint_stage2_4obj,19,stage2_ext_009_obj_1,selected,episode_018,3,3037,87,Q4_user_focus_after_enterprise_foothold,medium,Analyse,User0,User,PrivilegeEscalate,User3,[],[],"[""User0"", ""User3""]","[""User0"", ""User3""]","{""blue_first_relevant_response_after_critical"": null, ""blue_first_relevant_response_after_enterprise"": 6, ""enterprise_foothold_step"": 5, ""first_critical_hit_step"": null, ""window_end"": 89, ""window_start"": 87}"
no_constraint_stage2_4obj,19,stage2_ext_009_obj_1,selected,episode_018,3,3037,88,Q4_user_focus_after_enterprise_foothold,medium,Analyse,User0,User,DiscoverNetworkServices,,[],[],"[""User0"", ""User3""]","[""User0"", ""User3""]","{""blue_first_relevant_response_after_critical"": null, ""blue_first_relevant_response_after_enterprise"": 6, ""enterprise_foothold_step"": 5, ""first_critical_hit_step"": null, ""window_end"": 90, ""window_start"": 88}"
no_constraint_stage2_4obj,19,stage2_ext_009_obj_1,selected,episode_018,3,3037,89,Q4_user_focus_after_enterprise_foothold,medium,Analyse,User2,User,ExploitRemoteService,,[],[],"[""User0"", ""User3""]","[""User0"", ""User3""]","{""blue_first_relevant_response_after_critical"": null, ""blue_first_relevant_response_after_enterprise"": 6, ""enterprise_foothold_step"": 5, ""first_critical_hit_step"": null, ""window_end"": 91, ""window_start"": 89}"
no_constraint_stage2_4obj,19,stage2_ext_009_obj_1,selected,episode_018,3,3037,90,Q4_user_focus_after_enterprise_foothold,medium,Remove,User2,User,ExploitRemoteService,,[],[],"[""User0"", ""User3""]","[""User0"", ""User3""]","{""blue_first_relevant_response_after_critical"": null, ""blue_first_relevant_response_after_enterprise"": 6, ""enterprise_foothold_step"": 5, ""first_critical_hit_step"": null, ""window_end"": 92, ""window_start"": 90}"
no_constraint_stage2_4obj,19,stage2_ext_009_obj_1,selected,episode_018,3,3037,14,Q5_repeated_low_value_decoy_loop,medium,DecoySvchost,User3,User,ExploitRemoteService,,[],[],"[""User0"", ""User3""]","[""User0"", ""User3""]","{""blue_first_relevant_response_after_critical"": null, ""blue_first_relevant_response_after_enterprise"": 6, ""enterprise_foothold_step"": 5, ""first_critical_hit_step"": null, ""window_end"": 21, ""window_start"": 12}"
no_constraint_stage2_4obj,19,stage2_ext_009_obj_1,selected,episode_018,4,4037,13,Q4_user_focus_after_enterprise_foothold,medium,Remove,User2,User,PrivilegeEscalate,User4,[],[],"[""User0"", ""User4""]","[""User0"", ""User4""]","{""blue_first_relevant_response_after_critical"": null, ""blue_first_relevant_response_after_enterprise"": 10, ""enterprise_foothold_step"": 9, ""first_critical_hit_step"": null, ""window_end"": 15, ""window_start"": 13}"
no_constraint_stage2_4obj,19,stage2_ext_009_obj_1,selected,episode_018,6,6037,20,Q4_user_focus_after_enterprise_foothold,medium,Remove,User2,User,ExploitRemoteService,,[],[],"[""User0"", ""User4""]","[""User0"", ""User4""]","{""blue_first_relevant_response_after_critical"": null, ""blue_first_relevant_response_after_enterprise"": 10, ""enterprise_foothold_step"": 9, ""first_critical_hit_step"": null, ""window_end"": 22, ""window_start"": 20}"
no_constraint_stage2_4obj,19,stage2_ext_009_obj_1,selected,episode_018,6,6037,32,Q4_user_focus_after_enterprise_foothold,medium,Analyse,User2,User,ExploitRemoteService,,[],[],"[""User0"", ""User4""]","[""User0"", ""User4""]","{""blue_first_relevant_response_after_critical"": null, ""blue_first_relevant_response_after_enterprise"": 10, ""enterprise_foothold_step"": 9, ""first_critical_hit_step"": null, ""window_end"": 34, ""window_start"": 32}"
no_constraint_stage2_4obj,19,stage2_ext_009_obj_1,selected,episode_018,6,6037,33,Q4_user_focus_after_enterprise_foothold,medium,Analyse,User0,User,PrivilegeEscalate,User4,[],[],"[""User0"", ""User4""]","[""User0"", ""User4""]","{""blue_first_relevant_response_after_critical"": null, ""blue_first_relevant_response_after_enterprise"": 10, ""enterprise_foothold_step"": 9, ""first_critical_hit_step"": null, ""window_end"": 35, ""window_start"": 33}"
no_constraint_stage2_4obj,19,stage2_ext_009_obj_1,selected,episode_018,6,6037,40,Q4_user_focus_after_enterprise_foothold,medium,Analyse,User0,User,ExploitRemoteService,,[],[],"[""User0"", ""User4""]","[""User0"", ""User4""]","{""blue_first_relevant_response_after_critical"": null, ""blue_first_relevant_response_after_enterprise"": 10, ""enterprise_foothold_step"": 9, ""first_critical_hit_step"": null, ""window_end"": 42, ""window_start"": 40}"
no_constraint_stage2_4obj,19,stage2_ext_009_obj_1,selected,episode_018,6,6037,41,Q4_user_focus_after_enterprise_foothold,medium,Analyse,User2,User,PrivilegeEscalate,User4,[],[],"[""User0"", ""User4""]","[""User0"", ""User4""]","{""blue_first_relevant_response_after_critical"": null, ""blue_first_relevant_response_after_enterprise"": 10, ""enterprise_foothold_step"": 9, ""first_critical_hit_step"": null, ""window_end"": 43, ""window_start"": 41}"
no_constraint_stage2_4obj,19,stage2_ext_009_obj_1,selected,episode_018,6,6037,59,Q4_user_focus_after_enterprise_foothold,medium,DecoySvchost,User3,User,PrivilegeEscalate,User4,[],[],"[""User0"", ""User4""]","[""User0"", ""User4""]","{""blue_first_relevant_response_after_critical"": null, ""blue_first_relevant_response_after_enterprise"": 10, ""enterprise_foothold_step"": 9, ""first_critical_hit_step"": null, ""window_end"": 61, ""window_start"": 59}"
no_constraint_stage2_4obj,19,stage2_ext_009_obj_1,selected,episode_018,6,6037,69,Q4_user_focus_after_enterprise_foothold,medium,Analyse,User2,User,ExploitRemoteService,,[],[],"[""User0"", ""User4""]","[""User0"", ""User4""]","{""blue_first_relevant_response_after_critical"": null, ""blue_first_relevant_response_after_enterprise"": 10, ""enterprise_foothold_step"": 9, ""first_critical_hit_step"": null, ""window_end"": 71, ""window_start"": 69}"
no_constraint_stage2_4obj,19,stage2_ext_009_obj_1,selected,episode_018,6,6037,70,Q4_user_focus_after_enterprise_foothold,medium,Analyse,User0,User,ExploitRemoteService,,[],[],"[""User0"", ""User4""]","[""User0"", ""User4""]","{""blue_first_relevant_response_after_critical"": null, ""blue_first_relevant_response_after_enterprise"": 10, ""enterprise_foothold_step"": 9, ""first_critical_hit_step"": null, ""window_end"": 72, ""window_start"": 70}"
no_constraint_stage2_4obj,19,stage2_ext_009_obj_1,selected,episode_018,6,6037,71,Q4_user_focus_after_enterprise_foothold,medium,Analyse,User0,User,PrivilegeEscalate,User4,[],[],"[""User0"", ""User4""]","[""User0"", ""User4""]","{""blue_first_relevant_response_after_critical"": null, ""blue_first_relevant_response_after_enterprise"": 10, ""enterprise_foothold_step"": 9, ""first_critical_hit_step"": null, ""window_end"": 73, ""window_start"": 71}"
no_constraint_stage2_4obj,19,stage2_ext_009_obj_1,selected,episode_018,6,6037,72,Q4_user_focus_after_enterprise_foothold,medium,Analyse,User2,User,DiscoverNetworkServices,,[],[],"[""User0"", ""User4""]","[""User0"", ""User4""]","{""blue_first_relevant_response_after_critical"": null, ""blue_first_relevant_response_after_enterprise"": 10, ""enterprise_foothold_step"": 9, ""first_critical_hit_step"": null, ""window_end"": 74, ""window_start"": 72}"
no_constraint_stage2_4obj,19,stage2_ext_009_obj_1,selected,episode_018,6,6037,73,Q4_user_focus_after_enterprise_foothold,medium,Analyse,User0,User,ExploitRemoteService,,[],[],"[""User0"", ""User4""]","[""User0"", ""User4""]","{""blue_first_relevant_response_after_critical"": null, ""blue_first_relevant_response_after_enterprise"": 10, ""enterprise_foothold_step"": 9, ""first_critical_hit_step"": null, ""window_end"": 75, ""window_start"": 73}"
no_constraint_stage2_4obj,19,stage2_ext_009_obj_1,selected,episode_018,6,6037,74,Q4_user_focus_after_enterprise_foothold,medium,Analyse,User0,User,ExploitRemoteService,,[],[],"[""User0"", ""User4""]","[""User0"", ""User4""]","{""blue_first_relevant_response_after_critical"": null, ""blue_first_relevant_response_after_enterprise"": 10, ""enterprise_foothold_step"": 9, ""first_critical_hit_step"": null, ""window_end"": 76, ""window_start"": 74}"
no_constraint_stage2_4obj,19,stage2_ext_009_obj_1,selected,episode_018,6,6037,75,Q4_user_focus_after_enterprise_foothold,medium,Analyse,User2,User,PrivilegeEscalate,User4,[],[],"[""User0"", ""User4""]","[""User0"", ""User4""]","{""blue_first_relevant_response_after_critical"": null, ""blue_first_relevant_response_after_enterprise"": 10, ""enterprise_foothold_step"": 9, ""first_critical_hit_step"": null, ""window_end"": 77, ""window_start"": 75}"
no_constraint_stage2_4obj,19,stage2_ext_009_obj_1,selected,episode_018,6,6037,85,Q4_user_focus_after_enterprise_foothold,medium,Analyse,User2,User,ExploitRemoteService,,[],[],"[""User0"", ""User4""]","[""User0"", ""User4""]","{""blue_first_relevant_response_after_critical"": null, ""blue_first_relevant_response_after_enterprise"": 10, ""enterprise_foothold_step"": 9, ""first_critical_hit_step"": null, ""window_end"": 87, ""window_start"": 85}"
no_constraint_stage2_4obj,19,stage2_ext_009_obj_1,selected,episode_018,6,6037,86,Q4_user_focus_after_enterprise_foothold,medium,Analyse,User0,User,ExploitRemoteService,,[],[],"[""User0"", ""User4""]","[""User0"", ""User4""]","{""blue_first_relevant_response_after_critical"": null, ""blue_first_relevant_response_after_enterprise"": 10, ""enterprise_foothold_step"": 9, ""first_critical_hit_step"": null, ""window_end"": 88, ""window_start"": 86}"
no_constraint_stage2_4obj,19,stage2_ext_009_obj_1,selected,episode_018,6,6037,94,Q4_user_focus_after_enterprise_foothold,medium,DecoySvchost,User3,User,DiscoverNetworkServices,,[],[],"[""User0"", ""User4""]","[""User0"", ""User4""]","{""blue_first_relevant_response_after_critical"": null, ""blue_first_relevant_response_after_enterprise"": 10, ""enterprise_foothold_step"": 9, ""first_critical_hit_step"": null, ""window_end"": 96, ""window_start"": 94}"
no_constraint_stage2_4obj,19,stage2_ext_009_obj_1,selected,episode_018,6,6037,95,Q4_user_focus_after_enterprise_foothold,medium,Analyse,User0,User,ExploitRemoteService,,[],[],"[""User0"", ""User4""]","[""User0"", ""User4""]","{""blue_first_relevant_response_after_critical"": null, ""blue_first_relevant_response_after_enterprise"": 10, ""enterprise_foothold_step"": 9, ""first_critical_hit_step"": null, ""window_end"": 97, ""window_start"": 95}"
no_constraint_stage2_4obj,19,stage2_ext_009_obj_1,selected,episode_018,6,6037,96,Q4_user_focus_after_enterprise_foothold,medium,Analyse,User0,User,ExploitRemoteService,,[],[],"[""User0"", ""User4""]","[""User0"", ""User4""]","{""blue_first_relevant_response_after_critical"": null, ""blue_first_relevant_response_after_enterprise"": 10, ""enterprise_foothold_step"": 9, ""first_critical_hit_step"": null, ""window_end"": 98, ""window_start"": 96}"
no_constraint_stage2_4obj,19,stage2_ext_009_obj_1,selected,episode_018,6,6037,97,Q4_user_focus_after_enterprise_foothold,medium,Analyse,User2,User,PrivilegeEscalate,User4,[],[],"[""User0"", ""User4""]","[""User0"", ""User4""]","{""blue_first_relevant_response_after_critical"": null, ""blue_first_relevant_response_after_enterprise"": 10, ""enterprise_foothold_step"": 9, ""first_critical_hit_step"": null, ""window_end"": 99, ""window_start"": 97}"
no_constraint_stage2_4obj,19,stage2_ext_009_obj_1,selected,episode_018,6,6037,55,Q5_repeated_low_value_decoy_loop,medium,DecoySvchost,User3,User,PrivilegeEscalate,User4,[],[],"[""User0"", ""User4""]","[""User0"", ""User4""]","{""blue_first_relevant_response_after_critical"": null, ""blue_first_relevant_response_after_enterprise"": 10, ""enterprise_foothold_step"": 9, ""first_critical_hit_step"": null, ""window_end"": 60, ""window_start"": 51}"
no_constraint_stage2_4obj,19,stage2_ext_009_obj_1,selected,episode_019,1,1038,25,Q4_user_focus_after_enterprise_foothold,medium,DecoySvchost,User3,User,PrivilegeEscalate,User3,[],[],"[""User0"", ""User3""]","[""User0"", ""User3""]","{""blue_first_relevant_response_after_critical"": null, ""blue_first_relevant_response_after_enterprise"": 10, ""enterprise_foothold_step"": 9, ""first_critical_hit_step"": null, ""window_end"": 27, ""window_start"": 25}"
no_constraint_stage2_4obj,19,stage2_ext_009_obj_1,selected,episode_019,1,1038,33,Q4_user_focus_after_enterprise_foothold,medium,Analyse,User0,User,ExploitRemoteService,,[],[],"[""User0"", ""User3""]","[""User0"", ""User3""]","{""blue_first_relevant_response_after_critical"": null, ""blue_first_relevant_response_after_enterprise"": 10, ""enterprise_foothold_step"": 9, ""first_critical_hit_step"": null, ""window_end"": 35, ""window_start"": 33}"
no_constraint_stage2_4obj,19,stage2_ext_009_obj_1,selected,episode_019,1,1038,78,Q4_user_focus_after_enterprise_foothold,medium,Analyse,User2,User,DiscoverNetworkServices,,[],[],"[""User0"", ""User3""]","[""User0"", ""User3""]","{""blue_first_relevant_response_after_critical"": null, ""blue_first_relevant_response_after_enterprise"": 10, ""enterprise_foothold_step"": 9, ""first_critical_hit_step"": null, ""window_end"": 80, ""window_start"": 78}"
no_constraint_stage2_4obj,19,stage2_ext_009_obj_1,selected,episode_019,1,1038,79,Q4_user_focus_after_enterprise_foothold,medium,Analyse,User2,User,ExploitRemoteService,,[],[],"[""User0"", ""User3""]","[""User0"", ""User3""]","{""blue_first_relevant_response_after_critical"": null, ""blue_first_relevant_response_after_enterprise"": 10, ""enterprise_foothold_step"": 9, ""first_critical_hit_step"": null, ""window_end"": 81, ""window_start"": 79}"
no_constraint_stage2_4obj,19,stage2_ext_009_obj_1,selected,episode_019,1,1038,80,Q4_user_focus_after_enterprise_foothold,medium,Analyse,User0,User,ExploitRemoteService,,[],[],"[""User0"", ""User3""]","[""User0"", ""User3""]","{""blue_first_relevant_response_after_critical"": null, ""blue_first_relevant_response_after_enterprise"": 10, ""enterprise_foothold_step"": 9, ""first_critical_hit_step"": null, ""window_end"": 82, ""window_start"": 80}"
no_constraint_stage2_4obj,19,stage2_ext_009_obj_1,selected,episode_019,1,1038,74,Q5_repeated_low_value_decoy_loop,medium,DecoySvchost,User3,User,DiscoverNetworkServices,,[],[],"[""User0"", ""User3""]","[""User0"", ""User3""]","{""blue_first_relevant_response_after_critical"": null, ""blue_first_relevant_response_after_enterprise"": 10, ""enterprise_foothold_step"": 9, ""first_critical_hit_step"": null, ""window_end"": 81, ""window_start"": 72}"
