method_name,seed,policy_id,candidate_label,episode_id,env_idx,env_seed,step_idx,rule_id,severity,blue_action_name,blue_target_hostname,blue_target_subnet,red_action_name,red_target_hostname,critical_state_before,critical_state_after,compromised_hosts_before,compromised_hosts_after,response_context
no_constraint_stage2_fair,19,stage2_ext_023_obj_2,closest_candidate,episode_000,0,19,89,Q2_user_action_during_critical_breach,high,Analyse,User0,User,PrivilegeEscalate,Op_Server0,"[""Op_Server0""]","[""Op_Server0""]","[""Enterprise1"", ""Enterprise2"", ""Op_Server0"", ""User0"", ""User2""]","[""Enterprise1"", ""Enterprise2"", ""Op_Server0"", ""User0"", ""User2""]","{""blue_first_relevant_response_after_critical"": 95, ""blue_first_relevant_response_after_enterprise"": 6, ""enterprise_foothold_step"": 5, ""first_critical_hit_step"": 88, ""window_end"": null, ""window_start"": null}"
no_constraint_stage2_fair,19,stage2_ext_023_obj_2,closest_candidate,episode_000,0,19,90,Q2_user_action_during_critical_breach,high,Analyse,User0,User,Impact,Op_Server0,"[""Op_Server0""]","[""Op_Server0""]","[""Enterprise1"", ""Enterprise2"", ""Op_Server0"", ""User0"", ""User2""]","[""Enterprise1"", ""Enterprise2"", ""Op_Server0"", ""User0"", ""User2""]","{""blue_first_relevant_response_after_critical"": 95, ""blue_first_relevant_response_after_enterprise"": 6, ""enterprise_foothold_step"": 5, ""first_critical_hit_step"": 88, ""window_end"": null, ""window_start"": null}"
no_constraint_stage2_fair,19,stage2_ext_023_obj_2,closest_candidate,episode_000,0,19,91,Q2_user_action_during_critical_breach,high,DecoyTomcat,User3,User,Impact,Op_Server0,"[""Op_Server0""]","[""Op_Server0""]","[""Enterprise1"", ""Enterprise2"", ""Op_Server0"", ""User0"", ""User2""]","[""Enterprise1"", ""Enterprise2"", ""Op_Server0"", ""User0"", ""User2""]","{""blue_first_relevant_response_after_critical"": 95, ""blue_first_relevant_response_after_enterprise"": 6, ""enterprise_foothold_step"": 5, ""first_critical_hit_step"": 88, ""window_end"": null, ""window_start"": null}"
no_constraint_stage2_fair,19,stage2_ext_023_obj_2,closest_candidate,episode_000,0,19,92,Q2_user_action_during_critical_breach,high,Analyse,User2,User,Impact,Op_Server0,"[""Op_Server0""]","[""Op_Server0""]","[""Enterprise1"", ""Enterprise2"", ""Op_Server0"", ""User0"", ""User2""]","[""Enterprise1"", ""Enterprise2"", ""Op_Server0"", ""User0"", ""User2""]","{""blue_first_relevant_response_after_critical"": 95, ""blue_first_relevant_response_after_enterprise"": 6, ""enterprise_foothold_step"": 5, ""first_critical_hit_step"": 88, ""window_end"": null, ""window_start"": null}"
no_constraint_stage2_fair,19,stage2_ext_023_obj_2,closest_candidate,episode_000,0,19,93,Q2_user_action_during_critical_breach,high,Analyse,User2,User,Impact,Op_Server0,"[""Op_Server0""]","[""Op_Server0""]","[""Enterprise1"", ""Enterprise2"", ""Op_Server0"", ""User0"", ""User2""]","[""Enterprise1"", ""Enterprise2"", ""Op_Server0"", ""User0"", ""User2""]","{""blue_first_relevant_response_after_critical"": 95, ""blue_first_relevant_response_after_enterprise"": 6, ""enterprise_foothold_step"": 5, ""first_critical_hit_step"": 88, ""window_end"": null, ""window_start"": null}"
no_constraint_stage2_fair,19,stage2_ext_023_obj_2,closest_candidate,episode_000,0,19,97,Q2_user_action_during_critical_breach,high,Analyse,User2,User,Impact,Op_Server0,"[""Op_Server0""]","[""Op_Server0""]","[""Enterprise1"", ""Enterprise2"", ""Op_Server0"", ""User0"", ""User2""]","[""Enterprise1"", ""Enterprise2"", ""Op_Server0"", ""User0"", ""User2""]","{""blue_first_relevant_response_after_critical"": 95, ""blue_first_relevant_response_after_enterprise"": 6, ""enterprise_foothold_step"": 5, ""first_critical_hit_step"": 88, ""window_end"": null, ""window_start"": null}"
no_constraint_stage2_fair,19,stage2_ext_023_obj_2,closest_candidate,episode_000,0,19,99,Q2_user_action_during_critical_breach,high,DecoySSHD,User4,User,Impact,Op_Server0,"[""Op_Server0""]","[""Op_Server0""]","[""Enterprise1"", ""Enterprise2"", ""Op_Server0"", ""User0"", ""User2""]","[""Enterprise1"", ""Enterprise2"", ""Op_Server0"", ""User0"", ""User2""]","{""blue_first_relevant_response_after_critical"": 95, ""blue_first_relevant_response_after_enterprise"": 6, ""enterprise_foothold_step"": 5, ""first_critical_hit_step"": 88, ""window_end"": null, ""window_start"": null}"
no_constraint_stage2_fair,19,stage2_ext_023_obj_2,closest_candidate,episode_000,0,19,88,Q3_missed_immediate_response_to_critical_hit,high,DecoyTomcat,User3,User,ExploitRemoteService,,[],"[""Op_Server0""]","[""Enterprise1"", ""Enterprise2"", ""User0"", ""User2""]","[""Enterprise1"", ""Enterprise2"", ""Op_Server0"", ""User0"", ""User2""]","{""blue_first_relevant_response_after_critical"": 95, ""blue_first_relevant_response_after_enterprise"": 6, ""enterprise_foothold_step"": 5, ""first_critical_hit_step"": 88, ""window_end"": 91, ""window_start"": 89}"
no_constraint_stage2_fair,19,stage2_ext_023_obj_2,closest_candidate,episode_000,0,19,7,Q4_user_focus_after_enterprise_foothold,medium,DecoyTomcat,User3,User,DiscoverRemoteSystems,,[],[],"[""Enterprise1"", ""User0"", ""User2""]","[""Enterprise1"", ""User0"", ""User2""]","{""blue_first_relevant_response_after_critical"": 95, ""blue_first_relevant_response_after_enterprise"": 6, ""enterprise_foothold_step"": 5, ""first_critical_hit_step"": 88, ""window_end"": 9, ""window_start"": 7}"
no_constraint_stage2_fair,19,stage2_ext_023_obj_2,closest_candidate,episode_000,0,19,11,Q4_user_focus_after_enterprise_foothold,medium,DecoyTomcat,User0,User,PrivilegeEscalate,Enterprise1,[],[],"[""Enterprise1"", ""User0"", ""User2""]","[""Enterprise1"", ""User0"", ""User2""]","{""blue_first_relevant_response_after_critical"": 95, ""blue_first_relevant_response_after_enterprise"": 6, ""enterprise_foothold_step"": 5, ""first_critical_hit_step"": 88, ""window_end"": 13, ""window_start"": 11}"
no_constraint_stage2_fair,19,stage2_ext_023_obj_2,closest_candidate,episode_000,0,19,27,Q4_user_focus_after_enterprise_foothold,medium,Analyse,User0,User,ExploitRemoteService,,[],[],"[""Enterprise1"", ""Enterprise2"", ""User0"", ""User2""]","[""Enterprise1"", ""Enterprise2"", ""User0"", ""User2""]","{""blue_first_relevant_response_after_critical"": 95, ""blue_first_relevant_response_after_enterprise"": 6, ""enterprise_foothold_step"": 5, ""first_critical_hit_step"": 88, ""window_end"": 29, ""window_start"": 27}"
no_constraint_stage2_fair,19,stage2_ext_023_obj_2,closest_candidate,episode_000,0,19,31,Q4_user_focus_after_enterprise_foothold,medium,DecoyTomcat,User0,User,DiscoverRemoteSystems,,[],[],"[""Enterprise1"", ""Enterprise2"", ""User0"", ""User2""]","[""Enterprise1"", ""Enterprise2"", ""User0"", ""User2""]","{""blue_first_relevant_response_after_critical"": 95, ""blue_first_relevant_response_after_enterprise"": 6, ""enterprise_foothold_step"": 5, ""first_critical_hit_step"": 88, ""window_end"": 33, ""window_start"": 31}"
no_constraint_stage2_fair,19,stage2_ext_023_obj_2,closest_candidate,episode_000,0,19,48,Q4_user_focus_after_enterprise_foothold,medium,Analyse,User0,User,ExploitRemoteService,,[],[],"[""Enterprise1"", ""Enterprise2"", ""User0"", ""User2""]","[""Enterprise1"", ""Enterprise2"", ""User0"", ""User2""]","{""blue_first_relevant_response_after_critical"": 95, ""blue_first_relevant_response_after_enterprise"": 6, ""enterprise_foothold_step"": 5, ""first_critical_hit_step"": 88, ""window_end"": 50, ""window_start"": 48}"
no_constraint_stage2_fair,19,stage2_ext_023_obj_2,closest_candidate,episode_000,0,19,57,Q4_user_focus_after_enterprise_foothold,medium,Analyse,User1,User,ExploitRemoteService,,[],[],"[""Enterprise1"", ""Enterprise2"", ""User0"", ""User2""]","[""Enterprise1"", ""Enterprise2"", ""User0"", ""User2""]","{""blue_first_relevant_response_after_critical"": 95, ""blue_first_relevant_response_after_enterprise"": 6, ""enterprise_foothold_step"": 5, ""first_critical_hit_step"": 88, ""window_end"": 59, ""window_start"": 57}"
no_constraint_stage2_fair,19,stage2_ext_023_obj_2,closest_candidate,episode_000,0,19,58,Q4_user_focus_after_enterprise_foothold,medium,Analyse,User2,User,PrivilegeEscalate,Enterprise1,[],[],"[""Enterprise1"", ""Enterprise2"", ""User0"", ""User2""]","[""Enterprise1"", ""Enterprise2"", ""User0"", ""User2""]","{""blue_first_relevant_response_after_critical"": 95, ""blue_first_relevant_response_after_enterprise"": 6, ""enterprise_foothold_step"": 5, ""first_critical_hit_step"": 88, ""window_end"": 60, ""window_start"": 58}"
no_constraint_stage2_fair,19,stage2_ext_023_obj_2,closest_candidate,episode_000,0,19,59,Q4_user_focus_after_enterprise_foothold,medium,Remove,User3,User,DiscoverRemoteSystems,,[],[],"[""Enterprise1"", ""Enterprise2"", ""User0"", ""User2""]","[""Enterprise1"", ""Enterprise2"", ""User0"", ""User2""]","{""blue_first_relevant_response_after_critical"": 95, ""blue_first_relevant_response_after_enterprise"": 6, ""enterprise_foothold_step"": 5, ""first_critical_hit_step"": 88, ""window_end"": 61, ""window_start"": 59}"
no_constraint_stage2_fair,19,stage2_ext_023_obj_2,closest_candidate,episode_000,0,19,60,Q4_user_focus_after_enterprise_foothold,medium,DecoyTomcat,User0,User,DiscoverNetworkServices,,[],[],"[""Enterprise1"", ""Enterprise2"", ""User0"", ""User2""]","[""Enterprise1"", ""Enterprise2"", ""User0"", ""User2""]","{""blue_first_relevant_response_after_critical"": 95, ""blue_first_relevant_response_after_enterprise"": 6, ""enterprise_foothold_step"": 5, ""first_critical_hit_step"": 88, ""window_end"": 62, ""window_start"": 60}"
no_constraint_stage2_fair,19,stage2_ext_023_obj_2,closest_candidate,episode_000,0,19,61,Q4_user_focus_after_enterprise_foothold,medium,Remove,User3,User,ExploitRemoteService,,[],[],"[""Enterprise1"", ""Enterprise2"", ""User0"", ""User2""]","[""Enterprise1"", ""Enterprise2"", ""User0"", ""User2""]","{""blue_first_relevant_response_after_critical"": 95, ""blue_first_relevant_response_after_enterprise"": 6, ""enterprise_foothold_step"": 5, ""first_critical_hit_step"": 88, ""window_end"": 63, ""window_start"": 61}"
no_constraint_stage2_fair,19,stage2_ext_023_obj_2,closest_candidate,episode_000,0,19,66,Q4_user_focus_after_enterprise_foothold,medium,DecoyTomcat,User3,User,ExploitRemoteService,,[],[],"[""Enterprise1"", ""Enterprise2"", ""User0"", ""User2""]","[""Enterprise1"", ""Enterprise2"", ""User0"", ""User2""]","{""blue_first_relevant_response_after_critical"": 95, ""blue_first_relevant_response_after_enterprise"": 6, ""enterprise_foothold_step"": 5, ""first_critical_hit_step"": 88, ""window_end"": 68, ""window_start"": 66}"
no_constraint_stage2_fair,19,stage2_ext_023_obj_2,closest_candidate,episode_000,0,19,67,Q4_user_focus_after_enterprise_foothold,medium,DecoySSHD,User4,User,ExploitRemoteService,,[],[],"[""Enterprise1"", ""Enterprise2"", ""User0"", ""User2""]","[""Enterprise1"", ""Enterprise2"", ""User0"", ""User2""]","{""blue_first_relevant_response_after_critical"": 95, ""blue_first_relevant_response_after_enterprise"": 6, ""enterprise_foothold_step"": 5, ""first_critical_hit_step"": 88, ""window_end"": 69, ""window_start"": 67}"
no_constraint_stage2_fair,19,stage2_ext_023_obj_2,closest_candidate,episode_000,0,19,68,Q4_user_focus_after_enterprise_foothold,medium,Remove,User3,User,PrivilegeEscalate,Enterprise1,[],[],"[""Enterprise1"", ""Enterprise2"", ""User0"", ""User2""]","[""Enterprise1"", ""Enterprise2"", ""User0"", ""User2""]","{""blue_first_relevant_response_after_critical"": 95, ""blue_first_relevant_response_after_enterprise"": 6, ""enterprise_foothold_step"": 5, ""first_critical_hit_step"": 88, ""window_end"": 70, ""window_start"": 68}"
no_constraint_stage2_fair,19,stage2_ext_023_obj_2,closest_candidate,episode_000,0,19,80,Q4_user_focus_after_enterprise_foothold,medium,DecoyTomcat,User3,User,ExploitRemoteService,,[],[],"[""Enterprise1"", ""Enterprise2"", ""User0"", ""User2""]","[""Enterprise1"", ""Enterprise2"", ""User0"", ""User2""]","{""blue_first_relevant_response_after_critical"": 95, ""blue_first_relevant_response_after_enterprise"": 6, ""enterprise_foothold_step"": 5, ""first_critical_hit_step"": 88, ""window_end"": 82, ""window_start"": 80}"
no_constraint_stage2_fair,19,stage2_ext_023_obj_2,closest_candidate,episode_000,0,19,81,Q4_user_focus_after_enterprise_foothold,medium,Analyse,User2,User,ExploitRemoteService,,[],[],"[""Enterprise1"", ""Enterprise2"", ""User0"", ""User2""]","[""Enterprise1"", ""Enterprise2"", ""User0"", ""User2""]","{""blue_first_relevant_response_after_critical"": 95, ""blue_first_relevant_response_after_enterprise"": 6, ""enterprise_foothold_step"": 5, ""first_critical_hit_step"": 88, ""window_end"": 83, ""window_start"": 81}"
no_constraint_stage2_fair,19,stage2_ext_023_obj_2,closest_candidate,episode_000,0,19,82,Q4_user_focus_after_enterprise_foothold,medium,DecoyTomcat,User3,User,PrivilegeEscalate,Enterprise1,[],[],"[""Enterprise1"", ""Enterprise2"", ""User0"", ""User2""]","[""Enterprise1"", ""Enterprise2"", ""User0"", ""User2""]","{""blue_first_relevant_response_after_critical"": 95, ""blue_first_relevant_response_after_enterprise"": 6, ""enterprise_foothold_step"": 5, ""first_critical_hit_step"": 88, ""window_end"": 84, ""window_start"": 82}"
no_constraint_stage2_fair,19,stage2_ext_023_obj_2,closest_candidate,episode_000,0,19,83,Q4_user_focus_after_enterprise_foothold,medium,DecoyApache,User1,User,DiscoverRemoteSystems,,[],[],"[""Enterprise1"", ""Enterprise2"", ""User0"", ""User2""]","[""Enterprise1"", ""Enterprise2"", ""User0"", ""User2""]","{""blue_first_relevant_response_after_critical"": 95, ""blue_first_relevant_response_after_enterprise"": 6, ""enterprise_foothold_step"": 5, ""first_critical_hit_step"": 88, ""window_end"": 85, ""window_start"": 83}"
no_constraint_stage2_fair,19,stage2_ext_023_obj_2,closest_candidate,episode_000,0,19,87,Q4_user_focus_after_enterprise_foothold,medium,DecoyTomcat,User3,User,DiscoverNetworkServices,,[],[],"[""Enterprise1"", ""Enterprise2"", ""User0"", ""User2""]","[""Enterprise1"", ""Enterprise2"", ""User0"", ""User2""]","{""blue_first_relevant_response_after_critical"": 95, ""blue_first_relevant_response_after_enterprise"": 6, ""enterprise_foothold_step"": 5, ""first_critical_hit_step"": 88, ""window_end"": 89, ""window_start"": 87}"
no_constraint_stage2_fair,19,stage2_ext_023_obj_2,closest_candidate,episode_000,0,19,88,Q4_user_focus_after_enterprise_foothold,medium,DecoyTomcat,User3,User,ExploitRemoteService,,[],"[""Op_Server0""]","[""Enterprise1"", ""Enterprise2"", ""User0"", ""User2""]","[""Enterprise1"", ""Enterprise2"", ""Op_Server0"", ""User0"", ""User2""]","{""blue_first_relevant_response_after_critical"": 95, ""blue_first_relevant_response_after_enterprise"": 6, ""enterprise_foothold_step"": 5, ""first_critical_hit_step"": 88, ""window_end"": 90, ""window_start"": 88}"
no_constraint_stage2_fair,19,stage2_ext_023_obj_2,closest_candidate,episode_000,0,19,89,Q4_user_focus_after_enterprise_foothold,medium,Analyse,User0,User,PrivilegeEscalate,Op_Server0,"[""Op_Server0""]","[""Op_Server0""]","[""Enterprise1"", ""Enterprise2"", ""Op_Server0"", ""User0"", ""User2""]","[""Enterprise1"", ""Enterprise2"", ""Op_Server0"", ""User0"", ""User2""]","{""blue_first_relevant_response_after_critical"": 95, ""blue_first_relevant_response_after_enterprise"": 6, ""enterprise_foothold_step"": 5, ""first_critical_hit_step"": 88, ""window_end"": 91, ""window_start"": 89}"
no_constraint_stage2_fair,19,stage2_ext_023_obj_2,closest_candidate,episode_000,0,19,90,Q4_user_focus_after_enterprise_foothold,medium,Analyse,User0,User,Impact,Op_Server0,"[""Op_Server0""]","[""Op_Server0""]","[""Enterprise1"", ""Enterprise2"", ""Op_Server0"", ""User0"", ""User2""]","[""Enterprise1"", ""Enterprise2"", ""Op_Server0"", ""User0"", ""User2""]","{""blue_first_relevant_response_after_critical"": 95, ""blue_first_relevant_response_after_enterprise"": 6, ""enterprise_foothold_step"": 5, ""first_critical_hit_step"": 88, ""window_end"": 92, ""window_start"": 90}"
no_constraint_stage2_fair,19,stage2_ext_023_obj_2,closest_candidate,episode_000,0,19,91,Q4_user_focus_after_enterprise_foothold,medium,DecoyTomcat,User3,User,Impact,Op_Server0,"[""Op_Server0""]","[""Op_Server0""]","[""Enterprise1"", ""Enterprise2"", ""Op_Server0"", ""User0"", ""User2""]","[""Enterprise1"", ""Enterprise2"", ""Op_Server0"", ""User0"", ""User2""]","{""blue_first_relevant_response_after_critical"": 95, ""blue_first_relevant_response_after_enterprise"": 6, ""enterprise_foothold_step"": 5, ""first_critical_hit_step"": 88, ""window_end"": 93, ""window_start"": 91}"
no_constraint_stage2_fair,19,stage2_ext_023_obj_2,closest_candidate,episode_000,0,19,80,Q5_repeated_low_value_decoy_loop,medium,DecoyTomcat,User3,User,ExploitRemoteService,,[],[],"[""Enterprise1"", ""Enterprise2"", ""User0"", ""User2""]","[""Enterprise1"", ""Enterprise2"", ""User0"", ""User2""]","{""blue_first_relevant_response_after_critical"": 95, ""blue_first_relevant_response_after_enterprise"": 6, ""enterprise_foothold_step"": 5, ""first_critical_hit_step"": 88, ""window_end"": 87, ""window_start"": 78}"
no_constraint_stage2_fair,19,stage2_ext_023_obj_2,closest_candidate,episode_000,1,1019,18,Q4_user_focus_after_enterprise_foothold,medium,Analyse,User2,User,DiscoverNetworkServices,,[],[],"[""Enterprise0"", ""User0"", ""User3""]","[""Enterprise0"", ""User0"", ""User3""]","{""blue_first_relevant_response_after_critical"": null, ""blue_first_relevant_response_after_enterprise"": 6, ""enterprise_foothold_step"": 5, ""first_critical_hit_step"": null, ""window_end"": 20, ""window_start"": 18}"
no_constraint_stage2_fair,19,stage2_ext_023_obj_2,closest_candidate,episode_000,1,1019,19,Q4_user_focus_after_enterprise_foothold,medium,DecoyHarakaSMPT,User1,User,ExploitRemoteService,,[],[],"[""Enterprise0"", ""User0"", ""User3""]","[""Enterprise0"", ""User0"", ""User3""]","{""blue_first_relevant_response_after_critical"": null, ""blue_first_relevant_response_after_enterprise"": 6, ""enterprise_foothold_step"": 5, ""first_critical_hit_step"": null, ""window_end"": 21, ""window_start"": 19}"
no_constraint_stage2_fair,19,stage2_ext_023_obj_2,closest_candidate,episode_000,1,1019,20,Q4_user_focus_after_enterprise_foothold,medium,Analyse,User2,User,ExploitRemoteService,,[],[],"[""Enterprise0"", ""User0"", ""User3""]","[""Enterprise0"", ""User0"", ""User3""]","{""blue_first_relevant_response_after_critical"": null, ""blue_first_relevant_response_after_enterprise"": 6, ""enterprise_foothold_step"": 5, ""first_critical_hit_step"": null, ""window_end"": 22, ""window_start"": 20}"
no_constraint_stage2_fair,19,stage2_ext_023_obj_2,closest_candidate,episode_000,1,1019,51,Q4_user_focus_after_enterprise_foothold,medium,Analyse,User2,User,PrivilegeEscalate,Enterprise0,[],[],"[""Enterprise0"", ""User0"", ""User3""]","[""Enterprise0"", ""User0"", ""User3""]","{""blue_first_relevant_response_after_critical"": null, ""blue_first_relevant_response_after_enterprise"": 6, ""enterprise_foothold_step"": 5, ""first_critical_hit_step"": null, ""window_end"": 53, ""window_start"": 51}"
no_constraint_stage2_fair,19,stage2_ext_023_obj_2,closest_candidate,episode_000,1,1019,64,Q4_user_focus_after_enterprise_foothold,medium,Analyse,User2,User,ExploitRemoteService,,[],[],"[""Enterprise0"", ""User0"", ""User3""]","[""Enterprise0"", ""Enterprise2"", ""User0"", ""User3""]","{""blue_first_relevant_response_after_critical"": null, ""blue_first_relevant_response_after_enterprise"": 6, ""enterprise_foothold_step"": 5, ""first_critical_hit_step"": null, ""window_end"": 66, ""window_start"": 64}"
no_constraint_stage2_fair,19,stage2_ext_023_obj_2,closest_candidate,episode_000,1,1019,75,Q4_user_focus_after_enterprise_foothold,medium,DecoyFemitter,User1,User,DiscoverRemoteSystems,,[],[],"[""Enterprise0"", ""Enterprise2"", ""User0"", ""User3""]","[""Enterprise0"", ""Enterprise2"", ""User0"", ""User3""]","{""blue_first_relevant_response_after_critical"": null, ""blue_first_relevant_response_after_enterprise"": 6, ""enterprise_foothold_step"": 5, ""first_critical_hit_step"": null, ""window_end"": 77, ""window_start"": 75}"
no_constraint_stage2_fair,19,stage2_ext_023_obj_2,closest_candidate,episode_000,1,1019,76,Q4_user_focus_after_enterprise_foothold,medium,DecoyTomcat,User3,User,DiscoverNetworkServices,,[],[],"[""Enterprise0"", ""Enterprise2"", ""User0"", ""User3""]","[""Enterprise0"", ""Enterprise2"", ""User0"", ""User3""]","{""blue_first_relevant_response_after_critical"": null, ""blue_first_relevant_response_after_enterprise"": 6, ""enterprise_foothold_step"": 5, ""first_critical_hit_step"": null, ""window_end"": 78, ""window_start"": 76}"
no_constraint_stage2_fair,19,stage2_ext_023_obj_2,closest_candidate,episode_000,1,1019,77,Q4_user_focus_after_enterprise_foothold,medium,DecoyVsftpd,User2,User,ExploitRemoteService,,[],[],"[""Enterprise0"", ""Enterprise2"", ""User0"", ""User3""]","[""Enterprise0"", ""Enterprise2"", ""User0"", ""User3""]","{""blue_first_relevant_response_after_critical"": null, ""blue_first_relevant_response_after_enterprise"": 6, ""enterprise_foothold_step"": 5, ""first_critical_hit_step"": null, ""window_end"": 79, ""window_start"": 77}"
no_constraint_stage2_fair,19,stage2_ext_023_obj_2,closest_candidate,episode_000,1,1019,78,Q4_user_focus_after_enterprise_foothold,medium,DecoyHarakaSMPT,User1,User,ExploitRemoteService,,[],[],"[""Enterprise0"", ""Enterprise2"", ""User0"", ""User3""]","[""Enterprise0"", ""Enterprise2"", ""User0"", ""User3""]","{""blue_first_relevant_response_after_critical"": null, ""blue_first_relevant_response_after_enterprise"": 6, ""enterprise_foothold_step"": 5, ""first_critical_hit_step"": null, ""window_end"": 80, ""window_start"": 78}"
no_constraint_stage2_fair,19,stage2_ext_023_obj_2,closest_candidate,episode_000,1,1019,79,Q4_user_focus_after_enterprise_foothold,medium,Analyse,User1,User,PrivilegeEscalate,Enterprise0,[],[],"[""Enterprise0"", ""Enterprise2"", ""User0"", ""User3""]","[""Enterprise0"", ""Enterprise2"", ""User0"", ""User3""]","{""blue_first_relevant_response_after_critical"": null, ""blue_first_relevant_response_after_enterprise"": 6, ""enterprise_foothold_step"": 5, ""first_critical_hit_step"": null, ""window_end"": 81, ""window_start"": 79}"
no_constraint_stage2_fair,19,stage2_ext_023_obj_2,closest_candidate,episode_000,1,1019,80,Q4_user_focus_after_enterprise_foothold,medium,Analyse,User1,User,DiscoverRemoteSystems,,[],[],"[""Enterprise0"", ""Enterprise2"", ""User0"", ""User3""]","[""Enterprise0"", ""Enterprise2"", ""User0"", ""User3""]","{""blue_first_relevant_response_after_critical"": null, ""blue_first_relevant_response_after_enterprise"": 6, ""enterprise_foothold_step"": 5, ""first_critical_hit_step"": null, ""window_end"": 82, ""window_start"": 80}"
no_constraint_stage2_fair,19,stage2_ext_023_obj_2,closest_candidate,episode_000,1,1019,81,Q4_user_focus_after_enterprise_foothold,medium,Analyse,User2,User,DiscoverNetworkServices,,[],[],"[""Enterprise0"", ""Enterprise2"", ""User0"", ""User3""]","[""Enterprise0"", ""Enterprise2"", ""User0"", ""User3""]","{""blue_first_relevant_response_after_critical"": null, ""blue_first_relevant_response_after_enterprise"": 6, ""enterprise_foothold_step"": 5, ""first_critical_hit_step"": null, ""window_end"": 83, ""window_start"": 81}"
no_constraint_stage2_fair,19,stage2_ext_023_obj_2,closest_candidate,episode_000,1,1019,82,Q4_user_focus_after_enterprise_foothold,medium,DecoyTomcat,User3,User,ExploitRemoteService,,[],[],"[""Enterprise0"", ""Enterprise2"", ""User0"", ""User3""]","[""Enterprise0"", ""Enterprise2"", ""User0"", ""User3""]","{""blue_first_relevant_response_after_critical"": null, ""blue_first_relevant_response_after_enterprise"": 6, ""enterprise_foothold_step"": 5, ""first_critical_hit_step"": null, ""window_end"": 84, ""window_start"": 82}"
no_constraint_stage2_fair,19,stage2_ext_023_obj_2,closest_candidate,episode_000,1,1019,83,Q4_user_focus_after_enterprise_foothold,medium,DecoyTomcat,User3,User,ExploitRemoteService,,[],[],"[""Enterprise0"", ""Enterprise2"", ""User0"", ""User3""]","[""Enterprise0"", ""Enterprise2"", ""User0"", ""User3""]","{""blue_first_relevant_response_after_critical"": null, ""blue_first_relevant_response_after_enterprise"": 6, ""enterprise_foothold_step"": 5, ""first_critical_hit_step"": null, ""window_end"": 85, ""window_start"": 83}"
no_constraint_stage2_fair,19,stage2_ext_023_obj_2,closest_candidate,episode_000,1,1019,92,Q4_user_focus_after_enterprise_foothold,medium,Analyse,User2,User,ExploitRemoteService,,[],[],"[""Enterprise0"", ""Enterprise2"", ""User0"", ""User3""]","[""Enterprise0"", ""Enterprise2"", ""User0"", ""User3""]","{""blue_first_relevant_response_after_critical"": null, ""blue_first_relevant_response_after_enterprise"": 6, ""enterprise_foothold_step"": 5, ""first_critical_hit_step"": null, ""window_end"": 94, ""window_start"": 92}"
no_constraint_stage2_fair,19,stage2_ext_023_obj_2,closest_candidate,episode_000,1,1019,93,Q4_user_focus_after_enterprise_foothold,medium,DecoyTomcat,User3,User,PrivilegeEscalate,Enterprise2,[],[],"[""Enterprise0"", ""Enterprise2"", ""User0"", ""User3""]","[""Enterprise0"", ""Enterprise2"", ""User0"", ""User3""]","{""blue_first_relevant_response_after_critical"": null, ""blue_first_relevant_response_after_enterprise"": 6, ""enterprise_foothold_step"": 5, ""first_critical_hit_step"": null, ""window_end"": 95, ""window_start"": 93}"
no_constraint_stage2_fair,19,stage2_ext_023_obj_2,closest_candidate,episode_000,1,1019,97,Q4_user_focus_after_enterprise_foothold,medium,Analyse,User2,User,ExploitRemoteService,,[],[],"[""Enterprise0"", ""Enterprise2"", ""User0"", ""User3""]","[""Enterprise0"", ""Enterprise2"", ""User0"", ""User3""]","{""blue_first_relevant_response_after_critical"": null, ""blue_first_relevant_response_after_enterprise"": 6, ""enterprise_foothold_step"": 5, ""first_critical_hit_step"": null, ""window_end"": 99, ""window_start"": 97}"
no_constraint_stage2_fair,19,stage2_ext_023_obj_2,closest_candidate,episode_000,1,1019,76,Q5_repeated_low_value_decoy_loop,medium,DecoyTomcat,User3,User,DiscoverNetworkServices,,[],[],"[""Enterprise0"", ""Enterprise2"", ""User0"", ""User3""]","[""Enterprise0"", ""Enterprise2"", ""User0"", ""User3""]","{""blue_first_relevant_response_after_critical"": null, ""blue_first_relevant_response_after_enterprise"": 6, ""enterprise_foothold_step"": 5, ""first_critical_hit_step"": null, ""window_end"": 83, ""window_start"": 74}"
no_constraint_stage2_fair,19,stage2_ext_023_obj_2,closest_candidate,episode_000,2,2019,27,Q4_user_focus_after_enterprise_foothold,medium,DecoyTomcat,User3,User,DiscoverNetworkServices,,[],[],"[""Enterprise0"", ""Enterprise2"", ""User0"", ""User3""]","[""Enterprise0"", ""Enterprise2"", ""User0"", ""User3""]","{""blue_first_relevant_response_after_critical"": null, ""blue_first_relevant_response_after_enterprise"": 7, ""enterprise_foothold_step"": 5, ""first_critical_hit_step"": null, ""window_end"": 29, ""window_start"": 27}"
no_constraint_stage2_fair,19,stage2_ext_023_obj_2,closest_candidate,episode_000,2,2019,28,Q4_user_focus_after_enterprise_foothold,medium,DecoySSHD,User4,User,ExploitRemoteService,,[],[],"[""Enterprise0"", ""Enterprise2"", ""User0"", ""User3""]","[""Enterprise0"", ""Enterprise2"", ""User0"", ""User3""]","{""blue_first_relevant_response_after_critical"": null, ""blue_first_relevant_response_after_enterprise"": 7, ""enterprise_foothold_step"": 5, ""first_critical_hit_step"": null, ""window_end"": 30, ""window_start"": 28}"
no_constraint_stage2_fair,19,stage2_ext_023_obj_2,closest_candidate,episode_000,2,2019,29,Q4_user_focus_after_enterprise_foothold,medium,DecoyVsftpd,User3,User,PrivilegeEscalate,Enterprise2,[],[],"[""Enterprise0"", ""Enterprise2"", ""User0"", ""User3""]","[""Enterprise0"", ""Enterprise2"", ""User0"", ""User3""]","{""blue_first_relevant_response_after_critical"": null, ""blue_first_relevant_response_after_enterprise"": 7, ""enterprise_foothold_step"": 5, ""first_critical_hit_step"": null, ""window_end"": 31, ""window_start"": 29}"
no_constraint_stage2_fair,19,stage2_ext_023_obj_2,closest_candidate,episode_000,2,2019,30,Q4_user_focus_after_enterprise_foothold,medium,Analyse,User2,User,DiscoverNetworkServices,,[],[],"[""Enterprise0"", ""Enterprise2"", ""User0"", ""User3""]","[""Enterprise0"", ""Enterprise2"", ""User0"", ""User3""]","{""blue_first_relevant_response_after_critical"": null, ""blue_first_relevant_response_after_enterprise"": 7, ""enterprise_foothold_step"": 5, ""first_critical_hit_step"": null, ""window_end"": 32, ""window_start"": 30}"
no_constraint_stage2_fair,19,stage2_ext_023_obj_2,closest_candidate,episode_000,2,2019,31,Q4_user_focus_after_enterprise_foothold,medium,Analyse,User0,User,ExploitRemoteService,,[],[],"[""Enterprise0"", ""Enterprise2"", ""User0"", ""User3""]","[""Enterprise0"", ""Enterprise2"", ""User0"", ""User3""]","{""blue_first_relevant_response_after_critical"": null, ""blue_first_relevant_response_after_enterprise"": 7, ""enterprise_foothold_step"": 5, ""first_critical_hit_step"": null, ""window_end"": 33, ""window_start"": 31}"
no_constraint_stage2_fair,19,stage2_ext_023_obj_2,closest_candidate,episode_000,2,2019,35,Q4_user_focus_after_enterprise_foothold,medium,Analyse,User2,User,DiscoverRemoteSystems,,[],[],"[""Enterprise0"", ""Enterprise2"", ""User0"", ""User3""]","[""Enterprise0"", ""Enterprise2"", ""User0"", ""User3""]","{""blue_first_relevant_response_after_critical"": null, ""blue_first_relevant_response_after_enterprise"": 7, ""enterprise_foothold_step"": 5, ""first_critical_hit_step"": null, ""window_end"": 37, ""window_start"": 35}"
no_constraint_stage2_fair,19,stage2_ext_023_obj_2,closest_candidate,episode_000,2,2019,36,Q4_user_focus_after_enterprise_foothold,medium,DecoyTomcat,User0,User,DiscoverNetworkServices,,[],[],"[""Enterprise0"", ""Enterprise2"", ""User0"", ""User3""]","[""Enterprise0"", ""Enterprise2"", ""User0"", ""User3""]","{""blue_first_relevant_response_after_critical"": null, ""blue_first_relevant_response_after_enterprise"": 7, ""enterprise_foothold_step"": 5, ""first_critical_hit_step"": null, ""window_end"": 38, ""window_start"": 36}"
no_constraint_stage2_fair,19,stage2_ext_023_obj_2,closest_candidate,episode_000,2,2019,37,Q4_user_focus_after_enterprise_foothold,medium,Analyse,User2,User,ExploitRemoteService,,[],[],"[""Enterprise0"", ""Enterprise2"", ""User0"", ""User3""]","[""Enterprise0"", ""Enterprise2"", ""User0"", ""User3""]","{""blue_first_relevant_response_after_critical"": null, ""blue_first_relevant_response_after_enterprise"": 7, ""enterprise_foothold_step"": 5, ""first_critical_hit_step"": null, ""window_end"": 39, ""window_start"": 37}"
no_constraint_stage2_fair,19,stage2_ext_023_obj_2,closest_candidate,episode_000,2,2019,44,Q4_user_focus_after_enterprise_foothold,medium,Analyse,User2,User,PrivilegeEscalate,Enterprise0,[],[],"[""Enterprise0"", ""Enterprise2"", ""User0"", ""User3""]","[""Enterprise0"", ""Enterprise2"", ""User0"", ""User3""]","{""blue_first_relevant_response_after_critical"": null, ""blue_first_relevant_response_after_enterprise"": 7, ""enterprise_foothold_step"": 5, ""first_critical_hit_step"": null, ""window_end"": 46, ""window_start"": 44}"
no_constraint_stage2_fair,19,stage2_ext_023_obj_2,closest_candidate,episode_000,2,2019,45,Q4_user_focus_after_enterprise_foothold,medium,Analyse,User1,User,DiscoverRemoteSystems,,[],[],"[""Enterprise0"", ""Enterprise2"", ""User0"", ""User3""]","[""Enterprise0"", ""Enterprise2"", ""User0"", ""User3""]","{""blue_first_relevant_response_after_critical"": null, ""blue_first_relevant_response_after_enterprise"": 7, ""enterprise_foothold_step"": 5, ""first_critical_hit_step"": null, ""window_end"": 47, ""window_start"": 45}"
no_constraint_stage2_fair,19,stage2_ext_023_obj_2,closest_candidate,episode_000,2,2019,46,Q4_user_focus_after_enterprise_foothold,medium,Analyse,User1,User,DiscoverNetworkServices,,[],[],"[""Enterprise0"", ""Enterprise2"", ""User0"", ""User3""]","[""Enterprise0"", ""Enterprise2"", ""User0"", ""User3""]","{""blue_first_relevant_response_after_critical"": null, ""blue_first_relevant_response_after_enterprise"": 7, ""enterprise_foothold_step"": 5, ""first_critical_hit_step"": null, ""window_end"": 48, ""window_start"": 46}"
no_constraint_stage2_fair,19,stage2_ext_023_obj_2,closest_candidate,episode_000,2,2019,57,Q4_user_focus_after_enterprise_foothold,medium,DecoySSHD,User4,User,PrivilegeEscalate,Enterprise0,[],[],"[""Enterprise0"", ""Enterprise2"", ""User0"", ""User3""]","[""Enterprise0"", ""Enterprise2"", ""User0"", ""User3""]","{""blue_first_relevant_response_after_critical"": null, ""blue_first_relevant_response_after_enterprise"": 7, ""enterprise_foothold_step"": 5, ""first_critical_hit_step"": null, ""window_end"": 59, ""window_start"": 57}"
no_constraint_stage2_fair,19,stage2_ext_023_obj_2,closest_candidate,episode_000,2,2019,58,Q4_user_focus_after_enterprise_foothold,medium,DecoyTomcat,User0,User,DiscoverRemoteSystems,,[],[],"[""Enterprise0"", ""Enterprise2"", ""User0"", ""User3""]","[""Enterprise0"", ""Enterprise2"", ""User0"", ""User3""]","{""blue_first_relevant_response_after_critical"": null, ""blue_first_relevant_response_after_enterprise"": 7, ""enterprise_foothold_step"": 5, ""first_critical_hit_step"": null, ""window_end"": 60, ""window_start"": 58}"
no_constraint_stage2_fair,19,stage2_ext_023_obj_2,closest_candidate,episode_000,2,2019,76,Q4_user_focus_after_enterprise_foothold,medium,DecoyTomcat,User0,User,DiscoverRemoteSystems,,[],[],"[""Enterprise0"", ""Enterprise2"", ""User0"", ""User3""]","[""Enterprise0"", ""Enterprise2"", ""User0"", ""User3""]","{""blue_first_relevant_response_after_critical"": null, ""blue_first_relevant_response_after_enterprise"": 7, ""enterprise_foothold_step"": 5, ""first_critical_hit_step"": null, ""window_end"": 78, ""window_start"": 76}"
no_constraint_stage2_fair,19,stage2_ext_023_obj_2,closest_candidate,episode_000,2,2019,84,Q4_user_focus_after_enterprise_foothold,medium,DecoyTomcat,User0,User,ExploitRemoteService,,[],[],"[""Enterprise0"", ""Enterprise2"", ""User0"", ""User3""]","[""Enterprise0"", ""Enterprise2"", ""User0"", ""User3""]","{""blue_first_relevant_response_after_critical"": null, ""blue_first_relevant_response_after_enterprise"": 7, ""enterprise_foothold_step"": 5, ""first_critical_hit_step"": null, ""window_end"": 86, ""window_start"": 84}"
no_constraint_stage2_fair,19,stage2_ext_023_obj_2,closest_candidate,episode_000,2,2019,93,Q4_user_focus_after_enterprise_foothold,medium,DecoyTomcat,User3,User,ExploitRemoteService,,[],[],"[""Enterprise0"", ""Enterprise2"", ""User0"", ""User3""]","[""Enterprise0"", ""Enterprise2"", ""User0"", ""User3""]","{""blue_first_relevant_response_after_critical"": null, ""blue_first_relevant_response_after_enterprise"": 7, ""enterprise_foothold_step"": 5, ""first_critical_hit_step"": null, ""window_end"": 95, ""window_start"": 93}"
no_constraint_stage2_fair,19,stage2_ext_023_obj_2,closest_candidate,episode_000,2,2019,89,Q5_repeated_low_value_decoy_loop,medium,DecoyTomcat,User3,User,PrivilegeEscalate,Enterprise2,[],[],"[""Enterprise0"", ""Enterprise2"", ""User0"", ""User3""]","[""Enterprise0"", ""Enterprise2"", ""User0"", ""User3""]","{""blue_first_relevant_response_after_critical"": null, ""blue_first_relevant_response_after_enterprise"": 7, ""enterprise_foothold_step"": 5, ""first_critical_hit_step"": null, ""window_end"": 93, ""window_start"": 84}"
no_constraint_stage2_fair,19,stage2_ext_023_obj_2,closest_candidate,episode_000,3,3019,21,Q2_user_action_during_critical_breach,high,DecoyHarakaSMPT,User1,User,Impact,Op_Server0,"[""Op_Server0""]","[""Op_Server0""]","[""Enterprise0"", ""Enterprise2"", ""Op_Server0"", ""User0"", ""User4""]","[""Enterprise0"", ""Enterprise2"", ""Op_Server0"", ""User0"", ""User4""]","{""blue_first_relevant_response_after_critical"": 20, ""blue_first_relevant_response_after_enterprise"": 10, ""enterprise_foothold_step"": 5, ""first_critical_hit_step"": 17, ""window_end"": null, ""window_start"": null}"
no_constraint_stage2_fair,19,stage2_ext_023_obj_2,closest_candidate,episode_000,3,3019,22,Q2_user_action_during_critical_breach,high,Analyse,User2,User,Impact,Op_Server0,"[""Op_Server0""]","[""Op_Server0""]","[""Enterprise0"", ""Enterprise2"", ""Op_Server0"", ""User0"", ""User4""]","[""Enterprise0"", ""Enterprise2"", ""Op_Server0"", ""User0"", ""User4""]","{""blue_first_relevant_response_after_critical"": 20, ""blue_first_relevant_response_after_enterprise"": 10, ""enterprise_foothold_step"": 5, ""first_critical_hit_step"": 17, ""window_end"": null, ""window_start"": null}"
no_constraint_stage2_fair,19,stage2_ext_023_obj_2,closest_candidate,episode_000,3,3019,23,Q2_user_action_during_critical_breach,high,Analyse,User2,User,Impact,Op_Server0,"[""Op_Server0""]","[""Op_Server0""]","[""Enterprise0"", ""Enterprise2"", ""Op_Server0"", ""User0"", ""User4""]","[""Enterprise0"", ""Enterprise2"", ""Op_Server0"", ""User0"", ""User4""]","{""blue_first_relevant_response_after_critical"": 20, ""blue_first_relevant_response_after_enterprise"": 10, ""enterprise_foothold_step"": 5, ""first_critical_hit_step"": 17, ""window_end"": null, ""window_start"": null}"
no_constraint_stage2_fair,19,stage2_ext_023_obj_2,closest_candidate,episode_000,3,3019,27,Q2_user_action_during_critical_breach,high,Analyse,User2,User,Impact,Op_Server0,"[""Op_Server0""]","[""Op_Server0""]","[""Enterprise0"", ""Enterprise2"", ""Op_Server0"", ""User0"", ""User4""]","[""Enterprise0"", ""Enterprise2"", ""Op_Server0"", ""User0"", ""User4""]","{""blue_first_relevant_response_after_critical"": 20, ""blue_first_relevant_response_after_enterprise"": 10, ""enterprise_foothold_step"": 5, ""first_critical_hit_step"": 17, ""window_end"": null, ""window_start"": null}"
no_constraint_stage2_fair,19,stage2_ext_023_obj_2,closest_candidate,episode_000,3,3019,29,Q2_user_action_during_critical_breach,high,DecoyTomcat,User3,User,Impact,Op_Server0,"[""Op_Server0""]","[""Op_Server0""]","[""Enterprise0"", ""Enterprise2"", ""Op_Server0"", ""User0"", ""User4""]","[""Enterprise0"", ""Enterprise2"", ""Op_Server0"", ""User0"", ""User4""]","{""blue_first_relevant_response_after_critical"": 20, ""blue_first_relevant_response_after_enterprise"": 10, ""enterprise_foothold_step"": 5, ""first_critical_hit_step"": 17, ""window_end"": null, ""window_start"": null}"
no_constraint_stage2_fair,19,stage2_ext_023_obj_2,closest_candidate,episode_000,3,3019,30,Q2_user_action_during_critical_breach,high,DecoyTomcat,User0,User,Impact,Op_Server0,"[""Op_Server0""]","[""Op_Server0""]","[""Enterprise0"", ""Enterprise2"", ""Op_Server0"", ""User0"", ""User4""]","[""Enterprise0"", ""Enterprise2"", ""Op_Server0"", ""User0"", ""User4""]","{""blue_first_relevant_response_after_critical"": 20, ""blue_first_relevant_response_after_enterprise"": 10, ""enterprise_foothold_step"": 5, ""first_critical_hit_step"": 17, ""window_end"": null, ""window_start"": null}"
no_constraint_stage2_fair,19,stage2_ext_023_obj_2,closest_candidate,episode_000,3,3019,32,Q2_user_action_during_critical_breach,high,DecoySSHD,User3,User,Impact,Op_Server0,"[""Op_Server0""]","[""Op_Server0""]","[""Enterprise0"", ""Enterprise2"", ""Op_Server0"", ""User0"", ""User4""]","[""Enterprise0"", ""Enterprise2"", ""Op_Server0"", ""User0"", ""User4""]","{""blue_first_relevant_response_after_critical"": 20, ""blue_first_relevant_response_after_enterprise"": 10, ""enterprise_foothold_step"": 5, ""first_critical_hit_step"": 17, ""window_end"": null, ""window_start"": null}"
no_constraint_stage2_fair,19,stage2_ext_023_obj_2,closest_candidate,episode_000,3,3019,33,Q2_user_action_during_critical_breach,high,Analyse,User2,User,Impact,Op_Server0,"[""Op_Server0""]","[""Op_Server0""]","[""Enterprise0"", ""Enterprise2"", ""Op_Server0"", ""User0"", ""User4""]","[""Enterprise0"", ""Enterprise2"", ""Op_Server0"", ""User0"", ""User4""]","{""blue_first_relevant_response_after_critical"": 20, ""blue_first_relevant_response_after_enterprise"": 10, ""enterprise_foothold_step"": 5, ""first_critical_hit_step"": 17, ""window_end"": null, ""window_start"": null}"
no_constraint_stage2_fair,19,stage2_ext_023_obj_2,closest_candidate,episode_000,3,3019,38,Q2_user_action_during_critical_breach,high,DecoyTomcat,User3,User,Impact,Op_Server0,"[""Op_Server0""]","[""Op_Server0""]","[""Enterprise0"", ""Enterprise2"", ""Op_Server0"", ""User0"", ""User4""]","[""Enterprise0"", ""Enterprise2"", ""Op_Server0"", ""User0"", ""User4""]","{""blue_first_relevant_response_after_critical"": 20, ""blue_first_relevant_response_after_enterprise"": 10, ""enterprise_foothold_step"": 5, ""first_critical_hit_step"": 17, ""window_end"": null, ""window_start"": null}"
no_constraint_stage2_fair,19,stage2_ext_023_obj_2,closest_candidate,episode_000,3,3019,41,Q2_user_action_during_critical_breach,high,Analyse,User0,User,Impact,Op_Server0,"[""Op_Server0""]","[""Op_Server0""]","[""Enterprise0"", ""Enterprise2"", ""Op_Server0"", ""User0"", ""User4""]","[""Enterprise0"", ""Enterprise2"", ""Op_Server0"", ""User0"", ""User4""]","{""blue_first_relevant_response_after_critical"": 20, ""blue_first_relevant_response_after_enterprise"": 10, ""enterprise_foothold_step"": 5, ""first_critical_hit_step"": 17, ""window_end"": null, ""window_start"": null}"
no_constraint_stage2_fair,19,stage2_ext_023_obj_2,closest_candidate,episode_000,3,3019,42,Q2_user_action_during_critical_breach,high,DecoyTomcat,User3,User,Impact,Op_Server0,"[""Op_Server0""]","[""Op_Server0""]","[""Enterprise0"", ""Enterprise2"", ""Op_Server0"", ""User0"", ""User4""]","[""Enterprise0"", ""Enterprise2"", ""Op_Server0"", ""User0"", ""User4""]","{""blue_first_relevant_response_after_critical"": 20, ""blue_first_relevant_response_after_enterprise"": 10, ""enterprise_foothold_step"": 5, ""first_critical_hit_step"": 17, ""window_end"": null, ""window_start"": null}"
no_constraint_stage2_fair,19,stage2_ext_023_obj_2,closest_candidate,episode_000,3,3019,43,Q2_user_action_during_critical_breach,high,Analyse,User2,User,Impact,Op_Server0,"[""Op_Server0""]","[""Op_Server0""]","[""Enterprise0"", ""Enterprise2"", ""Op_Server0"", ""User0"", ""User4""]","[""Enterprise0"", ""Enterprise2"", ""Op_Server0"", ""User0"", ""User4""]","{""blue_first_relevant_response_after_critical"": 20, ""blue_first_relevant_response_after_enterprise"": 10, ""enterprise_foothold_step"": 5, ""first_critical_hit_step"": 17, ""window_end"": null, ""window_start"": null}"
no_constraint_stage2_fair,19,stage2_ext_023_obj_2,closest_candidate,episode_000,3,3019,44,Q2_user_action_during_critical_breach,high,Analyse,User0,User,Impact,Op_Server0,"[""Op_Server0""]","[""Op_Server0""]","[""Enterprise0"", ""Enterprise2"", ""Op_Server0"", ""User0"", ""User4""]","[""Enterprise0"", ""Enterprise2"", ""Op_Server0"", ""User0"", ""User4""]","{""blue_first_relevant_response_after_critical"": 20, ""blue_first_relevant_response_after_enterprise"": 10, ""enterprise_foothold_step"": 5, ""first_critical_hit_step"": 17, ""window_end"": null, ""window_start"": null}"
no_constraint_stage2_fair,19,stage2_ext_023_obj_2,closest_candidate,episode_000,3,3019,46,Q2_user_action_during_critical_breach,high,DecoyTomcat,User3,User,Impact,Op_Server0,"[""Op_Server0""]","[""Op_Server0""]","[""Enterprise0"", ""Enterprise2"", ""Op_Server0"", ""User0"", ""User4""]","[""Enterprise0"", ""Enterprise2"", ""Op_Server0"", ""User0"", ""User4""]","{""blue_first_relevant_response_after_critical"": 20, ""blue_first_relevant_response_after_enterprise"": 10, ""enterprise_foothold_step"": 5, ""first_critical_hit_step"": 17, ""window_end"": null, ""window_start"": null}"
no_constraint_stage2_fair,19,stage2_ext_023_obj_2,closest_candidate,episode_000,3,3019,50,Q2_user_action_during_critical_breach,high,DecoyApache,User1,User,Impact,Op_Server0,"[""Op_Server0""]","[""Op_Server0""]","[""Enterprise0"", ""Enterprise2"", ""Op_Server0"", ""User0"", ""User4""]","[""Enterprise0"", ""Enterprise2"", ""Op_Server0"", ""User0"", ""User4""]","{""blue_first_relevant_response_after_critical"": 20, ""blue_first_relevant_response_after_enterprise"": 10, ""enterprise_foothold_step"": 5, ""first_critical_hit_step"": 17, ""window_end"": null, ""window_start"": null}"
no_constraint_stage2_fair,19,stage2_ext_023_obj_2,closest_candidate,episode_000,3,3019,54,Q2_user_action_during_critical_breach,high,DecoyApache,User1,User,Impact,Op_Server0,"[""Op_Server0""]","[""Op_Server0""]","[""Enterprise0"", ""Enterprise2"", ""Op_Server0"", ""User0"", ""User4""]","[""Enterprise0"", ""Enterprise2"", ""Op_Server0"", ""User0"", ""User4""]","{""blue_first_relevant_response_after_critical"": 20, ""blue_first_relevant_response_after_enterprise"": 10, ""enterprise_foothold_step"": 5, ""first_critical_hit_step"": 17, ""window_end"": null, ""window_start"": null}"
no_constraint_stage2_fair,19,stage2_ext_023_obj_2,closest_candidate,episode_000,3,3019,56,Q2_user_action_during_critical_breach,high,DecoyHarakaSMPT,User1,User,Impact,Op_Server0,"[""Op_Server0""]","[""Op_Server0""]","[""Enterprise0"", ""Enterprise2"", ""Op_Server0"", ""User0"", ""User4""]","[""Enterprise0"", ""Enterprise2"", ""Op_Server0"", ""User0"", ""User4""]","{""blue_first_relevant_response_after_critical"": 20, ""blue_first_relevant_response_after_enterprise"": 10, ""enterprise_foothold_step"": 5, ""first_critical_hit_step"": 17, ""window_end"": null, ""window_start"": null}"
no_constraint_stage2_fair,19,stage2_ext_023_obj_2,closest_candidate,episode_000,3,3019,57,Q2_user_action_during_critical_breach,high,DecoyApache,User1,User,Impact,Op_Server0,"[""Op_Server0""]","[""Op_Server0""]","[""Enterprise0"", ""Enterprise2"", ""Op_Server0"", ""User0"", ""User4""]","[""Enterprise0"", ""Enterprise2"", ""Op_Server0"", ""User0"", ""User4""]","{""blue_first_relevant_response_after_critical"": 20, ""blue_first_relevant_response_after_enterprise"": 10, ""enterprise_foothold_step"": 5, ""first_critical_hit_step"": 17, ""window_end"": null, ""window_start"": null}"
no_constraint_stage2_fair,19,stage2_ext_023_obj_2,closest_candidate,episode_000,3,3019,58,Q2_user_action_during_critical_breach,high,DecoyTomcat,User3,User,Impact,Op_Server0,"[""Op_Server0""]","[""Op_Server0""]","[""Enterprise0"", ""Enterprise2"", ""Op_Server0"", ""User0"", ""User4""]","[""Enterprise0"", ""Enterprise2"", ""Op_Server0"", ""User0"", ""User4""]","{""blue_first_relevant_response_after_critical"": 20, ""blue_first_relevant_response_after_enterprise"": 10, ""enterprise_foothold_step"": 5, ""first_critical_hit_step"": 17, ""window_end"": null, ""window_start"": null}"
no_constraint_stage2_fair,19,stage2_ext_023_obj_2,closest_candidate,episode_000,3,3019,65,Q2_user_action_during_critical_breach,high,Analyse,User2,User,Impact,Op_Server0,"[""Op_Server0""]","[""Op_Server0""]","[""Enterprise0"", ""Enterprise2"", ""Op_Server0"", ""User0"", ""User4""]","[""Enterprise0"", ""Enterprise2"", ""Op_Server0"", ""User0"", ""User4""]","{""blue_first_relevant_response_after_critical"": 20, ""blue_first_relevant_response_after_enterprise"": 10, ""enterprise_foothold_step"": 5, ""first_critical_hit_step"": 17, ""window_end"": null, ""window_start"": null}"
no_constraint_stage2_fair,19,stage2_ext_023_obj_2,closest_candidate,episode_000,3,3019,67,Q2_user_action_during_critical_breach,high,Analyse,User0,User,Impact,Op_Server0,"[""Op_Server0""]","[""Op_Server0""]","[""Enterprise0"", ""Enterprise2"", ""Op_Server0"", ""User0"", ""User4""]","[""Enterprise0"", ""Enterprise2"", ""Op_Server0"", ""User0"", ""User4""]","{""blue_first_relevant_response_after_critical"": 20, ""blue_first_relevant_response_after_enterprise"": 10, ""enterprise_foothold_step"": 5, ""first_critical_hit_step"": 17, ""window_end"": null, ""window_start"": null}"
no_constraint_stage2_fair,19,stage2_ext_023_obj_2,closest_candidate,episode_000,3,3019,71,Q2_user_action_during_critical_breach,high,DecoyTomcat,User0,User,Impact,Op_Server0,"[""Op_Server0""]","[""Op_Server0""]","[""Enterprise0"", ""Enterprise2"", ""Op_Server0"", ""User0"", ""User4""]","[""Enterprise0"", ""Enterprise2"", ""Op_Server0"", ""User0"", ""User4""]","{""blue_first_relevant_response_after_critical"": 20, ""blue_first_relevant_response_after_enterprise"": 10, ""enterprise_foothold_step"": 5, ""first_critical_hit_step"": 17, ""window_end"": null, ""window_start"": null}"
no_constraint_stage2_fair,19,stage2_ext_023_obj_2,closest_candidate,episode_000,3,3019,73,Q2_user_action_during_critical_breach,high,DecoyTomcat,User3,User,Impact,Op_Server0,"[""Op_Server0""]","[""Op_Server0""]","[""Enterprise0"", ""Enterprise2"", ""Op_Server0"", ""User0"", ""User4""]","[""Enterprise0"", ""Enterprise2"", ""Op_Server0"", ""User0"", ""User4""]","{""blue_first_relevant_response_after_critical"": 20, ""blue_first_relevant_response_after_enterprise"": 10, ""enterprise_foothold_step"": 5, ""first_critical_hit_step"": 17, ""window_end"": null, ""window_start"": null}"
no_constraint_stage2_fair,19,stage2_ext_023_obj_2,closest_candidate,episode_000,3,3019,74,Q2_user_action_during_critical_breach,high,Analyse,User2,User,Impact,Op_Server0,"[""Op_Server0""]","[""Op_Server0""]","[""Enterprise0"", ""Enterprise2"", ""Op_Server0"", ""User0"", ""User4""]","[""Enterprise0"", ""Enterprise2"", ""Op_Server0"", ""User0"", ""User4""]","{""blue_first_relevant_response_after_critical"": 20, ""blue_first_relevant_response_after_enterprise"": 10, ""enterprise_foothold_step"": 5, ""first_critical_hit_step"": 17, ""window_end"": null, ""window_start"": null}"
no_constraint_stage2_fair,19,stage2_ext_023_obj_2,closest_candidate,episode_000,3,3019,75,Q2_user_action_during_critical_breach,high,DecoyTomcat,User3,User,Impact,Op_Server0,"[""Op_Server0""]","[""Op_Server0""]","[""Enterprise0"", ""Enterprise2"", ""Op_Server0"", ""User0"", ""User4""]","[""Enterprise0"", ""Enterprise2"", ""Op_Server0"", ""User0"", ""User4""]","{""blue_first_relevant_response_after_critical"": 20, ""blue_first_relevant_response_after_enterprise"": 10, ""enterprise_foothold_step"": 5, ""first_critical_hit_step"": 17, ""window_end"": null, ""window_start"": null}"
no_constraint_stage2_fair,19,stage2_ext_023_obj_2,closest_candidate,episode_000,3,3019,78,Q2_user_action_during_critical_breach,high,DecoyTomcat,User3,User,Impact,Op_Server0,"[""Op_Server0""]","[""Op_Server0""]","[""Enterprise0"", ""Enterprise2"", ""Op_Server0"", ""User0"", ""User4""]","[""Enterprise0"", ""Enterprise2"", ""Op_Server0"", ""User0"", ""User4""]","{""blue_first_relevant_response_after_critical"": 20, ""blue_first_relevant_response_after_enterprise"": 10, ""enterprise_foothold_step"": 5, ""first_critical_hit_step"": 17, ""window_end"": null, ""window_start"": null}"
no_constraint_stage2_fair,19,stage2_ext_023_obj_2,closest_candidate,episode_000,3,3019,80,Q2_user_action_during_critical_breach,high,DecoyVsftpd,User3,User,Impact,Op_Server0,"[""Op_Server0""]","[""Op_Server0""]","[""Enterprise2"", ""Op_Server0"", ""User0"", ""User4""]","[""Enterprise2"", ""Op_Server0"", ""User0"", ""User4""]","{""blue_first_relevant_response_after_critical"": 20, ""blue_first_relevant_response_after_enterprise"": 10, ""enterprise_foothold_step"": 5, ""first_critical_hit_step"": 17, ""window_end"": null, ""window_start"": null}"
no_constraint_stage2_fair,19,stage2_ext_023_obj_2,closest_candidate,episode_000,3,3019,81,Q2_user_action_during_critical_breach,high,Analyse,User2,User,Impact,Op_Server0,"[""Op_Server0""]","[""Op_Server0""]","[""Enterprise2"", ""Op_Server0"", ""User0"", ""User4""]","[""Enterprise2"", ""Op_Server0"", ""User0"", ""User4""]","{""blue_first_relevant_response_after_critical"": 20, ""blue_first_relevant_response_after_enterprise"": 10, ""enterprise_foothold_step"": 5, ""first_critical_hit_step"": 17, ""window_end"": null, ""window_start"": null}"
no_constraint_stage2_fair,19,stage2_ext_023_obj_2,closest_candidate,episode_000,3,3019,84,Q2_user_action_during_critical_breach,high,Analyse,User2,User,Impact,Op_Server0,"[""Op_Server0""]","[""Op_Server0""]","[""Enterprise2"", ""Op_Server0"", ""User0"", ""User4""]","[""Enterprise2"", ""Op_Server0"", ""User0"", ""User4""]","{""blue_first_relevant_response_after_critical"": 20, ""blue_first_relevant_response_after_enterprise"": 10, ""enterprise_foothold_step"": 5, ""first_critical_hit_step"": 17, ""window_end"": null, ""window_start"": null}"
no_constraint_stage2_fair,19,stage2_ext_023_obj_2,closest_candidate,episode_000,3,3019,85,Q2_user_action_during_critical_breach,high,Analyse,User2,User,Impact,Op_Server0,"[""Op_Server0""]","[""Op_Server0""]","[""Enterprise2"", ""Op_Server0"", ""User0"", ""User4""]","[""Enterprise2"", ""Op_Server0"", ""User0"", ""User4""]","{""blue_first_relevant_response_after_critical"": 20, ""blue_first_relevant_response_after_enterprise"": 10, ""enterprise_foothold_step"": 5, ""first_critical_hit_step"": 17, ""window_end"": null, ""window_start"": null}"
no_constraint_stage2_fair,19,stage2_ext_023_obj_2,closest_candidate,episode_000,3,3019,86,Q2_user_action_during_critical_breach,high,Analyse,User2,User,Impact,Op_Server0,"[""Op_Server0""]","[""Op_Server0""]","[""Enterprise2"", ""Op_Server0"", ""User0"", ""User4""]","[""Enterprise2"", ""Op_Server0"", ""User0"", ""User4""]","{""blue_first_relevant_response_after_critical"": 20, ""blue_first_relevant_response_after_enterprise"": 10, ""enterprise_foothold_step"": 5, ""first_critical_hit_step"": 17, ""window_end"": null, ""window_start"": null}"
no_constraint_stage2_fair,19,stage2_ext_023_obj_2,closest_candidate,episode_000,3,3019,90,Q2_user_action_during_critical_breach,high,Analyse,User2,User,Impact,Op_Server0,"[""Op_Server0""]","[""Op_Server0""]","[""Enterprise2"", ""Op_Server0"", ""User0"", ""User4""]","[""Enterprise2"", ""Op_Server0"", ""User0"", ""User4""]","{""blue_first_relevant_response_after_critical"": 20, ""blue_first_relevant_response_after_enterprise"": 10, ""enterprise_foothold_step"": 5, ""first_critical_hit_step"": 17, ""window_end"": null, ""window_start"": null}"
no_constraint_stage2_fair,19,stage2_ext_023_obj_2,closest_candidate,episode_000,3,3019,92,Q2_user_action_during_critical_breach,high,Analyse,User2,User,Impact,Op_Server0,"[""Op_Server0""]","[""Op_Server0""]","[""Enterprise2"", ""Op_Server0"", ""User0"", ""User4""]","[""Enterprise2"", ""Op_Server0"", ""User0"", ""User4""]","{""blue_first_relevant_response_after_critical"": 20, ""blue_first_relevant_response_after_enterprise"": 10, ""enterprise_foothold_step"": 5, ""first_critical_hit_step"": 17, ""window_end"": null, ""window_start"": null}"
no_constraint_stage2_fair,19,stage2_ext_023_obj_2,closest_candidate,episode_000,3,3019,93,Q2_user_action_during_critical_breach,high,DecoyApache,User1,User,Impact,Op_Server0,"[""Op_Server0""]","[""Op_Server0""]","[""Enterprise2"", ""Op_Server0"", ""User0"", ""User4""]","[""Enterprise2"", ""Op_Server0"", ""User0"", ""User4""]","{""blue_first_relevant_response_after_critical"": 20, ""blue_first_relevant_response_after_enterprise"": 10, ""enterprise_foothold_step"": 5, ""first_critical_hit_step"": 17, ""window_end"": null, ""window_start"": null}"
no_constraint_stage2_fair,19,stage2_ext_023_obj_2,closest_candidate,episode_000,3,3019,97,Q2_user_action_during_critical_breach,high,Analyse,User1,User,Impact,Op_Server0,"[""Op_Server0""]","[""Op_Server0""]","[""Enterprise2"", ""Op_Server0"", ""User0"", ""User4""]","[""Enterprise2"", ""Op_Server0"", ""User0"", ""User4""]","{""blue_first_relevant_response_after_critical"": 20, ""blue_first_relevant_response_after_enterprise"": 10, ""enterprise_foothold_step"": 5, ""first_critical_hit_step"": 17, ""window_end"": null, ""window_start"": null}"
no_constraint_stage2_fair,19,stage2_ext_023_obj_2,closest_candidate,episode_000,3,3019,98,Q2_user_action_during_critical_breach,high,Analyse,User1,User,Impact,Op_Server0,"[""Op_Server0""]","[""Op_Server0""]","[""Enterprise2"", ""Op_Server0"", ""User0"", ""User4""]","[""Enterprise2"", ""Op_Server0"", ""User0"", ""User4""]","{""blue_first_relevant_response_after_critical"": 20, ""blue_first_relevant_response_after_enterprise"": 10, ""enterprise_foothold_step"": 5, ""first_critical_hit_step"": 17, ""window_end"": null, ""window_start"": null}"
no_constraint_stage2_fair,19,stage2_ext_023_obj_2,closest_candidate,episode_000,3,3019,13,Q4_user_focus_after_enterprise_foothold,medium,Analyse,User2,User,DiscoverNetworkServices,,[],[],"[""Enterprise0"", ""User0"", ""User4""]","[""Enterprise0"", ""User0"", ""User4""]","{""blue_first_relevant_response_after_critical"": 20, ""blue_first_relevant_response_after_enterprise"": 10, ""enterprise_foothold_step"": 5, ""first_critical_hit_step"": 17, ""window_end"": 15, ""window_start"": 13}"
no_constraint_stage2_fair,19,stage2_ext_023_obj_2,closest_candidate,episode_000,3,3019,14,Q4_user_focus_after_enterprise_foothold,medium,Analyse,User2,User,ExploitRemoteService,,[],[],"[""Enterprise0"", ""User0"", ""User4""]","[""Enterprise0"", ""Enterprise2"", ""User0"", ""User4""]","{""blue_first_relevant_response_after_critical"": 20, ""blue_first_relevant_response_after_enterprise"": 10, ""enterprise_foothold_step"": 5, ""first_critical_hit_step"": 17, ""window_end"": 16, ""window_start"": 14}"
no_constraint_stage2_fair,19,stage2_ext_023_obj_2,closest_candidate,episode_000,3,3019,15,Q4_user_focus_after_enterprise_foothold,medium,Analyse,User2,User,PrivilegeEscalate,Enterprise2,[],[],"[""Enterprise0"", ""Enterprise2"", ""User0"", ""User4""]","[""Enterprise0"", ""Enterprise2"", ""User0"", ""User4""]","{""blue_first_relevant_response_after_critical"": 20, ""blue_first_relevant_response_after_enterprise"": 10, ""enterprise_foothold_step"": 5, ""first_critical_hit_step"": 17, ""window_end"": 17, ""window_start"": 15}"
no_constraint_stage2_fair,19,stage2_ext_023_obj_2,closest_candidate,episode_000,3,3019,21,Q4_user_focus_after_enterprise_foothold,medium,DecoyHarakaSMPT,User1,User,Impact,Op_Server0,"[""Op_Server0""]","[""Op_Server0""]","[""Enterprise0"", ""Enterprise2"", ""Op_Server0"", ""User0"", ""User4""]","[""Enterprise0"", ""Enterprise2"", ""Op_Server0"", ""User0"", ""User4""]","{""blue_first_relevant_response_after_critical"": 20, ""blue_first_relevant_response_after_enterprise"": 10, ""enterprise_foothold_step"": 5, ""first_critical_hit_step"": 17, ""window_end"": 23, ""window_start"": 21}"
no_constraint_stage2_fair,19,stage2_ext_023_obj_2,closest_candidate,episode_000,3,3019,41,Q4_user_focus_after_enterprise_foothold,medium,Analyse,User0,User,Impact,Op_Server0,"[""Op_Server0""]","[""Op_Server0""]","[""Enterprise0"", ""Enterprise2"", ""Op_Server0"", ""User0"", ""User4""]","[""Enterprise0"", ""Enterprise2"", ""Op_Server0"", ""User0"", ""User4""]","{""blue_first_relevant_response_after_critical"": 20, ""blue_first_relevant_response_after_enterprise"": 10, ""enterprise_foothold_step"": 5, ""first_critical_hit_step"": 17, ""window_end"": 43, ""window_start"": 41}"
no_constraint_stage2_fair,19,stage2_ext_023_obj_2,closest_candidate,episode_000,3,3019,42,Q4_user_focus_after_enterprise_foothold,medium,DecoyTomcat,User3,User,Impact,Op_Server0,"[""Op_Server0""]","[""Op_Server0""]","[""Enterprise0"", ""Enterprise2"", ""Op_Server0"", ""User0"", ""User4""]","[""Enterprise0"", ""Enterprise2"", ""Op_Server0"", ""User0"", ""User4""]","{""blue_first_relevant_response_after_critical"": 20, ""blue_first_relevant_response_after_enterprise"": 10, ""enterprise_foothold_step"": 5, ""first_critical_hit_step"": 17, ""window_end"": 44, ""window_start"": 42}"
no_constraint_stage2_fair,19,stage2_ext_023_obj_2,closest_candidate,episode_000,3,3019,56,Q4_user_focus_after_enterprise_foothold,medium,DecoyHarakaSMPT,User1,User,Impact,Op_Server0,"[""Op_Server0""]","[""Op_Server0""]","[""Enterprise0"", ""Enterprise2"", ""Op_Server0"", ""User0"", ""User4""]","[""Enterprise0"", ""Enterprise2"", ""Op_Server0"", ""User0"", ""User4""]","{""blue_first_relevant_response_after_critical"": 20, ""blue_first_relevant_response_after_enterprise"": 10, ""enterprise_foothold_step"": 5, ""first_critical_hit_step"": 17, ""window_end"": 58, ""window_start"": 56}"
no_constraint_stage2_fair,19,stage2_ext_023_obj_2,closest_candidate,episode_000,3,3019,73,Q4_user_focus_after_enterprise_foothold,medium,DecoyTomcat,User3,User,Impact,Op_Server0,"[""Op_Server0""]","[""Op_Server0""]","[""Enterprise0"", ""Enterprise2"", ""Op_Server0"", ""User0"", ""User4""]","[""Enterprise0"", ""Enterprise2"", ""Op_Server0"", ""User0"", ""User4""]","{""blue_first_relevant_response_after_critical"": 20, ""blue_first_relevant_response_after_enterprise"": 10, ""enterprise_foothold_step"": 5, ""first_critical_hit_step"": 17, ""window_end"": 75, ""window_start"": 73}"
no_constraint_stage2_fair,19,stage2_ext_023_obj_2,closest_candidate,episode_000,3,3019,84,Q4_user_focus_after_enterprise_foothold,medium,Analyse,User2,User,Impact,Op_Server0,"[""Op_Server0""]","[""Op_Server0""]","[""Enterprise2"", ""Op_Server0"", ""User0"", ""User4""]","[""Enterprise2"", ""Op_Server0"", ""User0"", ""User4""]","{""blue_first_relevant_response_after_critical"": 20, ""blue_first_relevant_response_after_enterprise"": 10, ""enterprise_foothold_step"": 5, ""first_critical_hit_step"": 17, ""window_end"": 86, ""window_start"": 84}"
no_constraint_stage2_fair,19,stage2_ext_023_obj_2,closest_candidate,episode_000,3,3019,38,Q5_repeated_low_value_decoy_loop,medium,DecoyTomcat,User3,User,Impact,Op_Server0,"[""Op_Server0""]","[""Op_Server0""]","[""Enterprise0"", ""Enterprise2"", ""Op_Server0"", ""User0"", ""User4""]","[""Enterprise0"", ""Enterprise2"", ""Op_Server0"", ""User0"", ""User4""]","{""blue_first_relevant_response_after_critical"": 20, ""blue_first_relevant_response_after_enterprise"": 10, ""enterprise_foothold_step"": 5, ""first_critical_hit_step"": 17, ""window_end"": 46, ""window_start"": 37}"
no_constraint_stage2_fair,19,stage2_ext_023_obj_2,closest_candidate,episode_000,3,3019,50,Q5_repeated_low_value_decoy_loop,medium,DecoyApache,User1,User,Impact,Op_Server0,"[""Op_Server0""]","[""Op_Server0""]","[""Enterprise0"", ""Enterprise2"", ""Op_Server0"", ""User0"", ""User4""]","[""Enterprise0"", ""Enterprise2"", ""Op_Server0"", ""User0"", ""User4""]","{""blue_first_relevant_response_after_critical"": 20, ""blue_first_relevant_response_after_enterprise"": 10, ""enterprise_foothold_step"": 5, ""first_critical_hit_step"": 17, ""window_end"": 57, ""window_start"": 48}"
no_constraint_stage2_fair,19,stage2_ext_023_obj_2,closest_candidate,episode_000,4,4019,82,Q2_user_action_during_critical_breach,high,Analyse,User2,User,PrivilegeEscalate,Op_Server0,"[""Op_Server0""]","[""Op_Server0""]","[""Enterprise0"", ""Enterprise2"", ""Op_Server0"", ""User0"", ""User3""]","[""Enterprise0"", ""Enterprise2"", ""Op_Server0"", ""User0"", ""User3""]","{""blue_first_relevant_response_after_critical"": 89, ""blue_first_relevant_response_after_enterprise"": 7, ""enterprise_foothold_step"": 5, ""first_critical_hit_step"": 81, ""window_end"": null, ""window_start"": null}"
no_constraint_stage2_fair,19,stage2_ext_023_obj_2,closest_candidate,episode_000,4,4019,83,Q2_user_action_during_critical_breach,high,DecoyApache,User1,User,Impact,Op_Server0,"[""Op_Server0""]","[""Op_Server0""]","[""Enterprise0"", ""Enterprise2"", ""Op_Server0"", ""User0"", ""User3""]","[""Enterprise0"", ""Enterprise2"", ""Op_Server0"", ""User0"", ""User3""]","{""blue_first_relevant_response_after_critical"": 89, ""blue_first_relevant_response_after_enterprise"": 7, ""enterprise_foothold_step"": 5, ""first_critical_hit_step"": 81, ""window_end"": null, ""window_start"": null}"
no_constraint_stage2_fair,19,stage2_ext_023_obj_2,closest_candidate,episode_000,4,4019,84,Q2_user_action_during_critical_breach,high,Analyse,User2,User,Impact,Op_Server0,"[""Op_Server0""]","[""Op_Server0""]","[""Enterprise0"", ""Enterprise2"", ""Op_Server0"", ""User0"", ""User3""]","[""Enterprise0"", ""Enterprise2"", ""Op_Server0"", ""User0"", ""User3""]","{""blue_first_relevant_response_after_critical"": 89, ""blue_first_relevant_response_after_enterprise"": 7, ""enterprise_foothold_step"": 5, ""first_critical_hit_step"": 81, ""window_end"": null, ""window_start"": null}"
no_constraint_stage2_fair,19,stage2_ext_023_obj_2,closest_candidate,episode_000,4,4019,87,Q2_user_action_during_critical_breach,high,Analyse,User1,User,Impact,Op_Server0,"[""Op_Server0""]","[""Op_Server0""]","[""Enterprise0"", ""Enterprise2"", ""Op_Server0"", ""User0"", ""User3""]","[""Enterprise0"", ""Enterprise2"", ""Op_Server0"", ""User0"", ""User3""]","{""blue_first_relevant_response_after_critical"": 89, ""blue_first_relevant_response_after_enterprise"": 7, ""enterprise_foothold_step"": 5, ""first_critical_hit_step"": 81, ""window_end"": null, ""window_start"": null}"
no_constraint_stage2_fair,19,stage2_ext_023_obj_2,closest_candidate,episode_000,4,4019,88,Q2_user_action_during_critical_breach,high,Analyse,User1,User,Impact,Op_Server0,"[""Op_Server0""]","[""Op_Server0""]","[""Enterprise0"", ""Enterprise2"", ""Op_Server0"", ""User0"", ""User3""]","[""Enterprise0"", ""Enterprise2"", ""Op_Server0"", ""User0"", ""User3""]","{""blue_first_relevant_response_after_critical"": 89, ""blue_first_relevant_response_after_enterprise"": 7, ""enterprise_foothold_step"": 5, ""first_critical_hit_step"": 81, ""window_end"": null, ""window_start"": null}"
no_constraint_stage2_fair,19,stage2_ext_023_obj_2,closest_candidate,episode_000,4,4019,90,Q2_user_action_during_critical_breach,high,Analyse,User2,User,Impact,Op_Server0,"[""Op_Server0""]","[""Op_Server0""]","[""Enterprise0"", ""Enterprise2"", ""Op_Server0"", ""User0"", ""User3""]","[""Enterprise0"", ""Enterprise2"", ""Op_Server0"", ""User0"", ""User3""]","{""blue_first_relevant_response_after_critical"": 89, ""blue_first_relevant_response_after_enterprise"": 7, ""enterprise_foothold_step"": 5, ""first_critical_hit_step"": 81, ""window_end"": null, ""window_start"": null}"
no_constraint_stage2_fair,19,stage2_ext_023_obj_2,closest_candidate,episode_000,4,4019,91,Q2_user_action_during_critical_breach,high,DecoyTomcat,User3,User,Impact,Op_Server0,"[""Op_Server0""]","[""Op_Server0""]","[""Enterprise0"", ""Enterprise2"", ""Op_Server0"", ""User0"", ""User3""]","[""Enterprise0"", ""Enterprise2"", ""Op_Server0"", ""User0"", ""User3""]","{""blue_first_relevant_response_after_critical"": 89, ""blue_first_relevant_response_after_enterprise"": 7, ""enterprise_foothold_step"": 5, ""first_critical_hit_step"": 81, ""window_end"": null, ""window_start"": null}"
no_constraint_stage2_fair,19,stage2_ext_023_obj_2,closest_candidate,episode_000,4,4019,92,Q2_user_action_during_critical_breach,high,Analyse,User2,User,Impact,Op_Server0,"[""Op_Server0""]","[""Op_Server0""]","[""Enterprise0"", ""Enterprise2"", ""Op_Server0"", ""User0"", ""User3""]","[""Enterprise0"", ""Enterprise2"", ""Op_Server0"", ""User0"", ""User3""]","{""blue_first_relevant_response_after_critical"": 89, ""blue_first_relevant_response_after_enterprise"": 7, ""enterprise_foothold_step"": 5, ""first_critical_hit_step"": 81, ""window_end"": null, ""window_start"": null}"
no_constraint_stage2_fair,19,stage2_ext_023_obj_2,closest_candidate,episode_000,4,4019,93,Q2_user_action_during_critical_breach,high,DecoySSHD,User4,User,Impact,Op_Server0,"[""Op_Server0""]","[""Op_Server0""]","[""Enterprise0"", ""Enterprise2"", ""Op_Server0"", ""User0"", ""User3""]","[""Enterprise0"", ""Enterprise2"", ""Op_Server0"", ""User0"", ""User3""]","{""blue_first_relevant_response_after_critical"": 89, ""blue_first_relevant_response_after_enterprise"": 7, ""enterprise_foothold_step"": 5, ""first_critical_hit_step"": 81, ""window_end"": null, ""window_start"": null}"
no_constraint_stage2_fair,19,stage2_ext_023_obj_2,closest_candidate,episode_000,4,4019,94,Q2_user_action_during_critical_breach,high,Remove,User3,User,Impact,Op_Server0,"[""Op_Server0""]","[""Op_Server0""]","[""Enterprise0"", ""Enterprise2"", ""Op_Server0"", ""User0"", ""User3""]","[""Enterprise0"", ""Enterprise2"", ""Op_Server0"", ""User0"", ""User3""]","{""blue_first_relevant_response_after_critical"": 89, ""blue_first_relevant_response_after_enterprise"": 7, ""enterprise_foothold_step"": 5, ""first_critical_hit_step"": 81, ""window_end"": null, ""window_start"": null}"
no_constraint_stage2_fair,19,stage2_ext_023_obj_2,closest_candidate,episode_000,4,4019,95,Q2_user_action_during_critical_breach,high,DecoySSHD,User3,User,Impact,Op_Server0,"[""Op_Server0""]","[""Op_Server0""]","[""Enterprise0"", ""Enterprise2"", ""Op_Server0"", ""User0"", ""User3""]","[""Enterprise0"", ""Enterprise2"", ""Op_Server0"", ""User0"", ""User3""]","{""blue_first_relevant_response_after_critical"": 89, ""blue_first_relevant_response_after_enterprise"": 7, ""enterprise_foothold_step"": 5, ""first_critical_hit_step"": 81, ""window_end"": null, ""window_start"": null}"
no_constraint_stage2_fair,19,stage2_ext_023_obj_2,closest_candidate,episode_000,4,4019,96,Q2_user_action_during_critical_breach,high,Analyse,User0,User,Impact,Op_Server0,"[""Op_Server0""]","[""Op_Server0""]","[""Enterprise0"", ""Enterprise2"", ""Op_Server0"", ""User0"", ""User3""]","[""Enterprise0"", ""Enterprise2"", ""Op_Server0"", ""User0"", ""User3""]","{""blue_first_relevant_response_after_critical"": 89, ""blue_first_relevant_response_after_enterprise"": 7, ""enterprise_foothold_step"": 5, ""first_critical_hit_step"": 81, ""window_end"": null, ""window_start"": null}"
no_constraint_stage2_fair,19,stage2_ext_023_obj_2,closest_candidate,episode_000,4,4019,81,Q3_missed_immediate_response_to_critical_hit,high,DecoyTomcat,User3,User,ExploitRemoteService,,[],"[""Op_Server0""]","[""Enterprise0"", ""Enterprise2"", ""User0"", ""User3""]","[""Enterprise0"", ""Enterprise2"", ""Op_Server0"", ""User0"", ""User3""]","{""blue_first_relevant_response_after_critical"": 89, ""blue_first_relevant_response_after_enterprise"": 7, ""enterprise_foothold_step"": 5, ""first_critical_hit_step"": 81, ""window_end"": 84, ""window_start"": 82}"
no_constraint_stage2_fair,19,stage2_ext_023_obj_2,closest_candidate,episode_000,4,4019,8,Q4_user_focus_after_enterprise_foothold,medium,Analyse,User2,User,DiscoverNetworkServices,,[],[],"[""Enterprise0"", ""User0"", ""User3""]","[""Enterprise0"", ""User0"", ""User3""]","{""blue_first_relevant_response_after_critical"": 89, ""blue_first_relevant_response_after_enterprise"": 7, ""enterprise_foothold_step"": 5, ""first_critical_hit_step"": 81, ""window_end"": 10, ""window_start"": 8}"
no_constraint_stage2_fair,19,stage2_ext_023_obj_2,closest_candidate,episode_000,4,4019,9,Q4_user_focus_after_enterprise_foothold,medium,Analyse,User2,User,ExploitRemoteService,,[],[],"[""Enterprise0"", ""User0"", ""User3""]","[""Enterprise0"", ""User0"", ""User3""]","{""blue_first_relevant_response_after_critical"": 89, ""blue_first_relevant_response_after_enterprise"": 7, ""enterprise_foothold_step"": 5, ""first_critical_hit_step"": 81, ""window_end"": 11, ""window_start"": 9}"
no_constraint_stage2_fair,19,stage2_ext_023_obj_2,closest_candidate,episode_000,4,4019,10,Q4_user_focus_after_enterprise_foothold,medium,Analyse,User2,User,ExploitRemoteService,,[],[],"[""Enterprise0"", ""User0"", ""User3""]","[""Enterprise0"", ""User0"", ""User3""]","{""blue_first_relevant_response_after_critical"": 89, ""blue_first_relevant_response_after_enterprise"": 7, ""enterprise_foothold_step"": 5, ""first_critical_hit_step"": 81, ""window_end"": 12, ""window_start"": 10}"
no_constraint_stage2_fair,19,stage2_ext_023_obj_2,closest_candidate,episode_000,4,4019,11,Q4_user_focus_after_enterprise_foothold,medium,Analyse,User0,User,PrivilegeEscalate,Enterprise0,[],[],"[""Enterprise0"", ""User0"", ""User3""]","[""Enterprise0"", ""User0"", ""User3""]","{""blue_first_relevant_response_after_critical"": 89, ""blue_first_relevant_response_after_enterprise"": 7, ""enterprise_foothold_step"": 5, ""first_critical_hit_step"": 81, ""window_end"": 13, ""window_start"": 11}"
no_constraint_stage2_fair,19,stage2_ext_023_obj_2,closest_candidate,episode_000,4,4019,21,Q4_user_focus_after_enterprise_foothold,medium,DecoyTomcat,User3,User,PrivilegeEscalate,Enterprise0,[],[],"[""Enterprise0"", ""User0"", ""User3""]","[""Enterprise0"", ""User0"", ""User3""]","{""blue_first_relevant_response_after_critical"": 89, ""blue_first_relevant_response_after_enterprise"": 7, ""enterprise_foothold_step"": 5, ""first_critical_hit_step"": 81, ""window_end"": 23, ""window_start"": 21}"
no_constraint_stage2_fair,19,stage2_ext_023_obj_2,closest_candidate,episode_000,4,4019,38,Q4_user_focus_after_enterprise_foothold,medium,Analyse,User2,User,DiscoverNetworkServices,,[],[],"[""Enterprise0"", ""User0"", ""User3""]","[""Enterprise0"", ""User0"", ""User3""]","{""blue_first_relevant_response_after_critical"": 89, ""blue_first_relevant_response_after_enterprise"": 7, ""enterprise_foothold_step"": 5, ""first_critical_hit_step"": 81, ""window_end"": 40, ""window_start"": 38}"
no_constraint_stage2_fair,19,stage2_ext_023_obj_2,closest_candidate,episode_000,4,4019,39,Q4_user_focus_after_enterprise_foothold,medium,DecoyTomcat,User0,User,ExploitRemoteService,,[],[],"[""Enterprise0"", ""User0"", ""User3""]","[""Enterprise0"", ""User0"", ""User3""]","{""blue_first_relevant_response_after_critical"": 89, ""blue_first_relevant_response_after_enterprise"": 7, ""enterprise_foothold_step"": 5, ""first_critical_hit_step"": 81, ""window_end"": 41, ""window_start"": 39}"
no_constraint_stage2_fair,19,stage2_ext_023_obj_2,closest_candidate,episode_000,4,4019,40,Q4_user_focus_after_enterprise_foothold,medium,Analyse,User1,User,ExploitRemoteService,,[],[],"[""Enterprise0"", ""User0"", ""User3""]","[""Enterprise0"", ""User0"", ""User3""]","{""blue_first_relevant_response_after_critical"": 89, ""blue_first_relevant_response_after_enterprise"": 7, ""enterprise_foothold_step"": 5, ""first_critical_hit_step"": 81, ""window_end"": 42, ""window_start"": 40}"
no_constraint_stage2_fair,19,stage2_ext_023_obj_2,closest_candidate,episode_000,4,4019,41,Q4_user_focus_after_enterprise_foothold,medium,Analyse,User1,User,PrivilegeEscalate,Enterprise0,[],[],"[""Enterprise0"", ""User0"", ""User3""]","[""Enterprise0"", ""User0"", ""User3""]","{""blue_first_relevant_response_after_critical"": 89, ""blue_first_relevant_response_after_enterprise"": 7, ""enterprise_foothold_step"": 5, ""first_critical_hit_step"": 81, ""window_end"": 43, ""window_start"": 41}"
no_constraint_stage2_fair,19,stage2_ext_023_obj_2,closest_candidate,episode_000,4,4019,42,Q4_user_focus_after_enterprise_foothold,medium,DecoyTomcat,User3,User,DiscoverRemoteSystems,,[],[],"[""Enterprise0"", ""User0"", ""User3""]","[""Enterprise0"", ""User0"", ""User3""]","{""blue_first_relevant_response_after_critical"": 89, ""blue_first_relevant_response_after_enterprise"": 7, ""enterprise_foothold_step"": 5, ""first_critical_hit_step"": 81, ""window_end"": 44, ""window_start"": 42}"
no_constraint_stage2_fair,19,stage2_ext_023_obj_2,closest_candidate,episode_000,4,4019,55,Q4_user_focus_after_enterprise_foothold,medium,DecoyApache,User1,User,ExploitRemoteService,,[],[],"[""Enterprise2"", ""User0"", ""User3""]","[""Enterprise0"", ""Enterprise2"", ""User0"", ""User3""]","{""blue_first_relevant_response_after_critical"": 89, ""blue_first_relevant_response_after_enterprise"": 7, ""enterprise_foothold_step"": 5, ""first_critical_hit_step"": 81, ""window_end"": 57, ""window_start"": 55}"
no_constraint_stage2_fair,19,stage2_ext_023_obj_2,closest_candidate,episode_000,4,4019,61,Q4_user_focus_after_enterprise_foothold,medium,DecoyTomcat,User3,User,PrivilegeEscalate,Enterprise0,[],[],"[""Enterprise0"", ""Enterprise2"", ""User0"", ""User3""]","[""Enterprise0"", ""Enterprise2"", ""User0"", ""User3""]","{""blue_first_relevant_response_after_critical"": 89, ""blue_first_relevant_response_after_enterprise"": 7, ""enterprise_foothold_step"": 5, ""first_critical_hit_step"": 81, ""window_end"": 63, ""window_start"": 61}"
no_constraint_stage2_fair,19,stage2_ext_023_obj_2,closest_candidate,episode_000,4,4019,62,Q4_user_focus_after_enterprise_foothold,medium,DecoyTomcat,User3,User,DiscoverRemoteSystems,,[],[],"[""Enterprise0"", ""Enterprise2"", ""User0"", ""User3""]","[""Enterprise0"", ""Enterprise2"", ""User0"", ""User3""]","{""blue_first_relevant_response_after_critical"": 89, ""blue_first_relevant_response_after_enterprise"": 7, ""enterprise_foothold_step"": 5, ""first_critical_hit_step"": 81, ""window_end"": 64, ""window_start"": 62}"
no_constraint_stage2_fair,19,stage2_ext_023_obj_2,closest_candidate,episode_000,4,4019,78,Q4_user_focus_after_enterprise_foothold,medium,DecoyApache,User1,User,ExploitRemoteService,,[],[],"[""Enterprise0"", ""Enterprise2"", ""User0"", ""User3""]","[""Enterprise0"", ""Enterprise2"", ""User0"", ""User3""]","{""blue_first_relevant_response_after_critical"": 89, ""blue_first_relevant_response_after_enterprise"": 7, ""enterprise_foothold_step"": 5, ""first_critical_hit_step"": 81, ""window_end"": 80, ""window_start"": 78}"
no_constraint_stage2_fair,19,stage2_ext_023_obj_2,closest_candidate,episode_000,4,4019,79,Q4_user_focus_after_enterprise_foothold,medium,DecoyHarakaSMPT,User1,User,PrivilegeEscalate,Enterprise2,[],[],"[""Enterprise0"", ""Enterprise2"", ""User0"", ""User3""]","[""Enterprise0"", ""Enterprise2"", ""User0"", ""User3""]","{""blue_first_relevant_response_after_critical"": 89, ""blue_first_relevant_response_after_enterprise"": 7, ""enterprise_foothold_step"": 5, ""first_critical_hit_step"": 81, ""window_end"": 81, ""window_start"": 79}"
no_constraint_stage2_fair,19,stage2_ext_023_obj_2,closest_candidate,episode_000,4,4019,80,Q4_user_focus_after_enterprise_foothold,medium,Analyse,User2,User,DiscoverNetworkServices,,[],[],"[""Enterprise0"", ""Enterprise2"", ""User0"", ""User3""]","[""Enterprise0"", ""Enterprise2"", ""User0"", ""User3""]","{""blue_first_relevant_response_after_critical"": 89, ""blue_first_relevant_response_after_enterprise"": 7, ""enterprise_foothold_step"": 5, ""first_critical_hit_step"": 81, ""window_end"": 82, ""window_start"": 80}"
no_constraint_stage2_fair,19,stage2_ext_023_obj_2,closest_candidate,episode_000,4,4019,81,Q4_user_focus_after_enterprise_foothold,medium,DecoyTomcat,User3,User,ExploitRemoteService,,[],"[""Op_Server0""]","[""Enterprise0"", ""Enterprise2"", ""User0"", ""User3""]","[""Enterprise0"", ""Enterprise2"", ""Op_Server0"", ""User0"", ""User3""]","{""blue_first_relevant_response_after_critical"": 89, ""blue_first_relevant_response_after_enterprise"": 7, ""enterprise_foothold_step"": 5, ""first_critical_hit_step"": 81, ""window_end"": 83, ""window_start"": 81}"
no_constraint_stage2_fair,19,stage2_ext_023_obj_2,closest_candidate,episode_000,4,4019,82,Q4_user_focus_after_enterprise_foothold,medium,Analyse,User2,User,PrivilegeEscalate,Op_Server0,"[""Op_Server0""]","[""Op_Server0""]","[""Enterprise0"", ""Enterprise2"", ""Op_Server0"", ""User0"", ""User3""]","[""Enterprise0"", ""Enterprise2"", ""Op_Server0"", ""User0"", ""User3""]","{""blue_first_relevant_response_after_critical"": 89, ""blue_first_relevant_response_after_enterprise"": 7, ""enterprise_foothold_step"": 5, ""first_critical_hit_step"": 81, ""window_end"": 84, ""window_start"": 82}"
no_constraint_stage2_fair,19,stage2_ext_023_obj_2,closest_candidate,episode_000,4,4019,90,Q4_user_focus_after_enterprise_foothold,medium,Analyse,User2,User,Impact,Op_Server0,"[""Op_Server0""]","[""Op_Server0""]","[""Enterprise0"", ""Enterprise2"", ""Op_Server0"", ""User0"", ""User3""]","[""Enterprise0"", ""Enterprise2"", ""Op_Server0"", ""User0"", ""User3""]","{""blue_first_relevant_response_after_critical"": 89, ""blue_first_relevant_response_after_enterprise"": 7, ""enterprise_foothold_step"": 5, ""first_critical_hit_step"": 81, ""window_end"": 92, ""window_start"": 90}"
no_constraint_stage2_fair,19,stage2_ext_023_obj_2,closest_candidate,episode_000,4,4019,91,Q4_user_focus_after_enterprise_foothold,medium,DecoyTomcat,User3,User,Impact,Op_Server0,"[""Op_Server0""]","[""Op_Server0""]","[""Enterprise0"", ""Enterprise2"", ""Op_Server0"", ""User0"", ""User3""]","[""Enterprise0"", ""Enterprise2"", ""Op_Server0"", ""User0"", ""User3""]","{""blue_first_relevant_response_after_critical"": 89, ""blue_first_relevant_response_after_enterprise"": 7, ""enterprise_foothold_step"": 5, ""first_critical_hit_step"": 81, ""window_end"": 93, ""window_start"": 91}"
no_constraint_stage2_fair,19,stage2_ext_023_obj_2,closest_candidate,episode_000,4,4019,92,Q4_user_focus_after_enterprise_foothold,medium,Analyse,User2,User,Impact,Op_Server0,"[""Op_Server0""]","[""Op_Server0""]","[""Enterprise0"", ""Enterprise2"", ""Op_Server0"", ""User0"", ""User3""]","[""Enterprise0"", ""Enterprise2"", ""Op_Server0"", ""User0"", ""User3""]","{""blue_first_relevant_response_after_critical"": 89, ""blue_first_relevant_response_after_enterprise"": 7, ""enterprise_foothold_step"": 5, ""first_critical_hit_step"": 81, ""window_end"": 94, ""window_start"": 92}"
no_constraint_stage2_fair,19,stage2_ext_023_obj_2,closest_candidate,episode_000,4,4019,93,Q4_user_focus_after_enterprise_foothold,medium,DecoySSHD,User4,User,Impact,Op_Server0,"[""Op_Server0""]","[""Op_Server0""]","[""Enterprise0"", ""Enterprise2"", ""Op_Server0"", ""User0"", ""User3""]","[""Enterprise0"", ""Enterprise2"", ""Op_Server0"", ""User0"", ""User3""]","{""blue_first_relevant_response_after_critical"": 89, ""blue_first_relevant_response_after_enterprise"": 7, ""enterprise_foothold_step"": 5, ""first_critical_hit_step"": 81, ""window_end"": 95, ""window_start"": 93}"
no_constraint_stage2_fair,19,stage2_ext_023_obj_2,closest_candidate,episode_000,4,4019,94,Q4_user_focus_after_enterprise_foothold,medium,Remove,User3,User,Impact,Op_Server0,"[""Op_Server0""]","[""Op_Server0""]","[""Enterprise0"", ""Enterprise2"", ""Op_Server0"", ""User0"", ""User3""]","[""Enterprise0"", ""Enterprise2"", ""Op_Server0"", ""User0"", ""User3""]","{""blue_first_relevant_response_after_critical"": 89, ""blue_first_relevant_response_after_enterprise"": 7, ""enterprise_foothold_step"": 5, ""first_critical_hit_step"": 81, ""window_end"": 96, ""window_start"": 94}"
no_constraint_stage2_fair,19,stage2_ext_023_obj_2,closest_candidate,episode_000,4,4019,59,Q5_repeated_low_value_decoy_loop,medium,DecoyTomcat,User3,User,ExploitRemoteService,,[],[],"[""Enterprise0"", ""Enterprise2"", ""User0"", ""User3""]","[""Enterprise0"", ""Enterprise2"", ""User0"", ""User3""]","{""blue_first_relevant_response_after_critical"": 89, ""blue_first_relevant_response_after_enterprise"": 7, ""enterprise_foothold_step"": 5, ""first_critical_hit_step"": 81, ""window_end"": 64, ""window_start"": 55}"
no_constraint_stage2_fair,19,stage2_ext_023_obj_2,closest_candidate,episode_000,5,5019,17,Q4_user_focus_after_enterprise_foothold,medium,Analyse,User0,User,DiscoverRemoteSystems,,[],[],"[""Enterprise0"", ""User0"", ""User4""]","[""Enterprise0"", ""User0"", ""User4""]","{""blue_first_relevant_response_after_critical"": null, ""blue_first_relevant_response_after_enterprise"": 6, ""enterprise_foothold_step"": 5, ""first_critical_hit_step"": null, ""window_end"": 19, ""window_start"": 17}"
no_constraint_stage2_fair,19,stage2_ext_023_obj_2,closest_candidate,episode_000,5,5019,18,Q4_user_focus_after_enterprise_foothold,medium,Restore,User2,User,DiscoverNetworkServices,,[],[],"[""Enterprise0"", ""User0"", ""User4""]","[""Enterprise0"", ""User0"", ""User4""]","{""blue_first_relevant_response_after_critical"": null, ""blue_first_relevant_response_after_enterprise"": 6, ""enterprise_foothold_step"": 5, ""first_critical_hit_step"": null, ""window_end"": 20, ""window_start"": 18}"
no_constraint_stage2_fair,19,stage2_ext_023_obj_2,closest_candidate,episode_000,5,5019,19,Q4_user_focus_after_enterprise_foothold,medium,DecoyTomcat,User3,User,ExploitRemoteService,,[],[],"[""Enterprise0"", ""User0"", ""User4""]","[""Enterprise0"", ""User0"", ""User4""]","{""blue_first_relevant_response_after_critical"": null, ""blue_first_relevant_response_after_enterprise"": 6, ""enterprise_foothold_step"": 5, ""first_critical_hit_step"": null, ""window_end"": 21, ""window_start"": 19}"
no_constraint_stage2_fair,19,stage2_ext_023_obj_2,closest_candidate,episode_000,5,5019,32,Q4_user_focus_after_enterprise_foothold,medium,Analyse,User2,User,DiscoverRemoteSystems,,[],[],"[""Enterprise0"", ""User0"", ""User4""]","[""Enterprise0"", ""User0"", ""User4""]","{""blue_first_relevant_response_after_critical"": null, ""blue_first_relevant_response_after_enterprise"": 6, ""enterprise_foothold_step"": 5, ""first_critical_hit_step"": null, ""window_end"": 34, ""window_start"": 32}"
no_constraint_stage2_fair,19,stage2_ext_023_obj_2,closest_candidate,episode_000,5,5019,33,Q4_user_focus_after_enterprise_foothold,medium,Analyse,User2,User,DiscoverNetworkServices,,[],[],"[""Enterprise0"", ""User0"", ""User4""]","[""Enterprise0"", ""User0"", ""User4""]","{""blue_first_relevant_response_after_critical"": null, ""blue_first_relevant_response_after_enterprise"": 6, ""enterprise_foothold_step"": 5, ""first_critical_hit_step"": null, ""window_end"": 35, ""window_start"": 33}"
no_constraint_stage2_fair,19,stage2_ext_023_obj_2,closest_candidate,episode_000,5,5019,34,Q4_user_focus_after_enterprise_foothold,medium,DecoyHarakaSMPT,User1,User,ExploitRemoteService,,[],[],"[""Enterprise0"", ""User0"", ""User4""]","[""Enterprise0"", ""User0"", ""User4""]","{""blue_first_relevant_response_after_critical"": null, ""blue_first_relevant_response_after_enterprise"": 6, ""enterprise_foothold_step"": 5, ""first_critical_hit_step"": null, ""window_end"": 36, ""window_start"": 34}"
no_constraint_stage2_fair,19,stage2_ext_023_obj_2,closest_candidate,episode_000,5,5019,35,Q4_user_focus_after_enterprise_foothold,medium,Analyse,User0,User,ExploitRemoteService,,[],[],"[""Enterprise0"", ""User0"", ""User4""]","[""Enterprise0"", ""User0"", ""User4""]","{""blue_first_relevant_response_after_critical"": null, ""blue_first_relevant_response_after_enterprise"": 6, ""enterprise_foothold_step"": 5, ""first_critical_hit_step"": null, ""window_end"": 37, ""window_start"": 35}"
no_constraint_stage2_fair,19,stage2_ext_023_obj_2,closest_candidate,episode_000,5,5019,45,Q4_user_focus_after_enterprise_foothold,medium,DecoyTomcat,User3,User,ExploitRemoteService,,[],[],"[""Enterprise0"", ""User0"", ""User4""]","[""Enterprise0"", ""User0"", ""User4""]","{""blue_first_relevant_response_after_critical"": null, ""blue_first_relevant_response_after_enterprise"": 6, ""enterprise_foothold_step"": 5, ""first_critical_hit_step"": null, ""window_end"": 47, ""window_start"": 45}"
no_constraint_stage2_fair,19,stage2_ext_023_obj_2,closest_candidate,episode_000,5,5019,46,Q4_user_focus_after_enterprise_foothold,medium,DecoyTomcat,User0,User,PrivilegeEscalate,Enterprise0,[],[],"[""Enterprise0"", ""User0"", ""User4""]","[""Enterprise0"", ""User0"", ""User4""]","{""blue_first_relevant_response_after_critical"": null, ""blue_first_relevant_response_after_enterprise"": 6, ""enterprise_foothold_step"": 5, ""first_critical_hit_step"": null, ""window_end"": 48, ""window_start"": 46}"
no_constraint_stage2_fair,19,stage2_ext_023_obj_2,closest_candidate,episode_000,5,5019,55,Q4_user_focus_after_enterprise_foothold,medium,Analyse,User2,User,ExploitRemoteService,,[],[],"[""Enterprise0"", ""User0"", ""User4""]","[""Enterprise0"", ""User0"", ""User4""]","{""blue_first_relevant_response_after_critical"": null, ""blue_first_relevant_response_after_enterprise"": 6, ""enterprise_foothold_step"": 5, ""first_critical_hit_step"": null, ""window_end"": 57, ""window_start"": 55}"
no_constraint_stage2_fair,19,stage2_ext_023_obj_2,closest_candidate,episode_000,5,5019,67,Q4_user_focus_after_enterprise_foothold,medium,Remove,User3,User,ExploitRemoteService,,[],[],"[""Enterprise0"", ""Enterprise2"", ""User0"", ""User4""]","[""Enterprise0"", ""Enterprise2"", ""User0"", ""User4""]","{""blue_first_relevant_response_after_critical"": null, ""blue_first_relevant_response_after_enterprise"": 6, ""enterprise_foothold_step"": 5, ""first_critical_hit_step"": null, ""window_end"": 69, ""window_start"": 67}"
no_constraint_stage2_fair,19,stage2_ext_023_obj_2,closest_candidate,episode_000,5,5019,71,Q4_user_focus_after_enterprise_foothold,medium,Analyse,User2,User,ExploitRemoteService,,[],[],"[""Enterprise0"", ""Enterprise2"", ""User0"", ""User4""]","[""Enterprise0"", ""Enterprise2"", ""User0"", ""User4""]","{""blue_first_relevant_response_after_critical"": null, ""blue_first_relevant_response_after_enterprise"": 6, ""enterprise_foothold_step"": 5, ""first_critical_hit_step"": null, ""window_end"": 73, ""window_start"": 71}"
no_constraint_stage2_fair,19,stage2_ext_023_obj_2,closest_candidate,episode_000,5,5019,72,Q4_user_focus_after_enterprise_foothold,medium,Analyse,User2,User,ExploitRemoteService,,[],[],"[""Enterprise0"", ""Enterprise2"", ""User0"", ""User4""]","[""Enterprise0"", ""Enterprise2"", ""User0"", ""User4""]","{""blue_first_relevant_response_after_critical"": null, ""blue_first_relevant_response_after_enterprise"": 6, ""enterprise_foothold_step"": 5, ""first_critical_hit_step"": null, ""window_end"": 74, ""window_start"": 72}"
no_constraint_stage2_fair,19,stage2_ext_023_obj_2,closest_candidate,episode_000,5,5019,73,Q4_user_focus_after_enterprise_foothold,medium,Analyse,User2,User,ExploitRemoteService,,[],[],"[""Enterprise0"", ""Enterprise2"", ""User0"", ""User4""]","[""Enterprise0"", ""Enterprise2"", ""User0"", ""User4""]","{""blue_first_relevant_response_after_critical"": null, ""blue_first_relevant_response_after_enterprise"": 6, ""enterprise_foothold_step"": 5, ""first_critical_hit_step"": null, ""window_end"": 75, ""window_start"": 73}"
no_constraint_stage2_fair,19,stage2_ext_023_obj_2,closest_candidate,episode_000,5,5019,74,Q4_user_focus_after_enterprise_foothold,medium,DecoyTomcat,User3,User,PrivilegeEscalate,Enterprise0,[],[],"[""Enterprise0"", ""Enterprise2"", ""User0"", ""User4""]","[""Enterprise0"", ""Enterprise2"", ""User0"", ""User4""]","{""blue_first_relevant_response_after_critical"": null, ""blue_first_relevant_response_after_enterprise"": 6, ""enterprise_foothold_step"": 5, ""first_critical_hit_step"": null, ""window_end"": 76, ""window_start"": 74}"
no_constraint_stage2_fair,19,stage2_ext_023_obj_2,closest_candidate,episode_000,5,5019,78,Q4_user_focus_after_enterprise_foothold,medium,DecoyHarakaSMPT,User1,User,PrivilegeEscalate,Enterprise2,[],[],"[""Enterprise0"", ""Enterprise2"", ""User0"", ""User4""]","[""Enterprise0"", ""Enterprise2"", ""User0"", ""User4""]","{""blue_first_relevant_response_after_critical"": null, ""blue_first_relevant_response_after_enterprise"": 6, ""enterprise_foothold_step"": 5, ""first_critical_hit_step"": null, ""window_end"": 80, ""window_start"": 78}"
no_constraint_stage2_fair,19,stage2_ext_023_obj_2,closest_candidate,episode_000,5,5019,93,Q4_user_focus_after_enterprise_foothold,medium,DecoyTomcat,User3,User,PrivilegeEscalate,Enterprise0,[],[],"[""Enterprise0"", ""Enterprise2"", ""User0"", ""User4""]","[""Enterprise0"", ""Enterprise2"", ""User0"", ""User4""]","{""blue_first_relevant_response_after_critical"": null, ""blue_first_relevant_response_after_enterprise"": 6, ""enterprise_foothold_step"": 5, ""first_critical_hit_step"": null, ""window_end"": 95, ""window_start"": 93}"
no_constraint_stage2_fair,19,stage2_ext_023_obj_2,closest_candidate,episode_000,5,5019,94,Q4_user_focus_after_enterprise_foothold,medium,DecoyTomcat,User3,User,DiscoverRemoteSystems,,[],[],"[""Enterprise0"", ""Enterprise2"", ""User0"", ""User4""]","[""Enterprise0"", ""Enterprise2"", ""User0"", ""User4""]","{""blue_first_relevant_response_after_critical"": null, ""blue_first_relevant_response_after_enterprise"": 6, ""enterprise_foothold_step"": 5, ""first_critical_hit_step"": null, ""window_end"": 96, ""window_start"": 94}"
no_constraint_stage2_fair,19,stage2_ext_023_obj_2,closest_candidate,episode_000,5,5019,95,Q4_user_focus_after_enterprise_foothold,medium,Analyse,User0,User,DiscoverNetworkServices,,[],[],"[""Enterprise0"", ""Enterprise2"", ""User0"", ""User4""]","[""Enterprise0"", ""Enterprise2"", ""User0"", ""User4""]","{""blue_first_relevant_response_after_critical"": null, ""blue_first_relevant_response_after_enterprise"": 6, ""enterprise_foothold_step"": 5, ""first_critical_hit_step"": null, ""window_end"": 97, ""window_start"": 95}"
no_constraint_stage2_fair,19,stage2_ext_023_obj_2,closest_candidate,episode_000,5,5019,96,Q4_user_focus_after_enterprise_foothold,medium,DecoyTomcat,User3,User,ExploitRemoteService,,[],[],"[""Enterprise0"", ""Enterprise2"", ""User0"", ""User4""]","[""Enterprise0"", ""Enterprise2"", ""User0"", ""User4""]","{""blue_first_relevant_response_after_critical"": null, ""blue_first_relevant_response_after_enterprise"": 6, ""enterprise_foothold_step"": 5, ""first_critical_hit_step"": null, ""window_end"": 98, ""window_start"": 96}"
no_constraint_stage2_fair,19,stage2_ext_023_obj_2,closest_candidate,episode_000,5,5019,97,Q4_user_focus_after_enterprise_foothold,medium,DecoyTomcat,User3,User,PrivilegeEscalate,Enterprise2,[],[],"[""Enterprise0"", ""Enterprise2"", ""User0"", ""User4""]","[""Enterprise0"", ""Enterprise2"", ""User0"", ""User4""]","{""blue_first_relevant_response_after_critical"": null, ""blue_first_relevant_response_after_enterprise"": 6, ""enterprise_foothold_step"": 5, ""first_critical_hit_step"": null, ""window_end"": 99, ""window_start"": 97}"
no_constraint_stage2_fair,19,stage2_ext_023_obj_2,closest_candidate,episode_000,5,5019,14,Q5_repeated_low_value_decoy_loop,medium,DecoyTomcat,User3,User,ExploitRemoteService,,[],[],"[""Enterprise0"", ""User0"", ""User4""]","[""Enterprise0"", ""User0"", ""User4""]","{""blue_first_relevant_response_after_critical"": null, ""blue_first_relevant_response_after_enterprise"": 6, ""enterprise_foothold_step"": 5, ""first_critical_hit_step"": null, ""window_end"": 23, ""window_start"": 14}"
no_constraint_stage2_fair,19,stage2_ext_023_obj_2,closest_candidate,episode_000,6,6019,59,Q2_user_action_during_critical_breach,high,Analyse,User2,User,Impact,Op_Server0,"[""Op_Server0""]","[""Op_Server0""]","[""Enterprise1"", ""Enterprise2"", ""Op_Server0"", ""User0"", ""User1""]","[""Enterprise1"", ""Enterprise2"", ""Op_Server0"", ""User0"", ""User1""]","{""blue_first_relevant_response_after_critical"": 57, ""blue_first_relevant_response_after_enterprise"": 9, ""enterprise_foothold_step"": 5, ""first_critical_hit_step"": 56, ""window_end"": null, ""window_start"": null}"
no_constraint_stage2_fair,19,stage2_ext_023_obj_2,closest_candidate,episode_000,6,6019,60,Q2_user_action_during_critical_breach,high,DecoyTomcat,User0,User,Impact,Op_Server0,"[""Op_Server0""]","[""Op_Server0""]","[""Enterprise1"", ""Enterprise2"", ""Op_Server0"", ""User0"", ""User1""]","[""Enterprise1"", ""Enterprise2"", ""Op_Server0"", ""User0"", ""User1""]","{""blue_first_relevant_response_after_critical"": 57, ""blue_first_relevant_response_after_enterprise"": 9, ""enterprise_foothold_step"": 5, ""first_critical_hit_step"": 56, ""window_end"": null, ""window_start"": null}"
no_constraint_stage2_fair,19,stage2_ext_023_obj_2,closest_candidate,episode_000,6,6019,61,Q2_user_action_during_critical_breach,high,Analyse,User2,User,Impact,Op_Server0,"[""Op_Server0""]","[""Op_Server0""]","[""Enterprise1"", ""Enterprise2"", ""Op_Server0"", ""User0"", ""User1""]","[""Enterprise1"", ""Enterprise2"", ""Op_Server0"", ""User0"", ""User1""]","{""blue_first_relevant_response_after_critical"": 57, ""blue_first_relevant_response_after_enterprise"": 9, ""enterprise_foothold_step"": 5, ""first_critical_hit_step"": 56, ""window_end"": null, ""window_start"": null}"
no_constraint_stage2_fair,19,stage2_ext_023_obj_2,closest_candidate,episode_000,6,6019,62,Q2_user_action_during_critical_breach,high,DecoyTomcat,User0,User,Impact,Op_Server0,"[""Op_Server0""]","[""Op_Server0""]","[""Enterprise1"", ""Enterprise2"", ""Op_Server0"", ""User0"", ""User1""]","[""Enterprise1"", ""Enterprise2"", ""Op_Server0"", ""User0"", ""User1""]","{""blue_first_relevant_response_after_critical"": 57, ""blue_first_relevant_response_after_enterprise"": 9, ""enterprise_foothold_step"": 5, ""first_critical_hit_step"": 56, ""window_end"": null, ""window_start"": null}"
no_constraint_stage2_fair,19,stage2_ext_023_obj_2,closest_candidate,episode_000,6,6019,63,Q2_user_action_during_critical_breach,high,Analyse,User2,User,Impact,Op_Server0,"[""Op_Server0""]","[""Op_Server0""]","[""Enterprise1"", ""Enterprise2"", ""Op_Server0"", ""User0"", ""User1""]","[""Enterprise1"", ""Enterprise2"", ""Op_Server0"", ""User0"", ""User1""]","{""blue_first_relevant_response_after_critical"": 57, ""blue_first_relevant_response_after_enterprise"": 9, ""enterprise_foothold_step"": 5, ""first_critical_hit_step"": 56, ""window_end"": null, ""window_start"": null}"
no_constraint_stage2_fair,19,stage2_ext_023_obj_2,closest_candidate,episode_000,6,6019,64,Q2_user_action_during_critical_breach,high,DecoyApache,User1,User,Impact,Op_Server0,"[""Op_Server0""]","[""Op_Server0""]","[""Enterprise1"", ""Enterprise2"", ""Op_Server0"", ""User0"", ""User1""]","[""Enterprise1"", ""Enterprise2"", ""Op_Server0"", ""User0"", ""User1""]","{""blue_first_relevant_response_after_critical"": 57, ""blue_first_relevant_response_after_enterprise"": 9, ""enterprise_foothold_step"": 5, ""first_critical_hit_step"": 56, ""window_end"": null, ""window_start"": null}"
no_constraint_stage2_fair,19,stage2_ext_023_obj_2,closest_candidate,episode_000,6,6019,66,Q2_user_action_during_critical_breach,high,DecoyTomcat,User3,User,Impact,Op_Server0,"[""Op_Server0""]","[""Op_Server0""]","[""Enterprise1"", ""Enterprise2"", ""Op_Server0"", ""User0"", ""User1""]","[""Enterprise1"", ""Enterprise2"", ""Op_Server0"", ""User0"", ""User1""]","{""blue_first_relevant_response_after_critical"": 57, ""blue_first_relevant_response_after_enterprise"": 9, ""enterprise_foothold_step"": 5, ""first_critical_hit_step"": 56, ""window_end"": null, ""window_start"": null}"
no_constraint_stage2_fair,19,stage2_ext_023_obj_2,closest_candidate,episode_000,6,6019,68,Q2_user_action_during_critical_breach,high,DecoyTomcat,User3,User,Impact,Op_Server0,"[""Op_Server0""]","[""Op_Server0""]","[""Enterprise1"", ""Enterprise2"", ""Op_Server0"", ""User0"", ""User1""]","[""Enterprise1"", ""Enterprise2"", ""Op_Server0"", ""User0"", ""User1""]","{""blue_first_relevant_response_after_critical"": 57, ""blue_first_relevant_response_after_enterprise"": 9, ""enterprise_foothold_step"": 5, ""first_critical_hit_step"": 56, ""window_end"": null, ""window_start"": null}"
no_constraint_stage2_fair,19,stage2_ext_023_obj_2,closest_candidate,episode_000,6,6019,69,Q2_user_action_during_critical_breach,high,Analyse,User2,User,Impact,Op_Server0,"[""Op_Server0""]","[""Op_Server0""]","[""Enterprise1"", ""Enterprise2"", ""Op_Server0"", ""User0"", ""User1""]","[""Enterprise1"", ""Enterprise2"", ""Op_Server0"", ""User0"", ""User1""]","{""blue_first_relevant_response_after_critical"": 57, ""blue_first_relevant_response_after_enterprise"": 9, ""enterprise_foothold_step"": 5, ""first_critical_hit_step"": 56, ""window_end"": null, ""window_start"": null}"
no_constraint_stage2_fair,19,stage2_ext_023_obj_2,closest_candidate,episode_000,6,6019,74,Q2_user_action_during_critical_breach,high,Analyse,User2,User,Impact,Op_Server0,"[""Op_Server0""]","[""Op_Server0""]","[""Enterprise1"", ""Enterprise2"", ""Op_Server0"", ""User0"", ""User1""]","[""Enterprise1"", ""Enterprise2"", ""Op_Server0"", ""User0"", ""User1""]","{""blue_first_relevant_response_after_critical"": 57, ""blue_first_relevant_response_after_enterprise"": 9, ""enterprise_foothold_step"": 5, ""first_critical_hit_step"": 56, ""window_end"": null, ""window_start"": null}"
no_constraint_stage2_fair,19,stage2_ext_023_obj_2,closest_candidate,episode_000,6,6019,76,Q2_user_action_during_critical_breach,high,DecoyTomcat,User3,User,Impact,Op_Server0,"[""Op_Server0""]","[""Op_Server0""]","[""Enterprise1"", ""Enterprise2"", ""Op_Server0"", ""User0"", ""User1""]","[""Enterprise1"", ""Enterprise2"", ""Op_Server0"", ""User0"", ""User1""]","{""blue_first_relevant_response_after_critical"": 57, ""blue_first_relevant_response_after_enterprise"": 9, ""enterprise_foothold_step"": 5, ""first_critical_hit_step"": 56, ""window_end"": null, ""window_start"": null}"
no_constraint_stage2_fair,19,stage2_ext_023_obj_2,closest_candidate,episode_000,6,6019,77,Q2_user_action_during_critical_breach,high,Analyse,User2,User,Impact,Op_Server0,"[""Op_Server0""]","[""Op_Server0""]","[""Enterprise1"", ""Enterprise2"", ""Op_Server0"", ""User0"", ""User1""]","[""Enterprise1"", ""Enterprise2"", ""Op_Server0"", ""User0"", ""User1""]","{""blue_first_relevant_response_after_critical"": 57, ""blue_first_relevant_response_after_enterprise"": 9, ""enterprise_foothold_step"": 5, ""first_critical_hit_step"": 56, ""window_end"": null, ""window_start"": null}"
no_constraint_stage2_fair,19,stage2_ext_023_obj_2,closest_candidate,episode_000,6,6019,78,Q2_user_action_during_critical_breach,high,DecoyTomcat,User0,User,Impact,Op_Server0,"[""Op_Server0""]","[""Op_Server0""]","[""Enterprise1"", ""Enterprise2"", ""Op_Server0"", ""User0"", ""User1""]","[""Enterprise1"", ""Enterprise2"", ""Op_Server0"", ""User0"", ""User1""]","{""blue_first_relevant_response_after_critical"": 57, ""blue_first_relevant_response_after_enterprise"": 9, ""enterprise_foothold_step"": 5, ""first_critical_hit_step"": 56, ""window_end"": null, ""window_start"": null}"
no_constraint_stage2_fair,19,stage2_ext_023_obj_2,closest_candidate,episode_000,6,6019,80,Q2_user_action_during_critical_breach,high,DecoyTomcat,User0,User,Impact,Op_Server0,"[""Op_Server0""]","[""Op_Server0""]","[""Enterprise1"", ""Enterprise2"", ""Op_Server0"", ""User0"", ""User1""]","[""Enterprise1"", ""Enterprise2"", ""Op_Server0"", ""User0"", ""User1""]","{""blue_first_relevant_response_after_critical"": 57, ""blue_first_relevant_response_after_enterprise"": 9, ""enterprise_foothold_step"": 5, ""first_critical_hit_step"": 56, ""window_end"": null, ""window_start"": null}"
no_constraint_stage2_fair,19,stage2_ext_023_obj_2,closest_candidate,episode_000,6,6019,85,Q2_user_action_during_critical_breach,high,Analyse,User2,User,Impact,Op_Server0,"[""Op_Server0""]","[""Op_Server0""]","[""Enterprise1"", ""Enterprise2"", ""Op_Server0"", ""User0"", ""User1""]","[""Enterprise1"", ""Enterprise2"", ""Op_Server0"", ""User0"", ""User1""]","{""blue_first_relevant_response_after_critical"": 57, ""blue_first_relevant_response_after_enterprise"": 9, ""enterprise_foothold_step"": 5, ""first_critical_hit_step"": 56, ""window_end"": null, ""window_start"": null}"
no_constraint_stage2_fair,19,stage2_ext_023_obj_2,closest_candidate,episode_000,6,6019,86,Q2_user_action_during_critical_breach,high,Analyse,User2,User,Impact,Op_Server0,"[""Op_Server0""]","[""Op_Server0""]","[""Enterprise1"", ""Enterprise2"", ""Op_Server0"", ""User0"", ""User1""]","[""Enterprise1"", ""Enterprise2"", ""Op_Server0"", ""User0"", ""User1""]","{""blue_first_relevant_response_after_critical"": 57, ""blue_first_relevant_response_after_enterprise"": 9, ""enterprise_foothold_step"": 5, ""first_critical_hit_step"": 56, ""window_end"": null, ""window_start"": null}"
no_constraint_stage2_fair,19,stage2_ext_023_obj_2,closest_candidate,episode_000,6,6019,88,Q2_user_action_during_critical_breach,high,DecoyTomcat,User0,User,Impact,Op_Server0,"[""Op_Server0""]","[""Op_Server0""]","[""Enterprise1"", ""Enterprise2"", ""Op_Server0"", ""User0"", ""User1""]","[""Enterprise1"", ""Enterprise2"", ""Op_Server0"", ""User0"", ""User1""]","{""blue_first_relevant_response_after_critical"": 57, ""blue_first_relevant_response_after_enterprise"": 9, ""enterprise_foothold_step"": 5, ""first_critical_hit_step"": 56, ""window_end"": null, ""window_start"": null}"
no_constraint_stage2_fair,19,stage2_ext_023_obj_2,closest_candidate,episode_000,6,6019,90,Q2_user_action_during_critical_breach,high,DecoyHarakaSMPT,User1,User,Impact,Op_Server0,"[""Op_Server0""]","[""Op_Server0""]","[""Enterprise1"", ""Enterprise2"", ""Op_Server0"", ""User0"", ""User1""]","[""Enterprise1"", ""Enterprise2"", ""Op_Server0"", ""User0"", ""User1""]","{""blue_first_relevant_response_after_critical"": 57, ""blue_first_relevant_response_after_enterprise"": 9, ""enterprise_foothold_step"": 5, ""first_critical_hit_step"": 56, ""window_end"": null, ""window_start"": null}"
no_constraint_stage2_fair,19,stage2_ext_023_obj_2,closest_candidate,episode_000,6,6019,91,Q2_user_action_during_critical_breach,high,DecoyTomcat,User0,User,Impact,Op_Server0,"[""Op_Server0""]","[""Op_Server0""]","[""Enterprise1"", ""Enterprise2"", ""Op_Server0"", ""User0"", ""User1""]","[""Enterprise1"", ""Enterprise2"", ""Op_Server0"", ""User0"", ""User1""]","{""blue_first_relevant_response_after_critical"": 57, ""blue_first_relevant_response_after_enterprise"": 9, ""enterprise_foothold_step"": 5, ""first_critical_hit_step"": 56, ""window_end"": null, ""window_start"": null}"
no_constraint_stage2_fair,19,stage2_ext_023_obj_2,closest_candidate,episode_000,6,6019,93,Q2_user_action_during_critical_breach,high,DecoyTomcat,User0,User,Impact,Op_Server0,"[""Op_Server0""]","[""Op_Server0""]","[""Enterprise1"", ""Enterprise2"", ""Op_Server0"", ""User0"", ""User1""]","[""Enterprise1"", ""Enterprise2"", ""Op_Server0"", ""User0"", ""User1""]","{""blue_first_relevant_response_after_critical"": 57, ""blue_first_relevant_response_after_enterprise"": 9, ""enterprise_foothold_step"": 5, ""first_critical_hit_step"": 56, ""window_end"": null, ""window_start"": null}"
no_constraint_stage2_fair,19,stage2_ext_023_obj_2,closest_candidate,episode_000,6,6019,94,Q2_user_action_during_critical_breach,high,DecoyTomcat,User0,User,Impact,Op_Server0,"[""Op_Server0""]","[""Op_Server0""]","[""Enterprise1"", ""Enterprise2"", ""Op_Server0"", ""User0"", ""User1""]","[""Enterprise1"", ""Enterprise2"", ""Op_Server0"", ""User0"", ""User1""]","{""blue_first_relevant_response_after_critical"": 57, ""blue_first_relevant_response_after_enterprise"": 9, ""enterprise_foothold_step"": 5, ""first_critical_hit_step"": 56, ""window_end"": null, ""window_start"": null}"
no_constraint_stage2_fair,19,stage2_ext_023_obj_2,closest_candidate,episode_000,6,6019,96,Q2_user_action_during_critical_breach,high,Analyse,User2,User,Impact,Op_Server0,"[""Op_Server0""]","[""Op_Server0""]","[""Enterprise1"", ""Enterprise2"", ""Op_Server0"", ""User0"", ""User1""]","[""Enterprise1"", ""Enterprise2"", ""Op_Server0"", ""User0"", ""User1""]","{""blue_first_relevant_response_after_critical"": 57, ""blue_first_relevant_response_after_enterprise"": 9, ""enterprise_foothold_step"": 5, ""first_critical_hit_step"": 56, ""window_end"": null, ""window_start"": null}"
no_constraint_stage2_fair,19,stage2_ext_023_obj_2,closest_candidate,episode_000,6,6019,6,Q4_user_focus_after_enterprise_foothold,medium,DecoyTomcat,User0,User,PrivilegeEscalate,Enterprise1,[],[],"[""Enterprise1"", ""User0"", ""User1""]","[""Enterprise1"", ""User0"", ""User1""]","{""blue_first_relevant_response_after_critical"": 57, ""blue_first_relevant_response_after_enterprise"": 9, ""enterprise_foothold_step"": 5, ""first_critical_hit_step"": 56, ""window_end"": 8, ""window_start"": 6}"
no_constraint_stage2_fair,19,stage2_ext_023_obj_2,closest_candidate,episode_000,6,6019,10,Q4_user_focus_after_enterprise_foothold,medium,Analyse,User2,User,ExploitRemoteService,,[],[],"[""Enterprise1"", ""User0"", ""User1""]","[""Enterprise1"", ""User0"", ""User1""]","{""blue_first_relevant_response_after_critical"": 57, ""blue_first_relevant_response_after_enterprise"": 9, ""enterprise_foothold_step"": 5, ""first_critical_hit_step"": 56, ""window_end"": 12, ""window_start"": 10}"
no_constraint_stage2_fair,19,stage2_ext_023_obj_2,closest_candidate,episode_000,6,6019,11,Q4_user_focus_after_enterprise_foothold,medium,Analyse,User2,User,PrivilegeEscalate,Enterprise1,[],[],"[""Enterprise1"", ""User0"", ""User1""]","[""Enterprise1"", ""User0"", ""User1""]","{""blue_first_relevant_response_after_critical"": 57, ""blue_first_relevant_response_after_enterprise"": 9, ""enterprise_foothold_step"": 5, ""first_critical_hit_step"": 56, ""window_end"": 13, ""window_start"": 11}"
no_constraint_stage2_fair,19,stage2_ext_023_obj_2,closest_candidate,episode_000,6,6019,16,Q4_user_focus_after_enterprise_foothold,medium,Analyse,User2,User,PrivilegeEscalate,Enterprise1,[],[],"[""Enterprise1"", ""User0"", ""User1""]","[""Enterprise1"", ""User0"", ""User1""]","{""blue_first_relevant_response_after_critical"": 57, ""blue_first_relevant_response_after_enterprise"": 9, ""enterprise_foothold_step"": 5, ""first_critical_hit_step"": 56, ""window_end"": 18, ""window_start"": 16}"
no_constraint_stage2_fair,19,stage2_ext_023_obj_2,closest_candidate,episode_000,6,6019,33,Q4_user_focus_after_enterprise_foothold,medium,DecoyTomcat,User3,User,ExploitRemoteService,,[],[],"[""Enterprise1"", ""Enterprise2"", ""User0"", ""User1""]","[""Enterprise1"", ""Enterprise2"", ""User0"", ""User1""]","{""blue_first_relevant_response_after_critical"": 57, ""blue_first_relevant_response_after_enterprise"": 9, ""enterprise_foothold_step"": 5, ""first_critical_hit_step"": 56, ""window_end"": 35, ""window_start"": 33}"
no_constraint_stage2_fair,19,stage2_ext_023_obj_2,closest_candidate,episode_000,6,6019,34,Q4_user_focus_after_enterprise_foothold,medium,Analyse,User2,User,ExploitRemoteService,,[],[],"[""Enterprise1"", ""Enterprise2"", ""User0"", ""User1""]","[""Enterprise1"", ""Enterprise2"", ""User0"", ""User1""]","{""blue_first_relevant_response_after_critical"": 57, ""blue_first_relevant_response_after_enterprise"": 9, ""enterprise_foothold_step"": 5, ""first_critical_hit_step"": 56, ""window_end"": 36, ""window_start"": 34}"
no_constraint_stage2_fair,19,stage2_ext_023_obj_2,closest_candidate,episode_000,6,6019,35,Q4_user_focus_after_enterprise_foothold,medium,DecoyHarakaSMPT,User1,User,PrivilegeEscalate,Enterprise1,[],[],"[""Enterprise1"", ""Enterprise2"", ""User0"", ""User1""]","[""Enterprise1"", ""Enterprise2"", ""User0"", ""User1""]","{""blue_first_relevant_response_after_critical"": 57, ""blue_first_relevant_response_after_enterprise"": 9, ""enterprise_foothold_step"": 5, ""first_critical_hit_step"": 56, ""window_end"": 37, ""window_start"": 35}"
no_constraint_stage2_fair,19,stage2_ext_023_obj_2,closest_candidate,episode_000,6,6019,44,Q4_user_focus_after_enterprise_foothold,medium,Analyse,User2,User,ExploitRemoteService,,[],[],"[""Enterprise1"", ""Enterprise2"", ""User0"", ""User1""]","[""Enterprise1"", ""Enterprise2"", ""User0"", ""User1""]","{""blue_first_relevant_response_after_critical"": 57, ""blue_first_relevant_response_after_enterprise"": 9, ""enterprise_foothold_step"": 5, ""first_critical_hit_step"": 56, ""window_end"": 46, ""window_start"": 44}"
no_constraint_stage2_fair,19,stage2_ext_023_obj_2,closest_candidate,episode_000,6,6019,45,Q4_user_focus_after_enterprise_foothold,medium,DecoyHarakaSMPT,User1,User,PrivilegeEscalate,Enterprise1,[],[],"[""Enterprise1"", ""Enterprise2"", ""User0"", ""User1""]","[""Enterprise1"", ""Enterprise2"", ""User0"", ""User1""]","{""blue_first_relevant_response_after_critical"": 57, ""blue_first_relevant_response_after_enterprise"": 9, ""enterprise_foothold_step"": 5, ""first_critical_hit_step"": 56, ""window_end"": 47, ""window_start"": 45}"
no_constraint_stage2_fair,19,stage2_ext_023_obj_2,closest_candidate,episode_000,6,6019,49,Q4_user_focus_after_enterprise_foothold,medium,DecoyVsftpd,User3,User,ExploitRemoteService,,[],[],"[""Enterprise1"", ""Enterprise2"", ""User0"", ""User1""]","[""Enterprise1"", ""Enterprise2"", ""User0"", ""User1""]","{""blue_first_relevant_response_after_critical"": 57, ""blue_first_relevant_response_after_enterprise"": 9, ""enterprise_foothold_step"": 5, ""first_critical_hit_step"": 56, ""window_end"": 51, ""window_start"": 49}"
no_constraint_stage2_fair,19,stage2_ext_023_obj_2,closest_candidate,episode_000,6,6019,59,Q4_user_focus_after_enterprise_foothold,medium,Analyse,User2,User,Impact,Op_Server0,"[""Op_Server0""]","[""Op_Server0""]","[""Enterprise1"", ""Enterprise2"", ""Op_Server0"", ""User0"", ""User1""]","[""Enterprise1"", ""Enterprise2"", ""Op_Server0"", ""User0"", ""User1""]","{""blue_first_relevant_response_after_critical"": 57, ""blue_first_relevant_response_after_enterprise"": 9, ""enterprise_foothold_step"": 5, ""first_critical_hit_step"": 56, ""window_end"": 61, ""window_start"": 59}"
no_constraint_stage2_fair,19,stage2_ext_023_obj_2,closest_candidate,episode_000,6,6019,60,Q4_user_focus_after_enterprise_foothold,medium,DecoyTomcat,User0,User,Impact,Op_Server0,"[""Op_Server0""]","[""Op_Server0""]","[""Enterprise1"", ""Enterprise2"", ""Op_Server0"", ""User0"", ""User1""]","[""Enterprise1"", ""Enterprise2"", ""Op_Server0"", ""User0"", ""User1""]","{""blue_first_relevant_response_after_critical"": 57, ""blue_first_relevant_response_after_enterprise"": 9, ""enterprise_foothold_step"": 5, ""first_critical_hit_step"": 56, ""window_end"": 62, ""window_start"": 60}"
no_constraint_stage2_fair,19,stage2_ext_023_obj_2,closest_candidate,episode_000,6,6019,61,Q4_user_focus_after_enterprise_foothold,medium,Analyse,User2,User,Impact,Op_Server0,"[""Op_Server0""]","[""Op_Server0""]","[""Enterprise1"", ""Enterprise2"", ""Op_Server0"", ""User0"", ""User1""]","[""Enterprise1"", ""Enterprise2"", ""Op_Server0"", ""User0"", ""User1""]","{""blue_first_relevant_response_after_critical"": 57, ""blue_first_relevant_response_after_enterprise"": 9, ""enterprise_foothold_step"": 5, ""first_critical_hit_step"": 56, ""window_end"": 63, ""window_start"": 61}"
no_constraint_stage2_fair,19,stage2_ext_023_obj_2,closest_candidate,episode_000,6,6019,62,Q4_user_focus_after_enterprise_foothold,medium,DecoyTomcat,User0,User,Impact,Op_Server0,"[""Op_Server0""]","[""Op_Server0""]","[""Enterprise1"", ""Enterprise2"", ""Op_Server0"", ""User0"", ""User1""]","[""Enterprise1"", ""Enterprise2"", ""Op_Server0"", ""User0"", ""User1""]","{""blue_first_relevant_response_after_critical"": 57, ""blue_first_relevant_response_after_enterprise"": 9, ""enterprise_foothold_step"": 5, ""first_critical_hit_step"": 56, ""window_end"": 64, ""window_start"": 62}"
no_constraint_stage2_fair,19,stage2_ext_023_obj_2,closest_candidate,episode_000,6,6019,76,Q4_user_focus_after_enterprise_foothold,medium,DecoyTomcat,User3,User,Impact,Op_Server0,"[""Op_Server0""]","[""Op_Server0""]","[""Enterprise1"", ""Enterprise2"", ""Op_Server0"", ""User0"", ""User1""]","[""Enterprise1"", ""Enterprise2"", ""Op_Server0"", ""User0"", ""User1""]","{""blue_first_relevant_response_after_critical"": 57, ""blue_first_relevant_response_after_enterprise"": 9, ""enterprise_foothold_step"": 5, ""first_critical_hit_step"": 56, ""window_end"": 78, ""window_start"": 76}"
no_constraint_stage2_fair,19,stage2_ext_023_obj_2,closest_candidate,episode_000,6,6019,12,Q5_repeated_low_value_decoy_loop,medium,DecoyTomcat,User3,User,DiscoverRemoteSystems,,[],[],"[""Enterprise1"", ""User0"", ""User1""]","[""Enterprise1"", ""User0"", ""User1""]","{""blue_first_relevant_response_after_critical"": 57, ""blue_first_relevant_response_after_enterprise"": 9, ""enterprise_foothold_step"": 5, ""first_critical_hit_step"": 56, ""window_end"": 18, ""window_start"": 9}"
no_constraint_stage2_fair,19,stage2_ext_023_obj_2,closest_candidate,episode_000,6,6019,53,Q5_repeated_low_value_decoy_loop,medium,DecoyTomcat,User0,User,ExploitRemoteService,,[],[],"[""Enterprise1"", ""Enterprise2"", ""User0"", ""User1""]","[""Enterprise1"", ""Enterprise2"", ""User0"", ""User1""]","{""blue_first_relevant_response_after_critical"": 57, ""blue_first_relevant_response_after_enterprise"": 9, ""enterprise_foothold_step"": 5, ""first_critical_hit_step"": 56, ""window_end"": 62, ""window_start"": 53}"
no_constraint_stage2_fair,19,stage2_ext_023_obj_2,closest_candidate,episode_000,7,7019,28,Q4_user_focus_after_enterprise_foothold,medium,Remove,User3,User,DiscoverNetworkServices,,[],[],"[""Enterprise1"", ""User0"", ""User1""]","[""Enterprise1"", ""User0"", ""User1""]","{""blue_first_relevant_response_after_critical"": null, ""blue_first_relevant_response_after_enterprise"": 6, ""enterprise_foothold_step"": 5, ""first_critical_hit_step"": null, ""window_end"": 30, ""window_start"": 28}"
no_constraint_stage2_fair,19,stage2_ext_023_obj_2,closest_candidate,episode_000,7,7019,36,Q4_user_focus_after_enterprise_foothold,medium,Analyse,User1,User,DiscoverNetworkServices,,[],[],"[""Enterprise1"", ""Enterprise2"", ""User0"", ""User1""]","[""Enterprise1"", ""Enterprise2"", ""User0"", ""User1""]","{""blue_first_relevant_response_after_critical"": null, ""blue_first_relevant_response_after_enterprise"": 6, ""enterprise_foothold_step"": 5, ""first_critical_hit_step"": null, ""window_end"": 38, ""window_start"": 36}"
no_constraint_stage2_fair,19,stage2_ext_023_obj_2,closest_candidate,episode_000,7,7019,45,Q4_user_focus_after_enterprise_foothold,medium,Analyse,User2,User,DiscoverRemoteSystems,,[],[],"[""Enterprise1"", ""Enterprise2"", ""User0"", ""User1""]","[""Enterprise1"", ""Enterprise2"", ""User0"", ""User1""]","{""blue_first_relevant_response_after_critical"": null, ""blue_first_relevant_response_after_enterprise"": 6, ""enterprise_foothold_step"": 5, ""first_critical_hit_step"": null, ""window_end"": 47, ""window_start"": 45}"
no_constraint_stage2_fair,19,stage2_ext_023_obj_2,closest_candidate,episode_000,7,7019,46,Q4_user_focus_after_enterprise_foothold,medium,Analyse,User2,User,DiscoverNetworkServices,,[],[],"[""Enterprise1"", ""Enterprise2"", ""User0"", ""User1""]","[""Enterprise1"", ""Enterprise2"", ""User0"", ""User1""]","{""blue_first_relevant_response_after_critical"": null, ""blue_first_relevant_response_after_enterprise"": 6, ""enterprise_foothold_step"": 5, ""first_critical_hit_step"": null, ""window_end"": 48, ""window_start"": 46}"
no_constraint_stage2_fair,19,stage2_ext_023_obj_2,closest_candidate,episode_000,7,7019,47,Q4_user_focus_after_enterprise_foothold,medium,Analyse,User2,User,ExploitRemoteService,,[],[],"[""Enterprise1"", ""Enterprise2"", ""User0"", ""User1""]","[""Enterprise1"", ""Enterprise2"", ""User0"", ""User1""]","{""blue_first_relevant_response_after_critical"": null, ""blue_first_relevant_response_after_enterprise"": 6, ""enterprise_foothold_step"": 5, ""first_critical_hit_step"": null, ""window_end"": 49, ""window_start"": 47}"
no_constraint_stage2_fair,19,stage2_ext_023_obj_2,closest_candidate,episode_000,7,7019,56,Q4_user_focus_after_enterprise_foothold,medium,Analyse,User2,User,ExploitRemoteService,,[],[],"[""Enterprise1"", ""Enterprise2"", ""User0"", ""User1""]","[""Enterprise1"", ""Enterprise2"", ""User0"", ""User1""]","{""blue_first_relevant_response_after_critical"": null, ""blue_first_relevant_response_after_enterprise"": 6, ""enterprise_foothold_step"": 5, ""first_critical_hit_step"": null, ""window_end"": 58, ""window_start"": 56}"
no_constraint_stage2_fair,19,stage2_ext_023_obj_2,closest_candidate,episode_000,7,7019,65,Q4_user_focus_after_enterprise_foothold,medium,DecoyTomcat,User3,User,ExploitRemoteService,,[],[],"[""Enterprise1"", ""Enterprise2"", ""User0"", ""User1""]","[""Enterprise1"", ""Enterprise2"", ""User0"", ""User1""]","{""blue_first_relevant_response_after_critical"": null, ""blue_first_relevant_response_after_enterprise"": 6, ""enterprise_foothold_step"": 5, ""first_critical_hit_step"": null, ""window_end"": 67, ""window_start"": 65}"
no_constraint_stage2_fair,19,stage2_ext_023_obj_2,closest_candidate,episode_000,7,7019,66,Q4_user_focus_after_enterprise_foothold,medium,Analyse,User1,User,ExploitRemoteService,,[],[],"[""Enterprise1"", ""Enterprise2"", ""User0"", ""User1""]","[""Enterprise1"", ""Enterprise2"", ""User0"", ""User1""]","{""blue_first_relevant_response_after_critical"": null, ""blue_first_relevant_response_after_enterprise"": 6, ""enterprise_foothold_step"": 5, ""first_critical_hit_step"": null, ""window_end"": 68, ""window_start"": 66}"
no_constraint_stage2_fair,19,stage2_ext_023_obj_2,closest_candidate,episode_000,7,7019,67,Q4_user_focus_after_enterprise_foothold,medium,DecoySSHD,User4,User,PrivilegeEscalate,Enterprise1,[],[],"[""Enterprise1"", ""Enterprise2"", ""User0"", ""User1""]","[""Enterprise1"", ""Enterprise2"", ""User0"", ""User1""]","{""blue_first_relevant_response_after_critical"": null, ""blue_first_relevant_response_after_enterprise"": 6, ""enterprise_foothold_step"": 5, ""first_critical_hit_step"": null, ""window_end"": 69, ""window_start"": 67}"
no_constraint_stage2_fair,19,stage2_ext_023_obj_2,closest_candidate,episode_000,7,7019,68,Q4_user_focus_after_enterprise_foothold,medium,Analyse,User0,User,DiscoverRemoteSystems,,[],[],"[""Enterprise1"", ""Enterprise2"", ""User0"", ""User1""]","[""Enterprise1"", ""Enterprise2"", ""User0"", ""User1""]","{""blue_first_relevant_response_after_critical"": null, ""blue_first_relevant_response_after_enterprise"": 6, ""enterprise_foothold_step"": 5, ""first_critical_hit_step"": null, ""window_end"": 70, ""window_start"": 68}"
no_constraint_stage2_fair,19,stage2_ext_023_obj_2,closest_candidate,episode_000,7,7019,76,Q4_user_focus_after_enterprise_foothold,medium,Analyse,User2,User,ExploitRemoteService,,[],[],"[""Enterprise1"", ""Enterprise2"", ""User0"", ""User1""]","[""Enterprise1"", ""Enterprise2"", ""User0"", ""User1""]","{""blue_first_relevant_response_after_critical"": null, ""blue_first_relevant_response_after_enterprise"": 6, ""enterprise_foothold_step"": 5, ""first_critical_hit_step"": null, ""window_end"": 78, ""window_start"": 76}"
no_constraint_stage2_fair,19,stage2_ext_023_obj_2,closest_candidate,episode_000,7,7019,86,Q4_user_focus_after_enterprise_foothold,medium,Analyse,User2,User,ExploitRemoteService,,[],[],"[""Enterprise1"", ""Enterprise2"", ""User0"", ""User1""]","[""Enterprise1"", ""Enterprise2"", ""User0"", ""User1""]","{""blue_first_relevant_response_after_critical"": null, ""blue_first_relevant_response_after_enterprise"": 6, ""enterprise_foothold_step"": 5, ""first_critical_hit_step"": null, ""window_end"": 88, ""window_start"": 86}"
no_constraint_stage2_fair,19,stage2_ext_023_obj_2,closest_candidate,episode_000,7,7019,87,Q4_user_focus_after_enterprise_foothold,medium,Analyse,User0,User,PrivilegeEscalate,Enterprise1,[],[],"[""Enterprise1"", ""Enterprise2"", ""User0"", ""User1""]","[""Enterprise1"", ""Enterprise2"", ""User0"", ""User1""]","{""blue_first_relevant_response_after_critical"": null, ""blue_first_relevant_response_after_enterprise"": 6, ""enterprise_foothold_step"": 5, ""first_critical_hit_step"": null, ""window_end"": 89, ""window_start"": 87}"
no_constraint_stage2_fair,19,stage2_ext_023_obj_2,closest_candidate,episode_000,7,7019,88,Q4_user_focus_after_enterprise_foothold,medium,DecoyTomcat,User3,User,DiscoverRemoteSystems,,[],[],"[""Enterprise1"", ""Enterprise2"", ""User0"", ""User1""]","[""Enterprise1"", ""Enterprise2"", ""User0"", ""User1""]","{""blue_first_relevant_response_after_critical"": null, ""blue_first_relevant_response_after_enterprise"": 6, ""enterprise_foothold_step"": 5, ""first_critical_hit_step"": null, ""window_end"": 90, ""window_start"": 88}"
no_constraint_stage2_fair,19,stage2_ext_023_obj_2,closest_candidate,episode_000,7,7019,89,Q4_user_focus_after_enterprise_foothold,medium,Analyse,User2,User,DiscoverNetworkServices,,[],[],"[""Enterprise1"", ""Enterprise2"", ""User0"", ""User1""]","[""Enterprise1"", ""Enterprise2"", ""User0"", ""User1""]","{""blue_first_relevant_response_after_critical"": null, ""blue_first_relevant_response_after_enterprise"": 6, ""enterprise_foothold_step"": 5, ""first_critical_hit_step"": null, ""window_end"": 91, ""window_start"": 89}"
no_constraint_stage2_fair,19,stage2_ext_023_obj_2,closest_candidate,episode_000,7,7019,93,Q4_user_focus_after_enterprise_foothold,medium,Analyse,User1,User,DiscoverRemoteSystems,,[],[],"[""Enterprise1"", ""Enterprise2"", ""User0"", ""User1""]","[""Enterprise1"", ""Enterprise2"", ""User0"", ""User1""]","{""blue_first_relevant_response_after_critical"": null, ""blue_first_relevant_response_after_enterprise"": 6, ""enterprise_foothold_step"": 5, ""first_critical_hit_step"": null, ""window_end"": 95, ""window_start"": 93}"
no_constraint_stage2_fair,19,stage2_ext_023_obj_2,closest_candidate,episode_000,7,7019,94,Q4_user_focus_after_enterprise_foothold,medium,DecoyTomcat,User3,User,DiscoverNetworkServices,,[],[],"[""Enterprise1"", ""Enterprise2"", ""User0"", ""User1""]","[""Enterprise1"", ""Enterprise2"", ""User0"", ""User1""]","{""blue_first_relevant_response_after_critical"": null, ""blue_first_relevant_response_after_enterprise"": 6, ""enterprise_foothold_step"": 5, ""first_critical_hit_step"": null, ""window_end"": 96, ""window_start"": 94}"
no_constraint_stage2_fair,19,stage2_ext_023_obj_2,closest_candidate,episode_000,7,7019,95,Q4_user_focus_after_enterprise_foothold,medium,Analyse,User2,User,ExploitRemoteService,,[],[],"[""Enterprise1"", ""Enterprise2"", ""User0"", ""User1""]","[""Enterprise1"", ""Enterprise2"", ""User0"", ""User1""]","{""blue_first_relevant_response_after_critical"": null, ""blue_first_relevant_response_after_enterprise"": 6, ""enterprise_foothold_step"": 5, ""first_critical_hit_step"": null, ""window_end"": 97, ""window_start"": 95}"
no_constraint_stage2_fair,19,stage2_ext_023_obj_2,closest_candidate,episode_000,7,7019,96,Q4_user_focus_after_enterprise_foothold,medium,Analyse,User2,User,ExploitRemoteService,,[],[],"[""Enterprise1"", ""Enterprise2"", ""User0"", ""User1""]","[""Enterprise1"", ""Enterprise2"", ""User0"", ""User1""]","{""blue_first_relevant_response_after_critical"": null, ""blue_first_relevant_response_after_enterprise"": 6, ""enterprise_foothold_step"": 5, ""first_critical_hit_step"": null, ""window_end"": 98, ""window_start"": 96}"
no_constraint_stage2_fair,19,stage2_ext_023_obj_2,closest_candidate,episode_000,7,7019,97,Q4_user_focus_after_enterprise_foothold,medium,Analyse,User1,User,PrivilegeEscalate,Enterprise1,[],[],"[""Enterprise1"", ""Enterprise2"", ""User0"", ""User1""]","[""Enterprise1"", ""Enterprise2"", ""User0"", ""User1""]","{""blue_first_relevant_response_after_critical"": null, ""blue_first_relevant_response_after_enterprise"": 6, ""enterprise_foothold_step"": 5, ""first_critical_hit_step"": null, ""window_end"": 99, ""window_start"": 97}"
no_constraint_stage2_fair,19,stage2_ext_023_obj_2,closest_candidate,episode_000,7,7019,67,Q5_repeated_low_value_decoy_loop,medium,DecoySSHD,User4,User,PrivilegeEscalate,Enterprise1,[],[],"[""Enterprise1"", ""Enterprise2"", ""User0"", ""User1""]","[""Enterprise1"", ""Enterprise2"", ""User0"", ""User1""]","{""blue_first_relevant_response_after_critical"": null, ""blue_first_relevant_response_after_enterprise"": 6, ""enterprise_foothold_step"": 5, ""first_critical_hit_step"": null, ""window_end"": 74, ""window_start"": 65}"
no_constraint_stage2_fair,19,stage2_ext_023_obj_2,closest_candidate,episode_001,0,20,14,Q2_user_action_during_critical_breach,high,Analyse,User2,User,Impact,Op_Server0,"[""Op_Server0""]","[""Op_Server0""]","[""Enterprise0"", ""Op_Server0"", ""User0"", ""User3""]","[""Enterprise0"", ""Op_Server0"", ""User0"", ""User3""]","{""blue_first_relevant_response_after_critical"": 13, ""blue_first_relevant_response_after_enterprise"": 6, ""enterprise_foothold_step"": 5, ""first_critical_hit_step"": 12, ""window_end"": null, ""window_start"": null}"
no_constraint_stage2_fair,19,stage2_ext_023_obj_2,closest_candidate,episode_001,0,20,15,Q2_user_action_during_critical_breach,high,Analyse,User2,User,Impact,Op_Server0,"[""Op_Server0""]","[""Op_Server0""]","[""Enterprise0"", ""Op_Server0"", ""User0"", ""User3""]","[""Enterprise0"", ""Op_Server0"", ""User0"", ""User3""]","{""blue_first_relevant_response_after_critical"": 13, ""blue_first_relevant_response_after_enterprise"": 6, ""enterprise_foothold_step"": 5, ""first_critical_hit_step"": 12, ""window_end"": null, ""window_start"": null}"
no_constraint_stage2_fair,19,stage2_ext_023_obj_2,closest_candidate,episode_001,0,20,17,Q2_user_action_during_critical_breach,high,DecoyTomcat,User3,User,Impact,Op_Server0,"[""Op_Server0""]","[""Op_Server0""]","[""Enterprise0"", ""Op_Server0"", ""User0"", ""User3""]","[""Enterprise0"", ""Op_Server0"", ""User0"", ""User3""]","{""blue_first_relevant_response_after_critical"": 13, ""blue_first_relevant_response_after_enterprise"": 6, ""enterprise_foothold_step"": 5, ""first_critical_hit_step"": 12, ""window_end"": null, ""window_start"": null}"
no_constraint_stage2_fair,19,stage2_ext_023_obj_2,closest_candidate,episode_001,0,20,18,Q2_user_action_during_critical_breach,high,DecoyApache,User1,User,Impact,Op_Server0,"[""Op_Server0""]","[""Op_Server0""]","[""Enterprise0"", ""Op_Server0"", ""User0"", ""User3""]","[""Enterprise0"", ""Op_Server0"", ""User0"", ""User3""]","{""blue_first_relevant_response_after_critical"": 13, ""blue_first_relevant_response_after_enterprise"": 6, ""enterprise_foothold_step"": 5, ""first_critical_hit_step"": 12, ""window_end"": null, ""window_start"": null}"
no_constraint_stage2_fair,19,stage2_ext_023_obj_2,closest_candidate,episode_001,0,20,19,Q2_user_action_during_critical_breach,high,Analyse,User2,User,Impact,Op_Server0,"[""Op_Server0""]","[""Op_Server0""]","[""Enterprise0"", ""Op_Server0"", ""User0"", ""User3""]","[""Enterprise0"", ""Op_Server0"", ""User0"", ""User3""]","{""blue_first_relevant_response_after_critical"": 13, ""blue_first_relevant_response_after_enterprise"": 6, ""enterprise_foothold_step"": 5, ""first_critical_hit_step"": 12, ""window_end"": null, ""window_start"": null}"
no_constraint_stage2_fair,19,stage2_ext_023_obj_2,closest_candidate,episode_001,0,20,21,Q2_user_action_during_critical_breach,high,DecoyTomcat,User3,User,Impact,Op_Server0,"[""Op_Server0""]","[""Op_Server0""]","[""Enterprise0"", ""Op_Server0"", ""User0"", ""User3""]","[""Enterprise0"", ""Op_Server0"", ""User0"", ""User3""]","{""blue_first_relevant_response_after_critical"": 13, ""blue_first_relevant_response_after_enterprise"": 6, ""enterprise_foothold_step"": 5, ""first_critical_hit_step"": 12, ""window_end"": null, ""window_start"": null}"
no_constraint_stage2_fair,19,stage2_ext_023_obj_2,closest_candidate,episode_001,0,20,23,Q2_user_action_during_critical_breach,high,DecoyFemitter,User1,User,Impact,Op_Server0,"[""Op_Server0""]","[""Op_Server0""]","[""Enterprise0"", ""Op_Server0"", ""User0"", ""User3""]","[""Enterprise0"", ""Op_Server0"", ""User0"", ""User3""]","{""blue_first_relevant_response_after_critical"": 13, ""blue_first_relevant_response_after_enterprise"": 6, ""enterprise_foothold_step"": 5, ""first_critical_hit_step"": 12, ""window_end"": null, ""window_start"": null}"
no_constraint_stage2_fair,19,stage2_ext_023_obj_2,closest_candidate,episode_001,0,20,29,Q2_user_action_during_critical_breach,high,DecoyTomcat,User3,User,Impact,Op_Server0,"[""Op_Server0""]","[""Op_Server0""]","[""Enterprise0"", ""Op_Server0"", ""User0"", ""User3""]","[""Enterprise0"", ""Op_Server0"", ""User0"", ""User3""]","{""blue_first_relevant_response_after_critical"": 13, ""blue_first_relevant_response_after_enterprise"": 6, ""enterprise_foothold_step"": 5, ""first_critical_hit_step"": 12, ""window_end"": null, ""window_start"": null}"
no_constraint_stage2_fair,19,stage2_ext_023_obj_2,closest_candidate,episode_001,0,20,30,Q2_user_action_during_critical_breach,high,Analyse,User2,User,Impact,Op_Server0,"[""Op_Server0""]","[""Op_Server0""]","[""Enterprise0"", ""Op_Server0"", ""User0"", ""User3""]","[""Enterprise0"", ""Op_Server0"", ""User0"", ""User3""]","{""blue_first_relevant_response_after_critical"": 13, ""blue_first_relevant_response_after_enterprise"": 6, ""enterprise_foothold_step"": 5, ""first_critical_hit_step"": 12, ""window_end"": null, ""window_start"": null}"
no_constraint_stage2_fair,19,stage2_ext_023_obj_2,closest_candidate,episode_001,0,20,31,Q2_user_action_during_critical_breach,high,Analyse,User2,User,Impact,Op_Server0,"[""Op_Server0""]","[""Op_Server0""]","[""Enterprise0"", ""Op_Server0"", ""User0"", ""User3""]","[""Enterprise0"", ""Op_Server0"", ""User0"", ""User3""]","{""blue_first_relevant_response_after_critical"": 13, ""blue_first_relevant_response_after_enterprise"": 6, ""enterprise_foothold_step"": 5, ""first_critical_hit_step"": 12, ""window_end"": null, ""window_start"": null}"
no_constraint_stage2_fair,19,stage2_ext_023_obj_2,closest_candidate,episode_001,0,20,32,Q2_user_action_during_critical_breach,high,Analyse,User0,User,Impact,Op_Server0,"[""Op_Server0""]","[""Op_Server0""]","[""Enterprise0"", ""Op_Server0"", ""User0"", ""User3""]","[""Enterprise0"", ""Op_Server0"", ""User0"", ""User3""]","{""blue_first_relevant_response_after_critical"": 13, ""blue_first_relevant_response_after_enterprise"": 6, ""enterprise_foothold_step"": 5, ""first_critical_hit_step"": 12, ""window_end"": null, ""window_start"": null}"
no_constraint_stage2_fair,19,stage2_ext_023_obj_2,closest_candidate,episode_001,0,20,35,Q2_user_action_during_critical_breach,high,DecoyApache,User1,User,Impact,Op_Server0,"[""Op_Server0""]","[""Op_Server0""]","[""Enterprise0"", ""Op_Server0"", ""User0"", ""User3""]","[""Enterprise0"", ""Op_Server0"", ""User0"", ""User3""]","{""blue_first_relevant_response_after_critical"": 13, ""blue_first_relevant_response_after_enterprise"": 6, ""enterprise_foothold_step"": 5, ""first_critical_hit_step"": 12, ""window_end"": null, ""window_start"": null}"
no_constraint_stage2_fair,19,stage2_ext_023_obj_2,closest_candidate,episode_001,0,20,38,Q2_user_action_during_critical_breach,high,DecoyTomcat,User0,User,Impact,Op_Server0,"[""Op_Server0""]","[""Op_Server0""]","[""Enterprise0"", ""Op_Server0"", ""User0"", ""User3""]","[""Enterprise0"", ""Op_Server0"", ""User0"", ""User3""]","{""blue_first_relevant_response_after_critical"": 13, ""blue_first_relevant_response_after_enterprise"": 6, ""enterprise_foothold_step"": 5, ""first_critical_hit_step"": 12, ""window_end"": null, ""window_start"": null}"
no_constraint_stage2_fair,19,stage2_ext_023_obj_2,closest_candidate,episode_001,0,20,39,Q2_user_action_during_critical_breach,high,DecoyTomcat,User3,User,Impact,Op_Server0,"[""Op_Server0""]","[""Op_Server0""]","[""Enterprise0"", ""Op_Server0"", ""User0"", ""User3""]","[""Enterprise0"", ""Op_Server0"", ""User0"", ""User3""]","{""blue_first_relevant_response_after_critical"": 13, ""blue_first_relevant_response_after_enterprise"": 6, ""enterprise_foothold_step"": 5, ""first_critical_hit_step"": 12, ""window_end"": null, ""window_start"": null}"
no_constraint_stage2_fair,19,stage2_ext_023_obj_2,closest_candidate,episode_001,0,20,41,Q2_user_action_during_critical_breach,high,Analyse,User2,User,Impact,Op_Server0,"[""Op_Server0""]","[""Op_Server0""]","[""Enterprise0"", ""Op_Server0"", ""User0"", ""User3""]","[""Enterprise0"", ""Op_Server0"", ""User0"", ""User3""]","{""blue_first_relevant_response_after_critical"": 13, ""blue_first_relevant_response_after_enterprise"": 6, ""enterprise_foothold_step"": 5, ""first_critical_hit_step"": 12, ""window_end"": null, ""window_start"": null}"
no_constraint_stage2_fair,19,stage2_ext_023_obj_2,closest_candidate,episode_001,0,20,44,Q2_user_action_during_critical_breach,high,Analyse,User2,User,Impact,Op_Server0,"[""Op_Server0""]","[""Op_Server0""]","[""Enterprise0"", ""Op_Server0"", ""User0"", ""User3""]","[""Enterprise0"", ""Op_Server0"", ""User0"", ""User3""]","{""blue_first_relevant_response_after_critical"": 13, ""blue_first_relevant_response_after_enterprise"": 6, ""enterprise_foothold_step"": 5, ""first_critical_hit_step"": 12, ""window_end"": null, ""window_start"": null}"
no_constraint_stage2_fair,19,stage2_ext_023_obj_2,closest_candidate,episode_001,0,20,45,Q2_user_action_during_critical_breach,high,Analyse,User2,User,Impact,Op_Server0,"[""Op_Server0""]","[""Op_Server0""]","[""Enterprise0"", ""Op_Server0"", ""User0"", ""User3""]","[""Enterprise0"", ""Op_Server0"", ""User0"", ""User3""]","{""blue_first_relevant_response_after_critical"": 13, ""blue_first_relevant_response_after_enterprise"": 6, ""enterprise_foothold_step"": 5, ""first_critical_hit_step"": 12, ""window_end"": null, ""window_start"": null}"
no_constraint_stage2_fair,19,stage2_ext_023_obj_2,closest_candidate,episode_001,0,20,47,Q2_user_action_during_critical_breach,high,Analyse,User2,User,Impact,Op_Server0,"[""Op_Server0""]","[""Op_Server0""]","[""Enterprise0"", ""Op_Server0"", ""User0"", ""User3""]","[""Enterprise0"", ""Op_Server0"", ""User0"", ""User3""]","{""blue_first_relevant_response_after_critical"": 13, ""blue_first_relevant_response_after_enterprise"": 6, ""enterprise_foothold_step"": 5, ""first_critical_hit_step"": 12, ""window_end"": null, ""window_start"": null}"
no_constraint_stage2_fair,19,stage2_ext_023_obj_2,closest_candidate,episode_001,0,20,48,Q2_user_action_during_critical_breach,high,Remove,User3,User,Impact,Op_Server0,"[""Op_Server0""]","[""Op_Server0""]","[""Enterprise0"", ""Op_Server0"", ""User0"", ""User3""]","[""Enterprise0"", ""Op_Server0"", ""User0"", ""User3""]","{""blue_first_relevant_response_after_critical"": 13, ""blue_first_relevant_response_after_enterprise"": 6, ""enterprise_foothold_step"": 5, ""first_critical_hit_step"": 12, ""window_end"": null, ""window_start"": null}"
no_constraint_stage2_fair,19,stage2_ext_023_obj_2,closest_candidate,episode_001,0,20,53,Q2_user_action_during_critical_breach,high,DecoyFemitter,User1,User,Impact,Op_Server0,"[""Op_Server0""]","[""Op_Server0""]","[""Op_Server0"", ""User0"", ""User3""]","[""Op_Server0"", ""User0"", ""User3""]","{""blue_first_relevant_response_after_critical"": 13, ""blue_first_relevant_response_after_enterprise"": 6, ""enterprise_foothold_step"": 5, ""first_critical_hit_step"": 12, ""window_end"": null, ""window_start"": null}"
no_constraint_stage2_fair,19,stage2_ext_023_obj_2,closest_candidate,episode_001,0,20,54,Q2_user_action_during_critical_breach,high,Analyse,User0,User,Impact,Op_Server0,"[""Op_Server0""]","[""Op_Server0""]","[""Op_Server0"", ""User0"", ""User3""]","[""Op_Server0"", ""User0"", ""User3""]","{""blue_first_relevant_response_after_critical"": 13, ""blue_first_relevant_response_after_enterprise"": 6, ""enterprise_foothold_step"": 5, ""first_critical_hit_step"": 12, ""window_end"": null, ""window_start"": null}"
no_constraint_stage2_fair,19,stage2_ext_023_obj_2,closest_candidate,episode_001,0,20,55,Q2_user_action_during_critical_breach,high,Analyse,User2,User,Impact,Op_Server0,"[""Op_Server0""]","[""Op_Server0""]","[""Op_Server0"", ""User0"", ""User3""]","[""Op_Server0"", ""User0"", ""User3""]","{""blue_first_relevant_response_after_critical"": 13, ""blue_first_relevant_response_after_enterprise"": 6, ""enterprise_foothold_step"": 5, ""first_critical_hit_step"": 12, ""window_end"": null, ""window_start"": null}"
no_constraint_stage2_fair,19,stage2_ext_023_obj_2,closest_candidate,episode_001,0,20,56,Q2_user_action_during_critical_breach,high,Analyse,User1,User,Impact,Op_Server0,"[""Op_Server0""]","[""Op_Server0""]","[""Op_Server0"", ""User0"", ""User3""]","[""Op_Server0"", ""User0"", ""User3""]","{""blue_first_relevant_response_after_critical"": 13, ""blue_first_relevant_response_after_enterprise"": 6, ""enterprise_foothold_step"": 5, ""first_critical_hit_step"": 12, ""window_end"": null, ""window_start"": null}"
no_constraint_stage2_fair,19,stage2_ext_023_obj_2,closest_candidate,episode_001,0,20,59,Q2_user_action_during_critical_breach,high,Analyse,User2,User,Impact,Op_Server0,"[""Op_Server0""]","[""Op_Server0""]","[""Op_Server0"", ""User0"", ""User3""]","[""Op_Server0"", ""User0"", ""User3""]","{""blue_first_relevant_response_after_critical"": 13, ""blue_first_relevant_response_after_enterprise"": 6, ""enterprise_foothold_step"": 5, ""first_critical_hit_step"": 12, ""window_end"": null, ""window_start"": null}"
no_constraint_stage2_fair,19,stage2_ext_023_obj_2,closest_candidate,episode_001,0,20,64,Q2_user_action_during_critical_breach,high,DecoyTomcat,User3,User,Impact,Op_Server0,"[""Op_Server0""]","[""Op_Server0""]","[""Op_Server0"", ""User0"", ""User3""]","[""Op_Server0"", ""User0"", ""User3""]","{""blue_first_relevant_response_after_critical"": 13, ""blue_first_relevant_response_after_enterprise"": 6, ""enterprise_foothold_step"": 5, ""first_critical_hit_step"": 12, ""window_end"": null, ""window_start"": null}"
no_constraint_stage2_fair,19,stage2_ext_023_obj_2,closest_candidate,episode_001,0,20,66,Q2_user_action_during_critical_breach,high,DecoyTomcat,User3,User,Impact,Op_Server0,"[""Op_Server0""]","[""Op_Server0""]","[""Op_Server0"", ""User0"", ""User3""]","[""Op_Server0"", ""User0"", ""User3""]","{""blue_first_relevant_response_after_critical"": 13, ""blue_first_relevant_response_after_enterprise"": 6, ""enterprise_foothold_step"": 5, ""first_critical_hit_step"": 12, ""window_end"": null, ""window_start"": null}"
no_constraint_stage2_fair,19,stage2_ext_023_obj_2,closest_candidate,episode_001,0,20,69,Q2_user_action_during_critical_breach,high,Analyse,User2,User,Impact,Op_Server0,"[""Op_Server0""]","[""Op_Server0""]","[""Op_Server0"", ""User0"", ""User3""]","[""Op_Server0"", ""User0"", ""User3""]","{""blue_first_relevant_response_after_critical"": 13, ""blue_first_relevant_response_after_enterprise"": 6, ""enterprise_foothold_step"": 5, ""first_critical_hit_step"": 12, ""window_end"": null, ""window_start"": null}"
no_constraint_stage2_fair,19,stage2_ext_023_obj_2,closest_candidate,episode_001,0,20,70,Q2_user_action_during_critical_breach,high,DecoyVsftpd,User3,User,Impact,Op_Server0,"[""Op_Server0""]","[""Op_Server0""]","[""Op_Server0"", ""User0"", ""User3""]","[""Op_Server0"", ""User0"", ""User3""]","{""blue_first_relevant_response_after_critical"": 13, ""blue_first_relevant_response_after_enterprise"": 6, ""enterprise_foothold_step"": 5, ""first_critical_hit_step"": 12, ""window_end"": null, ""window_start"": null}"
no_constraint_stage2_fair,19,stage2_ext_023_obj_2,closest_candidate,episode_001,0,20,71,Q2_user_action_during_critical_breach,high,Analyse,User2,User,Impact,Op_Server0,"[""Op_Server0""]","[""Op_Server0""]","[""Op_Server0"", ""User0"", ""User3""]","[""Op_Server0"", ""User0"", ""User3""]","{""blue_first_relevant_response_after_critical"": 13, ""blue_first_relevant_response_after_enterprise"": 6, ""enterprise_foothold_step"": 5, ""first_critical_hit_step"": 12, ""window_end"": null, ""window_start"": null}"
no_constraint_stage2_fair,19,stage2_ext_023_obj_2,closest_candidate,episode_001,0,20,72,Q2_user_action_during_critical_breach,high,Analyse,User1,User,Impact,Op_Server0,"[""Op_Server0""]","[""Op_Server0""]","[""Op_Server0"", ""User0"", ""User3""]","[""Op_Server0"", ""User0"", ""User3""]","{""blue_first_relevant_response_after_critical"": 13, ""blue_first_relevant_response_after_enterprise"": 6, ""enterprise_foothold_step"": 5, ""first_critical_hit_step"": 12, ""window_end"": null, ""window_start"": null}"
no_constraint_stage2_fair,19,stage2_ext_023_obj_2,closest_candidate,episode_001,0,20,73,Q2_user_action_during_critical_breach,high,DecoySSHD,User4,User,Impact,Op_Server0,"[""Op_Server0""]","[""Op_Server0""]","[""Op_Server0"", ""User0"", ""User3""]","[""Op_Server0"", ""User0"", ""User3""]","{""blue_first_relevant_response_after_critical"": 13, ""blue_first_relevant_response_after_enterprise"": 6, ""enterprise_foothold_step"": 5, ""first_critical_hit_step"": 12, ""window_end"": null, ""window_start"": null}"
no_constraint_stage2_fair,19,stage2_ext_023_obj_2,closest_candidate,episode_001,0,20,74,Q2_user_action_during_critical_breach,high,Analyse,User2,User,Impact,Op_Server0,"[""Op_Server0""]","[""Op_Server0""]","[""Op_Server0"", ""User0"", ""User3""]","[""Op_Server0"", ""User0"", ""User3""]","{""blue_first_relevant_response_after_critical"": 13, ""blue_first_relevant_response_after_enterprise"": 6, ""enterprise_foothold_step"": 5, ""first_critical_hit_step"": 12, ""window_end"": null, ""window_start"": null}"
no_constraint_stage2_fair,19,stage2_ext_023_obj_2,closest_candidate,episode_001,0,20,75,Q2_user_action_during_critical_breach,high,DecoyTomcat,User3,User,Impact,Op_Server0,"[""Op_Server0""]","[""Op_Server0""]","[""Op_Server0"", ""User0"", ""User3""]","[""Op_Server0"", ""User0"", ""User3""]","{""blue_first_relevant_response_after_critical"": 13, ""blue_first_relevant_response_after_enterprise"": 6, ""enterprise_foothold_step"": 5, ""first_critical_hit_step"": 12, ""window_end"": null, ""window_start"": null}"
no_constraint_stage2_fair,19,stage2_ext_023_obj_2,closest_candidate,episode_001,0,20,78,Q2_user_action_during_critical_breach,high,Analyse,User2,User,Impact,Op_Server0,"[""Op_Server0""]","[""Op_Server0""]","[""Op_Server0"", ""User0"", ""User3""]","[""Op_Server0"", ""User0"", ""User3""]","{""blue_first_relevant_response_after_critical"": 13, ""blue_first_relevant_response_after_enterprise"": 6, ""enterprise_foothold_step"": 5, ""first_critical_hit_step"": 12, ""window_end"": null, ""window_start"": null}"
no_constraint_stage2_fair,19,stage2_ext_023_obj_2,closest_candidate,episode_001,0,20,79,Q2_user_action_during_critical_breach,high,DecoySSHD,User4,User,Impact,Op_Server0,"[""Op_Server0""]","[""Op_Server0""]","[""Op_Server0"", ""User0"", ""User3""]","[""Op_Server0"", ""User0"", ""User3""]","{""blue_first_relevant_response_after_critical"": 13, ""blue_first_relevant_response_after_enterprise"": 6, ""enterprise_foothold_step"": 5, ""first_critical_hit_step"": 12, ""window_end"": null, ""window_start"": null}"
no_constraint_stage2_fair,19,stage2_ext_023_obj_2,closest_candidate,episode_001,0,20,81,Q2_user_action_during_critical_breach,high,Analyse,User2,User,Impact,Op_Server0,"[""Op_Server0""]","[""Op_Server0""]","[""Op_Server0"", ""User0"", ""User3""]","[""Op_Server0"", ""User0"", ""User3""]","{""blue_first_relevant_response_after_critical"": 13, ""blue_first_relevant_response_after_enterprise"": 6, ""enterprise_foothold_step"": 5, ""first_critical_hit_step"": 12, ""window_end"": null, ""window_start"": null}"
no_constraint_stage2_fair,19,stage2_ext_023_obj_2,closest_candidate,episode_001,0,20,82,Q2_user_action_during_critical_breach,high,DecoyHarakaSMPT,User1,User,Impact,Op_Server0,"[""Op_Server0""]","[""Op_Server0""]","[""Op_Server0"", ""User0"", ""User3""]","[""Op_Server0"", ""User0"", ""User3""]","{""blue_first_relevant_response_after_critical"": 13, ""blue_first_relevant_response_after_enterprise"": 6, ""enterprise_foothold_step"": 5, ""first_critical_hit_step"": 12, ""window_end"": null, ""window_start"": null}"
no_constraint_stage2_fair,19,stage2_ext_023_obj_2,closest_candidate,episode_001,0,20,83,Q2_user_action_during_critical_breach,high,DecoyApache,User1,User,Impact,Op_Server0,"[""Op_Server0""]","[""Op_Server0""]","[""Op_Server0"", ""User0"", ""User3""]","[""Op_Server0"", ""User0"", ""User3""]","{""blue_first_relevant_response_after_critical"": 13, ""blue_first_relevant_response_after_enterprise"": 6, ""enterprise_foothold_step"": 5, ""first_critical_hit_step"": 12, ""window_end"": null, ""window_start"": null}"
no_constraint_stage2_fair,19,stage2_ext_023_obj_2,closest_candidate,episode_001,0,20,84,Q2_user_action_during_critical_breach,high,DecoyTomcat,User3,User,Impact,Op_Server0,"[""Op_Server0""]","[""Op_Server0""]","[""Op_Server0"", ""User0"", ""User3""]","[""Op_Server0"", ""User0"", ""User3""]","{""blue_first_relevant_response_after_critical"": 13, ""blue_first_relevant_response_after_enterprise"": 6, ""enterprise_foothold_step"": 5, ""first_critical_hit_step"": 12, ""window_end"": null, ""window_start"": null}"
no_constraint_stage2_fair,19,stage2_ext_023_obj_2,closest_candidate,episode_001,0,20,85,Q2_user_action_during_critical_breach,high,Analyse,User2,User,Impact,Op_Server0,"[""Op_Server0""]","[""Op_Server0""]","[""Op_Server0"", ""User0"", ""User3""]","[""Op_Server0"", ""User0"", ""User3""]","{""blue_first_relevant_response_after_critical"": 13, ""blue_first_relevant_response_after_enterprise"": 6, ""enterprise_foothold_step"": 5, ""first_critical_hit_step"": 12, ""window_end"": null, ""window_start"": null}"
no_constraint_stage2_fair,19,stage2_ext_023_obj_2,closest_candidate,episode_001,0,20,86,Q2_user_action_during_critical_breach,high,DecoyTomcat,User3,User,Impact,Op_Server0,"[""Op_Server0""]","[""Op_Server0""]","[""Op_Server0"", ""User0"", ""User3""]","[""Op_Server0"", ""User0"", ""User3""]","{""blue_first_relevant_response_after_critical"": 13, ""blue_first_relevant_response_after_enterprise"": 6, ""enterprise_foothold_step"": 5, ""first_critical_hit_step"": 12, ""window_end"": null, ""window_start"": null}"
no_constraint_stage2_fair,19,stage2_ext_023_obj_2,closest_candidate,episode_001,0,20,87,Q2_user_action_during_critical_breach,high,Analyse,User2,User,Impact,Op_Server0,"[""Op_Server0""]","[""Op_Server0""]","[""Op_Server0"", ""User0"", ""User3""]","[""Op_Server0"", ""User0"", ""User3""]","{""blue_first_relevant_response_after_critical"": 13, ""blue_first_relevant_response_after_enterprise"": 6, ""enterprise_foothold_step"": 5, ""first_critical_hit_step"": 12, ""window_end"": null, ""window_start"": null}"
no_constraint_stage2_fair,19,stage2_ext_023_obj_2,closest_candidate,episode_001,0,20,89,Q2_user_action_during_critical_breach,high,Analyse,User2,User,Impact,Op_Server0,"[""Op_Server0""]","[""Op_Server0""]","[""Op_Server0"", ""User0"", ""User3""]","[""Op_Server0"", ""User0"", ""User3""]","{""blue_first_relevant_response_after_critical"": 13, ""blue_first_relevant_response_after_enterprise"": 6, ""enterprise_foothold_step"": 5, ""first_critical_hit_step"": 12, ""window_end"": null, ""window_start"": null}"
no_constraint_stage2_fair,19,stage2_ext_023_obj_2,closest_candidate,episode_001,0,20,91,Q2_user_action_during_critical_breach,high,Analyse,User1,User,Impact,Op_Server0,"[""Op_Server0""]","[""Op_Server0""]","[""Op_Server0"", ""User0"", ""User3""]","[""Op_Server0"", ""User0"", ""User3""]","{""blue_first_relevant_response_after_critical"": 13, ""blue_first_relevant_response_after_enterprise"": 6, ""enterprise_foothold_step"": 5, ""first_critical_hit_step"": 12, ""window_end"": null, ""window_start"": null}"
no_constraint_stage2_fair,19,stage2_ext_023_obj_2,closest_candidate,episode_001,0,20,94,Q2_user_action_during_critical_breach,high,Analyse,User2,User,Impact,Op_Server0,"[""Op_Server0""]","[""Op_Server0""]","[""Op_Server0"", ""User0"", ""User3""]","[""Op_Server0"", ""User0"", ""User3""]","{""blue_first_relevant_response_after_critical"": 13, ""blue_first_relevant_response_after_enterprise"": 6, ""enterprise_foothold_step"": 5, ""first_critical_hit_step"": 12, ""window_end"": null, ""window_start"": null}"
no_constraint_stage2_fair,19,stage2_ext_023_obj_2,closest_candidate,episode_001,0,20,95,Q2_user_action_during_critical_breach,high,DecoyApache,User1,User,Impact,Op_Server0,"[""Op_Server0""]","[""Op_Server0""]","[""Op_Server0"", ""User0"", ""User3""]","[""Op_Server0"", ""User0"", ""User3""]","{""blue_first_relevant_response_after_critical"": 13, ""blue_first_relevant_response_after_enterprise"": 6, ""enterprise_foothold_step"": 5, ""first_critical_hit_step"": 12, ""window_end"": null, ""window_start"": null}"
no_constraint_stage2_fair,19,stage2_ext_023_obj_2,closest_candidate,episode_001,0,20,96,Q2_user_action_during_critical_breach,high,Remove,User3,User,Impact,Op_Server0,"[""Op_Server0""]","[""Op_Server0""]","[""Op_Server0"", ""User0"", ""User3""]","[""Op_Server0"", ""User0"", ""User3""]","{""blue_first_relevant_response_after_critical"": 13, ""blue_first_relevant_response_after_enterprise"": 6, ""enterprise_foothold_step"": 5, ""first_critical_hit_step"": 12, ""window_end"": null, ""window_start"": null}"
no_constraint_stage2_fair,19,stage2_ext_023_obj_2,closest_candidate,episode_001,0,20,98,Q2_user_action_during_critical_breach,high,Analyse,User2,User,Impact,Op_Server0,"[""Op_Server0""]","[""Op_Server0""]","[""Op_Server0"", ""User0"", ""User3""]","[""Op_Server0"", ""User0"", ""User3""]","{""blue_first_relevant_response_after_critical"": 13, ""blue_first_relevant_response_after_enterprise"": 6, ""enterprise_foothold_step"": 5, ""first_critical_hit_step"": 12, ""window_end"": null, ""window_start"": null}"
no_constraint_stage2_fair,19,stage2_ext_023_obj_2,closest_candidate,episode_001,0,20,99,Q2_user_action_during_critical_breach,high,DecoyTomcat,User3,User,Impact,Op_Server0,"[""Op_Server0""]","[""Op_Server0""]","[""Op_Server0"", ""User0"", ""User3""]","[""Op_Server0"", ""User0"", ""User3""]","{""blue_first_relevant_response_after_critical"": 13, ""blue_first_relevant_response_after_enterprise"": 6, ""enterprise_foothold_step"": 5, ""first_critical_hit_step"": 12, ""window_end"": null, ""window_start"": null}"
no_constraint_stage2_fair,19,stage2_ext_023_obj_2,closest_candidate,episode_001,0,20,17,Q4_user_focus_after_enterprise_foothold,medium,DecoyTomcat,User3,User,Impact,Op_Server0,"[""Op_Server0""]","[""Op_Server0""]","[""Enterprise0"", ""Op_Server0"", ""User0"", ""User3""]","[""Enterprise0"", ""Op_Server0"", ""User0"", ""User3""]","{""blue_first_relevant_response_after_critical"": 13, ""blue_first_relevant_response_after_enterprise"": 6, ""enterprise_foothold_step"": 5, ""first_critical_hit_step"": 12, ""window_end"": 19, ""window_start"": 17}"
no_constraint_stage2_fair,19,stage2_ext_023_obj_2,closest_candidate,episode_001,0,20,29,Q4_user_focus_after_enterprise_foothold,medium,DecoyTomcat,User3,User,Impact,Op_Server0,"[""Op_Server0""]","[""Op_Server0""]","[""Enterprise0"", ""Op_Server0"", ""User0"", ""User3""]","[""Enterprise0"", ""Op_Server0"", ""User0"", ""User3""]","{""blue_first_relevant_response_after_critical"": 13, ""blue_first_relevant_response_after_enterprise"": 6, ""enterprise_foothold_step"": 5, ""first_critical_hit_step"": 12, ""window_end"": 31, ""window_start"": 29}"
no_constraint_stage2_fair,19,stage2_ext_023_obj_2,closest_candidate,episode_001,0,20,30,Q4_user_focus_after_enterprise_foothold,medium,Analyse,User2,User,Impact,Op_Server0,"[""Op_Server0""]","[""Op_Server0""]","[""Enterprise0"", ""Op_Server0"", ""User0"", ""User3""]","[""Enterprise0"", ""Op_Server0"", ""User0"", ""User3""]","{""blue_first_relevant_response_after_critical"": 13, ""blue_first_relevant_response_after_enterprise"": 6, ""enterprise_foothold_step"": 5, ""first_critical_hit_step"": 12, ""window_end"": 32, ""window_start"": 30}"
no_constraint_stage2_fair,19,stage2_ext_023_obj_2,closest_candidate,episode_001,0,20,53,Q4_user_focus_after_enterprise_foothold,medium,DecoyFemitter,User1,User,Impact,Op_Server0,"[""Op_Server0""]","[""Op_Server0""]","[""Op_Server0"", ""User0"", ""User3""]","[""Op_Server0"", ""User0"", ""User3""]","{""blue_first_relevant_response_after_critical"": 13, ""blue_first_relevant_response_after_enterprise"": 6, ""enterprise_foothold_step"": 5, ""first_critical_hit_step"": 12, ""window_end"": 55, ""window_start"": 53}"
no_constraint_stage2_fair,19,stage2_ext_023_obj_2,closest_candidate,episode_001,0,20,54,Q4_user_focus_after_enterprise_foothold,medium,Analyse,User0,User,Impact,Op_Server0,"[""Op_Server0""]","[""Op_Server0""]","[""Op_Server0"", ""User0"", ""User3""]","[""Op_Server0"", ""User0"", ""User3""]","{""blue_first_relevant_response_after_critical"": 13, ""blue_first_relevant_response_after_enterprise"": 6, ""enterprise_foothold_step"": 5, ""first_critical_hit_step"": 12, ""window_end"": 56, ""window_start"": 54}"
no_constraint_stage2_fair,19,stage2_ext_023_obj_2,closest_candidate,episode_001,0,20,69,Q4_user_focus_after_enterprise_foothold,medium,Analyse,User2,User,Impact,Op_Server0,"[""Op_Server0""]","[""Op_Server0""]","[""Op_Server0"", ""User0"", ""User3""]","[""Op_Server0"", ""User0"", ""User3""]","{""blue_first_relevant_response_after_critical"": 13, ""blue_first_relevant_response_after_enterprise"": 6, ""enterprise_foothold_step"": 5, ""first_critical_hit_step"": 12, ""window_end"": 71, ""window_start"": 69}"
no_constraint_stage2_fair,19,stage2_ext_023_obj_2,closest_candidate,episode_001,0,20,70,Q4_user_focus_after_enterprise_foothold,medium,DecoyVsftpd,User3,User,Impact,Op_Server0,"[""Op_Server0""]","[""Op_Server0""]","[""Op_Server0"", ""User0"", ""User3""]","[""Op_Server0"", ""User0"", ""User3""]","{""blue_first_relevant_response_after_critical"": 13, ""blue_first_relevant_response_after_enterprise"": 6, ""enterprise_foothold_step"": 5, ""first_critical_hit_step"": 12, ""window_end"": 72, ""window_start"": 70}"
no_constraint_stage2_fair,19,stage2_ext_023_obj_2,closest_candidate,episode_001,0,20,71,Q4_user_focus_after_enterprise_foothold,medium,Analyse,User2,User,Impact,Op_Server0,"[""Op_Server0""]","[""Op_Server0""]","[""Op_Server0"", ""User0"", ""User3""]","[""Op_Server0"", ""User0"", ""User3""]","{""blue_first_relevant_response_after_critical"": 13, ""blue_first_relevant_response_after_enterprise"": 6, ""enterprise_foothold_step"": 5, ""first_critical_hit_step"": 12, ""window_end"": 73, ""window_start"": 71}"
no_constraint_stage2_fair,19,stage2_ext_023_obj_2,closest_candidate,episode_001,0,20,72,Q4_user_focus_after_enterprise_foothold,medium,Analyse,User1,User,Impact,Op_Server0,"[""Op_Server0""]","[""Op_Server0""]","[""Op_Server0"", ""User0"", ""User3""]","[""Op_Server0"", ""User0"", ""User3""]","{""blue_first_relevant_response_after_critical"": 13, ""blue_first_relevant_response_after_enterprise"": 6, ""enterprise_foothold_step"": 5, ""first_critical_hit_step"": 12, ""window_end"": 74, ""window_start"": 72}"
no_constraint_stage2_fair,19,stage2_ext_023_obj_2,closest_candidate,episode_001,0,20,73,Q4_user_focus_after_enterprise_foothold,medium,DecoySSHD,User4,User,Impact,Op_Server0,"[""Op_Server0""]","[""Op_Server0""]","[""Op_Server0"", ""User0"", ""User3""]","[""Op_Server0"", ""User0"", ""User3""]","{""blue_first_relevant_response_after_critical"": 13, ""blue_first_relevant_response_after_enterprise"": 6, ""enterprise_foothold_step"": 5, ""first_critical_hit_step"": 12, ""window_end"": 75, ""window_start"": 73}"
no_constraint_stage2_fair,19,stage2_ext_023_obj_2,closest_candidate,episode_001,0,20,81,Q4_user_focus_after_enterprise_foothold,medium,Analyse,User2,User,Impact,Op_Server0,"[""Op_Server0""]","[""Op_Server0""]","[""Op_Server0"", ""User0"", ""User3""]","[""Op_Server0"", ""User0"", ""User3""]","{""blue_first_relevant_response_after_critical"": 13, ""blue_first_relevant_response_after_enterprise"": 6, ""enterprise_foothold_step"": 5, ""first_critical_hit_step"": 12, ""window_end"": 83, ""window_start"": 81}"
no_constraint_stage2_fair,19,stage2_ext_023_obj_2,closest_candidate,episode_001,0,20,82,Q4_user_focus_after_enterprise_foothold,medium,DecoyHarakaSMPT,User1,User,Impact,Op_Server0,"[""Op_Server0""]","[""Op_Server0""]","[""Op_Server0"", ""User0"", ""User3""]","[""Op_Server0"", ""User0"", ""User3""]","{""blue_first_relevant_response_after_critical"": 13, ""blue_first_relevant_response_after_enterprise"": 6, ""enterprise_foothold_step"": 5, ""first_critical_hit_step"": 12, ""window_end"": 84, ""window_start"": 82}"
no_constraint_stage2_fair,19,stage2_ext_023_obj_2,closest_candidate,episode_001,0,20,83,Q4_user_focus_after_enterprise_foothold,medium,DecoyApache,User1,User,Impact,Op_Server0,"[""Op_Server0""]","[""Op_Server0""]","[""Op_Server0"", ""User0"", ""User3""]","[""Op_Server0"", ""User0"", ""User3""]","{""blue_first_relevant_response_after_critical"": 13, ""blue_first_relevant_response_after_enterprise"": 6, ""enterprise_foothold_step"": 5, ""first_critical_hit_step"": 12, ""window_end"": 85, ""window_start"": 83}"
no_constraint_stage2_fair,19,stage2_ext_023_obj_2,closest_candidate,episode_001,0,20,84,Q4_user_focus_after_enterprise_foothold,medium,DecoyTomcat,User3,User,Impact,Op_Server0,"[""Op_Server0""]","[""Op_Server0""]","[""Op_Server0"", ""User0"", ""User3""]","[""Op_Server0"", ""User0"", ""User3""]","{""blue_first_relevant_response_after_critical"": 13, ""blue_first_relevant_response_after_enterprise"": 6, ""enterprise_foothold_step"": 5, ""first_critical_hit_step"": 12, ""window_end"": 86, ""window_start"": 84}"
no_constraint_stage2_fair,19,stage2_ext_023_obj_2,closest_candidate,episode_001,0,20,85,Q4_user_focus_after_enterprise_foothold,medium,Analyse,User2,User,Impact,Op_Server0,"[""Op_Server0""]","[""Op_Server0""]","[""Op_Server0"", ""User0"", ""User3""]","[""Op_Server0"", ""User0"", ""User3""]","{""blue_first_relevant_response_after_critical"": 13, ""blue_first_relevant_response_after_enterprise"": 6, ""enterprise_foothold_step"": 5, ""first_critical_hit_step"": 12, ""window_end"": 87, ""window_start"": 85}"
no_constraint_stage2_fair,19,stage2_ext_023_obj_2,closest_candidate,episode_001,0,20,94,Q4_user_focus_after_enterprise_foothold,medium,Analyse,User2,User,Impact,Op_Server0,"[""Op_Server0""]","[""Op_Server0""]","[""Op_Server0"", ""User0"", ""User3""]","[""Op_Server0"", ""User0"", ""User3""]","{""blue_first_relevant_response_after_critical"": 13, ""blue_first_relevant_response_after_enterprise"": 6, ""enterprise_foothold_step"": 5, ""first_critical_hit_step"": 12, ""window_end"": 96, ""window_start"": 94}"
no_constraint_stage2_fair,19,stage2_ext_023_obj_2,closest_candidate,episode_001,1,1020,10,Q4_user_focus_after_enterprise_foothold,medium,Analyse,User2,User,ExploitRemoteService,,[],[],"[""Enterprise0"", ""User0"", ""User4""]","[""Enterprise0"", ""User0"", ""User4""]","{""blue_first_relevant_response_after_critical"": null, ""blue_first_relevant_response_after_enterprise"": 8, ""enterprise_foothold_step"": 5, ""first_critical_hit_step"": null, ""window_end"": 12, ""window_start"": 10}"
no_constraint_stage2_fair,19,stage2_ext_023_obj_2,closest_candidate,episode_001,1,1020,11,Q4_user_focus_after_enterprise_foothold,medium,DecoySSHD,User3,User,PrivilegeEscalate,Enterprise0,[],[],"[""Enterprise0"", ""User0"", ""User4""]","[""Enterprise0"", ""User0"", ""User4""]","{""blue_first_relevant_response_after_critical"": null, ""blue_first_relevant_response_after_enterprise"": 8, ""enterprise_foothold_step"": 5, ""first_critical_hit_step"": null, ""window_end"": 13, ""window_start"": 11}"
no_constraint_stage2_fair,19,stage2_ext_023_obj_2,closest_candidate,episode_001,1,1020,28,Q4_user_focus_after_enterprise_foothold,medium,DecoyTomcat,User0,User,ExploitRemoteService,,[],[],"[""Enterprise0"", ""Enterprise2"", ""User0"", ""User4""]","[""Enterprise0"", ""Enterprise2"", ""User0"", ""User4""]","{""blue_first_relevant_response_after_critical"": null, ""blue_first_relevant_response_after_enterprise"": 8, ""enterprise_foothold_step"": 5, ""first_critical_hit_step"": null, ""window_end"": 30, ""window_start"": 28}"
no_constraint_stage2_fair,19,stage2_ext_023_obj_2,closest_candidate,episode_001,1,1020,37,Q4_user_focus_after_enterprise_foothold,medium,DecoyHarakaSMPT,User1,User,ExploitRemoteService,,[],[],"[""Enterprise0"", ""Enterprise2"", ""User0"", ""User4""]","[""Enterprise0"", ""Enterprise2"", ""User0"", ""User4""]","{""blue_first_relevant_response_after_critical"": null, ""blue_first_relevant_response_after_enterprise"": 8, ""enterprise_foothold_step"": 5, ""first_critical_hit_step"": null, ""window_end"": 39, ""window_start"": 37}"
no_constraint_stage2_fair,19,stage2_ext_023_obj_2,closest_candidate,episode_001,1,1020,47,Q4_user_focus_after_enterprise_foothold,medium,DecoyTomcat,User0,User,ExploitRemoteService,,[],[],"[""Enterprise0"", ""Enterprise2"", ""User0"", ""User4""]","[""Enterprise0"", ""Enterprise2"", ""User0"", ""User4""]","{""blue_first_relevant_response_after_critical"": null, ""blue_first_relevant_response_after_enterprise"": 8, ""enterprise_foothold_step"": 5, ""first_critical_hit_step"": null, ""window_end"": 49, ""window_start"": 47}"
no_constraint_stage2_fair,19,stage2_ext_023_obj_2,closest_candidate,episode_001,1,1020,48,Q4_user_focus_after_enterprise_foothold,medium,DecoySSHD,User4,User,PrivilegeEscalate,Enterprise0,[],[],"[""Enterprise0"", ""Enterprise2"", ""User0"", ""User4""]","[""Enterprise0"", ""Enterprise2"", ""User0"", ""User4""]","{""blue_first_relevant_response_after_critical"": null, ""blue_first_relevant_response_after_enterprise"": 8, ""enterprise_foothold_step"": 5, ""first_critical_hit_step"": null, ""window_end"": 50, ""window_start"": 48}"
no_constraint_stage2_fair,19,stage2_ext_023_obj_2,closest_candidate,episode_001,1,1020,49,Q4_user_focus_after_enterprise_foothold,medium,DecoyTomcat,User0,User,DiscoverRemoteSystems,,[],[],"[""Enterprise0"", ""Enterprise2"", ""User0"", ""User4""]","[""Enterprise0"", ""Enterprise2"", ""User0"", ""User4""]","{""blue_first_relevant_response_after_critical"": null, ""blue_first_relevant_response_after_enterprise"": 8, ""enterprise_foothold_step"": 5, ""first_critical_hit_step"": null, ""window_end"": 51, ""window_start"": 49}"
no_constraint_stage2_fair,19,stage2_ext_023_obj_2,closest_candidate,episode_001,1,1020,62,Q4_user_focus_after_enterprise_foothold,medium,DecoyTomcat,User3,User,PrivilegeEscalate,Enterprise2,[],[],"[""Enterprise0"", ""Enterprise2"", ""User0"", ""User4""]","[""Enterprise0"", ""Enterprise2"", ""User0"", ""User4""]","{""blue_first_relevant_response_after_critical"": null, ""blue_first_relevant_response_after_enterprise"": 8, ""enterprise_foothold_step"": 5, ""first_critical_hit_step"": null, ""window_end"": 64, ""window_start"": 62}"
no_constraint_stage2_fair,19,stage2_ext_023_obj_2,closest_candidate,episode_001,1,1020,13,Q5_repeated_low_value_decoy_loop,medium,DecoySSHD,User4,User,DiscoverNetworkServices,,[],[],"[""Enterprise0"", ""User0"", ""User4""]","[""Enterprise0"", ""User0"", ""User4""]","{""blue_first_relevant_response_after_critical"": null, ""blue_first_relevant_response_after_enterprise"": 8, ""enterprise_foothold_step"": 5, ""first_critical_hit_step"": null, ""window_end"": 20, ""window_start"": 11}"
no_constraint_stage2_fair,19,stage2_ext_023_obj_2,closest_candidate,episode_001,2,2020,17,Q4_user_focus_after_enterprise_foothold,medium,DecoyTomcat,User3,User,DiscoverNetworkServices,,[],[],"[""Enterprise0"", ""User0"", ""User3""]","[""Enterprise0"", ""User0"", ""User3""]","{""blue_first_relevant_response_after_critical"": null, ""blue_first_relevant_response_after_enterprise"": 10, ""enterprise_foothold_step"": 9, ""first_critical_hit_step"": null, ""window_end"": 19, ""window_start"": 17}"
no_constraint_stage2_fair,19,stage2_ext_023_obj_2,closest_candidate,episode_001,2,2020,28,Q4_user_focus_after_enterprise_foothold,medium,Analyse,User2,User,PrivilegeEscalate,User3,[],[],"[""Enterprise0"", ""User0"", ""User3""]","[""Enterprise0"", ""User0"", ""User3""]","{""blue_first_relevant_response_after_critical"": null, ""blue_first_relevant_response_after_enterprise"": 10, ""enterprise_foothold_step"": 9, ""first_critical_hit_step"": null, ""window_end"": 30, ""window_start"": 28}"
no_constraint_stage2_fair,19,stage2_ext_023_obj_2,closest_candidate,episode_001,2,2020,45,Q4_user_focus_after_enterprise_foothold,medium,Analyse,User2,User,PrivilegeEscalate,User3,[],[],"[""Enterprise0"", ""User0"", ""User3""]","[""Enterprise0"", ""User0"", ""User3""]","{""blue_first_relevant_response_after_critical"": null, ""blue_first_relevant_response_after_enterprise"": 10, ""enterprise_foothold_step"": 9, ""first_critical_hit_step"": null, ""window_end"": 47, ""window_start"": 45}"
no_constraint_stage2_fair,19,stage2_ext_023_obj_2,closest_candidate,episode_001,2,2020,69,Q4_user_focus_after_enterprise_foothold,medium,Analyse,User2,User,PrivilegeEscalate,User3,[],[],"[""Enterprise0"", ""User0"", ""User3""]","[""Enterprise0"", ""User0"", ""User3""]","{""blue_first_relevant_response_after_critical"": null, ""blue_first_relevant_response_after_enterprise"": 10, ""enterprise_foothold_step"": 9, ""first_critical_hit_step"": null, ""window_end"": 71, ""window_start"": 69}"
no_constraint_stage2_fair,19,stage2_ext_023_obj_2,closest_candidate,episode_001,2,2020,74,Q4_user_focus_after_enterprise_foothold,medium,DecoyApache,User1,User,DiscoverNetworkServices,,[],[],"[""Enterprise0"", ""User0"", ""User3""]","[""Enterprise0"", ""User0"", ""User3""]","{""blue_first_relevant_response_after_critical"": null, ""blue_first_relevant_response_after_enterprise"": 10, ""enterprise_foothold_step"": 9, ""first_critical_hit_step"": null, ""window_end"": 76, ""window_start"": 74}"
no_constraint_stage2_fair,19,stage2_ext_023_obj_2,closest_candidate,episode_001,2,2020,93,Q4_user_focus_after_enterprise_foothold,medium,DecoySSHD,User4,User,ExploitRemoteService,,[],[],"[""Enterprise0"", ""User0"", ""User3""]","[""Enterprise0"", ""User0"", ""User3""]","{""blue_first_relevant_response_after_critical"": null, ""blue_first_relevant_response_after_enterprise"": 10, ""enterprise_foothold_step"": 9, ""first_critical_hit_step"": null, ""window_end"": 95, ""window_start"": 93}"
no_constraint_stage2_fair,19,stage2_ext_023_obj_2,closest_candidate,episode_001,2,2020,94,Q4_user_focus_after_enterprise_foothold,medium,DecoyTomcat,User0,User,PrivilegeEscalate,User3,[],[],"[""Enterprise0"", ""User0"", ""User3""]","[""Enterprise0"", ""User0"", ""User3""]","{""blue_first_relevant_response_after_critical"": null, ""blue_first_relevant_response_after_enterprise"": 10, ""enterprise_foothold_step"": 9, ""first_critical_hit_step"": null, ""window_end"": 96, ""window_start"": 94}"
no_constraint_stage2_fair,19,stage2_ext_023_obj_2,closest_candidate,episode_001,2,2020,95,Q4_user_focus_after_enterprise_foothold,medium,DecoyTomcat,User0,User,DiscoverNetworkServices,,[],[],"[""Enterprise0"", ""User0"", ""User3""]","[""Enterprise0"", ""User0"", ""User3""]","{""blue_first_relevant_response_after_critical"": null, ""blue_first_relevant_response_after_enterprise"": 10, ""enterprise_foothold_step"": 9, ""first_critical_hit_step"": null, ""window_end"": 97, ""window_start"": 95}"
no_constraint_stage2_fair,19,stage2_ext_023_obj_2,closest_candidate,episode_001,2,2020,96,Q4_user_focus_after_enterprise_foothold,medium,DecoyHarakaSMPT,User1,User,ExploitRemoteService,,[],[],"[""Enterprise0"", ""User0"", ""User3""]","[""Enterprise0"", ""User0"", ""User3""]","{""blue_first_relevant_response_after_critical"": null, ""blue_first_relevant_response_after_enterprise"": 10, ""enterprise_foothold_step"": 9, ""first_critical_hit_step"": null, ""window_end"": 98, ""window_start"": 96}"
no_constraint_stage2_fair,19,stage2_ext_023_obj_2,closest_candidate,episode_001,2,2020,11,Q5_repeated_low_value_decoy_loop,medium,DecoyTomcat,User3,User,DiscoverRemoteSystems,,[],[],"[""Enterprise0"", ""User0"", ""User3""]","[""Enterprise0"", ""User0"", ""User3""]","{""blue_first_relevant_response_after_critical"": null, ""blue_first_relevant_response_after_enterprise"": 10, ""enterprise_foothold_step"": 9, ""first_critical_hit_step"": null, ""window_end"": 19, ""window_start"": 10}"
no_constraint_stage2_fair,19,stage2_ext_023_obj_2,closest_candidate,episode_001,3,3020,13,Q2_user_action_during_critical_breach,high,Analyse,User1,User,PrivilegeEscalate,Op_Server0,"[""Op_Server0""]","[""Op_Server0""]","[""Enterprise1"", ""Enterprise2"", ""Op_Server0"", ""User0"", ""User1""]","[""Enterprise1"", ""Enterprise2"", ""Op_Server0"", ""User0"", ""User1""]","{""blue_first_relevant_response_after_critical"": 14, ""blue_first_relevant_response_after_enterprise"": 9, ""enterprise_foothold_step"": 5, ""first_critical_hit_step"": 12, ""window_end"": null, ""window_start"": null}"
no_constraint_stage2_fair,19,stage2_ext_023_obj_2,closest_candidate,episode_001,3,3020,16,Q2_user_action_during_critical_breach,high,Analyse,User2,User,Impact,Op_Server0,"[""Op_Server0""]","[""Op_Server0""]","[""Enterprise1"", ""Enterprise2"", ""Op_Server0"", ""User0"", ""User1""]","[""Enterprise1"", ""Enterprise2"", ""Op_Server0"", ""User0"", ""User1""]","{""blue_first_relevant_response_after_critical"": 14, ""blue_first_relevant_response_after_enterprise"": 9, ""enterprise_foothold_step"": 5, ""first_critical_hit_step"": 12, ""window_end"": null, ""window_start"": null}"
no_constraint_stage2_fair,19,stage2_ext_023_obj_2,closest_candidate,episode_001,3,3020,17,Q2_user_action_during_critical_breach,high,Remove,User3,User,Impact,Op_Server0,"[""Op_Server0""]","[""Op_Server0""]","[""Enterprise1"", ""Enterprise2"", ""Op_Server0"", ""User0"", ""User1""]","[""Enterprise1"", ""Enterprise2"", ""Op_Server0"", ""User0"", ""User1""]","{""blue_first_relevant_response_after_critical"": 14, ""blue_first_relevant_response_after_enterprise"": 9, ""enterprise_foothold_step"": 5, ""first_critical_hit_step"": 12, ""window_end"": null, ""window_start"": null}"
no_constraint_stage2_fair,19,stage2_ext_023_obj_2,closest_candidate,episode_001,3,3020,19,Q2_user_action_during_critical_breach,high,DecoyHarakaSMPT,User1,User,Impact,Op_Server0,"[""Op_Server0""]","[""Op_Server0""]","[""Enterprise1"", ""Enterprise2"", ""Op_Server0"", ""User0"", ""User1""]","[""Enterprise1"", ""Enterprise2"", ""Op_Server0"", ""User0"", ""User1""]","{""blue_first_relevant_response_after_critical"": 14, ""blue_first_relevant_response_after_enterprise"": 9, ""enterprise_foothold_step"": 5, ""first_critical_hit_step"": 12, ""window_end"": null, ""window_start"": null}"
no_constraint_stage2_fair,19,stage2_ext_023_obj_2,closest_candidate,episode_001,3,3020,24,Q2_user_action_during_critical_breach,high,Analyse,User1,User,PrivilegeEscalate,Op_Server0,"[""Op_Server0""]","[""Op_Server0""]","[""Enterprise1"", ""Enterprise2"", ""Op_Server0"", ""User0"", ""User1""]","[""Enterprise1"", ""Enterprise2"", ""Op_Server0"", ""User0"", ""User1""]","{""blue_first_relevant_response_after_critical"": 14, ""blue_first_relevant_response_after_enterprise"": 9, ""enterprise_foothold_step"": 5, ""first_critical_hit_step"": 12, ""window_end"": null, ""window_start"": null}"
no_constraint_stage2_fair,19,stage2_ext_023_obj_2,closest_candidate,episode_001,3,3020,26,Q2_user_action_during_critical_breach,high,DecoyTomcat,User3,User,Impact,Op_Server0,"[""Op_Server0""]","[""Op_Server0""]","[""Enterprise1"", ""Enterprise2"", ""Op_Server0"", ""User0"", ""User1""]","[""Enterprise1"", ""Enterprise2"", ""Op_Server0"", ""User0"", ""User1""]","{""blue_first_relevant_response_after_critical"": 14, ""blue_first_relevant_response_after_enterprise"": 9, ""enterprise_foothold_step"": 5, ""first_critical_hit_step"": 12, ""window_end"": null, ""window_start"": null}"
no_constraint_stage2_fair,19,stage2_ext_023_obj_2,closest_candidate,episode_001,3,3020,27,Q2_user_action_during_critical_breach,high,Analyse,User2,User,Impact,Op_Server0,"[""Op_Server0""]","[""Op_Server0""]","[""Enterprise1"", ""Enterprise2"", ""Op_Server0"", ""User0"", ""User1""]","[""Enterprise1"", ""Enterprise2"", ""Op_Server0"", ""User0"", ""User1""]","{""blue_first_relevant_response_after_critical"": 14, ""blue_first_relevant_response_after_enterprise"": 9, ""enterprise_foothold_step"": 5, ""first_critical_hit_step"": 12, ""window_end"": null, ""window_start"": null}"
no_constraint_stage2_fair,19,stage2_ext_023_obj_2,closest_candidate,episode_001,3,3020,29,Q2_user_action_during_critical_breach,high,Remove,User3,User,Impact,Op_Server0,"[""Op_Server0""]","[""Op_Server0""]","[""Enterprise1"", ""Enterprise2"", ""Op_Server0"", ""User0"", ""User1""]","[""Enterprise1"", ""Enterprise2"", ""Op_Server0"", ""User0"", ""User1""]","{""blue_first_relevant_response_after_critical"": 14, ""blue_first_relevant_response_after_enterprise"": 9, ""enterprise_foothold_step"": 5, ""first_critical_hit_step"": 12, ""window_end"": null, ""window_start"": null}"
no_constraint_stage2_fair,19,stage2_ext_023_obj_2,closest_candidate,episode_001,3,3020,30,Q2_user_action_during_critical_breach,high,DecoyTomcat,User3,User,Impact,Op_Server0,"[""Op_Server0""]","[""Op_Server0""]","[""Enterprise1"", ""Enterprise2"", ""Op_Server0"", ""User0"", ""User1""]","[""Enterprise1"", ""Enterprise2"", ""Op_Server0"", ""User0"", ""User1""]","{""blue_first_relevant_response_after_critical"": 14, ""blue_first_relevant_response_after_enterprise"": 9, ""enterprise_foothold_step"": 5, ""first_critical_hit_step"": 12, ""window_end"": null, ""window_start"": null}"
no_constraint_stage2_fair,19,stage2_ext_023_obj_2,closest_candidate,episode_001,3,3020,34,Q2_user_action_during_critical_breach,high,Analyse,User0,User,Impact,Op_Server0,"[""Op_Server0""]","[""Op_Server0""]","[""Enterprise1"", ""Enterprise2"", ""Op_Server0"", ""User0"", ""User1""]","[""Enterprise1"", ""Enterprise2"", ""Op_Server0"", ""User0"", ""User1""]","{""blue_first_relevant_response_after_critical"": 14, ""blue_first_relevant_response_after_enterprise"": 9, ""enterprise_foothold_step"": 5, ""first_critical_hit_step"": 12, ""window_end"": null, ""window_start"": null}"
no_constraint_stage2_fair,19,stage2_ext_023_obj_2,closest_candidate,episode_001,3,3020,38,Q2_user_action_during_critical_breach,high,Analyse,User2,User,Impact,Op_Server0,"[""Op_Server0""]","[""Op_Server0""]","[""Enterprise1"", ""Enterprise2"", ""Op_Server0"", ""User0"", ""User1""]","[""Enterprise1"", ""Enterprise2"", ""Op_Server0"", ""User0"", ""User1""]","{""blue_first_relevant_response_after_critical"": 14, ""blue_first_relevant_response_after_enterprise"": 9, ""enterprise_foothold_step"": 5, ""first_critical_hit_step"": 12, ""window_end"": null, ""window_start"": null}"
no_constraint_stage2_fair,19,stage2_ext_023_obj_2,closest_candidate,episode_001,3,3020,39,Q2_user_action_during_critical_breach,high,DecoySSHD,User4,User,Impact,Op_Server0,"[""Op_Server0""]","[""Op_Server0""]","[""Enterprise1"", ""Enterprise2"", ""Op_Server0"", ""User0"", ""User1""]","[""Enterprise1"", ""Enterprise2"", ""Op_Server0"", ""User0"", ""User1""]","{""blue_first_relevant_response_after_critical"": 14, ""blue_first_relevant_response_after_enterprise"": 9, ""enterprise_foothold_step"": 5, ""first_critical_hit_step"": 12, ""window_end"": null, ""window_start"": null}"
no_constraint_stage2_fair,19,stage2_ext_023_obj_2,closest_candidate,episode_001,3,3020,43,Q2_user_action_during_critical_breach,high,Analyse,User2,User,Impact,Op_Server0,"[""Op_Server0""]","[""Op_Server0""]","[""Enterprise1"", ""Enterprise2"", ""Op_Server0"", ""User0"", ""User1""]","[""Enterprise1"", ""Enterprise2"", ""Op_Server0"", ""User0"", ""User1""]","{""blue_first_relevant_response_after_critical"": 14, ""blue_first_relevant_response_after_enterprise"": 9, ""enterprise_foothold_step"": 5, ""first_critical_hit_step"": 12, ""window_end"": null, ""window_start"": null}"
no_constraint_stage2_fair,19,stage2_ext_023_obj_2,closest_candidate,episode_001,3,3020,44,Q2_user_action_during_critical_breach,high,Analyse,User2,User,Impact,Op_Server0,"[""Op_Server0""]","[""Op_Server0""]","[""Enterprise1"", ""Enterprise2"", ""Op_Server0"", ""User0"", ""User1""]","[""Enterprise1"", ""Enterprise2"", ""Op_Server0"", ""User0"", ""User1""]","{""blue_first_relevant_response_after_critical"": 14, ""blue_first_relevant_response_after_enterprise"": 9, ""enterprise_foothold_step"": 5, ""first_critical_hit_step"": 12, ""window_end"": null, ""window_start"": null}"
no_constraint_stage2_fair,19,stage2_ext_023_obj_2,closest_candidate,episode_001,3,3020,45,Q2_user_action_during_critical_breach,high,DecoySSHD,User4,User,Impact,Op_Server0,"[""Op_Server0""]","[""Op_Server0""]","[""Enterprise1"", ""Enterprise2"", ""Op_Server0"", ""User0"", ""User1""]","[""Enterprise1"", ""Enterprise2"", ""Op_Server0"", ""User0"", ""User1""]","{""blue_first_relevant_response_after_critical"": 14, ""blue_first_relevant_response_after_enterprise"": 9, ""enterprise_foothold_step"": 5, ""first_critical_hit_step"": 12, ""window_end"": null, ""window_start"": null}"
no_constraint_stage2_fair,19,stage2_ext_023_obj_2,closest_candidate,episode_001,3,3020,46,Q2_user_action_during_critical_breach,high,DecoyTomcat,User0,User,Impact,Op_Server0,"[""Op_Server0""]","[""Op_Server0""]","[""Enterprise1"", ""Enterprise2"", ""Op_Server0"", ""User0"", ""User1""]","[""Enterprise1"", ""Enterprise2"", ""Op_Server0"", ""User0"", ""User1""]","{""blue_first_relevant_response_after_critical"": 14, ""blue_first_relevant_response_after_enterprise"": 9, ""enterprise_foothold_step"": 5, ""first_critical_hit_step"": 12, ""window_end"": null, ""window_start"": null}"
no_constraint_stage2_fair,19,stage2_ext_023_obj_2,closest_candidate,episode_001,3,3020,48,Q2_user_action_during_critical_breach,high,DecoyVsftpd,User3,User,Impact,Op_Server0,"[""Op_Server0""]","[""Op_Server0""]","[""Enterprise1"", ""Enterprise2"", ""Op_Server0"", ""User0"", ""User1""]","[""Enterprise1"", ""Enterprise2"", ""Op_Server0"", ""User0"", ""User1""]","{""blue_first_relevant_response_after_critical"": 14, ""blue_first_relevant_response_after_enterprise"": 9, ""enterprise_foothold_step"": 5, ""first_critical_hit_step"": 12, ""window_end"": null, ""window_start"": null}"
no_constraint_stage2_fair,19,stage2_ext_023_obj_2,closest_candidate,episode_001,3,3020,49,Q2_user_action_during_critical_breach,high,Analyse,User2,User,Impact,Op_Server0,"[""Op_Server0""]","[""Op_Server0""]","[""Enterprise1"", ""Enterprise2"", ""Op_Server0"", ""User0"", ""User1""]","[""Enterprise1"", ""Enterprise2"", ""Op_Server0"", ""User0"", ""User1""]","{""blue_first_relevant_response_after_critical"": 14, ""blue_first_relevant_response_after_enterprise"": 9, ""enterprise_foothold_step"": 5, ""first_critical_hit_step"": 12, ""window_end"": null, ""window_start"": null}"
no_constraint_stage2_fair,19,stage2_ext_023_obj_2,closest_candidate,episode_001,3,3020,50,Q2_user_action_during_critical_breach,high,DecoySSHD,User4,User,Impact,Op_Server0,"[""Op_Server0""]","[""Op_Server0""]","[""Enterprise1"", ""Enterprise2"", ""Op_Server0"", ""User0"", ""User1""]","[""Enterprise1"", ""Enterprise2"", ""Op_Server0"", ""User0"", ""User1""]","{""blue_first_relevant_response_after_critical"": 14, ""blue_first_relevant_response_after_enterprise"": 9, ""enterprise_foothold_step"": 5, ""first_critical_hit_step"": 12, ""window_end"": null, ""window_start"": null}"
no_constraint_stage2_fair,19,stage2_ext_023_obj_2,closest_candidate,episode_001,3,3020,51,Q2_user_action_during_critical_breach,high,Analyse,User2,User,Impact,Op_Server0,"[""Op_Server0""]","[""Op_Server0""]","[""Enterprise1"", ""Enterprise2"", ""Op_Server0"", ""User0"", ""User1""]","[""Enterprise1"", ""Enterprise2"", ""Op_Server0"", ""User0"", ""User1""]","{""blue_first_relevant_response_after_critical"": 14, ""blue_first_relevant_response_after_enterprise"": 9, ""enterprise_foothold_step"": 5, ""first_critical_hit_step"": 12, ""window_end"": null, ""window_start"": null}"
no_constraint_stage2_fair,19,stage2_ext_023_obj_2,closest_candidate,episode_001,3,3020,53,Q2_user_action_during_critical_breach,high,Analyse,User2,User,Impact,Op_Server0,"[""Op_Server0""]","[""Op_Server0""]","[""Enterprise1"", ""Enterprise2"", ""Op_Server0"", ""User0"", ""User1""]","[""Enterprise1"", ""Enterprise2"", ""Op_Server0"", ""User0"", ""User1""]","{""blue_first_relevant_response_after_critical"": 14, ""blue_first_relevant_response_after_enterprise"": 9, ""enterprise_foothold_step"": 5, ""first_critical_hit_step"": 12, ""window_end"": null, ""window_start"": null}"
no_constraint_stage2_fair,19,stage2_ext_023_obj_2,closest_candidate,episode_001,3,3020,54,Q2_user_action_during_critical_breach,high,DecoyTomcat,User3,User,Impact,Op_Server0,"[""Op_Server0""]","[""Op_Server0""]","[""Enterprise1"", ""Enterprise2"", ""Op_Server0"", ""User0"", ""User1""]","[""Enterprise1"", ""Enterprise2"", ""Op_Server0"", ""User0"", ""User1""]","{""blue_first_relevant_response_after_critical"": 14, ""blue_first_relevant_response_after_enterprise"": 9, ""enterprise_foothold_step"": 5, ""first_critical_hit_step"": 12, ""window_end"": null, ""window_start"": null}"
no_constraint_stage2_fair,19,stage2_ext_023_obj_2,closest_candidate,episode_001,3,3020,55,Q2_user_action_during_critical_breach,high,Analyse,User2,User,Impact,Op_Server0,"[""Op_Server0""]","[""Op_Server0""]","[""Enterprise1"", ""Enterprise2"", ""Op_Server0"", ""User0"", ""User1""]","[""Enterprise1"", ""Enterprise2"", ""Op_Server0"", ""User0"", ""User1""]","{""blue_first_relevant_response_after_critical"": 14, ""blue_first_relevant_response_after_enterprise"": 9, ""enterprise_foothold_step"": 5, ""first_critical_hit_step"": 12, ""window_end"": null, ""window_start"": null}"
no_constraint_stage2_fair,19,stage2_ext_023_obj_2,closest_candidate,episode_001,3,3020,57,Q2_user_action_during_critical_breach,high,DecoyTomcat,User3,User,Impact,Op_Server0,"[""Op_Server0""]","[""Op_Server0""]","[""Enterprise1"", ""Enterprise2"", ""Op_Server0"", ""User0"", ""User1""]","[""Enterprise1"", ""Enterprise2"", ""Op_Server0"", ""User0"", ""User1""]","{""blue_first_relevant_response_after_critical"": 14, ""blue_first_relevant_response_after_enterprise"": 9, ""enterprise_foothold_step"": 5, ""first_critical_hit_step"": 12, ""window_end"": null, ""window_start"": null}"
no_constraint_stage2_fair,19,stage2_ext_023_obj_2,closest_candidate,episode_001,3,3020,58,Q2_user_action_during_critical_breach,high,DecoyTomcat,User3,User,Impact,Op_Server0,"[""Op_Server0""]","[""Op_Server0""]","[""Enterprise1"", ""Enterprise2"", ""Op_Server0"", ""User0"", ""User1""]","[""Enterprise1"", ""Enterprise2"", ""Op_Server0"", ""User0"", ""User1""]","{""blue_first_relevant_response_after_critical"": 14, ""blue_first_relevant_response_after_enterprise"": 9, ""enterprise_foothold_step"": 5, ""first_critical_hit_step"": 12, ""window_end"": null, ""window_start"": null}"
no_constraint_stage2_fair,19,stage2_ext_023_obj_2,closest_candidate,episode_001,3,3020,59,Q2_user_action_during_critical_breach,high,Analyse,User2,User,Impact,Op_Server0,"[""Op_Server0""]","[""Op_Server0""]","[""Enterprise1"", ""Enterprise2"", ""Op_Server0"", ""User0"", ""User1""]","[""Enterprise1"", ""Enterprise2"", ""Op_Server0"", ""User0"", ""User1""]","{""blue_first_relevant_response_after_critical"": 14, ""blue_first_relevant_response_after_enterprise"": 9, ""enterprise_foothold_step"": 5, ""first_critical_hit_step"": 12, ""window_end"": null, ""window_start"": null}"
no_constraint_stage2_fair,19,stage2_ext_023_obj_2,closest_candidate,episode_001,3,3020,61,Q2_user_action_during_critical_breach,high,DecoyTomcat,User3,User,Impact,Op_Server0,"[""Op_Server0""]","[""Op_Server0""]","[""Enterprise1"", ""Enterprise2"", ""Op_Server0"", ""User0"", ""User1""]","[""Enterprise1"", ""Enterprise2"", ""Op_Server0"", ""User0"", ""User1""]","{""blue_first_relevant_response_after_critical"": 14, ""blue_first_relevant_response_after_enterprise"": 9, ""enterprise_foothold_step"": 5, ""first_critical_hit_step"": 12, ""window_end"": null, ""window_start"": null}"
no_constraint_stage2_fair,19,stage2_ext_023_obj_2,closest_candidate,episode_001,3,3020,63,Q2_user_action_during_critical_breach,high,DecoyApache,User1,User,Impact,Op_Server0,"[""Op_Server0""]","[""Op_Server0""]","[""Enterprise1"", ""Enterprise2"", ""Op_Server0"", ""User0"", ""User1""]","[""Enterprise1"", ""Enterprise2"", ""Op_Server0"", ""User0"", ""User1""]","{""blue_first_relevant_response_after_critical"": 14, ""blue_first_relevant_response_after_enterprise"": 9, ""enterprise_foothold_step"": 5, ""first_critical_hit_step"": 12, ""window_end"": null, ""window_start"": null}"
no_constraint_stage2_fair,19,stage2_ext_023_obj_2,closest_candidate,episode_001,3,3020,66,Q2_user_action_during_critical_breach,high,DecoyTomcat,User3,User,Impact,Op_Server0,"[""Op_Server0""]","[""Op_Server0""]","[""Enterprise1"", ""Enterprise2"", ""Op_Server0"", ""User0"", ""User1""]","[""Enterprise1"", ""Enterprise2"", ""Op_Server0"", ""User0"", ""User1""]","{""blue_first_relevant_response_after_critical"": 14, ""blue_first_relevant_response_after_enterprise"": 9, ""enterprise_foothold_step"": 5, ""first_critical_hit_step"": 12, ""window_end"": null, ""window_start"": null}"
no_constraint_stage2_fair,19,stage2_ext_023_obj_2,closest_candidate,episode_001,3,3020,67,Q2_user_action_during_critical_breach,high,Analyse,User2,User,Impact,Op_Server0,"[""Op_Server0""]","[""Op_Server0""]","[""Enterprise1"", ""Enterprise2"", ""Op_Server0"", ""User0"", ""User1""]","[""Enterprise1"", ""Enterprise2"", ""Op_Server0"", ""User0"", ""User1""]","{""blue_first_relevant_response_after_critical"": 14, ""blue_first_relevant_response_after_enterprise"": 9, ""enterprise_foothold_step"": 5, ""first_critical_hit_step"": 12, ""window_end"": null, ""window_start"": null}"
no_constraint_stage2_fair,19,stage2_ext_023_obj_2,closest_candidate,episode_001,3,3020,68,Q2_user_action_during_critical_breach,high,DecoyTomcat,User3,User,Impact,Op_Server0,"[""Op_Server0""]","[""Op_Server0""]","[""Enterprise1"", ""Enterprise2"", ""Op_Server0"", ""User0"", ""User1""]","[""Enterprise1"", ""Enterprise2"", ""Op_Server0"", ""User0"", ""User1""]","{""blue_first_relevant_response_after_critical"": 14, ""blue_first_relevant_response_after_enterprise"": 9, ""enterprise_foothold_step"": 5, ""first_critical_hit_step"": 12, ""window_end"": null, ""window_start"": null}"
no_constraint_stage2_fair,19,stage2_ext_023_obj_2,closest_candidate,episode_001,3,3020,69,Q2_user_action_during_critical_breach,high,Analyse,User2,User,Impact,Op_Server0,"[""Op_Server0""]","[""Op_Server0""]","[""Enterprise1"", ""Enterprise2"", ""Op_Server0"", ""User0"", ""User1""]","[""Enterprise1"", ""Enterprise2"", ""Op_Server0"", ""User0"", ""User1""]","{""blue_first_relevant_response_after_critical"": 14, ""blue_first_relevant_response_after_enterprise"": 9, ""enterprise_foothold_step"": 5, ""first_critical_hit_step"": 12, ""window_end"": null, ""window_start"": null}"
no_constraint_stage2_fair,19,stage2_ext_023_obj_2,closest_candidate,episode_001,3,3020,70,Q2_user_action_during_critical_breach,high,Analyse,User2,User,Impact,Op_Server0,"[""Op_Server0""]","[""Op_Server0""]","[""Enterprise1"", ""Enterprise2"", ""Op_Server0"", ""User0"", ""User1""]","[""Enterprise1"", ""Enterprise2"", ""Op_Server0"", ""User0"", ""User1""]","{""blue_first_relevant_response_after_critical"": 14, ""blue_first_relevant_response_after_enterprise"": 9, ""enterprise_foothold_step"": 5, ""first_critical_hit_step"": 12, ""window_end"": null, ""window_start"": null}"
no_constraint_stage2_fair,19,stage2_ext_023_obj_2,closest_candidate,episode_001,3,3020,71,Q2_user_action_during_critical_breach,high,Remove,User3,User,Impact,Op_Server0,"[""Op_Server0""]","[""Op_Server0""]","[""Enterprise1"", ""Enterprise2"", ""Op_Server0"", ""User0"", ""User1""]","[""Enterprise1"", ""Enterprise2"", ""Op_Server0"", ""User0"", ""User1""]","{""blue_first_relevant_response_after_critical"": 14, ""blue_first_relevant_response_after_enterprise"": 9, ""enterprise_foothold_step"": 5, ""first_critical_hit_step"": 12, ""window_end"": null, ""window_start"": null}"
no_constraint_stage2_fair,19,stage2_ext_023_obj_2,closest_candidate,episode_001,3,3020,72,Q2_user_action_during_critical_breach,high,Analyse,User2,User,Impact,Op_Server0,"[""Op_Server0""]","[""Op_Server0""]","[""Enterprise1"", ""Enterprise2"", ""Op_Server0"", ""User0"", ""User1""]","[""Enterprise1"", ""Enterprise2"", ""Op_Server0"", ""User0"", ""User1""]","{""blue_first_relevant_response_after_critical"": 14, ""blue_first_relevant_response_after_enterprise"": 9, ""enterprise_foothold_step"": 5, ""first_critical_hit_step"": 12, ""window_end"": null, ""window_start"": null}"
no_constraint_stage2_fair,19,stage2_ext_023_obj_2,closest_candidate,episode_001,3,3020,73,Q2_user_action_during_critical_breach,high,Analyse,User1,User,Impact,Op_Server0,"[""Op_Server0""]","[""Op_Server0""]","[""Enterprise1"", ""Enterprise2"", ""Op_Server0"", ""User0"", ""User1""]","[""Enterprise1"", ""Enterprise2"", ""Op_Server0"", ""User0"", ""User1""]","{""blue_first_relevant_response_after_critical"": 14, ""blue_first_relevant_response_after_enterprise"": 9, ""enterprise_foothold_step"": 5, ""first_critical_hit_step"": 12, ""window_end"": null, ""window_start"": null}"
no_constraint_stage2_fair,19,stage2_ext_023_obj_2,closest_candidate,episode_001,3,3020,75,Q2_user_action_during_critical_breach,high,DecoyHarakaSMPT,User1,User,Impact,Op_Server0,"[""Op_Server0""]","[""Op_Server0""]","[""Enterprise1"", ""Enterprise2"", ""Op_Server0"", ""User0"", ""User1""]","[""Enterprise1"", ""Enterprise2"", ""Op_Server0"", ""User0"", ""User1""]","{""blue_first_relevant_response_after_critical"": 14, ""blue_first_relevant_response_after_enterprise"": 9, ""enterprise_foothold_step"": 5, ""first_critical_hit_step"": 12, ""window_end"": null, ""window_start"": null}"
no_constraint_stage2_fair,19,stage2_ext_023_obj_2,closest_candidate,episode_001,3,3020,78,Q2_user_action_during_critical_breach,high,DecoyApache,User1,User,Impact,Op_Server0,"[""Op_Server0""]","[""Op_Server0""]","[""Enterprise1"", ""Enterprise2"", ""Op_Server0"", ""User0"", ""User1""]","[""Enterprise1"", ""Enterprise2"", ""Op_Server0"", ""User0"", ""User1""]","{""blue_first_relevant_response_after_critical"": 14, ""blue_first_relevant_response_after_enterprise"": 9, ""enterprise_foothold_step"": 5, ""first_critical_hit_step"": 12, ""window_end"": null, ""window_start"": null}"
no_constraint_stage2_fair,19,stage2_ext_023_obj_2,closest_candidate,episode_001,3,3020,80,Q2_user_action_during_critical_breach,high,Analyse,User2,User,Impact,Op_Server0,"[""Op_Server0""]","[""Op_Server0""]","[""Enterprise1"", ""Enterprise2"", ""Op_Server0"", ""User0"", ""User1""]","[""Enterprise1"", ""Enterprise2"", ""Op_Server0"", ""User0"", ""User1""]","{""blue_first_relevant_response_after_critical"": 14, ""blue_first_relevant_response_after_enterprise"": 9, ""enterprise_foothold_step"": 5, ""first_critical_hit_step"": 12, ""window_end"": null, ""window_start"": null}"
no_constraint_stage2_fair,19,stage2_ext_023_obj_2,closest_candidate,episode_001,3,3020,83,Q2_user_action_during_critical_breach,high,DecoyTomcat,User3,User,Impact,Op_Server0,"[""Op_Server0""]","[""Op_Server0""]","[""Enterprise1"", ""Enterprise2"", ""Op_Server0"", ""User0"", ""User1""]","[""Enterprise1"", ""Enterprise2"", ""Op_Server0"", ""User0"", ""User1""]","{""blue_first_relevant_response_after_critical"": 14, ""blue_first_relevant_response_after_enterprise"": 9, ""enterprise_foothold_step"": 5, ""first_critical_hit_step"": 12, ""window_end"": null, ""window_start"": null}"
no_constraint_stage2_fair,19,stage2_ext_023_obj_2,closest_candidate,episode_001,3,3020,85,Q2_user_action_during_critical_breach,high,Analyse,User2,User,Impact,Op_Server0,"[""Op_Server0""]","[""Op_Server0""]","[""Enterprise1"", ""Enterprise2"", ""Op_Server0"", ""User0"", ""User1""]","[""Enterprise1"", ""Enterprise2"", ""Op_Server0"", ""User0"", ""User1""]","{""blue_first_relevant_response_after_critical"": 14, ""blue_first_relevant_response_after_enterprise"": 9, ""enterprise_foothold_step"": 5, ""first_critical_hit_step"": 12, ""window_end"": null, ""window_start"": null}"
no_constraint_stage2_fair,19,stage2_ext_023_obj_2,closest_candidate,episode_001,3,3020,86,Q2_user_action_during_critical_breach,high,DecoyTomcat,User3,User,Impact,Op_Server0,"[""Op_Server0""]","[""Op_Server0""]","[""Enterprise1"", ""Enterprise2"", ""Op_Server0"", ""User0"", ""User1""]","[""Enterprise1"", ""Enterprise2"", ""Op_Server0"", ""User0"", ""User1""]","{""blue_first_relevant_response_after_critical"": 14, ""blue_first_relevant_response_after_enterprise"": 9, ""enterprise_foothold_step"": 5, ""first_critical_hit_step"": 12, ""window_end"": null, ""window_start"": null}"
no_constraint_stage2_fair,19,stage2_ext_023_obj_2,closest_candidate,episode_001,3,3020,89,Q2_user_action_during_critical_breach,high,Analyse,User2,User,Impact,Op_Server0,"[""Op_Server0""]","[""Op_Server0""]","[""Enterprise1"", ""Enterprise2"", ""Op_Server0"", ""User0"", ""User1""]","[""Enterprise1"", ""Enterprise2"", ""Op_Server0"", ""User0"", ""User1""]","{""blue_first_relevant_response_after_critical"": 14, ""blue_first_relevant_response_after_enterprise"": 9, ""enterprise_foothold_step"": 5, ""first_critical_hit_step"": 12, ""window_end"": null, ""window_start"": null}"
no_constraint_stage2_fair,19,stage2_ext_023_obj_2,closest_candidate,episode_001,3,3020,90,Q2_user_action_during_critical_breach,high,Analyse,User0,User,Impact,Op_Server0,"[""Op_Server0""]","[""Op_Server0""]","[""Enterprise1"", ""Enterprise2"", ""Op_Server0"", ""User0"", ""User1""]","[""Enterprise1"", ""Enterprise2"", ""Op_Server0"", ""User0"", ""User1""]","{""blue_first_relevant_response_after_critical"": 14, ""blue_first_relevant_response_after_enterprise"": 9, ""enterprise_foothold_step"": 5, ""first_critical_hit_step"": 12, ""window_end"": null, ""window_start"": null}"
no_constraint_stage2_fair,19,stage2_ext_023_obj_2,closest_candidate,episode_001,3,3020,91,Q2_user_action_during_critical_breach,high,DecoyTomcat,User3,User,Impact,Op_Server0,"[""Op_Server0""]","[""Op_Server0""]","[""Enterprise1"", ""Enterprise2"", ""Op_Server0"", ""User0"", ""User1""]","[""Enterprise1"", ""Enterprise2"", ""Op_Server0"", ""User0"", ""User1""]","{""blue_first_relevant_response_after_critical"": 14, ""blue_first_relevant_response_after_enterprise"": 9, ""enterprise_foothold_step"": 5, ""first_critical_hit_step"": 12, ""window_end"": null, ""window_start"": null}"
no_constraint_stage2_fair,19,stage2_ext_023_obj_2,closest_candidate,episode_001,3,3020,92,Q2_user_action_during_critical_breach,high,Analyse,User2,User,Impact,Op_Server0,"[""Op_Server0""]","[""Op_Server0""]","[""Enterprise1"", ""Enterprise2"", ""Op_Server0"", ""User0"", ""User1""]","[""Enterprise1"", ""Enterprise2"", ""Op_Server0"", ""User0"", ""User1""]","{""blue_first_relevant_response_after_critical"": 14, ""blue_first_relevant_response_after_enterprise"": 9, ""enterprise_foothold_step"": 5, ""first_critical_hit_step"": 12, ""window_end"": null, ""window_start"": null}"
no_constraint_stage2_fair,19,stage2_ext_023_obj_2,closest_candidate,episode_001,3,3020,93,Q2_user_action_during_critical_breach,high,DecoyTomcat,User3,User,Impact,Op_Server0,"[""Op_Server0""]","[""Op_Server0""]","[""Enterprise1"", ""Enterprise2"", ""Op_Server0"", ""User0"", ""User1""]","[""Enterprise1"", ""Enterprise2"", ""Op_Server0"", ""User0"", ""User1""]","{""blue_first_relevant_response_after_critical"": 14, ""blue_first_relevant_response_after_enterprise"": 9, ""enterprise_foothold_step"": 5, ""first_critical_hit_step"": 12, ""window_end"": null, ""window_start"": null}"
no_constraint_stage2_fair,19,stage2_ext_023_obj_2,closest_candidate,episode_001,3,3020,94,Q2_user_action_during_critical_breach,high,Analyse,User2,User,Impact,Op_Server0,"[""Op_Server0""]","[""Op_Server0""]","[""Enterprise1"", ""Enterprise2"", ""Op_Server0"", ""User0"", ""User1""]","[""Enterprise1"", ""Enterprise2"", ""Op_Server0"", ""User0"", ""User1""]","{""blue_first_relevant_response_after_critical"": 14, ""blue_first_relevant_response_after_enterprise"": 9, ""enterprise_foothold_step"": 5, ""first_critical_hit_step"": 12, ""window_end"": null, ""window_start"": null}"
no_constraint_stage2_fair,19,stage2_ext_023_obj_2,closest_candidate,episode_001,3,3020,95,Q2_user_action_during_critical_breach,high,DecoyTomcat,User3,User,Impact,Op_Server0,"[""Op_Server0""]","[""Op_Server0""]","[""Enterprise1"", ""Enterprise2"", ""Op_Server0"", ""User0"", ""User1""]","[""Enterprise1"", ""Enterprise2"", ""Op_Server0"", ""User0"", ""User1""]","{""blue_first_relevant_response_after_critical"": 14, ""blue_first_relevant_response_after_enterprise"": 9, ""enterprise_foothold_step"": 5, ""first_critical_hit_step"": 12, ""window_end"": null, ""window_start"": null}"
no_constraint_stage2_fair,19,stage2_ext_023_obj_2,closest_candidate,episode_001,3,3020,97,Q2_user_action_during_critical_breach,high,Analyse,User0,User,Impact,Op_Server0,"[""Op_Server0""]","[""Op_Server0""]","[""Enterprise1"", ""Enterprise2"", ""Op_Server0"", ""User0"", ""User1""]","[""Enterprise1"", ""Enterprise2"", ""Op_Server0"", ""User0"", ""User1""]","{""blue_first_relevant_response_after_critical"": 14, ""blue_first_relevant_response_after_enterprise"": 9, ""enterprise_foothold_step"": 5, ""first_critical_hit_step"": 12, ""window_end"": null, ""window_start"": null}"
no_constraint_stage2_fair,19,stage2_ext_023_obj_2,closest_candidate,episode_001,3,3020,99,Q2_user_action_during_critical_breach,high,DecoyTomcat,User3,User,Impact,Op_Server0,"[""Op_Server0""]","[""Op_Server0""]","[""Enterprise1"", ""Enterprise2"", ""Op_Server0"", ""User0"", ""User1""]","[""Enterprise1"", ""Enterprise2"", ""Op_Server0"", ""User0"", ""User1""]","{""blue_first_relevant_response_after_critical"": 14, ""blue_first_relevant_response_after_enterprise"": 9, ""enterprise_foothold_step"": 5, ""first_critical_hit_step"": 12, ""window_end"": null, ""window_start"": null}"
no_constraint_stage2_fair,19,stage2_ext_023_obj_2,closest_candidate,episode_001,3,3020,6,Q4_user_focus_after_enterprise_foothold,medium,Analyse,User2,User,PrivilegeEscalate,Enterprise1,[],[],"[""Enterprise1"", ""User0"", ""User1""]","[""Enterprise1"", ""User0"", ""User1""]","{""blue_first_relevant_response_after_critical"": 14, ""blue_first_relevant_response_after_enterprise"": 9, ""enterprise_foothold_step"": 5, ""first_critical_hit_step"": 12, ""window_end"": 8, ""window_start"": 6}"
no_constraint_stage2_fair,19,stage2_ext_023_obj_2,closest_candidate,episode_001,3,3020,22,Q4_user_focus_after_enterprise_foothold,medium,Analyse,User2,User,PrivilegeEscalate,Op_Server0,[],[],"[""Enterprise1"", ""Enterprise2"", ""User0"", ""User1""]","[""Enterprise1"", ""Enterprise2"", ""User0"", ""User1""]","{""blue_first_relevant_response_after_critical"": 14, ""blue_first_relevant_response_after_enterprise"": 9, ""enterprise_foothold_step"": 5, ""first_critical_hit_step"": 12, ""window_end"": 24, ""window_start"": 22}"
no_constraint_stage2_fair,19,stage2_ext_023_obj_2,closest_candidate,episode_001,3,3020,43,Q4_user_focus_after_enterprise_foothold,medium,Analyse,User2,User,Impact,Op_Server0,"[""Op_Server0""]","[""Op_Server0""]","[""Enterprise1"", ""Enterprise2"", ""Op_Server0"", ""User0"", ""User1""]","[""Enterprise1"", ""Enterprise2"", ""Op_Server0"", ""User0"", ""User1""]","{""blue_first_relevant_response_after_critical"": 14, ""blue_first_relevant_response_after_enterprise"": 9, ""enterprise_foothold_step"": 5, ""first_critical_hit_step"": 12, ""window_end"": 45, ""window_start"": 43}"
no_constraint_stage2_fair,19,stage2_ext_023_obj_2,closest_candidate,episode_001,3,3020,44,Q4_user_focus_after_enterprise_foothold,medium,Analyse,User2,User,Impact,Op_Server0,"[""Op_Server0""]","[""Op_Server0""]","[""Enterprise1"", ""Enterprise2"", ""Op_Server0"", ""User0"", ""User1""]","[""Enterprise1"", ""Enterprise2"", ""Op_Server0"", ""User0"", ""User1""]","{""blue_first_relevant_response_after_critical"": 14, ""blue_first_relevant_response_after_enterprise"": 9, ""enterprise_foothold_step"": 5, ""first_critical_hit_step"": 12, ""window_end"": 46, ""window_start"": 44}"
no_constraint_stage2_fair,19,stage2_ext_023_obj_2,closest_candidate,episode_001,3,3020,48,Q4_user_focus_after_enterprise_foothold,medium,DecoyVsftpd,User3,User,Impact,Op_Server0,"[""Op_Server0""]","[""Op_Server0""]","[""Enterprise1"", ""Enterprise2"", ""Op_Server0"", ""User0"", ""User1""]","[""Enterprise1"", ""Enterprise2"", ""Op_Server0"", ""User0"", ""User1""]","{""blue_first_relevant_response_after_critical"": 14, ""blue_first_relevant_response_after_enterprise"": 9, ""enterprise_foothold_step"": 5, ""first_critical_hit_step"": 12, ""window_end"": 50, ""window_start"": 48}"
no_constraint_stage2_fair,19,stage2_ext_023_obj_2,closest_candidate,episode_001,3,3020,49,Q4_user_focus_after_enterprise_foothold,medium,Analyse,User2,User,Impact,Op_Server0,"[""Op_Server0""]","[""Op_Server0""]","[""Enterprise1"", ""Enterprise2"", ""Op_Server0"", ""User0"", ""User1""]","[""Enterprise1"", ""Enterprise2"", ""Op_Server0"", ""User0"", ""User1""]","{""blue_first_relevant_response_after_critical"": 14, ""blue_first_relevant_response_after_enterprise"": 9, ""enterprise_foothold_step"": 5, ""first_critical_hit_step"": 12, ""window_end"": 51, ""window_start"": 49}"
no_constraint_stage2_fair,19,stage2_ext_023_obj_2,closest_candidate,episode_001,3,3020,53,Q4_user_focus_after_enterprise_foothold,medium,Analyse,User2,User,Impact,Op_Server0,"[""Op_Server0""]","[""Op_Server0""]","[""Enterprise1"", ""Enterprise2"", ""Op_Server0"", ""User0"", ""User1""]","[""Enterprise1"", ""Enterprise2"", ""Op_Server0"", ""User0"", ""User1""]","{""blue_first_relevant_response_after_critical"": 14, ""blue_first_relevant_response_after_enterprise"": 9, ""enterprise_foothold_step"": 5, ""first_critical_hit_step"": 12, ""window_end"": 55, ""window_start"": 53}"
no_constraint_stage2_fair,19,stage2_ext_023_obj_2,closest_candidate,episode_001,3,3020,57,Q4_user_focus_after_enterprise_foothold,medium,DecoyTomcat,User3,User,Impact,Op_Server0,"[""Op_Server0""]","[""Op_Server0""]","[""Enterprise1"", ""Enterprise2"", ""Op_Server0"", ""User0"", ""User1""]","[""Enterprise1"", ""Enterprise2"", ""Op_Server0"", ""User0"", ""User1""]","{""blue_first_relevant_response_after_critical"": 14, ""blue_first_relevant_response_after_enterprise"": 9, ""enterprise_foothold_step"": 5, ""first_critical_hit_step"": 12, ""window_end"": 59, ""window_start"": 57}"
no_constraint_stage2_fair,19,stage2_ext_023_obj_2,closest_candidate,episode_001,3,3020,66,Q4_user_focus_after_enterprise_foothold,medium,DecoyTomcat,User3,User,Impact,Op_Server0,"[""Op_Server0""]","[""Op_Server0""]","[""Enterprise1"", ""Enterprise2"", ""Op_Server0"", ""User0"", ""User1""]","[""Enterprise1"", ""Enterprise2"", ""Op_Server0"", ""User0"", ""User1""]","{""blue_first_relevant_response_after_critical"": 14, ""blue_first_relevant_response_after_enterprise"": 9, ""enterprise_foothold_step"": 5, ""first_critical_hit_step"": 12, ""window_end"": 68, ""window_start"": 66}"
no_constraint_stage2_fair,19,stage2_ext_023_obj_2,closest_candidate,episode_001,3,3020,67,Q4_user_focus_after_enterprise_foothold,medium,Analyse,User2,User,Impact,Op_Server0,"[""Op_Server0""]","[""Op_Server0""]","[""Enterprise1"", ""Enterprise2"", ""Op_Server0"", ""User0"", ""User1""]","[""Enterprise1"", ""Enterprise2"", ""Op_Server0"", ""User0"", ""User1""]","{""blue_first_relevant_response_after_critical"": 14, ""blue_first_relevant_response_after_enterprise"": 9, ""enterprise_foothold_step"": 5, ""first_critical_hit_step"": 12, ""window_end"": 69, ""window_start"": 67}"
no_constraint_stage2_fair,19,stage2_ext_023_obj_2,closest_candidate,episode_001,3,3020,68,Q4_user_focus_after_enterprise_foothold,medium,DecoyTomcat,User3,User,Impact,Op_Server0,"[""Op_Server0""]","[""Op_Server0""]","[""Enterprise1"", ""Enterprise2"", ""Op_Server0"", ""User0"", ""User1""]","[""Enterprise1"", ""Enterprise2"", ""Op_Server0"", ""User0"", ""User1""]","{""blue_first_relevant_response_after_critical"": 14, ""blue_first_relevant_response_after_enterprise"": 9, ""enterprise_foothold_step"": 5, ""first_critical_hit_step"": 12, ""window_end"": 70, ""window_start"": 68}"
no_constraint_stage2_fair,19,stage2_ext_023_obj_2,closest_candidate,episode_001,3,3020,69,Q4_user_focus_after_enterprise_foothold,medium,Analyse,User2,User,Impact,Op_Server0,"[""Op_Server0""]","[""Op_Server0""]","[""Enterprise1"", ""Enterprise2"", ""Op_Server0"", ""User0"", ""User1""]","[""Enterprise1"", ""Enterprise2"", ""Op_Server0"", ""User0"", ""User1""]","{""blue_first_relevant_response_after_critical"": 14, ""blue_first_relevant_response_after_enterprise"": 9, ""enterprise_foothold_step"": 5, ""first_critical_hit_step"": 12, ""window_end"": 71, ""window_start"": 69}"
no_constraint_stage2_fair,19,stage2_ext_023_obj_2,closest_candidate,episode_001,3,3020,70,Q4_user_focus_after_enterprise_foothold,medium,Analyse,User2,User,Impact,Op_Server0,"[""Op_Server0""]","[""Op_Server0""]","[""Enterprise1"", ""Enterprise2"", ""Op_Server0"", ""User0"", ""User1""]","[""Enterprise1"", ""Enterprise2"", ""Op_Server0"", ""User0"", ""User1""]","{""blue_first_relevant_response_after_critical"": 14, ""blue_first_relevant_response_after_enterprise"": 9, ""enterprise_foothold_step"": 5, ""first_critical_hit_step"": 12, ""window_end"": 72, ""window_start"": 70}"
no_constraint_stage2_fair,19,stage2_ext_023_obj_2,closest_candidate,episode_001,3,3020,71,Q4_user_focus_after_enterprise_foothold,medium,Remove,User3,User,Impact,Op_Server0,"[""Op_Server0""]","[""Op_Server0""]","[""Enterprise1"", ""Enterprise2"", ""Op_Server0"", ""User0"", ""User1""]","[""Enterprise1"", ""Enterprise2"", ""Op_Server0"", ""User0"", ""User1""]","{""blue_first_relevant_response_after_critical"": 14, ""blue_first_relevant_response_after_enterprise"": 9, ""enterprise_foothold_step"": 5, ""first_critical_hit_step"": 12, ""window_end"": 73, ""window_start"": 71}"
no_constraint_stage2_fair,19,stage2_ext_023_obj_2,closest_candidate,episode_001,3,3020,89,Q4_user_focus_after_enterprise_foothold,medium,Analyse,User2,User,Impact,Op_Server0,"[""Op_Server0""]","[""Op_Server0""]","[""Enterprise1"", ""Enterprise2"", ""Op_Server0"", ""User0"", ""User1""]","[""Enterprise1"", ""Enterprise2"", ""Op_Server0"", ""User0"", ""User1""]","{""blue_first_relevant_response_after_critical"": 14, ""blue_first_relevant_response_after_enterprise"": 9, ""enterprise_foothold_step"": 5, ""first_critical_hit_step"": 12, ""window_end"": 91, ""window_start"": 89}"
no_constraint_stage2_fair,19,stage2_ext_023_obj_2,closest_candidate,episode_001,3,3020,90,Q4_user_focus_after_enterprise_foothold,medium,Analyse,User0,User,Impact,Op_Server0,"[""Op_Server0""]","[""Op_Server0""]","[""Enterprise1"", ""Enterprise2"", ""Op_Server0"", ""User0"", ""User1""]","[""Enterprise1"", ""Enterprise2"", ""Op_Server0"", ""User0"", ""User1""]","{""blue_first_relevant_response_after_critical"": 14, ""blue_first_relevant_response_after_enterprise"": 9, ""enterprise_foothold_step"": 5, ""first_critical_hit_step"": 12, ""window_end"": 92, ""window_start"": 90}"
no_constraint_stage2_fair,19,stage2_ext_023_obj_2,closest_candidate,episode_001,3,3020,91,Q4_user_focus_after_enterprise_foothold,medium,DecoyTomcat,User3,User,Impact,Op_Server0,"[""Op_Server0""]","[""Op_Server0""]","[""Enterprise1"", ""Enterprise2"", ""Op_Server0"", ""User0"", ""User1""]","[""Enterprise1"", ""Enterprise2"", ""Op_Server0"", ""User0"", ""User1""]","{""blue_first_relevant_response_after_critical"": 14, ""blue_first_relevant_response_after_enterprise"": 9, ""enterprise_foothold_step"": 5, ""first_critical_hit_step"": 12, ""window_end"": 93, ""window_start"": 91}"
no_constraint_stage2_fair,19,stage2_ext_023_obj_2,closest_candidate,episode_001,3,3020,92,Q4_user_focus_after_enterprise_foothold,medium,Analyse,User2,User,Impact,Op_Server0,"[""Op_Server0""]","[""Op_Server0""]","[""Enterprise1"", ""Enterprise2"", ""Op_Server0"", ""User0"", ""User1""]","[""Enterprise1"", ""Enterprise2"", ""Op_Server0"", ""User0"", ""User1""]","{""blue_first_relevant_response_after_critical"": 14, ""blue_first_relevant_response_after_enterprise"": 9, ""enterprise_foothold_step"": 5, ""first_critical_hit_step"": 12, ""window_end"": 94, ""window_start"": 92}"
no_constraint_stage2_fair,19,stage2_ext_023_obj_2,closest_candidate,episode_001,3,3020,93,Q4_user_focus_after_enterprise_foothold,medium,DecoyTomcat,User3,User,Impact,Op_Server0,"[""Op_Server0""]","[""Op_Server0""]","[""Enterprise1"", ""Enterprise2"", ""Op_Server0"", ""User0"", ""User1""]","[""Enterprise1"", ""Enterprise2"", ""Op_Server0"", ""User0"", ""User1""]","{""blue_first_relevant_response_after_critical"": 14, ""blue_first_relevant_response_after_enterprise"": 9, ""enterprise_foothold_step"": 5, ""first_critical_hit_step"": 12, ""window_end"": 95, ""window_start"": 93}"
no_constraint_stage2_fair,19,stage2_ext_023_obj_2,closest_candidate,episode_001,3,3020,54,Q5_repeated_low_value_decoy_loop,medium,DecoyTomcat,User3,User,Impact,Op_Server0,"[""Op_Server0""]","[""Op_Server0""]","[""Enterprise1"", ""Enterprise2"", ""Op_Server0"", ""User0"", ""User1""]","[""Enterprise1"", ""Enterprise2"", ""Op_Server0"", ""User0"", ""User1""]","{""blue_first_relevant_response_after_critical"": 14, ""blue_first_relevant_response_after_enterprise"": 9, ""enterprise_foothold_step"": 5, ""first_critical_hit_step"": 12, ""window_end"": 58, ""window_start"": 49}"
no_constraint_stage2_fair,19,stage2_ext_023_obj_2,closest_candidate,episode_001,4,4020,15,Q2_user_action_during_critical_breach,high,Analyse,User2,User,PrivilegeEscalate,Op_Server0,"[""Op_Server0""]","[""Op_Server0""]","[""Enterprise1"", ""Enterprise2"", ""Op_Server0"", ""User0"", ""User2""]","[""Enterprise1"", ""Enterprise2"", ""Op_Server0"", ""User0"", ""User2""]","{""blue_first_relevant_response_after_critical"": 16, ""blue_first_relevant_response_after_enterprise"": 9, ""enterprise_foothold_step"": 7, ""first_critical_hit_step"": 14, ""window_end"": null, ""window_start"": null}"
no_constraint_stage2_fair,19,stage2_ext_023_obj_2,closest_candidate,episode_001,4,4020,17,Q2_user_action_during_critical_breach,high,DecoySSHD,User4,User,Impact,Op_Server0,"[""Op_Server0""]","[""Op_Server0""]","[""Enterprise1"", ""Enterprise2"", ""Op_Server0"", ""User0"", ""User2""]","[""Enterprise1"", ""Enterprise2"", ""Op_Server0"", ""User0"", ""User2""]","{""blue_first_relevant_response_after_critical"": 16, ""blue_first_relevant_response_after_enterprise"": 9, ""enterprise_foothold_step"": 7, ""first_critical_hit_step"": 14, ""window_end"": null, ""window_start"": null}"
no_constraint_stage2_fair,19,stage2_ext_023_obj_2,closest_candidate,episode_001,4,4020,18,Q2_user_action_during_critical_breach,high,Analyse,User2,User,Impact,Op_Server0,"[""Op_Server0""]","[""Op_Server0""]","[""Enterprise1"", ""Enterprise2"", ""Op_Server0"", ""User0"", ""User2""]","[""Enterprise1"", ""Enterprise2"", ""Op_Server0"", ""User0"", ""User2""]","{""blue_first_relevant_response_after_critical"": 16, ""blue_first_relevant_response_after_enterprise"": 9, ""enterprise_foothold_step"": 7, ""first_critical_hit_step"": 14, ""window_end"": null, ""window_start"": null}"
no_constraint_stage2_fair,19,stage2_ext_023_obj_2,closest_candidate,episode_001,4,4020,20,Q2_user_action_during_critical_breach,high,Analyse,User0,User,Impact,Op_Server0,"[""Op_Server0""]","[""Op_Server0""]","[""Enterprise1"", ""Enterprise2"", ""Op_Server0"", ""User0"", ""User2""]","[""Enterprise1"", ""Enterprise2"", ""Op_Server0"", ""User0"", ""User2""]","{""blue_first_relevant_response_after_critical"": 16, ""blue_first_relevant_response_after_enterprise"": 9, ""enterprise_foothold_step"": 7, ""first_critical_hit_step"": 14, ""window_end"": null, ""window_start"": null}"
no_constraint_stage2_fair,19,stage2_ext_023_obj_2,closest_candidate,episode_001,4,4020,21,Q2_user_action_during_critical_breach,high,Analyse,User2,User,Impact,Op_Server0,"[""Op_Server0""]","[""Op_Server0""]","[""Enterprise1"", ""Enterprise2"", ""Op_Server0"", ""User0"", ""User2""]","[""Enterprise1"", ""Enterprise2"", ""Op_Server0"", ""User0"", ""User2""]","{""blue_first_relevant_response_after_critical"": 16, ""blue_first_relevant_response_after_enterprise"": 9, ""enterprise_foothold_step"": 7, ""first_critical_hit_step"": 14, ""window_end"": null, ""window_start"": null}"
no_constraint_stage2_fair,19,stage2_ext_023_obj_2,closest_candidate,episode_001,4,4020,23,Q2_user_action_during_critical_breach,high,Analyse,User2,User,Impact,Op_Server0,"[""Op_Server0""]","[""Op_Server0""]","[""Enterprise1"", ""Enterprise2"", ""Op_Server0"", ""User0"", ""User2""]","[""Enterprise1"", ""Enterprise2"", ""Op_Server0"", ""User0"", ""User2""]","{""blue_first_relevant_response_after_critical"": 16, ""blue_first_relevant_response_after_enterprise"": 9, ""enterprise_foothold_step"": 7, ""first_critical_hit_step"": 14, ""window_end"": null, ""window_start"": null}"
no_constraint_stage2_fair,19,stage2_ext_023_obj_2,closest_candidate,episode_001,4,4020,24,Q2_user_action_during_critical_breach,high,DecoyTomcat,User3,User,Impact,Op_Server0,"[""Op_Server0""]","[""Op_Server0""]","[""Enterprise1"", ""Enterprise2"", ""Op_Server0"", ""User0"", ""User2""]","[""Enterprise1"", ""Enterprise2"", ""Op_Server0"", ""User0"", ""User2""]","{""blue_first_relevant_response_after_critical"": 16, ""blue_first_relevant_response_after_enterprise"": 9, ""enterprise_foothold_step"": 7, ""first_critical_hit_step"": 14, ""window_end"": null, ""window_start"": null}"
no_constraint_stage2_fair,19,stage2_ext_023_obj_2,closest_candidate,episode_001,4,4020,26,Q2_user_action_during_critical_breach,high,DecoyTomcat,User3,User,Impact,Op_Server0,"[""Op_Server0""]","[""Op_Server0""]","[""Enterprise1"", ""Enterprise2"", ""Op_Server0"", ""User0"", ""User2""]","[""Enterprise1"", ""Enterprise2"", ""Op_Server0"", ""User0"", ""User2""]","{""blue_first_relevant_response_after_critical"": 16, ""blue_first_relevant_response_after_enterprise"": 9, ""enterprise_foothold_step"": 7, ""first_critical_hit_step"": 14, ""window_end"": null, ""window_start"": null}"
no_constraint_stage2_fair,19,stage2_ext_023_obj_2,closest_candidate,episode_001,4,4020,29,Q2_user_action_during_critical_breach,high,Analyse,User2,User,Impact,Op_Server0,"[""Op_Server0""]","[""Op_Server0""]","[""Enterprise1"", ""Enterprise2"", ""Op_Server0"", ""User0"", ""User2""]","[""Enterprise1"", ""Enterprise2"", ""Op_Server0"", ""User0"", ""User2""]","{""blue_first_relevant_response_after_critical"": 16, ""blue_first_relevant_response_after_enterprise"": 9, ""enterprise_foothold_step"": 7, ""first_critical_hit_step"": 14, ""window_end"": null, ""window_start"": null}"
no_constraint_stage2_fair,19,stage2_ext_023_obj_2,closest_candidate,episode_001,4,4020,30,Q2_user_action_during_critical_breach,high,DecoyTomcat,User3,User,Impact,Op_Server0,"[""Op_Server0""]","[""Op_Server0""]","[""Enterprise1"", ""Enterprise2"", ""Op_Server0"", ""User0"", ""User2""]","[""Enterprise1"", ""Enterprise2"", ""Op_Server0"", ""User0"", ""User2""]","{""blue_first_relevant_response_after_critical"": 16, ""blue_first_relevant_response_after_enterprise"": 9, ""enterprise_foothold_step"": 7, ""first_critical_hit_step"": 14, ""window_end"": null, ""window_start"": null}"
no_constraint_stage2_fair,19,stage2_ext_023_obj_2,closest_candidate,episode_001,4,4020,32,Q2_user_action_during_critical_breach,high,Analyse,User2,User,Impact,Op_Server0,"[""Op_Server0""]","[""Op_Server0""]","[""Enterprise1"", ""Enterprise2"", ""Op_Server0"", ""User0"", ""User2""]","[""Enterprise1"", ""Enterprise2"", ""Op_Server0"", ""User0"", ""User2""]","{""blue_first_relevant_response_after_critical"": 16, ""blue_first_relevant_response_after_enterprise"": 9, ""enterprise_foothold_step"": 7, ""first_critical_hit_step"": 14, ""window_end"": null, ""window_start"": null}"
no_constraint_stage2_fair,19,stage2_ext_023_obj_2,closest_candidate,episode_001,4,4020,34,Q2_user_action_during_critical_breach,high,DecoyTomcat,User3,User,Impact,Op_Server0,"[""Op_Server0""]","[""Op_Server0""]","[""Enterprise1"", ""Enterprise2"", ""Op_Server0"", ""User0"", ""User2""]","[""Enterprise1"", ""Enterprise2"", ""Op_Server0"", ""User0"", ""User2""]","{""blue_first_relevant_response_after_critical"": 16, ""blue_first_relevant_response_after_enterprise"": 9, ""enterprise_foothold_step"": 7, ""first_critical_hit_step"": 14, ""window_end"": null, ""window_start"": null}"
no_constraint_stage2_fair,19,stage2_ext_023_obj_2,closest_candidate,episode_001,4,4020,36,Q2_user_action_during_critical_breach,high,Analyse,User2,User,Impact,Op_Server0,"[""Op_Server0""]","[""Op_Server0""]","[""Enterprise1"", ""Enterprise2"", ""Op_Server0"", ""User0"", ""User2""]","[""Enterprise1"", ""Enterprise2"", ""Op_Server0"", ""User0"", ""User2""]","{""blue_first_relevant_response_after_critical"": 16, ""blue_first_relevant_response_after_enterprise"": 9, ""enterprise_foothold_step"": 7, ""first_critical_hit_step"": 14, ""window_end"": null, ""window_start"": null}"
no_constraint_stage2_fair,19,stage2_ext_023_obj_2,closest_candidate,episode_001,4,4020,38,Q2_user_action_during_critical_breach,high,DecoyTomcat,User0,User,Impact,Op_Server0,"[""Op_Server0""]","[""Op_Server0""]","[""Enterprise1"", ""Enterprise2"", ""Op_Server0"", ""User0"", ""User2""]","[""Enterprise1"", ""Enterprise2"", ""Op_Server0"", ""User0"", ""User2""]","{""blue_first_relevant_response_after_critical"": 16, ""blue_first_relevant_response_after_enterprise"": 9, ""enterprise_foothold_step"": 7, ""first_critical_hit_step"": 14, ""window_end"": null, ""window_start"": null}"
no_constraint_stage2_fair,19,stage2_ext_023_obj_2,closest_candidate,episode_001,4,4020,41,Q2_user_action_during_critical_breach,high,Analyse,User2,User,Impact,Op_Server0,"[""Op_Server0""]","[""Op_Server0""]","[""Enterprise1"", ""Enterprise2"", ""Op_Server0"", ""User0"", ""User2""]","[""Enterprise1"", ""Enterprise2"", ""Op_Server0"", ""User0"", ""User2""]","{""blue_first_relevant_response_after_critical"": 16, ""blue_first_relevant_response_after_enterprise"": 9, ""enterprise_foothold_step"": 7, ""first_critical_hit_step"": 14, ""window_end"": null, ""window_start"": null}"
no_constraint_stage2_fair,19,stage2_ext_023_obj_2,closest_candidate,episode_001,4,4020,42,Q2_user_action_during_critical_breach,high,Analyse,User2,User,Impact,Op_Server0,"[""Op_Server0""]","[""Op_Server0""]","[""Enterprise1"", ""Enterprise2"", ""Op_Server0"", ""User0"", ""User2""]","[""Enterprise1"", ""Enterprise2"", ""Op_Server0"", ""User0"", ""User2""]","{""blue_first_relevant_response_after_critical"": 16, ""blue_first_relevant_response_after_enterprise"": 9, ""enterprise_foothold_step"": 7, ""first_critical_hit_step"": 14, ""window_end"": null, ""window_start"": null}"
no_constraint_stage2_fair,19,stage2_ext_023_obj_2,closest_candidate,episode_001,4,4020,43,Q2_user_action_during_critical_breach,high,DecoyTomcat,User0,User,Impact,Op_Server0,"[""Op_Server0""]","[""Op_Server0""]","[""Enterprise1"", ""Enterprise2"", ""Op_Server0"", ""User0"", ""User2""]","[""Enterprise1"", ""Enterprise2"", ""Op_Server0"", ""User0"", ""User2""]","{""blue_first_relevant_response_after_critical"": 16, ""blue_first_relevant_response_after_enterprise"": 9, ""enterprise_foothold_step"": 7, ""first_critical_hit_step"": 14, ""window_end"": null, ""window_start"": null}"
no_constraint_stage2_fair,19,stage2_ext_023_obj_2,closest_candidate,episode_001,4,4020,44,Q2_user_action_during_critical_breach,high,DecoyHarakaSMPT,User1,User,Impact,Op_Server0,"[""Op_Server0""]","[""Op_Server0""]","[""Enterprise1"", ""Enterprise2"", ""Op_Server0"", ""User0"", ""User2""]","[""Enterprise1"", ""Enterprise2"", ""Op_Server0"", ""User0"", ""User2""]","{""blue_first_relevant_response_after_critical"": 16, ""blue_first_relevant_response_after_enterprise"": 9, ""enterprise_foothold_step"": 7, ""first_critical_hit_step"": 14, ""window_end"": null, ""window_start"": null}"
no_constraint_stage2_fair,19,stage2_ext_023_obj_2,closest_candidate,episode_001,4,4020,45,Q2_user_action_during_critical_breach,high,Analyse,User2,User,Impact,Op_Server0,"[""Op_Server0""]","[""Op_Server0""]","[""Enterprise1"", ""Enterprise2"", ""Op_Server0"", ""User0"", ""User2""]","[""Enterprise1"", ""Enterprise2"", ""Op_Server0"", ""User0"", ""User2""]","{""blue_first_relevant_response_after_critical"": 16, ""blue_first_relevant_response_after_enterprise"": 9, ""enterprise_foothold_step"": 7, ""first_critical_hit_step"": 14, ""window_end"": null, ""window_start"": null}"
no_constraint_stage2_fair,19,stage2_ext_023_obj_2,closest_candidate,episode_001,4,4020,46,Q2_user_action_during_critical_breach,high,Analyse,User2,User,Impact,Op_Server0,"[""Op_Server0""]","[""Op_Server0""]","[""Enterprise1"", ""Enterprise2"", ""Op_Server0"", ""User0"", ""User2""]","[""Enterprise1"", ""Enterprise2"", ""Op_Server0"", ""User0"", ""User2""]","{""blue_first_relevant_response_after_critical"": 16, ""blue_first_relevant_response_after_enterprise"": 9, ""enterprise_foothold_step"": 7, ""first_critical_hit_step"": 14, ""window_end"": null, ""window_start"": null}"
no_constraint_stage2_fair,19,stage2_ext_023_obj_2,closest_candidate,episode_001,4,4020,48,Q2_user_action_during_critical_breach,high,DecoyTomcat,User3,User,Impact,Op_Server0,"[""Op_Server0""]","[""Op_Server0""]","[""Enterprise1"", ""Enterprise2"", ""Op_Server0"", ""User0"", ""User2""]","[""Enterprise1"", ""Enterprise2"", ""Op_Server0"", ""User0"", ""User2""]","{""blue_first_relevant_response_after_critical"": 16, ""blue_first_relevant_response_after_enterprise"": 9, ""enterprise_foothold_step"": 7, ""first_critical_hit_step"": 14, ""window_end"": null, ""window_start"": null}"
no_constraint_stage2_fair,19,stage2_ext_023_obj_2,closest_candidate,episode_001,4,4020,51,Q2_user_action_during_critical_breach,high,Analyse,User0,User,Impact,Op_Server0,"[""Op_Server0""]","[""Op_Server0""]","[""Enterprise1"", ""Enterprise2"", ""Op_Server0"", ""User0"", ""User2""]","[""Enterprise1"", ""Enterprise2"", ""Op_Server0"", ""User0"", ""User2""]","{""blue_first_relevant_response_after_critical"": 16, ""blue_first_relevant_response_after_enterprise"": 9, ""enterprise_foothold_step"": 7, ""first_critical_hit_step"": 14, ""window_end"": null, ""window_start"": null}"
no_constraint_stage2_fair,19,stage2_ext_023_obj_2,closest_candidate,episode_001,4,4020,52,Q2_user_action_during_critical_breach,high,DecoyTomcat,User3,User,Impact,Op_Server0,"[""Op_Server0""]","[""Op_Server0""]","[""Enterprise1"", ""Enterprise2"", ""Op_Server0"", ""User0"", ""User2""]","[""Enterprise1"", ""Enterprise2"", ""Op_Server0"", ""User0"", ""User2""]","{""blue_first_relevant_response_after_critical"": 16, ""blue_first_relevant_response_after_enterprise"": 9, ""enterprise_foothold_step"": 7, ""first_critical_hit_step"": 14, ""window_end"": null, ""window_start"": null}"
no_constraint_stage2_fair,19,stage2_ext_023_obj_2,closest_candidate,episode_001,4,4020,54,Q2_user_action_during_critical_breach,high,Analyse,User0,User,Impact,Op_Server0,"[""Op_Server0""]","[""Op_Server0""]","[""Enterprise1"", ""Enterprise2"", ""Op_Server0"", ""User0"", ""User2""]","[""Enterprise1"", ""Enterprise2"", ""Op_Server0"", ""User0"", ""User2""]","{""blue_first_relevant_response_after_critical"": 16, ""blue_first_relevant_response_after_enterprise"": 9, ""enterprise_foothold_step"": 7, ""first_critical_hit_step"": 14, ""window_end"": null, ""window_start"": null}"
no_constraint_stage2_fair,19,stage2_ext_023_obj_2,closest_candidate,episode_001,4,4020,56,Q2_user_action_during_critical_breach,high,Analyse,User2,User,Impact,Op_Server0,"[""Op_Server0""]","[""Op_Server0""]","[""Enterprise1"", ""Enterprise2"", ""Op_Server0"", ""User0"", ""User2""]","[""Enterprise1"", ""Enterprise2"", ""Op_Server0"", ""User0"", ""User2""]","{""blue_first_relevant_response_after_critical"": 16, ""blue_first_relevant_response_after_enterprise"": 9, ""enterprise_foothold_step"": 7, ""first_critical_hit_step"": 14, ""window_end"": null, ""window_start"": null}"
no_constraint_stage2_fair,19,stage2_ext_023_obj_2,closest_candidate,episode_001,4,4020,57,Q2_user_action_during_critical_breach,high,DecoyTomcat,User0,User,Impact,Op_Server0,"[""Op_Server0""]","[""Op_Server0""]","[""Enterprise1"", ""Enterprise2"", ""Op_Server0"", ""User0"", ""User2""]","[""Enterprise1"", ""Enterprise2"", ""Op_Server0"", ""User0"", ""User2""]","{""blue_first_relevant_response_after_critical"": 16, ""blue_first_relevant_response_after_enterprise"": 9, ""enterprise_foothold_step"": 7, ""first_critical_hit_step"": 14, ""window_end"": null, ""window_start"": null}"
no_constraint_stage2_fair,19,stage2_ext_023_obj_2,closest_candidate,episode_001,4,4020,60,Q2_user_action_during_critical_breach,high,DecoyTomcat,User3,User,Impact,Op_Server0,"[""Op_Server0""]","[""Op_Server0""]","[""Enterprise1"", ""Enterprise2"", ""Op_Server0"", ""User0"", ""User2""]","[""Enterprise1"", ""Enterprise2"", ""Op_Server0"", ""User0"", ""User2""]","{""blue_first_relevant_response_after_critical"": 16, ""blue_first_relevant_response_after_enterprise"": 9, ""enterprise_foothold_step"": 7, ""first_critical_hit_step"": 14, ""window_end"": null, ""window_start"": null}"
no_constraint_stage2_fair,19,stage2_ext_023_obj_2,closest_candidate,episode_001,4,4020,63,Q2_user_action_during_critical_breach,high,Analyse,User2,User,Impact,Op_Server0,"[""Op_Server0""]","[""Op_Server0""]","[""Enterprise1"", ""Enterprise2"", ""Op_Server0"", ""User0"", ""User2""]","[""Enterprise1"", ""Enterprise2"", ""Op_Server0"", ""User0"", ""User2""]","{""blue_first_relevant_response_after_critical"": 16, ""blue_first_relevant_response_after_enterprise"": 9, ""enterprise_foothold_step"": 7, ""first_critical_hit_step"": 14, ""window_end"": null, ""window_start"": null}"
no_constraint_stage2_fair,19,stage2_ext_023_obj_2,closest_candidate,episode_001,4,4020,68,Q2_user_action_during_critical_breach,high,DecoySSHD,User4,User,Impact,Op_Server0,"[""Op_Server0""]","[""Op_Server0""]","[""Enterprise1"", ""Enterprise2"", ""Op_Server0"", ""User0"", ""User2""]","[""Enterprise1"", ""Enterprise2"", ""Op_Server0"", ""User0"", ""User2""]","{""blue_first_relevant_response_after_critical"": 16, ""blue_first_relevant_response_after_enterprise"": 9, ""enterprise_foothold_step"": 7, ""first_critical_hit_step"": 14, ""window_end"": null, ""window_start"": null}"
no_constraint_stage2_fair,19,stage2_ext_023_obj_2,closest_candidate,episode_001,4,4020,70,Q2_user_action_during_critical_breach,high,Analyse,User2,User,Impact,Op_Server0,"[""Op_Server0""]","[""Op_Server0""]","[""Enterprise1"", ""Enterprise2"", ""Op_Server0"", ""User0"", ""User2""]","[""Enterprise1"", ""Enterprise2"", ""Op_Server0"", ""User0"", ""User2""]","{""blue_first_relevant_response_after_critical"": 16, ""blue_first_relevant_response_after_enterprise"": 9, ""enterprise_foothold_step"": 7, ""first_critical_hit_step"": 14, ""window_end"": null, ""window_start"": null}"
no_constraint_stage2_fair,19,stage2_ext_023_obj_2,closest_candidate,episode_001,4,4020,71,Q2_user_action_during_critical_breach,high,Analyse,User0,User,Impact,Op_Server0,"[""Op_Server0""]","[""Op_Server0""]","[""Enterprise1"", ""Enterprise2"", ""Op_Server0"", ""User0"", ""User2""]","[""Enterprise1"", ""Enterprise2"", ""Op_Server0"", ""User0"", ""User2""]","{""blue_first_relevant_response_after_critical"": 16, ""blue_first_relevant_response_after_enterprise"": 9, ""enterprise_foothold_step"": 7, ""first_critical_hit_step"": 14, ""window_end"": null, ""window_start"": null}"
no_constraint_stage2_fair,19,stage2_ext_023_obj_2,closest_candidate,episode_001,4,4020,72,Q2_user_action_during_critical_breach,high,Analyse,User0,User,Impact,Op_Server0,"[""Op_Server0""]","[""Op_Server0""]","[""Enterprise1"", ""Enterprise2"", ""Op_Server0"", ""User0"", ""User2""]","[""Enterprise1"", ""Enterprise2"", ""Op_Server0"", ""User0"", ""User2""]","{""blue_first_relevant_response_after_critical"": 16, ""blue_first_relevant_response_after_enterprise"": 9, ""enterprise_foothold_step"": 7, ""first_critical_hit_step"": 14, ""window_end"": null, ""window_start"": null}"
no_constraint_stage2_fair,19,stage2_ext_023_obj_2,closest_candidate,episode_001,4,4020,73,Q2_user_action_during_critical_breach,high,Analyse,User2,User,Impact,Op_Server0,"[""Op_Server0""]","[""Op_Server0""]","[""Enterprise1"", ""Enterprise2"", ""Op_Server0"", ""User0"", ""User2""]","[""Enterprise1"", ""Enterprise2"", ""Op_Server0"", ""User0"", ""User2""]","{""blue_first_relevant_response_after_critical"": 16, ""blue_first_relevant_response_after_enterprise"": 9, ""enterprise_foothold_step"": 7, ""first_critical_hit_step"": 14, ""window_end"": null, ""window_start"": null}"
no_constraint_stage2_fair,19,stage2_ext_023_obj_2,closest_candidate,episode_001,4,4020,74,Q2_user_action_during_critical_breach,high,DecoyTomcat,User0,User,Impact,Op_Server0,"[""Op_Server0""]","[""Op_Server0""]","[""Enterprise1"", ""Enterprise2"", ""Op_Server0"", ""User0"", ""User2""]","[""Enterprise1"", ""Enterprise2"", ""Op_Server0"", ""User0"", ""User2""]","{""blue_first_relevant_response_after_critical"": 16, ""blue_first_relevant_response_after_enterprise"": 9, ""enterprise_foothold_step"": 7, ""first_critical_hit_step"": 14, ""window_end"": null, ""window_start"": null}"
no_constraint_stage2_fair,19,stage2_ext_023_obj_2,closest_candidate,episode_001,4,4020,76,Q2_user_action_during_critical_breach,high,Analyse,User2,User,Impact,Op_Server0,"[""Op_Server0""]","[""Op_Server0""]","[""Enterprise1"", ""Enterprise2"", ""Op_Server0"", ""User0"", ""User2""]","[""Enterprise1"", ""Enterprise2"", ""Op_Server0"", ""User0"", ""User2""]","{""blue_first_relevant_response_after_critical"": 16, ""blue_first_relevant_response_after_enterprise"": 9, ""enterprise_foothold_step"": 7, ""first_critical_hit_step"": 14, ""window_end"": null, ""window_start"": null}"
no_constraint_stage2_fair,19,stage2_ext_023_obj_2,closest_candidate,episode_001,4,4020,77,Q2_user_action_during_critical_breach,high,DecoySSHD,User3,User,Impact,Op_Server0,"[""Op_Server0""]","[""Op_Server0""]","[""Enterprise1"", ""Enterprise2"", ""Op_Server0"", ""User0"", ""User2""]","[""Enterprise1"", ""Enterprise2"", ""Op_Server0"", ""User0"", ""User2""]","{""blue_first_relevant_response_after_critical"": 16, ""blue_first_relevant_response_after_enterprise"": 9, ""enterprise_foothold_step"": 7, ""first_critical_hit_step"": 14, ""window_end"": null, ""window_start"": null}"
no_constraint_stage2_fair,19,stage2_ext_023_obj_2,closest_candidate,episode_001,4,4020,78,Q2_user_action_during_critical_breach,high,Analyse,User2,User,Impact,Op_Server0,"[""Op_Server0""]","[""Op_Server0""]","[""Enterprise1"", ""Enterprise2"", ""Op_Server0"", ""User0"", ""User2""]","[""Enterprise1"", ""Enterprise2"", ""Op_Server0"", ""User0"", ""User2""]","{""blue_first_relevant_response_after_critical"": 16, ""blue_first_relevant_response_after_enterprise"": 9, ""enterprise_foothold_step"": 7, ""first_critical_hit_step"": 14, ""window_end"": null, ""window_start"": null}"
no_constraint_stage2_fair,19,stage2_ext_023_obj_2,closest_candidate,episode_001,4,4020,79,Q2_user_action_during_critical_breach,high,Analyse,User2,User,Impact,Op_Server0,"[""Op_Server0""]","[""Op_Server0""]","[""Enterprise1"", ""Enterprise2"", ""Op_Server0"", ""User0"", ""User2""]","[""Enterprise1"", ""Enterprise2"", ""Op_Server0"", ""User0"", ""User2""]","{""blue_first_relevant_response_after_critical"": 16, ""blue_first_relevant_response_after_enterprise"": 9, ""enterprise_foothold_step"": 7, ""first_critical_hit_step"": 14, ""window_end"": null, ""window_start"": null}"
no_constraint_stage2_fair,19,stage2_ext_023_obj_2,closest_candidate,episode_001,4,4020,80,Q2_user_action_during_critical_breach,high,DecoyTomcat,User0,User,Impact,Op_Server0,"[""Op_Server0""]","[""Op_Server0""]","[""Enterprise1"", ""Enterprise2"", ""Op_Server0"", ""User0"", ""User2""]","[""Enterprise1"", ""Enterprise2"", ""Op_Server0"", ""User0"", ""User2""]","{""blue_first_relevant_response_after_critical"": 16, ""blue_first_relevant_response_after_enterprise"": 9, ""enterprise_foothold_step"": 7, ""first_critical_hit_step"": 14, ""window_end"": null, ""window_start"": null}"
no_constraint_stage2_fair,19,stage2_ext_023_obj_2,closest_candidate,episode_001,4,4020,81,Q2_user_action_during_critical_breach,high,Analyse,User2,User,Impact,Op_Server0,"[""Op_Server0""]","[""Op_Server0""]","[""Enterprise1"", ""Enterprise2"", ""Op_Server0"", ""User0"", ""User2""]","[""Enterprise1"", ""Enterprise2"", ""Op_Server0"", ""User0"", ""User2""]","{""blue_first_relevant_response_after_critical"": 16, ""blue_first_relevant_response_after_enterprise"": 9, ""enterprise_foothold_step"": 7, ""first_critical_hit_step"": 14, ""window_end"": null, ""window_start"": null}"
no_constraint_stage2_fair,19,stage2_ext_023_obj_2,closest_candidate,episode_001,4,4020,82,Q2_user_action_during_critical_breach,high,DecoyTomcat,User3,User,Impact,Op_Server0,"[""Op_Server0""]","[""Op_Server0""]","[""Enterprise1"", ""Enterprise2"", ""Op_Server0"", ""User0"", ""User2""]","[""Enterprise1"", ""Enterprise2"", ""Op_Server0"", ""User0"", ""User2""]","{""blue_first_relevant_response_after_critical"": 16, ""blue_first_relevant_response_after_enterprise"": 9, ""enterprise_foothold_step"": 7, ""first_critical_hit_step"": 14, ""window_end"": null, ""window_start"": null}"
no_constraint_stage2_fair,19,stage2_ext_023_obj_2,closest_candidate,episode_001,4,4020,83,Q2_user_action_during_critical_breach,high,Remove,User3,User,Impact,Op_Server0,"[""Op_Server0""]","[""Op_Server0""]","[""Enterprise1"", ""Enterprise2"", ""Op_Server0"", ""User0"", ""User2""]","[""Enterprise1"", ""Enterprise2"", ""Op_Server0"", ""User0"", ""User2""]","{""blue_first_relevant_response_after_critical"": 16, ""blue_first_relevant_response_after_enterprise"": 9, ""enterprise_foothold_step"": 7, ""first_critical_hit_step"": 14, ""window_end"": null, ""window_start"": null}"
no_constraint_stage2_fair,19,stage2_ext_023_obj_2,closest_candidate,episode_001,4,4020,85,Q2_user_action_during_critical_breach,high,DecoyTomcat,User0,User,Impact,Op_Server0,"[""Op_Server0""]","[""Op_Server0""]","[""Enterprise1"", ""Enterprise2"", ""Op_Server0"", ""User0"", ""User2""]","[""Enterprise1"", ""Enterprise2"", ""Op_Server0"", ""User0"", ""User2""]","{""blue_first_relevant_response_after_critical"": 16, ""blue_first_relevant_response_after_enterprise"": 9, ""enterprise_foothold_step"": 7, ""first_critical_hit_step"": 14, ""window_end"": null, ""window_start"": null}"
no_constraint_stage2_fair,19,stage2_ext_023_obj_2,closest_candidate,episode_001,4,4020,86,Q2_user_action_during_critical_breach,high,Analyse,User2,User,Impact,Op_Server0,"[""Op_Server0""]","[""Op_Server0""]","[""Enterprise1"", ""Enterprise2"", ""Op_Server0"", ""User0"", ""User2""]","[""Enterprise1"", ""Enterprise2"", ""Op_Server0"", ""User0"", ""User2""]","{""blue_first_relevant_response_after_critical"": 16, ""blue_first_relevant_response_after_enterprise"": 9, ""enterprise_foothold_step"": 7, ""first_critical_hit_step"": 14, ""window_end"": null, ""window_start"": null}"
no_constraint_stage2_fair,19,stage2_ext_023_obj_2,closest_candidate,episode_001,4,4020,88,Q2_user_action_during_critical_breach,high,Analyse,User1,User,Impact,Op_Server0,"[""Op_Server0""]","[""Op_Server0""]","[""Enterprise1"", ""Enterprise2"", ""Op_Server0"", ""User0"", ""User2""]","[""Enterprise1"", ""Enterprise2"", ""Op_Server0"", ""User0"", ""User2""]","{""blue_first_relevant_response_after_critical"": 16, ""blue_first_relevant_response_after_enterprise"": 9, ""enterprise_foothold_step"": 7, ""first_critical_hit_step"": 14, ""window_end"": null, ""window_start"": null}"
no_constraint_stage2_fair,19,stage2_ext_023_obj_2,closest_candidate,episode_001,4,4020,91,Q2_user_action_during_critical_breach,high,Analyse,User2,User,Impact,Op_Server0,"[""Op_Server0""]","[""Op_Server0""]","[""Enterprise1"", ""Enterprise2"", ""Op_Server0"", ""User0"", ""User2""]","[""Enterprise1"", ""Enterprise2"", ""Op_Server0"", ""User0"", ""User2""]","{""blue_first_relevant_response_after_critical"": 16, ""blue_first_relevant_response_after_enterprise"": 9, ""enterprise_foothold_step"": 7, ""first_critical_hit_step"": 14, ""window_end"": null, ""window_start"": null}"
no_constraint_stage2_fair,19,stage2_ext_023_obj_2,closest_candidate,episode_001,4,4020,92,Q2_user_action_during_critical_breach,high,DecoyTomcat,User3,User,Impact,Op_Server0,"[""Op_Server0""]","[""Op_Server0""]","[""Enterprise1"", ""Enterprise2"", ""Op_Server0"", ""User0"", ""User2""]","[""Enterprise1"", ""Enterprise2"", ""Op_Server0"", ""User0"", ""User2""]","{""blue_first_relevant_response_after_critical"": 16, ""blue_first_relevant_response_after_enterprise"": 9, ""enterprise_foothold_step"": 7, ""first_critical_hit_step"": 14, ""window_end"": null, ""window_start"": null}"
no_constraint_stage2_fair,19,stage2_ext_023_obj_2,closest_candidate,episode_001,4,4020,93,Q2_user_action_during_critical_breach,high,DecoySSHD,User4,User,Impact,Op_Server0,"[""Op_Server0""]","[""Op_Server0""]","[""Enterprise1"", ""Enterprise2"", ""Op_Server0"", ""User0"", ""User2""]","[""Enterprise1"", ""Enterprise2"", ""Op_Server0"", ""User0"", ""User2""]","{""blue_first_relevant_response_after_critical"": 16, ""blue_first_relevant_response_after_enterprise"": 9, ""enterprise_foothold_step"": 7, ""first_critical_hit_step"": 14, ""window_end"": null, ""window_start"": null}"
no_constraint_stage2_fair,19,stage2_ext_023_obj_2,closest_candidate,episode_001,4,4020,95,Q2_user_action_during_critical_breach,high,Analyse,User1,User,Impact,Op_Server0,"[""Op_Server0""]","[""Op_Server0""]","[""Enterprise1"", ""Enterprise2"", ""Op_Server0"", ""User0"", ""User2""]","[""Enterprise1"", ""Enterprise2"", ""Op_Server0"", ""User0"", ""User2""]","{""blue_first_relevant_response_after_critical"": 16, ""blue_first_relevant_response_after_enterprise"": 9, ""enterprise_foothold_step"": 7, ""first_critical_hit_step"": 14, ""window_end"": null, ""window_start"": null}"
no_constraint_stage2_fair,19,stage2_ext_023_obj_2,closest_candidate,episode_001,4,4020,96,Q2_user_action_during_critical_breach,high,Analyse,User2,User,Impact,Op_Server0,"[""Op_Server0""]","[""Op_Server0""]","[""Enterprise1"", ""Enterprise2"", ""Op_Server0"", ""User0"", ""User2""]","[""Enterprise1"", ""Enterprise2"", ""Op_Server0"", ""User0"", ""User2""]","{""blue_first_relevant_response_after_critical"": 16, ""blue_first_relevant_response_after_enterprise"": 9, ""enterprise_foothold_step"": 7, ""first_critical_hit_step"": 14, ""window_end"": null, ""window_start"": null}"
no_constraint_stage2_fair,19,stage2_ext_023_obj_2,closest_candidate,episode_001,4,4020,97,Q2_user_action_during_critical_breach,high,DecoyTomcat,User0,User,Impact,Op_Server0,"[""Op_Server0""]","[""Op_Server0""]","[""Enterprise1"", ""Enterprise2"", ""Op_Server0"", ""User0"", ""User2""]","[""Enterprise1"", ""Enterprise2"", ""Op_Server0"", ""User0"", ""User2""]","{""blue_first_relevant_response_after_critical"": 16, ""blue_first_relevant_response_after_enterprise"": 9, ""enterprise_foothold_step"": 7, ""first_critical_hit_step"": 14, ""window_end"": null, ""window_start"": null}"
no_constraint_stage2_fair,19,stage2_ext_023_obj_2,closest_candidate,episode_001,4,4020,10,Q4_user_focus_after_enterprise_foothold,medium,DecoyTomcat,User0,User,DiscoverNetworkServices,,[],[],"[""Enterprise1"", ""User0"", ""User2""]","[""Enterprise1"", ""User0"", ""User2""]","{""blue_first_relevant_response_after_critical"": 16, ""blue_first_relevant_response_after_enterprise"": 9, ""enterprise_foothold_step"": 7, ""first_critical_hit_step"": 14, ""window_end"": 12, ""window_start"": 10}"
no_constraint_stage2_fair,19,stage2_ext_023_obj_2,closest_candidate,episode_001,4,4020,11,Q4_user_focus_after_enterprise_foothold,medium,Analyse,User2,User,ExploitRemoteService,,[],[],"[""Enterprise1"", ""User0"", ""User2""]","[""Enterprise1"", ""Enterprise2"", ""User0"", ""User2""]","{""blue_first_relevant_response_after_critical"": 16, ""blue_first_relevant_response_after_enterprise"": 9, ""enterprise_foothold_step"": 7, ""first_critical_hit_step"": 14, ""window_end"": 13, ""window_start"": 11}"
no_constraint_stage2_fair,19,stage2_ext_023_obj_2,closest_candidate,episode_001,4,4020,41,Q4_user_focus_after_enterprise_foothold,medium,Analyse,User2,User,Impact,Op_Server0,"[""Op_Server0""]","[""Op_Server0""]","[""Enterprise1"", ""Enterprise2"", ""Op_Server0"", ""User0"", ""User2""]","[""Enterprise1"", ""Enterprise2"", ""Op_Server0"", ""User0"", ""User2""]","{""blue_first_relevant_response_after_critical"": 16, ""blue_first_relevant_response_after_enterprise"": 9, ""enterprise_foothold_step"": 7, ""first_critical_hit_step"": 14, ""window_end"": 43, ""window_start"": 41}"
no_constraint_stage2_fair,19,stage2_ext_023_obj_2,closest_candidate,episode_001,4,4020,42,Q4_user_focus_after_enterprise_foothold,medium,Analyse,User2,User,Impact,Op_Server0,"[""Op_Server0""]","[""Op_Server0""]","[""Enterprise1"", ""Enterprise2"", ""Op_Server0"", ""User0"", ""User2""]","[""Enterprise1"", ""Enterprise2"", ""Op_Server0"", ""User0"", ""User2""]","{""blue_first_relevant_response_after_critical"": 16, ""blue_first_relevant_response_after_enterprise"": 9, ""enterprise_foothold_step"": 7, ""first_critical_hit_step"": 14, ""window_end"": 44, ""window_start"": 42}"
no_constraint_stage2_fair,19,stage2_ext_023_obj_2,closest_candidate,episode_001,4,4020,43,Q4_user_focus_after_enterprise_foothold,medium,DecoyTomcat,User0,User,Impact,Op_Server0,"[""Op_Server0""]","[""Op_Server0""]","[""Enterprise1"", ""Enterprise2"", ""Op_Server0"", ""User0"", ""User2""]","[""Enterprise1"", ""Enterprise2"", ""Op_Server0"", ""User0"", ""User2""]","{""blue_first_relevant_response_after_critical"": 16, ""blue_first_relevant_response_after_enterprise"": 9, ""enterprise_foothold_step"": 7, ""first_critical_hit_step"": 14, ""window_end"": 45, ""window_start"": 43}"
no_constraint_stage2_fair,19,stage2_ext_023_obj_2,closest_candidate,episode_001,4,4020,44,Q4_user_focus_after_enterprise_foothold,medium,DecoyHarakaSMPT,User1,User,Impact,Op_Server0,"[""Op_Server0""]","[""Op_Server0""]","[""Enterprise1"", ""Enterprise2"", ""Op_Server0"", ""User0"", ""User2""]","[""Enterprise1"", ""Enterprise2"", ""Op_Server0"", ""User0"", ""User2""]","{""blue_first_relevant_response_after_critical"": 16, ""blue_first_relevant_response_after_enterprise"": 9, ""enterprise_foothold_step"": 7, ""first_critical_hit_step"": 14, ""window_end"": 46, ""window_start"": 44}"
no_constraint_stage2_fair,19,stage2_ext_023_obj_2,closest_candidate,episode_001,4,4020,70,Q4_user_focus_after_enterprise_foothold,medium,Analyse,User2,User,Impact,Op_Server0,"[""Op_Server0""]","[""Op_Server0""]","[""Enterprise1"", ""Enterprise2"", ""Op_Server0"", ""User0"", ""User2""]","[""Enterprise1"", ""Enterprise2"", ""Op_Server0"", ""User0"", ""User2""]","{""blue_first_relevant_response_after_critical"": 16, ""blue_first_relevant_response_after_enterprise"": 9, ""enterprise_foothold_step"": 7, ""first_critical_hit_step"": 14, ""window_end"": 72, ""window_start"": 70}"
no_constraint_stage2_fair,19,stage2_ext_023_obj_2,closest_candidate,episode_001,4,4020,71,Q4_user_focus_after_enterprise_foothold,medium,Analyse,User0,User,Impact,Op_Server0,"[""Op_Server0""]","[""Op_Server0""]","[""Enterprise1"", ""Enterprise2"", ""Op_Server0"", ""User0"", ""User2""]","[""Enterprise1"", ""Enterprise2"", ""Op_Server0"", ""User0"", ""User2""]","{""blue_first_relevant_response_after_critical"": 16, ""blue_first_relevant_response_after_enterprise"": 9, ""enterprise_foothold_step"": 7, ""first_critical_hit_step"": 14, ""window_end"": 73, ""window_start"": 71}"
no_constraint_stage2_fair,19,stage2_ext_023_obj_2,closest_candidate,episode_001,4,4020,72,Q4_user_focus_after_enterprise_foothold,medium,Analyse,User0,User,Impact,Op_Server0,"[""Op_Server0""]","[""Op_Server0""]","[""Enterprise1"", ""Enterprise2"", ""Op_Server0"", ""User0"", ""User2""]","[""Enterprise1"", ""Enterprise2"", ""Op_Server0"", ""User0"", ""User2""]","{""blue_first_relevant_response_after_critical"": 16, ""blue_first_relevant_response_after_enterprise"": 9, ""enterprise_foothold_step"": 7, ""first_critical_hit_step"": 14, ""window_end"": 74, ""window_start"": 72}"
no_constraint_stage2_fair,19,stage2_ext_023_obj_2,closest_candidate,episode_001,4,4020,76,Q4_user_focus_after_enterprise_foothold,medium,Analyse,User2,User,Impact,Op_Server0,"[""Op_Server0""]","[""Op_Server0""]","[""Enterprise1"", ""Enterprise2"", ""Op_Server0"", ""User0"", ""User2""]","[""Enterprise1"", ""Enterprise2"", ""Op_Server0"", ""User0"", ""User2""]","{""blue_first_relevant_response_after_critical"": 16, ""blue_first_relevant_response_after_enterprise"": 9, ""enterprise_foothold_step"": 7, ""first_critical_hit_step"": 14, ""window_end"": 78, ""window_start"": 76}"
no_constraint_stage2_fair,19,stage2_ext_023_obj_2,closest_candidate,episode_001,4,4020,77,Q4_user_focus_after_enterprise_foothold,medium,DecoySSHD,User3,User,Impact,Op_Server0,"[""Op_Server0""]","[""Op_Server0""]","[""Enterprise1"", ""Enterprise2"", ""Op_Server0"", ""User0"", ""User2""]","[""Enterprise1"", ""Enterprise2"", ""Op_Server0"", ""User0"", ""User2""]","{""blue_first_relevant_response_after_critical"": 16, ""blue_first_relevant_response_after_enterprise"": 9, ""enterprise_foothold_step"": 7, ""first_critical_hit_step"": 14, ""window_end"": 79, ""window_start"": 77}"
no_constraint_stage2_fair,19,stage2_ext_023_obj_2,closest_candidate,episode_001,4,4020,78,Q4_user_focus_after_enterprise_foothold,medium,Analyse,User2,User,Impact,Op_Server0,"[""Op_Server0""]","[""Op_Server0""]","[""Enterprise1"", ""Enterprise2"", ""Op_Server0"", ""User0"", ""User2""]","[""Enterprise1"", ""Enterprise2"", ""Op_Server0"", ""User0"", ""User2""]","{""blue_first_relevant_response_after_critical"": 16, ""blue_first_relevant_response_after_enterprise"": 9, ""enterprise_foothold_step"": 7, ""first_critical_hit_step"": 14, ""window_end"": 80, ""window_start"": 78}"
no_constraint_stage2_fair,19,stage2_ext_023_obj_2,closest_candidate,episode_001,4,4020,79,Q4_user_focus_after_enterprise_foothold,medium,Analyse,User2,User,Impact,Op_Server0,"[""Op_Server0""]","[""Op_Server0""]","[""Enterprise1"", ""Enterprise2"", ""Op_Server0"", ""User0"", ""User2""]","[""Enterprise1"", ""Enterprise2"", ""Op_Server0"", ""User0"", ""User2""]","{""blue_first_relevant_response_after_critical"": 16, ""blue_first_relevant_response_after_enterprise"": 9, ""enterprise_foothold_step"": 7, ""first_critical_hit_step"": 14, ""window_end"": 81, ""window_start"": 79}"
no_constraint_stage2_fair,19,stage2_ext_023_obj_2,closest_candidate,episode_001,4,4020,80,Q4_user_focus_after_enterprise_foothold,medium,DecoyTomcat,User0,User,Impact,Op_Server0,"[""Op_Server0""]","[""Op_Server0""]","[""Enterprise1"", ""Enterprise2"", ""Op_Server0"", ""User0"", ""User2""]","[""Enterprise1"", ""Enterprise2"", ""Op_Server0"", ""User0"", ""User2""]","{""blue_first_relevant_response_after_critical"": 16, ""blue_first_relevant_response_after_enterprise"": 9, ""enterprise_foothold_step"": 7, ""first_critical_hit_step"": 14, ""window_end"": 82, ""window_start"": 80}"
no_constraint_stage2_fair,19,stage2_ext_023_obj_2,closest_candidate,episode_001,4,4020,81,Q4_user_focus_after_enterprise_foothold,medium,Analyse,User2,User,Impact,Op_Server0,"[""Op_Server0""]","[""Op_Server0""]","[""Enterprise1"", ""Enterprise2"", ""Op_Server0"", ""User0"", ""User2""]","[""Enterprise1"", ""Enterprise2"", ""Op_Server0"", ""User0"", ""User2""]","{""blue_first_relevant_response_after_critical"": 16, ""blue_first_relevant_response_after_enterprise"": 9, ""enterprise_foothold_step"": 7, ""first_critical_hit_step"": 14, ""window_end"": 83, ""window_start"": 81}"
no_constraint_stage2_fair,19,stage2_ext_023_obj_2,closest_candidate,episode_001,4,4020,91,Q4_user_focus_after_enterprise_foothold,medium,Analyse,User2,User,Impact,Op_Server0,"[""Op_Server0""]","[""Op_Server0""]","[""Enterprise1"", ""Enterprise2"", ""Op_Server0"", ""User0"", ""User2""]","[""Enterprise1"", ""Enterprise2"", ""Op_Server0"", ""User0"", ""User2""]","{""blue_first_relevant_response_after_critical"": 16, ""blue_first_relevant_response_after_enterprise"": 9, ""enterprise_foothold_step"": 7, ""first_critical_hit_step"": 14, ""window_end"": 93, ""window_start"": 91}"
no_constraint_stage2_fair,19,stage2_ext_023_obj_2,closest_candidate,episode_001,4,4020,95,Q4_user_focus_after_enterprise_foothold,medium,Analyse,User1,User,Impact,Op_Server0,"[""Op_Server0""]","[""Op_Server0""]","[""Enterprise1"", ""Enterprise2"", ""Op_Server0"", ""User0"", ""User2""]","[""Enterprise1"", ""Enterprise2"", ""Op_Server0"", ""User0"", ""User2""]","{""blue_first_relevant_response_after_critical"": 16, ""blue_first_relevant_response_after_enterprise"": 9, ""enterprise_foothold_step"": 7, ""first_critical_hit_step"": 14, ""window_end"": 97, ""window_start"": 95}"
no_constraint_stage2_fair,19,stage2_ext_023_obj_2,closest_candidate,episode_001,4,4020,24,Q5_repeated_low_value_decoy_loop,medium,DecoyTomcat,User3,User,Impact,Op_Server0,"[""Op_Server0""]","[""Op_Server0""]","[""Enterprise1"", ""Enterprise2"", ""Op_Server0"", ""User0"", ""User2""]","[""Enterprise1"", ""Enterprise2"", ""Op_Server0"", ""User0"", ""User2""]","{""blue_first_relevant_response_after_critical"": 16, ""blue_first_relevant_response_after_enterprise"": 9, ""enterprise_foothold_step"": 7, ""first_critical_hit_step"": 14, ""window_end"": 30, ""window_start"": 21}"
no_constraint_stage2_fair,19,stage2_ext_023_obj_2,closest_candidate,episode_001,5,5020,50,Q4_user_focus_after_enterprise_foothold,medium,Analyse,User2,User,ExploitRemoteService,,[],[],"[""Enterprise0"", ""User0"", ""User3""]","[""Enterprise0"", ""User0"", ""User3""]","{""blue_first_relevant_response_after_critical"": null, ""blue_first_relevant_response_after_enterprise"": 18, ""enterprise_foothold_step"": 17, ""first_critical_hit_step"": null, ""window_end"": 52, ""window_start"": 50}"
no_constraint_stage2_fair,19,stage2_ext_023_obj_2,closest_candidate,episode_001,5,5020,51,Q4_user_focus_after_enterprise_foothold,medium,Analyse,User2,User,PrivilegeEscalate,Enterprise0,[],[],"[""Enterprise0"", ""User0"", ""User3""]","[""Enterprise0"", ""User0"", ""User3""]","{""blue_first_relevant_response_after_critical"": null, ""blue_first_relevant_response_after_enterprise"": 18, ""enterprise_foothold_step"": 17, ""first_critical_hit_step"": null, ""window_end"": 53, ""window_start"": 51}"
no_constraint_stage2_fair,19,stage2_ext_023_obj_2,closest_candidate,episode_001,5,5020,62,Q4_user_focus_after_enterprise_foothold,medium,Remove,User3,User,DiscoverNetworkServices,,[],[],"[""Enterprise0"", ""User0"", ""User3""]","[""Enterprise0"", ""User0"", ""User3""]","{""blue_first_relevant_response_after_critical"": null, ""blue_first_relevant_response_after_enterprise"": 18, ""enterprise_foothold_step"": 17, ""first_critical_hit_step"": null, ""window_end"": 64, ""window_start"": 62}"
no_constraint_stage2_fair,19,stage2_ext_023_obj_2,closest_candidate,episode_001,5,5020,63,Q4_user_focus_after_enterprise_foothold,medium,DecoyApache,User1,User,ExploitRemoteService,,[],[],"[""Enterprise0"", ""User0"", ""User3""]","[""Enterprise0"", ""User0"", ""User3""]","{""blue_first_relevant_response_after_critical"": null, ""blue_first_relevant_response_after_enterprise"": 18, ""enterprise_foothold_step"": 17, ""first_critical_hit_step"": null, ""window_end"": 65, ""window_start"": 63}"
no_constraint_stage2_fair,19,stage2_ext_023_obj_2,closest_candidate,episode_001,5,5020,69,Q4_user_focus_after_enterprise_foothold,medium,Analyse,User2,User,PrivilegeEscalate,User3,[],[],"[""Enterprise0"", ""User0"", ""User3""]","[""Enterprise0"", ""User0"", ""User3""]","{""blue_first_relevant_response_after_critical"": null, ""blue_first_relevant_response_after_enterprise"": 18, ""enterprise_foothold_step"": 17, ""first_critical_hit_step"": null, ""window_end"": 71, ""window_start"": 69}"
no_constraint_stage2_fair,19,stage2_ext_023_obj_2,closest_candidate,episode_001,5,5020,70,Q4_user_focus_after_enterprise_foothold,medium,DecoyTomcat,User0,User,DiscoverNetworkServices,,[],[],"[""Enterprise0"", ""User0"", ""User3""]","[""Enterprise0"", ""User0"", ""User3""]","{""blue_first_relevant_response_after_critical"": null, ""blue_first_relevant_response_after_enterprise"": 18, ""enterprise_foothold_step"": 17, ""first_critical_hit_step"": null, ""window_end"": 72, ""window_start"": 70}"
no_constraint_stage2_fair,19,stage2_ext_023_obj_2,closest_candidate,episode_001,5,5020,75,Q4_user_focus_after_enterprise_foothold,medium,DecoyTomcat,User0,User,ExploitRemoteService,,[],[],"[""Enterprise0"", ""User0"", ""User3""]","[""Enterprise0"", ""User0"", ""User3""]","{""blue_first_relevant_response_after_critical"": null, ""blue_first_relevant_response_after_enterprise"": 18, ""enterprise_foothold_step"": 17, ""first_critical_hit_step"": null, ""window_end"": 77, ""window_start"": 75}"
no_constraint_stage2_fair,19,stage2_ext_023_obj_2,closest_candidate,episode_001,5,5020,76,Q4_user_focus_after_enterprise_foothold,medium,DecoyTomcat,User3,User,ExploitRemoteService,,[],[],"[""Enterprise0"", ""User0"", ""User3""]","[""Enterprise0"", ""User0"", ""User3""]","{""blue_first_relevant_response_after_critical"": null, ""blue_first_relevant_response_after_enterprise"": 18, ""enterprise_foothold_step"": 17, ""first_critical_hit_step"": null, ""window_end"": 78, ""window_start"": 76}"
no_constraint_stage2_fair,19,stage2_ext_023_obj_2,closest_candidate,episode_001,5,5020,77,Q4_user_focus_after_enterprise_foothold,medium,Analyse,User0,User,PrivilegeEscalate,User3,[],[],"[""Enterprise0"", ""User0"", ""User3""]","[""Enterprise0"", ""User0"", ""User3""]","{""blue_first_relevant_response_after_critical"": null, ""blue_first_relevant_response_after_enterprise"": 18, ""enterprise_foothold_step"": 17, ""first_critical_hit_step"": null, ""window_end"": 79, ""window_start"": 77}"
no_constraint_stage2_fair,19,stage2_ext_023_obj_2,closest_candidate,episode_001,5,5020,46,Q5_repeated_low_value_decoy_loop,medium,DecoyTomcat,User3,User,ExploitRemoteService,,[],[],"[""Enterprise0"", ""User0"", ""User3""]","[""Enterprise0"", ""User0"", ""User3""]","{""blue_first_relevant_response_after_critical"": null, ""blue_first_relevant_response_after_enterprise"": 18, ""enterprise_foothold_step"": 17, ""first_critical_hit_step"": null, ""window_end"": 53, ""window_start"": 44}"
no_constraint_stage2_fair,19,stage2_ext_023_obj_2,closest_candidate,episode_001,6,6020,17,Q2_user_action_during_critical_breach,high,Analyse,User1,User,PrivilegeEscalate,Op_Server0,"[""Op_Server0""]","[""Op_Server0""]","[""Enterprise1"", ""Enterprise2"", ""Op_Server0"", ""User0"", ""User1""]","[""Enterprise1"", ""Enterprise2"", ""Op_Server0"", ""User0"", ""User1""]","{""blue_first_relevant_response_after_critical"": 18, ""blue_first_relevant_response_after_enterprise"": 9, ""enterprise_foothold_step"": 5, ""first_critical_hit_step"": 16, ""window_end"": null, ""window_start"": null}"
no_constraint_stage2_fair,19,stage2_ext_023_obj_2,closest_candidate,episode_001,6,6020,19,Q2_user_action_during_critical_breach,high,DecoyTomcat,User3,User,Impact,Op_Server0,"[""Op_Server0""]","[""Op_Server0""]","[""Enterprise1"", ""Enterprise2"", ""Op_Server0"", ""User0"", ""User1""]","[""Enterprise1"", ""Enterprise2"", ""Op_Server0"", ""User0"", ""User1""]","{""blue_first_relevant_response_after_critical"": 18, ""blue_first_relevant_response_after_enterprise"": 9, ""enterprise_foothold_step"": 5, ""first_critical_hit_step"": 16, ""window_end"": null, ""window_start"": null}"
no_constraint_stage2_fair,19,stage2_ext_023_obj_2,closest_candidate,episode_001,6,6020,20,Q2_user_action_during_critical_breach,high,Analyse,User2,User,Impact,Op_Server0,"[""Op_Server0""]","[""Op_Server0""]","[""Enterprise1"", ""Enterprise2"", ""Op_Server0"", ""User0"", ""User1""]","[""Enterprise1"", ""Enterprise2"", ""Op_Server0"", ""User0"", ""User1""]","{""blue_first_relevant_response_after_critical"": 18, ""blue_first_relevant_response_after_enterprise"": 9, ""enterprise_foothold_step"": 5, ""first_critical_hit_step"": 16, ""window_end"": null, ""window_start"": null}"
no_constraint_stage2_fair,19,stage2_ext_023_obj_2,closest_candidate,episode_001,6,6020,21,Q2_user_action_during_critical_breach,high,Analyse,User2,User,Impact,Op_Server0,"[""Op_Server0""]","[""Op_Server0""]","[""Enterprise1"", ""Enterprise2"", ""Op_Server0"", ""User0"", ""User1""]","[""Enterprise1"", ""Enterprise2"", ""Op_Server0"", ""User0"", ""User1""]","{""blue_first_relevant_response_after_critical"": 18, ""blue_first_relevant_response_after_enterprise"": 9, ""enterprise_foothold_step"": 5, ""first_critical_hit_step"": 16, ""window_end"": null, ""window_start"": null}"
no_constraint_stage2_fair,19,stage2_ext_023_obj_2,closest_candidate,episode_001,6,6020,22,Q2_user_action_during_critical_breach,high,DecoyTomcat,User3,User,Impact,Op_Server0,"[""Op_Server0""]","[""Op_Server0""]","[""Enterprise1"", ""Enterprise2"", ""Op_Server0"", ""User0"", ""User1""]","[""Enterprise1"", ""Enterprise2"", ""Op_Server0"", ""User0"", ""User1""]","{""blue_first_relevant_response_after_critical"": 18, ""blue_first_relevant_response_after_enterprise"": 9, ""enterprise_foothold_step"": 5, ""first_critical_hit_step"": 16, ""window_end"": null, ""window_start"": null}"
no_constraint_stage2_fair,19,stage2_ext_023_obj_2,closest_candidate,episode_001,6,6020,23,Q2_user_action_during_critical_breach,high,DecoyApache,User1,User,Impact,Op_Server0,"[""Op_Server0""]","[""Op_Server0""]","[""Enterprise1"", ""Enterprise2"", ""Op_Server0"", ""User0"", ""User1""]","[""Enterprise1"", ""Enterprise2"", ""Op_Server0"", ""User0"", ""User1""]","{""blue_first_relevant_response_after_critical"": 18, ""blue_first_relevant_response_after_enterprise"": 9, ""enterprise_foothold_step"": 5, ""first_critical_hit_step"": 16, ""window_end"": null, ""window_start"": null}"
no_constraint_stage2_fair,19,stage2_ext_023_obj_2,closest_candidate,episode_001,6,6020,25,Q2_user_action_during_critical_breach,high,DecoyTomcat,User3,User,Impact,Op_Server0,"[""Op_Server0""]","[""Op_Server0""]","[""Enterprise1"", ""Enterprise2"", ""Op_Server0"", ""User0"", ""User1""]","[""Enterprise1"", ""Enterprise2"", ""Op_Server0"", ""User0"", ""User1""]","{""blue_first_relevant_response_after_critical"": 18, ""blue_first_relevant_response_after_enterprise"": 9, ""enterprise_foothold_step"": 5, ""first_critical_hit_step"": 16, ""window_end"": null, ""window_start"": null}"
no_constraint_stage2_fair,19,stage2_ext_023_obj_2,closest_candidate,episode_001,6,6020,28,Q2_user_action_during_critical_breach,high,Analyse,User2,User,Impact,Op_Server0,"[""Op_Server0""]","[""Op_Server0""]","[""Enterprise1"", ""Enterprise2"", ""Op_Server0"", ""User0"", ""User1""]","[""Enterprise1"", ""Enterprise2"", ""Op_Server0"", ""User0"", ""User1""]","{""blue_first_relevant_response_after_critical"": 18, ""blue_first_relevant_response_after_enterprise"": 9, ""enterprise_foothold_step"": 5, ""first_critical_hit_step"": 16, ""window_end"": null, ""window_start"": null}"
no_constraint_stage2_fair,19,stage2_ext_023_obj_2,closest_candidate,episode_001,6,6020,29,Q2_user_action_during_critical_breach,high,Analyse,User2,User,Impact,Op_Server0,"[""Op_Server0""]","[""Op_Server0""]","[""Enterprise1"", ""Enterprise2"", ""Op_Server0"", ""User0"", ""User1""]","[""Enterprise1"", ""Enterprise2"", ""Op_Server0"", ""User0"", ""User1""]","{""blue_first_relevant_response_after_critical"": 18, ""blue_first_relevant_response_after_enterprise"": 9, ""enterprise_foothold_step"": 5, ""first_critical_hit_step"": 16, ""window_end"": null, ""window_start"": null}"
no_constraint_stage2_fair,19,stage2_ext_023_obj_2,closest_candidate,episode_001,6,6020,30,Q2_user_action_during_critical_breach,high,DecoyTomcat,User0,User,Impact,Op_Server0,"[""Op_Server0""]","[""Op_Server0""]","[""Enterprise1"", ""Enterprise2"", ""Op_Server0"", ""User0"", ""User1""]","[""Enterprise1"", ""Enterprise2"", ""Op_Server0"", ""User0"", ""User1""]","{""blue_first_relevant_response_after_critical"": 18, ""blue_first_relevant_response_after_enterprise"": 9, ""enterprise_foothold_step"": 5, ""first_critical_hit_step"": 16, ""window_end"": null, ""window_start"": null}"
no_constraint_stage2_fair,19,stage2_ext_023_obj_2,closest_candidate,episode_001,6,6020,31,Q2_user_action_during_critical_breach,high,Analyse,User2,User,Impact,Op_Server0,"[""Op_Server0""]","[""Op_Server0""]","[""Enterprise1"", ""Enterprise2"", ""Op_Server0"", ""User0"", ""User1""]","[""Enterprise1"", ""Enterprise2"", ""Op_Server0"", ""User0"", ""User1""]","{""blue_first_relevant_response_after_critical"": 18, ""blue_first_relevant_response_after_enterprise"": 9, ""enterprise_foothold_step"": 5, ""first_critical_hit_step"": 16, ""window_end"": null, ""window_start"": null}"
no_constraint_stage2_fair,19,stage2_ext_023_obj_2,closest_candidate,episode_001,6,6020,33,Q2_user_action_during_critical_breach,high,DecoyFemitter,User1,User,Impact,Op_Server0,"[""Op_Server0""]","[""Op_Server0""]","[""Enterprise1"", ""Enterprise2"", ""Op_Server0"", ""User0"", ""User1""]","[""Enterprise1"", ""Enterprise2"", ""Op_Server0"", ""User0"", ""User1""]","{""blue_first_relevant_response_after_critical"": 18, ""blue_first_relevant_response_after_enterprise"": 9, ""enterprise_foothold_step"": 5, ""first_critical_hit_step"": 16, ""window_end"": null, ""window_start"": null}"
no_constraint_stage2_fair,19,stage2_ext_023_obj_2,closest_candidate,episode_001,6,6020,34,Q2_user_action_during_critical_breach,high,Analyse,User2,User,Impact,Op_Server0,"[""Op_Server0""]","[""Op_Server0""]","[""Enterprise1"", ""Enterprise2"", ""Op_Server0"", ""User0"", ""User1""]","[""Enterprise1"", ""Enterprise2"", ""Op_Server0"", ""User0"", ""User1""]","{""blue_first_relevant_response_after_critical"": 18, ""blue_first_relevant_response_after_enterprise"": 9, ""enterprise_foothold_step"": 5, ""first_critical_hit_step"": 16, ""window_end"": null, ""window_start"": null}"
no_constraint_stage2_fair,19,stage2_ext_023_obj_2,closest_candidate,episode_001,6,6020,35,Q2_user_action_during_critical_breach,high,DecoyTomcat,User3,User,Impact,Op_Server0,"[""Op_Server0""]","[""Op_Server0""]","[""Enterprise1"", ""Enterprise2"", ""Op_Server0"", ""User0"", ""User1""]","[""Enterprise1"", ""Enterprise2"", ""Op_Server0"", ""User0"", ""User1""]","{""blue_first_relevant_response_after_critical"": 18, ""blue_first_relevant_response_after_enterprise"": 9, ""enterprise_foothold_step"": 5, ""first_critical_hit_step"": 16, ""window_end"": null, ""window_start"": null}"
no_constraint_stage2_fair,19,stage2_ext_023_obj_2,closest_candidate,episode_001,6,6020,37,Q2_user_action_during_critical_breach,high,DecoySSHD,User4,User,Impact,Op_Server0,"[""Op_Server0""]","[""Op_Server0""]","[""Enterprise1"", ""Enterprise2"", ""Op_Server0"", ""User0"", ""User1""]","[""Enterprise1"", ""Enterprise2"", ""Op_Server0"", ""User0"", ""User1""]","{""blue_first_relevant_response_after_critical"": 18, ""blue_first_relevant_response_after_enterprise"": 9, ""enterprise_foothold_step"": 5, ""first_critical_hit_step"": 16, ""window_end"": null, ""window_start"": null}"
no_constraint_stage2_fair,19,stage2_ext_023_obj_2,closest_candidate,episode_001,6,6020,39,Q2_user_action_during_critical_breach,high,DecoySSHD,User4,User,Impact,Op_Server0,"[""Op_Server0""]","[""Op_Server0""]","[""Enterprise1"", ""Enterprise2"", ""Op_Server0"", ""User0"", ""User1""]","[""Enterprise1"", ""Enterprise2"", ""Op_Server0"", ""User0"", ""User1""]","{""blue_first_relevant_response_after_critical"": 18, ""blue_first_relevant_response_after_enterprise"": 9, ""enterprise_foothold_step"": 5, ""first_critical_hit_step"": 16, ""window_end"": null, ""window_start"": null}"
no_constraint_stage2_fair,19,stage2_ext_023_obj_2,closest_candidate,episode_001,6,6020,40,Q2_user_action_during_critical_breach,high,Analyse,User2,User,Impact,Op_Server0,"[""Op_Server0""]","[""Op_Server0""]","[""Enterprise1"", ""Enterprise2"", ""Op_Server0"", ""User0"", ""User1""]","[""Enterprise1"", ""Enterprise2"", ""Op_Server0"", ""User0"", ""User1""]","{""blue_first_relevant_response_after_critical"": 18, ""blue_first_relevant_response_after_enterprise"": 9, ""enterprise_foothold_step"": 5, ""first_critical_hit_step"": 16, ""window_end"": null, ""window_start"": null}"
no_constraint_stage2_fair,19,stage2_ext_023_obj_2,closest_candidate,episode_001,6,6020,41,Q2_user_action_during_critical_breach,high,Remove,User3,User,Impact,Op_Server0,"[""Op_Server0""]","[""Op_Server0""]","[""Enterprise1"", ""Enterprise2"", ""Op_Server0"", ""User0"", ""User1""]","[""Enterprise1"", ""Enterprise2"", ""Op_Server0"", ""User0"", ""User1""]","{""blue_first_relevant_response_after_critical"": 18, ""blue_first_relevant_response_after_enterprise"": 9, ""enterprise_foothold_step"": 5, ""first_critical_hit_step"": 16, ""window_end"": null, ""window_start"": null}"
no_constraint_stage2_fair,19,stage2_ext_023_obj_2,closest_candidate,episode_001,6,6020,42,Q2_user_action_during_critical_breach,high,Analyse,User2,User,Impact,Op_Server0,"[""Op_Server0""]","[""Op_Server0""]","[""Enterprise1"", ""Enterprise2"", ""Op_Server0"", ""User0"", ""User1""]","[""Enterprise1"", ""Enterprise2"", ""Op_Server0"", ""User0"", ""User1""]","{""blue_first_relevant_response_after_critical"": 18, ""blue_first_relevant_response_after_enterprise"": 9, ""enterprise_foothold_step"": 5, ""first_critical_hit_step"": 16, ""window_end"": null, ""window_start"": null}"
no_constraint_stage2_fair,19,stage2_ext_023_obj_2,closest_candidate,episode_001,6,6020,43,Q2_user_action_during_critical_breach,high,Analyse,User2,User,Impact,Op_Server0,"[""Op_Server0""]","[""Op_Server0""]","[""Enterprise1"", ""Enterprise2"", ""Op_Server0"", ""User0"", ""User1""]","[""Enterprise1"", ""Enterprise2"", ""Op_Server0"", ""User0"", ""User1""]","{""blue_first_relevant_response_after_critical"": 18, ""blue_first_relevant_response_after_enterprise"": 9, ""enterprise_foothold_step"": 5, ""first_critical_hit_step"": 16, ""window_end"": null, ""window_start"": null}"
no_constraint_stage2_fair,19,stage2_ext_023_obj_2,closest_candidate,episode_001,6,6020,44,Q2_user_action_during_critical_breach,high,Analyse,User2,User,Impact,Op_Server0,"[""Op_Server0""]","[""Op_Server0""]","[""Enterprise1"", ""Enterprise2"", ""Op_Server0"", ""User0"", ""User1""]","[""Enterprise1"", ""Enterprise2"", ""Op_Server0"", ""User0"", ""User1""]","{""blue_first_relevant_response_after_critical"": 18, ""blue_first_relevant_response_after_enterprise"": 9, ""enterprise_foothold_step"": 5, ""first_critical_hit_step"": 16, ""window_end"": null, ""window_start"": null}"
no_constraint_stage2_fair,19,stage2_ext_023_obj_2,closest_candidate,episode_001,6,6020,45,Q2_user_action_during_critical_breach,high,Analyse,User2,User,Impact,Op_Server0,"[""Op_Server0""]","[""Op_Server0""]","[""Enterprise1"", ""Enterprise2"", ""Op_Server0"", ""User0"", ""User1""]","[""Enterprise1"", ""Enterprise2"", ""Op_Server0"", ""User0"", ""User1""]","{""blue_first_relevant_response_after_critical"": 18, ""blue_first_relevant_response_after_enterprise"": 9, ""enterprise_foothold_step"": 5, ""first_critical_hit_step"": 16, ""window_end"": null, ""window_start"": null}"
no_constraint_stage2_fair,19,stage2_ext_023_obj_2,closest_candidate,episode_001,6,6020,47,Q2_user_action_during_critical_breach,high,DecoyVsftpd,User2,User,Impact,Op_Server0,"[""Op_Server0""]","[""Op_Server0""]","[""Enterprise1"", ""Enterprise2"", ""Op_Server0"", ""User0"", ""User1""]","[""Enterprise1"", ""Enterprise2"", ""Op_Server0"", ""User0"", ""User1""]","{""blue_first_relevant_response_after_critical"": 18, ""blue_first_relevant_response_after_enterprise"": 9, ""enterprise_foothold_step"": 5, ""first_critical_hit_step"": 16, ""window_end"": null, ""window_start"": null}"
no_constraint_stage2_fair,19,stage2_ext_023_obj_2,closest_candidate,episode_001,6,6020,49,Q2_user_action_during_critical_breach,high,DecoyTomcat,User0,User,Impact,Op_Server0,"[""Op_Server0""]","[""Op_Server0""]","[""Enterprise1"", ""Enterprise2"", ""Op_Server0"", ""User0"", ""User1""]","[""Enterprise1"", ""Enterprise2"", ""Op_Server0"", ""User0"", ""User1""]","{""blue_first_relevant_response_after_critical"": 18, ""blue_first_relevant_response_after_enterprise"": 9, ""enterprise_foothold_step"": 5, ""first_critical_hit_step"": 16, ""window_end"": null, ""window_start"": null}"
no_constraint_stage2_fair,19,stage2_ext_023_obj_2,closest_candidate,episode_001,6,6020,50,Q2_user_action_during_critical_breach,high,Analyse,User2,User,Impact,Op_Server0,"[""Op_Server0""]","[""Op_Server0""]","[""Enterprise1"", ""Enterprise2"", ""Op_Server0"", ""User0"", ""User1""]","[""Enterprise1"", ""Enterprise2"", ""Op_Server0"", ""User0"", ""User1""]","{""blue_first_relevant_response_after_critical"": 18, ""blue_first_relevant_response_after_enterprise"": 9, ""enterprise_foothold_step"": 5, ""first_critical_hit_step"": 16, ""window_end"": null, ""window_start"": null}"
no_constraint_stage2_fair,19,stage2_ext_023_obj_2,closest_candidate,episode_001,6,6020,52,Q2_user_action_during_critical_breach,high,DecoyTomcat,User0,User,Impact,Op_Server0,"[""Op_Server0""]","[""Op_Server0""]","[""Enterprise1"", ""Enterprise2"", ""Op_Server0"", ""User0"", ""User1""]","[""Enterprise1"", ""Enterprise2"", ""Op_Server0"", ""User0"", ""User1""]","{""blue_first_relevant_response_after_critical"": 18, ""blue_first_relevant_response_after_enterprise"": 9, ""enterprise_foothold_step"": 5, ""first_critical_hit_step"": 16, ""window_end"": null, ""window_start"": null}"
no_constraint_stage2_fair,19,stage2_ext_023_obj_2,closest_candidate,episode_001,6,6020,53,Q2_user_action_during_critical_breach,high,DecoyTomcat,User3,User,Impact,Op_Server0,"[""Op_Server0""]","[""Op_Server0""]","[""Enterprise1"", ""Enterprise2"", ""Op_Server0"", ""User0"", ""User1""]","[""Enterprise1"", ""Enterprise2"", ""Op_Server0"", ""User0"", ""User1""]","{""blue_first_relevant_response_after_critical"": 18, ""blue_first_relevant_response_after_enterprise"": 9, ""enterprise_foothold_step"": 5, ""first_critical_hit_step"": 16, ""window_end"": null, ""window_start"": null}"
no_constraint_stage2_fair,19,stage2_ext_023_obj_2,closest_candidate,episode_001,6,6020,55,Q2_user_action_during_critical_breach,high,DecoyTomcat,User0,User,Impact,Op_Server0,"[""Op_Server0""]","[""Op_Server0""]","[""Enterprise1"", ""Enterprise2"", ""Op_Server0"", ""User0"", ""User1""]","[""Enterprise1"", ""Enterprise2"", ""Op_Server0"", ""User0"", ""User1""]","{""blue_first_relevant_response_after_critical"": 18, ""blue_first_relevant_response_after_enterprise"": 9, ""enterprise_foothold_step"": 5, ""first_critical_hit_step"": 16, ""window_end"": null, ""window_start"": null}"
no_constraint_stage2_fair,19,stage2_ext_023_obj_2,closest_candidate,episode_001,6,6020,56,Q2_user_action_during_critical_breach,high,Remove,User3,User,Impact,Op_Server0,"[""Op_Server0""]","[""Op_Server0""]","[""Enterprise1"", ""Enterprise2"", ""Op_Server0"", ""User0"", ""User1""]","[""Enterprise1"", ""Enterprise2"", ""Op_Server0"", ""User0"", ""User1""]","{""blue_first_relevant_response_after_critical"": 18, ""blue_first_relevant_response_after_enterprise"": 9, ""enterprise_foothold_step"": 5, ""first_critical_hit_step"": 16, ""window_end"": null, ""window_start"": null}"
no_constraint_stage2_fair,19,stage2_ext_023_obj_2,closest_candidate,episode_001,6,6020,57,Q2_user_action_during_critical_breach,high,Analyse,User2,User,Impact,Op_Server0,"[""Op_Server0""]","[""Op_Server0""]","[""Enterprise1"", ""Enterprise2"", ""Op_Server0"", ""User0"", ""User1""]","[""Enterprise1"", ""Enterprise2"", ""Op_Server0"", ""User0"", ""User1""]","{""blue_first_relevant_response_after_critical"": 18, ""blue_first_relevant_response_after_enterprise"": 9, ""enterprise_foothold_step"": 5, ""first_critical_hit_step"": 16, ""window_end"": null, ""window_start"": null}"
no_constraint_stage2_fair,19,stage2_ext_023_obj_2,closest_candidate,episode_001,6,6020,58,Q2_user_action_during_critical_breach,high,Analyse,User2,User,Impact,Op_Server0,"[""Op_Server0""]","[""Op_Server0""]","[""Enterprise1"", ""Enterprise2"", ""Op_Server0"", ""User0"", ""User1""]","[""Enterprise1"", ""Enterprise2"", ""Op_Server0"", ""User0"", ""User1""]","{""blue_first_relevant_response_after_critical"": 18, ""blue_first_relevant_response_after_enterprise"": 9, ""enterprise_foothold_step"": 5, ""first_critical_hit_step"": 16, ""window_end"": null, ""window_start"": null}"
no_constraint_stage2_fair,19,stage2_ext_023_obj_2,closest_candidate,episode_001,6,6020,60,Q2_user_action_during_critical_breach,high,Analyse,User2,User,Impact,Op_Server0,"[""Op_Server0""]","[""Op_Server0""]","[""Enterprise1"", ""Enterprise2"", ""Op_Server0"", ""User0"", ""User1""]","[""Enterprise1"", ""Enterprise2"", ""Op_Server0"", ""User0"", ""User1""]","{""blue_first_relevant_response_after_critical"": 18, ""blue_first_relevant_response_after_enterprise"": 9, ""enterprise_foothold_step"": 5, ""first_critical_hit_step"": 16, ""window_end"": null, ""window_start"": null}"
no_constraint_stage2_fair,19,stage2_ext_023_obj_2,closest_candidate,episode_001,6,6020,62,Q2_user_action_during_critical_breach,high,Analyse,User2,User,Impact,Op_Server0,"[""Op_Server0""]","[""Op_Server0""]","[""Enterprise1"", ""Enterprise2"", ""Op_Server0"", ""User0"", ""User1""]","[""Enterprise1"", ""Enterprise2"", ""Op_Server0"", ""User0"", ""User1""]","{""blue_first_relevant_response_after_critical"": 18, ""blue_first_relevant_response_after_enterprise"": 9, ""enterprise_foothold_step"": 5, ""first_critical_hit_step"": 16, ""window_end"": null, ""window_start"": null}"
no_constraint_stage2_fair,19,stage2_ext_023_obj_2,closest_candidate,episode_001,6,6020,63,Q2_user_action_during_critical_breach,high,Analyse,User2,User,Impact,Op_Server0,"[""Op_Server0""]","[""Op_Server0""]","[""Enterprise1"", ""Enterprise2"", ""Op_Server0"", ""User0"", ""User1""]","[""Enterprise1"", ""Enterprise2"", ""Op_Server0"", ""User0"", ""User1""]","{""blue_first_relevant_response_after_critical"": 18, ""blue_first_relevant_response_after_enterprise"": 9, ""enterprise_foothold_step"": 5, ""first_critical_hit_step"": 16, ""window_end"": null, ""window_start"": null}"
no_constraint_stage2_fair,19,stage2_ext_023_obj_2,closest_candidate,episode_001,6,6020,65,Q2_user_action_during_critical_breach,high,DecoyApache,User1,User,Impact,Op_Server0,"[""Op_Server0""]","[""Op_Server0""]","[""Enterprise1"", ""Enterprise2"", ""Op_Server0"", ""User0"", ""User1""]","[""Enterprise1"", ""Enterprise2"", ""Op_Server0"", ""User0"", ""User1""]","{""blue_first_relevant_response_after_critical"": 18, ""blue_first_relevant_response_after_enterprise"": 9, ""enterprise_foothold_step"": 5, ""first_critical_hit_step"": 16, ""window_end"": null, ""window_start"": null}"
no_constraint_stage2_fair,19,stage2_ext_023_obj_2,closest_candidate,episode_001,6,6020,66,Q2_user_action_during_critical_breach,high,DecoyApache,User1,User,Impact,Op_Server0,"[""Op_Server0""]","[""Op_Server0""]","[""Enterprise1"", ""Enterprise2"", ""Op_Server0"", ""User0"", ""User1""]","[""Enterprise1"", ""Enterprise2"", ""Op_Server0"", ""User0"", ""User1""]","{""blue_first_relevant_response_after_critical"": 18, ""blue_first_relevant_response_after_enterprise"": 9, ""enterprise_foothold_step"": 5, ""first_critical_hit_step"": 16, ""window_end"": null, ""window_start"": null}"
no_constraint_stage2_fair,19,stage2_ext_023_obj_2,closest_candidate,episode_001,6,6020,68,Q2_user_action_during_critical_breach,high,DecoyTomcat,User3,User,Impact,Op_Server0,"[""Op_Server0""]","[""Op_Server0""]","[""Enterprise1"", ""Enterprise2"", ""Op_Server0"", ""User0"", ""User1""]","[""Enterprise1"", ""Enterprise2"", ""Op_Server0"", ""User0"", ""User1""]","{""blue_first_relevant_response_after_critical"": 18, ""blue_first_relevant_response_after_enterprise"": 9, ""enterprise_foothold_step"": 5, ""first_critical_hit_step"": 16, ""window_end"": null, ""window_start"": null}"
no_constraint_stage2_fair,19,stage2_ext_023_obj_2,closest_candidate,episode_001,6,6020,69,Q2_user_action_during_critical_breach,high,DecoyTomcat,User3,User,Impact,Op_Server0,"[""Op_Server0""]","[""Op_Server0""]","[""Enterprise1"", ""Enterprise2"", ""Op_Server0"", ""User0"", ""User1""]","[""Enterprise1"", ""Enterprise2"", ""Op_Server0"", ""User0"", ""User1""]","{""blue_first_relevant_response_after_critical"": 18, ""blue_first_relevant_response_after_enterprise"": 9, ""enterprise_foothold_step"": 5, ""first_critical_hit_step"": 16, ""window_end"": null, ""window_start"": null}"
no_constraint_stage2_fair,19,stage2_ext_023_obj_2,closest_candidate,episode_001,6,6020,71,Q2_user_action_during_critical_breach,high,Analyse,User2,User,Impact,Op_Server0,"[""Op_Server0""]","[""Op_Server0""]","[""Enterprise1"", ""Enterprise2"", ""Op_Server0"", ""User0"", ""User1""]","[""Enterprise1"", ""Enterprise2"", ""Op_Server0"", ""User0"", ""User1""]","{""blue_first_relevant_response_after_critical"": 18, ""blue_first_relevant_response_after_enterprise"": 9, ""enterprise_foothold_step"": 5, ""first_critical_hit_step"": 16, ""window_end"": null, ""window_start"": null}"
no_constraint_stage2_fair,19,stage2_ext_023_obj_2,closest_candidate,episode_001,6,6020,72,Q2_user_action_during_critical_breach,high,DecoyTomcat,User3,User,Impact,Op_Server0,"[""Op_Server0""]","[""Op_Server0""]","[""Enterprise1"", ""Enterprise2"", ""Op_Server0"", ""User0"", ""User1""]","[""Enterprise1"", ""Enterprise2"", ""Op_Server0"", ""User0"", ""User1""]","{""blue_first_relevant_response_after_critical"": 18, ""blue_first_relevant_response_after_enterprise"": 9, ""enterprise_foothold_step"": 5, ""first_critical_hit_step"": 16, ""window_end"": null, ""window_start"": null}"
no_constraint_stage2_fair,19,stage2_ext_023_obj_2,closest_candidate,episode_001,6,6020,73,Q2_user_action_during_critical_breach,high,Analyse,User0,User,Impact,Op_Server0,"[""Op_Server0""]","[""Op_Server0""]","[""Enterprise1"", ""Enterprise2"", ""Op_Server0"", ""User0"", ""User1""]","[""Enterprise1"", ""Enterprise2"", ""Op_Server0"", ""User0"", ""User1""]","{""blue_first_relevant_response_after_critical"": 18, ""blue_first_relevant_response_after_enterprise"": 9, ""enterprise_foothold_step"": 5, ""first_critical_hit_step"": 16, ""window_end"": null, ""window_start"": null}"
no_constraint_stage2_fair,19,stage2_ext_023_obj_2,closest_candidate,episode_001,6,6020,74,Q2_user_action_during_critical_breach,high,Analyse,User2,User,Impact,Op_Server0,"[""Op_Server0""]","[""Op_Server0""]","[""Enterprise1"", ""Enterprise2"", ""Op_Server0"", ""User0"", ""User1""]","[""Enterprise1"", ""Enterprise2"", ""Op_Server0"", ""User0"", ""User1""]","{""blue_first_relevant_response_after_critical"": 18, ""blue_first_relevant_response_after_enterprise"": 9, ""enterprise_foothold_step"": 5, ""first_critical_hit_step"": 16, ""window_end"": null, ""window_start"": null}"
no_constraint_stage2_fair,19,stage2_ext_023_obj_2,closest_candidate,episode_001,6,6020,77,Q2_user_action_during_critical_breach,high,Analyse,User2,User,Impact,Op_Server0,"[""Op_Server0""]","[""Op_Server0""]","[""Enterprise1"", ""Enterprise2"", ""Op_Server0"", ""User0"", ""User1""]","[""Enterprise1"", ""Enterprise2"", ""Op_Server0"", ""User0"", ""User1""]","{""blue_first_relevant_response_after_critical"": 18, ""blue_first_relevant_response_after_enterprise"": 9, ""enterprise_foothold_step"": 5, ""first_critical_hit_step"": 16, ""window_end"": null, ""window_start"": null}"
no_constraint_stage2_fair,19,stage2_ext_023_obj_2,closest_candidate,episode_001,6,6020,78,Q2_user_action_during_critical_breach,high,Analyse,User2,User,Impact,Op_Server0,"[""Op_Server0""]","[""Op_Server0""]","[""Enterprise1"", ""Enterprise2"", ""Op_Server0"", ""User0"", ""User1""]","[""Enterprise1"", ""Enterprise2"", ""Op_Server0"", ""User0"", ""User1""]","{""blue_first_relevant_response_after_critical"": 18, ""blue_first_relevant_response_after_enterprise"": 9, ""enterprise_foothold_step"": 5, ""first_critical_hit_step"": 16, ""window_end"": null, ""window_start"": null}"
no_constraint_stage2_fair,19,stage2_ext_023_obj_2,closest_candidate,episode_001,6,6020,82,Q2_user_action_during_critical_breach,high,DecoyHarakaSMPT,User1,User,Impact,Op_Server0,"[""Op_Server0""]","[""Op_Server0""]","[""Enterprise1"", ""Enterprise2"", ""Op_Server0"", ""User0"", ""User1""]","[""Enterprise1"", ""Enterprise2"", ""Op_Server0"", ""User0"", ""User1""]","{""blue_first_relevant_response_after_critical"": 18, ""blue_first_relevant_response_after_enterprise"": 9, ""enterprise_foothold_step"": 5, ""first_critical_hit_step"": 16, ""window_end"": null, ""window_start"": null}"
no_constraint_stage2_fair,19,stage2_ext_023_obj_2,closest_candidate,episode_001,6,6020,85,Q2_user_action_during_critical_breach,high,DecoySSHD,User4,User,Impact,Op_Server0,"[""Op_Server0""]","[""Op_Server0""]","[""Enterprise1"", ""Enterprise2"", ""Op_Server0"", ""User0"", ""User1""]","[""Enterprise1"", ""Enterprise2"", ""Op_Server0"", ""User0"", ""User1""]","{""blue_first_relevant_response_after_critical"": 18, ""blue_first_relevant_response_after_enterprise"": 9, ""enterprise_foothold_step"": 5, ""first_critical_hit_step"": 16, ""window_end"": null, ""window_start"": null}"
no_constraint_stage2_fair,19,stage2_ext_023_obj_2,closest_candidate,episode_001,6,6020,86,Q2_user_action_during_critical_breach,high,Analyse,User0,User,Impact,Op_Server0,"[""Op_Server0""]","[""Op_Server0""]","[""Enterprise1"", ""Enterprise2"", ""Op_Server0"", ""User0"", ""User1""]","[""Enterprise1"", ""Enterprise2"", ""Op_Server0"", ""User0"", ""User1""]","{""blue_first_relevant_response_after_critical"": 18, ""blue_first_relevant_response_after_enterprise"": 9, ""enterprise_foothold_step"": 5, ""first_critical_hit_step"": 16, ""window_end"": null, ""window_start"": null}"
no_constraint_stage2_fair,19,stage2_ext_023_obj_2,closest_candidate,episode_001,6,6020,88,Q2_user_action_during_critical_breach,high,Analyse,User2,User,Impact,Op_Server0,"[""Op_Server0""]","[""Op_Server0""]","[""Enterprise1"", ""Enterprise2"", ""Op_Server0"", ""User0"", ""User1""]","[""Enterprise1"", ""Enterprise2"", ""Op_Server0"", ""User0"", ""User1""]","{""blue_first_relevant_response_after_critical"": 18, ""blue_first_relevant_response_after_enterprise"": 9, ""enterprise_foothold_step"": 5, ""first_critical_hit_step"": 16, ""window_end"": null, ""window_start"": null}"
no_constraint_stage2_fair,19,stage2_ext_023_obj_2,closest_candidate,episode_001,6,6020,91,Q2_user_action_during_critical_breach,high,Analyse,User2,User,Impact,Op_Server0,"[""Op_Server0""]","[""Op_Server0""]","[""Enterprise1"", ""Enterprise2"", ""Op_Server0"", ""User0"", ""User1""]","[""Enterprise1"", ""Enterprise2"", ""Op_Server0"", ""User0"", ""User1""]","{""blue_first_relevant_response_after_critical"": 18, ""blue_first_relevant_response_after_enterprise"": 9, ""enterprise_foothold_step"": 5, ""first_critical_hit_step"": 16, ""window_end"": null, ""window_start"": null}"
no_constraint_stage2_fair,19,stage2_ext_023_obj_2,closest_candidate,episode_001,6,6020,93,Q2_user_action_during_critical_breach,high,Analyse,User2,User,Impact,Op_Server0,"[""Op_Server0""]","[""Op_Server0""]","[""Enterprise1"", ""Enterprise2"", ""Op_Server0"", ""User0"", ""User1""]","[""Enterprise1"", ""Enterprise2"", ""Op_Server0"", ""User0"", ""User1""]","{""blue_first_relevant_response_after_critical"": 18, ""blue_first_relevant_response_after_enterprise"": 9, ""enterprise_foothold_step"": 5, ""first_critical_hit_step"": 16, ""window_end"": null, ""window_start"": null}"
no_constraint_stage2_fair,19,stage2_ext_023_obj_2,closest_candidate,episode_001,6,6020,94,Q2_user_action_during_critical_breach,high,Analyse,User1,User,Impact,Op_Server0,"[""Op_Server0""]","[""Op_Server0""]","[""Enterprise1"", ""Enterprise2"", ""Op_Server0"", ""User0"", ""User1""]","[""Enterprise1"", ""Enterprise2"", ""Op_Server0"", ""User0"", ""User1""]","{""blue_first_relevant_response_after_critical"": 18, ""blue_first_relevant_response_after_enterprise"": 9, ""enterprise_foothold_step"": 5, ""first_critical_hit_step"": 16, ""window_end"": null, ""window_start"": null}"
no_constraint_stage2_fair,19,stage2_ext_023_obj_2,closest_candidate,episode_001,6,6020,96,Q2_user_action_during_critical_breach,high,Analyse,User2,User,Impact,Op_Server0,"[""Op_Server0""]","[""Op_Server0""]","[""Enterprise1"", ""Enterprise2"", ""Op_Server0"", ""User0"", ""User1""]","[""Enterprise1"", ""Enterprise2"", ""Op_Server0"", ""User0"", ""User1""]","{""blue_first_relevant_response_after_critical"": 18, ""blue_first_relevant_response_after_enterprise"": 9, ""enterprise_foothold_step"": 5, ""first_critical_hit_step"": 16, ""window_end"": null, ""window_start"": null}"
no_constraint_stage2_fair,19,stage2_ext_023_obj_2,closest_candidate,episode_001,6,6020,98,Q2_user_action_during_critical_breach,high,Analyse,User2,User,Impact,Op_Server0,"[""Op_Server0""]","[""Op_Server0""]","[""Enterprise1"", ""Enterprise2"", ""Op_Server0"", ""User0"", ""User1""]","[""Enterprise1"", ""Enterprise2"", ""Op_Server0"", ""User0"", ""User1""]","{""blue_first_relevant_response_after_critical"": 18, ""blue_first_relevant_response_after_enterprise"": 9, ""enterprise_foothold_step"": 5, ""first_critical_hit_step"": 16, ""window_end"": null, ""window_start"": null}"
no_constraint_stage2_fair,19,stage2_ext_023_obj_2,closest_candidate,episode_001,6,6020,99,Q2_user_action_during_critical_breach,high,Analyse,User2,User,Impact,Op_Server0,"[""Op_Server0""]","[""Op_Server0""]","[""Enterprise1"", ""Enterprise2"", ""Op_Server0"", ""User0"", ""User1""]","[""Enterprise1"", ""Enterprise2"", ""Op_Server0"", ""User0"", ""User1""]","{""blue_first_relevant_response_after_critical"": 18, ""blue_first_relevant_response_after_enterprise"": 9, ""enterprise_foothold_step"": 5, ""first_critical_hit_step"": 16, ""window_end"": null, ""window_start"": null}"
no_constraint_stage2_fair,19,stage2_ext_023_obj_2,closest_candidate,episode_001,6,6020,6,Q4_user_focus_after_enterprise_foothold,medium,DecoyTomcat,User3,User,PrivilegeEscalate,Enterprise1,[],[],"[""Enterprise1"", ""User0"", ""User1""]","[""Enterprise1"", ""User0"", ""User1""]","{""blue_first_relevant_response_after_critical"": 18, ""blue_first_relevant_response_after_enterprise"": 9, ""enterprise_foothold_step"": 5, ""first_critical_hit_step"": 16, ""window_end"": 8, ""window_start"": 6}"
no_constraint_stage2_fair,19,stage2_ext_023_obj_2,closest_candidate,episode_001,6,6020,11,Q4_user_focus_after_enterprise_foothold,medium,DecoyTomcat,User0,User,DiscoverNetworkServices,,[],[],"[""Enterprise1"", ""Enterprise2"", ""User0"", ""User1""]","[""Enterprise1"", ""Enterprise2"", ""User0"", ""User1""]","{""blue_first_relevant_response_after_critical"": 18, ""blue_first_relevant_response_after_enterprise"": 9, ""enterprise_foothold_step"": 5, ""first_critical_hit_step"": 16, ""window_end"": 13, ""window_start"": 11}"
no_constraint_stage2_fair,19,stage2_ext_023_obj_2,closest_candidate,episode_001,6,6020,12,Q4_user_focus_after_enterprise_foothold,medium,Analyse,User2,User,ExploitRemoteService,,[],[],"[""Enterprise1"", ""Enterprise2"", ""User0"", ""User1""]","[""Enterprise1"", ""Enterprise2"", ""User0"", ""User1""]","{""blue_first_relevant_response_after_critical"": 18, ""blue_first_relevant_response_after_enterprise"": 9, ""enterprise_foothold_step"": 5, ""first_critical_hit_step"": 16, ""window_end"": 14, ""window_start"": 12}"
no_constraint_stage2_fair,19,stage2_ext_023_obj_2,closest_candidate,episode_001,6,6020,19,Q4_user_focus_after_enterprise_foothold,medium,DecoyTomcat,User3,User,Impact,Op_Server0,"[""Op_Server0""]","[""Op_Server0""]","[""Enterprise1"", ""Enterprise2"", ""Op_Server0"", ""User0"", ""User1""]","[""Enterprise1"", ""Enterprise2"", ""Op_Server0"", ""User0"", ""User1""]","{""blue_first_relevant_response_after_critical"": 18, ""blue_first_relevant_response_after_enterprise"": 9, ""enterprise_foothold_step"": 5, ""first_critical_hit_step"": 16, ""window_end"": 21, ""window_start"": 19}"
no_constraint_stage2_fair,19,stage2_ext_023_obj_2,closest_candidate,episode_001,6,6020,20,Q4_user_focus_after_enterprise_foothold,medium,Analyse,User2,User,Impact,Op_Server0,"[""Op_Server0""]","[""Op_Server0""]","[""Enterprise1"", ""Enterprise2"", ""Op_Server0"", ""User0"", ""User1""]","[""Enterprise1"", ""Enterprise2"", ""Op_Server0"", ""User0"", ""User1""]","{""blue_first_relevant_response_after_critical"": 18, ""blue_first_relevant_response_after_enterprise"": 9, ""enterprise_foothold_step"": 5, ""first_critical_hit_step"": 16, ""window_end"": 22, ""window_start"": 20}"
no_constraint_stage2_fair,19,stage2_ext_023_obj_2,closest_candidate,episode_001,6,6020,21,Q4_user_focus_after_enterprise_foothold,medium,Analyse,User2,User,Impact,Op_Server0,"[""Op_Server0""]","[""Op_Server0""]","[""Enterprise1"", ""Enterprise2"", ""Op_Server0"", ""User0"", ""User1""]","[""Enterprise1"", ""Enterprise2"", ""Op_Server0"", ""User0"", ""User1""]","{""blue_first_relevant_response_after_critical"": 18, ""blue_first_relevant_response_after_enterprise"": 9, ""enterprise_foothold_step"": 5, ""first_critical_hit_step"": 16, ""window_end"": 23, ""window_start"": 21}"
no_constraint_stage2_fair,19,stage2_ext_023_obj_2,closest_candidate,episode_001,6,6020,28,Q4_user_focus_after_enterprise_foothold,medium,Analyse,User2,User,Impact,Op_Server0,"[""Op_Server0""]","[""Op_Server0""]","[""Enterprise1"", ""Enterprise2"", ""Op_Server0"", ""User0"", ""User1""]","[""Enterprise1"", ""Enterprise2"", ""Op_Server0"", ""User0"", ""User1""]","{""blue_first_relevant_response_after_critical"": 18, ""blue_first_relevant_response_after_enterprise"": 9, ""enterprise_foothold_step"": 5, ""first_critical_hit_step"": 16, ""window_end"": 30, ""window_start"": 28}"
no_constraint_stage2_fair,19,stage2_ext_023_obj_2,closest_candidate,episode_001,6,6020,29,Q4_user_focus_after_enterprise_foothold,medium,Analyse,User2,User,Impact,Op_Server0,"[""Op_Server0""]","[""Op_Server0""]","[""Enterprise1"", ""Enterprise2"", ""Op_Server0"", ""User0"", ""User1""]","[""Enterprise1"", ""Enterprise2"", ""Op_Server0"", ""User0"", ""User1""]","{""blue_first_relevant_response_after_critical"": 18, ""blue_first_relevant_response_after_enterprise"": 9, ""enterprise_foothold_step"": 5, ""first_critical_hit_step"": 16, ""window_end"": 31, ""window_start"": 29}"
no_constraint_stage2_fair,19,stage2_ext_023_obj_2,closest_candidate,episode_001,6,6020,33,Q4_user_focus_after_enterprise_foothold,medium,DecoyFemitter,User1,User,Impact,Op_Server0,"[""Op_Server0""]","[""Op_Server0""]","[""Enterprise1"", ""Enterprise2"", ""Op_Server0"", ""User0"", ""User1""]","[""Enterprise1"", ""Enterprise2"", ""Op_Server0"", ""User0"", ""User1""]","{""blue_first_relevant_response_after_critical"": 18, ""blue_first_relevant_response_after_enterprise"": 9, ""enterprise_foothold_step"": 5, ""first_critical_hit_step"": 16, ""window_end"": 35, ""window_start"": 33}"
no_constraint_stage2_fair,19,stage2_ext_023_obj_2,closest_candidate,episode_001,6,6020,39,Q4_user_focus_after_enterprise_foothold,medium,DecoySSHD,User4,User,Impact,Op_Server0,"[""Op_Server0""]","[""Op_Server0""]","[""Enterprise1"", ""Enterprise2"", ""Op_Server0"", ""User0"", ""User1""]","[""Enterprise1"", ""Enterprise2"", ""Op_Server0"", ""User0"", ""User1""]","{""blue_first_relevant_response_after_critical"": 18, ""blue_first_relevant_response_after_enterprise"": 9, ""enterprise_foothold_step"": 5, ""first_critical_hit_step"": 16, ""window_end"": 41, ""window_start"": 39}"
no_constraint_stage2_fair,19,stage2_ext_023_obj_2,closest_candidate,episode_001,6,6020,40,Q4_user_focus_after_enterprise_foothold,medium,Analyse,User2,User,Impact,Op_Server0,"[""Op_Server0""]","[""Op_Server0""]","[""Enterprise1"", ""Enterprise2"", ""Op_Server0"", ""User0"", ""User1""]","[""Enterprise1"", ""Enterprise2"", ""Op_Server0"", ""User0"", ""User1""]","{""blue_first_relevant_response_after_critical"": 18, ""blue_first_relevant_response_after_enterprise"": 9, ""enterprise_foothold_step"": 5, ""first_critical_hit_step"": 16, ""window_end"": 42, ""window_start"": 40}"
no_constraint_stage2_fair,19,stage2_ext_023_obj_2,closest_candidate,episode_001,6,6020,41,Q4_user_focus_after_enterprise_foothold,medium,Remove,User3,User,Impact,Op_Server0,"[""Op_Server0""]","[""Op_Server0""]","[""Enterprise1"", ""Enterprise2"", ""Op_Server0"", ""User0"", ""User1""]","[""Enterprise1"", ""Enterprise2"", ""Op_Server0"", ""User0"", ""User1""]","{""blue_first_relevant_response_after_critical"": 18, ""blue_first_relevant_response_after_enterprise"": 9, ""enterprise_foothold_step"": 5, ""first_critical_hit_step"": 16, ""window_end"": 43, ""window_start"": 41}"
no_constraint_stage2_fair,19,stage2_ext_023_obj_2,closest_candidate,episode_001,6,6020,42,Q4_user_focus_after_enterprise_foothold,medium,Analyse,User2,User,Impact,Op_Server0,"[""Op_Server0""]","[""Op_Server0""]","[""Enterprise1"", ""Enterprise2"", ""Op_Server0"", ""User0"", ""User1""]","[""Enterprise1"", ""Enterprise2"", ""Op_Server0"", ""User0"", ""User1""]","{""blue_first_relevant_response_after_critical"": 18, ""blue_first_relevant_response_after_enterprise"": 9, ""enterprise_foothold_step"": 5, ""first_critical_hit_step"": 16, ""window_end"": 44, ""window_start"": 42}"
no_constraint_stage2_fair,19,stage2_ext_023_obj_2,closest_candidate,episode_001,6,6020,43,Q4_user_focus_after_enterprise_foothold,medium,Analyse,User2,User,Impact,Op_Server0,"[""Op_Server0""]","[""Op_Server0""]","[""Enterprise1"", ""Enterprise2"", ""Op_Server0"", ""User0"", ""User1""]","[""Enterprise1"", ""Enterprise2"", ""Op_Server0"", ""User0"", ""User1""]","{""blue_first_relevant_response_after_critical"": 18, ""blue_first_relevant_response_after_enterprise"": 9, ""enterprise_foothold_step"": 5, ""first_critical_hit_step"": 16, ""window_end"": 45, ""window_start"": 43}"
no_constraint_stage2_fair,19,stage2_ext_023_obj_2,closest_candidate,episode_001,6,6020,55,Q4_user_focus_after_enterprise_foothold,medium,DecoyTomcat,User0,User,Impact,Op_Server0,"[""Op_Server0""]","[""Op_Server0""]","[""Enterprise1"", ""Enterprise2"", ""Op_Server0"", ""User0"", ""User1""]","[""Enterprise1"", ""Enterprise2"", ""Op_Server0"", ""User0"", ""User1""]","{""blue_first_relevant_response_after_critical"": 18, ""blue_first_relevant_response_after_enterprise"": 9, ""enterprise_foothold_step"": 5, ""first_critical_hit_step"": 16, ""window_end"": 57, ""window_start"": 55}"
no_constraint_stage2_fair,19,stage2_ext_023_obj_2,closest_candidate,episode_001,6,6020,56,Q4_user_focus_after_enterprise_foothold,medium,Remove,User3,User,Impact,Op_Server0,"[""Op_Server0""]","[""Op_Server0""]","[""Enterprise1"", ""Enterprise2"", ""Op_Server0"", ""User0"", ""User1""]","[""Enterprise1"", ""Enterprise2"", ""Op_Server0"", ""User0"", ""User1""]","{""blue_first_relevant_response_after_critical"": 18, ""blue_first_relevant_response_after_enterprise"": 9, ""enterprise_foothold_step"": 5, ""first_critical_hit_step"": 16, ""window_end"": 58, ""window_start"": 56}"
no_constraint_stage2_fair,19,stage2_ext_023_obj_2,closest_candidate,episode_001,6,6020,71,Q4_user_focus_after_enterprise_foothold,medium,Analyse,User2,User,Impact,Op_Server0,"[""Op_Server0""]","[""Op_Server0""]","[""Enterprise1"", ""Enterprise2"", ""Op_Server0"", ""User0"", ""User1""]","[""Enterprise1"", ""Enterprise2"", ""Op_Server0"", ""User0"", ""User1""]","{""blue_first_relevant_response_after_critical"": 18, ""blue_first_relevant_response_after_enterprise"": 9, ""enterprise_foothold_step"": 5, ""first_critical_hit_step"": 16, ""window_end"": 73, ""window_start"": 71}"
no_constraint_stage2_fair,19,stage2_ext_023_obj_2,closest_candidate,episode_001,6,6020,72,Q4_user_focus_after_enterprise_foothold,medium,DecoyTomcat,User3,User,Impact,Op_Server0,"[""Op_Server0""]","[""Op_Server0""]","[""Enterprise1"", ""Enterprise2"", ""Op_Server0"", ""User0"", ""User1""]","[""Enterprise1"", ""Enterprise2"", ""Op_Server0"", ""User0"", ""User1""]","{""blue_first_relevant_response_after_critical"": 18, ""blue_first_relevant_response_after_enterprise"": 9, ""enterprise_foothold_step"": 5, ""first_critical_hit_step"": 16, ""window_end"": 74, ""window_start"": 72}"
no_constraint_stage2_fair,19,stage2_ext_023_obj_2,closest_candidate,episode_001,6,6020,13,Q5_repeated_low_value_decoy_loop,medium,DecoyTomcat,User3,User,ExploitRemoteService,,[],[],"[""Enterprise1"", ""Enterprise2"", ""User0"", ""User1""]","[""Enterprise1"", ""Enterprise2"", ""User0"", ""User1""]","{""blue_first_relevant_response_after_critical"": 18, ""blue_first_relevant_response_after_enterprise"": 9, ""enterprise_foothold_step"": 5, ""first_critical_hit_step"": 16, ""window_end"": 22, ""window_start"": 13}"
no_constraint_stage2_fair,19,stage2_ext_023_obj_2,closest_candidate,episode_001,6,6020,49,Q5_repeated_low_value_decoy_loop,medium,DecoyTomcat,User0,User,Impact,Op_Server0,"[""Op_Server0""]","[""Op_Server0""]","[""Enterprise1"", ""Enterprise2"", ""Op_Server0"", ""User0"", ""User1""]","[""Enterprise1"", ""Enterprise2"", ""Op_Server0"", ""User0"", ""User1""]","{""blue_first_relevant_response_after_critical"": 18, ""blue_first_relevant_response_after_enterprise"": 9, ""enterprise_foothold_step"": 5, ""first_critical_hit_step"": 16, ""window_end"": 55, ""window_start"": 46}"
no_constraint_stage2_fair,19,stage2_ext_023_obj_2,closest_candidate,episode_001,7,7020,12,Q4_user_focus_after_enterprise_foothold,medium,Analyse,User2,User,DiscoverNetworkServices,,[],[],"[""Enterprise1"", ""Enterprise2"", ""User0"", ""User1""]","[""Enterprise1"", ""Enterprise2"", ""User0"", ""User1""]","{""blue_first_relevant_response_after_critical"": null, ""blue_first_relevant_response_after_enterprise"": 7, ""enterprise_foothold_step"": 6, ""first_critical_hit_step"": null, ""window_end"": 14, ""window_start"": 12}"
no_constraint_stage2_fair,19,stage2_ext_023_obj_2,closest_candidate,episode_001,7,7020,13,Q4_user_focus_after_enterprise_foothold,medium,Analyse,User2,User,ExploitRemoteService,,[],[],"[""Enterprise1"", ""Enterprise2"", ""User0"", ""User1""]","[""Enterprise1"", ""Enterprise2"", ""User0"", ""User1""]","{""blue_first_relevant_response_after_critical"": null, ""blue_first_relevant_response_after_enterprise"": 7, ""enterprise_foothold_step"": 6, ""first_critical_hit_step"": null, ""window_end"": 15, ""window_start"": 13}"
no_constraint_stage2_fair,19,stage2_ext_023_obj_2,closest_candidate,episode_001,7,7020,14,Q4_user_focus_after_enterprise_foothold,medium,DecoyTomcat,User3,User,ExploitRemoteService,,[],[],"[""Enterprise1"", ""Enterprise2"", ""User0"", ""User1""]","[""Enterprise1"", ""Enterprise2"", ""User0"", ""User1""]","{""blue_first_relevant_response_after_critical"": null, ""blue_first_relevant_response_after_enterprise"": 7, ""enterprise_foothold_step"": 6, ""first_critical_hit_step"": null, ""window_end"": 16, ""window_start"": 14}"
no_constraint_stage2_fair,19,stage2_ext_023_obj_2,closest_candidate,episode_001,7,7020,15,Q4_user_focus_after_enterprise_foothold,medium,DecoyTomcat,User3,User,PrivilegeEscalate,Enterprise2,[],[],"[""Enterprise1"", ""Enterprise2"", ""User0"", ""User1""]","[""Enterprise1"", ""Enterprise2"", ""User0"", ""User1""]","{""blue_first_relevant_response_after_critical"": null, ""blue_first_relevant_response_after_enterprise"": 7, ""enterprise_foothold_step"": 6, ""first_critical_hit_step"": null, ""window_end"": 17, ""window_start"": 15}"
no_constraint_stage2_fair,19,stage2_ext_023_obj_2,closest_candidate,episode_001,7,7020,16,Q4_user_focus_after_enterprise_foothold,medium,DecoyHarakaSMPT,User1,User,DiscoverNetworkServices,,[],[],"[""Enterprise1"", ""Enterprise2"", ""User0"", ""User1""]","[""Enterprise1"", ""Enterprise2"", ""User0"", ""User1""]","{""blue_first_relevant_response_after_critical"": null, ""blue_first_relevant_response_after_enterprise"": 7, ""enterprise_foothold_step"": 6, ""first_critical_hit_step"": null, ""window_end"": 18, ""window_start"": 16}"
no_constraint_stage2_fair,19,stage2_ext_023_obj_2,closest_candidate,episode_001,7,7020,36,Q4_user_focus_after_enterprise_foothold,medium,DecoyApache,User1,User,ExploitRemoteService,,[],[],"[""Enterprise1"", ""Enterprise2"", ""User0"", ""User1""]","[""Enterprise1"", ""Enterprise2"", ""User0"", ""User1""]","{""blue_first_relevant_response_after_critical"": null, ""blue_first_relevant_response_after_enterprise"": 7, ""enterprise_foothold_step"": 6, ""first_critical_hit_step"": null, ""window_end"": 38, ""window_start"": 36}"
no_constraint_stage2_fair,19,stage2_ext_023_obj_2,closest_candidate,episode_001,7,7020,37,Q4_user_focus_after_enterprise_foothold,medium,DecoyApache,User1,User,ExploitRemoteService,,[],[],"[""Enterprise1"", ""Enterprise2"", ""User0"", ""User1""]","[""Enterprise1"", ""Enterprise2"", ""User0"", ""User1""]","{""blue_first_relevant_response_after_critical"": null, ""blue_first_relevant_response_after_enterprise"": 7, ""enterprise_foothold_step"": 6, ""first_critical_hit_step"": null, ""window_end"": 39, ""window_start"": 37}"
no_constraint_stage2_fair,19,stage2_ext_023_obj_2,closest_candidate,episode_001,7,7020,38,Q4_user_focus_after_enterprise_foothold,medium,Analyse,User2,User,ExploitRemoteService,,[],[],"[""Enterprise1"", ""Enterprise2"", ""User0"", ""User1""]","[""Enterprise1"", ""Enterprise2"", ""User0"", ""User1""]","{""blue_first_relevant_response_after_critical"": null, ""blue_first_relevant_response_after_enterprise"": 7, ""enterprise_foothold_step"": 6, ""first_critical_hit_step"": null, ""window_end"": 40, ""window_start"": 38}"
no_constraint_stage2_fair,19,stage2_ext_023_obj_2,closest_candidate,episode_001,7,7020,51,Q4_user_focus_after_enterprise_foothold,medium,Analyse,User1,User,ExploitRemoteService,,[],[],"[""Enterprise1"", ""Enterprise2"", ""User0"", ""User1""]","[""Enterprise1"", ""Enterprise2"", ""User0"", ""User1""]","{""blue_first_relevant_response_after_critical"": null, ""blue_first_relevant_response_after_enterprise"": 7, ""enterprise_foothold_step"": 6, ""first_critical_hit_step"": null, ""window_end"": 53, ""window_start"": 51}"
no_constraint_stage2_fair,19,stage2_ext_023_obj_2,closest_candidate,episode_001,7,7020,52,Q4_user_focus_after_enterprise_foothold,medium,Analyse,User2,User,ExploitRemoteService,,[],[],"[""Enterprise1"", ""Enterprise2"", ""User0"", ""User1""]","[""Enterprise1"", ""Enterprise2"", ""User0"", ""User1""]","{""blue_first_relevant_response_after_critical"": null, ""blue_first_relevant_response_after_enterprise"": 7, ""enterprise_foothold_step"": 6, ""first_critical_hit_step"": null, ""window_end"": 54, ""window_start"": 52}"
no_constraint_stage2_fair,19,stage2_ext_023_obj_2,closest_candidate,episode_001,7,7020,53,Q4_user_focus_after_enterprise_foothold,medium,DecoyTomcat,User3,User,PrivilegeEscalate,Enterprise1,[],[],"[""Enterprise1"", ""Enterprise2"", ""User0"", ""User1""]","[""Enterprise1"", ""Enterprise2"", ""User0"", ""User1""]","{""blue_first_relevant_response_after_critical"": null, ""blue_first_relevant_response_after_enterprise"": 7, ""enterprise_foothold_step"": 6, ""first_critical_hit_step"": null, ""window_end"": 55, ""window_start"": 53}"
no_constraint_stage2_fair,19,stage2_ext_023_obj_2,closest_candidate,episode_001,7,7020,54,Q4_user_focus_after_enterprise_foothold,medium,DecoyApache,User1,User,DiscoverRemoteSystems,,[],[],"[""Enterprise1"", ""Enterprise2"", ""User0"", ""User1""]","[""Enterprise1"", ""Enterprise2"", ""User0"", ""User1""]","{""blue_first_relevant_response_after_critical"": null, ""blue_first_relevant_response_after_enterprise"": 7, ""enterprise_foothold_step"": 6, ""first_critical_hit_step"": null, ""window_end"": 56, ""window_start"": 54}"
no_constraint_stage2_fair,19,stage2_ext_023_obj_2,closest_candidate,episode_001,7,7020,58,Q4_user_focus_after_enterprise_foothold,medium,Analyse,User2,User,PrivilegeEscalate,Enterprise1,[],[],"[""Enterprise1"", ""Enterprise2"", ""User0"", ""User1""]","[""Enterprise1"", ""Enterprise2"", ""User0"", ""User1""]","{""blue_first_relevant_response_after_critical"": null, ""blue_first_relevant_response_after_enterprise"": 7, ""enterprise_foothold_step"": 6, ""first_critical_hit_step"": null, ""window_end"": 60, ""window_start"": 58}"
no_constraint_stage2_fair,19,stage2_ext_023_obj_2,closest_candidate,episode_001,7,7020,62,Q4_user_focus_after_enterprise_foothold,medium,Analyse,User2,User,ExploitRemoteService,,[],[],"[""Enterprise1"", ""Enterprise2"", ""User0"", ""User1""]","[""Enterprise1"", ""Enterprise2"", ""User0"", ""User1""]","{""blue_first_relevant_response_after_critical"": null, ""blue_first_relevant_response_after_enterprise"": 7, ""enterprise_foothold_step"": 6, ""first_critical_hit_step"": null, ""window_end"": 64, ""window_start"": 62}"
no_constraint_stage2_fair,19,stage2_ext_023_obj_2,closest_candidate,episode_001,7,7020,63,Q4_user_focus_after_enterprise_foothold,medium,Analyse,User2,User,PrivilegeEscalate,Enterprise1,[],[],"[""Enterprise1"", ""Enterprise2"", ""User0"", ""User1""]","[""Enterprise1"", ""Enterprise2"", ""User0"", ""User1""]","{""blue_first_relevant_response_after_critical"": null, ""blue_first_relevant_response_after_enterprise"": 7, ""enterprise_foothold_step"": 6, ""first_critical_hit_step"": null, ""window_end"": 65, ""window_start"": 63}"
no_constraint_stage2_fair,19,stage2_ext_023_obj_2,closest_candidate,episode_001,7,7020,64,Q4_user_focus_after_enterprise_foothold,medium,DecoyTomcat,User0,User,DiscoverRemoteSystems,,[],[],"[""Enterprise1"", ""Enterprise2"", ""User0"", ""User1""]","[""Enterprise1"", ""Enterprise2"", ""User0"", ""User1""]","{""blue_first_relevant_response_after_critical"": null, ""blue_first_relevant_response_after_enterprise"": 7, ""enterprise_foothold_step"": 6, ""first_critical_hit_step"": null, ""window_end"": 66, ""window_start"": 64}"
no_constraint_stage2_fair,19,stage2_ext_023_obj_2,closest_candidate,episode_001,7,7020,72,Q4_user_focus_after_enterprise_foothold,medium,DecoySSHD,User3,User,ExploitRemoteService,,[],[],"[""Enterprise1"", ""Enterprise2"", ""User0"", ""User1""]","[""Enterprise1"", ""Enterprise2"", ""User0"", ""User1""]","{""blue_first_relevant_response_after_critical"": null, ""blue_first_relevant_response_after_enterprise"": 7, ""enterprise_foothold_step"": 6, ""first_critical_hit_step"": null, ""window_end"": 74, ""window_start"": 72}"
no_constraint_stage2_fair,19,stage2_ext_023_obj_2,closest_candidate,episode_001,7,7020,73,Q4_user_focus_after_enterprise_foothold,medium,Analyse,User2,User,PrivilegeEscalate,Enterprise1,[],[],"[""Enterprise1"", ""Enterprise2"", ""User0"", ""User1""]","[""Enterprise1"", ""Enterprise2"", ""User0"", ""User1""]","{""blue_first_relevant_response_after_critical"": null, ""blue_first_relevant_response_after_enterprise"": 7, ""enterprise_foothold_step"": 6, ""first_critical_hit_step"": null, ""window_end"": 75, ""window_start"": 73}"
no_constraint_stage2_fair,19,stage2_ext_023_obj_2,closest_candidate,episode_001,7,7020,74,Q4_user_focus_after_enterprise_foothold,medium,Analyse,User2,User,DiscoverRemoteSystems,,[],[],"[""Enterprise1"", ""Enterprise2"", ""User0"", ""User1""]","[""Enterprise1"", ""Enterprise2"", ""User0"", ""User1""]","{""blue_first_relevant_response_after_critical"": null, ""blue_first_relevant_response_after_enterprise"": 7, ""enterprise_foothold_step"": 6, ""first_critical_hit_step"": null, ""window_end"": 76, ""window_start"": 74}"
no_constraint_stage2_fair,19,stage2_ext_023_obj_2,closest_candidate,episode_001,7,7020,82,Q4_user_focus_after_enterprise_foothold,medium,DecoyTomcat,User0,User,ExploitRemoteService,,[],[],"[""Enterprise1"", ""Enterprise2"", ""User0"", ""User1""]","[""Enterprise1"", ""Enterprise2"", ""User0"", ""User1""]","{""blue_first_relevant_response_after_critical"": null, ""blue_first_relevant_response_after_enterprise"": 7, ""enterprise_foothold_step"": 6, ""first_critical_hit_step"": null, ""window_end"": 84, ""window_start"": 82}"
no_constraint_stage2_fair,19,stage2_ext_023_obj_2,closest_candidate,episode_001,7,7020,83,Q4_user_focus_after_enterprise_foothold,medium,DecoyTomcat,User3,User,PrivilegeEscalate,Enterprise1,[],[],"[""Enterprise1"", ""Enterprise2"", ""User0"", ""User1""]","[""Enterprise1"", ""Enterprise2"", ""User0"", ""User1""]","{""blue_first_relevant_response_after_critical"": null, ""blue_first_relevant_response_after_enterprise"": 7, ""enterprise_foothold_step"": 6, ""first_critical_hit_step"": null, ""window_end"": 85, ""window_start"": 83}"
no_constraint_stage2_fair,19,stage2_ext_023_obj_2,closest_candidate,episode_001,7,7020,84,Q4_user_focus_after_enterprise_foothold,medium,DecoyTomcat,User0,User,DiscoverRemoteSystems,,[],[],"[""Enterprise1"", ""Enterprise2"", ""User0"", ""User1""]","[""Enterprise1"", ""Enterprise2"", ""User0"", ""User1""]","{""blue_first_relevant_response_after_critical"": null, ""blue_first_relevant_response_after_enterprise"": 7, ""enterprise_foothold_step"": 6, ""first_critical_hit_step"": null, ""window_end"": 86, ""window_start"": 84}"
no_constraint_stage2_fair,19,stage2_ext_023_obj_2,closest_candidate,episode_002,0,21,15,Q2_user_action_during_critical_breach,high,DecoyApache,User1,User,Impact,Op_Server0,"[""Op_Server0""]","[""Op_Server0""]","[""Enterprise0"", ""Enterprise2"", ""Op_Server0"", ""User0"", ""User3""]","[""Enterprise0"", ""Enterprise2"", ""Op_Server0"", ""User0"", ""User3""]","{""blue_first_relevant_response_after_critical"": 13, ""blue_first_relevant_response_after_enterprise"": 8, ""enterprise_foothold_step"": 5, ""first_critical_hit_step"": 12, ""window_end"": null, ""window_start"": null}"
no_constraint_stage2_fair,19,stage2_ext_023_obj_2,closest_candidate,episode_002,0,21,17,Q2_user_action_during_critical_breach,high,DecoyTomcat,User3,User,Impact,Op_Server0,"[""Op_Server0""]","[""Op_Server0""]","[""Enterprise0"", ""Enterprise2"", ""Op_Server0"", ""User0"", ""User3""]","[""Enterprise0"", ""Enterprise2"", ""Op_Server0"", ""User0"", ""User3""]","{""blue_first_relevant_response_after_critical"": 13, ""blue_first_relevant_response_after_enterprise"": 8, ""enterprise_foothold_step"": 5, ""first_critical_hit_step"": 12, ""window_end"": null, ""window_start"": null}"
no_constraint_stage2_fair,19,stage2_ext_023_obj_2,closest_candidate,episode_002,0,21,18,Q2_user_action_during_critical_breach,high,Analyse,User2,User,Impact,Op_Server0,"[""Op_Server0""]","[""Op_Server0""]","[""Enterprise0"", ""Enterprise2"", ""Op_Server0"", ""User0"", ""User3""]","[""Enterprise0"", ""Enterprise2"", ""Op_Server0"", ""User0"", ""User3""]","{""blue_first_relevant_response_after_critical"": 13, ""blue_first_relevant_response_after_enterprise"": 8, ""enterprise_foothold_step"": 5, ""first_critical_hit_step"": 12, ""window_end"": null, ""window_start"": null}"
no_constraint_stage2_fair,19,stage2_ext_023_obj_2,closest_candidate,episode_002,0,21,21,Q2_user_action_during_critical_breach,high,Analyse,User2,User,Impact,Op_Server0,"[""Op_Server0""]","[""Op_Server0""]","[""Enterprise0"", ""Enterprise2"", ""Op_Server0"", ""User0"", ""User3""]","[""Enterprise0"", ""Enterprise2"", ""Op_Server0"", ""User0"", ""User3""]","{""blue_first_relevant_response_after_critical"": 13, ""blue_first_relevant_response_after_enterprise"": 8, ""enterprise_foothold_step"": 5, ""first_critical_hit_step"": 12, ""window_end"": null, ""window_start"": null}"
no_constraint_stage2_fair,19,stage2_ext_023_obj_2,closest_candidate,episode_002,0,21,24,Q2_user_action_during_critical_breach,high,DecoyTomcat,User3,User,Impact,Op_Server0,"[""Op_Server0""]","[""Op_Server0""]","[""Enterprise0"", ""Enterprise2"", ""Op_Server0"", ""User0"", ""User3""]","[""Enterprise0"", ""Enterprise2"", ""Op_Server0"", ""User0"", ""User3""]","{""blue_first_relevant_response_after_critical"": 13, ""blue_first_relevant_response_after_enterprise"": 8, ""enterprise_foothold_step"": 5, ""first_critical_hit_step"": 12, ""window_end"": null, ""window_start"": null}"
no_constraint_stage2_fair,19,stage2_ext_023_obj_2,closest_candidate,episode_002,0,21,25,Q2_user_action_during_critical_breach,high,Analyse,User0,User,Impact,Op_Server0,"[""Op_Server0""]","[""Op_Server0""]","[""Enterprise0"", ""Enterprise2"", ""Op_Server0"", ""User0"", ""User3""]","[""Enterprise0"", ""Enterprise2"", ""Op_Server0"", ""User0"", ""User3""]","{""blue_first_relevant_response_after_critical"": 13, ""blue_first_relevant_response_after_enterprise"": 8, ""enterprise_foothold_step"": 5, ""first_critical_hit_step"": 12, ""window_end"": null, ""window_start"": null}"
no_constraint_stage2_fair,19,stage2_ext_023_obj_2,closest_candidate,episode_002,0,21,26,Q2_user_action_during_critical_breach,high,Analyse,User2,User,Impact,Op_Server0,"[""Op_Server0""]","[""Op_Server0""]","[""Enterprise0"", ""Enterprise2"", ""Op_Server0"", ""User0"", ""User3""]","[""Enterprise0"", ""Enterprise2"", ""Op_Server0"", ""User0"", ""User3""]","{""blue_first_relevant_response_after_critical"": 13, ""blue_first_relevant_response_after_enterprise"": 8, ""enterprise_foothold_step"": 5, ""first_critical_hit_step"": 12, ""window_end"": null, ""window_start"": null}"
no_constraint_stage2_fair,19,stage2_ext_023_obj_2,closest_candidate,episode_002,0,21,29,Q2_user_action_during_critical_breach,high,Analyse,User2,User,Impact,Op_Server0,"[""Op_Server0""]","[""Op_Server0""]","[""Enterprise0"", ""Enterprise2"", ""Op_Server0"", ""User0"", ""User3""]","[""Enterprise0"", ""Enterprise2"", ""Op_Server0"", ""User0"", ""User3""]","{""blue_first_relevant_response_after_critical"": 13, ""blue_first_relevant_response_after_enterprise"": 8, ""enterprise_foothold_step"": 5, ""first_critical_hit_step"": 12, ""window_end"": null, ""window_start"": null}"
no_constraint_stage2_fair,19,stage2_ext_023_obj_2,closest_candidate,episode_002,0,21,31,Q2_user_action_during_critical_breach,high,Analyse,User2,User,Impact,Op_Server0,"[""Op_Server0""]","[""Op_Server0""]","[""Enterprise2"", ""Op_Server0"", ""User0"", ""User3""]","[""Enterprise2"", ""Op_Server0"", ""User0"", ""User3""]","{""blue_first_relevant_response_after_critical"": 13, ""blue_first_relevant_response_after_enterprise"": 8, ""enterprise_foothold_step"": 5, ""first_critical_hit_step"": 12, ""window_end"": null, ""window_start"": null}"
no_constraint_stage2_fair,19,stage2_ext_023_obj_2,closest_candidate,episode_002,0,21,33,Q2_user_action_during_critical_breach,high,Analyse,User2,User,Impact,Op_Server0,"[""Op_Server0""]","[""Op_Server0""]","[""Enterprise2"", ""Op_Server0"", ""User0"", ""User3""]","[""Enterprise2"", ""Op_Server0"", ""User0"", ""User3""]","{""blue_first_relevant_response_after_critical"": 13, ""blue_first_relevant_response_after_enterprise"": 8, ""enterprise_foothold_step"": 5, ""first_critical_hit_step"": 12, ""window_end"": null, ""window_start"": null}"
no_constraint_stage2_fair,19,stage2_ext_023_obj_2,closest_candidate,episode_002,0,21,34,Q2_user_action_during_critical_breach,high,Analyse,User2,User,Impact,Op_Server0,"[""Op_Server0""]","[""Op_Server0""]","[""Enterprise2"", ""Op_Server0"", ""User0"", ""User3""]","[""Enterprise2"", ""Op_Server0"", ""User0"", ""User3""]","{""blue_first_relevant_response_after_critical"": 13, ""blue_first_relevant_response_after_enterprise"": 8, ""enterprise_foothold_step"": 5, ""first_critical_hit_step"": 12, ""window_end"": null, ""window_start"": null}"
no_constraint_stage2_fair,19,stage2_ext_023_obj_2,closest_candidate,episode_002,0,21,35,Q2_user_action_during_critical_breach,high,DecoyTomcat,User3,User,Impact,Op_Server0,"[""Op_Server0""]","[""Op_Server0""]","[""Enterprise2"", ""Op_Server0"", ""User0"", ""User3""]","[""Enterprise2"", ""Op_Server0"", ""User0"", ""User3""]","{""blue_first_relevant_response_after_critical"": 13, ""blue_first_relevant_response_after_enterprise"": 8, ""enterprise_foothold_step"": 5, ""first_critical_hit_step"": 12, ""window_end"": null, ""window_start"": null}"
no_constraint_stage2_fair,19,stage2_ext_023_obj_2,closest_candidate,episode_002,0,21,39,Q2_user_action_during_critical_breach,high,Analyse,User0,User,Impact,Op_Server0,"[""Op_Server0""]","[""Op_Server0""]","[""Enterprise2"", ""Op_Server0"", ""User0"", ""User3""]","[""Enterprise2"", ""Op_Server0"", ""User0"", ""User3""]","{""blue_first_relevant_response_after_critical"": 13, ""blue_first_relevant_response_after_enterprise"": 8, ""enterprise_foothold_step"": 5, ""first_critical_hit_step"": 12, ""window_end"": null, ""window_start"": null}"
no_constraint_stage2_fair,19,stage2_ext_023_obj_2,closest_candidate,episode_002,0,21,40,Q2_user_action_during_critical_breach,high,Analyse,User2,User,Impact,Op_Server0,"[""Op_Server0""]","[""Op_Server0""]","[""Enterprise2"", ""Op_Server0"", ""User0"", ""User3""]","[""Enterprise2"", ""Op_Server0"", ""User0"", ""User3""]","{""blue_first_relevant_response_after_critical"": 13, ""blue_first_relevant_response_after_enterprise"": 8, ""enterprise_foothold_step"": 5, ""first_critical_hit_step"": 12, ""window_end"": null, ""window_start"": null}"
no_constraint_stage2_fair,19,stage2_ext_023_obj_2,closest_candidate,episode_002,0,21,41,Q2_user_action_during_critical_breach,high,DecoySSHD,User4,User,Impact,Op_Server0,"[""Op_Server0""]","[""Op_Server0""]","[""Enterprise2"", ""Op_Server0"", ""User0"", ""User3""]","[""Enterprise2"", ""Op_Server0"", ""User0"", ""User3""]","{""blue_first_relevant_response_after_critical"": 13, ""blue_first_relevant_response_after_enterprise"": 8, ""enterprise_foothold_step"": 5, ""first_critical_hit_step"": 12, ""window_end"": null, ""window_start"": null}"
no_constraint_stage2_fair,19,stage2_ext_023_obj_2,closest_candidate,episode_002,0,21,42,Q2_user_action_during_critical_breach,high,Analyse,User2,User,Impact,Op_Server0,"[""Op_Server0""]","[""Op_Server0""]","[""Enterprise2"", ""Op_Server0"", ""User0"", ""User3""]","[""Enterprise2"", ""Op_Server0"", ""User0"", ""User3""]","{""blue_first_relevant_response_after_critical"": 13, ""blue_first_relevant_response_after_enterprise"": 8, ""enterprise_foothold_step"": 5, ""first_critical_hit_step"": 12, ""window_end"": null, ""window_start"": null}"
no_constraint_stage2_fair,19,stage2_ext_023_obj_2,closest_candidate,episode_002,0,21,43,Q2_user_action_during_critical_breach,high,DecoyTomcat,User0,User,Impact,Op_Server0,"[""Op_Server0""]","[""Op_Server0""]","[""Enterprise2"", ""Op_Server0"", ""User0"", ""User3""]","[""Enterprise2"", ""Op_Server0"", ""User0"", ""User3""]","{""blue_first_relevant_response_after_critical"": 13, ""blue_first_relevant_response_after_enterprise"": 8, ""enterprise_foothold_step"": 5, ""first_critical_hit_step"": 12, ""window_end"": null, ""window_start"": null}"
no_constraint_stage2_fair,19,stage2_ext_023_obj_2,closest_candidate,episode_002,0,21,45,Q2_user_action_during_critical_breach,high,Analyse,User2,User,Impact,Op_Server0,"[""Op_Server0""]","[""Op_Server0""]","[""Enterprise2"", ""Op_Server0"", ""User0"", ""User3""]","[""Enterprise2"", ""Op_Server0"", ""User0"", ""User3""]","{""blue_first_relevant_response_after_critical"": 13, ""blue_first_relevant_response_after_enterprise"": 8, ""enterprise_foothold_step"": 5, ""first_critical_hit_step"": 12, ""window_end"": null, ""window_start"": null}"
no_constraint_stage2_fair,19,stage2_ext_023_obj_2,closest_candidate,episode_002,0,21,46,Q2_user_action_during_critical_breach,high,DecoyTomcat,User3,User,Impact,Op_Server0,"[""Op_Server0""]","[""Op_Server0""]","[""Enterprise2"", ""Op_Server0"", ""User0"", ""User3""]","[""Enterprise2"", ""Op_Server0"", ""User0"", ""User3""]","{""blue_first_relevant_response_after_critical"": 13, ""blue_first_relevant_response_after_enterprise"": 8, ""enterprise_foothold_step"": 5, ""first_critical_hit_step"": 12, ""window_end"": null, ""window_start"": null}"
no_constraint_stage2_fair,19,stage2_ext_023_obj_2,closest_candidate,episode_002,0,21,50,Q2_user_action_during_critical_breach,high,Analyse,User2,User,Impact,Op_Server0,"[""Op_Server0""]","[""Op_Server0""]","[""Enterprise2"", ""Op_Server0"", ""User0"", ""User3""]","[""Enterprise2"", ""Op_Server0"", ""User0"", ""User3""]","{""blue_first_relevant_response_after_critical"": 13, ""blue_first_relevant_response_after_enterprise"": 8, ""enterprise_foothold_step"": 5, ""first_critical_hit_step"": 12, ""window_end"": null, ""window_start"": null}"
no_constraint_stage2_fair,19,stage2_ext_023_obj_2,closest_candidate,episode_002,0,21,51,Q2_user_action_during_critical_breach,high,DecoyApache,User1,User,Impact,Op_Server0,"[""Op_Server0""]","[""Op_Server0""]","[""Enterprise2"", ""Op_Server0"", ""User0"", ""User3""]","[""Enterprise2"", ""Op_Server0"", ""User0"", ""User3""]","{""blue_first_relevant_response_after_critical"": 13, ""blue_first_relevant_response_after_enterprise"": 8, ""enterprise_foothold_step"": 5, ""first_critical_hit_step"": 12, ""window_end"": null, ""window_start"": null}"
no_constraint_stage2_fair,19,stage2_ext_023_obj_2,closest_candidate,episode_002,0,21,52,Q2_user_action_during_critical_breach,high,Analyse,User2,User,Impact,Op_Server0,"[""Op_Server0""]","[""Op_Server0""]","[""Enterprise2"", ""Op_Server0"", ""User0"", ""User3""]","[""Enterprise2"", ""Op_Server0"", ""User0"", ""User3""]","{""blue_first_relevant_response_after_critical"": 13, ""blue_first_relevant_response_after_enterprise"": 8, ""enterprise_foothold_step"": 5, ""first_critical_hit_step"": 12, ""window_end"": null, ""window_start"": null}"
no_constraint_stage2_fair,19,stage2_ext_023_obj_2,closest_candidate,episode_002,0,21,57,Q2_user_action_during_critical_breach,high,DecoyTomcat,User0,User,Impact,Op_Server0,"[""Op_Server0""]","[""Op_Server0""]","[""Enterprise2"", ""Op_Server0"", ""User0"", ""User3""]","[""Enterprise2"", ""Op_Server0"", ""User0"", ""User3""]","{""blue_first_relevant_response_after_critical"": 13, ""blue_first_relevant_response_after_enterprise"": 8, ""enterprise_foothold_step"": 5, ""first_critical_hit_step"": 12, ""window_end"": null, ""window_start"": null}"
no_constraint_stage2_fair,19,stage2_ext_023_obj_2,closest_candidate,episode_002,0,21,58,Q2_user_action_during_critical_breach,high,Analyse,User2,User,Impact,Op_Server0,"[""Op_Server0""]","[""Op_Server0""]","[""Enterprise2"", ""Op_Server0"", ""User0"", ""User3""]","[""Enterprise2"", ""Op_Server0"", ""User0"", ""User3""]","{""blue_first_relevant_response_after_critical"": 13, ""blue_first_relevant_response_after_enterprise"": 8, ""enterprise_foothold_step"": 5, ""first_critical_hit_step"": 12, ""window_end"": null, ""window_start"": null}"
no_constraint_stage2_fair,19,stage2_ext_023_obj_2,closest_candidate,episode_002,0,21,60,Q2_user_action_during_critical_breach,high,DecoyApache,User1,User,Impact,Op_Server0,"[""Op_Server0""]","[""Op_Server0""]","[""Enterprise2"", ""Op_Server0"", ""User0"", ""User3""]","[""Enterprise2"", ""Op_Server0"", ""User0"", ""User3""]","{""blue_first_relevant_response_after_critical"": 13, ""blue_first_relevant_response_after_enterprise"": 8, ""enterprise_foothold_step"": 5, ""first_critical_hit_step"": 12, ""window_end"": null, ""window_start"": null}"
no_constraint_stage2_fair,19,stage2_ext_023_obj_2,closest_candidate,episode_002,0,21,62,Q2_user_action_during_critical_breach,high,Analyse,User1,User,Impact,Op_Server0,"[""Op_Server0""]","[""Op_Server0""]","[""Enterprise2"", ""Op_Server0"", ""User0"", ""User3""]","[""Enterprise2"", ""Op_Server0"", ""User0"", ""User3""]","{""blue_first_relevant_response_after_critical"": 13, ""blue_first_relevant_response_after_enterprise"": 8, ""enterprise_foothold_step"": 5, ""first_critical_hit_step"": 12, ""window_end"": null, ""window_start"": null}"
no_constraint_stage2_fair,19,stage2_ext_023_obj_2,closest_candidate,episode_002,0,21,64,Q2_user_action_during_critical_breach,high,Analyse,User2,User,Impact,Op_Server0,"[""Op_Server0""]","[""Op_Server0""]","[""Enterprise2"", ""Op_Server0"", ""User0"", ""User3""]","[""Enterprise2"", ""Op_Server0"", ""User0"", ""User3""]","{""blue_first_relevant_response_after_critical"": 13, ""blue_first_relevant_response_after_enterprise"": 8, ""enterprise_foothold_step"": 5, ""first_critical_hit_step"": 12, ""window_end"": null, ""window_start"": null}"
no_constraint_stage2_fair,19,stage2_ext_023_obj_2,closest_candidate,episode_002,0,21,65,Q2_user_action_during_critical_breach,high,Analyse,User2,User,Impact,Op_Server0,"[""Op_Server0""]","[""Op_Server0""]","[""Enterprise2"", ""Op_Server0"", ""User0"", ""User3""]","[""Enterprise2"", ""Op_Server0"", ""User0"", ""User3""]","{""blue_first_relevant_response_after_critical"": 13, ""blue_first_relevant_response_after_enterprise"": 8, ""enterprise_foothold_step"": 5, ""first_critical_hit_step"": 12, ""window_end"": null, ""window_start"": null}"
no_constraint_stage2_fair,19,stage2_ext_023_obj_2,closest_candidate,episode_002,0,21,68,Q2_user_action_during_critical_breach,high,DecoyTomcat,User3,User,Impact,Op_Server0,"[""Op_Server0""]","[""Op_Server0""]","[""Enterprise2"", ""Op_Server0"", ""User0"", ""User3""]","[""Enterprise2"", ""Op_Server0"", ""User0"", ""User3""]","{""blue_first_relevant_response_after_critical"": 13, ""blue_first_relevant_response_after_enterprise"": 8, ""enterprise_foothold_step"": 5, ""first_critical_hit_step"": 12, ""window_end"": null, ""window_start"": null}"
no_constraint_stage2_fair,19,stage2_ext_023_obj_2,closest_candidate,episode_002,0,21,70,Q2_user_action_during_critical_breach,high,DecoyVsftpd,User2,User,Impact,Op_Server0,"[""Op_Server0""]","[""Op_Server0""]","[""Enterprise2"", ""Op_Server0"", ""User0"", ""User3""]","[""Enterprise2"", ""Op_Server0"", ""User0"", ""User3""]","{""blue_first_relevant_response_after_critical"": 13, ""blue_first_relevant_response_after_enterprise"": 8, ""enterprise_foothold_step"": 5, ""first_critical_hit_step"": 12, ""window_end"": null, ""window_start"": null}"
no_constraint_stage2_fair,19,stage2_ext_023_obj_2,closest_candidate,episode_002,0,21,73,Q2_user_action_during_critical_breach,high,Analyse,User2,User,Impact,Op_Server0,"[""Op_Server0""]","[""Op_Server0""]","[""Enterprise2"", ""Op_Server0"", ""User0"", ""User3""]","[""Enterprise2"", ""Op_Server0"", ""User0"", ""User3""]","{""blue_first_relevant_response_after_critical"": 13, ""blue_first_relevant_response_after_enterprise"": 8, ""enterprise_foothold_step"": 5, ""first_critical_hit_step"": 12, ""window_end"": null, ""window_start"": null}"
no_constraint_stage2_fair,19,stage2_ext_023_obj_2,closest_candidate,episode_002,0,21,74,Q2_user_action_during_critical_breach,high,Analyse,User2,User,Impact,Op_Server0,"[""Op_Server0""]","[""Op_Server0""]","[""Enterprise2"", ""Op_Server0"", ""User0"", ""User3""]","[""Enterprise2"", ""Op_Server0"", ""User0"", ""User3""]","{""blue_first_relevant_response_after_critical"": 13, ""blue_first_relevant_response_after_enterprise"": 8, ""enterprise_foothold_step"": 5, ""first_critical_hit_step"": 12, ""window_end"": null, ""window_start"": null}"
no_constraint_stage2_fair,19,stage2_ext_023_obj_2,closest_candidate,episode_002,0,21,79,Q2_user_action_during_critical_breach,high,Analyse,User2,User,Impact,Op_Server0,"[""Op_Server0""]","[""Op_Server0""]","[""Enterprise2"", ""Op_Server0"", ""User0"", ""User3""]","[""Enterprise2"", ""Op_Server0"", ""User0"", ""User3""]","{""blue_first_relevant_response_after_critical"": 13, ""blue_first_relevant_response_after_enterprise"": 8, ""enterprise_foothold_step"": 5, ""first_critical_hit_step"": 12, ""window_end"": null, ""window_start"": null}"
no_constraint_stage2_fair,19,stage2_ext_023_obj_2,closest_candidate,episode_002,0,21,80,Q2_user_action_during_critical_breach,high,Analyse,User2,User,Impact,Op_Server0,"[""Op_Server0""]","[""Op_Server0""]","[""Enterprise2"", ""Op_Server0"", ""User0"", ""User3""]","[""Enterprise2"", ""Op_Server0"", ""User0"", ""User3""]","{""blue_first_relevant_response_after_critical"": 13, ""blue_first_relevant_response_after_enterprise"": 8, ""enterprise_foothold_step"": 5, ""first_critical_hit_step"": 12, ""window_end"": null, ""window_start"": null}"
no_constraint_stage2_fair,19,stage2_ext_023_obj_2,closest_candidate,episode_002,0,21,81,Q2_user_action_during_critical_breach,high,Analyse,User2,User,Impact,Op_Server0,"[""Op_Server0""]","[""Op_Server0""]","[""Enterprise2"", ""Op_Server0"", ""User0"", ""User3""]","[""Enterprise2"", ""Op_Server0"", ""User0"", ""User3""]","{""blue_first_relevant_response_after_critical"": 13, ""blue_first_relevant_response_after_enterprise"": 8, ""enterprise_foothold_step"": 5, ""first_critical_hit_step"": 12, ""window_end"": null, ""window_start"": null}"
no_constraint_stage2_fair,19,stage2_ext_023_obj_2,closest_candidate,episode_002,0,21,82,Q2_user_action_during_critical_breach,high,Analyse,User2,User,Impact,Op_Server0,"[""Op_Server0""]","[""Op_Server0""]","[""Enterprise2"", ""Op_Server0"", ""User0"", ""User3""]","[""Enterprise2"", ""Op_Server0"", ""User0"", ""User3""]","{""blue_first_relevant_response_after_critical"": 13, ""blue_first_relevant_response_after_enterprise"": 8, ""enterprise_foothold_step"": 5, ""first_critical_hit_step"": 12, ""window_end"": null, ""window_start"": null}"
no_constraint_stage2_fair,19,stage2_ext_023_obj_2,closest_candidate,episode_002,0,21,83,Q2_user_action_during_critical_breach,high,Analyse,User2,User,Impact,Op_Server0,"[""Op_Server0""]","[""Op_Server0""]","[""Enterprise2"", ""Op_Server0"", ""User0"", ""User3""]","[""Enterprise2"", ""Op_Server0"", ""User0"", ""User3""]","{""blue_first_relevant_response_after_critical"": 13, ""blue_first_relevant_response_after_enterprise"": 8, ""enterprise_foothold_step"": 5, ""first_critical_hit_step"": 12, ""window_end"": null, ""window_start"": null}"
no_constraint_stage2_fair,19,stage2_ext_023_obj_2,closest_candidate,episode_002,0,21,84,Q2_user_action_during_critical_breach,high,Analyse,User2,User,Impact,Op_Server0,"[""Op_Server0""]","[""Op_Server0""]","[""Enterprise2"", ""Op_Server0"", ""User0"", ""User3""]","[""Enterprise2"", ""Op_Server0"", ""User0"", ""User3""]","{""blue_first_relevant_response_after_critical"": 13, ""blue_first_relevant_response_after_enterprise"": 8, ""enterprise_foothold_step"": 5, ""first_critical_hit_step"": 12, ""window_end"": null, ""window_start"": null}"
no_constraint_stage2_fair,19,stage2_ext_023_obj_2,closest_candidate,episode_002,0,21,85,Q2_user_action_during_critical_breach,high,Analyse,User2,User,Impact,Op_Server0,"[""Op_Server0""]","[""Op_Server0""]","[""Enterprise2"", ""Op_Server0"", ""User0"", ""User3""]","[""Enterprise2"", ""Op_Server0"", ""User0"", ""User3""]","{""blue_first_relevant_response_after_critical"": 13, ""blue_first_relevant_response_after_enterprise"": 8, ""enterprise_foothold_step"": 5, ""first_critical_hit_step"": 12, ""window_end"": null, ""window_start"": null}"
no_constraint_stage2_fair,19,stage2_ext_023_obj_2,closest_candidate,episode_002,0,21,86,Q2_user_action_during_critical_breach,high,Analyse,User2,User,Impact,Op_Server0,"[""Op_Server0""]","[""Op_Server0""]","[""Enterprise2"", ""Op_Server0"", ""User0"", ""User3""]","[""Enterprise2"", ""Op_Server0"", ""User0"", ""User3""]","{""blue_first_relevant_response_after_critical"": 13, ""blue_first_relevant_response_after_enterprise"": 8, ""enterprise_foothold_step"": 5, ""first_critical_hit_step"": 12, ""window_end"": null, ""window_start"": null}"
no_constraint_stage2_fair,19,stage2_ext_023_obj_2,closest_candidate,episode_002,0,21,87,Q2_user_action_during_critical_breach,high,DecoyApache,User1,User,Impact,Op_Server0,"[""Op_Server0""]","[""Op_Server0""]","[""Enterprise2"", ""Op_Server0"", ""User0"", ""User3""]","[""Enterprise2"", ""Op_Server0"", ""User0"", ""User3""]","{""blue_first_relevant_response_after_critical"": 13, ""blue_first_relevant_response_after_enterprise"": 8, ""enterprise_foothold_step"": 5, ""first_critical_hit_step"": 12, ""window_end"": null, ""window_start"": null}"
no_constraint_stage2_fair,19,stage2_ext_023_obj_2,closest_candidate,episode_002,0,21,92,Q2_user_action_during_critical_breach,high,Remove,User3,User,Impact,Op_Server0,"[""Op_Server0""]","[""Op_Server0""]","[""Enterprise2"", ""Op_Server0"", ""User0"", ""User3""]","[""Enterprise2"", ""Op_Server0"", ""User0"", ""User3""]","{""blue_first_relevant_response_after_critical"": 13, ""blue_first_relevant_response_after_enterprise"": 8, ""enterprise_foothold_step"": 5, ""first_critical_hit_step"": 12, ""window_end"": null, ""window_start"": null}"
no_constraint_stage2_fair,19,stage2_ext_023_obj_2,closest_candidate,episode_002,0,21,94,Q2_user_action_during_critical_breach,high,DecoyTomcat,User3,User,Impact,Op_Server0,"[""Op_Server0""]","[""Op_Server0""]","[""Enterprise2"", ""Op_Server0"", ""User0"", ""User3""]","[""Enterprise2"", ""Op_Server0"", ""User0"", ""User3""]","{""blue_first_relevant_response_after_critical"": 13, ""blue_first_relevant_response_after_enterprise"": 8, ""enterprise_foothold_step"": 5, ""first_critical_hit_step"": 12, ""window_end"": null, ""window_start"": null}"
no_constraint_stage2_fair,19,stage2_ext_023_obj_2,closest_candidate,episode_002,0,21,95,Q2_user_action_during_critical_breach,high,Analyse,User1,User,Impact,Op_Server0,"[""Op_Server0""]","[""Op_Server0""]","[""Enterprise2"", ""Op_Server0"", ""User0"", ""User3""]","[""Enterprise2"", ""Op_Server0"", ""User0"", ""User3""]","{""blue_first_relevant_response_after_critical"": 13, ""blue_first_relevant_response_after_enterprise"": 8, ""enterprise_foothold_step"": 5, ""first_critical_hit_step"": 12, ""window_end"": null, ""window_start"": null}"
no_constraint_stage2_fair,19,stage2_ext_023_obj_2,closest_candidate,episode_002,0,21,96,Q2_user_action_during_critical_breach,high,DecoyTomcat,User0,User,Impact,Op_Server0,"[""Op_Server0""]","[""Op_Server0""]","[""Enterprise2"", ""Op_Server0"", ""User0"", ""User3""]","[""Enterprise2"", ""Op_Server0"", ""User0"", ""User3""]","{""blue_first_relevant_response_after_critical"": 13, ""blue_first_relevant_response_after_enterprise"": 8, ""enterprise_foothold_step"": 5, ""first_critical_hit_step"": 12, ""window_end"": null, ""window_start"": null}"
no_constraint_stage2_fair,19,stage2_ext_023_obj_2,closest_candidate,episode_002,0,21,98,Q2_user_action_during_critical_breach,high,Remove,User3,User,Impact,Op_Server0,"[""Op_Server0""]","[""Op_Server0""]","[""Enterprise2"", ""Op_Server0"", ""User0"", ""User3""]","[""Enterprise2"", ""Op_Server0"", ""User0"", ""User3""]","{""blue_first_relevant_response_after_critical"": 13, ""blue_first_relevant_response_after_enterprise"": 8, ""enterprise_foothold_step"": 5, ""first_critical_hit_step"": 12, ""window_end"": null, ""window_start"": null}"
no_constraint_stage2_fair,19,stage2_ext_023_obj_2,closest_candidate,episode_002,0,21,24,Q4_user_focus_after_enterprise_foothold,medium,DecoyTomcat,User3,User,Impact,Op_Server0,"[""Op_Server0""]","[""Op_Server0""]","[""Enterprise0"", ""Enterprise2"", ""Op_Server0"", ""User0"", ""User3""]","[""Enterprise0"", ""Enterprise2"", ""Op_Server0"", ""User0"", ""User3""]","{""blue_first_relevant_response_after_critical"": 13, ""blue_first_relevant_response_after_enterprise"": 8, ""enterprise_foothold_step"": 5, ""first_critical_hit_step"": 12, ""window_end"": 26, ""window_start"": 24}"
no_constraint_stage2_fair,19,stage2_ext_023_obj_2,closest_candidate,episode_002,0,21,33,Q4_user_focus_after_enterprise_foothold,medium,Analyse,User2,User,Impact,Op_Server0,"[""Op_Server0""]","[""Op_Server0""]","[""Enterprise2"", ""Op_Server0"", ""User0"", ""User3""]","[""Enterprise2"", ""Op_Server0"", ""User0"", ""User3""]","{""blue_first_relevant_response_after_critical"": 13, ""blue_first_relevant_response_after_enterprise"": 8, ""enterprise_foothold_step"": 5, ""first_critical_hit_step"": 12, ""window_end"": 35, ""window_start"": 33}"
no_constraint_stage2_fair,19,stage2_ext_023_obj_2,closest_candidate,episode_002,0,21,39,Q4_user_focus_after_enterprise_foothold,medium,Analyse,User0,User,Impact,Op_Server0,"[""Op_Server0""]","[""Op_Server0""]","[""Enterprise2"", ""Op_Server0"", ""User0"", ""User3""]","[""Enterprise2"", ""Op_Server0"", ""User0"", ""User3""]","{""blue_first_relevant_response_after_critical"": 13, ""blue_first_relevant_response_after_enterprise"": 8, ""enterprise_foothold_step"": 5, ""first_critical_hit_step"": 12, ""window_end"": 41, ""window_start"": 39}"
no_constraint_stage2_fair,19,stage2_ext_023_obj_2,closest_candidate,episode_002,0,21,40,Q4_user_focus_after_enterprise_foothold,medium,Analyse,User2,User,Impact,Op_Server0,"[""Op_Server0""]","[""Op_Server0""]","[""Enterprise2"", ""Op_Server0"", ""User0"", ""User3""]","[""Enterprise2"", ""Op_Server0"", ""User0"", ""User3""]","{""blue_first_relevant_response_after_critical"": 13, ""blue_first_relevant_response_after_enterprise"": 8, ""enterprise_foothold_step"": 5, ""first_critical_hit_step"": 12, ""window_end"": 42, ""window_start"": 40}"
no_constraint_stage2_fair,19,stage2_ext_023_obj_2,closest_candidate,episode_002,0,21,41,Q4_user_focus_after_enterprise_foothold,medium,DecoySSHD,User4,User,Impact,Op_Server0,"[""Op_Server0""]","[""Op_Server0""]","[""Enterprise2"", ""Op_Server0"", ""User0"", ""User3""]","[""Enterprise2"", ""Op_Server0"", ""User0"", ""User3""]","{""blue_first_relevant_response_after_critical"": 13, ""blue_first_relevant_response_after_enterprise"": 8, ""enterprise_foothold_step"": 5, ""first_critical_hit_step"": 12, ""window_end"": 43, ""window_start"": 41}"
no_constraint_stage2_fair,19,stage2_ext_023_obj_2,closest_candidate,episode_002,0,21,50,Q4_user_focus_after_enterprise_foothold,medium,Analyse,User2,User,Impact,Op_Server0,"[""Op_Server0""]","[""Op_Server0""]","[""Enterprise2"", ""Op_Server0"", ""User0"", ""User3""]","[""Enterprise2"", ""Op_Server0"", ""User0"", ""User3""]","{""blue_first_relevant_response_after_critical"": 13, ""blue_first_relevant_response_after_enterprise"": 8, ""enterprise_foothold_step"": 5, ""first_critical_hit_step"": 12, ""window_end"": 52, ""window_start"": 50}"
no_constraint_stage2_fair,19,stage2_ext_023_obj_2,closest_candidate,episode_002,0,21,79,Q4_user_focus_after_enterprise_foothold,medium,Analyse,User2,User,Impact,Op_Server0,"[""Op_Server0""]","[""Op_Server0""]","[""Enterprise2"", ""Op_Server0"", ""User0"", ""User3""]","[""Enterprise2"", ""Op_Server0"", ""User0"", ""User3""]","{""blue_first_relevant_response_after_critical"": 13, ""blue_first_relevant_response_after_enterprise"": 8, ""enterprise_foothold_step"": 5, ""first_critical_hit_step"": 12, ""window_end"": 81, ""window_start"": 79}"
no_constraint_stage2_fair,19,stage2_ext_023_obj_2,closest_candidate,episode_002,0,21,80,Q4_user_focus_after_enterprise_foothold,medium,Analyse,User2,User,Impact,Op_Server0,"[""Op_Server0""]","[""Op_Server0""]","[""Enterprise2"", ""Op_Server0"", ""User0"", ""User3""]","[""Enterprise2"", ""Op_Server0"", ""User0"", ""User3""]","{""blue_first_relevant_response_after_critical"": 13, ""blue_first_relevant_response_after_enterprise"": 8, ""enterprise_foothold_step"": 5, ""first_critical_hit_step"": 12, ""window_end"": 82, ""window_start"": 80}"
no_constraint_stage2_fair,19,stage2_ext_023_obj_2,closest_candidate,episode_002,0,21,81,Q4_user_focus_after_enterprise_foothold,medium,Analyse,User2,User,Impact,Op_Server0,"[""Op_Server0""]","[""Op_Server0""]","[""Enterprise2"", ""Op_Server0"", ""User0"", ""User3""]","[""Enterprise2"", ""Op_Server0"", ""User0"", ""User3""]","{""blue_first_relevant_response_after_critical"": 13, ""blue_first_relevant_response_after_enterprise"": 8, ""enterprise_foothold_step"": 5, ""first_critical_hit_step"": 12, ""window_end"": 83, ""window_start"": 81}"
no_constraint_stage2_fair,19,stage2_ext_023_obj_2,closest_candidate,episode_002,0,21,82,Q4_user_focus_after_enterprise_foothold,medium,Analyse,User2,User,Impact,Op_Server0,"[""Op_Server0""]","[""Op_Server0""]","[""Enterprise2"", ""Op_Server0"", ""User0"", ""User3""]","[""Enterprise2"", ""Op_Server0"", ""User0"", ""User3""]","{""blue_first_relevant_response_after_critical"": 13, ""blue_first_relevant_response_after_enterprise"": 8, ""enterprise_foothold_step"": 5, ""first_critical_hit_step"": 12, ""window_end"": 84, ""window_start"": 82}"
no_constraint_stage2_fair,19,stage2_ext_023_obj_2,closest_candidate,episode_002,0,21,83,Q4_user_focus_after_enterprise_foothold,medium,Analyse,User2,User,Impact,Op_Server0,"[""Op_Server0""]","[""Op_Server0""]","[""Enterprise2"", ""Op_Server0"", ""User0"", ""User3""]","[""Enterprise2"", ""Op_Server0"", ""User0"", ""User3""]","{""blue_first_relevant_response_after_critical"": 13, ""blue_first_relevant_response_after_enterprise"": 8, ""enterprise_foothold_step"": 5, ""first_critical_hit_step"": 12, ""window_end"": 85, ""window_start"": 83}"
no_constraint_stage2_fair,19,stage2_ext_023_obj_2,closest_candidate,episode_002,0,21,84,Q4_user_focus_after_enterprise_foothold,medium,Analyse,User2,User,Impact,Op_Server0,"[""Op_Server0""]","[""Op_Server0""]","[""Enterprise2"", ""Op_Server0"", ""User0"", ""User3""]","[""Enterprise2"", ""Op_Server0"", ""User0"", ""User3""]","{""blue_first_relevant_response_after_critical"": 13, ""blue_first_relevant_response_after_enterprise"": 8, ""enterprise_foothold_step"": 5, ""first_critical_hit_step"": 12, ""window_end"": 86, ""window_start"": 84}"
no_constraint_stage2_fair,19,stage2_ext_023_obj_2,closest_candidate,episode_002,0,21,85,Q4_user_focus_after_enterprise_foothold,medium,Analyse,User2,User,Impact,Op_Server0,"[""Op_Server0""]","[""Op_Server0""]","[""Enterprise2"", ""Op_Server0"", ""User0"", ""User3""]","[""Enterprise2"", ""Op_Server0"", ""User0"", ""User3""]","{""blue_first_relevant_response_after_critical"": 13, ""blue_first_relevant_response_after_enterprise"": 8, ""enterprise_foothold_step"": 5, ""first_critical_hit_step"": 12, ""window_end"": 87, ""window_start"": 85}"
no_constraint_stage2_fair,19,stage2_ext_023_obj_2,closest_candidate,episode_002,0,21,94,Q4_user_focus_after_enterprise_foothold,medium,DecoyTomcat,User3,User,Impact,Op_Server0,"[""Op_Server0""]","[""Op_Server0""]","[""Enterprise2"", ""Op_Server0"", ""User0"", ""User3""]","[""Enterprise2"", ""Op_Server0"", ""User0"", ""User3""]","{""blue_first_relevant_response_after_critical"": 13, ""blue_first_relevant_response_after_enterprise"": 8, ""enterprise_foothold_step"": 5, ""first_critical_hit_step"": 12, ""window_end"": 96, ""window_start"": 94}"
no_constraint_stage2_fair,19,stage2_ext_023_obj_2,closest_candidate,episode_002,1,1021,74,Q2_user_action_during_critical_breach,high,Analyse,User0,User,PrivilegeEscalate,Op_Server0,"[""Op_Server0""]","[""Op_Server0""]","[""Enterprise0"", ""Enterprise2"", ""Op_Server0"", ""User0"", ""User4""]","[""Enterprise0"", ""Enterprise2"", ""Op_Server0"", ""User0"", ""User4""]","{""blue_first_relevant_response_after_critical"": 75, ""blue_first_relevant_response_after_enterprise"": 6, ""enterprise_foothold_step"": 5, ""first_critical_hit_step"": 73, ""window_end"": null, ""window_start"": null}"
no_constraint_stage2_fair,19,stage2_ext_023_obj_2,closest_candidate,episode_002,1,1021,79,Q2_user_action_during_critical_breach,high,Remove,User3,User,Impact,Op_Server0,"[""Op_Server0""]","[""Op_Server0""]","[""Enterprise0"", ""Enterprise2"", ""Op_Server0"", ""User0"", ""User4""]","[""Enterprise0"", ""Enterprise2"", ""Op_Server0"", ""User0"", ""User4""]","{""blue_first_relevant_response_after_critical"": 75, ""blue_first_relevant_response_after_enterprise"": 6, ""enterprise_foothold_step"": 5, ""first_critical_hit_step"": 73, ""window_end"": null, ""window_start"": null}"
no_constraint_stage2_fair,19,stage2_ext_023_obj_2,closest_candidate,episode_002,1,1021,84,Q2_user_action_during_critical_breach,high,DecoyFemitter,User1,User,Impact,Op_Server0,"[""Op_Server0""]","[""Op_Server0""]","[""Enterprise0"", ""Enterprise2"", ""Op_Server0"", ""User0"", ""User4""]","[""Enterprise0"", ""Enterprise2"", ""Op_Server0"", ""User0"", ""User4""]","{""blue_first_relevant_response_after_critical"": 75, ""blue_first_relevant_response_after_enterprise"": 6, ""enterprise_foothold_step"": 5, ""first_critical_hit_step"": 73, ""window_end"": null, ""window_start"": null}"
no_constraint_stage2_fair,19,stage2_ext_023_obj_2,closest_candidate,episode_002,1,1021,85,Q2_user_action_during_critical_breach,high,Analyse,User2,User,Impact,Op_Server0,"[""Op_Server0""]","[""Op_Server0""]","[""Enterprise0"", ""Enterprise2"", ""Op_Server0"", ""User0"", ""User4""]","[""Enterprise0"", ""Enterprise2"", ""Op_Server0"", ""User0"", ""User4""]","{""blue_first_relevant_response_after_critical"": 75, ""blue_first_relevant_response_after_enterprise"": 6, ""enterprise_foothold_step"": 5, ""first_critical_hit_step"": 73, ""window_end"": null, ""window_start"": null}"
no_constraint_stage2_fair,19,stage2_ext_023_obj_2,closest_candidate,episode_002,1,1021,86,Q2_user_action_during_critical_breach,high,Analyse,User2,User,Impact,Op_Server0,"[""Op_Server0""]","[""Op_Server0""]","[""Enterprise0"", ""Enterprise2"", ""Op_Server0"", ""User0"", ""User4""]","[""Enterprise0"", ""Enterprise2"", ""Op_Server0"", ""User0"", ""User4""]","{""blue_first_relevant_response_after_critical"": 75, ""blue_first_relevant_response_after_enterprise"": 6, ""enterprise_foothold_step"": 5, ""first_critical_hit_step"": 73, ""window_end"": null, ""window_start"": null}"
no_constraint_stage2_fair,19,stage2_ext_023_obj_2,closest_candidate,episode_002,1,1021,88,Q2_user_action_during_critical_breach,high,Analyse,User2,User,Impact,Op_Server0,"[""Op_Server0""]","[""Op_Server0""]","[""Enterprise0"", ""Enterprise2"", ""Op_Server0"", ""User0"", ""User4""]","[""Enterprise0"", ""Enterprise2"", ""Op_Server0"", ""User0"", ""User4""]","{""blue_first_relevant_response_after_critical"": 75, ""blue_first_relevant_response_after_enterprise"": 6, ""enterprise_foothold_step"": 5, ""first_critical_hit_step"": 73, ""window_end"": null, ""window_start"": null}"
no_constraint_stage2_fair,19,stage2_ext_023_obj_2,closest_candidate,episode_002,1,1021,89,Q2_user_action_during_critical_breach,high,Analyse,User1,User,Impact,Op_Server0,"[""Op_Server0""]","[""Op_Server0""]","[""Enterprise0"", ""Enterprise2"", ""Op_Server0"", ""User0"", ""User4""]","[""Enterprise0"", ""Enterprise2"", ""Op_Server0"", ""User0"", ""User4""]","{""blue_first_relevant_response_after_critical"": 75, ""blue_first_relevant_response_after_enterprise"": 6, ""enterprise_foothold_step"": 5, ""first_critical_hit_step"": 73, ""window_end"": null, ""window_start"": null}"
no_constraint_stage2_fair,19,stage2_ext_023_obj_2,closest_candidate,episode_002,1,1021,90,Q2_user_action_during_critical_breach,high,DecoyTomcat,User3,User,Impact,Op_Server0,"[""Op_Server0""]","[""Op_Server0""]","[""Enterprise0"", ""Enterprise2"", ""Op_Server0"", ""User0"", ""User4""]","[""Enterprise0"", ""Enterprise2"", ""Op_Server0"", ""User0"", ""User4""]","{""blue_first_relevant_response_after_critical"": 75, ""blue_first_relevant_response_after_enterprise"": 6, ""enterprise_foothold_step"": 5, ""first_critical_hit_step"": 73, ""window_end"": null, ""window_start"": null}"
no_constraint_stage2_fair,19,stage2_ext_023_obj_2,closest_candidate,episode_002,1,1021,91,Q2_user_action_during_critical_breach,high,Analyse,User2,User,Impact,Op_Server0,"[""Op_Server0""]","[""Op_Server0""]","[""Enterprise0"", ""Enterprise2"", ""Op_Server0"", ""User0"", ""User4""]","[""Enterprise0"", ""Enterprise2"", ""Op_Server0"", ""User0"", ""User4""]","{""blue_first_relevant_response_after_critical"": 75, ""blue_first_relevant_response_after_enterprise"": 6, ""enterprise_foothold_step"": 5, ""first_critical_hit_step"": 73, ""window_end"": null, ""window_start"": null}"
no_constraint_stage2_fair,19,stage2_ext_023_obj_2,closest_candidate,episode_002,1,1021,92,Q2_user_action_during_critical_breach,high,DecoyTomcat,User3,User,Impact,Op_Server0,"[""Op_Server0""]","[""Op_Server0""]","[""Enterprise0"", ""Enterprise2"", ""Op_Server0"", ""User0"", ""User4""]","[""Enterprise0"", ""Enterprise2"", ""Op_Server0"", ""User0"", ""User4""]","{""blue_first_relevant_response_after_critical"": 75, ""blue_first_relevant_response_after_enterprise"": 6, ""enterprise_foothold_step"": 5, ""first_critical_hit_step"": 73, ""window_end"": null, ""window_start"": null}"
no_constraint_stage2_fair,19,stage2_ext_023_obj_2,closest_candidate,episode_002,1,1021,94,Q2_user_action_during_critical_breach,high,Analyse,User2,User,Impact,Op_Server0,"[""Op_Server0""]","[""Op_Server0""]","[""Enterprise0"", ""Enterprise2"", ""Op_Server0"", ""User0"", ""User4""]","[""Enterprise0"", ""Enterprise2"", ""Op_Server0"", ""User0"", ""User4""]","{""blue_first_relevant_response_after_critical"": 75, ""blue_first_relevant_response_after_enterprise"": 6, ""enterprise_foothold_step"": 5, ""first_critical_hit_step"": 73, ""window_end"": null, ""window_start"": null}"
no_constraint_stage2_fair,19,stage2_ext_023_obj_2,closest_candidate,episode_002,1,1021,96,Q2_user_action_during_critical_breach,high,Analyse,User2,User,Impact,Op_Server0,"[""Op_Server0""]","[""Op_Server0""]","[""Enterprise0"", ""Enterprise2"", ""Op_Server0"", ""User0"", ""User4""]","[""Enterprise0"", ""Enterprise2"", ""Op_Server0"", ""User0"", ""User4""]","{""blue_first_relevant_response_after_critical"": 75, ""blue_first_relevant_response_after_enterprise"": 6, ""enterprise_foothold_step"": 5, ""first_critical_hit_step"": 73, ""window_end"": null, ""window_start"": null}"
no_constraint_stage2_fair,19,stage2_ext_023_obj_2,closest_candidate,episode_002,1,1021,99,Q2_user_action_during_critical_breach,high,Analyse,User2,User,Impact,Op_Server0,"[""Op_Server0""]","[""Op_Server0""]","[""Enterprise0"", ""Enterprise2"", ""Op_Server0"", ""User0"", ""User4""]","[""Enterprise0"", ""Enterprise2"", ""Op_Server0"", ""User0"", ""User4""]","{""blue_first_relevant_response_after_critical"": 75, ""blue_first_relevant_response_after_enterprise"": 6, ""enterprise_foothold_step"": 5, ""first_critical_hit_step"": 73, ""window_end"": null, ""window_start"": null}"
no_constraint_stage2_fair,19,stage2_ext_023_obj_2,closest_candidate,episode_002,1,1021,10,Q4_user_focus_after_enterprise_foothold,medium,Analyse,User2,User,ExploitRemoteService,,[],[],"[""Enterprise0"", ""User0"", ""User4""]","[""Enterprise0"", ""User0"", ""User4""]","{""blue_first_relevant_response_after_critical"": 75, ""blue_first_relevant_response_after_enterprise"": 6, ""enterprise_foothold_step"": 5, ""first_critical_hit_step"": 73, ""window_end"": 12, ""window_start"": 10}"
no_constraint_stage2_fair,19,stage2_ext_023_obj_2,closest_candidate,episode_002,1,1021,11,Q4_user_focus_after_enterprise_foothold,medium,Analyse,User2,User,PrivilegeEscalate,Enterprise0,[],[],"[""Enterprise0"", ""User0"", ""User4""]","[""Enterprise0"", ""User0"", ""User4""]","{""blue_first_relevant_response_after_critical"": 75, ""blue_first_relevant_response_after_enterprise"": 6, ""enterprise_foothold_step"": 5, ""first_critical_hit_step"": 73, ""window_end"": 13, ""window_start"": 11}"
no_constraint_stage2_fair,19,stage2_ext_023_obj_2,closest_candidate,episode_002,1,1021,12,Q4_user_focus_after_enterprise_foothold,medium,DecoyHarakaSMPT,User1,User,DiscoverRemoteSystems,,[],[],"[""Enterprise0"", ""User0"", ""User4""]","[""Enterprise0"", ""User0"", ""User4""]","{""blue_first_relevant_response_after_critical"": 75, ""blue_first_relevant_response_after_enterprise"": 6, ""enterprise_foothold_step"": 5, ""first_critical_hit_step"": 73, ""window_end"": 14, ""window_start"": 12}"
no_constraint_stage2_fair,19,stage2_ext_023_obj_2,closest_candidate,episode_002,1,1021,13,Q4_user_focus_after_enterprise_foothold,medium,Analyse,User2,User,DiscoverNetworkServices,,[],[],"[""Enterprise0"", ""User0"", ""User4""]","[""Enterprise0"", ""User0"", ""User4""]","{""blue_first_relevant_response_after_critical"": 75, ""blue_first_relevant_response_after_enterprise"": 6, ""enterprise_foothold_step"": 5, ""first_critical_hit_step"": 73, ""window_end"": 15, ""window_start"": 13}"
no_constraint_stage2_fair,19,stage2_ext_023_obj_2,closest_candidate,episode_002,1,1021,28,Q4_user_focus_after_enterprise_foothold,medium,DecoyTomcat,User0,User,DiscoverNetworkServices,,[],[],"[""Enterprise0"", ""User0"", ""User4""]","[""Enterprise0"", ""User0"", ""User4""]","{""blue_first_relevant_response_after_critical"": 75, ""blue_first_relevant_response_after_enterprise"": 6, ""enterprise_foothold_step"": 5, ""first_critical_hit_step"": 73, ""window_end"": 30, ""window_start"": 28}"
no_constraint_stage2_fair,19,stage2_ext_023_obj_2,closest_candidate,episode_002,1,1021,29,Q4_user_focus_after_enterprise_foothold,medium,Analyse,User1,User,ExploitRemoteService,,[],[],"[""Enterprise0"", ""User0"", ""User4""]","[""Enterprise0"", ""User0"", ""User4""]","{""blue_first_relevant_response_after_critical"": 75, ""blue_first_relevant_response_after_enterprise"": 6, ""enterprise_foothold_step"": 5, ""first_critical_hit_step"": 73, ""window_end"": 31, ""window_start"": 29}"
no_constraint_stage2_fair,19,stage2_ext_023_obj_2,closest_candidate,episode_002,1,1021,30,Q4_user_focus_after_enterprise_foothold,medium,Analyse,User2,User,ExploitRemoteService,,[],[],"[""Enterprise0"", ""User0"", ""User4""]","[""Enterprise0"", ""User0"", ""User4""]","{""blue_first_relevant_response_after_critical"": 75, ""blue_first_relevant_response_after_enterprise"": 6, ""enterprise_foothold_step"": 5, ""first_critical_hit_step"": 73, ""window_end"": 32, ""window_start"": 30}"
no_constraint_stage2_fair,19,stage2_ext_023_obj_2,closest_candidate,episode_002,1,1021,31,Q4_user_focus_after_enterprise_foothold,medium,DecoyApache,User1,User,PrivilegeEscalate,Enterprise0,[],[],"[""Enterprise0"", ""User0"", ""User4""]","[""Enterprise0"", ""User0"", ""User4""]","{""blue_first_relevant_response_after_critical"": 75, ""blue_first_relevant_response_after_enterprise"": 6, ""enterprise_foothold_step"": 5, ""first_critical_hit_step"": 73, ""window_end"": 33, ""window_start"": 31}"
no_constraint_stage2_fair,19,stage2_ext_023_obj_2,closest_candidate,episode_002,1,1021,41,Q4_user_focus_after_enterprise_foothold,medium,Remove,User3,User,ExploitRemoteService,,[],[],"[""Enterprise0"", ""Enterprise2"", ""User0"", ""User4""]","[""Enterprise0"", ""Enterprise2"", ""User0"", ""User4""]","{""blue_first_relevant_response_after_critical"": 75, ""blue_first_relevant_response_after_enterprise"": 6, ""enterprise_foothold_step"": 5, ""first_critical_hit_step"": 73, ""window_end"": 43, ""window_start"": 41}"
no_constraint_stage2_fair,19,stage2_ext_023_obj_2,closest_candidate,episode_002,1,1021,42,Q4_user_focus_after_enterprise_foothold,medium,Analyse,User0,User,ExploitRemoteService,,[],[],"[""Enterprise0"", ""Enterprise2"", ""User0"", ""User4""]","[""Enterprise0"", ""Enterprise2"", ""User0"", ""User4""]","{""blue_first_relevant_response_after_critical"": 75, ""blue_first_relevant_response_after_enterprise"": 6, ""enterprise_foothold_step"": 5, ""first_critical_hit_step"": 73, ""window_end"": 44, ""window_start"": 42}"
no_constraint_stage2_fair,19,stage2_ext_023_obj_2,closest_candidate,episode_002,1,1021,43,Q4_user_focus_after_enterprise_foothold,medium,Analyse,User2,User,PrivilegeEscalate,Enterprise2,[],[],"[""Enterprise0"", ""Enterprise2"", ""User0"", ""User4""]","[""Enterprise0"", ""Enterprise2"", ""User0"", ""User4""]","{""blue_first_relevant_response_after_critical"": 75, ""blue_first_relevant_response_after_enterprise"": 6, ""enterprise_foothold_step"": 5, ""first_critical_hit_step"": 73, ""window_end"": 45, ""window_start"": 43}"
no_constraint_stage2_fair,19,stage2_ext_023_obj_2,closest_candidate,episode_002,1,1021,58,Q4_user_focus_after_enterprise_foothold,medium,Analyse,User1,User,PrivilegeEscalate,Enterprise0,[],[],"[""Enterprise0"", ""Enterprise2"", ""User0"", ""User4""]","[""Enterprise0"", ""Enterprise2"", ""User0"", ""User4""]","{""blue_first_relevant_response_after_critical"": 75, ""blue_first_relevant_response_after_enterprise"": 6, ""enterprise_foothold_step"": 5, ""first_critical_hit_step"": 73, ""window_end"": 60, ""window_start"": 58}"
no_constraint_stage2_fair,19,stage2_ext_023_obj_2,closest_candidate,episode_002,1,1021,59,Q4_user_focus_after_enterprise_foothold,medium,Analyse,User0,User,DiscoverRemoteSystems,,[],[],"[""Enterprise0"", ""Enterprise2"", ""User0"", ""User4""]","[""Enterprise0"", ""Enterprise2"", ""User0"", ""User4""]","{""blue_first_relevant_response_after_critical"": 75, ""blue_first_relevant_response_after_enterprise"": 6, ""enterprise_foothold_step"": 5, ""first_critical_hit_step"": 73, ""window_end"": 61, ""window_start"": 59}"
no_constraint_stage2_fair,19,stage2_ext_023_obj_2,closest_candidate,episode_002,1,1021,84,Q4_user_focus_after_enterprise_foothold,medium,DecoyFemitter,User1,User,Impact,Op_Server0,"[""Op_Server0""]","[""Op_Server0""]","[""Enterprise0"", ""Enterprise2"", ""Op_Server0"", ""User0"", ""User4""]","[""Enterprise0"", ""Enterprise2"", ""Op_Server0"", ""User0"", ""User4""]","{""blue_first_relevant_response_after_critical"": 75, ""blue_first_relevant_response_after_enterprise"": 6, ""enterprise_foothold_step"": 5, ""first_critical_hit_step"": 73, ""window_end"": 86, ""window_start"": 84}"
no_constraint_stage2_fair,19,stage2_ext_023_obj_2,closest_candidate,episode_002,1,1021,88,Q4_user_focus_after_enterprise_foothold,medium,Analyse,User2,User,Impact,Op_Server0,"[""Op_Server0""]","[""Op_Server0""]","[""Enterprise0"", ""Enterprise2"", ""Op_Server0"", ""User0"", ""User4""]","[""Enterprise0"", ""Enterprise2"", ""Op_Server0"", ""User0"", ""User4""]","{""blue_first_relevant_response_after_critical"": 75, ""blue_first_relevant_response_after_enterprise"": 6, ""enterprise_foothold_step"": 5, ""first_critical_hit_step"": 73, ""window_end"": 90, ""window_start"": 88}"
no_constraint_stage2_fair,19,stage2_ext_023_obj_2,closest_candidate,episode_002,1,1021,89,Q4_user_focus_after_enterprise_foothold,medium,Analyse,User1,User,Impact,Op_Server0,"[""Op_Server0""]","[""Op_Server0""]","[""Enterprise0"", ""Enterprise2"", ""Op_Server0"", ""User0"", ""User4""]","[""Enterprise0"", ""Enterprise2"", ""Op_Server0"", ""User0"", ""User4""]","{""blue_first_relevant_response_after_critical"": 75, ""blue_first_relevant_response_after_enterprise"": 6, ""enterprise_foothold_step"": 5, ""first_critical_hit_step"": 73, ""window_end"": 91, ""window_start"": 89}"
no_constraint_stage2_fair,19,stage2_ext_023_obj_2,closest_candidate,episode_002,1,1021,90,Q4_user_focus_after_enterprise_foothold,medium,DecoyTomcat,User3,User,Impact,Op_Server0,"[""Op_Server0""]","[""Op_Server0""]","[""Enterprise0"", ""Enterprise2"", ""Op_Server0"", ""User0"", ""User4""]","[""Enterprise0"", ""Enterprise2"", ""Op_Server0"", ""User0"", ""User4""]","{""blue_first_relevant_response_after_critical"": 75, ""blue_first_relevant_response_after_enterprise"": 6, ""enterprise_foothold_step"": 5, ""first_critical_hit_step"": 73, ""window_end"": 92, ""window_start"": 90}"
no_constraint_stage2_fair,19,stage2_ext_023_obj_2,closest_candidate,episode_002,2,2021,13,Q2_user_action_during_critical_breach,high,Analyse,User1,User,PrivilegeEscalate,Op_Server0,"[""Op_Server0""]","[""Op_Server0""]","[""Enterprise1"", ""Enterprise2"", ""Op_Server0"", ""User0"", ""User2""]","[""Enterprise1"", ""Enterprise2"", ""Op_Server0"", ""User0"", ""User2""]","{""blue_first_relevant_response_after_critical"": 16, ""blue_first_relevant_response_after_enterprise"": 8, ""enterprise_foothold_step"": 5, ""first_critical_hit_step"": 12, ""window_end"": null, ""window_start"": null}"
no_constraint_stage2_fair,19,stage2_ext_023_obj_2,closest_candidate,episode_002,2,2021,15,Q2_user_action_during_critical_breach,high,DecoyApache,User1,User,Impact,Op_Server0,"[""Op_Server0""]","[""Op_Server0""]","[""Enterprise1"", ""Enterprise2"", ""Op_Server0"", ""User0"", ""User2""]","[""Enterprise1"", ""Enterprise2"", ""Op_Server0"", ""User0"", ""User2""]","{""blue_first_relevant_response_after_critical"": 16, ""blue_first_relevant_response_after_enterprise"": 8, ""enterprise_foothold_step"": 5, ""first_critical_hit_step"": 12, ""window_end"": null, ""window_start"": null}"
no_constraint_stage2_fair,19,stage2_ext_023_obj_2,closest_candidate,episode_002,2,2021,20,Q2_user_action_during_critical_breach,high,Analyse,User0,User,Impact,Op_Server0,"[""Op_Server0""]","[""Op_Server0""]","[""Enterprise1"", ""Enterprise2"", ""Op_Server0"", ""User0"", ""User2""]","[""Enterprise1"", ""Enterprise2"", ""Op_Server0"", ""User0"", ""User2""]","{""blue_first_relevant_response_after_critical"": 16, ""blue_first_relevant_response_after_enterprise"": 8, ""enterprise_foothold_step"": 5, ""first_critical_hit_step"": 12, ""window_end"": null, ""window_start"": null}"
no_constraint_stage2_fair,19,stage2_ext_023_obj_2,closest_candidate,episode_002,2,2021,22,Q2_user_action_during_critical_breach,high,Analyse,User0,User,Impact,Op_Server0,"[""Op_Server0""]","[""Op_Server0""]","[""Enterprise1"", ""Enterprise2"", ""Op_Server0"", ""User0"", ""User2""]","[""Enterprise1"", ""Enterprise2"", ""Op_Server0"", ""User0"", ""User2""]","{""blue_first_relevant_response_after_critical"": 16, ""blue_first_relevant_response_after_enterprise"": 8, ""enterprise_foothold_step"": 5, ""first_critical_hit_step"": 12, ""window_end"": null, ""window_start"": null}"
no_constraint_stage2_fair,19,stage2_ext_023_obj_2,closest_candidate,episode_002,2,2021,25,Q2_user_action_during_critical_breach,high,Analyse,User2,User,Impact,Op_Server0,"[""Op_Server0""]","[""Op_Server0""]","[""Enterprise1"", ""Enterprise2"", ""Op_Server0"", ""User0"", ""User2""]","[""Enterprise1"", ""Enterprise2"", ""Op_Server0"", ""User0"", ""User2""]","{""blue_first_relevant_response_after_critical"": 16, ""blue_first_relevant_response_after_enterprise"": 8, ""enterprise_foothold_step"": 5, ""first_critical_hit_step"": 12, ""window_end"": null, ""window_start"": null}"
no_constraint_stage2_fair,19,stage2_ext_023_obj_2,closest_candidate,episode_002,2,2021,26,Q2_user_action_during_critical_breach,high,Analyse,User2,User,Impact,Op_Server0,"[""Op_Server0""]","[""Op_Server0""]","[""Enterprise1"", ""Enterprise2"", ""Op_Server0"", ""User0"", ""User2""]","[""Enterprise1"", ""Enterprise2"", ""Op_Server0"", ""User0"", ""User2""]","{""blue_first_relevant_response_after_critical"": 16, ""blue_first_relevant_response_after_enterprise"": 8, ""enterprise_foothold_step"": 5, ""first_critical_hit_step"": 12, ""window_end"": null, ""window_start"": null}"
no_constraint_stage2_fair,19,stage2_ext_023_obj_2,closest_candidate,episode_002,2,2021,27,Q2_user_action_during_critical_breach,high,DecoySSHD,User4,User,Impact,Op_Server0,"[""Op_Server0""]","[""Op_Server0""]","[""Enterprise1"", ""Enterprise2"", ""Op_Server0"", ""User0"", ""User2""]","[""Enterprise1"", ""Enterprise2"", ""Op_Server0"", ""User0"", ""User2""]","{""blue_first_relevant_response_after_critical"": 16, ""blue_first_relevant_response_after_enterprise"": 8, ""enterprise_foothold_step"": 5, ""first_critical_hit_step"": 12, ""window_end"": null, ""window_start"": null}"
no_constraint_stage2_fair,19,stage2_ext_023_obj_2,closest_candidate,episode_002,2,2021,30,Q2_user_action_during_critical_breach,high,DecoyTomcat,User3,User,Impact,Op_Server0,"[""Op_Server0""]","[""Op_Server0""]","[""Enterprise1"", ""Enterprise2"", ""Op_Server0"", ""User0"", ""User2""]","[""Enterprise1"", ""Enterprise2"", ""Op_Server0"", ""User0"", ""User2""]","{""blue_first_relevant_response_after_critical"": 16, ""blue_first_relevant_response_after_enterprise"": 8, ""enterprise_foothold_step"": 5, ""first_critical_hit_step"": 12, ""window_end"": null, ""window_start"": null}"
no_constraint_stage2_fair,19,stage2_ext_023_obj_2,closest_candidate,episode_002,2,2021,31,Q2_user_action_during_critical_breach,high,Analyse,User0,User,Impact,Op_Server0,"[""Op_Server0""]","[""Op_Server0""]","[""Enterprise1"", ""Enterprise2"", ""Op_Server0"", ""User0"", ""User2""]","[""Enterprise1"", ""Enterprise2"", ""Op_Server0"", ""User0"", ""User2""]","{""blue_first_relevant_response_after_critical"": 16, ""blue_first_relevant_response_after_enterprise"": 8, ""enterprise_foothold_step"": 5, ""first_critical_hit_step"": 12, ""window_end"": null, ""window_start"": null}"
no_constraint_stage2_fair,19,stage2_ext_023_obj_2,closest_candidate,episode_002,2,2021,33,Q2_user_action_during_critical_breach,high,Analyse,User2,User,Impact,Op_Server0,"[""Op_Server0""]","[""Op_Server0""]","[""Enterprise1"", ""Enterprise2"", ""Op_Server0"", ""User0"", ""User2""]","[""Enterprise1"", ""Enterprise2"", ""Op_Server0"", ""User0"", ""User2""]","{""blue_first_relevant_response_after_critical"": 16, ""blue_first_relevant_response_after_enterprise"": 8, ""enterprise_foothold_step"": 5, ""first_critical_hit_step"": 12, ""window_end"": null, ""window_start"": null}"
no_constraint_stage2_fair,19,stage2_ext_023_obj_2,closest_candidate,episode_002,2,2021,35,Q2_user_action_during_critical_breach,high,Analyse,User0,User,Impact,Op_Server0,"[""Op_Server0""]","[""Op_Server0""]","[""Enterprise1"", ""Enterprise2"", ""Op_Server0"", ""User0"", ""User2""]","[""Enterprise1"", ""Enterprise2"", ""Op_Server0"", ""User0"", ""User2""]","{""blue_first_relevant_response_after_critical"": 16, ""blue_first_relevant_response_after_enterprise"": 8, ""enterprise_foothold_step"": 5, ""first_critical_hit_step"": 12, ""window_end"": null, ""window_start"": null}"
no_constraint_stage2_fair,19,stage2_ext_023_obj_2,closest_candidate,episode_002,2,2021,36,Q2_user_action_during_critical_breach,high,Analyse,User2,User,Impact,Op_Server0,"[""Op_Server0""]","[""Op_Server0""]","[""Enterprise1"", ""Enterprise2"", ""Op_Server0"", ""User0"", ""User2""]","[""Enterprise1"", ""Enterprise2"", ""Op_Server0"", ""User0"", ""User2""]","{""blue_first_relevant_response_after_critical"": 16, ""blue_first_relevant_response_after_enterprise"": 8, ""enterprise_foothold_step"": 5, ""first_critical_hit_step"": 12, ""window_end"": null, ""window_start"": null}"
no_constraint_stage2_fair,19,stage2_ext_023_obj_2,closest_candidate,episode_002,2,2021,39,Q2_user_action_during_critical_breach,high,DecoyHarakaSMPT,User1,User,Impact,Op_Server0,"[""Op_Server0""]","[""Op_Server0""]","[""Enterprise1"", ""Enterprise2"", ""Op_Server0"", ""User0"", ""User2""]","[""Enterprise1"", ""Enterprise2"", ""Op_Server0"", ""User0"", ""User2""]","{""blue_first_relevant_response_after_critical"": 16, ""blue_first_relevant_response_after_enterprise"": 8, ""enterprise_foothold_step"": 5, ""first_critical_hit_step"": 12, ""window_end"": null, ""window_start"": null}"
no_constraint_stage2_fair,19,stage2_ext_023_obj_2,closest_candidate,episode_002,2,2021,41,Q2_user_action_during_critical_breach,high,Analyse,User2,User,Impact,Op_Server0,"[""Op_Server0""]","[""Op_Server0""]","[""Enterprise1"", ""Enterprise2"", ""Op_Server0"", ""User0"", ""User2""]","[""Enterprise1"", ""Enterprise2"", ""Op_Server0"", ""User0"", ""User2""]","{""blue_first_relevant_response_after_critical"": 16, ""blue_first_relevant_response_after_enterprise"": 8, ""enterprise_foothold_step"": 5, ""first_critical_hit_step"": 12, ""window_end"": null, ""window_start"": null}"
no_constraint_stage2_fair,19,stage2_ext_023_obj_2,closest_candidate,episode_002,2,2021,43,Q2_user_action_during_critical_breach,high,Analyse,User2,User,Impact,Op_Server0,"[""Op_Server0""]","[""Op_Server0""]","[""Enterprise1"", ""Enterprise2"", ""Op_Server0"", ""User0"", ""User2""]","[""Enterprise1"", ""Enterprise2"", ""Op_Server0"", ""User0"", ""User2""]","{""blue_first_relevant_response_after_critical"": 16, ""blue_first_relevant_response_after_enterprise"": 8, ""enterprise_foothold_step"": 5, ""first_critical_hit_step"": 12, ""window_end"": null, ""window_start"": null}"
no_constraint_stage2_fair,19,stage2_ext_023_obj_2,closest_candidate,episode_002,2,2021,44,Q2_user_action_during_critical_breach,high,DecoyTomcat,User3,User,Impact,Op_Server0,"[""Op_Server0""]","[""Op_Server0""]","[""Enterprise1"", ""Enterprise2"", ""Op_Server0"", ""User0"", ""User2""]","[""Enterprise1"", ""Enterprise2"", ""Op_Server0"", ""User0"", ""User2""]","{""blue_first_relevant_response_after_critical"": 16, ""blue_first_relevant_response_after_enterprise"": 8, ""enterprise_foothold_step"": 5, ""first_critical_hit_step"": 12, ""window_end"": null, ""window_start"": null}"
no_constraint_stage2_fair,19,stage2_ext_023_obj_2,closest_candidate,episode_002,2,2021,46,Q2_user_action_during_critical_breach,high,DecoyTomcat,User3,User,Impact,Op_Server0,"[""Op_Server0""]","[""Op_Server0""]","[""Enterprise1"", ""Enterprise2"", ""Op_Server0"", ""User0"", ""User2""]","[""Enterprise1"", ""Enterprise2"", ""Op_Server0"", ""User0"", ""User2""]","{""blue_first_relevant_response_after_critical"": 16, ""blue_first_relevant_response_after_enterprise"": 8, ""enterprise_foothold_step"": 5, ""first_critical_hit_step"": 12, ""window_end"": null, ""window_start"": null}"
no_constraint_stage2_fair,19,stage2_ext_023_obj_2,closest_candidate,episode_002,2,2021,49,Q2_user_action_during_critical_breach,high,DecoyHarakaSMPT,User0,User,Impact,Op_Server0,"[""Op_Server0""]","[""Op_Server0""]","[""Enterprise1"", ""Enterprise2"", ""Op_Server0"", ""User0"", ""User2""]","[""Enterprise1"", ""Enterprise2"", ""Op_Server0"", ""User0"", ""User2""]","{""blue_first_relevant_response_after_critical"": 16, ""blue_first_relevant_response_after_enterprise"": 8, ""enterprise_foothold_step"": 5, ""first_critical_hit_step"": 12, ""window_end"": null, ""window_start"": null}"
no_constraint_stage2_fair,19,stage2_ext_023_obj_2,closest_candidate,episode_002,2,2021,51,Q2_user_action_during_critical_breach,high,Analyse,User2,User,Impact,Op_Server0,"[""Op_Server0""]","[""Op_Server0""]","[""Enterprise1"", ""Enterprise2"", ""Op_Server0"", ""User0"", ""User2""]","[""Enterprise1"", ""Enterprise2"", ""Op_Server0"", ""User0"", ""User2""]","{""blue_first_relevant_response_after_critical"": 16, ""blue_first_relevant_response_after_enterprise"": 8, ""enterprise_foothold_step"": 5, ""first_critical_hit_step"": 12, ""window_end"": null, ""window_start"": null}"
no_constraint_stage2_fair,19,stage2_ext_023_obj_2,closest_candidate,episode_002,2,2021,53,Q2_user_action_during_critical_breach,high,DecoyHarakaSMPT,User1,User,Impact,Op_Server0,"[""Op_Server0""]","[""Op_Server0""]","[""Enterprise1"", ""Enterprise2"", ""Op_Server0"", ""User0"", ""User2""]","[""Enterprise1"", ""Enterprise2"", ""Op_Server0"", ""User0"", ""User2""]","{""blue_first_relevant_response_after_critical"": 16, ""blue_first_relevant_response_after_enterprise"": 8, ""enterprise_foothold_step"": 5, ""first_critical_hit_step"": 12, ""window_end"": null, ""window_start"": null}"
no_constraint_stage2_fair,19,stage2_ext_023_obj_2,closest_candidate,episode_002,2,2021,54,Q2_user_action_during_critical_breach,high,Analyse,User2,User,Impact,Op_Server0,"[""Op_Server0""]","[""Op_Server0""]","[""Enterprise1"", ""Enterprise2"", ""Op_Server0"", ""User0"", ""User2""]","[""Enterprise1"", ""Enterprise2"", ""Op_Server0"", ""User0"", ""User2""]","{""blue_first_relevant_response_after_critical"": 16, ""blue_first_relevant_response_after_enterprise"": 8, ""enterprise_foothold_step"": 5, ""first_critical_hit_step"": 12, ""window_end"": null, ""window_start"": null}"
no_constraint_stage2_fair,19,stage2_ext_023_obj_2,closest_candidate,episode_002,2,2021,55,Q2_user_action_during_critical_breach,high,Remove,User3,User,Impact,Op_Server0,"[""Op_Server0""]","[""Op_Server0""]","[""Enterprise1"", ""Enterprise2"", ""Op_Server0"", ""User0"", ""User2""]","[""Enterprise1"", ""Enterprise2"", ""Op_Server0"", ""User0"", ""User2""]","{""blue_first_relevant_response_after_critical"": 16, ""blue_first_relevant_response_after_enterprise"": 8, ""enterprise_foothold_step"": 5, ""first_critical_hit_step"": 12, ""window_end"": null, ""window_start"": null}"
no_constraint_stage2_fair,19,stage2_ext_023_obj_2,closest_candidate,episode_002,2,2021,56,Q2_user_action_during_critical_breach,high,DecoyTomcat,User3,User,Impact,Op_Server0,"[""Op_Server0""]","[""Op_Server0""]","[""Enterprise1"", ""Enterprise2"", ""Op_Server0"", ""User0"", ""User2""]","[""Enterprise1"", ""Enterprise2"", ""Op_Server0"", ""User0"", ""User2""]","{""blue_first_relevant_response_after_critical"": 16, ""blue_first_relevant_response_after_enterprise"": 8, ""enterprise_foothold_step"": 5, ""first_critical_hit_step"": 12, ""window_end"": null, ""window_start"": null}"
no_constraint_stage2_fair,19,stage2_ext_023_obj_2,closest_candidate,episode_002,2,2021,58,Q2_user_action_during_critical_breach,high,Analyse,User2,User,Impact,Op_Server0,"[""Op_Server0""]","[""Op_Server0""]","[""Enterprise1"", ""Enterprise2"", ""Op_Server0"", ""User0"", ""User2""]","[""Enterprise1"", ""Enterprise2"", ""Op_Server0"", ""User0"", ""User2""]","{""blue_first_relevant_response_after_critical"": 16, ""blue_first_relevant_response_after_enterprise"": 8, ""enterprise_foothold_step"": 5, ""first_critical_hit_step"": 12, ""window_end"": null, ""window_start"": null}"
no_constraint_stage2_fair,19,stage2_ext_023_obj_2,closest_candidate,episode_002,2,2021,59,Q2_user_action_during_critical_breach,high,Analyse,User2,User,Impact,Op_Server0,"[""Op_Server0""]","[""Op_Server0""]","[""Enterprise1"", ""Enterprise2"", ""Op_Server0"", ""User0"", ""User2""]","[""Enterprise1"", ""Enterprise2"", ""Op_Server0"", ""User0"", ""User2""]","{""blue_first_relevant_response_after_critical"": 16, ""blue_first_relevant_response_after_enterprise"": 8, ""enterprise_foothold_step"": 5, ""first_critical_hit_step"": 12, ""window_end"": null, ""window_start"": null}"
no_constraint_stage2_fair,19,stage2_ext_023_obj_2,closest_candidate,episode_002,2,2021,60,Q2_user_action_during_critical_breach,high,Analyse,User0,User,Impact,Op_Server0,"[""Op_Server0""]","[""Op_Server0""]","[""Enterprise1"", ""Enterprise2"", ""Op_Server0"", ""User0"", ""User2""]","[""Enterprise1"", ""Enterprise2"", ""Op_Server0"", ""User0"", ""User2""]","{""blue_first_relevant_response_after_critical"": 16, ""blue_first_relevant_response_after_enterprise"": 8, ""enterprise_foothold_step"": 5, ""first_critical_hit_step"": 12, ""window_end"": null, ""window_start"": null}"
no_constraint_stage2_fair,19,stage2_ext_023_obj_2,closest_candidate,episode_002,2,2021,61,Q2_user_action_during_critical_breach,high,Analyse,User2,User,Impact,Op_Server0,"[""Op_Server0""]","[""Op_Server0""]","[""Enterprise1"", ""Enterprise2"", ""Op_Server0"", ""User0"", ""User2""]","[""Enterprise1"", ""Enterprise2"", ""Op_Server0"", ""User0"", ""User2""]","{""blue_first_relevant_response_after_critical"": 16, ""blue_first_relevant_response_after_enterprise"": 8, ""enterprise_foothold_step"": 5, ""first_critical_hit_step"": 12, ""window_end"": null, ""window_start"": null}"
no_constraint_stage2_fair,19,stage2_ext_023_obj_2,closest_candidate,episode_002,2,2021,63,Q2_user_action_during_critical_breach,high,Analyse,User2,User,Impact,Op_Server0,"[""Op_Server0""]","[""Op_Server0""]","[""Enterprise1"", ""Enterprise2"", ""Op_Server0"", ""User0"", ""User2""]","[""Enterprise1"", ""Enterprise2"", ""Op_Server0"", ""User0"", ""User2""]","{""blue_first_relevant_response_after_critical"": 16, ""blue_first_relevant_response_after_enterprise"": 8, ""enterprise_foothold_step"": 5, ""first_critical_hit_step"": 12, ""window_end"": null, ""window_start"": null}"
no_constraint_stage2_fair,19,stage2_ext_023_obj_2,closest_candidate,episode_002,2,2021,64,Q2_user_action_during_critical_breach,high,Remove,User3,User,Impact,Op_Server0,"[""Op_Server0""]","[""Op_Server0""]","[""Enterprise1"", ""Enterprise2"", ""Op_Server0"", ""User0"", ""User2""]","[""Enterprise1"", ""Enterprise2"", ""Op_Server0"", ""User0"", ""User2""]","{""blue_first_relevant_response_after_critical"": 16, ""blue_first_relevant_response_after_enterprise"": 8, ""enterprise_foothold_step"": 5, ""first_critical_hit_step"": 12, ""window_end"": null, ""window_start"": null}"
no_constraint_stage2_fair,19,stage2_ext_023_obj_2,closest_candidate,episode_002,2,2021,67,Q2_user_action_during_critical_breach,high,Analyse,User2,User,Impact,Op_Server0,"[""Op_Server0""]","[""Op_Server0""]","[""Enterprise1"", ""Enterprise2"", ""Op_Server0"", ""User0"", ""User2""]","[""Enterprise1"", ""Enterprise2"", ""Op_Server0"", ""User0"", ""User2""]","{""blue_first_relevant_response_after_critical"": 16, ""blue_first_relevant_response_after_enterprise"": 8, ""enterprise_foothold_step"": 5, ""first_critical_hit_step"": 12, ""window_end"": null, ""window_start"": null}"
no_constraint_stage2_fair,19,stage2_ext_023_obj_2,closest_candidate,episode_002,2,2021,70,Q2_user_action_during_critical_breach,high,Analyse,User0,User,Impact,Op_Server0,"[""Op_Server0""]","[""Op_Server0""]","[""Enterprise1"", ""Enterprise2"", ""Op_Server0"", ""User0"", ""User2""]","[""Enterprise1"", ""Enterprise2"", ""Op_Server0"", ""User0"", ""User2""]","{""blue_first_relevant_response_after_critical"": 16, ""blue_first_relevant_response_after_enterprise"": 8, ""enterprise_foothold_step"": 5, ""first_critical_hit_step"": 12, ""window_end"": null, ""window_start"": null}"
no_constraint_stage2_fair,19,stage2_ext_023_obj_2,closest_candidate,episode_002,2,2021,71,Q2_user_action_during_critical_breach,high,DecoyTomcat,User3,User,Impact,Op_Server0,"[""Op_Server0""]","[""Op_Server0""]","[""Enterprise1"", ""Enterprise2"", ""Op_Server0"", ""User0"", ""User2""]","[""Enterprise1"", ""Enterprise2"", ""Op_Server0"", ""User0"", ""User2""]","{""blue_first_relevant_response_after_critical"": 16, ""blue_first_relevant_response_after_enterprise"": 8, ""enterprise_foothold_step"": 5, ""first_critical_hit_step"": 12, ""window_end"": null, ""window_start"": null}"
no_constraint_stage2_fair,19,stage2_ext_023_obj_2,closest_candidate,episode_002,2,2021,73,Q2_user_action_during_critical_breach,high,Analyse,User2,User,Impact,Op_Server0,"[""Op_Server0""]","[""Op_Server0""]","[""Enterprise1"", ""Enterprise2"", ""Op_Server0"", ""User0"", ""User2""]","[""Enterprise1"", ""Enterprise2"", ""Op_Server0"", ""User0"", ""User2""]","{""blue_first_relevant_response_after_critical"": 16, ""blue_first_relevant_response_after_enterprise"": 8, ""enterprise_foothold_step"": 5, ""first_critical_hit_step"": 12, ""window_end"": null, ""window_start"": null}"
no_constraint_stage2_fair,19,stage2_ext_023_obj_2,closest_candidate,episode_002,2,2021,75,Q2_user_action_during_critical_breach,high,Analyse,User0,User,Impact,Op_Server0,"[""Op_Server0""]","[""Op_Server0""]","[""Enterprise1"", ""Enterprise2"", ""Op_Server0"", ""User0"", ""User2""]","[""Enterprise1"", ""Enterprise2"", ""Op_Server0"", ""User0"", ""User2""]","{""blue_first_relevant_response_after_critical"": 16, ""blue_first_relevant_response_after_enterprise"": 8, ""enterprise_foothold_step"": 5, ""first_critical_hit_step"": 12, ""window_end"": null, ""window_start"": null}"
no_constraint_stage2_fair,19,stage2_ext_023_obj_2,closest_candidate,episode_002,2,2021,77,Q2_user_action_during_critical_breach,high,Analyse,User2,User,Impact,Op_Server0,"[""Op_Server0""]","[""Op_Server0""]","[""Enterprise1"", ""Enterprise2"", ""Op_Server0"", ""User0"", ""User2""]","[""Enterprise1"", ""Enterprise2"", ""Op_Server0"", ""User0"", ""User2""]","{""blue_first_relevant_response_after_critical"": 16, ""blue_first_relevant_response_after_enterprise"": 8, ""enterprise_foothold_step"": 5, ""first_critical_hit_step"": 12, ""window_end"": null, ""window_start"": null}"
no_constraint_stage2_fair,19,stage2_ext_023_obj_2,closest_candidate,episode_002,2,2021,78,Q2_user_action_during_critical_breach,high,Analyse,User2,User,Impact,Op_Server0,"[""Op_Server0""]","[""Op_Server0""]","[""Enterprise1"", ""Enterprise2"", ""Op_Server0"", ""User0"", ""User2""]","[""Enterprise1"", ""Enterprise2"", ""Op_Server0"", ""User0"", ""User2""]","{""blue_first_relevant_response_after_critical"": 16, ""blue_first_relevant_response_after_enterprise"": 8, ""enterprise_foothold_step"": 5, ""first_critical_hit_step"": 12, ""window_end"": null, ""window_start"": null}"
no_constraint_stage2_fair,19,stage2_ext_023_obj_2,closest_candidate,episode_002,2,2021,80,Q2_user_action_during_critical_breach,high,DecoyTomcat,User3,User,Impact,Op_Server0,"[""Op_Server0""]","[""Op_Server0""]","[""Enterprise1"", ""Enterprise2"", ""Op_Server0"", ""User0"", ""User2""]","[""Enterprise1"", ""Enterprise2"", ""Op_Server0"", ""User0"", ""User2""]","{""blue_first_relevant_response_after_critical"": 16, ""blue_first_relevant_response_after_enterprise"": 8, ""enterprise_foothold_step"": 5, ""first_critical_hit_step"": 12, ""window_end"": null, ""window_start"": null}"
no_constraint_stage2_fair,19,stage2_ext_023_obj_2,closest_candidate,episode_002,2,2021,82,Q2_user_action_during_critical_breach,high,Analyse,User0,User,Impact,Op_Server0,"[""Op_Server0""]","[""Op_Server0""]","[""Enterprise1"", ""Enterprise2"", ""Op_Server0"", ""User0"", ""User2""]","[""Enterprise1"", ""Enterprise2"", ""Op_Server0"", ""User0"", ""User2""]","{""blue_first_relevant_response_after_critical"": 16, ""blue_first_relevant_response_after_enterprise"": 8, ""enterprise_foothold_step"": 5, ""first_critical_hit_step"": 12, ""window_end"": null, ""window_start"": null}"
no_constraint_stage2_fair,19,stage2_ext_023_obj_2,closest_candidate,episode_002,2,2021,83,Q2_user_action_during_critical_breach,high,Analyse,User2,User,Impact,Op_Server0,"[""Op_Server0""]","[""Op_Server0""]","[""Enterprise1"", ""Enterprise2"", ""Op_Server0"", ""User0"", ""User2""]","[""Enterprise1"", ""Enterprise2"", ""Op_Server0"", ""User0"", ""User2""]","{""blue_first_relevant_response_after_critical"": 16, ""blue_first_relevant_response_after_enterprise"": 8, ""enterprise_foothold_step"": 5, ""first_critical_hit_step"": 12, ""window_end"": null, ""window_start"": null}"
no_constraint_stage2_fair,19,stage2_ext_023_obj_2,closest_candidate,episode_002,2,2021,84,Q2_user_action_during_critical_breach,high,DecoyHarakaSMPT,User1,User,Impact,Op_Server0,"[""Op_Server0""]","[""Op_Server0""]","[""Enterprise1"", ""Enterprise2"", ""Op_Server0"", ""User0"", ""User2""]","[""Enterprise1"", ""Enterprise2"", ""Op_Server0"", ""User0"", ""User2""]","{""blue_first_relevant_response_after_critical"": 16, ""blue_first_relevant_response_after_enterprise"": 8, ""enterprise_foothold_step"": 5, ""first_critical_hit_step"": 12, ""window_end"": null, ""window_start"": null}"
no_constraint_stage2_fair,19,stage2_ext_023_obj_2,closest_candidate,episode_002,2,2021,85,Q2_user_action_during_critical_breach,high,DecoyApache,User1,User,Impact,Op_Server0,"[""Op_Server0""]","[""Op_Server0""]","[""Enterprise1"", ""Enterprise2"", ""Op_Server0"", ""User0"", ""User2""]","[""Enterprise1"", ""Enterprise2"", ""Op_Server0"", ""User0"", ""User2""]","{""blue_first_relevant_response_after_critical"": 16, ""blue_first_relevant_response_after_enterprise"": 8, ""enterprise_foothold_step"": 5, ""first_critical_hit_step"": 12, ""window_end"": null, ""window_start"": null}"
no_constraint_stage2_fair,19,stage2_ext_023_obj_2,closest_candidate,episode_002,2,2021,89,Q2_user_action_during_critical_breach,high,Analyse,User1,User,Impact,Op_Server0,"[""Op_Server0""]","[""Op_Server0""]","[""Enterprise1"", ""Enterprise2"", ""Op_Server0"", ""User0"", ""User2""]","[""Enterprise1"", ""Enterprise2"", ""Op_Server0"", ""User0"", ""User2""]","{""blue_first_relevant_response_after_critical"": 16, ""blue_first_relevant_response_after_enterprise"": 8, ""enterprise_foothold_step"": 5, ""first_critical_hit_step"": 12, ""window_end"": null, ""window_start"": null}"
no_constraint_stage2_fair,19,stage2_ext_023_obj_2,closest_candidate,episode_002,2,2021,91,Q2_user_action_during_critical_breach,high,DecoyTomcat,User0,User,Impact,Op_Server0,"[""Op_Server0""]","[""Op_Server0""]","[""Enterprise1"", ""Enterprise2"", ""Op_Server0"", ""User0"", ""User2""]","[""Enterprise1"", ""Enterprise2"", ""Op_Server0"", ""User0"", ""User2""]","{""blue_first_relevant_response_after_critical"": 16, ""blue_first_relevant_response_after_enterprise"": 8, ""enterprise_foothold_step"": 5, ""first_critical_hit_step"": 12, ""window_end"": null, ""window_start"": null}"
no_constraint_stage2_fair,19,stage2_ext_023_obj_2,closest_candidate,episode_002,2,2021,92,Q2_user_action_during_critical_breach,high,DecoyTomcat,User0,User,Impact,Op_Server0,"[""Op_Server0""]","[""Op_Server0""]","[""Enterprise1"", ""Enterprise2"", ""Op_Server0"", ""User0"", ""User2""]","[""Enterprise1"", ""Enterprise2"", ""Op_Server0"", ""User0"", ""User2""]","{""blue_first_relevant_response_after_critical"": 16, ""blue_first_relevant_response_after_enterprise"": 8, ""enterprise_foothold_step"": 5, ""first_critical_hit_step"": 12, ""window_end"": null, ""window_start"": null}"
no_constraint_stage2_fair,19,stage2_ext_023_obj_2,closest_candidate,episode_002,2,2021,93,Q2_user_action_during_critical_breach,high,DecoyHarakaSMPT,User1,User,Impact,Op_Server0,"[""Op_Server0""]","[""Op_Server0""]","[""Enterprise1"", ""Enterprise2"", ""Op_Server0"", ""User0"", ""User2""]","[""Enterprise1"", ""Enterprise2"", ""Op_Server0"", ""User0"", ""User2""]","{""blue_first_relevant_response_after_critical"": 16, ""blue_first_relevant_response_after_enterprise"": 8, ""enterprise_foothold_step"": 5, ""first_critical_hit_step"": 12, ""window_end"": null, ""window_start"": null}"
no_constraint_stage2_fair,19,stage2_ext_023_obj_2,closest_candidate,episode_002,2,2021,95,Q2_user_action_during_critical_breach,high,Analyse,User2,User,Impact,Op_Server0,"[""Op_Server0""]","[""Op_Server0""]","[""Enterprise1"", ""Enterprise2"", ""Op_Server0"", ""User0"", ""User2""]","[""Enterprise1"", ""Enterprise2"", ""Op_Server0"", ""User0"", ""User2""]","{""blue_first_relevant_response_after_critical"": 16, ""blue_first_relevant_response_after_enterprise"": 8, ""enterprise_foothold_step"": 5, ""first_critical_hit_step"": 12, ""window_end"": null, ""window_start"": null}"
no_constraint_stage2_fair,19,stage2_ext_023_obj_2,closest_candidate,episode_002,2,2021,97,Q2_user_action_during_critical_breach,high,Analyse,User2,User,Impact,Op_Server0,"[""Op_Server0""]","[""Op_Server0""]","[""Enterprise1"", ""Enterprise2"", ""Op_Server0"", ""User0"", ""User2""]","[""Enterprise1"", ""Enterprise2"", ""Op_Server0"", ""User0"", ""User2""]","{""blue_first_relevant_response_after_critical"": 16, ""blue_first_relevant_response_after_enterprise"": 8, ""enterprise_foothold_step"": 5, ""first_critical_hit_step"": 12, ""window_end"": null, ""window_start"": null}"
no_constraint_stage2_fair,19,stage2_ext_023_obj_2,closest_candidate,episode_002,2,2021,99,Q2_user_action_during_critical_breach,high,DecoyHarakaSMPT,User1,User,Impact,Op_Server0,"[""Op_Server0""]","[""Op_Server0""]","[""Enterprise1"", ""Enterprise2"", ""Op_Server0"", ""User0"", ""User2""]","[""Enterprise1"", ""Enterprise2"", ""Op_Server0"", ""User0"", ""User2""]","{""blue_first_relevant_response_after_critical"": 16, ""blue_first_relevant_response_after_enterprise"": 8, ""enterprise_foothold_step"": 5, ""first_critical_hit_step"": 12, ""window_end"": null, ""window_start"": null}"
no_constraint_stage2_fair,19,stage2_ext_023_obj_2,closest_candidate,episode_002,2,2021,12,Q3_missed_immediate_response_to_critical_hit,high,Analyse,User2,User,ExploitRemoteService,,[],"[""Op_Server0""]","[""Enterprise1"", ""Enterprise2"", ""User0"", ""User2""]","[""Enterprise1"", ""Enterprise2"", ""Op_Server0"", ""User0"", ""User2""]","{""blue_first_relevant_response_after_critical"": 16, ""blue_first_relevant_response_after_enterprise"": 8, ""enterprise_foothold_step"": 5, ""first_critical_hit_step"": 12, ""window_end"": 15, ""window_start"": 13}"
no_constraint_stage2_fair,19,stage2_ext_023_obj_2,closest_candidate,episode_002,2,2021,10,Q4_user_focus_after_enterprise_foothold,medium,DecoySSHD,User4,User,PrivilegeEscalate,Enterprise2,[],[],"[""Enterprise1"", ""Enterprise2"", ""User0"", ""User2""]","[""Enterprise1"", ""Enterprise2"", ""User0"", ""User2""]","{""blue_first_relevant_response_after_critical"": 16, ""blue_first_relevant_response_after_enterprise"": 8, ""enterprise_foothold_step"": 5, ""first_critical_hit_step"": 12, ""window_end"": 12, ""window_start"": 10}"
no_constraint_stage2_fair,19,stage2_ext_023_obj_2,closest_candidate,episode_002,2,2021,11,Q4_user_focus_after_enterprise_foothold,medium,Analyse,User0,User,DiscoverNetworkServices,,[],[],"[""Enterprise1"", ""Enterprise2"", ""User0"", ""User2""]","[""Enterprise1"", ""Enterprise2"", ""User0"", ""User2""]","{""blue_first_relevant_response_after_critical"": 16, ""blue_first_relevant_response_after_enterprise"": 8, ""enterprise_foothold_step"": 5, ""first_critical_hit_step"": 12, ""window_end"": 13, ""window_start"": 11}"
no_constraint_stage2_fair,19,stage2_ext_023_obj_2,closest_candidate,episode_002,2,2021,25,Q4_user_focus_after_enterprise_foothold,medium,Analyse,User2,User,Impact,Op_Server0,"[""Op_Server0""]","[""Op_Server0""]","[""Enterprise1"", ""Enterprise2"", ""Op_Server0"", ""User0"", ""User2""]","[""Enterprise1"", ""Enterprise2"", ""Op_Server0"", ""User0"", ""User2""]","{""blue_first_relevant_response_after_critical"": 16, ""blue_first_relevant_response_after_enterprise"": 8, ""enterprise_foothold_step"": 5, ""first_critical_hit_step"": 12, ""window_end"": 27, ""window_start"": 25}"
no_constraint_stage2_fair,19,stage2_ext_023_obj_2,closest_candidate,episode_002,2,2021,53,Q4_user_focus_after_enterprise_foothold,medium,DecoyHarakaSMPT,User1,User,Impact,Op_Server0,"[""Op_Server0""]","[""Op_Server0""]","[""Enterprise1"", ""Enterprise2"", ""Op_Server0"", ""User0"", ""User2""]","[""Enterprise1"", ""Enterprise2"", ""Op_Server0"", ""User0"", ""User2""]","{""blue_first_relevant_response_after_critical"": 16, ""blue_first_relevant_response_after_enterprise"": 8, ""enterprise_foothold_step"": 5, ""first_critical_hit_step"": 12, ""window_end"": 55, ""window_start"": 53}"
no_constraint_stage2_fair,19,stage2_ext_023_obj_2,closest_candidate,episode_002,2,2021,54,Q4_user_focus_after_enterprise_foothold,medium,Analyse,User2,User,Impact,Op_Server0,"[""Op_Server0""]","[""Op_Server0""]","[""Enterprise1"", ""Enterprise2"", ""Op_Server0"", ""User0"", ""User2""]","[""Enterprise1"", ""Enterprise2"", ""Op_Server0"", ""User0"", ""User2""]","{""blue_first_relevant_response_after_critical"": 16, ""blue_first_relevant_response_after_enterprise"": 8, ""enterprise_foothold_step"": 5, ""first_critical_hit_step"": 12, ""window_end"": 56, ""window_start"": 54}"
no_constraint_stage2_fair,19,stage2_ext_023_obj_2,closest_candidate,episode_002,2,2021,58,Q4_user_focus_after_enterprise_foothold,medium,Analyse,User2,User,Impact,Op_Server0,"[""Op_Server0""]","[""Op_Server0""]","[""Enterprise1"", ""Enterprise2"", ""Op_Server0"", ""User0"", ""User2""]","[""Enterprise1"", ""Enterprise2"", ""Op_Server0"", ""User0"", ""User2""]","{""blue_first_relevant_response_after_critical"": 16, ""blue_first_relevant_response_after_enterprise"": 8, ""enterprise_foothold_step"": 5, ""first_critical_hit_step"": 12, ""window_end"": 60, ""window_start"": 58}"
no_constraint_stage2_fair,19,stage2_ext_023_obj_2,closest_candidate,episode_002,2,2021,59,Q4_user_focus_after_enterprise_foothold,medium,Analyse,User2,User,Impact,Op_Server0,"[""Op_Server0""]","[""Op_Server0""]","[""Enterprise1"", ""Enterprise2"", ""Op_Server0"", ""User0"", ""User2""]","[""Enterprise1"", ""Enterprise2"", ""Op_Server0"", ""User0"", ""User2""]","{""blue_first_relevant_response_after_critical"": 16, ""blue_first_relevant_response_after_enterprise"": 8, ""enterprise_foothold_step"": 5, ""first_critical_hit_step"": 12, ""window_end"": 61, ""window_start"": 59}"
no_constraint_stage2_fair,19,stage2_ext_023_obj_2,closest_candidate,episode_002,2,2021,82,Q4_user_focus_after_enterprise_foothold,medium,Analyse,User0,User,Impact,Op_Server0,"[""Op_Server0""]","[""Op_Server0""]","[""Enterprise1"", ""Enterprise2"", ""Op_Server0"", ""User0"", ""User2""]","[""Enterprise1"", ""Enterprise2"", ""Op_Server0"", ""User0"", ""User2""]","{""blue_first_relevant_response_after_critical"": 16, ""blue_first_relevant_response_after_enterprise"": 8, ""enterprise_foothold_step"": 5, ""first_critical_hit_step"": 12, ""window_end"": 84, ""window_start"": 82}"
no_constraint_stage2_fair,19,stage2_ext_023_obj_2,closest_candidate,episode_002,2,2021,83,Q4_user_focus_after_enterprise_foothold,medium,Analyse,User2,User,Impact,Op_Server0,"[""Op_Server0""]","[""Op_Server0""]","[""Enterprise1"", ""Enterprise2"", ""Op_Server0"", ""User0"", ""User2""]","[""Enterprise1"", ""Enterprise2"", ""Op_Server0"", ""User0"", ""User2""]","{""blue_first_relevant_response_after_critical"": 16, ""blue_first_relevant_response_after_enterprise"": 8, ""enterprise_foothold_step"": 5, ""first_critical_hit_step"": 12, ""window_end"": 85, ""window_start"": 83}"
no_constraint_stage2_fair,19,stage2_ext_023_obj_2,closest_candidate,episode_002,2,2021,91,Q4_user_focus_after_enterprise_foothold,medium,DecoyTomcat,User0,User,Impact,Op_Server0,"[""Op_Server0""]","[""Op_Server0""]","[""Enterprise1"", ""Enterprise2"", ""Op_Server0"", ""User0"", ""User2""]","[""Enterprise1"", ""Enterprise2"", ""Op_Server0"", ""User0"", ""User2""]","{""blue_first_relevant_response_after_critical"": 16, ""blue_first_relevant_response_after_enterprise"": 8, ""enterprise_foothold_step"": 5, ""first_critical_hit_step"": 12, ""window_end"": 93, ""window_start"": 91}"
no_constraint_stage2_fair,19,stage2_ext_023_obj_2,closest_candidate,episode_002,3,3021,10,Q4_user_focus_after_enterprise_foothold,medium,Analyse,User2,User,ExploitRemoteService,,[],[],"[""Enterprise1"", ""User0"", ""User1""]","[""Enterprise1"", ""User0"", ""User1""]","{""blue_first_relevant_response_after_critical"": null, ""blue_first_relevant_response_after_enterprise"": 6, ""enterprise_foothold_step"": 5, ""first_critical_hit_step"": null, ""window_end"": 12, ""window_start"": 10}"
no_constraint_stage2_fair,19,stage2_ext_023_obj_2,closest_candidate,episode_002,3,3021,11,Q4_user_focus_after_enterprise_foothold,medium,DecoyTomcat,User3,User,PrivilegeEscalate,Enterprise1,[],[],"[""Enterprise1"", ""User0"", ""User1""]","[""Enterprise1"", ""User0"", ""User1""]","{""blue_first_relevant_response_after_critical"": null, ""blue_first_relevant_response_after_enterprise"": 6, ""enterprise_foothold_step"": 5, ""first_critical_hit_step"": null, ""window_end"": 13, ""window_start"": 11}"
no_constraint_stage2_fair,19,stage2_ext_023_obj_2,closest_candidate,episode_002,3,3021,12,Q4_user_focus_after_enterprise_foothold,medium,Analyse,User2,User,DiscoverRemoteSystems,,[],[],"[""Enterprise1"", ""User0"", ""User1""]","[""Enterprise1"", ""User0"", ""User1""]","{""blue_first_relevant_response_after_critical"": null, ""blue_first_relevant_response_after_enterprise"": 6, ""enterprise_foothold_step"": 5, ""first_critical_hit_step"": null, ""window_end"": 14, ""window_start"": 12}"
no_constraint_stage2_fair,19,stage2_ext_023_obj_2,closest_candidate,episode_002,3,3021,13,Q4_user_focus_after_enterprise_foothold,medium,DecoyTomcat,User0,User,DiscoverNetworkServices,,[],[],"[""Enterprise1"", ""User0"", ""User1""]","[""Enterprise1"", ""User0"", ""User1""]","{""blue_first_relevant_response_after_critical"": null, ""blue_first_relevant_response_after_enterprise"": 6, ""enterprise_foothold_step"": 5, ""first_critical_hit_step"": null, ""window_end"": 15, ""window_start"": 13}"
no_constraint_stage2_fair,19,stage2_ext_023_obj_2,closest_candidate,episode_002,3,3021,14,Q4_user_focus_after_enterprise_foothold,medium,DecoySSHD,User3,User,ExploitRemoteService,,[],[],"[""Enterprise1"", ""User0"", ""User1""]","[""Enterprise1"", ""User0"", ""User1""]","{""blue_first_relevant_response_after_critical"": null, ""blue_first_relevant_response_after_enterprise"": 6, ""enterprise_foothold_step"": 5, ""first_critical_hit_step"": null, ""window_end"": 16, ""window_start"": 14}"
no_constraint_stage2_fair,19,stage2_ext_023_obj_2,closest_candidate,episode_002,3,3021,15,Q4_user_focus_after_enterprise_foothold,medium,Analyse,User2,User,ExploitRemoteService,,[],[],"[""Enterprise1"", ""User0"", ""User1""]","[""Enterprise1"", ""User0"", ""User1""]","{""blue_first_relevant_response_after_critical"": null, ""blue_first_relevant_response_after_enterprise"": 6, ""enterprise_foothold_step"": 5, ""first_critical_hit_step"": null, ""window_end"": 17, ""window_start"": 15}"
no_constraint_stage2_fair,19,stage2_ext_023_obj_2,closest_candidate,episode_002,3,3021,16,Q4_user_focus_after_enterprise_foothold,medium,DecoyTomcat,User3,User,PrivilegeEscalate,Enterprise1,[],[],"[""Enterprise1"", ""User0"", ""User1""]","[""Enterprise1"", ""User0"", ""User1""]","{""blue_first_relevant_response_after_critical"": null, ""blue_first_relevant_response_after_enterprise"": 6, ""enterprise_foothold_step"": 5, ""first_critical_hit_step"": null, ""window_end"": 18, ""window_start"": 16}"
no_constraint_stage2_fair,19,stage2_ext_023_obj_2,closest_candidate,episode_002,3,3021,26,Q4_user_focus_after_enterprise_foothold,medium,DecoyTomcat,User0,User,PrivilegeEscalate,Enterprise1,[],[],"[""Enterprise1"", ""User0"", ""User1""]","[""Enterprise1"", ""User0"", ""User1""]","{""blue_first_relevant_response_after_critical"": null, ""blue_first_relevant_response_after_enterprise"": 6, ""enterprise_foothold_step"": 5, ""first_critical_hit_step"": null, ""window_end"": 28, ""window_start"": 26}"
no_constraint_stage2_fair,19,stage2_ext_023_obj_2,closest_candidate,episode_002,3,3021,27,Q4_user_focus_after_enterprise_foothold,medium,Analyse,User2,User,DiscoverRemoteSystems,,[],[],"[""Enterprise1"", ""User0"", ""User1""]","[""Enterprise1"", ""User0"", ""User1""]","{""blue_first_relevant_response_after_critical"": null, ""blue_first_relevant_response_after_enterprise"": 6, ""enterprise_foothold_step"": 5, ""first_critical_hit_step"": null, ""window_end"": 29, ""window_start"": 27}"
no_constraint_stage2_fair,19,stage2_ext_023_obj_2,closest_candidate,episode_002,3,3021,53,Q4_user_focus_after_enterprise_foothold,medium,Analyse,User0,User,ExploitRemoteService,,[],[],"[""Enterprise1"", ""Enterprise2"", ""User0"", ""User1""]","[""Enterprise1"", ""Enterprise2"", ""User0"", ""User1""]","{""blue_first_relevant_response_after_critical"": null, ""blue_first_relevant_response_after_enterprise"": 6, ""enterprise_foothold_step"": 5, ""first_critical_hit_step"": null, ""window_end"": 55, ""window_start"": 53}"
no_constraint_stage2_fair,19,stage2_ext_023_obj_2,closest_candidate,episode_002,3,3021,54,Q4_user_focus_after_enterprise_foothold,medium,Analyse,User2,User,PrivilegeEscalate,Enterprise1,[],[],"[""Enterprise1"", ""Enterprise2"", ""User0"", ""User1""]","[""Enterprise1"", ""Enterprise2"", ""User0"", ""User1""]","{""blue_first_relevant_response_after_critical"": null, ""blue_first_relevant_response_after_enterprise"": 6, ""enterprise_foothold_step"": 5, ""first_critical_hit_step"": null, ""window_end"": 56, ""window_start"": 54}"
no_constraint_stage2_fair,19,stage2_ext_023_obj_2,closest_candidate,episode_002,3,3021,55,Q4_user_focus_after_enterprise_foothold,medium,Analyse,User2,User,DiscoverRemoteSystems,,[],[],"[""Enterprise1"", ""Enterprise2"", ""User0"", ""User1""]","[""Enterprise1"", ""Enterprise2"", ""User0"", ""User1""]","{""blue_first_relevant_response_after_critical"": null, ""blue_first_relevant_response_after_enterprise"": 6, ""enterprise_foothold_step"": 5, ""first_critical_hit_step"": null, ""window_end"": 57, ""window_start"": 55}"
no_constraint_stage2_fair,19,stage2_ext_023_obj_2,closest_candidate,episode_002,3,3021,56,Q4_user_focus_after_enterprise_foothold,medium,Analyse,User2,User,DiscoverNetworkServices,,[],[],"[""Enterprise1"", ""Enterprise2"", ""User0"", ""User1""]","[""Enterprise1"", ""Enterprise2"", ""User0"", ""User1""]","{""blue_first_relevant_response_after_critical"": null, ""blue_first_relevant_response_after_enterprise"": 6, ""enterprise_foothold_step"": 5, ""first_critical_hit_step"": null, ""window_end"": 58, ""window_start"": 56}"
no_constraint_stage2_fair,19,stage2_ext_023_obj_2,closest_candidate,episode_002,3,3021,57,Q4_user_focus_after_enterprise_foothold,medium,DecoyTomcat,User3,User,ExploitRemoteService,,[],[],"[""Enterprise1"", ""Enterprise2"", ""User0"", ""User1""]","[""Enterprise1"", ""Enterprise2"", ""User0"", ""User1""]","{""blue_first_relevant_response_after_critical"": null, ""blue_first_relevant_response_after_enterprise"": 6, ""enterprise_foothold_step"": 5, ""first_critical_hit_step"": null, ""window_end"": 59, ""window_start"": 57}"
no_constraint_stage2_fair,19,stage2_ext_023_obj_2,closest_candidate,episode_002,3,3021,58,Q4_user_focus_after_enterprise_foothold,medium,Analyse,User2,User,ExploitRemoteService,,[],[],"[""Enterprise1"", ""Enterprise2"", ""User0"", ""User1""]","[""Enterprise1"", ""Enterprise2"", ""User0"", ""User1""]","{""blue_first_relevant_response_after_critical"": null, ""blue_first_relevant_response_after_enterprise"": 6, ""enterprise_foothold_step"": 5, ""first_critical_hit_step"": null, ""window_end"": 60, ""window_start"": 58}"
no_constraint_stage2_fair,19,stage2_ext_023_obj_2,closest_candidate,episode_002,3,3021,59,Q4_user_focus_after_enterprise_foothold,medium,Analyse,User2,User,PrivilegeEscalate,Enterprise1,[],[],"[""Enterprise1"", ""Enterprise2"", ""User0"", ""User1""]","[""Enterprise1"", ""Enterprise2"", ""User0"", ""User1""]","{""blue_first_relevant_response_after_critical"": null, ""blue_first_relevant_response_after_enterprise"": 6, ""enterprise_foothold_step"": 5, ""first_critical_hit_step"": null, ""window_end"": 61, ""window_start"": 59}"
no_constraint_stage2_fair,19,stage2_ext_023_obj_2,closest_candidate,episode_002,3,3021,72,Q4_user_focus_after_enterprise_foothold,medium,DecoyTomcat,User3,User,ExploitRemoteService,,[],[],"[""Enterprise1"", ""Enterprise2"", ""User0"", ""User1""]","[""Enterprise1"", ""Enterprise2"", ""User0"", ""User1""]","{""blue_first_relevant_response_after_critical"": null, ""blue_first_relevant_response_after_enterprise"": 6, ""enterprise_foothold_step"": 5, ""first_critical_hit_step"": null, ""window_end"": 74, ""window_start"": 72}"
no_constraint_stage2_fair,19,stage2_ext_023_obj_2,closest_candidate,episode_002,3,3021,73,Q4_user_focus_after_enterprise_foothold,medium,Analyse,User0,User,ExploitRemoteService,,[],[],"[""Enterprise1"", ""Enterprise2"", ""User0"", ""User1""]","[""Enterprise1"", ""Enterprise2"", ""User0"", ""User1""]","{""blue_first_relevant_response_after_critical"": null, ""blue_first_relevant_response_after_enterprise"": 6, ""enterprise_foothold_step"": 5, ""first_critical_hit_step"": null, ""window_end"": 75, ""window_start"": 73}"
no_constraint_stage2_fair,19,stage2_ext_023_obj_2,closest_candidate,episode_002,3,3021,74,Q4_user_focus_after_enterprise_foothold,medium,Remove,User3,User,PrivilegeEscalate,Enterprise1,[],[],"[""Enterprise1"", ""Enterprise2"", ""User0"", ""User1""]","[""Enterprise1"", ""Enterprise2"", ""User0"", ""User1""]","{""blue_first_relevant_response_after_critical"": null, ""blue_first_relevant_response_after_enterprise"": 6, ""enterprise_foothold_step"": 5, ""first_critical_hit_step"": null, ""window_end"": 76, ""window_start"": 74}"
no_constraint_stage2_fair,19,stage2_ext_023_obj_2,closest_candidate,episode_002,3,3021,75,Q4_user_focus_after_enterprise_foothold,medium,Analyse,User2,User,DiscoverRemoteSystems,,[],[],"[""Enterprise1"", ""Enterprise2"", ""User0"", ""User1""]","[""Enterprise1"", ""Enterprise2"", ""User0"", ""User1""]","{""blue_first_relevant_response_after_critical"": null, ""blue_first_relevant_response_after_enterprise"": 6, ""enterprise_foothold_step"": 5, ""first_critical_hit_step"": null, ""window_end"": 77, ""window_start"": 75}"
no_constraint_stage2_fair,19,stage2_ext_023_obj_2,closest_candidate,episode_002,3,3021,76,Q4_user_focus_after_enterprise_foothold,medium,Analyse,User2,User,DiscoverNetworkServices,,[],[],"[""Enterprise1"", ""Enterprise2"", ""User0"", ""User1""]","[""Enterprise1"", ""Enterprise2"", ""User0"", ""User1""]","{""blue_first_relevant_response_after_critical"": null, ""blue_first_relevant_response_after_enterprise"": 6, ""enterprise_foothold_step"": 5, ""first_critical_hit_step"": null, ""window_end"": 78, ""window_start"": 76}"
no_constraint_stage2_fair,19,stage2_ext_023_obj_2,closest_candidate,episode_002,3,3021,77,Q4_user_focus_after_enterprise_foothold,medium,Analyse,User0,User,ExploitRemoteService,,[],[],"[""Enterprise1"", ""Enterprise2"", ""User0"", ""User1""]","[""Enterprise1"", ""Enterprise2"", ""User0"", ""User1""]","{""blue_first_relevant_response_after_critical"": null, ""blue_first_relevant_response_after_enterprise"": 6, ""enterprise_foothold_step"": 5, ""first_critical_hit_step"": null, ""window_end"": 79, ""window_start"": 77}"
no_constraint_stage2_fair,19,stage2_ext_023_obj_2,closest_candidate,episode_002,3,3021,81,Q4_user_focus_after_enterprise_foothold,medium,Analyse,User2,User,ExploitRemoteService,,[],[],"[""Enterprise1"", ""Enterprise2"", ""User0"", ""User1""]","[""Enterprise1"", ""Enterprise2"", ""User0"", ""User1""]","{""blue_first_relevant_response_after_critical"": null, ""blue_first_relevant_response_after_enterprise"": 6, ""enterprise_foothold_step"": 5, ""first_critical_hit_step"": null, ""window_end"": 83, ""window_start"": 81}"
no_constraint_stage2_fair,19,stage2_ext_023_obj_2,closest_candidate,episode_002,3,3021,82,Q4_user_focus_after_enterprise_foothold,medium,Analyse,User2,User,ExploitRemoteService,,[],[],"[""Enterprise1"", ""Enterprise2"", ""User0"", ""User1""]","[""Enterprise1"", ""Enterprise2"", ""User0"", ""User1""]","{""blue_first_relevant_response_after_critical"": null, ""blue_first_relevant_response_after_enterprise"": 6, ""enterprise_foothold_step"": 5, ""first_critical_hit_step"": null, ""window_end"": 84, ""window_start"": 82}"
no_constraint_stage2_fair,19,stage2_ext_023_obj_2,closest_candidate,episode_002,3,3021,83,Q4_user_focus_after_enterprise_foothold,medium,Analyse,User2,User,PrivilegeEscalate,Enterprise1,[],[],"[""Enterprise1"", ""Enterprise2"", ""User0"", ""User1""]","[""Enterprise1"", ""Enterprise2"", ""User0"", ""User1""]","{""blue_first_relevant_response_after_critical"": null, ""blue_first_relevant_response_after_enterprise"": 6, ""enterprise_foothold_step"": 5, ""first_critical_hit_step"": null, ""window_end"": 85, ""window_start"": 83}"
no_constraint_stage2_fair,19,stage2_ext_023_obj_2,closest_candidate,episode_002,3,3021,84,Q4_user_focus_after_enterprise_foothold,medium,DecoyTomcat,User3,User,DiscoverRemoteSystems,,[],[],"[""Enterprise1"", ""Enterprise2"", ""User0"", ""User1""]","[""Enterprise1"", ""Enterprise2"", ""User0"", ""User1""]","{""blue_first_relevant_response_after_critical"": null, ""blue_first_relevant_response_after_enterprise"": 6, ""enterprise_foothold_step"": 5, ""first_critical_hit_step"": null, ""window_end"": 86, ""window_start"": 84}"
no_constraint_stage2_fair,19,stage2_ext_023_obj_2,closest_candidate,episode_002,3,3021,85,Q4_user_focus_after_enterprise_foothold,medium,Analyse,User1,User,DiscoverNetworkServices,,[],[],"[""Enterprise1"", ""Enterprise2"", ""User0"", ""User1""]","[""Enterprise1"", ""Enterprise2"", ""User0"", ""User1""]","{""blue_first_relevant_response_after_critical"": null, ""blue_first_relevant_response_after_enterprise"": 6, ""enterprise_foothold_step"": 5, ""first_critical_hit_step"": null, ""window_end"": 87, ""window_start"": 85}"
no_constraint_stage2_fair,19,stage2_ext_023_obj_2,closest_candidate,episode_002,3,3021,86,Q4_user_focus_after_enterprise_foothold,medium,Remove,User3,User,ExploitRemoteService,,[],[],"[""Enterprise1"", ""Enterprise2"", ""User0"", ""User1""]","[""Enterprise1"", ""Enterprise2"", ""User0"", ""User1""]","{""blue_first_relevant_response_after_critical"": null, ""blue_first_relevant_response_after_enterprise"": 6, ""enterprise_foothold_step"": 5, ""first_critical_hit_step"": null, ""window_end"": 88, ""window_start"": 86}"
no_constraint_stage2_fair,19,stage2_ext_023_obj_2,closest_candidate,episode_002,3,3021,70,Q5_repeated_low_value_decoy_loop,medium,DecoyTomcat,User3,User,DiscoverRemoteSystems,,[],[],"[""Enterprise1"", ""Enterprise2"", ""User0"", ""User1""]","[""Enterprise1"", ""Enterprise2"", ""User0"", ""User1""]","{""blue_first_relevant_response_after_critical"": null, ""blue_first_relevant_response_after_enterprise"": 6, ""enterprise_foothold_step"": 5, ""first_critical_hit_step"": null, ""window_end"": 78, ""window_start"": 69}"
no_constraint_stage2_fair,19,stage2_ext_023_obj_2,closest_candidate,episode_002,4,4021,24,Q2_user_action_during_critical_breach,high,DecoyApache,User1,User,Impact,Op_Server0,"[""Op_Server0""]","[""Op_Server0""]","[""Enterprise0"", ""Enterprise2"", ""Op_Server0"", ""User0"", ""User4""]","[""Enterprise0"", ""Enterprise2"", ""Op_Server0"", ""User0"", ""User4""]","{""blue_first_relevant_response_after_critical"": 23, ""blue_first_relevant_response_after_enterprise"": 6, ""enterprise_foothold_step"": 5, ""first_critical_hit_step"": 22, ""window_end"": null, ""window_start"": null}"
no_constraint_stage2_fair,19,stage2_ext_023_obj_2,closest_candidate,episode_002,4,4021,27,Q2_user_action_during_critical_breach,high,Analyse,User2,User,Impact,Op_Server0,"[""Op_Server0""]","[""Op_Server0""]","[""Enterprise0"", ""Enterprise2"", ""Op_Server0"", ""User0"", ""User4""]","[""Enterprise0"", ""Enterprise2"", ""Op_Server0"", ""User0"", ""User4""]","{""blue_first_relevant_response_after_critical"": 23, ""blue_first_relevant_response_after_enterprise"": 6, ""enterprise_foothold_step"": 5, ""first_critical_hit_step"": 22, ""window_end"": null, ""window_start"": null}"
no_constraint_stage2_fair,19,stage2_ext_023_obj_2,closest_candidate,episode_002,4,4021,29,Q2_user_action_during_critical_breach,high,Remove,User3,User,Impact,Op_Server0,"[""Op_Server0""]","[""Op_Server0""]","[""Enterprise0"", ""Enterprise2"", ""Op_Server0"", ""User0"", ""User4""]","[""Enterprise0"", ""Enterprise2"", ""Op_Server0"", ""User0"", ""User4""]","{""blue_first_relevant_response_after_critical"": 23, ""blue_first_relevant_response_after_enterprise"": 6, ""enterprise_foothold_step"": 5, ""first_critical_hit_step"": 22, ""window_end"": null, ""window_start"": null}"
no_constraint_stage2_fair,19,stage2_ext_023_obj_2,closest_candidate,episode_002,4,4021,31,Q2_user_action_during_critical_breach,high,DecoyTomcat,User3,User,Impact,Op_Server0,"[""Op_Server0""]","[""Op_Server0""]","[""Enterprise0"", ""Enterprise2"", ""Op_Server0"", ""User0"", ""User4""]","[""Enterprise0"", ""Enterprise2"", ""Op_Server0"", ""User0"", ""User4""]","{""blue_first_relevant_response_after_critical"": 23, ""blue_first_relevant_response_after_enterprise"": 6, ""enterprise_foothold_step"": 5, ""first_critical_hit_step"": 22, ""window_end"": null, ""window_start"": null}"
no_constraint_stage2_fair,19,stage2_ext_023_obj_2,closest_candidate,episode_002,4,4021,34,Q2_user_action_during_critical_breach,high,Analyse,User2,User,Impact,Op_Server0,"[""Op_Server0""]","[""Op_Server0""]","[""Enterprise0"", ""Enterprise2"", ""Op_Server0"", ""User0"", ""User4""]","[""Enterprise0"", ""Enterprise2"", ""Op_Server0"", ""User0"", ""User4""]","{""blue_first_relevant_response_after_critical"": 23, ""blue_first_relevant_response_after_enterprise"": 6, ""enterprise_foothold_step"": 5, ""first_critical_hit_step"": 22, ""window_end"": null, ""window_start"": null}"
no_constraint_stage2_fair,19,stage2_ext_023_obj_2,closest_candidate,episode_002,4,4021,36,Q2_user_action_during_critical_breach,high,Analyse,User2,User,Impact,Op_Server0,"[""Op_Server0""]","[""Op_Server0""]","[""Enterprise0"", ""Enterprise2"", ""Op_Server0"", ""User0"", ""User4""]","[""Enterprise0"", ""Enterprise2"", ""Op_Server0"", ""User0"", ""User4""]","{""blue_first_relevant_response_after_critical"": 23, ""blue_first_relevant_response_after_enterprise"": 6, ""enterprise_foothold_step"": 5, ""first_critical_hit_step"": 22, ""window_end"": null, ""window_start"": null}"
no_constraint_stage2_fair,19,stage2_ext_023_obj_2,closest_candidate,episode_002,4,4021,39,Q2_user_action_during_critical_breach,high,Analyse,User2,User,Impact,Op_Server0,"[""Op_Server0""]","[""Op_Server0""]","[""Enterprise0"", ""Enterprise2"", ""Op_Server0"", ""User0"", ""User4""]","[""Enterprise0"", ""Enterprise2"", ""Op_Server0"", ""User0"", ""User4""]","{""blue_first_relevant_response_after_critical"": 23, ""blue_first_relevant_response_after_enterprise"": 6, ""enterprise_foothold_step"": 5, ""first_critical_hit_step"": 22, ""window_end"": null, ""window_start"": null}"
no_constraint_stage2_fair,19,stage2_ext_023_obj_2,closest_candidate,episode_002,4,4021,40,Q2_user_action_during_critical_breach,high,DecoyTomcat,User3,User,Impact,Op_Server0,"[""Op_Server0""]","[""Op_Server0""]","[""Enterprise0"", ""Enterprise2"", ""Op_Server0"", ""User0"", ""User4""]","[""Enterprise0"", ""Enterprise2"", ""Op_Server0"", ""User0"", ""User4""]","{""blue_first_relevant_response_after_critical"": 23, ""blue_first_relevant_response_after_enterprise"": 6, ""enterprise_foothold_step"": 5, ""first_critical_hit_step"": 22, ""window_end"": null, ""window_start"": null}"
no_constraint_stage2_fair,19,stage2_ext_023_obj_2,closest_candidate,episode_002,4,4021,42,Q2_user_action_during_critical_breach,high,DecoyApache,User1,User,Impact,Op_Server0,"[""Op_Server0""]","[""Op_Server0""]","[""Enterprise0"", ""Op_Server0"", ""User0"", ""User4""]","[""Enterprise0"", ""Op_Server0"", ""User0"", ""User4""]","{""blue_first_relevant_response_after_critical"": 23, ""blue_first_relevant_response_after_enterprise"": 6, ""enterprise_foothold_step"": 5, ""first_critical_hit_step"": 22, ""window_end"": null, ""window_start"": null}"
no_constraint_stage2_fair,19,stage2_ext_023_obj_2,closest_candidate,episode_002,4,4021,43,Q2_user_action_during_critical_breach,high,Analyse,User2,User,Impact,Op_Server0,"[""Op_Server0""]","[""Op_Server0""]","[""Enterprise0"", ""Op_Server0"", ""User0"", ""User4""]","[""Enterprise0"", ""Op_Server0"", ""User0"", ""User4""]","{""blue_first_relevant_response_after_critical"": 23, ""blue_first_relevant_response_after_enterprise"": 6, ""enterprise_foothold_step"": 5, ""first_critical_hit_step"": 22, ""window_end"": null, ""window_start"": null}"
no_constraint_stage2_fair,19,stage2_ext_023_obj_2,closest_candidate,episode_002,4,4021,45,Q2_user_action_during_critical_breach,high,DecoySSHD,User4,User,Impact,Op_Server0,"[""Op_Server0""]","[""Op_Server0""]","[""Enterprise0"", ""Op_Server0"", ""User0"", ""User4""]","[""Enterprise0"", ""Op_Server0"", ""User0"", ""User4""]","{""blue_first_relevant_response_after_critical"": 23, ""blue_first_relevant_response_after_enterprise"": 6, ""enterprise_foothold_step"": 5, ""first_critical_hit_step"": 22, ""window_end"": null, ""window_start"": null}"
no_constraint_stage2_fair,19,stage2_ext_023_obj_2,closest_candidate,episode_002,4,4021,46,Q2_user_action_during_critical_breach,high,DecoyApache,User1,User,Impact,Op_Server0,"[""Op_Server0""]","[""Op_Server0""]","[""Enterprise0"", ""Op_Server0"", ""User0"", ""User4""]","[""Enterprise0"", ""Op_Server0"", ""User0"", ""User4""]","{""blue_first_relevant_response_after_critical"": 23, ""blue_first_relevant_response_after_enterprise"": 6, ""enterprise_foothold_step"": 5, ""first_critical_hit_step"": 22, ""window_end"": null, ""window_start"": null}"
no_constraint_stage2_fair,19,stage2_ext_023_obj_2,closest_candidate,episode_002,4,4021,47,Q2_user_action_during_critical_breach,high,Analyse,User2,User,Impact,Op_Server0,"[""Op_Server0""]","[""Op_Server0""]","[""Enterprise0"", ""Op_Server0"", ""User0"", ""User4""]","[""Enterprise0"", ""Op_Server0"", ""User0"", ""User4""]","{""blue_first_relevant_response_after_critical"": 23, ""blue_first_relevant_response_after_enterprise"": 6, ""enterprise_foothold_step"": 5, ""first_critical_hit_step"": 22, ""window_end"": null, ""window_start"": null}"
no_constraint_stage2_fair,19,stage2_ext_023_obj_2,closest_candidate,episode_002,4,4021,48,Q2_user_action_during_critical_breach,high,DecoyHarakaSMPT,User1,User,Impact,Op_Server0,"[""Op_Server0""]","[""Op_Server0""]","[""Enterprise0"", ""Op_Server0"", ""User0"", ""User4""]","[""Enterprise0"", ""Op_Server0"", ""User0"", ""User4""]","{""blue_first_relevant_response_after_critical"": 23, ""blue_first_relevant_response_after_enterprise"": 6, ""enterprise_foothold_step"": 5, ""first_critical_hit_step"": 22, ""window_end"": null, ""window_start"": null}"
no_constraint_stage2_fair,19,stage2_ext_023_obj_2,closest_candidate,episode_002,4,4021,49,Q2_user_action_during_critical_breach,high,DecoyTomcat,User3,User,Impact,Op_Server0,"[""Op_Server0""]","[""Op_Server0""]","[""Enterprise0"", ""Op_Server0"", ""User0"", ""User4""]","[""Enterprise0"", ""Op_Server0"", ""User0"", ""User4""]","{""blue_first_relevant_response_after_critical"": 23, ""blue_first_relevant_response_after_enterprise"": 6, ""enterprise_foothold_step"": 5, ""first_critical_hit_step"": 22, ""window_end"": null, ""window_start"": null}"
no_constraint_stage2_fair,19,stage2_ext_023_obj_2,closest_candidate,episode_002,4,4021,50,Q2_user_action_during_critical_breach,high,DecoyTomcat,User3,User,Impact,Op_Server0,"[""Op_Server0""]","[""Op_Server0""]","[""Enterprise0"", ""Op_Server0"", ""User0"", ""User4""]","[""Enterprise0"", ""Op_Server0"", ""User0"", ""User4""]","{""blue_first_relevant_response_after_critical"": 23, ""blue_first_relevant_response_after_enterprise"": 6, ""enterprise_foothold_step"": 5, ""first_critical_hit_step"": 22, ""window_end"": null, ""window_start"": null}"
no_constraint_stage2_fair,19,stage2_ext_023_obj_2,closest_candidate,episode_002,4,4021,52,Q2_user_action_during_critical_breach,high,Analyse,User2,User,Impact,Op_Server0,"[""Op_Server0""]","[""Op_Server0""]","[""Enterprise0"", ""Op_Server0"", ""User0"", ""User4""]","[""Enterprise0"", ""Op_Server0"", ""User0"", ""User4""]","{""blue_first_relevant_response_after_critical"": 23, ""blue_first_relevant_response_after_enterprise"": 6, ""enterprise_foothold_step"": 5, ""first_critical_hit_step"": 22, ""window_end"": null, ""window_start"": null}"
no_constraint_stage2_fair,19,stage2_ext_023_obj_2,closest_candidate,episode_002,4,4021,54,Q2_user_action_during_critical_breach,high,Analyse,User2,User,Impact,Op_Server0,"[""Op_Server0""]","[""Op_Server0""]","[""Enterprise0"", ""Op_Server0"", ""User0"", ""User4""]","[""Enterprise0"", ""Op_Server0"", ""User0"", ""User4""]","{""blue_first_relevant_response_after_critical"": 23, ""blue_first_relevant_response_after_enterprise"": 6, ""enterprise_foothold_step"": 5, ""first_critical_hit_step"": 22, ""window_end"": null, ""window_start"": null}"
no_constraint_stage2_fair,19,stage2_ext_023_obj_2,closest_candidate,episode_002,4,4021,55,Q2_user_action_during_critical_breach,high,DecoyTomcat,User3,User,Impact,Op_Server0,"[""Op_Server0""]","[""Op_Server0""]","[""Enterprise0"", ""Op_Server0"", ""User0"", ""User4""]","[""Enterprise0"", ""Op_Server0"", ""User0"", ""User4""]","{""blue_first_relevant_response_after_critical"": 23, ""blue_first_relevant_response_after_enterprise"": 6, ""enterprise_foothold_step"": 5, ""first_critical_hit_step"": 22, ""window_end"": null, ""window_start"": null}"
no_constraint_stage2_fair,19,stage2_ext_023_obj_2,closest_candidate,episode_002,4,4021,58,Q2_user_action_during_critical_breach,high,DecoySSHD,User4,User,Impact,Op_Server0,"[""Op_Server0""]","[""Op_Server0""]","[""Enterprise0"", ""Op_Server0"", ""User0"", ""User4""]","[""Enterprise0"", ""Op_Server0"", ""User0"", ""User4""]","{""blue_first_relevant_response_after_critical"": 23, ""blue_first_relevant_response_after_enterprise"": 6, ""enterprise_foothold_step"": 5, ""first_critical_hit_step"": 22, ""window_end"": null, ""window_start"": null}"
no_constraint_stage2_fair,19,stage2_ext_023_obj_2,closest_candidate,episode_002,4,4021,60,Q2_user_action_during_critical_breach,high,DecoyTomcat,User0,User,Impact,Op_Server0,"[""Op_Server0""]","[""Op_Server0""]","[""Enterprise0"", ""Op_Server0"", ""User0"", ""User4""]","[""Enterprise0"", ""Op_Server0"", ""User0"", ""User4""]","{""blue_first_relevant_response_after_critical"": 23, ""blue_first_relevant_response_after_enterprise"": 6, ""enterprise_foothold_step"": 5, ""first_critical_hit_step"": 22, ""window_end"": null, ""window_start"": null}"
no_constraint_stage2_fair,19,stage2_ext_023_obj_2,closest_candidate,episode_002,4,4021,61,Q2_user_action_during_critical_breach,high,Analyse,User2,User,Impact,Op_Server0,"[""Op_Server0""]","[""Op_Server0""]","[""Enterprise0"", ""Op_Server0"", ""User0"", ""User4""]","[""Enterprise0"", ""Op_Server0"", ""User0"", ""User4""]","{""blue_first_relevant_response_after_critical"": 23, ""blue_first_relevant_response_after_enterprise"": 6, ""enterprise_foothold_step"": 5, ""first_critical_hit_step"": 22, ""window_end"": null, ""window_start"": null}"
no_constraint_stage2_fair,19,stage2_ext_023_obj_2,closest_candidate,episode_002,4,4021,63,Q2_user_action_during_critical_breach,high,Analyse,User2,User,Impact,Op_Server0,"[""Op_Server0""]","[""Op_Server0""]","[""Enterprise0"", ""Op_Server0"", ""User0"", ""User4""]","[""Enterprise0"", ""Op_Server0"", ""User0"", ""User4""]","{""blue_first_relevant_response_after_critical"": 23, ""blue_first_relevant_response_after_enterprise"": 6, ""enterprise_foothold_step"": 5, ""first_critical_hit_step"": 22, ""window_end"": null, ""window_start"": null}"
no_constraint_stage2_fair,19,stage2_ext_023_obj_2,closest_candidate,episode_002,4,4021,67,Q2_user_action_during_critical_breach,high,DecoyTomcat,User3,User,Impact,Op_Server0,"[""Op_Server0""]","[""Op_Server0""]","[""Enterprise0"", ""Op_Server0"", ""User0"", ""User4""]","[""Enterprise0"", ""Op_Server0"", ""User0"", ""User4""]","{""blue_first_relevant_response_after_critical"": 23, ""blue_first_relevant_response_after_enterprise"": 6, ""enterprise_foothold_step"": 5, ""first_critical_hit_step"": 22, ""window_end"": null, ""window_start"": null}"
no_constraint_stage2_fair,19,stage2_ext_023_obj_2,closest_candidate,episode_002,4,4021,70,Q2_user_action_during_critical_breach,high,DecoyTomcat,User3,User,Impact,Op_Server0,"[""Op_Server0""]","[""Op_Server0""]","[""Enterprise0"", ""Op_Server0"", ""User0"", ""User4""]","[""Enterprise0"", ""Op_Server0"", ""User0"", ""User4""]","{""blue_first_relevant_response_after_critical"": 23, ""blue_first_relevant_response_after_enterprise"": 6, ""enterprise_foothold_step"": 5, ""first_critical_hit_step"": 22, ""window_end"": null, ""window_start"": null}"
no_constraint_stage2_fair,19,stage2_ext_023_obj_2,closest_candidate,episode_002,4,4021,71,Q2_user_action_during_critical_breach,high,DecoyTomcat,User3,User,Impact,Op_Server0,"[""Op_Server0""]","[""Op_Server0""]","[""Enterprise0"", ""Op_Server0"", ""User0"", ""User4""]","[""Enterprise0"", ""Op_Server0"", ""User0"", ""User4""]","{""blue_first_relevant_response_after_critical"": 23, ""blue_first_relevant_response_after_enterprise"": 6, ""enterprise_foothold_step"": 5, ""first_critical_hit_step"": 22, ""window_end"": null, ""window_start"": null}"
no_constraint_stage2_fair,19,stage2_ext_023_obj_2,closest_candidate,episode_002,4,4021,72,Q2_user_action_during_critical_breach,high,Remove,User3,User,Impact,Op_Server0,"[""Op_Server0""]","[""Op_Server0""]","[""Enterprise0"", ""Op_Server0"", ""User0"", ""User4""]","[""Enterprise0"", ""Op_Server0"", ""User0"", ""User4""]","{""blue_first_relevant_response_after_critical"": 23, ""blue_first_relevant_response_after_enterprise"": 6, ""enterprise_foothold_step"": 5, ""first_critical_hit_step"": 22, ""window_end"": null, ""window_start"": null}"
no_constraint_stage2_fair,19,stage2_ext_023_obj_2,closest_candidate,episode_002,4,4021,75,Q2_user_action_during_critical_breach,high,Analyse,User2,User,Impact,Op_Server0,"[""Op_Server0""]","[""Op_Server0""]","[""Enterprise0"", ""Op_Server0"", ""User0"", ""User4""]","[""Enterprise0"", ""Op_Server0"", ""User0"", ""User4""]","{""blue_first_relevant_response_after_critical"": 23, ""blue_first_relevant_response_after_enterprise"": 6, ""enterprise_foothold_step"": 5, ""first_critical_hit_step"": 22, ""window_end"": null, ""window_start"": null}"
no_constraint_stage2_fair,19,stage2_ext_023_obj_2,closest_candidate,episode_002,4,4021,76,Q2_user_action_during_critical_breach,high,DecoyFemitter,User1,User,Impact,Op_Server0,"[""Op_Server0""]","[""Op_Server0""]","[""Enterprise0"", ""Op_Server0"", ""User0"", ""User4""]","[""Enterprise0"", ""Op_Server0"", ""User0"", ""User4""]","{""blue_first_relevant_response_after_critical"": 23, ""blue_first_relevant_response_after_enterprise"": 6, ""enterprise_foothold_step"": 5, ""first_critical_hit_step"": 22, ""window_end"": null, ""window_start"": null}"
no_constraint_stage2_fair,19,stage2_ext_023_obj_2,closest_candidate,episode_002,4,4021,77,Q2_user_action_during_critical_breach,high,DecoyApache,User1,User,Impact,Op_Server0,"[""Op_Server0""]","[""Op_Server0""]","[""Enterprise0"", ""Op_Server0"", ""User0"", ""User4""]","[""Enterprise0"", ""Op_Server0"", ""User0"", ""User4""]","{""blue_first_relevant_response_after_critical"": 23, ""blue_first_relevant_response_after_enterprise"": 6, ""enterprise_foothold_step"": 5, ""first_critical_hit_step"": 22, ""window_end"": null, ""window_start"": null}"
no_constraint_stage2_fair,19,stage2_ext_023_obj_2,closest_candidate,episode_002,4,4021,78,Q2_user_action_during_critical_breach,high,Analyse,User2,User,Impact,Op_Server0,"[""Op_Server0""]","[""Op_Server0""]","[""Enterprise0"", ""Op_Server0"", ""User0"", ""User4""]","[""Enterprise0"", ""Op_Server0"", ""User0"", ""User4""]","{""blue_first_relevant_response_after_critical"": 23, ""blue_first_relevant_response_after_enterprise"": 6, ""enterprise_foothold_step"": 5, ""first_critical_hit_step"": 22, ""window_end"": null, ""window_start"": null}"
no_constraint_stage2_fair,19,stage2_ext_023_obj_2,closest_candidate,episode_002,4,4021,79,Q2_user_action_during_critical_breach,high,Analyse,User2,User,Impact,Op_Server0,"[""Op_Server0""]","[""Op_Server0""]","[""Enterprise0"", ""Op_Server0"", ""User0"", ""User4""]","[""Enterprise0"", ""Op_Server0"", ""User0"", ""User4""]","{""blue_first_relevant_response_after_critical"": 23, ""blue_first_relevant_response_after_enterprise"": 6, ""enterprise_foothold_step"": 5, ""first_critical_hit_step"": 22, ""window_end"": null, ""window_start"": null}"
no_constraint_stage2_fair,19,stage2_ext_023_obj_2,closest_candidate,episode_002,4,4021,81,Q2_user_action_during_critical_breach,high,Analyse,User2,User,Impact,Op_Server0,"[""Op_Server0""]","[""Op_Server0""]","[""Enterprise0"", ""Op_Server0"", ""User0"", ""User4""]","[""Enterprise0"", ""Op_Server0"", ""User0"", ""User4""]","{""blue_first_relevant_response_after_critical"": 23, ""blue_first_relevant_response_after_enterprise"": 6, ""enterprise_foothold_step"": 5, ""first_critical_hit_step"": 22, ""window_end"": null, ""window_start"": null}"
no_constraint_stage2_fair,19,stage2_ext_023_obj_2,closest_candidate,episode_002,4,4021,83,Q2_user_action_during_critical_breach,high,DecoyFemitter,User1,User,Impact,Op_Server0,"[""Op_Server0""]","[""Op_Server0""]","[""Enterprise0"", ""Op_Server0"", ""User0"", ""User4""]","[""Enterprise0"", ""Op_Server0"", ""User0"", ""User4""]","{""blue_first_relevant_response_after_critical"": 23, ""blue_first_relevant_response_after_enterprise"": 6, ""enterprise_foothold_step"": 5, ""first_critical_hit_step"": 22, ""window_end"": null, ""window_start"": null}"
no_constraint_stage2_fair,19,stage2_ext_023_obj_2,closest_candidate,episode_002,4,4021,86,Q2_user_action_during_critical_breach,high,DecoyHarakaSMPT,User1,User,Impact,Op_Server0,"[""Op_Server0""]","[""Op_Server0""]","[""Enterprise0"", ""Op_Server0"", ""User0"", ""User4""]","[""Enterprise0"", ""Op_Server0"", ""User0"", ""User4""]","{""blue_first_relevant_response_after_critical"": 23, ""blue_first_relevant_response_after_enterprise"": 6, ""enterprise_foothold_step"": 5, ""first_critical_hit_step"": 22, ""window_end"": null, ""window_start"": null}"
no_constraint_stage2_fair,19,stage2_ext_023_obj_2,closest_candidate,episode_002,4,4021,87,Q2_user_action_during_critical_breach,high,DecoyTomcat,User3,User,Impact,Op_Server0,"[""Op_Server0""]","[""Op_Server0""]","[""Enterprise0"", ""Op_Server0"", ""User0"", ""User4""]","[""Enterprise0"", ""Op_Server0"", ""User0"", ""User4""]","{""blue_first_relevant_response_after_critical"": 23, ""blue_first_relevant_response_after_enterprise"": 6, ""enterprise_foothold_step"": 5, ""first_critical_hit_step"": 22, ""window_end"": null, ""window_start"": null}"
no_constraint_stage2_fair,19,stage2_ext_023_obj_2,closest_candidate,episode_002,4,4021,88,Q2_user_action_during_critical_breach,high,DecoyTomcat,User3,User,Impact,Op_Server0,"[""Op_Server0""]","[""Op_Server0""]","[""Enterprise0"", ""Op_Server0"", ""User0"", ""User4""]","[""Enterprise0"", ""Op_Server0"", ""User0"", ""User4""]","{""blue_first_relevant_response_after_critical"": 23, ""blue_first_relevant_response_after_enterprise"": 6, ""enterprise_foothold_step"": 5, ""first_critical_hit_step"": 22, ""window_end"": null, ""window_start"": null}"
no_constraint_stage2_fair,19,stage2_ext_023_obj_2,closest_candidate,episode_002,4,4021,91,Q2_user_action_during_critical_breach,high,Analyse,User2,User,Impact,Op_Server0,"[""Op_Server0""]","[""Op_Server0""]","[""Enterprise0"", ""Op_Server0"", ""User0"", ""User4""]","[""Enterprise0"", ""Op_Server0"", ""User0"", ""User4""]","{""blue_first_relevant_response_after_critical"": 23, ""blue_first_relevant_response_after_enterprise"": 6, ""enterprise_foothold_step"": 5, ""first_critical_hit_step"": 22, ""window_end"": null, ""window_start"": null}"
no_constraint_stage2_fair,19,stage2_ext_023_obj_2,closest_candidate,episode_002,4,4021,92,Q2_user_action_during_critical_breach,high,Analyse,User2,User,Impact,Op_Server0,"[""Op_Server0""]","[""Op_Server0""]","[""Enterprise0"", ""Op_Server0"", ""User0"", ""User4""]","[""Enterprise0"", ""Op_Server0"", ""User0"", ""User4""]","{""blue_first_relevant_response_after_critical"": 23, ""blue_first_relevant_response_after_enterprise"": 6, ""enterprise_foothold_step"": 5, ""first_critical_hit_step"": 22, ""window_end"": null, ""window_start"": null}"
no_constraint_stage2_fair,19,stage2_ext_023_obj_2,closest_candidate,episode_002,4,4021,93,Q2_user_action_during_critical_breach,high,DecoySSHD,User4,User,Impact,Op_Server0,"[""Op_Server0""]","[""Op_Server0""]","[""Enterprise0"", ""Op_Server0"", ""User0"", ""User4""]","[""Enterprise0"", ""Op_Server0"", ""User0"", ""User4""]","{""blue_first_relevant_response_after_critical"": 23, ""blue_first_relevant_response_after_enterprise"": 6, ""enterprise_foothold_step"": 5, ""first_critical_hit_step"": 22, ""window_end"": null, ""window_start"": null}"
no_constraint_stage2_fair,19,stage2_ext_023_obj_2,closest_candidate,episode_002,4,4021,94,Q2_user_action_during_critical_breach,high,DecoyTomcat,User0,User,Impact,Op_Server0,"[""Op_Server0""]","[""Op_Server0""]","[""Enterprise0"", ""Op_Server0"", ""User0"", ""User4""]","[""Enterprise0"", ""Op_Server0"", ""User0"", ""User4""]","{""blue_first_relevant_response_after_critical"": 23, ""blue_first_relevant_response_after_enterprise"": 6, ""enterprise_foothold_step"": 5, ""first_critical_hit_step"": 22, ""window_end"": null, ""window_start"": null}"
no_constraint_stage2_fair,19,stage2_ext_023_obj_2,closest_candidate,episode_002,4,4021,96,Q2_user_action_during_critical_breach,high,DecoyTomcat,User0,User,Impact,Op_Server0,"[""Op_Server0""]","[""Op_Server0""]","[""Enterprise0"", ""Op_Server0"", ""User0"", ""User4""]","[""Enterprise0"", ""Op_Server0"", ""User0"", ""User4""]","{""blue_first_relevant_response_after_critical"": 23, ""blue_first_relevant_response_after_enterprise"": 6, ""enterprise_foothold_step"": 5, ""first_critical_hit_step"": 22, ""window_end"": null, ""window_start"": null}"
no_constraint_stage2_fair,19,stage2_ext_023_obj_2,closest_candidate,episode_002,4,4021,97,Q2_user_action_during_critical_breach,high,Remove,User3,User,Impact,Op_Server0,"[""Op_Server0""]","[""Op_Server0""]","[""Enterprise0"", ""Op_Server0"", ""User0"", ""User4""]","[""Enterprise0"", ""Op_Server0"", ""User0"", ""User4""]","{""blue_first_relevant_response_after_critical"": 23, ""blue_first_relevant_response_after_enterprise"": 6, ""enterprise_foothold_step"": 5, ""first_critical_hit_step"": 22, ""window_end"": null, ""window_start"": null}"
no_constraint_stage2_fair,19,stage2_ext_023_obj_2,closest_candidate,episode_002,4,4021,98,Q2_user_action_during_critical_breach,high,Analyse,User2,User,Impact,Op_Server0,"[""Op_Server0""]","[""Op_Server0""]","[""Enterprise0"", ""Op_Server0"", ""User0"", ""User4""]","[""Enterprise0"", ""Op_Server0"", ""User0"", ""User4""]","{""blue_first_relevant_response_after_critical"": 23, ""blue_first_relevant_response_after_enterprise"": 6, ""enterprise_foothold_step"": 5, ""first_critical_hit_step"": 22, ""window_end"": null, ""window_start"": null}"
no_constraint_stage2_fair,19,stage2_ext_023_obj_2,closest_candidate,episode_002,4,4021,99,Q2_user_action_during_critical_breach,high,DecoyTomcat,User3,User,Impact,Op_Server0,"[""Op_Server0""]","[""Op_Server0""]","[""Enterprise0"", ""Op_Server0"", ""User0"", ""User4""]","[""Enterprise0"", ""Op_Server0"", ""User0"", ""User4""]","{""blue_first_relevant_response_after_critical"": 23, ""blue_first_relevant_response_after_enterprise"": 6, ""enterprise_foothold_step"": 5, ""first_critical_hit_step"": 22, ""window_end"": null, ""window_start"": null}"
no_constraint_stage2_fair,19,stage2_ext_023_obj_2,closest_candidate,episode_002,4,4021,9,Q4_user_focus_after_enterprise_foothold,medium,Analyse,User2,User,ExploitRemoteService,,[],[],"[""Enterprise0"", ""User0"", ""User4""]","[""Enterprise0"", ""User0"", ""User4""]","{""blue_first_relevant_response_after_critical"": 23, ""blue_first_relevant_response_after_enterprise"": 6, ""enterprise_foothold_step"": 5, ""first_critical_hit_step"": 22, ""window_end"": 11, ""window_start"": 9}"
no_constraint_stage2_fair,19,stage2_ext_023_obj_2,closest_candidate,episode_002,4,4021,10,Q4_user_focus_after_enterprise_foothold,medium,Analyse,User2,User,ExploitRemoteService,,[],[],"[""Enterprise0"", ""User0"", ""User4""]","[""Enterprise0"", ""User0"", ""User4""]","{""blue_first_relevant_response_after_critical"": 23, ""blue_first_relevant_response_after_enterprise"": 6, ""enterprise_foothold_step"": 5, ""first_critical_hit_step"": 22, ""window_end"": 12, ""window_start"": 10}"
no_constraint_stage2_fair,19,stage2_ext_023_obj_2,closest_candidate,episode_002,4,4021,11,Q4_user_focus_after_enterprise_foothold,medium,DecoyHarakaSMPT,User1,User,PrivilegeEscalate,Enterprise0,[],[],"[""Enterprise0"", ""User0"", ""User4""]","[""Enterprise0"", ""User0"", ""User4""]","{""blue_first_relevant_response_after_critical"": 23, ""blue_first_relevant_response_after_enterprise"": 6, ""enterprise_foothold_step"": 5, ""first_critical_hit_step"": 22, ""window_end"": 13, ""window_start"": 11}"
no_constraint_stage2_fair,19,stage2_ext_023_obj_2,closest_candidate,episode_002,4,4021,20,Q4_user_focus_after_enterprise_foothold,medium,Analyse,User2,User,PrivilegeEscalate,Enterprise2,[],[],"[""Enterprise0"", ""Enterprise2"", ""User0"", ""User4""]","[""Enterprise0"", ""Enterprise2"", ""User0"", ""User4""]","{""blue_first_relevant_response_after_critical"": 23, ""blue_first_relevant_response_after_enterprise"": 6, ""enterprise_foothold_step"": 5, ""first_critical_hit_step"": 22, ""window_end"": 22, ""window_start"": 20}"
no_constraint_stage2_fair,19,stage2_ext_023_obj_2,closest_candidate,episode_002,4,4021,45,Q4_user_focus_after_enterprise_foothold,medium,DecoySSHD,User4,User,Impact,Op_Server0,"[""Op_Server0""]","[""Op_Server0""]","[""Enterprise0"", ""Op_Server0"", ""User0"", ""User4""]","[""Enterprise0"", ""Op_Server0"", ""User0"", ""User4""]","{""blue_first_relevant_response_after_critical"": 23, ""blue_first_relevant_response_after_enterprise"": 6, ""enterprise_foothold_step"": 5, ""first_critical_hit_step"": 22, ""window_end"": 47, ""window_start"": 45}"
no_constraint_stage2_fair,19,stage2_ext_023_obj_2,closest_candidate,episode_002,4,4021,46,Q4_user_focus_after_enterprise_foothold,medium,DecoyApache,User1,User,Impact,Op_Server0,"[""Op_Server0""]","[""Op_Server0""]","[""Enterprise0"", ""Op_Server0"", ""User0"", ""User4""]","[""Enterprise0"", ""Op_Server0"", ""User0"", ""User4""]","{""blue_first_relevant_response_after_critical"": 23, ""blue_first_relevant_response_after_enterprise"": 6, ""enterprise_foothold_step"": 5, ""first_critical_hit_step"": 22, ""window_end"": 48, ""window_start"": 46}"
no_constraint_stage2_fair,19,stage2_ext_023_obj_2,closest_candidate,episode_002,4,4021,47,Q4_user_focus_after_enterprise_foothold,medium,Analyse,User2,User,Impact,Op_Server0,"[""Op_Server0""]","[""Op_Server0""]","[""Enterprise0"", ""Op_Server0"", ""User0"", ""User4""]","[""Enterprise0"", ""Op_Server0"", ""User0"", ""User4""]","{""blue_first_relevant_response_after_critical"": 23, ""blue_first_relevant_response_after_enterprise"": 6, ""enterprise_foothold_step"": 5, ""first_critical_hit_step"": 22, ""window_end"": 49, ""window_start"": 47}"
no_constraint_stage2_fair,19,stage2_ext_023_obj_2,closest_candidate,episode_002,4,4021,48,Q4_user_focus_after_enterprise_foothold,medium,DecoyHarakaSMPT,User1,User,Impact,Op_Server0,"[""Op_Server0""]","[""Op_Server0""]","[""Enterprise0"", ""Op_Server0"", ""User0"", ""User4""]","[""Enterprise0"", ""Op_Server0"", ""User0"", ""User4""]","{""blue_first_relevant_response_after_critical"": 23, ""blue_first_relevant_response_after_enterprise"": 6, ""enterprise_foothold_step"": 5, ""first_critical_hit_step"": 22, ""window_end"": 50, ""window_start"": 48}"
no_constraint_stage2_fair,19,stage2_ext_023_obj_2,closest_candidate,episode_002,4,4021,70,Q4_user_focus_after_enterprise_foothold,medium,DecoyTomcat,User3,User,Impact,Op_Server0,"[""Op_Server0""]","[""Op_Server0""]","[""Enterprise0"", ""Op_Server0"", ""User0"", ""User4""]","[""Enterprise0"", ""Op_Server0"", ""User0"", ""User4""]","{""blue_first_relevant_response_after_critical"": 23, ""blue_first_relevant_response_after_enterprise"": 6, ""enterprise_foothold_step"": 5, ""first_critical_hit_step"": 22, ""window_end"": 72, ""window_start"": 70}"
no_constraint_stage2_fair,19,stage2_ext_023_obj_2,closest_candidate,episode_002,4,4021,75,Q4_user_focus_after_enterprise_foothold,medium,Analyse,User2,User,Impact,Op_Server0,"[""Op_Server0""]","[""Op_Server0""]","[""Enterprise0"", ""Op_Server0"", ""User0"", ""User4""]","[""Enterprise0"", ""Op_Server0"", ""User0"", ""User4""]","{""blue_first_relevant_response_after_critical"": 23, ""blue_first_relevant_response_after_enterprise"": 6, ""enterprise_foothold_step"": 5, ""first_critical_hit_step"": 22, ""window_end"": 77, ""window_start"": 75}"
no_constraint_stage2_fair,19,stage2_ext_023_obj_2,closest_candidate,episode_002,4,4021,76,Q4_user_focus_after_enterprise_foothold,medium,DecoyFemitter,User1,User,Impact,Op_Server0,"[""Op_Server0""]","[""Op_Server0""]","[""Enterprise0"", ""Op_Server0"", ""User0"", ""User4""]","[""Enterprise0"", ""Op_Server0"", ""User0"", ""User4""]","{""blue_first_relevant_response_after_critical"": 23, ""blue_first_relevant_response_after_enterprise"": 6, ""enterprise_foothold_step"": 5, ""first_critical_hit_step"": 22, ""window_end"": 78, ""window_start"": 76}"
no_constraint_stage2_fair,19,stage2_ext_023_obj_2,closest_candidate,episode_002,4,4021,77,Q4_user_focus_after_enterprise_foothold,medium,DecoyApache,User1,User,Impact,Op_Server0,"[""Op_Server0""]","[""Op_Server0""]","[""Enterprise0"", ""Op_Server0"", ""User0"", ""User4""]","[""Enterprise0"", ""Op_Server0"", ""User0"", ""User4""]","{""blue_first_relevant_response_after_critical"": 23, ""blue_first_relevant_response_after_enterprise"": 6, ""enterprise_foothold_step"": 5, ""first_critical_hit_step"": 22, ""window_end"": 79, ""window_start"": 77}"
no_constraint_stage2_fair,19,stage2_ext_023_obj_2,closest_candidate,episode_002,4,4021,86,Q4_user_focus_after_enterprise_foothold,medium,DecoyHarakaSMPT,User1,User,Impact,Op_Server0,"[""Op_Server0""]","[""Op_Server0""]","[""Enterprise0"", ""Op_Server0"", ""User0"", ""User4""]","[""Enterprise0"", ""Op_Server0"", ""User0"", ""User4""]","{""blue_first_relevant_response_after_critical"": 23, ""blue_first_relevant_response_after_enterprise"": 6, ""enterprise_foothold_step"": 5, ""first_critical_hit_step"": 22, ""window_end"": 88, ""window_start"": 86}"
no_constraint_stage2_fair,19,stage2_ext_023_obj_2,closest_candidate,episode_002,4,4021,91,Q4_user_focus_after_enterprise_foothold,medium,Analyse,User2,User,Impact,Op_Server0,"[""Op_Server0""]","[""Op_Server0""]","[""Enterprise0"", ""Op_Server0"", ""User0"", ""User4""]","[""Enterprise0"", ""Op_Server0"", ""User0"", ""User4""]","{""blue_first_relevant_response_after_critical"": 23, ""blue_first_relevant_response_after_enterprise"": 6, ""enterprise_foothold_step"": 5, ""first_critical_hit_step"": 22, ""window_end"": 93, ""window_start"": 91}"
no_constraint_stage2_fair,19,stage2_ext_023_obj_2,closest_candidate,episode_002,4,4021,92,Q4_user_focus_after_enterprise_foothold,medium,Analyse,User2,User,Impact,Op_Server0,"[""Op_Server0""]","[""Op_Server0""]","[""Enterprise0"", ""Op_Server0"", ""User0"", ""User4""]","[""Enterprise0"", ""Op_Server0"", ""User0"", ""User4""]","{""blue_first_relevant_response_after_critical"": 23, ""blue_first_relevant_response_after_enterprise"": 6, ""enterprise_foothold_step"": 5, ""first_critical_hit_step"": 22, ""window_end"": 94, ""window_start"": 92}"
no_constraint_stage2_fair,19,stage2_ext_023_obj_2,closest_candidate,episode_002,4,4021,96,Q4_user_focus_after_enterprise_foothold,medium,DecoyTomcat,User0,User,Impact,Op_Server0,"[""Op_Server0""]","[""Op_Server0""]","[""Enterprise0"", ""Op_Server0"", ""User0"", ""User4""]","[""Enterprise0"", ""Op_Server0"", ""User0"", ""User4""]","{""blue_first_relevant_response_after_critical"": 23, ""blue_first_relevant_response_after_enterprise"": 6, ""enterprise_foothold_step"": 5, ""first_critical_hit_step"": 22, ""window_end"": 98, ""window_start"": 96}"
no_constraint_stage2_fair,19,stage2_ext_023_obj_2,closest_candidate,episode_002,4,4021,97,Q4_user_focus_after_enterprise_foothold,medium,Remove,User3,User,Impact,Op_Server0,"[""Op_Server0""]","[""Op_Server0""]","[""Enterprise0"", ""Op_Server0"", ""User0"", ""User4""]","[""Enterprise0"", ""Op_Server0"", ""User0"", ""User4""]","{""blue_first_relevant_response_after_critical"": 23, ""blue_first_relevant_response_after_enterprise"": 6, ""enterprise_foothold_step"": 5, ""first_critical_hit_step"": 22, ""window_end"": 99, ""window_start"": 97}"
no_constraint_stage2_fair,19,stage2_ext_023_obj_2,closest_candidate,episode_002,4,4021,49,Q5_repeated_low_value_decoy_loop,medium,DecoyTomcat,User3,User,Impact,Op_Server0,"[""Op_Server0""]","[""Op_Server0""]","[""Enterprise0"", ""Op_Server0"", ""User0"", ""User4""]","[""Enterprise0"", ""Op_Server0"", ""User0"", ""User4""]","{""blue_first_relevant_response_after_critical"": 23, ""blue_first_relevant_response_after_enterprise"": 6, ""enterprise_foothold_step"": 5, ""first_critical_hit_step"": 22, ""window_end"": 55, ""window_start"": 46}"
no_constraint_stage2_fair,19,stage2_ext_023_obj_2,closest_candidate,episode_002,5,5021,13,Q2_user_action_during_critical_breach,high,DecoyTomcat,User3,User,PrivilegeEscalate,Op_Server0,"[""Op_Server0""]","[""Op_Server0""]","[""Enterprise0"", ""Enterprise2"", ""Op_Server0"", ""User0"", ""User3""]","[""Enterprise0"", ""Enterprise2"", ""Op_Server0"", ""User0"", ""User3""]","{""blue_first_relevant_response_after_critical"": 17, ""blue_first_relevant_response_after_enterprise"": 7, ""enterprise_foothold_step"": 5, ""first_critical_hit_step"": 12, ""window_end"": null, ""window_start"": null}"
no_constraint_stage2_fair,19,stage2_ext_023_obj_2,closest_candidate,episode_002,5,5021,14,Q2_user_action_during_critical_breach,high,DecoyHarakaSMPT,User1,User,Impact,Op_Server0,"[""Op_Server0""]","[""Op_Server0""]","[""Enterprise0"", ""Enterprise2"", ""Op_Server0"", ""User0"", ""User3""]","[""Enterprise0"", ""Enterprise2"", ""Op_Server0"", ""User0"", ""User3""]","{""blue_first_relevant_response_after_critical"": 17, ""blue_first_relevant_response_after_enterprise"": 7, ""enterprise_foothold_step"": 5, ""first_critical_hit_step"": 12, ""window_end"": null, ""window_start"": null}"
no_constraint_stage2_fair,19,stage2_ext_023_obj_2,closest_candidate,episode_002,5,5021,15,Q2_user_action_during_critical_breach,high,Analyse,User2,User,Impact,Op_Server0,"[""Op_Server0""]","[""Op_Server0""]","[""Enterprise0"", ""Enterprise2"", ""Op_Server0"", ""User0"", ""User3""]","[""Enterprise0"", ""Enterprise2"", ""Op_Server0"", ""User0"", ""User3""]","{""blue_first_relevant_response_after_critical"": 17, ""blue_first_relevant_response_after_enterprise"": 7, ""enterprise_foothold_step"": 5, ""first_critical_hit_step"": 12, ""window_end"": null, ""window_start"": null}"
no_constraint_stage2_fair,19,stage2_ext_023_obj_2,closest_candidate,episode_002,5,5021,16,Q2_user_action_during_critical_breach,high,DecoyApache,User1,User,Impact,Op_Server0,"[""Op_Server0""]","[""Op_Server0""]","[""Enterprise0"", ""Enterprise2"", ""Op_Server0"", ""User0"", ""User3""]","[""Enterprise0"", ""Enterprise2"", ""Op_Server0"", ""User0"", ""User3""]","{""blue_first_relevant_response_after_critical"": 17, ""blue_first_relevant_response_after_enterprise"": 7, ""enterprise_foothold_step"": 5, ""first_critical_hit_step"": 12, ""window_end"": null, ""window_start"": null}"
no_constraint_stage2_fair,19,stage2_ext_023_obj_2,closest_candidate,episode_002,5,5021,18,Q2_user_action_during_critical_breach,high,Analyse,User1,User,Impact,Op_Server0,"[""Op_Server0""]","[""Op_Server0""]","[""Enterprise0"", ""Enterprise2"", ""Op_Server0"", ""User0"", ""User3""]","[""Enterprise0"", ""Enterprise2"", ""Op_Server0"", ""User0"", ""User3""]","{""blue_first_relevant_response_after_critical"": 17, ""blue_first_relevant_response_after_enterprise"": 7, ""enterprise_foothold_step"": 5, ""first_critical_hit_step"": 12, ""window_end"": null, ""window_start"": null}"
no_constraint_stage2_fair,19,stage2_ext_023_obj_2,closest_candidate,episode_002,5,5021,19,Q2_user_action_during_critical_breach,high,Analyse,User2,User,Impact,Op_Server0,"[""Op_Server0""]","[""Op_Server0""]","[""Enterprise0"", ""Enterprise2"", ""Op_Server0"", ""User0"", ""User3""]","[""Enterprise0"", ""Enterprise2"", ""Op_Server0"", ""User0"", ""User3""]","{""blue_first_relevant_response_after_critical"": 17, ""blue_first_relevant_response_after_enterprise"": 7, ""enterprise_foothold_step"": 5, ""first_critical_hit_step"": 12, ""window_end"": null, ""window_start"": null}"
no_constraint_stage2_fair,19,stage2_ext_023_obj_2,closest_candidate,episode_002,5,5021,20,Q2_user_action_during_critical_breach,high,DecoyTomcat,User3,User,Impact,Op_Server0,"[""Op_Server0""]","[""Op_Server0""]","[""Enterprise0"", ""Enterprise2"", ""Op_Server0"", ""User0"", ""User3""]","[""Enterprise0"", ""Enterprise2"", ""Op_Server0"", ""User0"", ""User3""]","{""blue_first_relevant_response_after_critical"": 17, ""blue_first_relevant_response_after_enterprise"": 7, ""enterprise_foothold_step"": 5, ""first_critical_hit_step"": 12, ""window_end"": null, ""window_start"": null}"
no_constraint_stage2_fair,19,stage2_ext_023_obj_2,closest_candidate,episode_002,5,5021,24,Q2_user_action_during_critical_breach,high,Analyse,User2,User,Impact,Op_Server0,"[""Op_Server0""]","[""Op_Server0""]","[""Enterprise0"", ""Enterprise2"", ""Op_Server0"", ""User0"", ""User3""]","[""Enterprise0"", ""Enterprise2"", ""Op_Server0"", ""User0"", ""User3""]","{""blue_first_relevant_response_after_critical"": 17, ""blue_first_relevant_response_after_enterprise"": 7, ""enterprise_foothold_step"": 5, ""first_critical_hit_step"": 12, ""window_end"": null, ""window_start"": null}"
no_constraint_stage2_fair,19,stage2_ext_023_obj_2,closest_candidate,episode_002,5,5021,26,Q2_user_action_during_critical_breach,high,Analyse,User2,User,Impact,Op_Server0,"[""Op_Server0""]","[""Op_Server0""]","[""Enterprise0"", ""Enterprise2"", ""Op_Server0"", ""User0"", ""User3""]","[""Enterprise0"", ""Enterprise2"", ""Op_Server0"", ""User0"", ""User3""]","{""blue_first_relevant_response_after_critical"": 17, ""blue_first_relevant_response_after_enterprise"": 7, ""enterprise_foothold_step"": 5, ""first_critical_hit_step"": 12, ""window_end"": null, ""window_start"": null}"
no_constraint_stage2_fair,19,stage2_ext_023_obj_2,closest_candidate,episode_002,5,5021,27,Q2_user_action_during_critical_breach,high,DecoyTomcat,User0,User,Impact,Op_Server0,"[""Op_Server0""]","[""Op_Server0""]","[""Enterprise0"", ""Enterprise2"", ""Op_Server0"", ""User0"", ""User3""]","[""Enterprise0"", ""Enterprise2"", ""Op_Server0"", ""User0"", ""User3""]","{""blue_first_relevant_response_after_critical"": 17, ""blue_first_relevant_response_after_enterprise"": 7, ""enterprise_foothold_step"": 5, ""first_critical_hit_step"": 12, ""window_end"": null, ""window_start"": null}"
no_constraint_stage2_fair,19,stage2_ext_023_obj_2,closest_candidate,episode_002,5,5021,28,Q2_user_action_during_critical_breach,high,Analyse,User0,User,Impact,Op_Server0,"[""Op_Server0""]","[""Op_Server0""]","[""Enterprise0"", ""Enterprise2"", ""Op_Server0"", ""User0"", ""User3""]","[""Enterprise0"", ""Enterprise2"", ""Op_Server0"", ""User0"", ""User3""]","{""blue_first_relevant_response_after_critical"": 17, ""blue_first_relevant_response_after_enterprise"": 7, ""enterprise_foothold_step"": 5, ""first_critical_hit_step"": 12, ""window_end"": null, ""window_start"": null}"
no_constraint_stage2_fair,19,stage2_ext_023_obj_2,closest_candidate,episode_002,5,5021,29,Q2_user_action_during_critical_breach,high,Analyse,User0,User,Impact,Op_Server0,"[""Op_Server0""]","[""Op_Server0""]","[""Enterprise0"", ""Enterprise2"", ""Op_Server0"", ""User0"", ""User3""]","[""Enterprise0"", ""Enterprise2"", ""Op_Server0"", ""User0"", ""User3""]","{""blue_first_relevant_response_after_critical"": 17, ""blue_first_relevant_response_after_enterprise"": 7, ""enterprise_foothold_step"": 5, ""first_critical_hit_step"": 12, ""window_end"": null, ""window_start"": null}"
no_constraint_stage2_fair,19,stage2_ext_023_obj_2,closest_candidate,episode_002,5,5021,30,Q2_user_action_during_critical_breach,high,DecoyApache,User1,User,Impact,Op_Server0,"[""Op_Server0""]","[""Op_Server0""]","[""Enterprise0"", ""Enterprise2"", ""Op_Server0"", ""User0"", ""User3""]","[""Enterprise0"", ""Enterprise2"", ""Op_Server0"", ""User0"", ""User3""]","{""blue_first_relevant_response_after_critical"": 17, ""blue_first_relevant_response_after_enterprise"": 7, ""enterprise_foothold_step"": 5, ""first_critical_hit_step"": 12, ""window_end"": null, ""window_start"": null}"
no_constraint_stage2_fair,19,stage2_ext_023_obj_2,closest_candidate,episode_002,5,5021,31,Q2_user_action_during_critical_breach,high,DecoyTomcat,User3,User,Impact,Op_Server0,"[""Op_Server0""]","[""Op_Server0""]","[""Enterprise0"", ""Enterprise2"", ""Op_Server0"", ""User0"", ""User3""]","[""Enterprise0"", ""Enterprise2"", ""Op_Server0"", ""User0"", ""User3""]","{""blue_first_relevant_response_after_critical"": 17, ""blue_first_relevant_response_after_enterprise"": 7, ""enterprise_foothold_step"": 5, ""first_critical_hit_step"": 12, ""window_end"": null, ""window_start"": null}"
no_constraint_stage2_fair,19,stage2_ext_023_obj_2,closest_candidate,episode_002,5,5021,33,Q2_user_action_during_critical_breach,high,Analyse,User2,User,Impact,Op_Server0,"[""Op_Server0""]","[""Op_Server0""]","[""Enterprise0"", ""Enterprise2"", ""Op_Server0"", ""User0"", ""User3""]","[""Enterprise0"", ""Enterprise2"", ""Op_Server0"", ""User0"", ""User3""]","{""blue_first_relevant_response_after_critical"": 17, ""blue_first_relevant_response_after_enterprise"": 7, ""enterprise_foothold_step"": 5, ""first_critical_hit_step"": 12, ""window_end"": null, ""window_start"": null}"
no_constraint_stage2_fair,19,stage2_ext_023_obj_2,closest_candidate,episode_002,5,5021,39,Q2_user_action_during_critical_breach,high,Analyse,User2,User,Impact,Op_Server0,"[""Op_Server0""]","[""Op_Server0""]","[""Enterprise0"", ""Enterprise2"", ""Op_Server0"", ""User0"", ""User3""]","[""Enterprise0"", ""Enterprise2"", ""Op_Server0"", ""User0"", ""User3""]","{""blue_first_relevant_response_after_critical"": 17, ""blue_first_relevant_response_after_enterprise"": 7, ""enterprise_foothold_step"": 5, ""first_critical_hit_step"": 12, ""window_end"": null, ""window_start"": null}"
no_constraint_stage2_fair,19,stage2_ext_023_obj_2,closest_candidate,episode_002,5,5021,40,Q2_user_action_during_critical_breach,high,Remove,User3,User,Impact,Op_Server0,"[""Op_Server0""]","[""Op_Server0""]","[""Enterprise0"", ""Enterprise2"", ""Op_Server0"", ""User0"", ""User3""]","[""Enterprise0"", ""Enterprise2"", ""Op_Server0"", ""User0"", ""User3""]","{""blue_first_relevant_response_after_critical"": 17, ""blue_first_relevant_response_after_enterprise"": 7, ""enterprise_foothold_step"": 5, ""first_critical_hit_step"": 12, ""window_end"": null, ""window_start"": null}"
no_constraint_stage2_fair,19,stage2_ext_023_obj_2,closest_candidate,episode_002,5,5021,42,Q2_user_action_during_critical_breach,high,Analyse,User2,User,Impact,Op_Server0,"[""Op_Server0""]","[""Op_Server0""]","[""Enterprise0"", ""Enterprise2"", ""Op_Server0"", ""User0"", ""User3""]","[""Enterprise0"", ""Enterprise2"", ""Op_Server0"", ""User0"", ""User3""]","{""blue_first_relevant_response_after_critical"": 17, ""blue_first_relevant_response_after_enterprise"": 7, ""enterprise_foothold_step"": 5, ""first_critical_hit_step"": 12, ""window_end"": null, ""window_start"": null}"
no_constraint_stage2_fair,19,stage2_ext_023_obj_2,closest_candidate,episode_002,5,5021,44,Q2_user_action_during_critical_breach,high,DecoyTomcat,User3,User,Impact,Op_Server0,"[""Op_Server0""]","[""Op_Server0""]","[""Enterprise0"", ""Enterprise2"", ""Op_Server0"", ""User0"", ""User3""]","[""Enterprise0"", ""Enterprise2"", ""Op_Server0"", ""User0"", ""User3""]","{""blue_first_relevant_response_after_critical"": 17, ""blue_first_relevant_response_after_enterprise"": 7, ""enterprise_foothold_step"": 5, ""first_critical_hit_step"": 12, ""window_end"": null, ""window_start"": null}"
no_constraint_stage2_fair,19,stage2_ext_023_obj_2,closest_candidate,episode_002,5,5021,50,Q2_user_action_during_critical_breach,high,DecoyApache,User1,User,Impact,Op_Server0,"[""Op_Server0""]","[""Op_Server0""]","[""Enterprise0"", ""Enterprise2"", ""Op_Server0"", ""User0"", ""User3""]","[""Enterprise0"", ""Enterprise2"", ""Op_Server0"", ""User0"", ""User3""]","{""blue_first_relevant_response_after_critical"": 17, ""blue_first_relevant_response_after_enterprise"": 7, ""enterprise_foothold_step"": 5, ""first_critical_hit_step"": 12, ""window_end"": null, ""window_start"": null}"
no_constraint_stage2_fair,19,stage2_ext_023_obj_2,closest_candidate,episode_002,5,5021,52,Q2_user_action_during_critical_breach,high,Analyse,User2,User,Impact,Op_Server0,"[""Op_Server0""]","[""Op_Server0""]","[""Enterprise0"", ""Enterprise2"", ""Op_Server0"", ""User0"", ""User3""]","[""Enterprise0"", ""Enterprise2"", ""Op_Server0"", ""User0"", ""User3""]","{""blue_first_relevant_response_after_critical"": 17, ""blue_first_relevant_response_after_enterprise"": 7, ""enterprise_foothold_step"": 5, ""first_critical_hit_step"": 12, ""window_end"": null, ""window_start"": null}"
no_constraint_stage2_fair,19,stage2_ext_023_obj_2,closest_candidate,episode_002,5,5021,53,Q2_user_action_during_critical_breach,high,Analyse,User0,User,Impact,Op_Server0,"[""Op_Server0""]","[""Op_Server0""]","[""Enterprise0"", ""Enterprise2"", ""Op_Server0"", ""User0"", ""User3""]","[""Enterprise0"", ""Enterprise2"", ""Op_Server0"", ""User0"", ""User3""]","{""blue_first_relevant_response_after_critical"": 17, ""blue_first_relevant_response_after_enterprise"": 7, ""enterprise_foothold_step"": 5, ""first_critical_hit_step"": 12, ""window_end"": null, ""window_start"": null}"
no_constraint_stage2_fair,19,stage2_ext_023_obj_2,closest_candidate,episode_002,5,5021,55,Q2_user_action_during_critical_breach,high,DecoySSHD,User4,User,Impact,Op_Server0,"[""Op_Server0""]","[""Op_Server0""]","[""Enterprise0"", ""Enterprise2"", ""Op_Server0"", ""User0"", ""User3""]","[""Enterprise0"", ""Enterprise2"", ""Op_Server0"", ""User0"", ""User3""]","{""blue_first_relevant_response_after_critical"": 17, ""blue_first_relevant_response_after_enterprise"": 7, ""enterprise_foothold_step"": 5, ""first_critical_hit_step"": 12, ""window_end"": null, ""window_start"": null}"
no_constraint_stage2_fair,19,stage2_ext_023_obj_2,closest_candidate,episode_002,5,5021,56,Q2_user_action_during_critical_breach,high,Analyse,User2,User,Impact,Op_Server0,"[""Op_Server0""]","[""Op_Server0""]","[""Enterprise0"", ""Enterprise2"", ""Op_Server0"", ""User0"", ""User3""]","[""Enterprise0"", ""Enterprise2"", ""Op_Server0"", ""User0"", ""User3""]","{""blue_first_relevant_response_after_critical"": 17, ""blue_first_relevant_response_after_enterprise"": 7, ""enterprise_foothold_step"": 5, ""first_critical_hit_step"": 12, ""window_end"": null, ""window_start"": null}"
no_constraint_stage2_fair,19,stage2_ext_023_obj_2,closest_candidate,episode_002,5,5021,57,Q2_user_action_during_critical_breach,high,DecoyTomcat,User3,User,Impact,Op_Server0,"[""Op_Server0""]","[""Op_Server0""]","[""Enterprise0"", ""Enterprise2"", ""Op_Server0"", ""User0"", ""User3""]","[""Enterprise0"", ""Enterprise2"", ""Op_Server0"", ""User0"", ""User3""]","{""blue_first_relevant_response_after_critical"": 17, ""blue_first_relevant_response_after_enterprise"": 7, ""enterprise_foothold_step"": 5, ""first_critical_hit_step"": 12, ""window_end"": null, ""window_start"": null}"
no_constraint_stage2_fair,19,stage2_ext_023_obj_2,closest_candidate,episode_002,5,5021,59,Q2_user_action_during_critical_breach,high,Analyse,User2,User,Impact,Op_Server0,"[""Op_Server0""]","[""Op_Server0""]","[""Enterprise0"", ""Enterprise2"", ""Op_Server0"", ""User0"", ""User3""]","[""Enterprise0"", ""Enterprise2"", ""Op_Server0"", ""User0"", ""User3""]","{""blue_first_relevant_response_after_critical"": 17, ""blue_first_relevant_response_after_enterprise"": 7, ""enterprise_foothold_step"": 5, ""first_critical_hit_step"": 12, ""window_end"": null, ""window_start"": null}"
no_constraint_stage2_fair,19,stage2_ext_023_obj_2,closest_candidate,episode_002,5,5021,61,Q2_user_action_during_critical_breach,high,Analyse,User2,User,Impact,Op_Server0,"[""Op_Server0""]","[""Op_Server0""]","[""Enterprise0"", ""Enterprise2"", ""Op_Server0"", ""User0"", ""User3""]","[""Enterprise0"", ""Enterprise2"", ""Op_Server0"", ""User0"", ""User3""]","{""blue_first_relevant_response_after_critical"": 17, ""blue_first_relevant_response_after_enterprise"": 7, ""enterprise_foothold_step"": 5, ""first_critical_hit_step"": 12, ""window_end"": null, ""window_start"": null}"
no_constraint_stage2_fair,19,stage2_ext_023_obj_2,closest_candidate,episode_002,5,5021,62,Q2_user_action_during_critical_breach,high,Analyse,User2,User,Impact,Op_Server0,"[""Op_Server0""]","[""Op_Server0""]","[""Enterprise0"", ""Enterprise2"", ""Op_Server0"", ""User0"", ""User3""]","[""Enterprise0"", ""Enterprise2"", ""Op_Server0"", ""User0"", ""User3""]","{""blue_first_relevant_response_after_critical"": 17, ""blue_first_relevant_response_after_enterprise"": 7, ""enterprise_foothold_step"": 5, ""first_critical_hit_step"": 12, ""window_end"": null, ""window_start"": null}"
no_constraint_stage2_fair,19,stage2_ext_023_obj_2,closest_candidate,episode_002,5,5021,63,Q2_user_action_during_critical_breach,high,DecoySSHD,User4,User,Impact,Op_Server0,"[""Op_Server0""]","[""Op_Server0""]","[""Enterprise0"", ""Enterprise2"", ""Op_Server0"", ""User0"", ""User3""]","[""Enterprise0"", ""Enterprise2"", ""Op_Server0"", ""User0"", ""User3""]","{""blue_first_relevant_response_after_critical"": 17, ""blue_first_relevant_response_after_enterprise"": 7, ""enterprise_foothold_step"": 5, ""first_critical_hit_step"": 12, ""window_end"": null, ""window_start"": null}"
no_constraint_stage2_fair,19,stage2_ext_023_obj_2,closest_candidate,episode_002,5,5021,64,Q2_user_action_during_critical_breach,high,DecoyTomcat,User3,User,Impact,Op_Server0,"[""Op_Server0""]","[""Op_Server0""]","[""Enterprise0"", ""Enterprise2"", ""Op_Server0"", ""User0"", ""User3""]","[""Enterprise0"", ""Enterprise2"", ""Op_Server0"", ""User0"", ""User3""]","{""blue_first_relevant_response_after_critical"": 17, ""blue_first_relevant_response_after_enterprise"": 7, ""enterprise_foothold_step"": 5, ""first_critical_hit_step"": 12, ""window_end"": null, ""window_start"": null}"
no_constraint_stage2_fair,19,stage2_ext_023_obj_2,closest_candidate,episode_002,5,5021,65,Q2_user_action_during_critical_breach,high,Analyse,User2,User,Impact,Op_Server0,"[""Op_Server0""]","[""Op_Server0""]","[""Enterprise0"", ""Enterprise2"", ""Op_Server0"", ""User0"", ""User3""]","[""Enterprise0"", ""Enterprise2"", ""Op_Server0"", ""User0"", ""User3""]","{""blue_first_relevant_response_after_critical"": 17, ""blue_first_relevant_response_after_enterprise"": 7, ""enterprise_foothold_step"": 5, ""first_critical_hit_step"": 12, ""window_end"": null, ""window_start"": null}"
no_constraint_stage2_fair,19,stage2_ext_023_obj_2,closest_candidate,episode_002,5,5021,67,Q2_user_action_during_critical_breach,high,Analyse,User2,User,Impact,Op_Server0,"[""Op_Server0""]","[""Op_Server0""]","[""Enterprise0"", ""Enterprise2"", ""Op_Server0"", ""User0"", ""User3""]","[""Enterprise0"", ""Enterprise2"", ""Op_Server0"", ""User0"", ""User3""]","{""blue_first_relevant_response_after_critical"": 17, ""blue_first_relevant_response_after_enterprise"": 7, ""enterprise_foothold_step"": 5, ""first_critical_hit_step"": 12, ""window_end"": null, ""window_start"": null}"
no_constraint_stage2_fair,19,stage2_ext_023_obj_2,closest_candidate,episode_002,5,5021,69,Q2_user_action_during_critical_breach,high,DecoyHarakaSMPT,User1,User,Impact,Op_Server0,"[""Op_Server0""]","[""Op_Server0""]","[""Enterprise0"", ""Enterprise2"", ""Op_Server0"", ""User0"", ""User3""]","[""Enterprise0"", ""Enterprise2"", ""Op_Server0"", ""User0"", ""User3""]","{""blue_first_relevant_response_after_critical"": 17, ""blue_first_relevant_response_after_enterprise"": 7, ""enterprise_foothold_step"": 5, ""first_critical_hit_step"": 12, ""window_end"": null, ""window_start"": null}"
no_constraint_stage2_fair,19,stage2_ext_023_obj_2,closest_candidate,episode_002,5,5021,71,Q2_user_action_during_critical_breach,high,Remove,User3,User,Impact,Op_Server0,"[""Op_Server0""]","[""Op_Server0""]","[""Enterprise0"", ""Enterprise2"", ""Op_Server0"", ""User0"", ""User3""]","[""Enterprise0"", ""Enterprise2"", ""Op_Server0"", ""User0"", ""User3""]","{""blue_first_relevant_response_after_critical"": 17, ""blue_first_relevant_response_after_enterprise"": 7, ""enterprise_foothold_step"": 5, ""first_critical_hit_step"": 12, ""window_end"": null, ""window_start"": null}"
no_constraint_stage2_fair,19,stage2_ext_023_obj_2,closest_candidate,episode_002,5,5021,75,Q2_user_action_during_critical_breach,high,DecoyTomcat,User3,User,Impact,Op_Server0,"[""Op_Server0""]","[""Op_Server0""]","[""Enterprise0"", ""Enterprise2"", ""Op_Server0"", ""User0"", ""User3""]","[""Enterprise0"", ""Enterprise2"", ""Op_Server0"", ""User0"", ""User3""]","{""blue_first_relevant_response_after_critical"": 17, ""blue_first_relevant_response_after_enterprise"": 7, ""enterprise_foothold_step"": 5, ""first_critical_hit_step"": 12, ""window_end"": null, ""window_start"": null}"
no_constraint_stage2_fair,19,stage2_ext_023_obj_2,closest_candidate,episode_002,5,5021,76,Q2_user_action_during_critical_breach,high,Analyse,User2,User,Impact,Op_Server0,"[""Op_Server0""]","[""Op_Server0""]","[""Enterprise0"", ""Enterprise2"", ""Op_Server0"", ""User0"", ""User3""]","[""Enterprise0"", ""Enterprise2"", ""Op_Server0"", ""User0"", ""User3""]","{""blue_first_relevant_response_after_critical"": 17, ""blue_first_relevant_response_after_enterprise"": 7, ""enterprise_foothold_step"": 5, ""first_critical_hit_step"": 12, ""window_end"": null, ""window_start"": null}"
no_constraint_stage2_fair,19,stage2_ext_023_obj_2,closest_candidate,episode_002,5,5021,78,Q2_user_action_during_critical_breach,high,Analyse,User2,User,Impact,Op_Server0,"[""Op_Server0""]","[""Op_Server0""]","[""Enterprise0"", ""Enterprise2"", ""Op_Server0"", ""User0"", ""User3""]","[""Enterprise0"", ""Enterprise2"", ""Op_Server0"", ""User0"", ""User3""]","{""blue_first_relevant_response_after_critical"": 17, ""blue_first_relevant_response_after_enterprise"": 7, ""enterprise_foothold_step"": 5, ""first_critical_hit_step"": 12, ""window_end"": null, ""window_start"": null}"
no_constraint_stage2_fair,19,stage2_ext_023_obj_2,closest_candidate,episode_002,5,5021,80,Q2_user_action_during_critical_breach,high,Analyse,User2,User,Impact,Op_Server0,"[""Op_Server0""]","[""Op_Server0""]","[""Enterprise0"", ""Enterprise2"", ""Op_Server0"", ""User0"", ""User3""]","[""Enterprise0"", ""Enterprise2"", ""Op_Server0"", ""User0"", ""User3""]","{""blue_first_relevant_response_after_critical"": 17, ""blue_first_relevant_response_after_enterprise"": 7, ""enterprise_foothold_step"": 5, ""first_critical_hit_step"": 12, ""window_end"": null, ""window_start"": null}"
no_constraint_stage2_fair,19,stage2_ext_023_obj_2,closest_candidate,episode_002,5,5021,81,Q2_user_action_during_critical_breach,high,Analyse,User0,User,Impact,Op_Server0,"[""Op_Server0""]","[""Op_Server0""]","[""Enterprise0"", ""Enterprise2"", ""Op_Server0"", ""User0"", ""User3""]","[""Enterprise0"", ""Enterprise2"", ""Op_Server0"", ""User0"", ""User3""]","{""blue_first_relevant_response_after_critical"": 17, ""blue_first_relevant_response_after_enterprise"": 7, ""enterprise_foothold_step"": 5, ""first_critical_hit_step"": 12, ""window_end"": null, ""window_start"": null}"
no_constraint_stage2_fair,19,stage2_ext_023_obj_2,closest_candidate,episode_002,5,5021,82,Q2_user_action_during_critical_breach,high,DecoyTomcat,User0,User,Impact,Op_Server0,"[""Op_Server0""]","[""Op_Server0""]","[""Enterprise0"", ""Enterprise2"", ""Op_Server0"", ""User0"", ""User3""]","[""Enterprise0"", ""Enterprise2"", ""Op_Server0"", ""User0"", ""User3""]","{""blue_first_relevant_response_after_critical"": 17, ""blue_first_relevant_response_after_enterprise"": 7, ""enterprise_foothold_step"": 5, ""first_critical_hit_step"": 12, ""window_end"": null, ""window_start"": null}"
no_constraint_stage2_fair,19,stage2_ext_023_obj_2,closest_candidate,episode_002,5,5021,86,Q2_user_action_during_critical_breach,high,DecoyApache,User1,User,Impact,Op_Server0,"[""Op_Server0""]","[""Op_Server0""]","[""Enterprise0"", ""Enterprise2"", ""Op_Server0"", ""User0"", ""User3""]","[""Enterprise0"", ""Enterprise2"", ""Op_Server0"", ""User0"", ""User3""]","{""blue_first_relevant_response_after_critical"": 17, ""blue_first_relevant_response_after_enterprise"": 7, ""enterprise_foothold_step"": 5, ""first_critical_hit_step"": 12, ""window_end"": null, ""window_start"": null}"
no_constraint_stage2_fair,19,stage2_ext_023_obj_2,closest_candidate,episode_002,5,5021,91,Q2_user_action_during_critical_breach,high,Analyse,User2,User,Impact,Op_Server0,"[""Op_Server0""]","[""Op_Server0""]","[""Enterprise0"", ""Enterprise2"", ""Op_Server0"", ""User0"", ""User3""]","[""Enterprise0"", ""Enterprise2"", ""Op_Server0"", ""User0"", ""User3""]","{""blue_first_relevant_response_after_critical"": 17, ""blue_first_relevant_response_after_enterprise"": 7, ""enterprise_foothold_step"": 5, ""first_critical_hit_step"": 12, ""window_end"": null, ""window_start"": null}"
no_constraint_stage2_fair,19,stage2_ext_023_obj_2,closest_candidate,episode_002,5,5021,93,Q2_user_action_during_critical_breach,high,DecoyTomcat,User3,User,Impact,Op_Server0,"[""Op_Server0""]","[""Op_Server0""]","[""Enterprise0"", ""Enterprise2"", ""Op_Server0"", ""User0"", ""User3""]","[""Enterprise0"", ""Enterprise2"", ""Op_Server0"", ""User0"", ""User3""]","{""blue_first_relevant_response_after_critical"": 17, ""blue_first_relevant_response_after_enterprise"": 7, ""enterprise_foothold_step"": 5, ""first_critical_hit_step"": 12, ""window_end"": null, ""window_start"": null}"
no_constraint_stage2_fair,19,stage2_ext_023_obj_2,closest_candidate,episode_002,5,5021,97,Q2_user_action_during_critical_breach,high,DecoyTomcat,User3,User,Impact,Op_Server0,"[""Op_Server0""]","[""Op_Server0""]","[""Enterprise0"", ""Enterprise2"", ""Op_Server0"", ""User0"", ""User3""]","[""Enterprise0"", ""Enterprise2"", ""Op_Server0"", ""User0"", ""User3""]","{""blue_first_relevant_response_after_critical"": 17, ""blue_first_relevant_response_after_enterprise"": 7, ""enterprise_foothold_step"": 5, ""first_critical_hit_step"": 12, ""window_end"": null, ""window_start"": null}"
no_constraint_stage2_fair,19,stage2_ext_023_obj_2,closest_candidate,episode_002,5,5021,12,Q3_missed_immediate_response_to_critical_hit,high,DecoyApache,Op_Host2,Operational,ExploitRemoteService,,[],"[""Op_Server0""]","[""Enterprise0"", ""Enterprise2"", ""User0"", ""User3""]","[""Enterprise0"", ""Enterprise2"", ""Op_Server0"", ""User0"", ""User3""]","{""blue_first_relevant_response_after_critical"": 17, ""blue_first_relevant_response_after_enterprise"": 7, ""enterprise_foothold_step"": 5, ""first_critical_hit_step"": 12, ""window_end"": 15, ""window_start"": 13}"
no_constraint_stage2_fair,19,stage2_ext_023_obj_2,closest_candidate,episode_002,5,5021,8,Q4_user_focus_after_enterprise_foothold,medium,Analyse,User2,User,DiscoverNetworkServices,,[],[],"[""Enterprise0"", ""User0"", ""User3""]","[""Enterprise0"", ""User0"", ""User3""]","{""blue_first_relevant_response_after_critical"": 17, ""blue_first_relevant_response_after_enterprise"": 7, ""enterprise_foothold_step"": 5, ""first_critical_hit_step"": 12, ""window_end"": 10, ""window_start"": 8}"
no_constraint_stage2_fair,19,stage2_ext_023_obj_2,closest_candidate,episode_002,5,5021,9,Q4_user_focus_after_enterprise_foothold,medium,DecoyTomcat,User3,User,ExploitRemoteService,,[],[],"[""Enterprise0"", ""User0"", ""User3""]","[""Enterprise0"", ""Enterprise2"", ""User0"", ""User3""]","{""blue_first_relevant_response_after_critical"": 17, ""blue_first_relevant_response_after_enterprise"": 7, ""enterprise_foothold_step"": 5, ""first_critical_hit_step"": 12, ""window_end"": 11, ""window_start"": 9}"
no_constraint_stage2_fair,19,stage2_ext_023_obj_2,closest_candidate,episode_002,5,5021,13,Q4_user_focus_after_enterprise_foothold,medium,DecoyTomcat,User3,User,PrivilegeEscalate,Op_Server0,"[""Op_Server0""]","[""Op_Server0""]","[""Enterprise0"", ""Enterprise2"", ""Op_Server0"", ""User0"", ""User3""]","[""Enterprise0"", ""Enterprise2"", ""Op_Server0"", ""User0"", ""User3""]","{""blue_first_relevant_response_after_critical"": 17, ""blue_first_relevant_response_after_enterprise"": 7, ""enterprise_foothold_step"": 5, ""first_critical_hit_step"": 12, ""window_end"": 15, ""window_start"": 13}"
no_constraint_stage2_fair,19,stage2_ext_023_obj_2,closest_candidate,episode_002,5,5021,14,Q4_user_focus_after_enterprise_foothold,medium,DecoyHarakaSMPT,User1,User,Impact,Op_Server0,"[""Op_Server0""]","[""Op_Server0""]","[""Enterprise0"", ""Enterprise2"", ""Op_Server0"", ""User0"", ""User3""]","[""Enterprise0"", ""Enterprise2"", ""Op_Server0"", ""User0"", ""User3""]","{""blue_first_relevant_response_after_critical"": 17, ""blue_first_relevant_response_after_enterprise"": 7, ""enterprise_foothold_step"": 5, ""first_critical_hit_step"": 12, ""window_end"": 16, ""window_start"": 14}"
no_constraint_stage2_fair,19,stage2_ext_023_obj_2,closest_candidate,episode_002,5,5021,18,Q4_user_focus_after_enterprise_foothold,medium,Analyse,User1,User,Impact,Op_Server0,"[""Op_Server0""]","[""Op_Server0""]","[""Enterprise0"", ""Enterprise2"", ""Op_Server0"", ""User0"", ""User3""]","[""Enterprise0"", ""Enterprise2"", ""Op_Server0"", ""User0"", ""User3""]","{""blue_first_relevant_response_after_critical"": 17, ""blue_first_relevant_response_after_enterprise"": 7, ""enterprise_foothold_step"": 5, ""first_critical_hit_step"": 12, ""window_end"": 20, ""window_start"": 18}"
no_constraint_stage2_fair,19,stage2_ext_023_obj_2,closest_candidate,episode_002,5,5021,26,Q4_user_focus_after_enterprise_foothold,medium,Analyse,User2,User,Impact,Op_Server0,"[""Op_Server0""]","[""Op_Server0""]","[""Enterprise0"", ""Enterprise2"", ""Op_Server0"", ""User0"", ""User3""]","[""Enterprise0"", ""Enterprise2"", ""Op_Server0"", ""User0"", ""User3""]","{""blue_first_relevant_response_after_critical"": 17, ""blue_first_relevant_response_after_enterprise"": 7, ""enterprise_foothold_step"": 5, ""first_critical_hit_step"": 12, ""window_end"": 28, ""window_start"": 26}"
no_constraint_stage2_fair,19,stage2_ext_023_obj_2,closest_candidate,episode_002,5,5021,27,Q4_user_focus_after_enterprise_foothold,medium,DecoyTomcat,User0,User,Impact,Op_Server0,"[""Op_Server0""]","[""Op_Server0""]","[""Enterprise0"", ""Enterprise2"", ""Op_Server0"", ""User0"", ""User3""]","[""Enterprise0"", ""Enterprise2"", ""Op_Server0"", ""User0"", ""User3""]","{""blue_first_relevant_response_after_critical"": 17, ""blue_first_relevant_response_after_enterprise"": 7, ""enterprise_foothold_step"": 5, ""first_critical_hit_step"": 12, ""window_end"": 29, ""window_start"": 27}"
no_constraint_stage2_fair,19,stage2_ext_023_obj_2,closest_candidate,episode_002,5,5021,28,Q4_user_focus_after_enterprise_foothold,medium,Analyse,User0,User,Impact,Op_Server0,"[""Op_Server0""]","[""Op_Server0""]","[""Enterprise0"", ""Enterprise2"", ""Op_Server0"", ""User0"", ""User3""]","[""Enterprise0"", ""Enterprise2"", ""Op_Server0"", ""User0"", ""User3""]","{""blue_first_relevant_response_after_critical"": 17, ""blue_first_relevant_response_after_enterprise"": 7, ""enterprise_foothold_step"": 5, ""first_critical_hit_step"": 12, ""window_end"": 30, ""window_start"": 28}"
no_constraint_stage2_fair,19,stage2_ext_023_obj_2,closest_candidate,episode_002,5,5021,29,Q4_user_focus_after_enterprise_foothold,medium,Analyse,User0,User,Impact,Op_Server0,"[""Op_Server0""]","[""Op_Server0""]","[""Enterprise0"", ""Enterprise2"", ""Op_Server0"", ""User0"", ""User3""]","[""Enterprise0"", ""Enterprise2"", ""Op_Server0"", ""User0"", ""User3""]","{""blue_first_relevant_response_after_critical"": 17, ""blue_first_relevant_response_after_enterprise"": 7, ""enterprise_foothold_step"": 5, ""first_critical_hit_step"": 12, ""window_end"": 31, ""window_start"": 29}"
no_constraint_stage2_fair,19,stage2_ext_023_obj_2,closest_candidate,episode_002,5,5021,55,Q4_user_focus_after_enterprise_foothold,medium,DecoySSHD,User4,User,Impact,Op_Server0,"[""Op_Server0""]","[""Op_Server0""]","[""Enterprise0"", ""Enterprise2"", ""Op_Server0"", ""User0"", ""User3""]","[""Enterprise0"", ""Enterprise2"", ""Op_Server0"", ""User0"", ""User3""]","{""blue_first_relevant_response_after_critical"": 17, ""blue_first_relevant_response_after_enterprise"": 7, ""enterprise_foothold_step"": 5, ""first_critical_hit_step"": 12, ""window_end"": 57, ""window_start"": 55}"
no_constraint_stage2_fair,19,stage2_ext_023_obj_2,closest_candidate,episode_002,5,5021,61,Q4_user_focus_after_enterprise_foothold,medium,Analyse,User2,User,Impact,Op_Server0,"[""Op_Server0""]","[""Op_Server0""]","[""Enterprise0"", ""Enterprise2"", ""Op_Server0"", ""User0"", ""User3""]","[""Enterprise0"", ""Enterprise2"", ""Op_Server0"", ""User0"", ""User3""]","{""blue_first_relevant_response_after_critical"": 17, ""blue_first_relevant_response_after_enterprise"": 7, ""enterprise_foothold_step"": 5, ""first_critical_hit_step"": 12, ""window_end"": 63, ""window_start"": 61}"
no_constraint_stage2_fair,19,stage2_ext_023_obj_2,closest_candidate,episode_002,5,5021,62,Q4_user_focus_after_enterprise_foothold,medium,Analyse,User2,User,Impact,Op_Server0,"[""Op_Server0""]","[""Op_Server0""]","[""Enterprise0"", ""Enterprise2"", ""Op_Server0"", ""User0"", ""User3""]","[""Enterprise0"", ""Enterprise2"", ""Op_Server0"", ""User0"", ""User3""]","{""blue_first_relevant_response_after_critical"": 17, ""blue_first_relevant_response_after_enterprise"": 7, ""enterprise_foothold_step"": 5, ""first_critical_hit_step"": 12, ""window_end"": 64, ""window_start"": 62}"
no_constraint_stage2_fair,19,stage2_ext_023_obj_2,closest_candidate,episode_002,5,5021,63,Q4_user_focus_after_enterprise_foothold,medium,DecoySSHD,User4,User,Impact,Op_Server0,"[""Op_Server0""]","[""Op_Server0""]","[""Enterprise0"", ""Enterprise2"", ""Op_Server0"", ""User0"", ""User3""]","[""Enterprise0"", ""Enterprise2"", ""Op_Server0"", ""User0"", ""User3""]","{""blue_first_relevant_response_after_critical"": 17, ""blue_first_relevant_response_after_enterprise"": 7, ""enterprise_foothold_step"": 5, ""first_critical_hit_step"": 12, ""window_end"": 65, ""window_start"": 63}"
no_constraint_stage2_fair,19,stage2_ext_023_obj_2,closest_candidate,episode_002,5,5021,80,Q4_user_focus_after_enterprise_foothold,medium,Analyse,User2,User,Impact,Op_Server0,"[""Op_Server0""]","[""Op_Server0""]","[""Enterprise0"", ""Enterprise2"", ""Op_Server0"", ""User0"", ""User3""]","[""Enterprise0"", ""Enterprise2"", ""Op_Server0"", ""User0"", ""User3""]","{""blue_first_relevant_response_after_critical"": 17, ""blue_first_relevant_response_after_enterprise"": 7, ""enterprise_foothold_step"": 5, ""first_critical_hit_step"": 12, ""window_end"": 82, ""window_start"": 80}"
no_constraint_stage2_fair,19,stage2_ext_023_obj_2,closest_candidate,episode_002,6,6021,41,Q2_user_action_during_critical_breach,high,DecoySSHD,User4,User,PrivilegeEscalate,Op_Server0,"[""Op_Server0""]","[""Op_Server0""]","[""Enterprise0"", ""Enterprise2"", ""Op_Server0"", ""User0"", ""User3""]","[""Enterprise0"", ""Enterprise2"", ""Op_Server0"", ""User0"", ""User3""]","{""blue_first_relevant_response_after_critical"": 42, ""blue_first_relevant_response_after_enterprise"": 6, ""enterprise_foothold_step"": 5, ""first_critical_hit_step"": 40, ""window_end"": null, ""window_start"": null}"
no_constraint_stage2_fair,19,stage2_ext_023_obj_2,closest_candidate,episode_002,6,6021,45,Q2_user_action_during_critical_breach,high,DecoyFemitter,User1,User,Impact,Op_Server0,"[""Op_Server0""]","[""Op_Server0""]","[""Enterprise0"", ""Enterprise2"", ""Op_Server0"", ""User0"", ""User3""]","[""Enterprise0"", ""Enterprise2"", ""Op_Server0"", ""User0"", ""User3""]","{""blue_first_relevant_response_after_critical"": 42, ""blue_first_relevant_response_after_enterprise"": 6, ""enterprise_foothold_step"": 5, ""first_critical_hit_step"": 40, ""window_end"": null, ""window_start"": null}"
no_constraint_stage2_fair,19,stage2_ext_023_obj_2,closest_candidate,episode_002,6,6021,47,Q2_user_action_during_critical_breach,high,DecoyFemitter,User1,User,Impact,Op_Server0,"[""Op_Server0""]","[""Op_Server0""]","[""Enterprise0"", ""Enterprise2"", ""Op_Server0"", ""User0"", ""User3""]","[""Enterprise0"", ""Enterprise2"", ""Op_Server0"", ""User0"", ""User3""]","{""blue_first_relevant_response_after_critical"": 42, ""blue_first_relevant_response_after_enterprise"": 6, ""enterprise_foothold_step"": 5, ""first_critical_hit_step"": 40, ""window_end"": null, ""window_start"": null}"
no_constraint_stage2_fair,19,stage2_ext_023_obj_2,closest_candidate,episode_002,6,6021,48,Q2_user_action_during_critical_breach,high,Analyse,User2,User,Impact,Op_Server0,"[""Op_Server0""]","[""Op_Server0""]","[""Enterprise0"", ""Enterprise2"", ""Op_Server0"", ""User0"", ""User3""]","[""Enterprise0"", ""Enterprise2"", ""Op_Server0"", ""User0"", ""User3""]","{""blue_first_relevant_response_after_critical"": 42, ""blue_first_relevant_response_after_enterprise"": 6, ""enterprise_foothold_step"": 5, ""first_critical_hit_step"": 40, ""window_end"": null, ""window_start"": null}"
no_constraint_stage2_fair,19,stage2_ext_023_obj_2,closest_candidate,episode_002,6,6021,49,Q2_user_action_during_critical_breach,high,DecoyTomcat,User3,User,Impact,Op_Server0,"[""Op_Server0""]","[""Op_Server0""]","[""Enterprise0"", ""Enterprise2"", ""Op_Server0"", ""User0"", ""User3""]","[""Enterprise0"", ""Enterprise2"", ""Op_Server0"", ""User0"", ""User3""]","{""blue_first_relevant_response_after_critical"": 42, ""blue_first_relevant_response_after_enterprise"": 6, ""enterprise_foothold_step"": 5, ""first_critical_hit_step"": 40, ""window_end"": null, ""window_start"": null}"
no_constraint_stage2_fair,19,stage2_ext_023_obj_2,closest_candidate,episode_002,6,6021,51,Q2_user_action_during_critical_breach,high,Analyse,User2,User,Impact,Op_Server0,"[""Op_Server0""]","[""Op_Server0""]","[""Enterprise2"", ""Op_Server0"", ""User0"", ""User3""]","[""Enterprise2"", ""Op_Server0"", ""User0"", ""User3""]","{""blue_first_relevant_response_after_critical"": 42, ""blue_first_relevant_response_after_enterprise"": 6, ""enterprise_foothold_step"": 5, ""first_critical_hit_step"": 40, ""window_end"": null, ""window_start"": null}"
no_constraint_stage2_fair,19,stage2_ext_023_obj_2,closest_candidate,episode_002,6,6021,54,Q2_user_action_during_critical_breach,high,DecoyTomcat,User3,User,Impact,Op_Server0,"[""Op_Server0""]","[""Op_Server0""]","[""Enterprise2"", ""Op_Server0"", ""User0"", ""User3""]","[""Enterprise2"", ""Op_Server0"", ""User0"", ""User3""]","{""blue_first_relevant_response_after_critical"": 42, ""blue_first_relevant_response_after_enterprise"": 6, ""enterprise_foothold_step"": 5, ""first_critical_hit_step"": 40, ""window_end"": null, ""window_start"": null}"
no_constraint_stage2_fair,19,stage2_ext_023_obj_2,closest_candidate,episode_002,6,6021,56,Q2_user_action_during_critical_breach,high,Analyse,User2,User,Impact,Op_Server0,"[""Op_Server0""]","[""Op_Server0""]","[""Enterprise2"", ""Op_Server0"", ""User0"", ""User3""]","[""Enterprise2"", ""Op_Server0"", ""User0"", ""User3""]","{""blue_first_relevant_response_after_critical"": 42, ""blue_first_relevant_response_after_enterprise"": 6, ""enterprise_foothold_step"": 5, ""first_critical_hit_step"": 40, ""window_end"": null, ""window_start"": null}"
no_constraint_stage2_fair,19,stage2_ext_023_obj_2,closest_candidate,episode_002,6,6021,60,Q2_user_action_during_critical_breach,high,Analyse,User2,User,Impact,Op_Server0,"[""Op_Server0""]","[""Op_Server0""]","[""Enterprise2"", ""Op_Server0"", ""User0"", ""User3""]","[""Enterprise2"", ""Op_Server0"", ""User0"", ""User3""]","{""blue_first_relevant_response_after_critical"": 42, ""blue_first_relevant_response_after_enterprise"": 6, ""enterprise_foothold_step"": 5, ""first_critical_hit_step"": 40, ""window_end"": null, ""window_start"": null}"
no_constraint_stage2_fair,19,stage2_ext_023_obj_2,closest_candidate,episode_002,6,6021,61,Q2_user_action_during_critical_breach,high,DecoySSHD,User4,User,Impact,Op_Server0,"[""Op_Server0""]","[""Op_Server0""]","[""Enterprise2"", ""Op_Server0"", ""User0"", ""User3""]","[""Enterprise2"", ""Op_Server0"", ""User0"", ""User3""]","{""blue_first_relevant_response_after_critical"": 42, ""blue_first_relevant_response_after_enterprise"": 6, ""enterprise_foothold_step"": 5, ""first_critical_hit_step"": 40, ""window_end"": null, ""window_start"": null}"
no_constraint_stage2_fair,19,stage2_ext_023_obj_2,closest_candidate,episode_002,6,6021,63,Q2_user_action_during_critical_breach,high,DecoyTomcat,User3,User,Impact,Op_Server0,"[""Op_Server0""]","[""Op_Server0""]","[""Enterprise2"", ""Op_Server0"", ""User0"", ""User3""]","[""Enterprise2"", ""Op_Server0"", ""User0"", ""User3""]","{""blue_first_relevant_response_after_critical"": 42, ""blue_first_relevant_response_after_enterprise"": 6, ""enterprise_foothold_step"": 5, ""first_critical_hit_step"": 40, ""window_end"": null, ""window_start"": null}"
no_constraint_stage2_fair,19,stage2_ext_023_obj_2,closest_candidate,episode_002,6,6021,66,Q2_user_action_during_critical_breach,high,DecoySSHD,User4,User,Impact,Op_Server0,"[""Op_Server0""]","[""Op_Server0""]","[""Enterprise2"", ""Op_Server0"", ""User0"", ""User3""]","[""Enterprise2"", ""Op_Server0"", ""User0"", ""User3""]","{""blue_first_relevant_response_after_critical"": 42, ""blue_first_relevant_response_after_enterprise"": 6, ""enterprise_foothold_step"": 5, ""first_critical_hit_step"": 40, ""window_end"": null, ""window_start"": null}"
no_constraint_stage2_fair,19,stage2_ext_023_obj_2,closest_candidate,episode_002,6,6021,69,Q2_user_action_during_critical_breach,high,Analyse,User2,User,Impact,Op_Server0,"[""Op_Server0""]","[""Op_Server0""]","[""Enterprise2"", ""Op_Server0"", ""User0"", ""User3""]","[""Enterprise2"", ""Op_Server0"", ""User0"", ""User3""]","{""blue_first_relevant_response_after_critical"": 42, ""blue_first_relevant_response_after_enterprise"": 6, ""enterprise_foothold_step"": 5, ""first_critical_hit_step"": 40, ""window_end"": null, ""window_start"": null}"
no_constraint_stage2_fair,19,stage2_ext_023_obj_2,closest_candidate,episode_002,6,6021,70,Q2_user_action_during_critical_breach,high,Analyse,User2,User,Impact,Op_Server0,"[""Op_Server0""]","[""Op_Server0""]","[""Enterprise2"", ""Op_Server0"", ""User0"", ""User3""]","[""Enterprise2"", ""Op_Server0"", ""User0"", ""User3""]","{""blue_first_relevant_response_after_critical"": 42, ""blue_first_relevant_response_after_enterprise"": 6, ""enterprise_foothold_step"": 5, ""first_critical_hit_step"": 40, ""window_end"": null, ""window_start"": null}"
no_constraint_stage2_fair,19,stage2_ext_023_obj_2,closest_candidate,episode_002,6,6021,71,Q2_user_action_during_critical_breach,high,DecoyVsftpd,User3,User,Impact,Op_Server0,"[""Op_Server0""]","[""Op_Server0""]","[""Enterprise2"", ""Op_Server0"", ""User0"", ""User3""]","[""Enterprise2"", ""Op_Server0"", ""User0"", ""User3""]","{""blue_first_relevant_response_after_critical"": 42, ""blue_first_relevant_response_after_enterprise"": 6, ""enterprise_foothold_step"": 5, ""first_critical_hit_step"": 40, ""window_end"": null, ""window_start"": null}"
no_constraint_stage2_fair,19,stage2_ext_023_obj_2,closest_candidate,episode_002,6,6021,74,Q2_user_action_during_critical_breach,high,Analyse,User2,User,Impact,Op_Server0,"[""Op_Server0""]","[""Op_Server0""]","[""Enterprise2"", ""Op_Server0"", ""User0"", ""User3""]","[""Enterprise2"", ""Op_Server0"", ""User0"", ""User3""]","{""blue_first_relevant_response_after_critical"": 42, ""blue_first_relevant_response_after_enterprise"": 6, ""enterprise_foothold_step"": 5, ""first_critical_hit_step"": 40, ""window_end"": null, ""window_start"": null}"
no_constraint_stage2_fair,19,stage2_ext_023_obj_2,closest_candidate,episode_002,6,6021,82,Q2_user_action_during_critical_breach,high,Analyse,User2,User,Impact,Op_Server0,"[""Op_Server0""]","[""Op_Server0""]","[""Enterprise2"", ""Op_Server0"", ""User0"", ""User3""]","[""Enterprise2"", ""Op_Server0"", ""User0"", ""User3""]","{""blue_first_relevant_response_after_critical"": 42, ""blue_first_relevant_response_after_enterprise"": 6, ""enterprise_foothold_step"": 5, ""first_critical_hit_step"": 40, ""window_end"": null, ""window_start"": null}"
no_constraint_stage2_fair,19,stage2_ext_023_obj_2,closest_candidate,episode_002,6,6021,83,Q2_user_action_during_critical_breach,high,Analyse,User2,User,Impact,Op_Server0,"[""Op_Server0""]","[""Op_Server0""]","[""Enterprise2"", ""Op_Server0"", ""User0"", ""User3""]","[""Enterprise2"", ""Op_Server0"", ""User0"", ""User3""]","{""blue_first_relevant_response_after_critical"": 42, ""blue_first_relevant_response_after_enterprise"": 6, ""enterprise_foothold_step"": 5, ""first_critical_hit_step"": 40, ""window_end"": null, ""window_start"": null}"
no_constraint_stage2_fair,19,stage2_ext_023_obj_2,closest_candidate,episode_002,6,6021,84,Q2_user_action_during_critical_breach,high,Analyse,User2,User,Impact,Op_Server0,"[""Op_Server0""]","[""Op_Server0""]","[""Enterprise2"", ""Op_Server0"", ""User0"", ""User3""]","[""Enterprise2"", ""Op_Server0"", ""User0"", ""User3""]","{""blue_first_relevant_response_after_critical"": 42, ""blue_first_relevant_response_after_enterprise"": 6, ""enterprise_foothold_step"": 5, ""first_critical_hit_step"": 40, ""window_end"": null, ""window_start"": null}"
no_constraint_stage2_fair,19,stage2_ext_023_obj_2,closest_candidate,episode_002,6,6021,85,Q2_user_action_during_critical_breach,high,Analyse,User1,User,Impact,Op_Server0,"[""Op_Server0""]","[""Op_Server0""]","[""Enterprise2"", ""Op_Server0"", ""User0"", ""User3""]","[""Enterprise2"", ""Op_Server0"", ""User0"", ""User3""]","{""blue_first_relevant_response_after_critical"": 42, ""blue_first_relevant_response_after_enterprise"": 6, ""enterprise_foothold_step"": 5, ""first_critical_hit_step"": 40, ""window_end"": null, ""window_start"": null}"
no_constraint_stage2_fair,19,stage2_ext_023_obj_2,closest_candidate,episode_002,6,6021,87,Q2_user_action_during_critical_breach,high,DecoySSHD,User4,User,Impact,Op_Server0,"[""Op_Server0""]","[""Op_Server0""]","[""Enterprise2"", ""Op_Server0"", ""User0"", ""User3""]","[""Enterprise2"", ""Op_Server0"", ""User0"", ""User3""]","{""blue_first_relevant_response_after_critical"": 42, ""blue_first_relevant_response_after_enterprise"": 6, ""enterprise_foothold_step"": 5, ""first_critical_hit_step"": 40, ""window_end"": null, ""window_start"": null}"
no_constraint_stage2_fair,19,stage2_ext_023_obj_2,closest_candidate,episode_002,6,6021,88,Q2_user_action_during_critical_breach,high,DecoyHarakaSMPT,User1,User,Impact,Op_Server0,"[""Op_Server0""]","[""Op_Server0""]","[""Enterprise2"", ""Op_Server0"", ""User0"", ""User3""]","[""Enterprise2"", ""Op_Server0"", ""User0"", ""User3""]","{""blue_first_relevant_response_after_critical"": 42, ""blue_first_relevant_response_after_enterprise"": 6, ""enterprise_foothold_step"": 5, ""first_critical_hit_step"": 40, ""window_end"": null, ""window_start"": null}"
no_constraint_stage2_fair,19,stage2_ext_023_obj_2,closest_candidate,episode_002,6,6021,89,Q2_user_action_during_critical_breach,high,Analyse,User2,User,Impact,Op_Server0,"[""Op_Server0""]","[""Op_Server0""]","[""Enterprise2"", ""Op_Server0"", ""User0"", ""User3""]","[""Enterprise2"", ""Op_Server0"", ""User0"", ""User3""]","{""blue_first_relevant_response_after_critical"": 42, ""blue_first_relevant_response_after_enterprise"": 6, ""enterprise_foothold_step"": 5, ""first_critical_hit_step"": 40, ""window_end"": null, ""window_start"": null}"
no_constraint_stage2_fair,19,stage2_ext_023_obj_2,closest_candidate,episode_002,6,6021,90,Q2_user_action_during_critical_breach,high,DecoyTomcat,User0,User,Impact,Op_Server0,"[""Op_Server0""]","[""Op_Server0""]","[""Enterprise2"", ""Op_Server0"", ""User0"", ""User3""]","[""Enterprise2"", ""Op_Server0"", ""User0"", ""User3""]","{""blue_first_relevant_response_after_critical"": 42, ""blue_first_relevant_response_after_enterprise"": 6, ""enterprise_foothold_step"": 5, ""first_critical_hit_step"": 40, ""window_end"": null, ""window_start"": null}"
no_constraint_stage2_fair,19,stage2_ext_023_obj_2,closest_candidate,episode_002,6,6021,92,Q2_user_action_during_critical_breach,high,Remove,User3,User,Impact,Op_Server0,"[""Op_Server0""]","[""Op_Server0""]","[""Enterprise2"", ""Op_Server0"", ""User0"", ""User3""]","[""Enterprise2"", ""Op_Server0"", ""User0"", ""User3""]","{""blue_first_relevant_response_after_critical"": 42, ""blue_first_relevant_response_after_enterprise"": 6, ""enterprise_foothold_step"": 5, ""first_critical_hit_step"": 40, ""window_end"": null, ""window_start"": null}"
no_constraint_stage2_fair,19,stage2_ext_023_obj_2,closest_candidate,episode_002,6,6021,94,Q2_user_action_during_critical_breach,high,Analyse,User2,User,Impact,Op_Server0,"[""Op_Server0""]","[""Op_Server0""]","[""Enterprise2"", ""Op_Server0"", ""User0"", ""User3""]","[""Enterprise2"", ""Op_Server0"", ""User0"", ""User3""]","{""blue_first_relevant_response_after_critical"": 42, ""blue_first_relevant_response_after_enterprise"": 6, ""enterprise_foothold_step"": 5, ""first_critical_hit_step"": 40, ""window_end"": null, ""window_start"": null}"
no_constraint_stage2_fair,19,stage2_ext_023_obj_2,closest_candidate,episode_002,6,6021,95,Q2_user_action_during_critical_breach,high,Analyse,User2,User,Impact,Op_Server0,"[""Op_Server0""]","[""Op_Server0""]","[""Enterprise2"", ""Op_Server0"", ""User0"", ""User3""]","[""Enterprise2"", ""Op_Server0"", ""User0"", ""User3""]","{""blue_first_relevant_response_after_critical"": 42, ""blue_first_relevant_response_after_enterprise"": 6, ""enterprise_foothold_step"": 5, ""first_critical_hit_step"": 40, ""window_end"": null, ""window_start"": null}"
no_constraint_stage2_fair,19,stage2_ext_023_obj_2,closest_candidate,episode_002,6,6021,96,Q2_user_action_during_critical_breach,high,DecoyTomcat,User0,User,Impact,Op_Server0,"[""Op_Server0""]","[""Op_Server0""]","[""Enterprise2"", ""Op_Server0"", ""User0"", ""User3""]","[""Enterprise2"", ""Op_Server0"", ""User0"", ""User3""]","{""blue_first_relevant_response_after_critical"": 42, ""blue_first_relevant_response_after_enterprise"": 6, ""enterprise_foothold_step"": 5, ""first_critical_hit_step"": 40, ""window_end"": null, ""window_start"": null}"
no_constraint_stage2_fair,19,stage2_ext_023_obj_2,closest_candidate,episode_002,6,6021,97,Q2_user_action_during_critical_breach,high,Analyse,User2,User,Impact,Op_Server0,"[""Op_Server0""]","[""Op_Server0""]","[""Enterprise2"", ""Op_Server0"", ""User0"", ""User3""]","[""Enterprise2"", ""Op_Server0"", ""User0"", ""User3""]","{""blue_first_relevant_response_after_critical"": 42, ""blue_first_relevant_response_after_enterprise"": 6, ""enterprise_foothold_step"": 5, ""first_critical_hit_step"": 40, ""window_end"": null, ""window_start"": null}"
no_constraint_stage2_fair,19,stage2_ext_023_obj_2,closest_candidate,episode_002,6,6021,98,Q2_user_action_during_critical_breach,high,Analyse,User0,User,Impact,Op_Server0,"[""Op_Server0""]","[""Op_Server0""]","[""Enterprise2"", ""Op_Server0"", ""User0"", ""User3""]","[""Enterprise2"", ""Op_Server0"", ""User0"", ""User3""]","{""blue_first_relevant_response_after_critical"": 42, ""blue_first_relevant_response_after_enterprise"": 6, ""enterprise_foothold_step"": 5, ""first_critical_hit_step"": 40, ""window_end"": null, ""window_start"": null}"
no_constraint_stage2_fair,19,stage2_ext_023_obj_2,closest_candidate,episode_002,6,6021,99,Q2_user_action_during_critical_breach,high,DecoyTomcat,User3,User,Impact,Op_Server0,"[""Op_Server0""]","[""Op_Server0""]","[""Enterprise2"", ""Op_Server0"", ""User0"", ""User3""]","[""Enterprise2"", ""Op_Server0"", ""User0"", ""User3""]","{""blue_first_relevant_response_after_critical"": 42, ""blue_first_relevant_response_after_enterprise"": 6, ""enterprise_foothold_step"": 5, ""first_critical_hit_step"": 40, ""window_end"": null, ""window_start"": null}"
no_constraint_stage2_fair,19,stage2_ext_023_obj_2,closest_candidate,episode_002,6,6021,7,Q4_user_focus_after_enterprise_foothold,medium,Analyse,User2,User,DiscoverRemoteSystems,,[],[],"[""Enterprise0"", ""User0"", ""User3""]","[""Enterprise0"", ""User0"", ""User3""]","{""blue_first_relevant_response_after_critical"": 42, ""blue_first_relevant_response_after_enterprise"": 6, ""enterprise_foothold_step"": 5, ""first_critical_hit_step"": 40, ""window_end"": 9, ""window_start"": 7}"
no_constraint_stage2_fair,19,stage2_ext_023_obj_2,closest_candidate,episode_002,6,6021,8,Q4_user_focus_after_enterprise_foothold,medium,DecoyTomcat,User3,User,DiscoverNetworkServices,,[],[],"[""Enterprise0"", ""User0"", ""User3""]","[""Enterprise0"", ""User0"", ""User3""]","{""blue_first_relevant_response_after_critical"": 42, ""blue_first_relevant_response_after_enterprise"": 6, ""enterprise_foothold_step"": 5, ""first_critical_hit_step"": 40, ""window_end"": 10, ""window_start"": 8}"
no_constraint_stage2_fair,19,stage2_ext_023_obj_2,closest_candidate,episode_002,6,6021,9,Q4_user_focus_after_enterprise_foothold,medium,Analyse,User2,User,ExploitRemoteService,,[],[],"[""Enterprise0"", ""User0"", ""User3""]","[""Enterprise0"", ""Enterprise2"", ""User0"", ""User3""]","{""blue_first_relevant_response_after_critical"": 42, ""blue_first_relevant_response_after_enterprise"": 6, ""enterprise_foothold_step"": 5, ""first_critical_hit_step"": 40, ""window_end"": 11, ""window_start"": 9}"
no_constraint_stage2_fair,19,stage2_ext_023_obj_2,closest_candidate,episode_002,6,6021,19,Q4_user_focus_after_enterprise_foothold,medium,Analyse,User2,User,DiscoverNetworkServices,,[],[],"[""Enterprise0"", ""Enterprise2"", ""User0"", ""User3""]","[""Enterprise0"", ""Enterprise2"", ""User0"", ""User3""]","{""blue_first_relevant_response_after_critical"": 42, ""blue_first_relevant_response_after_enterprise"": 6, ""enterprise_foothold_step"": 5, ""first_critical_hit_step"": 40, ""window_end"": 21, ""window_start"": 19}"
no_constraint_stage2_fair,19,stage2_ext_023_obj_2,closest_candidate,episode_002,6,6021,47,Q4_user_focus_after_enterprise_foothold,medium,DecoyFemitter,User1,User,Impact,Op_Server0,"[""Op_Server0""]","[""Op_Server0""]","[""Enterprise0"", ""Enterprise2"", ""Op_Server0"", ""User0"", ""User3""]","[""Enterprise0"", ""Enterprise2"", ""Op_Server0"", ""User0"", ""User3""]","{""blue_first_relevant_response_after_critical"": 42, ""blue_first_relevant_response_after_enterprise"": 6, ""enterprise_foothold_step"": 5, ""first_critical_hit_step"": 40, ""window_end"": 49, ""window_start"": 47}"
no_constraint_stage2_fair,19,stage2_ext_023_obj_2,closest_candidate,episode_002,6,6021,69,Q4_user_focus_after_enterprise_foothold,medium,Analyse,User2,User,Impact,Op_Server0,"[""Op_Server0""]","[""Op_Server0""]","[""Enterprise2"", ""Op_Server0"", ""User0"", ""User3""]","[""Enterprise2"", ""Op_Server0"", ""User0"", ""User3""]","{""blue_first_relevant_response_after_critical"": 42, ""blue_first_relevant_response_after_enterprise"": 6, ""enterprise_foothold_step"": 5, ""first_critical_hit_step"": 40, ""window_end"": 71, ""window_start"": 69}"
no_constraint_stage2_fair,19,stage2_ext_023_obj_2,closest_candidate,episode_002,6,6021,82,Q4_user_focus_after_enterprise_foothold,medium,Analyse,User2,User,Impact,Op_Server0,"[""Op_Server0""]","[""Op_Server0""]","[""Enterprise2"", ""Op_Server0"", ""User0"", ""User3""]","[""Enterprise2"", ""Op_Server0"", ""User0"", ""User3""]","{""blue_first_relevant_response_after_critical"": 42, ""blue_first_relevant_response_after_enterprise"": 6, ""enterprise_foothold_step"": 5, ""first_critical_hit_step"": 40, ""window_end"": 84, ""window_start"": 82}"
no_constraint_stage2_fair,19,stage2_ext_023_obj_2,closest_candidate,episode_002,6,6021,83,Q4_user_focus_after_enterprise_foothold,medium,Analyse,User2,User,Impact,Op_Server0,"[""Op_Server0""]","[""Op_Server0""]","[""Enterprise2"", ""Op_Server0"", ""User0"", ""User3""]","[""Enterprise2"", ""Op_Server0"", ""User0"", ""User3""]","{""blue_first_relevant_response_after_critical"": 42, ""blue_first_relevant_response_after_enterprise"": 6, ""enterprise_foothold_step"": 5, ""first_critical_hit_step"": 40, ""window_end"": 85, ""window_start"": 83}"
no_constraint_stage2_fair,19,stage2_ext_023_obj_2,closest_candidate,episode_002,6,6021,87,Q4_user_focus_after_enterprise_foothold,medium,DecoySSHD,User4,User,Impact,Op_Server0,"[""Op_Server0""]","[""Op_Server0""]","[""Enterprise2"", ""Op_Server0"", ""User0"", ""User3""]","[""Enterprise2"", ""Op_Server0"", ""User0"", ""User3""]","{""blue_first_relevant_response_after_critical"": 42, ""blue_first_relevant_response_after_enterprise"": 6, ""enterprise_foothold_step"": 5, ""first_critical_hit_step"": 40, ""window_end"": 89, ""window_start"": 87}"
no_constraint_stage2_fair,19,stage2_ext_023_obj_2,closest_candidate,episode_002,6,6021,88,Q4_user_focus_after_enterprise_foothold,medium,DecoyHarakaSMPT,User1,User,Impact,Op_Server0,"[""Op_Server0""]","[""Op_Server0""]","[""Enterprise2"", ""Op_Server0"", ""User0"", ""User3""]","[""Enterprise2"", ""Op_Server0"", ""User0"", ""User3""]","{""blue_first_relevant_response_after_critical"": 42, ""blue_first_relevant_response_after_enterprise"": 6, ""enterprise_foothold_step"": 5, ""first_critical_hit_step"": 40, ""window_end"": 90, ""window_start"": 88}"
no_constraint_stage2_fair,19,stage2_ext_023_obj_2,closest_candidate,episode_002,6,6021,94,Q4_user_focus_after_enterprise_foothold,medium,Analyse,User2,User,Impact,Op_Server0,"[""Op_Server0""]","[""Op_Server0""]","[""Enterprise2"", ""Op_Server0"", ""User0"", ""User3""]","[""Enterprise2"", ""Op_Server0"", ""User0"", ""User3""]","{""blue_first_relevant_response_after_critical"": 42, ""blue_first_relevant_response_after_enterprise"": 6, ""enterprise_foothold_step"": 5, ""first_critical_hit_step"": 40, ""window_end"": 96, ""window_start"": 94}"
no_constraint_stage2_fair,19,stage2_ext_023_obj_2,closest_candidate,episode_002,6,6021,95,Q4_user_focus_after_enterprise_foothold,medium,Analyse,User2,User,Impact,Op_Server0,"[""Op_Server0""]","[""Op_Server0""]","[""Enterprise2"", ""Op_Server0"", ""User0"", ""User3""]","[""Enterprise2"", ""Op_Server0"", ""User0"", ""User3""]","{""blue_first_relevant_response_after_critical"": 42, ""blue_first_relevant_response_after_enterprise"": 6, ""enterprise_foothold_step"": 5, ""first_critical_hit_step"": 40, ""window_end"": 97, ""window_start"": 95}"
no_constraint_stage2_fair,19,stage2_ext_023_obj_2,closest_candidate,episode_002,6,6021,96,Q4_user_focus_after_enterprise_foothold,medium,DecoyTomcat,User0,User,Impact,Op_Server0,"[""Op_Server0""]","[""Op_Server0""]","[""Enterprise2"", ""Op_Server0"", ""User0"", ""User3""]","[""Enterprise2"", ""Op_Server0"", ""User0"", ""User3""]","{""blue_first_relevant_response_after_critical"": 42, ""blue_first_relevant_response_after_enterprise"": 6, ""enterprise_foothold_step"": 5, ""first_critical_hit_step"": 40, ""window_end"": 98, ""window_start"": 96}"
no_constraint_stage2_fair,19,stage2_ext_023_obj_2,closest_candidate,episode_002,6,6021,97,Q4_user_focus_after_enterprise_foothold,medium,Analyse,User2,User,Impact,Op_Server0,"[""Op_Server0""]","[""Op_Server0""]","[""Enterprise2"", ""Op_Server0"", ""User0"", ""User3""]","[""Enterprise2"", ""Op_Server0"", ""User0"", ""User3""]","{""blue_first_relevant_response_after_critical"": 42, ""blue_first_relevant_response_after_enterprise"": 6, ""enterprise_foothold_step"": 5, ""first_critical_hit_step"": 40, ""window_end"": 99, ""window_start"": 97}"
no_constraint_stage2_fair,19,stage2_ext_023_obj_2,closest_candidate,episode_002,7,7021,21,Q2_user_action_during_critical_breach,high,Analyse,User0,User,PrivilegeEscalate,Op_Server0,"[""Op_Server0""]","[""Op_Server0""]","[""Enterprise0"", ""Enterprise2"", ""Op_Server0"", ""User0"", ""User3""]","[""Enterprise0"", ""Enterprise2"", ""Op_Server0"", ""User0"", ""User3""]","{""blue_first_relevant_response_after_critical"": 29, ""blue_first_relevant_response_after_enterprise"": 6, ""enterprise_foothold_step"": 5, ""first_critical_hit_step"": 20, ""window_end"": null, ""window_start"": null}"
no_constraint_stage2_fair,19,stage2_ext_023_obj_2,closest_candidate,episode_002,7,7021,22,Q2_user_action_during_critical_breach,high,DecoySSHD,User4,User,Impact,Op_Server0,"[""Op_Server0""]","[""Op_Server0""]","[""Enterprise0"", ""Enterprise2"", ""Op_Server0"", ""User0"", ""User3""]","[""Enterprise0"", ""Enterprise2"", ""Op_Server0"", ""User0"", ""User3""]","{""blue_first_relevant_response_after_critical"": 29, ""blue_first_relevant_response_after_enterprise"": 6, ""enterprise_foothold_step"": 5, ""first_critical_hit_step"": 20, ""window_end"": null, ""window_start"": null}"
no_constraint_stage2_fair,19,stage2_ext_023_obj_2,closest_candidate,episode_002,7,7021,23,Q2_user_action_during_critical_breach,high,Remove,User3,User,Impact,Op_Server0,"[""Op_Server0""]","[""Op_Server0""]","[""Enterprise0"", ""Enterprise2"", ""Op_Server0"", ""User0"", ""User3""]","[""Enterprise0"", ""Enterprise2"", ""Op_Server0"", ""User0"", ""User3""]","{""blue_first_relevant_response_after_critical"": 29, ""blue_first_relevant_response_after_enterprise"": 6, ""enterprise_foothold_step"": 5, ""first_critical_hit_step"": 20, ""window_end"": null, ""window_start"": null}"
no_constraint_stage2_fair,19,stage2_ext_023_obj_2,closest_candidate,episode_002,7,7021,24,Q2_user_action_during_critical_breach,high,Remove,User3,User,Impact,Op_Server0,"[""Op_Server0""]","[""Op_Server0""]","[""Enterprise0"", ""Enterprise2"", ""Op_Server0"", ""User0"", ""User3""]","[""Enterprise0"", ""Enterprise2"", ""Op_Server0"", ""User0"", ""User3""]","{""blue_first_relevant_response_after_critical"": 29, ""blue_first_relevant_response_after_enterprise"": 6, ""enterprise_foothold_step"": 5, ""first_critical_hit_step"": 20, ""window_end"": null, ""window_start"": null}"
no_constraint_stage2_fair,19,stage2_ext_023_obj_2,closest_candidate,episode_002,7,7021,25,Q2_user_action_during_critical_breach,high,Analyse,User2,User,Impact,Op_Server0,"[""Op_Server0""]","[""Op_Server0""]","[""Enterprise0"", ""Enterprise2"", ""Op_Server0"", ""User0"", ""User3""]","[""Enterprise0"", ""Enterprise2"", ""Op_Server0"", ""User0"", ""User3""]","{""blue_first_relevant_response_after_critical"": 29, ""blue_first_relevant_response_after_enterprise"": 6, ""enterprise_foothold_step"": 5, ""first_critical_hit_step"": 20, ""window_end"": null, ""window_start"": null}"
no_constraint_stage2_fair,19,stage2_ext_023_obj_2,closest_candidate,episode_002,7,7021,26,Q2_user_action_during_critical_breach,high,Analyse,User1,User,Impact,Op_Server0,"[""Op_Server0""]","[""Op_Server0""]","[""Enterprise0"", ""Enterprise2"", ""Op_Server0"", ""User0"", ""User3""]","[""Enterprise0"", ""Enterprise2"", ""Op_Server0"", ""User0"", ""User3""]","{""blue_first_relevant_response_after_critical"": 29, ""blue_first_relevant_response_after_enterprise"": 6, ""enterprise_foothold_step"": 5, ""first_critical_hit_step"": 20, ""window_end"": null, ""window_start"": null}"
no_constraint_stage2_fair,19,stage2_ext_023_obj_2,closest_candidate,episode_002,7,7021,27,Q2_user_action_during_critical_breach,high,DecoyTomcat,User0,User,Impact,Op_Server0,"[""Op_Server0""]","[""Op_Server0""]","[""Enterprise0"", ""Enterprise2"", ""Op_Server0"", ""User0"", ""User3""]","[""Enterprise0"", ""Enterprise2"", ""Op_Server0"", ""User0"", ""User3""]","{""blue_first_relevant_response_after_critical"": 29, ""blue_first_relevant_response_after_enterprise"": 6, ""enterprise_foothold_step"": 5, ""first_critical_hit_step"": 20, ""window_end"": null, ""window_start"": null}"
no_constraint_stage2_fair,19,stage2_ext_023_obj_2,closest_candidate,episode_002,7,7021,28,Q2_user_action_during_critical_breach,high,DecoyTomcat,User0,User,Impact,Op_Server0,"[""Op_Server0""]","[""Op_Server0""]","[""Enterprise0"", ""Enterprise2"", ""Op_Server0"", ""User0"", ""User3""]","[""Enterprise0"", ""Enterprise2"", ""Op_Server0"", ""User0"", ""User3""]","{""blue_first_relevant_response_after_critical"": 29, ""blue_first_relevant_response_after_enterprise"": 6, ""enterprise_foothold_step"": 5, ""first_critical_hit_step"": 20, ""window_end"": null, ""window_start"": null}"
no_constraint_stage2_fair,19,stage2_ext_023_obj_2,closest_candidate,episode_002,7,7021,30,Q2_user_action_during_critical_breach,high,Analyse,User2,User,Impact,Op_Server0,"[""Op_Server0""]","[""Op_Server0""]","[""Enterprise0"", ""Enterprise2"", ""Op_Server0"", ""User0"", ""User3""]","[""Enterprise0"", ""Enterprise2"", ""Op_Server0"", ""User0"", ""User3""]","{""blue_first_relevant_response_after_critical"": 29, ""blue_first_relevant_response_after_enterprise"": 6, ""enterprise_foothold_step"": 5, ""first_critical_hit_step"": 20, ""window_end"": null, ""window_start"": null}"
no_constraint_stage2_fair,19,stage2_ext_023_obj_2,closest_candidate,episode_002,7,7021,31,Q2_user_action_during_critical_breach,high,Analyse,User2,User,Impact,Op_Server0,"[""Op_Server0""]","[""Op_Server0""]","[""Enterprise0"", ""Enterprise2"", ""Op_Server0"", ""User0"", ""User3""]","[""Enterprise0"", ""Enterprise2"", ""Op_Server0"", ""User0"", ""User3""]","{""blue_first_relevant_response_after_critical"": 29, ""blue_first_relevant_response_after_enterprise"": 6, ""enterprise_foothold_step"": 5, ""first_critical_hit_step"": 20, ""window_end"": null, ""window_start"": null}"
no_constraint_stage2_fair,19,stage2_ext_023_obj_2,closest_candidate,episode_002,7,7021,35,Q2_user_action_during_critical_breach,high,Analyse,User2,User,Impact,Op_Server0,"[""Op_Server0""]","[""Op_Server0""]","[""Enterprise0"", ""Enterprise2"", ""Op_Server0"", ""User0"", ""User3""]","[""Enterprise0"", ""Enterprise2"", ""Op_Server0"", ""User0"", ""User3""]","{""blue_first_relevant_response_after_critical"": 29, ""blue_first_relevant_response_after_enterprise"": 6, ""enterprise_foothold_step"": 5, ""first_critical_hit_step"": 20, ""window_end"": null, ""window_start"": null}"
no_constraint_stage2_fair,19,stage2_ext_023_obj_2,closest_candidate,episode_002,7,7021,36,Q2_user_action_during_critical_breach,high,Remove,User3,User,Impact,Op_Server0,"[""Op_Server0""]","[""Op_Server0""]","[""Enterprise0"", ""Enterprise2"", ""Op_Server0"", ""User0"", ""User3""]","[""Enterprise0"", ""Enterprise2"", ""Op_Server0"", ""User0"", ""User3""]","{""blue_first_relevant_response_after_critical"": 29, ""blue_first_relevant_response_after_enterprise"": 6, ""enterprise_foothold_step"": 5, ""first_critical_hit_step"": 20, ""window_end"": null, ""window_start"": null}"
no_constraint_stage2_fair,19,stage2_ext_023_obj_2,closest_candidate,episode_002,7,7021,37,Q2_user_action_during_critical_breach,high,Analyse,User2,User,Impact,Op_Server0,"[""Op_Server0""]","[""Op_Server0""]","[""Enterprise0"", ""Enterprise2"", ""Op_Server0"", ""User0"", ""User3""]","[""Enterprise0"", ""Enterprise2"", ""Op_Server0"", ""User0"", ""User3""]","{""blue_first_relevant_response_after_critical"": 29, ""blue_first_relevant_response_after_enterprise"": 6, ""enterprise_foothold_step"": 5, ""first_critical_hit_step"": 20, ""window_end"": null, ""window_start"": null}"
no_constraint_stage2_fair,19,stage2_ext_023_obj_2,closest_candidate,episode_002,7,7021,38,Q2_user_action_during_critical_breach,high,DecoyHarakaSMPT,User1,User,Impact,Op_Server0,"[""Op_Server0""]","[""Op_Server0""]","[""Enterprise0"", ""Enterprise2"", ""Op_Server0"", ""User0"", ""User3""]","[""Enterprise0"", ""Enterprise2"", ""Op_Server0"", ""User0"", ""User3""]","{""blue_first_relevant_response_after_critical"": 29, ""blue_first_relevant_response_after_enterprise"": 6, ""enterprise_foothold_step"": 5, ""first_critical_hit_step"": 20, ""window_end"": null, ""window_start"": null}"
no_constraint_stage2_fair,19,stage2_ext_023_obj_2,closest_candidate,episode_002,7,7021,39,Q2_user_action_during_critical_breach,high,Remove,User3,User,Impact,Op_Server0,"[""Op_Server0""]","[""Op_Server0""]","[""Enterprise0"", ""Enterprise2"", ""Op_Server0"", ""User0"", ""User3""]","[""Enterprise0"", ""Enterprise2"", ""Op_Server0"", ""User0"", ""User3""]","{""blue_first_relevant_response_after_critical"": 29, ""blue_first_relevant_response_after_enterprise"": 6, ""enterprise_foothold_step"": 5, ""first_critical_hit_step"": 20, ""window_end"": null, ""window_start"": null}"
no_constraint_stage2_fair,19,stage2_ext_023_obj_2,closest_candidate,episode_002,7,7021,40,Q2_user_action_during_critical_breach,high,Analyse,User2,User,Impact,Op_Server0,"[""Op_Server0""]","[""Op_Server0""]","[""Enterprise0"", ""Enterprise2"", ""Op_Server0"", ""User0"", ""User3""]","[""Enterprise0"", ""Enterprise2"", ""Op_Server0"", ""User0"", ""User3""]","{""blue_first_relevant_response_after_critical"": 29, ""blue_first_relevant_response_after_enterprise"": 6, ""enterprise_foothold_step"": 5, ""first_critical_hit_step"": 20, ""window_end"": null, ""window_start"": null}"
no_constraint_stage2_fair,19,stage2_ext_023_obj_2,closest_candidate,episode_002,7,7021,41,Q2_user_action_during_critical_breach,high,DecoyTomcat,User3,User,Impact,Op_Server0,"[""Op_Server0""]","[""Op_Server0""]","[""Enterprise0"", ""Enterprise2"", ""Op_Server0"", ""User0"", ""User3""]","[""Enterprise0"", ""Enterprise2"", ""Op_Server0"", ""User0"", ""User3""]","{""blue_first_relevant_response_after_critical"": 29, ""blue_first_relevant_response_after_enterprise"": 6, ""enterprise_foothold_step"": 5, ""first_critical_hit_step"": 20, ""window_end"": null, ""window_start"": null}"
no_constraint_stage2_fair,19,stage2_ext_023_obj_2,closest_candidate,episode_002,7,7021,46,Q2_user_action_during_critical_breach,high,DecoySSHD,User4,User,Impact,Op_Server0,"[""Op_Server0""]","[""Op_Server0""]","[""Enterprise0"", ""Enterprise2"", ""Op_Server0"", ""User0"", ""User3""]","[""Enterprise0"", ""Enterprise2"", ""Op_Server0"", ""User0"", ""User3""]","{""blue_first_relevant_response_after_critical"": 29, ""blue_first_relevant_response_after_enterprise"": 6, ""enterprise_foothold_step"": 5, ""first_critical_hit_step"": 20, ""window_end"": null, ""window_start"": null}"
no_constraint_stage2_fair,19,stage2_ext_023_obj_2,closest_candidate,episode_002,7,7021,47,Q2_user_action_during_critical_breach,high,DecoyTomcat,User3,User,Impact,Op_Server0,"[""Op_Server0""]","[""Op_Server0""]","[""Enterprise0"", ""Enterprise2"", ""Op_Server0"", ""User0"", ""User3""]","[""Enterprise0"", ""Enterprise2"", ""Op_Server0"", ""User0"", ""User3""]","{""blue_first_relevant_response_after_critical"": 29, ""blue_first_relevant_response_after_enterprise"": 6, ""enterprise_foothold_step"": 5, ""first_critical_hit_step"": 20, ""window_end"": null, ""window_start"": null}"
no_constraint_stage2_fair,19,stage2_ext_023_obj_2,closest_candidate,episode_002,7,7021,48,Q2_user_action_during_critical_breach,high,DecoySSHD,User4,User,Impact,Op_Server0,"[""Op_Server0""]","[""Op_Server0""]","[""Enterprise0"", ""Enterprise2"", ""Op_Server0"", ""User0"", ""User3""]","[""Enterprise0"", ""Enterprise2"", ""Op_Server0"", ""User0"", ""User3""]","{""blue_first_relevant_response_after_critical"": 29, ""blue_first_relevant_response_after_enterprise"": 6, ""enterprise_foothold_step"": 5, ""first_critical_hit_step"": 20, ""window_end"": null, ""window_start"": null}"
no_constraint_stage2_fair,19,stage2_ext_023_obj_2,closest_candidate,episode_002,7,7021,49,Q2_user_action_during_critical_breach,high,DecoyTomcat,User3,User,Impact,Op_Server0,"[""Op_Server0""]","[""Op_Server0""]","[""Enterprise0"", ""Enterprise2"", ""Op_Server0"", ""User0"", ""User3""]","[""Enterprise0"", ""Enterprise2"", ""Op_Server0"", ""User0"", ""User3""]","{""blue_first_relevant_response_after_critical"": 29, ""blue_first_relevant_response_after_enterprise"": 6, ""enterprise_foothold_step"": 5, ""first_critical_hit_step"": 20, ""window_end"": null, ""window_start"": null}"
no_constraint_stage2_fair,19,stage2_ext_023_obj_2,closest_candidate,episode_002,7,7021,50,Q2_user_action_during_critical_breach,high,DecoySSHD,User3,User,Impact,Op_Server0,"[""Op_Server0""]","[""Op_Server0""]","[""Enterprise0"", ""Enterprise2"", ""Op_Server0"", ""User0"", ""User3""]","[""Enterprise0"", ""Enterprise2"", ""Op_Server0"", ""User0"", ""User3""]","{""blue_first_relevant_response_after_critical"": 29, ""blue_first_relevant_response_after_enterprise"": 6, ""enterprise_foothold_step"": 5, ""first_critical_hit_step"": 20, ""window_end"": null, ""window_start"": null}"
no_constraint_stage2_fair,19,stage2_ext_023_obj_2,closest_candidate,episode_002,7,7021,51,Q2_user_action_during_critical_breach,high,Analyse,User2,User,Impact,Op_Server0,"[""Op_Server0""]","[""Op_Server0""]","[""Enterprise0"", ""Enterprise2"", ""Op_Server0"", ""User0"", ""User3""]","[""Enterprise0"", ""Enterprise2"", ""Op_Server0"", ""User0"", ""User3""]","{""blue_first_relevant_response_after_critical"": 29, ""blue_first_relevant_response_after_enterprise"": 6, ""enterprise_foothold_step"": 5, ""first_critical_hit_step"": 20, ""window_end"": null, ""window_start"": null}"
no_constraint_stage2_fair,19,stage2_ext_023_obj_2,closest_candidate,episode_002,7,7021,52,Q2_user_action_during_critical_breach,high,Analyse,User2,User,Impact,Op_Server0,"[""Op_Server0""]","[""Op_Server0""]","[""Enterprise0"", ""Enterprise2"", ""Op_Server0"", ""User0"", ""User3""]","[""Enterprise0"", ""Enterprise2"", ""Op_Server0"", ""User0"", ""User3""]","{""blue_first_relevant_response_after_critical"": 29, ""blue_first_relevant_response_after_enterprise"": 6, ""enterprise_foothold_step"": 5, ""first_critical_hit_step"": 20, ""window_end"": null, ""window_start"": null}"
no_constraint_stage2_fair,19,stage2_ext_023_obj_2,closest_candidate,episode_002,7,7021,56,Q2_user_action_during_critical_breach,high,Analyse,User2,User,Impact,Op_Server0,"[""Op_Server0""]","[""Op_Server0""]","[""Enterprise0"", ""Enterprise2"", ""Op_Server0"", ""User0"", ""User3""]","[""Enterprise0"", ""Enterprise2"", ""Op_Server0"", ""User0"", ""User3""]","{""blue_first_relevant_response_after_critical"": 29, ""blue_first_relevant_response_after_enterprise"": 6, ""enterprise_foothold_step"": 5, ""first_critical_hit_step"": 20, ""window_end"": null, ""window_start"": null}"
no_constraint_stage2_fair,19,stage2_ext_023_obj_2,closest_candidate,episode_002,7,7021,58,Q2_user_action_during_critical_breach,high,Analyse,User2,User,Impact,Op_Server0,"[""Op_Server0""]","[""Op_Server0""]","[""Enterprise0"", ""Enterprise2"", ""Op_Server0"", ""User0"", ""User3""]","[""Enterprise0"", ""Enterprise2"", ""Op_Server0"", ""User0"", ""User3""]","{""blue_first_relevant_response_after_critical"": 29, ""blue_first_relevant_response_after_enterprise"": 6, ""enterprise_foothold_step"": 5, ""first_critical_hit_step"": 20, ""window_end"": null, ""window_start"": null}"
no_constraint_stage2_fair,19,stage2_ext_023_obj_2,closest_candidate,episode_002,7,7021,60,Q2_user_action_during_critical_breach,high,DecoySSHD,User4,User,Impact,Op_Server0,"[""Op_Server0""]","[""Op_Server0""]","[""Enterprise0"", ""Enterprise2"", ""Op_Server0"", ""User0"", ""User3""]","[""Enterprise0"", ""Enterprise2"", ""Op_Server0"", ""User0"", ""User3""]","{""blue_first_relevant_response_after_critical"": 29, ""blue_first_relevant_response_after_enterprise"": 6, ""enterprise_foothold_step"": 5, ""first_critical_hit_step"": 20, ""window_end"": null, ""window_start"": null}"
no_constraint_stage2_fair,19,stage2_ext_023_obj_2,closest_candidate,episode_002,7,7021,62,Q2_user_action_during_critical_breach,high,DecoyHarakaSMPT,User1,User,Impact,Op_Server0,"[""Op_Server0""]","[""Op_Server0""]","[""Enterprise0"", ""Enterprise2"", ""Op_Server0"", ""User0"", ""User3""]","[""Enterprise0"", ""Enterprise2"", ""Op_Server0"", ""User0"", ""User3""]","{""blue_first_relevant_response_after_critical"": 29, ""blue_first_relevant_response_after_enterprise"": 6, ""enterprise_foothold_step"": 5, ""first_critical_hit_step"": 20, ""window_end"": null, ""window_start"": null}"
no_constraint_stage2_fair,19,stage2_ext_023_obj_2,closest_candidate,episode_002,7,7021,63,Q2_user_action_during_critical_breach,high,DecoyApache,User1,User,Impact,Op_Server0,"[""Op_Server0""]","[""Op_Server0""]","[""Enterprise0"", ""Enterprise2"", ""Op_Server0"", ""User0"", ""User3""]","[""Enterprise0"", ""Enterprise2"", ""Op_Server0"", ""User0"", ""User3""]","{""blue_first_relevant_response_after_critical"": 29, ""blue_first_relevant_response_after_enterprise"": 6, ""enterprise_foothold_step"": 5, ""first_critical_hit_step"": 20, ""window_end"": null, ""window_start"": null}"
no_constraint_stage2_fair,19,stage2_ext_023_obj_2,closest_candidate,episode_002,7,7021,64,Q2_user_action_during_critical_breach,high,DecoyTomcat,User3,User,Impact,Op_Server0,"[""Op_Server0""]","[""Op_Server0""]","[""Enterprise0"", ""Enterprise2"", ""Op_Server0"", ""User0"", ""User3""]","[""Enterprise0"", ""Enterprise2"", ""Op_Server0"", ""User0"", ""User3""]","{""blue_first_relevant_response_after_critical"": 29, ""blue_first_relevant_response_after_enterprise"": 6, ""enterprise_foothold_step"": 5, ""first_critical_hit_step"": 20, ""window_end"": null, ""window_start"": null}"
no_constraint_stage2_fair,19,stage2_ext_023_obj_2,closest_candidate,episode_002,7,7021,66,Q2_user_action_during_critical_breach,high,Analyse,User2,User,Impact,Op_Server0,"[""Op_Server0""]","[""Op_Server0""]","[""Enterprise0"", ""Op_Server0"", ""User0"", ""User3""]","[""Enterprise0"", ""Op_Server0"", ""User0"", ""User3""]","{""blue_first_relevant_response_after_critical"": 29, ""blue_first_relevant_response_after_enterprise"": 6, ""enterprise_foothold_step"": 5, ""first_critical_hit_step"": 20, ""window_end"": null, ""window_start"": null}"
no_constraint_stage2_fair,19,stage2_ext_023_obj_2,closest_candidate,episode_002,7,7021,67,Q2_user_action_during_critical_breach,high,DecoyTomcat,User3,User,Impact,Op_Server0,"[""Op_Server0""]","[""Op_Server0""]","[""Enterprise0"", ""Op_Server0"", ""User0"", ""User3""]","[""Enterprise0"", ""Op_Server0"", ""User0"", ""User3""]","{""blue_first_relevant_response_after_critical"": 29, ""blue_first_relevant_response_after_enterprise"": 6, ""enterprise_foothold_step"": 5, ""first_critical_hit_step"": 20, ""window_end"": null, ""window_start"": null}"
no_constraint_stage2_fair,19,stage2_ext_023_obj_2,closest_candidate,episode_002,7,7021,69,Q2_user_action_during_critical_breach,high,Analyse,User2,User,Impact,Op_Server0,"[""Op_Server0""]","[""Op_Server0""]","[""Enterprise0"", ""Op_Server0"", ""User0"", ""User3""]","[""Enterprise0"", ""Op_Server0"", ""User0"", ""User3""]","{""blue_first_relevant_response_after_critical"": 29, ""blue_first_relevant_response_after_enterprise"": 6, ""enterprise_foothold_step"": 5, ""first_critical_hit_step"": 20, ""window_end"": null, ""window_start"": null}"
no_constraint_stage2_fair,19,stage2_ext_023_obj_2,closest_candidate,episode_002,7,7021,71,Q2_user_action_during_critical_breach,high,Analyse,User2,User,Impact,Op_Server0,"[""Op_Server0""]","[""Op_Server0""]","[""Enterprise0"", ""Op_Server0"", ""User0"", ""User3""]","[""Enterprise0"", ""Op_Server0"", ""User0"", ""User3""]","{""blue_first_relevant_response_after_critical"": 29, ""blue_first_relevant_response_after_enterprise"": 6, ""enterprise_foothold_step"": 5, ""first_critical_hit_step"": 20, ""window_end"": null, ""window_start"": null}"
no_constraint_stage2_fair,19,stage2_ext_023_obj_2,closest_candidate,episode_002,7,7021,75,Q2_user_action_during_critical_breach,high,Analyse,User2,User,Impact,Op_Server0,"[""Op_Server0""]","[""Op_Server0""]","[""Op_Server0"", ""User0"", ""User3""]","[""Op_Server0"", ""User0"", ""User3""]","{""blue_first_relevant_response_after_critical"": 29, ""blue_first_relevant_response_after_enterprise"": 6, ""enterprise_foothold_step"": 5, ""first_critical_hit_step"": 20, ""window_end"": null, ""window_start"": null}"
no_constraint_stage2_fair,19,stage2_ext_023_obj_2,closest_candidate,episode_002,7,7021,77,Q2_user_action_during_critical_breach,high,DecoyHarakaSMPT,User1,User,Impact,Op_Server0,"[""Op_Server0""]","[""Op_Server0""]","[""Op_Server0"", ""User0"", ""User3""]","[""Op_Server0"", ""User0"", ""User3""]","{""blue_first_relevant_response_after_critical"": 29, ""blue_first_relevant_response_after_enterprise"": 6, ""enterprise_foothold_step"": 5, ""first_critical_hit_step"": 20, ""window_end"": null, ""window_start"": null}"
no_constraint_stage2_fair,19,stage2_ext_023_obj_2,closest_candidate,episode_002,7,7021,78,Q2_user_action_during_critical_breach,high,DecoySSHD,User3,User,Impact,Op_Server0,"[""Op_Server0""]","[""Op_Server0""]","[""Op_Server0"", ""User0"", ""User3""]","[""Op_Server0"", ""User0"", ""User3""]","{""blue_first_relevant_response_after_critical"": 29, ""blue_first_relevant_response_after_enterprise"": 6, ""enterprise_foothold_step"": 5, ""first_critical_hit_step"": 20, ""window_end"": null, ""window_start"": null}"
no_constraint_stage2_fair,19,stage2_ext_023_obj_2,closest_candidate,episode_002,7,7021,80,Q2_user_action_during_critical_breach,high,Analyse,User2,User,Impact,Op_Server0,"[""Op_Server0""]","[""Op_Server0""]","[""Op_Server0"", ""User0"", ""User3""]","[""Op_Server0"", ""User0"", ""User3""]","{""blue_first_relevant_response_after_critical"": 29, ""blue_first_relevant_response_after_enterprise"": 6, ""enterprise_foothold_step"": 5, ""first_critical_hit_step"": 20, ""window_end"": null, ""window_start"": null}"
no_constraint_stage2_fair,19,stage2_ext_023_obj_2,closest_candidate,episode_002,7,7021,81,Q2_user_action_during_critical_breach,high,DecoyTomcat,User3,User,Impact,Op_Server0,"[""Op_Server0""]","[""Op_Server0""]","[""Op_Server0"", ""User0"", ""User3""]","[""Op_Server0"", ""User0"", ""User3""]","{""blue_first_relevant_response_after_critical"": 29, ""blue_first_relevant_response_after_enterprise"": 6, ""enterprise_foothold_step"": 5, ""first_critical_hit_step"": 20, ""window_end"": null, ""window_start"": null}"
no_constraint_stage2_fair,19,stage2_ext_023_obj_2,closest_candidate,episode_002,7,7021,82,Q2_user_action_during_critical_breach,high,DecoyTomcat,User3,User,Impact,Op_Server0,"[""Op_Server0""]","[""Op_Server0""]","[""Op_Server0"", ""User0"", ""User3""]","[""Op_Server0"", ""User0"", ""User3""]","{""blue_first_relevant_response_after_critical"": 29, ""blue_first_relevant_response_after_enterprise"": 6, ""enterprise_foothold_step"": 5, ""first_critical_hit_step"": 20, ""window_end"": null, ""window_start"": null}"
no_constraint_stage2_fair,19,stage2_ext_023_obj_2,closest_candidate,episode_002,7,7021,83,Q2_user_action_during_critical_breach,high,DecoySSHD,User4,User,Impact,Op_Server0,"[""Op_Server0""]","[""Op_Server0""]","[""Op_Server0"", ""User0"", ""User3""]","[""Op_Server0"", ""User0"", ""User3""]","{""blue_first_relevant_response_after_critical"": 29, ""blue_first_relevant_response_after_enterprise"": 6, ""enterprise_foothold_step"": 5, ""first_critical_hit_step"": 20, ""window_end"": null, ""window_start"": null}"
no_constraint_stage2_fair,19,stage2_ext_023_obj_2,closest_candidate,episode_002,7,7021,86,Q2_user_action_during_critical_breach,high,Analyse,User2,User,Impact,Op_Server0,"[""Op_Server0""]","[""Op_Server0""]","[""Op_Server0"", ""User0"", ""User3""]","[""Op_Server0"", ""User0"", ""User3""]","{""blue_first_relevant_response_after_critical"": 29, ""blue_first_relevant_response_after_enterprise"": 6, ""enterprise_foothold_step"": 5, ""first_critical_hit_step"": 20, ""window_end"": null, ""window_start"": null}"
no_constraint_stage2_fair,19,stage2_ext_023_obj_2,closest_candidate,episode_002,7,7021,87,Q2_user_action_during_critical_breach,high,DecoySSHD,User4,User,Impact,Op_Server0,"[""Op_Server0""]","[""Op_Server0""]","[""Op_Server0"", ""User0"", ""User3""]","[""Op_Server0"", ""User0"", ""User3""]","{""blue_first_relevant_response_after_critical"": 29, ""blue_first_relevant_response_after_enterprise"": 6, ""enterprise_foothold_step"": 5, ""first_critical_hit_step"": 20, ""window_end"": null, ""window_start"": null}"
no_constraint_stage2_fair,19,stage2_ext_023_obj_2,closest_candidate,episode_002,7,7021,89,Q2_user_action_during_critical_breach,high,Analyse,User2,User,Impact,Op_Server0,"[""Op_Server0""]","[""Op_Server0""]","[""Op_Server0"", ""User0"", ""User3""]","[""Op_Server0"", ""User0"", ""User3""]","{""blue_first_relevant_response_after_critical"": 29, ""blue_first_relevant_response_after_enterprise"": 6, ""enterprise_foothold_step"": 5, ""first_critical_hit_step"": 20, ""window_end"": null, ""window_start"": null}"
no_constraint_stage2_fair,19,stage2_ext_023_obj_2,closest_candidate,episode_002,7,7021,90,Q2_user_action_during_critical_breach,high,Analyse,User2,User,Impact,Op_Server0,"[""Op_Server0""]","[""Op_Server0""]","[""Op_Server0"", ""User0"", ""User3""]","[""Op_Server0"", ""User0"", ""User3""]","{""blue_first_relevant_response_after_critical"": 29, ""blue_first_relevant_response_after_enterprise"": 6, ""enterprise_foothold_step"": 5, ""first_critical_hit_step"": 20, ""window_end"": null, ""window_start"": null}"
no_constraint_stage2_fair,19,stage2_ext_023_obj_2,closest_candidate,episode_002,7,7021,91,Q2_user_action_during_critical_breach,high,Analyse,User2,User,Impact,Op_Server0,"[""Op_Server0""]","[""Op_Server0""]","[""Op_Server0"", ""User0"", ""User3""]","[""Op_Server0"", ""User0"", ""User3""]","{""blue_first_relevant_response_after_critical"": 29, ""blue_first_relevant_response_after_enterprise"": 6, ""enterprise_foothold_step"": 5, ""first_critical_hit_step"": 20, ""window_end"": null, ""window_start"": null}"
no_constraint_stage2_fair,19,stage2_ext_023_obj_2,closest_candidate,episode_002,7,7021,92,Q2_user_action_during_critical_breach,high,DecoyHarakaSMPT,User1,User,Impact,Op_Server0,"[""Op_Server0""]","[""Op_Server0""]","[""Op_Server0"", ""User0"", ""User3""]","[""Op_Server0"", ""User0"", ""User3""]","{""blue_first_relevant_response_after_critical"": 29, ""blue_first_relevant_response_after_enterprise"": 6, ""enterprise_foothold_step"": 5, ""first_critical_hit_step"": 20, ""window_end"": null, ""window_start"": null}"
no_constraint_stage2_fair,19,stage2_ext_023_obj_2,closest_candidate,episode_002,7,7021,93,Q2_user_action_during_critical_breach,high,Analyse,User2,User,Impact,Op_Server0,"[""Op_Server0""]","[""Op_Server0""]","[""Op_Server0"", ""User0"", ""User3""]","[""Op_Server0"", ""User0"", ""User3""]","{""blue_first_relevant_response_after_critical"": 29, ""blue_first_relevant_response_after_enterprise"": 6, ""enterprise_foothold_step"": 5, ""first_critical_hit_step"": 20, ""window_end"": null, ""window_start"": null}"
no_constraint_stage2_fair,19,stage2_ext_023_obj_2,closest_candidate,episode_002,7,7021,94,Q2_user_action_during_critical_breach,high,DecoySSHD,User4,User,Impact,Op_Server0,"[""Op_Server0""]","[""Op_Server0""]","[""Op_Server0"", ""User0"", ""User3""]","[""Op_Server0"", ""User0"", ""User3""]","{""blue_first_relevant_response_after_critical"": 29, ""blue_first_relevant_response_after_enterprise"": 6, ""enterprise_foothold_step"": 5, ""first_critical_hit_step"": 20, ""window_end"": null, ""window_start"": null}"
no_constraint_stage2_fair,19,stage2_ext_023_obj_2,closest_candidate,episode_002,7,7021,95,Q2_user_action_during_critical_breach,high,Analyse,User2,User,Impact,Op_Server0,"[""Op_Server0""]","[""Op_Server0""]","[""Op_Server0"", ""User0"", ""User3""]","[""Op_Server0"", ""User0"", ""User3""]","{""blue_first_relevant_response_after_critical"": 29, ""blue_first_relevant_response_after_enterprise"": 6, ""enterprise_foothold_step"": 5, ""first_critical_hit_step"": 20, ""window_end"": null, ""window_start"": null}"
no_constraint_stage2_fair,19,stage2_ext_023_obj_2,closest_candidate,episode_002,7,7021,96,Q2_user_action_during_critical_breach,high,DecoySvchost,User3,User,Impact,Op_Server0,"[""Op_Server0""]","[""Op_Server0""]","[""Op_Server0"", ""User0"", ""User3""]","[""Op_Server0"", ""User0"", ""User3""]","{""blue_first_relevant_response_after_critical"": 29, ""blue_first_relevant_response_after_enterprise"": 6, ""enterprise_foothold_step"": 5, ""first_critical_hit_step"": 20, ""window_end"": null, ""window_start"": null}"
no_constraint_stage2_fair,19,stage2_ext_023_obj_2,closest_candidate,episode_002,7,7021,97,Q2_user_action_during_critical_breach,high,Analyse,User2,User,Impact,Op_Server0,"[""Op_Server0""]","[""Op_Server0""]","[""Op_Server0"", ""User0"", ""User3""]","[""Op_Server0"", ""User0"", ""User3""]","{""blue_first_relevant_response_after_critical"": 29, ""blue_first_relevant_response_after_enterprise"": 6, ""enterprise_foothold_step"": 5, ""first_critical_hit_step"": 20, ""window_end"": null, ""window_start"": null}"
no_constraint_stage2_fair,19,stage2_ext_023_obj_2,closest_candidate,episode_002,7,7021,20,Q3_missed_immediate_response_to_critical_hit,high,Analyse,User2,User,ExploitRemoteService,,[],"[""Op_Server0""]","[""Enterprise0"", ""Enterprise2"", ""User0"", ""User3""]","[""Enterprise0"", ""Enterprise2"", ""Op_Server0"", ""User0"", ""User3""]","{""blue_first_relevant_response_after_critical"": 29, ""blue_first_relevant_response_after_enterprise"": 6, ""enterprise_foothold_step"": 5, ""first_critical_hit_step"": 20, ""window_end"": 23, ""window_start"": 21}"
no_constraint_stage2_fair,19,stage2_ext_023_obj_2,closest_candidate,episode_002,7,7021,7,Q4_user_focus_after_enterprise_foothold,medium,Analyse,User2,User,DiscoverRemoteSystems,,[],[],"[""Enterprise0"", ""User0"", ""User3""]","[""Enterprise0"", ""User0"", ""User3""]","{""blue_first_relevant_response_after_critical"": 29, ""blue_first_relevant_response_after_enterprise"": 6, ""enterprise_foothold_step"": 5, ""first_critical_hit_step"": 20, ""window_end"": 9, ""window_start"": 7}"
no_constraint_stage2_fair,19,stage2_ext_023_obj_2,closest_candidate,episode_002,7,7021,14,Q4_user_focus_after_enterprise_foothold,medium,Restore,User1,User,PrivilegeEscalate,Enterprise2,[],[],"[""Enterprise0"", ""Enterprise2"", ""User0"", ""User3""]","[""Enterprise0"", ""Enterprise2"", ""User0"", ""User3""]","{""blue_first_relevant_response_after_critical"": 29, ""blue_first_relevant_response_after_enterprise"": 6, ""enterprise_foothold_step"": 5, ""first_critical_hit_step"": 20, ""window_end"": 16, ""window_start"": 14}"
no_constraint_stage2_fair,19,stage2_ext_023_obj_2,closest_candidate,episode_002,7,7021,15,Q4_user_focus_after_enterprise_foothold,medium,DecoySSHD,User4,User,DiscoverNetworkServices,,[],[],"[""Enterprise0"", ""Enterprise2"", ""User0"", ""User3""]","[""Enterprise0"", ""Enterprise2"", ""User0"", ""User3""]","{""blue_first_relevant_response_after_critical"": 29, ""blue_first_relevant_response_after_enterprise"": 6, ""enterprise_foothold_step"": 5, ""first_critical_hit_step"": 20, ""window_end"": 17, ""window_start"": 15}"
no_constraint_stage2_fair,19,stage2_ext_023_obj_2,closest_candidate,episode_002,7,7021,20,Q4_user_focus_after_enterprise_foothold,medium,Analyse,User2,User,ExploitRemoteService,,[],"[""Op_Server0""]","[""Enterprise0"", ""Enterprise2"", ""User0"", ""User3""]","[""Enterprise0"", ""Enterprise2"", ""Op_Server0"", ""User0"", ""User3""]","{""blue_first_relevant_response_after_critical"": 29, ""blue_first_relevant_response_after_enterprise"": 6, ""enterprise_foothold_step"": 5, ""first_critical_hit_step"": 20, ""window_end"": 22, ""window_start"": 20}"
no_constraint_stage2_fair,19,stage2_ext_023_obj_2,closest_candidate,episode_002,7,7021,21,Q4_user_focus_after_enterprise_foothold,medium,Analyse,User0,User,PrivilegeEscalate,Op_Server0,"[""Op_Server0""]","[""Op_Server0""]","[""Enterprise0"", ""Enterprise2"", ""Op_Server0"", ""User0"", ""User3""]","[""Enterprise0"", ""Enterprise2"", ""Op_Server0"", ""User0"", ""User3""]","{""blue_first_relevant_response_after_critical"": 29, ""blue_first_relevant_response_after_enterprise"": 6, ""enterprise_foothold_step"": 5, ""first_critical_hit_step"": 20, ""window_end"": 23, ""window_start"": 21}"
no_constraint_stage2_fair,19,stage2_ext_023_obj_2,closest_candidate,episode_002,7,7021,22,Q4_user_focus_after_enterprise_foothold,medium,DecoySSHD,User4,User,Impact,Op_Server0,"[""Op_Server0""]","[""Op_Server0""]","[""Enterprise0"", ""Enterprise2"", ""Op_Server0"", ""User0"", ""User3""]","[""Enterprise0"", ""Enterprise2"", ""Op_Server0"", ""User0"", ""User3""]","{""blue_first_relevant_response_after_critical"": 29, ""blue_first_relevant_response_after_enterprise"": 6, ""enterprise_foothold_step"": 5, ""first_critical_hit_step"": 20, ""window_end"": 24, ""window_start"": 22}"
no_constraint_stage2_fair,19,stage2_ext_023_obj_2,closest_candidate,episode_002,7,7021,23,Q4_user_focus_after_enterprise_foothold,medium,Remove,User3,User,Impact,Op_Server0,"[""Op_Server0""]","[""Op_Server0""]","[""Enterprise0"", ""Enterprise2"", ""Op_Server0"", ""User0"", ""User3""]","[""Enterprise0"", ""Enterprise2"", ""Op_Server0"", ""User0"", ""User3""]","{""blue_first_relevant_response_after_critical"": 29, ""blue_first_relevant_response_after_enterprise"": 6, ""enterprise_foothold_step"": 5, ""first_critical_hit_step"": 20, ""window_end"": 25, ""window_start"": 23}"
no_constraint_stage2_fair,19,stage2_ext_023_obj_2,closest_candidate,episode_002,7,7021,24,Q4_user_focus_after_enterprise_foothold,medium,Remove,User3,User,Impact,Op_Server0,"[""Op_Server0""]","[""Op_Server0""]","[""Enterprise0"", ""Enterprise2"", ""Op_Server0"", ""User0"", ""User3""]","[""Enterprise0"", ""Enterprise2"", ""Op_Server0"", ""User0"", ""User3""]","{""blue_first_relevant_response_after_critical"": 29, ""blue_first_relevant_response_after_enterprise"": 6, ""enterprise_foothold_step"": 5, ""first_critical_hit_step"": 20, ""window_end"": 26, ""window_start"": 24}"
no_constraint_stage2_fair,19,stage2_ext_023_obj_2,closest_candidate,episode_002,7,7021,25,Q4_user_focus_after_enterprise_foothold,medium,Analyse,User2,User,Impact,Op_Server0,"[""Op_Server0""]","[""Op_Server0""]","[""Enterprise0"", ""Enterprise2"", ""Op_Server0"", ""User0"", ""User3""]","[""Enterprise0"", ""Enterprise2"", ""Op_Server0"", ""User0"", ""User3""]","{""blue_first_relevant_response_after_critical"": 29, ""blue_first_relevant_response_after_enterprise"": 6, ""enterprise_foothold_step"": 5, ""first_critical_hit_step"": 20, ""window_end"": 27, ""window_start"": 25}"
no_constraint_stage2_fair,19,stage2_ext_023_obj_2,closest_candidate,episode_002,7,7021,26,Q4_user_focus_after_enterprise_foothold,medium,Analyse,User1,User,Impact,Op_Server0,"[""Op_Server0""]","[""Op_Server0""]","[""Enterprise0"", ""Enterprise2"", ""Op_Server0"", ""User0"", ""User3""]","[""Enterprise0"", ""Enterprise2"", ""Op_Server0"", ""User0"", ""User3""]","{""blue_first_relevant_response_after_critical"": 29, ""blue_first_relevant_response_after_enterprise"": 6, ""enterprise_foothold_step"": 5, ""first_critical_hit_step"": 20, ""window_end"": 28, ""window_start"": 26}"
no_constraint_stage2_fair,19,stage2_ext_023_obj_2,closest_candidate,episode_002,7,7021,35,Q4_user_focus_after_enterprise_foothold,medium,Analyse,User2,User,Impact,Op_Server0,"[""Op_Server0""]","[""Op_Server0""]","[""Enterprise0"", ""Enterprise2"", ""Op_Server0"", ""User0"", ""User3""]","[""Enterprise0"", ""Enterprise2"", ""Op_Server0"", ""User0"", ""User3""]","{""blue_first_relevant_response_after_critical"": 29, ""blue_first_relevant_response_after_enterprise"": 6, ""enterprise_foothold_step"": 5, ""first_critical_hit_step"": 20, ""window_end"": 37, ""window_start"": 35}"
no_constraint_stage2_fair,19,stage2_ext_023_obj_2,closest_candidate,episode_002,7,7021,36,Q4_user_focus_after_enterprise_foothold,medium,Remove,User3,User,Impact,Op_Server0,"[""Op_Server0""]","[""Op_Server0""]","[""Enterprise0"", ""Enterprise2"", ""Op_Server0"", ""User0"", ""User3""]","[""Enterprise0"", ""Enterprise2"", ""Op_Server0"", ""User0"", ""User3""]","{""blue_first_relevant_response_after_critical"": 29, ""blue_first_relevant_response_after_enterprise"": 6, ""enterprise_foothold_step"": 5, ""first_critical_hit_step"": 20, ""window_end"": 38, ""window_start"": 36}"
no_constraint_stage2_fair,19,stage2_ext_023_obj_2,closest_candidate,episode_002,7,7021,37,Q4_user_focus_after_enterprise_foothold,medium,Analyse,User2,User,Impact,Op_Server0,"[""Op_Server0""]","[""Op_Server0""]","[""Enterprise0"", ""Enterprise2"", ""Op_Server0"", ""User0"", ""User3""]","[""Enterprise0"", ""Enterprise2"", ""Op_Server0"", ""User0"", ""User3""]","{""blue_first_relevant_response_after_critical"": 29, ""blue_first_relevant_response_after_enterprise"": 6, ""enterprise_foothold_step"": 5, ""first_critical_hit_step"": 20, ""window_end"": 39, ""window_start"": 37}"
no_constraint_stage2_fair,19,stage2_ext_023_obj_2,closest_candidate,episode_002,7,7021,38,Q4_user_focus_after_enterprise_foothold,medium,DecoyHarakaSMPT,User1,User,Impact,Op_Server0,"[""Op_Server0""]","[""Op_Server0""]","[""Enterprise0"", ""Enterprise2"", ""Op_Server0"", ""User0"", ""User3""]","[""Enterprise0"", ""Enterprise2"", ""Op_Server0"", ""User0"", ""User3""]","{""blue_first_relevant_response_after_critical"": 29, ""blue_first_relevant_response_after_enterprise"": 6, ""enterprise_foothold_step"": 5, ""first_critical_hit_step"": 20, ""window_end"": 40, ""window_start"": 38}"
no_constraint_stage2_fair,19,stage2_ext_023_obj_2,closest_candidate,episode_002,7,7021,39,Q4_user_focus_after_enterprise_foothold,medium,Remove,User3,User,Impact,Op_Server0,"[""Op_Server0""]","[""Op_Server0""]","[""Enterprise0"", ""Enterprise2"", ""Op_Server0"", ""User0"", ""User3""]","[""Enterprise0"", ""Enterprise2"", ""Op_Server0"", ""User0"", ""User3""]","{""blue_first_relevant_response_after_critical"": 29, ""blue_first_relevant_response_after_enterprise"": 6, ""enterprise_foothold_step"": 5, ""first_critical_hit_step"": 20, ""window_end"": 41, ""window_start"": 39}"
no_constraint_stage2_fair,19,stage2_ext_023_obj_2,closest_candidate,episode_002,7,7021,46,Q4_user_focus_after_enterprise_foothold,medium,DecoySSHD,User4,User,Impact,Op_Server0,"[""Op_Server0""]","[""Op_Server0""]","[""Enterprise0"", ""Enterprise2"", ""Op_Server0"", ""User0"", ""User3""]","[""Enterprise0"", ""Enterprise2"", ""Op_Server0"", ""User0"", ""User3""]","{""blue_first_relevant_response_after_critical"": 29, ""blue_first_relevant_response_after_enterprise"": 6, ""enterprise_foothold_step"": 5, ""first_critical_hit_step"": 20, ""window_end"": 48, ""window_start"": 46}"
no_constraint_stage2_fair,19,stage2_ext_023_obj_2,closest_candidate,episode_002,7,7021,47,Q4_user_focus_after_enterprise_foothold,medium,DecoyTomcat,User3,User,Impact,Op_Server0,"[""Op_Server0""]","[""Op_Server0""]","[""Enterprise0"", ""Enterprise2"", ""Op_Server0"", ""User0"", ""User3""]","[""Enterprise0"", ""Enterprise2"", ""Op_Server0"", ""User0"", ""User3""]","{""blue_first_relevant_response_after_critical"": 29, ""blue_first_relevant_response_after_enterprise"": 6, ""enterprise_foothold_step"": 5, ""first_critical_hit_step"": 20, ""window_end"": 49, ""window_start"": 47}"
no_constraint_stage2_fair,19,stage2_ext_023_obj_2,closest_candidate,episode_002,7,7021,48,Q4_user_focus_after_enterprise_foothold,medium,DecoySSHD,User4,User,Impact,Op_Server0,"[""Op_Server0""]","[""Op_Server0""]","[""Enterprise0"", ""Enterprise2"", ""Op_Server0"", ""User0"", ""User3""]","[""Enterprise0"", ""Enterprise2"", ""Op_Server0"", ""User0"", ""User3""]","{""blue_first_relevant_response_after_critical"": 29, ""blue_first_relevant_response_after_enterprise"": 6, ""enterprise_foothold_step"": 5, ""first_critical_hit_step"": 20, ""window_end"": 50, ""window_start"": 48}"
no_constraint_stage2_fair,19,stage2_ext_023_obj_2,closest_candidate,episode_002,7,7021,49,Q4_user_focus_after_enterprise_foothold,medium,DecoyTomcat,User3,User,Impact,Op_Server0,"[""Op_Server0""]","[""Op_Server0""]","[""Enterprise0"", ""Enterprise2"", ""Op_Server0"", ""User0"", ""User3""]","[""Enterprise0"", ""Enterprise2"", ""Op_Server0"", ""User0"", ""User3""]","{""blue_first_relevant_response_after_critical"": 29, ""blue_first_relevant_response_after_enterprise"": 6, ""enterprise_foothold_step"": 5, ""first_critical_hit_step"": 20, ""window_end"": 51, ""window_start"": 49}"
no_constraint_stage2_fair,19,stage2_ext_023_obj_2,closest_candidate,episode_002,7,7021,50,Q4_user_focus_after_enterprise_foothold,medium,DecoySSHD,User3,User,Impact,Op_Server0,"[""Op_Server0""]","[""Op_Server0""]","[""Enterprise0"", ""Enterprise2"", ""Op_Server0"", ""User0"", ""User3""]","[""Enterprise0"", ""Enterprise2"", ""Op_Server0"", ""User0"", ""User3""]","{""blue_first_relevant_response_after_critical"": 29, ""blue_first_relevant_response_after_enterprise"": 6, ""enterprise_foothold_step"": 5, ""first_critical_hit_step"": 20, ""window_end"": 52, ""window_start"": 50}"
no_constraint_stage2_fair,19,stage2_ext_023_obj_2,closest_candidate,episode_002,7,7021,62,Q4_user_focus_after_enterprise_foothold,medium,DecoyHarakaSMPT,User1,User,Impact,Op_Server0,"[""Op_Server0""]","[""Op_Server0""]","[""Enterprise0"", ""Enterprise2"", ""Op_Server0"", ""User0"", ""User3""]","[""Enterprise0"", ""Enterprise2"", ""Op_Server0"", ""User0"", ""User3""]","{""blue_first_relevant_response_after_critical"": 29, ""blue_first_relevant_response_after_enterprise"": 6, ""enterprise_foothold_step"": 5, ""first_critical_hit_step"": 20, ""window_end"": 64, ""window_start"": 62}"
no_constraint_stage2_fair,19,stage2_ext_023_obj_2,closest_candidate,episode_002,7,7021,80,Q4_user_focus_after_enterprise_foothold,medium,Analyse,User2,User,Impact,Op_Server0,"[""Op_Server0""]","[""Op_Server0""]","[""Op_Server0"", ""User0"", ""User3""]","[""Op_Server0"", ""User0"", ""User3""]","{""blue_first_relevant_response_after_critical"": 29, ""blue_first_relevant_response_after_enterprise"": 6, ""enterprise_foothold_step"": 5, ""first_critical_hit_step"": 20, ""window_end"": 82, ""window_start"": 80}"
no_constraint_stage2_fair,19,stage2_ext_023_obj_2,closest_candidate,episode_002,7,7021,81,Q4_user_focus_after_enterprise_foothold,medium,DecoyTomcat,User3,User,Impact,Op_Server0,"[""Op_Server0""]","[""Op_Server0""]","[""Op_Server0"", ""User0"", ""User3""]","[""Op_Server0"", ""User0"", ""User3""]","{""blue_first_relevant_response_after_critical"": 29, ""blue_first_relevant_response_after_enterprise"": 6, ""enterprise_foothold_step"": 5, ""first_critical_hit_step"": 20, ""window_end"": 83, ""window_start"": 81}"
no_constraint_stage2_fair,19,stage2_ext_023_obj_2,closest_candidate,episode_002,7,7021,89,Q4_user_focus_after_enterprise_foothold,medium,Analyse,User2,User,Impact,Op_Server0,"[""Op_Server0""]","[""Op_Server0""]","[""Op_Server0"", ""User0"", ""User3""]","[""Op_Server0"", ""User0"", ""User3""]","{""blue_first_relevant_response_after_critical"": 29, ""blue_first_relevant_response_after_enterprise"": 6, ""enterprise_foothold_step"": 5, ""first_critical_hit_step"": 20, ""window_end"": 91, ""window_start"": 89}"
no_constraint_stage2_fair,19,stage2_ext_023_obj_2,closest_candidate,episode_002,7,7021,90,Q4_user_focus_after_enterprise_foothold,medium,Analyse,User2,User,Impact,Op_Server0,"[""Op_Server0""]","[""Op_Server0""]","[""Op_Server0"", ""User0"", ""User3""]","[""Op_Server0"", ""User0"", ""User3""]","{""blue_first_relevant_response_after_critical"": 29, ""blue_first_relevant_response_after_enterprise"": 6, ""enterprise_foothold_step"": 5, ""first_critical_hit_step"": 20, ""window_end"": 92, ""window_start"": 90}"
no_constraint_stage2_fair,19,stage2_ext_023_obj_2,closest_candidate,episode_002,7,7021,91,Q4_user_focus_after_enterprise_foothold,medium,Analyse,User2,User,Impact,Op_Server0,"[""Op_Server0""]","[""Op_Server0""]","[""Op_Server0"", ""User0"", ""User3""]","[""Op_Server0"", ""User0"", ""User3""]","{""blue_first_relevant_response_after_critical"": 29, ""blue_first_relevant_response_after_enterprise"": 6, ""enterprise_foothold_step"": 5, ""first_critical_hit_step"": 20, ""window_end"": 93, ""window_start"": 91}"
no_constraint_stage2_fair,19,stage2_ext_023_obj_2,closest_candidate,episode_002,7,7021,92,Q4_user_focus_after_enterprise_foothold,medium,DecoyHarakaSMPT,User1,User,Impact,Op_Server0,"[""Op_Server0""]","[""Op_Server0""]","[""Op_Server0"", ""User0"", ""User3""]","[""Op_Server0"", ""User0"", ""User3""]","{""blue_first_relevant_response_after_critical"": 29, ""blue_first_relevant_response_after_enterprise"": 6, ""enterprise_foothold_step"": 5, ""first_critical_hit_step"": 20, ""window_end"": 94, ""window_start"": 92}"
no_constraint_stage2_fair,19,stage2_ext_023_obj_2,closest_candidate,episode_002,7,7021,93,Q4_user_focus_after_enterprise_foothold,medium,Analyse,User2,User,Impact,Op_Server0,"[""Op_Server0""]","[""Op_Server0""]","[""Op_Server0"", ""User0"", ""User3""]","[""Op_Server0"", ""User0"", ""User3""]","{""blue_first_relevant_response_after_critical"": 29, ""blue_first_relevant_response_after_enterprise"": 6, ""enterprise_foothold_step"": 5, ""first_critical_hit_step"": 20, ""window_end"": 95, ""window_start"": 93}"
no_constraint_stage2_fair,19,stage2_ext_023_obj_2,closest_candidate,episode_002,7,7021,94,Q4_user_focus_after_enterprise_foothold,medium,DecoySSHD,User4,User,Impact,Op_Server0,"[""Op_Server0""]","[""Op_Server0""]","[""Op_Server0"", ""User0"", ""User3""]","[""Op_Server0"", ""User0"", ""User3""]","{""blue_first_relevant_response_after_critical"": 29, ""blue_first_relevant_response_after_enterprise"": 6, ""enterprise_foothold_step"": 5, ""first_critical_hit_step"": 20, ""window_end"": 96, ""window_start"": 94}"
no_constraint_stage2_fair,19,stage2_ext_023_obj_2,closest_candidate,episode_002,7,7021,95,Q4_user_focus_after_enterprise_foothold,medium,Analyse,User2,User,Impact,Op_Server0,"[""Op_Server0""]","[""Op_Server0""]","[""Op_Server0"", ""User0"", ""User3""]","[""Op_Server0"", ""User0"", ""User3""]","{""blue_first_relevant_response_after_critical"": 29, ""blue_first_relevant_response_after_enterprise"": 6, ""enterprise_foothold_step"": 5, ""first_critical_hit_step"": 20, ""window_end"": 97, ""window_start"": 95}"
no_constraint_stage2_fair,19,stage2_ext_023_obj_2,closest_candidate,episode_002,7,7021,41,Q5_repeated_low_value_decoy_loop,medium,DecoyTomcat,User3,User,Impact,Op_Server0,"[""Op_Server0""]","[""Op_Server0""]","[""Enterprise0"", ""Enterprise2"", ""Op_Server0"", ""User0"", ""User3""]","[""Enterprise0"", ""Enterprise2"", ""Op_Server0"", ""User0"", ""User3""]","{""blue_first_relevant_response_after_critical"": 29, ""blue_first_relevant_response_after_enterprise"": 6, ""enterprise_foothold_step"": 5, ""first_critical_hit_step"": 20, ""window_end"": 49, ""window_start"": 40}"
