seed,rule,assignment_rule,preference_index,preference,is_assigned,selected_policy_id,selected_objective_vector,utility,is_acceptable,is_raw_pareto,is_acceptable_pareto
7,raw_pareto,Raw Pareto Assignment,0,"[0.0, 0.0, 0.0, 1.0]",True,stage1_pref_001_ckpt_096,"[-161.30416870117188, -26.534896850585938, -25.05291748046875, 0.0]",0.0,False,True,False
7,raw_pareto,Raw Pareto Assignment,1,"[0.0, 0.0, 0.1, 0.9]",True,stage2_ext_009_obj_1,"[-170.60000610351562, -27.91291618347168, -23.040000915527344, 0.0]",-2.30400013923645,False,True,False
7,raw_pareto,Raw Pareto Assignment,2,"[0.0, 0.0, 0.2, 0.8]",True,stage2_ext_009_obj_1,"[-170.60000610351562, -27.91291618347168, -23.040000915527344, 0.0]",-4.6080002784729,False,True,False
7,raw_pareto,Raw Pareto Assignment,3,"[0.0, 0.0, 0.3, 0.7]",True,stage2_ext_009_obj_1,"[-170.60000610351562, -27.91291618347168, -23.040000915527344, 0.0]",-6.91200065612793,False,True,False
7,raw_pareto,Raw Pareto Assignment,4,"[0.0, 0.0, 0.4, 0.6]",True,stage2_ext_009_obj_1,"[-170.60000610351562, -27.91291618347168, -23.040000915527344, 0.0]",-9.2160005569458,False,True,False
7,raw_pareto,Raw Pareto Assignment,5,"[0.0, 0.0, 0.5, 0.5]",True,stage2_ext_009_obj_1,"[-170.60000610351562, -27.91291618347168, -23.040000915527344, 0.0]",-11.520000457763672,False,True,False
7,raw_pareto,Raw Pareto Assignment,6,"[0.0, 0.0, 0.6, 0.4]",True,stage2_ext_009_obj_1,"[-170.60000610351562, -27.91291618347168, -23.040000915527344, 0.0]",-13.82400131225586,False,True,False
7,raw_pareto,Raw Pareto Assignment,7,"[0.0, 0.0, 0.7, 0.3]",True,stage2_ext_009_obj_1,"[-170.60000610351562, -27.91291618347168, -23.040000915527344, 0.0]",-16.128000259399414,False,True,False
7,raw_pareto,Raw Pareto Assignment,8,"[0.0, 0.0, 0.8, 0.2]",True,stage2_ext_009_obj_1,"[-170.60000610351562, -27.91291618347168, -23.040000915527344, 0.0]",-18.4320011138916,False,True,False
7,raw_pareto,Raw Pareto Assignment,9,"[0.0, 0.0, 0.9, 0.1]",True,stage2_ext_009_obj_1,"[-170.60000610351562, -27.91291618347168, -23.040000915527344, 0.0]",-20.736000061035156,False,True,False
7,raw_pareto,Raw Pareto Assignment,10,"[0.0, 0.0, 1.0, 0.0]",True,stage2_ext_009_obj_1,"[-170.60000610351562, -27.91291618347168, -23.040000915527344, 0.0]",-23.040000915527344,False,True,False
7,raw_pareto,Raw Pareto Assignment,11,"[0.0, 0.1, 0.0, 0.9]",True,stage1_pref_005_ckpt_191,"[-136.85000610351562, -22.62291717529297, -28.82916831970215, 0.0]",-2.262291669845581,False,True,False
7,raw_pareto,Raw Pareto Assignment,12,"[0.0, 0.1, 0.1, 0.8]",True,stage2_ext_004_obj_2,"[-157.65834045410156, -26.569791793823242, -24.34833526611328, 0.0]",-5.091813087463379,True,True,True
7,raw_pareto,Raw Pareto Assignment,13,"[0.0, 0.1, 0.2, 0.7]",True,stage2_ext_009_obj_1,"[-170.60000610351562, -27.91291618347168, -23.040000915527344, 0.0]",-7.3992919921875,False,True,False
7,raw_pareto,Raw Pareto Assignment,14,"[0.0, 0.1, 0.3, 0.6]",True,stage2_ext_009_obj_1,"[-170.60000610351562, -27.91291618347168, -23.040000915527344, 0.0]",-9.703292846679688,False,True,False
7,raw_pareto,Raw Pareto Assignment,15,"[0.0, 0.1, 0.4, 0.5]",True,stage2_ext_009_obj_1,"[-170.60000610351562, -27.91291618347168, -23.040000915527344, 0.0]",-12.007291793823242,False,True,False
7,raw_pareto,Raw Pareto Assignment,16,"[0.0, 0.1, 0.5, 0.4]",True,stage2_ext_009_obj_1,"[-170.60000610351562, -27.91291618347168, -23.040000915527344, 0.0]",-14.31129264831543,False,True,False
7,raw_pareto,Raw Pareto Assignment,17,"[0.0, 0.1, 0.6, 0.3]",True,stage2_ext_009_obj_1,"[-170.60000610351562, -27.91291618347168, -23.040000915527344, 0.0]",-16.615293502807617,False,True,False
7,raw_pareto,Raw Pareto Assignment,18,"[0.0, 0.1, 0.7, 0.2]",True,stage2_ext_009_obj_1,"[-170.60000610351562, -27.91291618347168, -23.040000915527344, 0.0]",-18.919292449951172,False,True,False
7,raw_pareto,Raw Pareto Assignment,19,"[0.0, 0.1, 0.8, 0.1]",True,stage2_ext_009_obj_1,"[-170.60000610351562, -27.91291618347168, -23.040000915527344, 0.0]",-21.22329330444336,False,True,False
7,raw_pareto,Raw Pareto Assignment,20,"[0.0, 0.1, 0.9, 0.0]",True,stage2_ext_009_obj_1,"[-170.60000610351562, -27.91291618347168, -23.040000915527344, 0.0]",-23.527292251586914,False,True,False
7,raw_pareto,Raw Pareto Assignment,21,"[0.0, 0.2, 0.0, 0.8]",True,stage1_pref_005_ckpt_191,"[-136.85000610351562, -22.62291717529297, -28.82916831970215, 0.0]",-4.524583339691162,False,True,False
7,raw_pareto,Raw Pareto Assignment,22,"[0.0, 0.2, 0.1, 0.7]",True,stage1_pref_005_ckpt_191,"[-136.85000610351562, -22.62291717529297, -28.82916831970215, 0.0]",-7.407500267028809,False,True,False
7,raw_pareto,Raw Pareto Assignment,23,"[0.0, 0.2, 0.2, 0.6]",True,stage2_ext_004_obj_2,"[-157.65834045410156, -26.569791793823242, -24.34833526611328, 0.0]",-10.183626174926758,True,True,True
7,raw_pareto,Raw Pareto Assignment,24,"[0.0, 0.2, 0.3, 0.5]",True,stage2_ext_009_obj_1,"[-170.60000610351562, -27.91291618347168, -23.040000915527344, 0.0]",-12.494584083557129,False,True,False
7,raw_pareto,Raw Pareto Assignment,25,"[0.0, 0.2, 0.4, 0.4]",True,stage2_ext_009_obj_1,"[-170.60000610351562, -27.91291618347168, -23.040000915527344, 0.0]",-14.798583984375,False,True,False
7,raw_pareto,Raw Pareto Assignment,26,"[0.0, 0.2, 0.5, 0.3]",True,stage2_ext_009_obj_1,"[-170.60000610351562, -27.91291618347168, -23.040000915527344, 0.0]",-17.102584838867188,False,True,False
7,raw_pareto,Raw Pareto Assignment,27,"[0.0, 0.2, 0.6, 0.2]",True,stage2_ext_009_obj_1,"[-170.60000610351562, -27.91291618347168, -23.040000915527344, 0.0]",-19.406585693359375,False,True,False
7,raw_pareto,Raw Pareto Assignment,28,"[0.0, 0.2, 0.7, 0.1]",True,stage2_ext_009_obj_1,"[-170.60000610351562, -27.91291618347168, -23.040000915527344, 0.0]",-21.710582733154297,False,True,False
7,raw_pareto,Raw Pareto Assignment,29,"[0.0, 0.2, 0.8, 0.0]",True,stage2_ext_009_obj_1,"[-170.60000610351562, -27.91291618347168, -23.040000915527344, 0.0]",-24.014583587646484,False,True,False
7,raw_pareto,Raw Pareto Assignment,30,"[0.0, 0.3, 0.0, 0.7]",True,stage1_pref_005_ckpt_191,"[-136.85000610351562, -22.62291717529297, -28.82916831970215, 0.0]",-6.786875247955322,False,True,False
7,raw_pareto,Raw Pareto Assignment,31,"[0.0, 0.3, 0.1, 0.6]",True,stage1_pref_005_ckpt_191,"[-136.85000610351562, -22.62291717529297, -28.82916831970215, 0.0]",-9.669792175292969,False,True,False
7,raw_pareto,Raw Pareto Assignment,32,"[0.0, 0.3, 0.2, 0.5]",True,stage1_pref_005_ckpt_191,"[-136.85000610351562, -22.62291717529297, -28.82916831970215, 0.0]",-12.552709579467773,False,True,False
7,raw_pareto,Raw Pareto Assignment,33,"[0.0, 0.3, 0.3, 0.4]",True,stage2_ext_004_obj_2,"[-157.65834045410156, -26.569791793823242, -24.34833526611328, 0.0]",-15.27543830871582,True,True,True
7,raw_pareto,Raw Pareto Assignment,34,"[0.0, 0.3, 0.4, 0.3]",True,stage2_ext_009_obj_1,"[-170.60000610351562, -27.91291618347168, -23.040000915527344, 0.0]",-17.589876174926758,False,True,False
7,raw_pareto,Raw Pareto Assignment,35,"[0.0, 0.3, 0.5, 0.2]",True,stage2_ext_009_obj_1,"[-170.60000610351562, -27.91291618347168, -23.040000915527344, 0.0]",-19.893875122070312,False,True,False
7,raw_pareto,Raw Pareto Assignment,36,"[0.0, 0.3, 0.6, 0.1]",True,stage2_ext_009_obj_1,"[-170.60000610351562, -27.91291618347168, -23.040000915527344, 0.0]",-22.1978759765625,False,True,False
7,raw_pareto,Raw Pareto Assignment,37,"[0.0, 0.3, 0.7, 0.0]",True,stage2_ext_009_obj_1,"[-170.60000610351562, -27.91291618347168, -23.040000915527344, 0.0]",-24.501876831054688,False,True,False
7,raw_pareto,Raw Pareto Assignment,38,"[0.0, 0.4, 0.0, 0.6]",True,stage1_pref_005_ckpt_191,"[-136.85000610351562, -22.62291717529297, -28.82916831970215, 0.0]",-9.049166679382324,False,True,False
7,raw_pareto,Raw Pareto Assignment,39,"[0.0, 0.4, 0.1, 0.5]",True,stage1_pref_005_ckpt_191,"[-136.85000610351562, -22.62291717529297, -28.82916831970215, 0.0]",-11.932083129882812,False,True,False
7,raw_pareto,Raw Pareto Assignment,40,"[0.0, 0.4, 0.2, 0.4]",True,stage1_pref_005_ckpt_191,"[-136.85000610351562, -22.62291717529297, -28.82916831970215, 0.0]",-14.815000534057617,False,True,False
7,raw_pareto,Raw Pareto Assignment,41,"[0.0, 0.4, 0.3, 0.3]",True,stage1_pref_005_ckpt_191,"[-136.85000610351562, -22.62291717529297, -28.82916831970215, 0.0]",-17.697917938232422,False,True,False
7,raw_pareto,Raw Pareto Assignment,42,"[0.0, 0.4, 0.4, 0.2]",True,stage2_ext_004_obj_2,"[-157.65834045410156, -26.569791793823242, -24.34833526611328, 0.0]",-20.367252349853516,True,True,True
7,raw_pareto,Raw Pareto Assignment,43,"[0.0, 0.4, 0.5, 0.1]",True,stage2_ext_009_obj_1,"[-170.60000610351562, -27.91291618347168, -23.040000915527344, 0.0]",-22.68516731262207,False,True,False
7,raw_pareto,Raw Pareto Assignment,44,"[0.0, 0.4, 0.6, 0.0]",True,stage2_ext_009_obj_1,"[-170.60000610351562, -27.91291618347168, -23.040000915527344, 0.0]",-24.989168167114258,False,True,False
7,raw_pareto,Raw Pareto Assignment,45,"[0.0, 0.5, 0.0, 0.5]",True,stage1_pref_005_ckpt_191,"[-136.85000610351562, -22.62291717529297, -28.82916831970215, 0.0]",-11.311458587646484,False,True,False
7,raw_pareto,Raw Pareto Assignment,46,"[0.0, 0.5, 0.1, 0.4]",True,stage1_pref_005_ckpt_191,"[-136.85000610351562, -22.62291717529297, -28.82916831970215, 0.0]",-14.194375991821289,False,True,False
7,raw_pareto,Raw Pareto Assignment,47,"[0.0, 0.5, 0.2, 0.3]",True,stage1_pref_005_ckpt_191,"[-136.85000610351562, -22.62291717529297, -28.82916831970215, 0.0]",-17.077293395996094,False,True,False
7,raw_pareto,Raw Pareto Assignment,48,"[0.0, 0.5, 0.3, 0.2]",True,stage1_pref_005_ckpt_191,"[-136.85000610351562, -22.62291717529297, -28.82916831970215, 0.0]",-19.960208892822266,False,True,False
7,raw_pareto,Raw Pareto Assignment,49,"[0.0, 0.5, 0.4, 0.1]",True,stage1_pref_005_ckpt_191,"[-136.85000610351562, -22.62291717529297, -28.82916831970215, 0.0]",-22.84312629699707,False,True,False
7,raw_pareto,Raw Pareto Assignment,50,"[0.0, 0.5, 0.5, 0.0]",True,stage2_ext_004_obj_2,"[-157.65834045410156, -26.569791793823242, -24.34833526611328, 0.0]",-25.459064483642578,True,True,True
7,raw_pareto,Raw Pareto Assignment,51,"[0.0, 0.6, 0.0, 0.4]",True,stage1_pref_005_ckpt_191,"[-136.85000610351562, -22.62291717529297, -28.82916831970215, 0.0]",-13.573750495910645,False,True,False
7,raw_pareto,Raw Pareto Assignment,52,"[0.0, 0.6, 0.1, 0.3]",True,stage1_pref_005_ckpt_191,"[-136.85000610351562, -22.62291717529297, -28.82916831970215, 0.0]",-16.456666946411133,False,True,False
7,raw_pareto,Raw Pareto Assignment,53,"[0.0, 0.6, 0.2, 0.2]",True,stage1_pref_005_ckpt_191,"[-136.85000610351562, -22.62291717529297, -28.82916831970215, 0.0]",-19.339584350585938,False,True,False
7,raw_pareto,Raw Pareto Assignment,54,"[0.0, 0.6, 0.3, 0.1]",True,stage1_pref_005_ckpt_191,"[-136.85000610351562, -22.62291717529297, -28.82916831970215, 0.0]",-22.222501754760742,False,True,False
7,raw_pareto,Raw Pareto Assignment,55,"[0.0, 0.6, 0.4, 0.0]",True,stage1_pref_005_ckpt_191,"[-136.85000610351562, -22.62291717529297, -28.82916831970215, 0.0]",-25.105419158935547,False,True,False
7,raw_pareto,Raw Pareto Assignment,56,"[0.0, 0.7, 0.0, 0.3]",True,stage1_pref_005_ckpt_191,"[-136.85000610351562, -22.62291717529297, -28.82916831970215, 0.0]",-15.836041450500488,False,True,False
7,raw_pareto,Raw Pareto Assignment,57,"[0.0, 0.7, 0.1, 0.2]",True,stage1_pref_005_ckpt_191,"[-136.85000610351562, -22.62291717529297, -28.82916831970215, 0.0]",-18.718957901000977,False,True,False
7,raw_pareto,Raw Pareto Assignment,58,"[0.0, 0.7, 0.2, 0.1]",True,stage1_pref_005_ckpt_191,"[-136.85000610351562, -22.62291717529297, -28.82916831970215, 0.0]",-21.60187530517578,False,True,False
7,raw_pareto,Raw Pareto Assignment,59,"[0.0, 0.7, 0.3, 0.0]",True,stage1_pref_005_ckpt_191,"[-136.85000610351562, -22.62291717529297, -28.82916831970215, 0.0]",-24.484792709350586,False,True,False
7,raw_pareto,Raw Pareto Assignment,60,"[0.0, 0.8, 0.0, 0.2]",True,stage1_pref_005_ckpt_191,"[-136.85000610351562, -22.62291717529297, -28.82916831970215, 0.0]",-18.09833335876465,False,True,False
7,raw_pareto,Raw Pareto Assignment,61,"[0.0, 0.8, 0.1, 0.1]",True,stage1_pref_005_ckpt_191,"[-136.85000610351562, -22.62291717529297, -28.82916831970215, 0.0]",-20.981250762939453,False,True,False
7,raw_pareto,Raw Pareto Assignment,62,"[0.0, 0.8, 0.2, 0.0]",True,stage1_pref_005_ckpt_191,"[-136.85000610351562, -22.62291717529297, -28.82916831970215, 0.0]",-23.864166259765625,False,True,False
7,raw_pareto,Raw Pareto Assignment,63,"[0.0, 0.9, 0.0, 0.1]",True,stage1_pref_005_ckpt_191,"[-136.85000610351562, -22.62291717529297, -28.82916831970215, 0.0]",-20.360624313354492,False,True,False
7,raw_pareto,Raw Pareto Assignment,64,"[0.0, 0.9, 0.1, 0.0]",True,stage1_pref_005_ckpt_191,"[-136.85000610351562, -22.62291717529297, -28.82916831970215, 0.0]",-23.243541717529297,False,True,False
7,raw_pareto,Raw Pareto Assignment,65,"[0.0, 1.0, 0.0, 0.0]",True,stage1_pref_005_ckpt_191,"[-136.85000610351562, -22.62291717529297, -28.82916831970215, 0.0]",-22.62291717529297,False,True,False
7,raw_pareto,Raw Pareto Assignment,66,"[0.1, 0.0, 0.0, 0.9]",True,stage1_pref_005_ckpt_191,"[-136.85000610351562, -22.62291717529297, -28.82916831970215, 0.0]",-13.6850004196167,False,True,False
7,raw_pareto,Raw Pareto Assignment,67,"[0.1, 0.0, 0.1, 0.8]",True,stage1_pref_005_ckpt_191,"[-136.85000610351562, -22.62291717529297, -28.82916831970215, 0.0]",-16.567916870117188,False,True,False
7,raw_pareto,Raw Pareto Assignment,68,"[0.1, 0.0, 0.2, 0.7]",True,stage1_pref_005_ckpt_191,"[-136.85000610351562, -22.62291717529297, -28.82916831970215, 0.0]",-19.450834274291992,False,True,False
7,raw_pareto,Raw Pareto Assignment,69,"[0.1, 0.0, 0.3, 0.6]",True,stage1_pref_005_ckpt_191,"[-136.85000610351562, -22.62291717529297, -28.82916831970215, 0.0]",-22.333751678466797,False,True,False
7,raw_pareto,Raw Pareto Assignment,70,"[0.1, 0.0, 0.4, 0.5]",True,stage1_pref_005_ckpt_191,"[-136.85000610351562, -22.62291717529297, -28.82916831970215, 0.0]",-25.21666717529297,False,True,False
7,raw_pareto,Raw Pareto Assignment,71,"[0.1, 0.0, 0.5, 0.4]",True,stage2_ext_004_obj_2,"[-157.65834045410156, -26.569791793823242, -24.34833526611328, 0.0]",-27.94000244140625,True,True,True
7,raw_pareto,Raw Pareto Assignment,72,"[0.1, 0.0, 0.6, 0.3]",True,stage2_ext_004_obj_2,"[-157.65834045410156, -26.569791793823242, -24.34833526611328, 0.0]",-30.374835968017578,True,True,True
7,raw_pareto,Raw Pareto Assignment,73,"[0.1, 0.0, 0.7, 0.2]",True,stage2_ext_015_obj_2,"[-166.2291717529297, -28.15166664123535, -23.085834503173828, 0.0]",-32.78300094604492,False,True,False
7,raw_pareto,Raw Pareto Assignment,74,"[0.1, 0.0, 0.8, 0.1]",True,stage2_ext_015_obj_2,"[-166.2291717529297, -28.15166664123535, -23.085834503173828, 0.0]",-35.091583251953125,False,True,False
7,raw_pareto,Raw Pareto Assignment,75,"[0.1, 0.0, 0.9, 0.0]",True,stage2_ext_015_obj_2,"[-166.2291717529297, -28.15166664123535, -23.085834503173828, 0.0]",-37.400169372558594,False,True,False
7,raw_pareto,Raw Pareto Assignment,76,"[0.1, 0.1, 0.0, 0.8]",True,stage1_pref_005_ckpt_191,"[-136.85000610351562, -22.62291717529297, -28.82916831970215, 0.0]",-15.94729232788086,False,True,False
7,raw_pareto,Raw Pareto Assignment,77,"[0.1, 0.1, 0.1, 0.7]",True,stage1_pref_005_ckpt_191,"[-136.85000610351562, -22.62291717529297, -28.82916831970215, 0.0]",-18.830209732055664,False,True,False
7,raw_pareto,Raw Pareto Assignment,78,"[0.1, 0.1, 0.2, 0.6]",True,stage1_pref_005_ckpt_191,"[-136.85000610351562, -22.62291717529297, -28.82916831970215, 0.0]",-21.71312713623047,False,True,False
7,raw_pareto,Raw Pareto Assignment,79,"[0.1, 0.1, 0.3, 0.5]",True,stage1_pref_005_ckpt_191,"[-136.85000610351562, -22.62291717529297, -28.82916831970215, 0.0]",-24.59604263305664,False,True,False
7,raw_pareto,Raw Pareto Assignment,80,"[0.1, 0.1, 0.4, 0.4]",True,stage1_pref_005_ckpt_191,"[-136.85000610351562, -22.62291717529297, -28.82916831970215, 0.0]",-27.478960037231445,False,True,False
7,raw_pareto,Raw Pareto Assignment,81,"[0.1, 0.1, 0.5, 0.3]",True,stage1_pref_005_ckpt_191,"[-136.85000610351562, -22.62291717529297, -28.82916831970215, 0.0]",-30.36187744140625,False,True,False
7,raw_pareto,Raw Pareto Assignment,82,"[0.1, 0.1, 0.6, 0.2]",True,stage2_ext_004_obj_2,"[-157.65834045410156, -26.569791793823242, -24.34833526611328, 0.0]",-33.03181457519531,True,True,True
7,raw_pareto,Raw Pareto Assignment,83,"[0.1, 0.1, 0.7, 0.1]",True,stage2_ext_004_obj_2,"[-157.65834045410156, -26.569791793823242, -24.34833526611328, 0.0]",-35.46664810180664,True,True,True
7,raw_pareto,Raw Pareto Assignment,84,"[0.1, 0.1, 0.8, 0.0]",True,stage2_ext_004_obj_2,"[-157.65834045410156, -26.569791793823242, -24.34833526611328, 0.0]",-37.90148162841797,True,True,True
7,raw_pareto,Raw Pareto Assignment,85,"[0.1, 0.2, 0.0, 0.7]",True,stage1_pref_005_ckpt_191,"[-136.85000610351562, -22.62291717529297, -28.82916831970215, 0.0]",-18.209583282470703,False,True,False
7,raw_pareto,Raw Pareto Assignment,86,"[0.1, 0.2, 0.1, 0.6]",True,stage1_pref_005_ckpt_191,"[-136.85000610351562, -22.62291717529297, -28.82916831970215, 0.0]",-21.092500686645508,False,True,False
7,raw_pareto,Raw Pareto Assignment,87,"[0.1, 0.2, 0.2, 0.5]",True,stage1_pref_005_ckpt_191,"[-136.85000610351562, -22.62291717529297, -28.82916831970215, 0.0]",-23.975418090820312,False,True,False
7,raw_pareto,Raw Pareto Assignment,88,"[0.1, 0.2, 0.3, 0.4]",True,stage1_pref_005_ckpt_191,"[-136.85000610351562, -22.62291717529297, -28.82916831970215, 0.0]",-26.858333587646484,False,True,False
7,raw_pareto,Raw Pareto Assignment,89,"[0.1, 0.2, 0.4, 0.3]",True,stage1_pref_005_ckpt_191,"[-136.85000610351562, -22.62291717529297, -28.82916831970215, 0.0]",-29.74125099182129,False,True,False
7,raw_pareto,Raw Pareto Assignment,90,"[0.1, 0.2, 0.5, 0.2]",True,stage1_pref_005_ckpt_191,"[-136.85000610351562, -22.62291717529297, -28.82916831970215, 0.0]",-32.624168395996094,False,True,False
7,raw_pareto,Raw Pareto Assignment,91,"[0.1, 0.2, 0.6, 0.1]",True,stage1_pref_005_ckpt_191,"[-136.85000610351562, -22.62291717529297, -28.82916831970215, 0.0]",-35.50708770751953,False,True,False
7,raw_pareto,Raw Pareto Assignment,92,"[0.1, 0.2, 0.7, 0.0]",True,stage2_ext_004_obj_2,"[-157.65834045410156, -26.569791793823242, -24.34833526611328, 0.0]",-38.123626708984375,True,True,True
7,raw_pareto,Raw Pareto Assignment,93,"[0.1, 0.3, 0.0, 0.6]",True,stage1_pref_005_ckpt_191,"[-136.85000610351562, -22.62291717529297, -28.82916831970215, 0.0]",-20.47187614440918,False,True,False
7,raw_pareto,Raw Pareto Assignment,94,"[0.1, 0.3, 0.1, 0.5]",True,stage1_pref_005_ckpt_191,"[-136.85000610351562, -22.62291717529297, -28.82916831970215, 0.0]",-23.354793548583984,False,True,False
7,raw_pareto,Raw Pareto Assignment,95,"[0.1, 0.3, 0.2, 0.4]",True,stage1_pref_005_ckpt_191,"[-136.85000610351562, -22.62291717529297, -28.82916831970215, 0.0]",-26.237709045410156,False,True,False
7,raw_pareto,Raw Pareto Assignment,96,"[0.1, 0.3, 0.3, 0.3]",True,stage1_pref_005_ckpt_191,"[-136.85000610351562, -22.62291717529297, -28.82916831970215, 0.0]",-29.120628356933594,False,True,False
7,raw_pareto,Raw Pareto Assignment,97,"[0.1, 0.3, 0.4, 0.2]",True,stage1_pref_005_ckpt_191,"[-136.85000610351562, -22.62291717529297, -28.82916831970215, 0.0]",-32.003543853759766,False,True,False
7,raw_pareto,Raw Pareto Assignment,98,"[0.1, 0.3, 0.5, 0.1]",True,stage1_pref_005_ckpt_191,"[-136.85000610351562, -22.62291717529297, -28.82916831970215, 0.0]",-34.88645935058594,False,True,False
7,raw_pareto,Raw Pareto Assignment,99,"[0.1, 0.3, 0.6, 0.0]",True,stage1_pref_005_ckpt_191,"[-136.85000610351562, -22.62291717529297, -28.82916831970215, 0.0]",-37.769378662109375,False,True,False
7,raw_pareto,Raw Pareto Assignment,100,"[0.1, 0.4, 0.0, 0.5]",True,stage1_pref_005_ckpt_191,"[-136.85000610351562, -22.62291717529297, -28.82916831970215, 0.0]",-22.734167098999023,False,True,False
7,raw_pareto,Raw Pareto Assignment,101,"[0.1, 0.4, 0.1, 0.4]",True,stage1_pref_005_ckpt_191,"[-136.85000610351562, -22.62291717529297, -28.82916831970215, 0.0]",-25.617084503173828,False,True,False
7,raw_pareto,Raw Pareto Assignment,102,"[0.1, 0.4, 0.2, 0.3]",True,stage1_pref_005_ckpt_191,"[-136.85000610351562, -22.62291717529297, -28.82916831970215, 0.0]",-28.5,False,True,False
7,raw_pareto,Raw Pareto Assignment,103,"[0.1, 0.4, 0.3, 0.2]",True,stage1_pref_005_ckpt_191,"[-136.85000610351562, -22.62291717529297, -28.82916831970215, 0.0]",-31.382919311523438,False,True,False
7,raw_pareto,Raw Pareto Assignment,104,"[0.1, 0.4, 0.4, 0.1]",True,stage1_pref_005_ckpt_191,"[-136.85000610351562, -22.62291717529297, -28.82916831970215, 0.0]",-34.26583480834961,False,True,False
7,raw_pareto,Raw Pareto Assignment,105,"[0.1, 0.4, 0.5, 0.0]",True,stage1_pref_005_ckpt_191,"[-136.85000610351562, -22.62291717529297, -28.82916831970215, 0.0]",-37.14875030517578,False,True,False
7,raw_pareto,Raw Pareto Assignment,106,"[0.1, 0.5, 0.0, 0.4]",True,stage1_pref_005_ckpt_191,"[-136.85000610351562, -22.62291717529297, -28.82916831970215, 0.0]",-24.9964599609375,False,True,False
7,raw_pareto,Raw Pareto Assignment,107,"[0.1, 0.5, 0.1, 0.3]",True,stage1_pref_005_ckpt_191,"[-136.85000610351562, -22.62291717529297, -28.82916831970215, 0.0]",-27.879377365112305,False,True,False
7,raw_pareto,Raw Pareto Assignment,108,"[0.1, 0.5, 0.2, 0.2]",True,stage1_pref_005_ckpt_191,"[-136.85000610351562, -22.62291717529297, -28.82916831970215, 0.0]",-30.76229476928711,False,True,False
7,raw_pareto,Raw Pareto Assignment,109,"[0.1, 0.5, 0.3, 0.1]",True,stage1_pref_005_ckpt_191,"[-136.85000610351562, -22.62291717529297, -28.82916831970215, 0.0]",-33.64521026611328,False,True,False
7,raw_pareto,Raw Pareto Assignment,110,"[0.1, 0.5, 0.4, 0.0]",True,stage1_pref_005_ckpt_191,"[-136.85000610351562, -22.62291717529297, -28.82916831970215, 0.0]",-36.52812957763672,False,True,False
7,raw_pareto,Raw Pareto Assignment,111,"[0.1, 0.6, 0.0, 0.3]",True,stage1_pref_005_ckpt_191,"[-136.85000610351562, -22.62291717529297, -28.82916831970215, 0.0]",-27.258750915527344,False,True,False
7,raw_pareto,Raw Pareto Assignment,112,"[0.1, 0.6, 0.1, 0.2]",True,stage1_pref_005_ckpt_191,"[-136.85000610351562, -22.62291717529297, -28.82916831970215, 0.0]",-30.14166831970215,False,True,False
7,raw_pareto,Raw Pareto Assignment,113,"[0.1, 0.6, 0.2, 0.1]",True,stage1_pref_005_ckpt_191,"[-136.85000610351562, -22.62291717529297, -28.82916831970215, 0.0]",-33.02458572387695,False,True,False
7,raw_pareto,Raw Pareto Assignment,114,"[0.1, 0.6, 0.3, 0.0]",True,stage1_pref_005_ckpt_191,"[-136.85000610351562, -22.62291717529297, -28.82916831970215, 0.0]",-35.907501220703125,False,True,False
7,raw_pareto,Raw Pareto Assignment,115,"[0.1, 0.7, 0.0, 0.2]",True,stage1_pref_005_ckpt_191,"[-136.85000610351562, -22.62291717529297, -28.82916831970215, 0.0]",-29.521041870117188,False,True,False
7,raw_pareto,Raw Pareto Assignment,116,"[0.1, 0.7, 0.1, 0.1]",True,stage1_pref_005_ckpt_191,"[-136.85000610351562, -22.62291717529297, -28.82916831970215, 0.0]",-32.40395736694336,False,True,False
7,raw_pareto,Raw Pareto Assignment,117,"[0.1, 0.7, 0.2, 0.0]",True,stage1_pref_005_ckpt_191,"[-136.85000610351562, -22.62291717529297, -28.82916831970215, 0.0]",-35.2868766784668,False,True,False
7,raw_pareto,Raw Pareto Assignment,118,"[0.1, 0.8, 0.0, 0.1]",True,stage1_pref_005_ckpt_191,"[-136.85000610351562, -22.62291717529297, -28.82916831970215, 0.0]",-31.78333282470703,False,True,False
7,raw_pareto,Raw Pareto Assignment,119,"[0.1, 0.8, 0.1, 0.0]",True,stage1_pref_005_ckpt_191,"[-136.85000610351562, -22.62291717529297, -28.82916831970215, 0.0]",-34.6662483215332,False,True,False
7,raw_pareto,Raw Pareto Assignment,120,"[0.1, 0.9, 0.0, 0.0]",True,stage1_pref_005_ckpt_191,"[-136.85000610351562, -22.62291717529297, -28.82916831970215, 0.0]",-34.045623779296875,False,True,False
7,raw_pareto,Raw Pareto Assignment,121,"[0.2, 0.0, 0.0, 0.8]",True,stage1_pref_005_ckpt_191,"[-136.85000610351562, -22.62291717529297, -28.82916831970215, 0.0]",-27.3700008392334,False,True,False
7,raw_pareto,Raw Pareto Assignment,122,"[0.2, 0.0, 0.1, 0.7]",True,stage1_pref_005_ckpt_191,"[-136.85000610351562, -22.62291717529297, -28.82916831970215, 0.0]",-30.252918243408203,False,True,False
7,raw_pareto,Raw Pareto Assignment,123,"[0.2, 0.0, 0.2, 0.6]",True,stage1_pref_005_ckpt_191,"[-136.85000610351562, -22.62291717529297, -28.82916831970215, 0.0]",-33.135833740234375,False,True,False
7,raw_pareto,Raw Pareto Assignment,124,"[0.2, 0.0, 0.3, 0.5]",True,stage1_pref_005_ckpt_191,"[-136.85000610351562, -22.62291717529297, -28.82916831970215, 0.0]",-36.01875305175781,False,True,False
7,raw_pareto,Raw Pareto Assignment,125,"[0.2, 0.0, 0.4, 0.4]",True,stage1_pref_005_ckpt_191,"[-136.85000610351562, -22.62291717529297, -28.82916831970215, 0.0]",-38.901668548583984,False,True,False
7,raw_pareto,Raw Pareto Assignment,126,"[0.2, 0.0, 0.5, 0.3]",True,stage1_pref_005_ckpt_191,"[-136.85000610351562, -22.62291717529297, -28.82916831970215, 0.0]",-41.784584045410156,False,True,False
7,raw_pareto,Raw Pareto Assignment,127,"[0.2, 0.0, 0.6, 0.2]",True,stage1_pref_005_ckpt_191,"[-136.85000610351562, -22.62291717529297, -28.82916831970215, 0.0]",-44.667503356933594,False,True,False
7,raw_pareto,Raw Pareto Assignment,128,"[0.2, 0.0, 0.7, 0.1]",True,stage1_pref_005_ckpt_191,"[-136.85000610351562, -22.62291717529297, -28.82916831970215, 0.0]",-47.550418853759766,False,True,False
7,raw_pareto,Raw Pareto Assignment,129,"[0.2, 0.0, 0.8, 0.0]",True,stage1_pref_005_ckpt_191,"[-136.85000610351562, -22.62291717529297, -28.82916831970215, 0.0]",-50.43333435058594,False,True,False
7,raw_pareto,Raw Pareto Assignment,130,"[0.2, 0.1, 0.0, 0.7]",True,stage1_pref_005_ckpt_191,"[-136.85000610351562, -22.62291717529297, -28.82916831970215, 0.0]",-29.632291793823242,False,True,False
7,raw_pareto,Raw Pareto Assignment,131,"[0.2, 0.1, 0.1, 0.6]",True,stage1_pref_005_ckpt_191,"[-136.85000610351562, -22.62291717529297, -28.82916831970215, 0.0]",-32.51520919799805,False,True,False
7,raw_pareto,Raw Pareto Assignment,132,"[0.2, 0.1, 0.2, 0.5]",True,stage1_pref_005_ckpt_191,"[-136.85000610351562, -22.62291717529297, -28.82916831970215, 0.0]",-35.39812469482422,False,True,False
7,raw_pareto,Raw Pareto Assignment,133,"[0.2, 0.1, 0.3, 0.4]",True,stage1_pref_005_ckpt_191,"[-136.85000610351562, -22.62291717529297, -28.82916831970215, 0.0]",-38.281044006347656,False,True,False
7,raw_pareto,Raw Pareto Assignment,134,"[0.2, 0.1, 0.4, 0.3]",True,stage1_pref_005_ckpt_191,"[-136.85000610351562, -22.62291717529297, -28.82916831970215, 0.0]",-41.16395950317383,False,True,False
7,raw_pareto,Raw Pareto Assignment,135,"[0.2, 0.1, 0.5, 0.2]",True,stage1_pref_005_ckpt_191,"[-136.85000610351562, -22.62291717529297, -28.82916831970215, 0.0]",-44.046875,False,True,False
7,raw_pareto,Raw Pareto Assignment,136,"[0.2, 0.1, 0.6, 0.1]",True,stage1_pref_005_ckpt_191,"[-136.85000610351562, -22.62291717529297, -28.82916831970215, 0.0]",-46.92979431152344,False,True,False
7,raw_pareto,Raw Pareto Assignment,137,"[0.2, 0.1, 0.7, 0.0]",True,stage1_pref_005_ckpt_191,"[-136.85000610351562, -22.62291717529297, -28.82916831970215, 0.0]",-49.81270980834961,False,True,False
7,raw_pareto,Raw Pareto Assignment,138,"[0.2, 0.2, 0.0, 0.6]",True,stage1_pref_005_ckpt_191,"[-136.85000610351562, -22.62291717529297, -28.82916831970215, 0.0]",-31.89458465576172,False,True,False
7,raw_pareto,Raw Pareto Assignment,139,"[0.2, 0.2, 0.1, 0.5]",True,stage1_pref_005_ckpt_191,"[-136.85000610351562, -22.62291717529297, -28.82916831970215, 0.0]",-34.77750015258789,False,True,False
7,raw_pareto,Raw Pareto Assignment,140,"[0.2, 0.2, 0.2, 0.4]",True,stage1_pref_005_ckpt_191,"[-136.85000610351562, -22.62291717529297, -28.82916831970215, 0.0]",-37.66041946411133,False,True,False
7,raw_pareto,Raw Pareto Assignment,141,"[0.2, 0.2, 0.3, 0.3]",True,stage1_pref_005_ckpt_191,"[-136.85000610351562, -22.62291717529297, -28.82916831970215, 0.0]",-40.5433349609375,False,True,False
7,raw_pareto,Raw Pareto Assignment,142,"[0.2, 0.2, 0.4, 0.2]",True,stage1_pref_005_ckpt_191,"[-136.85000610351562, -22.62291717529297, -28.82916831970215, 0.0]",-43.42625427246094,False,True,False
7,raw_pareto,Raw Pareto Assignment,143,"[0.2, 0.2, 0.5, 0.1]",True,stage1_pref_005_ckpt_191,"[-136.85000610351562, -22.62291717529297, -28.82916831970215, 0.0]",-46.30916976928711,False,True,False
7,raw_pareto,Raw Pareto Assignment,144,"[0.2, 0.2, 0.6, 0.0]",True,stage1_pref_005_ckpt_191,"[-136.85000610351562, -22.62291717529297, -28.82916831970215, 0.0]",-49.19208526611328,False,True,False
7,raw_pareto,Raw Pareto Assignment,145,"[0.2, 0.3, 0.0, 0.5]",True,stage1_pref_005_ckpt_191,"[-136.85000610351562, -22.62291717529297, -28.82916831970215, 0.0]",-34.15687561035156,False,True,False
7,raw_pareto,Raw Pareto Assignment,146,"[0.2, 0.3, 0.1, 0.4]",True,stage1_pref_005_ckpt_191,"[-136.85000610351562, -22.62291717529297, -28.82916831970215, 0.0]",-37.039791107177734,False,True,False
7,raw_pareto,Raw Pareto Assignment,147,"[0.2, 0.3, 0.2, 0.3]",True,stage1_pref_005_ckpt_191,"[-136.85000610351562, -22.62291717529297, -28.82916831970215, 0.0]",-39.92271041870117,False,True,False
7,raw_pareto,Raw Pareto Assignment,148,"[0.2, 0.3, 0.3, 0.2]",True,stage1_pref_005_ckpt_191,"[-136.85000610351562, -22.62291717529297, -28.82916831970215, 0.0]",-42.805625915527344,False,True,False
7,raw_pareto,Raw Pareto Assignment,149,"[0.2, 0.3, 0.4, 0.1]",True,stage1_pref_005_ckpt_191,"[-136.85000610351562, -22.62291717529297, -28.82916831970215, 0.0]",-45.68854522705078,False,True,False
7,raw_pareto,Raw Pareto Assignment,150,"[0.2, 0.3, 0.5, 0.0]",True,stage1_pref_005_ckpt_191,"[-136.85000610351562, -22.62291717529297, -28.82916831970215, 0.0]",-48.57146072387695,False,True,False
7,raw_pareto,Raw Pareto Assignment,151,"[0.2, 0.4, 0.0, 0.4]",True,stage1_pref_005_ckpt_191,"[-136.85000610351562, -22.62291717529297, -28.82916831970215, 0.0]",-36.419166564941406,False,True,False
7,raw_pareto,Raw Pareto Assignment,152,"[0.2, 0.4, 0.1, 0.3]",True,stage1_pref_005_ckpt_191,"[-136.85000610351562, -22.62291717529297, -28.82916831970215, 0.0]",-39.30208206176758,False,True,False
7,raw_pareto,Raw Pareto Assignment,153,"[0.2, 0.4, 0.2, 0.2]",True,stage1_pref_005_ckpt_191,"[-136.85000610351562, -22.62291717529297, -28.82916831970215, 0.0]",-42.185001373291016,False,True,False
7,raw_pareto,Raw Pareto Assignment,154,"[0.2, 0.4, 0.3, 0.1]",True,stage1_pref_005_ckpt_191,"[-136.85000610351562, -22.62291717529297, -28.82916831970215, 0.0]",-45.06791687011719,False,True,False
7,raw_pareto,Raw Pareto Assignment,155,"[0.2, 0.4, 0.4, 0.0]",True,stage1_pref_005_ckpt_191,"[-136.85000610351562, -22.62291717529297, -28.82916831970215, 0.0]",-47.950836181640625,False,True,False
7,raw_pareto,Raw Pareto Assignment,156,"[0.2, 0.5, 0.0, 0.3]",True,stage1_pref_005_ckpt_191,"[-136.85000610351562, -22.62291717529297, -28.82916831970215, 0.0]",-38.68145751953125,False,True,False
7,raw_pareto,Raw Pareto Assignment,157,"[0.2, 0.5, 0.1, 0.2]",True,stage1_pref_005_ckpt_191,"[-136.85000610351562, -22.62291717529297, -28.82916831970215, 0.0]",-41.56437301635742,False,True,False
7,raw_pareto,Raw Pareto Assignment,158,"[0.2, 0.5, 0.2, 0.1]",True,stage1_pref_005_ckpt_191,"[-136.85000610351562, -22.62291717529297, -28.82916831970215, 0.0]",-44.44729232788086,False,True,False
7,raw_pareto,Raw Pareto Assignment,159,"[0.2, 0.5, 0.3, 0.0]",True,stage1_pref_005_ckpt_191,"[-136.85000610351562, -22.62291717529297, -28.82916831970215, 0.0]",-47.33020782470703,False,True,False
7,raw_pareto,Raw Pareto Assignment,160,"[0.2, 0.6, 0.0, 0.2]",True,stage1_pref_005_ckpt_191,"[-136.85000610351562, -22.62291717529297, -28.82916831970215, 0.0]",-40.94375228881836,False,True,False
7,raw_pareto,Raw Pareto Assignment,161,"[0.2, 0.6, 0.1, 0.1]",True,stage1_pref_005_ckpt_191,"[-136.85000610351562, -22.62291717529297, -28.82916831970215, 0.0]",-43.82666778564453,False,True,False
7,raw_pareto,Raw Pareto Assignment,162,"[0.2, 0.6, 0.2, 0.0]",True,stage1_pref_005_ckpt_191,"[-136.85000610351562, -22.62291717529297, -28.82916831970215, 0.0]",-46.70958709716797,False,True,False
7,raw_pareto,Raw Pareto Assignment,163,"[0.2, 0.7, 0.0, 0.1]",True,stage1_pref_005_ckpt_191,"[-136.85000610351562, -22.62291717529297, -28.82916831970215, 0.0]",-43.2060432434082,False,True,False
7,raw_pareto,Raw Pareto Assignment,164,"[0.2, 0.7, 0.1, 0.0]",True,stage1_pref_005_ckpt_191,"[-136.85000610351562, -22.62291717529297, -28.82916831970215, 0.0]",-46.088958740234375,False,True,False
7,raw_pareto,Raw Pareto Assignment,165,"[0.2, 0.8, 0.0, 0.0]",True,stage1_pref_005_ckpt_191,"[-136.85000610351562, -22.62291717529297, -28.82916831970215, 0.0]",-45.46833419799805,False,True,False
7,raw_pareto,Raw Pareto Assignment,166,"[0.3, 0.0, 0.0, 0.7]",True,stage1_pref_005_ckpt_191,"[-136.85000610351562, -22.62291717529297, -28.82916831970215, 0.0]",-41.05500411987305,False,True,False
7,raw_pareto,Raw Pareto Assignment,167,"[0.3, 0.0, 0.1, 0.6]",True,stage1_pref_005_ckpt_191,"[-136.85000610351562, -22.62291717529297, -28.82916831970215, 0.0]",-43.93791961669922,False,True,False
7,raw_pareto,Raw Pareto Assignment,168,"[0.3, 0.0, 0.2, 0.5]",True,stage1_pref_005_ckpt_191,"[-136.85000610351562, -22.62291717529297, -28.82916831970215, 0.0]",-46.820838928222656,False,True,False
7,raw_pareto,Raw Pareto Assignment,169,"[0.3, 0.0, 0.3, 0.4]",True,stage1_pref_005_ckpt_191,"[-136.85000610351562, -22.62291717529297, -28.82916831970215, 0.0]",-49.70375442504883,False,True,False
7,raw_pareto,Raw Pareto Assignment,170,"[0.3, 0.0, 0.4, 0.3]",True,stage1_pref_005_ckpt_191,"[-136.85000610351562, -22.62291717529297, -28.82916831970215, 0.0]",-52.586669921875,False,True,False
7,raw_pareto,Raw Pareto Assignment,171,"[0.3, 0.0, 0.5, 0.2]",True,stage1_pref_005_ckpt_191,"[-136.85000610351562, -22.62291717529297, -28.82916831970215, 0.0]",-55.46958923339844,False,True,False
7,raw_pareto,Raw Pareto Assignment,172,"[0.3, 0.0, 0.6, 0.1]",True,stage1_pref_005_ckpt_191,"[-136.85000610351562, -22.62291717529297, -28.82916831970215, 0.0]",-58.352508544921875,False,True,False
7,raw_pareto,Raw Pareto Assignment,173,"[0.3, 0.0, 0.7, 0.0]",True,stage1_pref_005_ckpt_191,"[-136.85000610351562, -22.62291717529297, -28.82916831970215, 0.0]",-61.23542022705078,False,True,False
7,raw_pareto,Raw Pareto Assignment,174,"[0.3, 0.1, 0.0, 0.6]",True,stage1_pref_005_ckpt_191,"[-136.85000610351562, -22.62291717529297, -28.82916831970215, 0.0]",-43.31729507446289,False,True,False
7,raw_pareto,Raw Pareto Assignment,175,"[0.3, 0.1, 0.1, 0.5]",True,stage1_pref_005_ckpt_191,"[-136.85000610351562, -22.62291717529297, -28.82916831970215, 0.0]",-46.20021057128906,False,True,False
7,raw_pareto,Raw Pareto Assignment,176,"[0.3, 0.1, 0.2, 0.4]",True,stage1_pref_005_ckpt_191,"[-136.85000610351562, -22.62291717529297, -28.82916831970215, 0.0]",-49.0831298828125,False,True,False
7,raw_pareto,Raw Pareto Assignment,177,"[0.3, 0.1, 0.3, 0.3]",True,stage1_pref_005_ckpt_191,"[-136.85000610351562, -22.62291717529297, -28.82916831970215, 0.0]",-51.96604537963867,False,True,False
7,raw_pareto,Raw Pareto Assignment,178,"[0.3, 0.1, 0.4, 0.2]",True,stage1_pref_005_ckpt_191,"[-136.85000610351562, -22.62291717529297, -28.82916831970215, 0.0]",-54.848960876464844,False,True,False
7,raw_pareto,Raw Pareto Assignment,179,"[0.3, 0.1, 0.5, 0.1]",True,stage1_pref_005_ckpt_191,"[-136.85000610351562, -22.62291717529297, -28.82916831970215, 0.0]",-57.73188018798828,False,True,False
7,raw_pareto,Raw Pareto Assignment,180,"[0.3, 0.1, 0.6, 0.0]",True,stage1_pref_005_ckpt_191,"[-136.85000610351562, -22.62291717529297, -28.82916831970215, 0.0]",-60.61479949951172,False,True,False
7,raw_pareto,Raw Pareto Assignment,181,"[0.3, 0.2, 0.0, 0.5]",True,stage1_pref_005_ckpt_191,"[-136.85000610351562, -22.62291717529297, -28.82916831970215, 0.0]",-45.579586029052734,False,True,False
7,raw_pareto,Raw Pareto Assignment,182,"[0.3, 0.2, 0.1, 0.4]",True,stage1_pref_005_ckpt_191,"[-136.85000610351562, -22.62291717529297, -28.82916831970215, 0.0]",-48.462501525878906,False,True,False
7,raw_pareto,Raw Pareto Assignment,183,"[0.3, 0.2, 0.2, 0.3]",True,stage1_pref_005_ckpt_191,"[-136.85000610351562, -22.62291717529297, -28.82916831970215, 0.0]",-51.345420837402344,False,True,False
7,raw_pareto,Raw Pareto Assignment,184,"[0.3, 0.2, 0.3, 0.2]",True,stage1_pref_005_ckpt_191,"[-136.85000610351562, -22.62291717529297, -28.82916831970215, 0.0]",-54.228336334228516,False,True,False
7,raw_pareto,Raw Pareto Assignment,185,"[0.3, 0.2, 0.4, 0.1]",True,stage1_pref_005_ckpt_191,"[-136.85000610351562, -22.62291717529297, -28.82916831970215, 0.0]",-57.11125183105469,False,True,False
7,raw_pareto,Raw Pareto Assignment,186,"[0.3, 0.2, 0.5, 0.0]",True,stage1_pref_005_ckpt_191,"[-136.85000610351562, -22.62291717529297, -28.82916831970215, 0.0]",-59.994171142578125,False,True,False
7,raw_pareto,Raw Pareto Assignment,187,"[0.3, 0.3, 0.0, 0.4]",True,stage1_pref_005_ckpt_191,"[-136.85000610351562, -22.62291717529297, -28.82916831970215, 0.0]",-47.841880798339844,False,True,False
7,raw_pareto,Raw Pareto Assignment,188,"[0.3, 0.3, 0.1, 0.3]",True,stage1_pref_005_ckpt_191,"[-136.85000610351562, -22.62291717529297, -28.82916831970215, 0.0]",-50.724796295166016,False,True,False
7,raw_pareto,Raw Pareto Assignment,189,"[0.3, 0.3, 0.2, 0.2]",True,stage1_pref_005_ckpt_191,"[-136.85000610351562, -22.62291717529297, -28.82916831970215, 0.0]",-53.60771560668945,False,True,False
7,raw_pareto,Raw Pareto Assignment,190,"[0.3, 0.3, 0.3, 0.1]",True,stage1_pref_005_ckpt_191,"[-136.85000610351562, -22.62291717529297, -28.82916831970215, 0.0]",-56.490631103515625,False,True,False
7,raw_pareto,Raw Pareto Assignment,191,"[0.3, 0.3, 0.4, 0.0]",True,stage1_pref_005_ckpt_191,"[-136.85000610351562, -22.62291717529297, -28.82916831970215, 0.0]",-59.37355041503906,False,True,False
7,raw_pareto,Raw Pareto Assignment,192,"[0.3, 0.4, 0.0, 0.3]",True,stage1_pref_005_ckpt_191,"[-136.85000610351562, -22.62291717529297, -28.82916831970215, 0.0]",-50.10417175292969,False,True,False
7,raw_pareto,Raw Pareto Assignment,193,"[0.3, 0.4, 0.1, 0.2]",True,stage1_pref_005_ckpt_191,"[-136.85000610351562, -22.62291717529297, -28.82916831970215, 0.0]",-52.98708724975586,False,True,False
7,raw_pareto,Raw Pareto Assignment,194,"[0.3, 0.4, 0.2, 0.1]",True,stage1_pref_005_ckpt_191,"[-136.85000610351562, -22.62291717529297, -28.82916831970215, 0.0]",-55.8700065612793,False,True,False
7,raw_pareto,Raw Pareto Assignment,195,"[0.3, 0.4, 0.3, 0.0]",True,stage1_pref_005_ckpt_191,"[-136.85000610351562, -22.62291717529297, -28.82916831970215, 0.0]",-58.75292205810547,False,True,False
7,raw_pareto,Raw Pareto Assignment,196,"[0.3, 0.5, 0.0, 0.2]",True,stage1_pref_005_ckpt_191,"[-136.85000610351562, -22.62291717529297, -28.82916831970215, 0.0]",-52.36646270751953,False,True,False
7,raw_pareto,Raw Pareto Assignment,197,"[0.3, 0.5, 0.1, 0.1]",True,stage1_pref_005_ckpt_191,"[-136.85000610351562, -22.62291717529297, -28.82916831970215, 0.0]",-55.2493782043457,False,True,False
7,raw_pareto,Raw Pareto Assignment,198,"[0.3, 0.5, 0.2, 0.0]",True,stage1_pref_005_ckpt_191,"[-136.85000610351562, -22.62291717529297, -28.82916831970215, 0.0]",-58.13229751586914,False,True,False
7,raw_pareto,Raw Pareto Assignment,199,"[0.3, 0.6, 0.0, 0.1]",True,stage1_pref_005_ckpt_191,"[-136.85000610351562, -22.62291717529297, -28.82916831970215, 0.0]",-54.628753662109375,False,True,False
7,raw_pareto,Raw Pareto Assignment,200,"[0.3, 0.6, 0.1, 0.0]",True,stage1_pref_005_ckpt_191,"[-136.85000610351562, -22.62291717529297, -28.82916831970215, 0.0]",-57.51166915893555,False,True,False
7,raw_pareto,Raw Pareto Assignment,201,"[0.3, 0.7, 0.0, 0.0]",True,stage1_pref_005_ckpt_191,"[-136.85000610351562, -22.62291717529297, -28.82916831970215, 0.0]",-56.89104461669922,False,True,False
7,raw_pareto,Raw Pareto Assignment,202,"[0.4, 0.0, 0.0, 0.6]",True,stage1_pref_005_ckpt_191,"[-136.85000610351562, -22.62291717529297, -28.82916831970215, 0.0]",-54.7400016784668,False,True,False
7,raw_pareto,Raw Pareto Assignment,203,"[0.4, 0.0, 0.1, 0.5]",True,stage1_pref_005_ckpt_191,"[-136.85000610351562, -22.62291717529297, -28.82916831970215, 0.0]",-57.62291717529297,False,True,False
7,raw_pareto,Raw Pareto Assignment,204,"[0.4, 0.0, 0.2, 0.4]",True,stage1_pref_005_ckpt_191,"[-136.85000610351562, -22.62291717529297, -28.82916831970215, 0.0]",-60.505836486816406,False,True,False
7,raw_pareto,Raw Pareto Assignment,205,"[0.4, 0.0, 0.3, 0.3]",True,stage1_pref_005_ckpt_191,"[-136.85000610351562, -22.62291717529297, -28.82916831970215, 0.0]",-63.38875198364258,False,True,False
7,raw_pareto,Raw Pareto Assignment,206,"[0.4, 0.0, 0.4, 0.2]",True,stage1_pref_005_ckpt_191,"[-136.85000610351562, -22.62291717529297, -28.82916831970215, 0.0]",-66.27166748046875,False,True,False
7,raw_pareto,Raw Pareto Assignment,207,"[0.4, 0.0, 0.5, 0.1]",True,stage1_pref_005_ckpt_191,"[-136.85000610351562, -22.62291717529297, -28.82916831970215, 0.0]",-69.15458679199219,False,True,False
7,raw_pareto,Raw Pareto Assignment,208,"[0.4, 0.0, 0.6, 0.0]",True,stage1_pref_005_ckpt_191,"[-136.85000610351562, -22.62291717529297, -28.82916831970215, 0.0]",-72.03750610351562,False,True,False
7,raw_pareto,Raw Pareto Assignment,209,"[0.4, 0.1, 0.0, 0.5]",True,stage1_pref_005_ckpt_191,"[-136.85000610351562, -22.62291717529297, -28.82916831970215, 0.0]",-57.00229263305664,False,True,False
7,raw_pareto,Raw Pareto Assignment,210,"[0.4, 0.1, 0.1, 0.4]",True,stage1_pref_005_ckpt_191,"[-136.85000610351562, -22.62291717529297, -28.82916831970215, 0.0]",-59.88520812988281,False,True,False
7,raw_pareto,Raw Pareto Assignment,211,"[0.4, 0.1, 0.2, 0.3]",True,stage1_pref_005_ckpt_191,"[-136.85000610351562, -22.62291717529297, -28.82916831970215, 0.0]",-62.76812744140625,False,True,False
7,raw_pareto,Raw Pareto Assignment,212,"[0.4, 0.1, 0.3, 0.2]",True,stage1_pref_005_ckpt_191,"[-136.85000610351562, -22.62291717529297, -28.82916831970215, 0.0]",-65.65104675292969,False,True,False
7,raw_pareto,Raw Pareto Assignment,213,"[0.4, 0.1, 0.4, 0.1]",True,stage1_pref_005_ckpt_191,"[-136.85000610351562, -22.62291717529297, -28.82916831970215, 0.0]",-68.5339584350586,False,True,False
7,raw_pareto,Raw Pareto Assignment,214,"[0.4, 0.1, 0.5, 0.0]",True,stage1_pref_005_ckpt_191,"[-136.85000610351562, -22.62291717529297, -28.82916831970215, 0.0]",-71.41687774658203,False,True,False
7,raw_pareto,Raw Pareto Assignment,215,"[0.4, 0.2, 0.0, 0.4]",True,stage1_pref_005_ckpt_191,"[-136.85000610351562, -22.62291717529297, -28.82916831970215, 0.0]",-59.264583587646484,False,True,False
7,raw_pareto,Raw Pareto Assignment,216,"[0.4, 0.2, 0.1, 0.3]",True,stage1_pref_005_ckpt_191,"[-136.85000610351562, -22.62291717529297, -28.82916831970215, 0.0]",-62.147499084472656,False,True,False
7,raw_pareto,Raw Pareto Assignment,217,"[0.4, 0.2, 0.2, 0.2]",True,stage1_pref_005_ckpt_191,"[-136.85000610351562, -22.62291717529297, -28.82916831970215, 0.0]",-65.0304183959961,False,True,False
7,raw_pareto,Raw Pareto Assignment,218,"[0.4, 0.2, 0.3, 0.1]",True,stage1_pref_005_ckpt_191,"[-136.85000610351562, -22.62291717529297, -28.82916831970215, 0.0]",-67.91333770751953,False,True,False
7,raw_pareto,Raw Pareto Assignment,219,"[0.4, 0.2, 0.4, 0.0]",True,stage1_pref_005_ckpt_191,"[-136.85000610351562, -22.62291717529297, -28.82916831970215, 0.0]",-70.79624938964844,False,True,False
7,raw_pareto,Raw Pareto Assignment,220,"[0.4, 0.3, 0.0, 0.3]",True,stage1_pref_005_ckpt_191,"[-136.85000610351562, -22.62291717529297, -28.82916831970215, 0.0]",-61.526878356933594,False,True,False
7,raw_pareto,Raw Pareto Assignment,221,"[0.4, 0.3, 0.1, 0.2]",True,stage1_pref_005_ckpt_191,"[-136.85000610351562, -22.62291717529297, -28.82916831970215, 0.0]",-64.40979766845703,False,True,False
7,raw_pareto,Raw Pareto Assignment,222,"[0.4, 0.3, 0.2, 0.1]",True,stage1_pref_005_ckpt_191,"[-136.85000610351562, -22.62291717529297, -28.82916831970215, 0.0]",-67.29270935058594,False,True,False
7,raw_pareto,Raw Pareto Assignment,223,"[0.4, 0.3, 0.3, 0.0]",True,stage1_pref_005_ckpt_191,"[-136.85000610351562, -22.62291717529297, -28.82916831970215, 0.0]",-70.17562866210938,False,True,False
7,raw_pareto,Raw Pareto Assignment,224,"[0.4, 0.4, 0.0, 0.2]",True,stage1_pref_005_ckpt_191,"[-136.85000610351562, -22.62291717529297, -28.82916831970215, 0.0]",-63.78916931152344,False,True,False
7,raw_pareto,Raw Pareto Assignment,225,"[0.4, 0.4, 0.1, 0.1]",True,stage1_pref_005_ckpt_191,"[-136.85000610351562, -22.62291717529297, -28.82916831970215, 0.0]",-66.67208862304688,False,True,False
7,raw_pareto,Raw Pareto Assignment,226,"[0.4, 0.4, 0.2, 0.0]",True,stage1_pref_005_ckpt_191,"[-136.85000610351562, -22.62291717529297, -28.82916831970215, 0.0]",-69.55500030517578,False,True,False
7,raw_pareto,Raw Pareto Assignment,227,"[0.4, 0.5, 0.0, 0.1]",True,stage1_pref_005_ckpt_191,"[-136.85000610351562, -22.62291717529297, -28.82916831970215, 0.0]",-66.05146026611328,False,True,False
7,raw_pareto,Raw Pareto Assignment,228,"[0.4, 0.5, 0.1, 0.0]",True,stage1_pref_005_ckpt_191,"[-136.85000610351562, -22.62291717529297, -28.82916831970215, 0.0]",-68.93437957763672,False,True,False
7,raw_pareto,Raw Pareto Assignment,229,"[0.4, 0.6, 0.0, 0.0]",True,stage1_pref_005_ckpt_191,"[-136.85000610351562, -22.62291717529297, -28.82916831970215, 0.0]",-68.31375122070312,False,True,False
7,raw_pareto,Raw Pareto Assignment,230,"[0.5, 0.0, 0.0, 0.5]",True,stage1_pref_005_ckpt_191,"[-136.85000610351562, -22.62291717529297, -28.82916831970215, 0.0]",-68.42500305175781,False,True,False
7,raw_pareto,Raw Pareto Assignment,231,"[0.5, 0.0, 0.1, 0.4]",True,stage1_pref_005_ckpt_191,"[-136.85000610351562, -22.62291717529297, -28.82916831970215, 0.0]",-71.30792236328125,False,True,False
7,raw_pareto,Raw Pareto Assignment,232,"[0.5, 0.0, 0.2, 0.3]",True,stage1_pref_005_ckpt_191,"[-136.85000610351562, -22.62291717529297, -28.82916831970215, 0.0]",-74.19083404541016,False,True,False
7,raw_pareto,Raw Pareto Assignment,233,"[0.5, 0.0, 0.3, 0.2]",True,stage1_pref_005_ckpt_191,"[-136.85000610351562, -22.62291717529297, -28.82916831970215, 0.0]",-77.0737533569336,False,True,False
7,raw_pareto,Raw Pareto Assignment,234,"[0.5, 0.0, 0.4, 0.1]",True,stage1_pref_005_ckpt_191,"[-136.85000610351562, -22.62291717529297, -28.82916831970215, 0.0]",-79.95667266845703,False,True,False
7,raw_pareto,Raw Pareto Assignment,235,"[0.5, 0.0, 0.5, 0.0]",True,stage1_pref_005_ckpt_191,"[-136.85000610351562, -22.62291717529297, -28.82916831970215, 0.0]",-82.83958435058594,False,True,False
7,raw_pareto,Raw Pareto Assignment,236,"[0.5, 0.1, 0.0, 0.4]",True,stage1_pref_005_ckpt_191,"[-136.85000610351562, -22.62291717529297, -28.82916831970215, 0.0]",-70.68729400634766,False,True,False
7,raw_pareto,Raw Pareto Assignment,237,"[0.5, 0.1, 0.1, 0.3]",True,stage1_pref_005_ckpt_191,"[-136.85000610351562, -22.62291717529297, -28.82916831970215, 0.0]",-73.5702133178711,False,True,False
7,raw_pareto,Raw Pareto Assignment,238,"[0.5, 0.1, 0.2, 0.2]",True,stage1_pref_005_ckpt_191,"[-136.85000610351562, -22.62291717529297, -28.82916831970215, 0.0]",-76.453125,False,True,False
7,raw_pareto,Raw Pareto Assignment,239,"[0.5, 0.1, 0.3, 0.1]",True,stage1_pref_005_ckpt_191,"[-136.85000610351562, -22.62291717529297, -28.82916831970215, 0.0]",-79.33604431152344,False,True,False
7,raw_pareto,Raw Pareto Assignment,240,"[0.5, 0.1, 0.4, 0.0]",True,stage1_pref_005_ckpt_191,"[-136.85000610351562, -22.62291717529297, -28.82916831970215, 0.0]",-82.21896362304688,False,True,False
7,raw_pareto,Raw Pareto Assignment,241,"[0.5, 0.2, 0.0, 0.3]",True,stage1_pref_005_ckpt_191,"[-136.85000610351562, -22.62291717529297, -28.82916831970215, 0.0]",-72.9495849609375,False,True,False
7,raw_pareto,Raw Pareto Assignment,242,"[0.5, 0.2, 0.1, 0.2]",True,stage1_pref_005_ckpt_191,"[-136.85000610351562, -22.62291717529297, -28.82916831970215, 0.0]",-75.83250427246094,False,True,False
7,raw_pareto,Raw Pareto Assignment,243,"[0.5, 0.2, 0.2, 0.1]",True,stage1_pref_005_ckpt_191,"[-136.85000610351562, -22.62291717529297, -28.82916831970215, 0.0]",-78.71541595458984,False,True,False
7,raw_pareto,Raw Pareto Assignment,244,"[0.5, 0.2, 0.3, 0.0]",True,stage1_pref_005_ckpt_191,"[-136.85000610351562, -22.62291717529297, -28.82916831970215, 0.0]",-81.59833526611328,False,True,False
7,raw_pareto,Raw Pareto Assignment,245,"[0.5, 0.3, 0.0, 0.2]",True,stage1_pref_005_ckpt_191,"[-136.85000610351562, -22.62291717529297, -28.82916831970215, 0.0]",-75.21187591552734,False,True,False
7,raw_pareto,Raw Pareto Assignment,246,"[0.5, 0.3, 0.1, 0.1]",True,stage1_pref_005_ckpt_191,"[-136.85000610351562, -22.62291717529297, -28.82916831970215, 0.0]",-78.09479522705078,False,True,False
7,raw_pareto,Raw Pareto Assignment,247,"[0.5, 0.3, 0.2, 0.0]",True,stage1_pref_005_ckpt_191,"[-136.85000610351562, -22.62291717529297, -28.82916831970215, 0.0]",-80.97770690917969,False,True,False
7,raw_pareto,Raw Pareto Assignment,248,"[0.5, 0.4, 0.0, 0.1]",True,stage1_pref_005_ckpt_191,"[-136.85000610351562, -22.62291717529297, -28.82916831970215, 0.0]",-77.47416687011719,False,True,False
7,raw_pareto,Raw Pareto Assignment,249,"[0.5, 0.4, 0.1, 0.0]",True,stage1_pref_005_ckpt_191,"[-136.85000610351562, -22.62291717529297, -28.82916831970215, 0.0]",-80.35708618164062,False,True,False
7,raw_pareto,Raw Pareto Assignment,250,"[0.5, 0.5, 0.0, 0.0]",True,stage1_pref_005_ckpt_191,"[-136.85000610351562, -22.62291717529297, -28.82916831970215, 0.0]",-79.73646545410156,False,True,False
7,raw_pareto,Raw Pareto Assignment,251,"[0.6, 0.0, 0.0, 0.4]",True,stage1_pref_005_ckpt_191,"[-136.85000610351562, -22.62291717529297, -28.82916831970215, 0.0]",-82.1100082397461,False,True,False
7,raw_pareto,Raw Pareto Assignment,252,"[0.6, 0.0, 0.1, 0.3]",True,stage1_pref_005_ckpt_191,"[-136.85000610351562, -22.62291717529297, -28.82916831970215, 0.0]",-84.99292755126953,False,True,False
7,raw_pareto,Raw Pareto Assignment,253,"[0.6, 0.0, 0.2, 0.2]",True,stage1_pref_005_ckpt_191,"[-136.85000610351562, -22.62291717529297, -28.82916831970215, 0.0]",-87.87583923339844,False,True,False
7,raw_pareto,Raw Pareto Assignment,254,"[0.6, 0.0, 0.3, 0.1]",True,stage1_pref_005_ckpt_191,"[-136.85000610351562, -22.62291717529297, -28.82916831970215, 0.0]",-90.75875854492188,False,True,False
7,raw_pareto,Raw Pareto Assignment,255,"[0.6, 0.0, 0.4, 0.0]",True,stage1_pref_005_ckpt_191,"[-136.85000610351562, -22.62291717529297, -28.82916831970215, 0.0]",-93.64167785644531,False,True,False
7,raw_pareto,Raw Pareto Assignment,256,"[0.6, 0.1, 0.0, 0.3]",True,stage1_pref_005_ckpt_191,"[-136.85000610351562, -22.62291717529297, -28.82916831970215, 0.0]",-84.37229919433594,False,True,False
7,raw_pareto,Raw Pareto Assignment,257,"[0.6, 0.1, 0.1, 0.2]",True,stage1_pref_005_ckpt_191,"[-136.85000610351562, -22.62291717529297, -28.82916831970215, 0.0]",-87.25521850585938,False,True,False
7,raw_pareto,Raw Pareto Assignment,258,"[0.6, 0.1, 0.2, 0.1]",True,stage1_pref_005_ckpt_191,"[-136.85000610351562, -22.62291717529297, -28.82916831970215, 0.0]",-90.13813018798828,False,True,False
7,raw_pareto,Raw Pareto Assignment,259,"[0.6, 0.1, 0.3, 0.0]",True,stage1_pref_005_ckpt_191,"[-136.85000610351562, -22.62291717529297, -28.82916831970215, 0.0]",-93.02104949951172,False,True,False
7,raw_pareto,Raw Pareto Assignment,260,"[0.6, 0.2, 0.0, 0.2]",True,stage1_pref_005_ckpt_191,"[-136.85000610351562, -22.62291717529297, -28.82916831970215, 0.0]",-86.63459014892578,False,True,False
7,raw_pareto,Raw Pareto Assignment,261,"[0.6, 0.2, 0.1, 0.1]",True,stage1_pref_005_ckpt_191,"[-136.85000610351562, -22.62291717529297, -28.82916831970215, 0.0]",-89.51750946044922,False,True,False
7,raw_pareto,Raw Pareto Assignment,262,"[0.6, 0.2, 0.2, 0.0]",True,stage1_pref_005_ckpt_191,"[-136.85000610351562, -22.62291717529297, -28.82916831970215, 0.0]",-92.40042114257812,False,True,False
7,raw_pareto,Raw Pareto Assignment,263,"[0.6, 0.3, 0.0, 0.1]",True,stage1_pref_005_ckpt_191,"[-136.85000610351562, -22.62291717529297, -28.82916831970215, 0.0]",-88.89688110351562,False,True,False
7,raw_pareto,Raw Pareto Assignment,264,"[0.6, 0.3, 0.1, 0.0]",True,stage1_pref_005_ckpt_191,"[-136.85000610351562, -22.62291717529297, -28.82916831970215, 0.0]",-91.77980041503906,False,True,False
7,raw_pareto,Raw Pareto Assignment,265,"[0.6, 0.4, 0.0, 0.0]",True,stage1_pref_005_ckpt_191,"[-136.85000610351562, -22.62291717529297, -28.82916831970215, 0.0]",-91.15917205810547,False,True,False
7,raw_pareto,Raw Pareto Assignment,266,"[0.7, 0.0, 0.0, 0.3]",True,stage1_pref_005_ckpt_191,"[-136.85000610351562, -22.62291717529297, -28.82916831970215, 0.0]",-95.79500579833984,False,True,False
7,raw_pareto,Raw Pareto Assignment,267,"[0.7, 0.0, 0.1, 0.2]",True,stage1_pref_005_ckpt_191,"[-136.85000610351562, -22.62291717529297, -28.82916831970215, 0.0]",-98.67792510986328,False,True,False
7,raw_pareto,Raw Pareto Assignment,268,"[0.7, 0.0, 0.2, 0.1]",True,stage1_pref_005_ckpt_191,"[-136.85000610351562, -22.62291717529297, -28.82916831970215, 0.0]",-101.56083679199219,False,True,False
7,raw_pareto,Raw Pareto Assignment,269,"[0.7, 0.0, 0.3, 0.0]",True,stage1_pref_005_ckpt_191,"[-136.85000610351562, -22.62291717529297, -28.82916831970215, 0.0]",-104.44375610351562,False,True,False
7,raw_pareto,Raw Pareto Assignment,270,"[0.7, 0.1, 0.0, 0.2]",True,stage1_pref_005_ckpt_191,"[-136.85000610351562, -22.62291717529297, -28.82916831970215, 0.0]",-98.05729675292969,False,True,False
7,raw_pareto,Raw Pareto Assignment,271,"[0.7, 0.1, 0.1, 0.1]",True,stage1_pref_005_ckpt_191,"[-136.85000610351562, -22.62291717529297, -28.82916831970215, 0.0]",-100.94021606445312,False,True,False
7,raw_pareto,Raw Pareto Assignment,272,"[0.7, 0.1, 0.2, 0.0]",True,stage1_pref_005_ckpt_191,"[-136.85000610351562, -22.62291717529297, -28.82916831970215, 0.0]",-103.82312774658203,False,True,False
7,raw_pareto,Raw Pareto Assignment,273,"[0.7, 0.2, 0.0, 0.1]",True,stage1_pref_005_ckpt_191,"[-136.85000610351562, -22.62291717529297, -28.82916831970215, 0.0]",-100.31958770751953,False,True,False
7,raw_pareto,Raw Pareto Assignment,274,"[0.7, 0.2, 0.1, 0.0]",True,stage1_pref_005_ckpt_191,"[-136.85000610351562, -22.62291717529297, -28.82916831970215, 0.0]",-103.20250701904297,False,True,False
7,raw_pareto,Raw Pareto Assignment,275,"[0.7, 0.3, 0.0, 0.0]",True,stage1_pref_005_ckpt_191,"[-136.85000610351562, -22.62291717529297, -28.82916831970215, 0.0]",-102.58187866210938,False,True,False
7,raw_pareto,Raw Pareto Assignment,276,"[0.8, 0.0, 0.0, 0.2]",True,stage1_pref_005_ckpt_191,"[-136.85000610351562, -22.62291717529297, -28.82916831970215, 0.0]",-109.4800033569336,False,True,False
7,raw_pareto,Raw Pareto Assignment,277,"[0.8, 0.0, 0.1, 0.1]",True,stage1_pref_005_ckpt_191,"[-136.85000610351562, -22.62291717529297, -28.82916831970215, 0.0]",-112.36292266845703,False,True,False
7,raw_pareto,Raw Pareto Assignment,278,"[0.8, 0.0, 0.2, 0.0]",True,stage1_pref_005_ckpt_191,"[-136.85000610351562, -22.62291717529297, -28.82916831970215, 0.0]",-115.24583435058594,False,True,False
7,raw_pareto,Raw Pareto Assignment,279,"[0.8, 0.1, 0.0, 0.1]",True,stage1_pref_005_ckpt_191,"[-136.85000610351562, -22.62291717529297, -28.82916831970215, 0.0]",-111.74229431152344,False,True,False
7,raw_pareto,Raw Pareto Assignment,280,"[0.8, 0.1, 0.1, 0.0]",True,stage1_pref_005_ckpt_191,"[-136.85000610351562, -22.62291717529297, -28.82916831970215, 0.0]",-114.62521362304688,False,True,False
7,raw_pareto,Raw Pareto Assignment,281,"[0.8, 0.2, 0.0, 0.0]",True,stage1_pref_005_ckpt_191,"[-136.85000610351562, -22.62291717529297, -28.82916831970215, 0.0]",-114.00458526611328,False,True,False
7,raw_pareto,Raw Pareto Assignment,282,"[0.9, 0.0, 0.0, 0.1]",True,stage1_pref_005_ckpt_191,"[-136.85000610351562, -22.62291717529297, -28.82916831970215, 0.0]",-123.16500091552734,False,True,False
7,raw_pareto,Raw Pareto Assignment,283,"[0.9, 0.0, 0.1, 0.0]",True,stage1_pref_005_ckpt_191,"[-136.85000610351562, -22.62291717529297, -28.82916831970215, 0.0]",-126.04792022705078,False,True,False
7,raw_pareto,Raw Pareto Assignment,284,"[0.9, 0.1, 0.0, 0.0]",True,stage1_pref_005_ckpt_191,"[-136.85000610351562, -22.62291717529297, -28.82916831970215, 0.0]",-125.42729187011719,False,True,False
7,raw_pareto,Raw Pareto Assignment,285,"[1.0, 0.0, 0.0, 0.0]",True,stage1_pref_005_ckpt_191,"[-136.85000610351562, -22.62291717529297, -28.82916831970215, 0.0]",-136.85000610351562,False,True,False
7,acceptable_pareto,Acceptable Pareto Assignment,0,"[0.0, 0.0, 0.0, 1.0]",True,stage2_ext_004_obj_2,"[-157.65834045410156, -26.569791793823242, -24.34833526611328, 0.0]",0.0,True,True,True
7,acceptable_pareto,Acceptable Pareto Assignment,1,"[0.0, 0.0, 0.1, 0.9]",True,stage2_ext_004_obj_2,"[-157.65834045410156, -26.569791793823242, -24.34833526611328, 0.0]",-2.434833526611328,True,True,True
7,acceptable_pareto,Acceptable Pareto Assignment,2,"[0.0, 0.0, 0.2, 0.8]",True,stage2_ext_004_obj_2,"[-157.65834045410156, -26.569791793823242, -24.34833526611328, 0.0]",-4.869667053222656,True,True,True
7,acceptable_pareto,Acceptable Pareto Assignment,3,"[0.0, 0.0, 0.3, 0.7]",True,stage2_ext_004_obj_2,"[-157.65834045410156, -26.569791793823242, -24.34833526611328, 0.0]",-7.304501056671143,True,True,True
7,acceptable_pareto,Acceptable Pareto Assignment,4,"[0.0, 0.0, 0.4, 0.6]",True,stage2_ext_004_obj_2,"[-157.65834045410156, -26.569791793823242, -24.34833526611328, 0.0]",-9.739334106445312,True,True,True
7,acceptable_pareto,Acceptable Pareto Assignment,5,"[0.0, 0.0, 0.5, 0.5]",True,stage2_ext_004_obj_2,"[-157.65834045410156, -26.569791793823242, -24.34833526611328, 0.0]",-12.17416763305664,True,True,True
7,acceptable_pareto,Acceptable Pareto Assignment,6,"[0.0, 0.0, 0.6, 0.4]",True,stage2_ext_004_obj_2,"[-157.65834045410156, -26.569791793823242, -24.34833526611328, 0.0]",-14.609002113342285,True,True,True
7,acceptable_pareto,Acceptable Pareto Assignment,7,"[0.0, 0.0, 0.7, 0.3]",True,stage2_ext_004_obj_2,"[-157.65834045410156, -26.569791793823242, -24.34833526611328, 0.0]",-17.043834686279297,True,True,True
7,acceptable_pareto,Acceptable Pareto Assignment,8,"[0.0, 0.0, 0.8, 0.2]",True,stage2_ext_004_obj_2,"[-157.65834045410156, -26.569791793823242, -24.34833526611328, 0.0]",-19.478668212890625,True,True,True
7,acceptable_pareto,Acceptable Pareto Assignment,9,"[0.0, 0.0, 0.9, 0.1]",True,stage2_ext_004_obj_2,"[-157.65834045410156, -26.569791793823242, -24.34833526611328, 0.0]",-21.913501739501953,True,True,True
7,acceptable_pareto,Acceptable Pareto Assignment,10,"[0.0, 0.0, 1.0, 0.0]",True,stage2_ext_004_obj_2,"[-157.65834045410156, -26.569791793823242, -24.34833526611328, 0.0]",-24.34833526611328,True,True,True
7,acceptable_pareto,Acceptable Pareto Assignment,11,"[0.0, 0.1, 0.0, 0.9]",True,stage2_ext_004_obj_2,"[-157.65834045410156, -26.569791793823242, -24.34833526611328, 0.0]",-2.6569793224334717,True,True,True
7,acceptable_pareto,Acceptable Pareto Assignment,12,"[0.0, 0.1, 0.1, 0.8]",True,stage2_ext_004_obj_2,"[-157.65834045410156, -26.569791793823242, -24.34833526611328, 0.0]",-5.091813087463379,True,True,True
7,acceptable_pareto,Acceptable Pareto Assignment,13,"[0.0, 0.1, 0.2, 0.7]",True,stage2_ext_004_obj_2,"[-157.65834045410156, -26.569791793823242, -24.34833526611328, 0.0]",-7.526646614074707,True,True,True
7,acceptable_pareto,Acceptable Pareto Assignment,14,"[0.0, 0.1, 0.3, 0.6]",True,stage2_ext_004_obj_2,"[-157.65834045410156, -26.569791793823242, -24.34833526611328, 0.0]",-9.961480140686035,True,True,True
7,acceptable_pareto,Acceptable Pareto Assignment,15,"[0.0, 0.1, 0.4, 0.5]",True,stage2_ext_004_obj_2,"[-157.65834045410156, -26.569791793823242, -24.34833526611328, 0.0]",-12.396313667297363,True,True,True
7,acceptable_pareto,Acceptable Pareto Assignment,16,"[0.0, 0.1, 0.5, 0.4]",True,stage2_ext_004_obj_2,"[-157.65834045410156, -26.569791793823242, -24.34833526611328, 0.0]",-14.831147193908691,True,True,True
7,acceptable_pareto,Acceptable Pareto Assignment,17,"[0.0, 0.1, 0.6, 0.3]",True,stage2_ext_004_obj_2,"[-157.65834045410156, -26.569791793823242, -24.34833526611328, 0.0]",-17.265981674194336,True,True,True
7,acceptable_pareto,Acceptable Pareto Assignment,18,"[0.0, 0.1, 0.7, 0.2]",True,stage2_ext_004_obj_2,"[-157.65834045410156, -26.569791793823242, -24.34833526611328, 0.0]",-19.70081329345703,True,True,True
7,acceptable_pareto,Acceptable Pareto Assignment,19,"[0.0, 0.1, 0.8, 0.1]",True,stage2_ext_004_obj_2,"[-157.65834045410156, -26.569791793823242, -24.34833526611328, 0.0]",-22.13564682006836,True,True,True
7,acceptable_pareto,Acceptable Pareto Assignment,20,"[0.0, 0.1, 0.9, 0.0]",True,stage2_ext_004_obj_2,"[-157.65834045410156, -26.569791793823242, -24.34833526611328, 0.0]",-24.570480346679688,True,True,True
7,acceptable_pareto,Acceptable Pareto Assignment,21,"[0.0, 0.2, 0.0, 0.8]",True,stage2_ext_004_obj_2,"[-157.65834045410156, -26.569791793823242, -24.34833526611328, 0.0]",-5.313958644866943,True,True,True
7,acceptable_pareto,Acceptable Pareto Assignment,22,"[0.0, 0.2, 0.1, 0.7]",True,stage2_ext_004_obj_2,"[-157.65834045410156, -26.569791793823242, -24.34833526611328, 0.0]",-7.7487921714782715,True,True,True
7,acceptable_pareto,Acceptable Pareto Assignment,23,"[0.0, 0.2, 0.2, 0.6]",True,stage2_ext_004_obj_2,"[-157.65834045410156, -26.569791793823242, -24.34833526611328, 0.0]",-10.183626174926758,True,True,True
7,acceptable_pareto,Acceptable Pareto Assignment,24,"[0.0, 0.2, 0.3, 0.5]",True,stage2_ext_004_obj_2,"[-157.65834045410156, -26.569791793823242, -24.34833526611328, 0.0]",-12.618459701538086,True,True,True
7,acceptable_pareto,Acceptable Pareto Assignment,25,"[0.0, 0.2, 0.4, 0.4]",True,stage2_ext_004_obj_2,"[-157.65834045410156, -26.569791793823242, -24.34833526611328, 0.0]",-15.053293228149414,True,True,True
7,acceptable_pareto,Acceptable Pareto Assignment,26,"[0.0, 0.2, 0.5, 0.3]",True,stage2_ext_004_obj_2,"[-157.65834045410156, -26.569791793823242, -24.34833526611328, 0.0]",-17.488126754760742,True,True,True
7,acceptable_pareto,Acceptable Pareto Assignment,27,"[0.0, 0.2, 0.6, 0.2]",True,stage2_ext_004_obj_2,"[-157.65834045410156, -26.569791793823242, -24.34833526611328, 0.0]",-19.92296028137207,True,True,True
7,acceptable_pareto,Acceptable Pareto Assignment,28,"[0.0, 0.2, 0.7, 0.1]",True,stage2_ext_004_obj_2,"[-157.65834045410156, -26.569791793823242, -24.34833526611328, 0.0]",-22.3577938079834,True,True,True
7,acceptable_pareto,Acceptable Pareto Assignment,29,"[0.0, 0.2, 0.8, 0.0]",True,stage2_ext_004_obj_2,"[-157.65834045410156, -26.569791793823242, -24.34833526611328, 0.0]",-24.792627334594727,True,True,True
7,acceptable_pareto,Acceptable Pareto Assignment,30,"[0.0, 0.3, 0.0, 0.7]",True,stage2_ext_004_obj_2,"[-157.65834045410156, -26.569791793823242, -24.34833526611328, 0.0]",-7.970937728881836,True,True,True
7,acceptable_pareto,Acceptable Pareto Assignment,31,"[0.0, 0.3, 0.1, 0.6]",True,stage2_ext_004_obj_2,"[-157.65834045410156, -26.569791793823242, -24.34833526611328, 0.0]",-10.405771255493164,True,True,True
7,acceptable_pareto,Acceptable Pareto Assignment,32,"[0.0, 0.3, 0.2, 0.5]",True,stage2_ext_004_obj_2,"[-157.65834045410156, -26.569791793823242, -24.34833526611328, 0.0]",-12.840604782104492,True,True,True
7,acceptable_pareto,Acceptable Pareto Assignment,33,"[0.0, 0.3, 0.3, 0.4]",True,stage2_ext_004_obj_2,"[-157.65834045410156, -26.569791793823242, -24.34833526611328, 0.0]",-15.27543830871582,True,True,True
7,acceptable_pareto,Acceptable Pareto Assignment,34,"[0.0, 0.3, 0.4, 0.3]",True,stage2_ext_004_obj_2,"[-157.65834045410156, -26.569791793823242, -24.34833526611328, 0.0]",-17.71027183532715,True,True,True
7,acceptable_pareto,Acceptable Pareto Assignment,35,"[0.0, 0.3, 0.5, 0.2]",True,stage2_ext_004_obj_2,"[-157.65834045410156, -26.569791793823242, -24.34833526611328, 0.0]",-20.145105361938477,True,True,True
7,acceptable_pareto,Acceptable Pareto Assignment,36,"[0.0, 0.3, 0.6, 0.1]",True,stage2_ext_004_obj_2,"[-157.65834045410156, -26.569791793823242, -24.34833526611328, 0.0]",-22.579940795898438,True,True,True
7,acceptable_pareto,Acceptable Pareto Assignment,37,"[0.0, 0.3, 0.7, 0.0]",True,stage2_ext_004_obj_2,"[-157.65834045410156, -26.569791793823242, -24.34833526611328, 0.0]",-25.014772415161133,True,True,True
7,acceptable_pareto,Acceptable Pareto Assignment,38,"[0.0, 0.4, 0.0, 0.6]",True,stage2_ext_004_obj_2,"[-157.65834045410156, -26.569791793823242, -24.34833526611328, 0.0]",-10.627917289733887,True,True,True
7,acceptable_pareto,Acceptable Pareto Assignment,39,"[0.0, 0.4, 0.1, 0.5]",True,stage2_ext_004_obj_2,"[-157.65834045410156, -26.569791793823242, -24.34833526611328, 0.0]",-13.062750816345215,True,True,True
7,acceptable_pareto,Acceptable Pareto Assignment,40,"[0.0, 0.4, 0.2, 0.4]",True,stage2_ext_004_obj_2,"[-157.65834045410156, -26.569791793823242, -24.34833526611328, 0.0]",-15.497584342956543,True,True,True
7,acceptable_pareto,Acceptable Pareto Assignment,41,"[0.0, 0.4, 0.3, 0.3]",True,stage2_ext_004_obj_2,"[-157.65834045410156, -26.569791793823242, -24.34833526611328, 0.0]",-17.932418823242188,True,True,True
7,acceptable_pareto,Acceptable Pareto Assignment,42,"[0.0, 0.4, 0.4, 0.2]",True,stage2_ext_004_obj_2,"[-157.65834045410156, -26.569791793823242, -24.34833526611328, 0.0]",-20.367252349853516,True,True,True
7,acceptable_pareto,Acceptable Pareto Assignment,43,"[0.0, 0.4, 0.5, 0.1]",True,stage2_ext_004_obj_2,"[-157.65834045410156, -26.569791793823242, -24.34833526611328, 0.0]",-22.802085876464844,True,True,True
7,acceptable_pareto,Acceptable Pareto Assignment,44,"[0.0, 0.4, 0.6, 0.0]",True,stage2_ext_004_obj_2,"[-157.65834045410156, -26.569791793823242, -24.34833526611328, 0.0]",-25.236919403076172,True,True,True
7,acceptable_pareto,Acceptable Pareto Assignment,45,"[0.0, 0.5, 0.0, 0.5]",True,stage2_ext_004_obj_2,"[-157.65834045410156, -26.569791793823242, -24.34833526611328, 0.0]",-13.284895896911621,True,True,True
7,acceptable_pareto,Acceptable Pareto Assignment,46,"[0.0, 0.5, 0.1, 0.4]",True,stage2_ext_004_obj_2,"[-157.65834045410156, -26.569791793823242, -24.34833526611328, 0.0]",-15.71972942352295,True,True,True
7,acceptable_pareto,Acceptable Pareto Assignment,47,"[0.0, 0.5, 0.2, 0.3]",True,stage2_ext_004_obj_2,"[-157.65834045410156, -26.569791793823242, -24.34833526611328, 0.0]",-18.154563903808594,True,True,True
7,acceptable_pareto,Acceptable Pareto Assignment,48,"[0.0, 0.5, 0.3, 0.2]",True,stage2_ext_004_obj_2,"[-157.65834045410156, -26.569791793823242, -24.34833526611328, 0.0]",-20.589397430419922,True,True,True
7,acceptable_pareto,Acceptable Pareto Assignment,49,"[0.0, 0.5, 0.4, 0.1]",True,stage2_ext_004_obj_2,"[-157.65834045410156, -26.569791793823242, -24.34833526611328, 0.0]",-23.02423095703125,True,True,True
7,acceptable_pareto,Acceptable Pareto Assignment,50,"[0.0, 0.5, 0.5, 0.0]",True,stage2_ext_004_obj_2,"[-157.65834045410156, -26.569791793823242, -24.34833526611328, 0.0]",-25.459064483642578,True,True,True
7,acceptable_pareto,Acceptable Pareto Assignment,51,"[0.0, 0.6, 0.0, 0.4]",True,stage2_ext_004_obj_2,"[-157.65834045410156, -26.569791793823242, -24.34833526611328, 0.0]",-15.941875457763672,True,True,True
7,acceptable_pareto,Acceptable Pareto Assignment,52,"[0.0, 0.6, 0.1, 0.3]",True,stage2_ext_004_obj_2,"[-157.65834045410156, -26.569791793823242, -24.34833526611328, 0.0]",-18.376708984375,True,True,True
7,acceptable_pareto,Acceptable Pareto Assignment,53,"[0.0, 0.6, 0.2, 0.2]",True,stage2_ext_004_obj_2,"[-157.65834045410156, -26.569791793823242, -24.34833526611328, 0.0]",-20.811542510986328,True,True,True
7,acceptable_pareto,Acceptable Pareto Assignment,54,"[0.0, 0.6, 0.3, 0.1]",True,stage2_ext_004_obj_2,"[-157.65834045410156, -26.569791793823242, -24.34833526611328, 0.0]",-23.246376037597656,True,True,True
7,acceptable_pareto,Acceptable Pareto Assignment,55,"[0.0, 0.6, 0.4, 0.0]",True,stage2_ext_004_obj_2,"[-157.65834045410156, -26.569791793823242, -24.34833526611328, 0.0]",-25.681209564208984,True,True,True
7,acceptable_pareto,Acceptable Pareto Assignment,56,"[0.0, 0.7, 0.0, 0.3]",True,stage2_ext_004_obj_2,"[-157.65834045410156, -26.569791793823242, -24.34833526611328, 0.0]",-18.598854064941406,True,True,True
7,acceptable_pareto,Acceptable Pareto Assignment,57,"[0.0, 0.7, 0.1, 0.2]",True,stage2_ext_004_obj_2,"[-157.65834045410156, -26.569791793823242, -24.34833526611328, 0.0]",-21.033687591552734,True,True,True
7,acceptable_pareto,Acceptable Pareto Assignment,58,"[0.0, 0.7, 0.2, 0.1]",True,stage2_ext_004_obj_2,"[-157.65834045410156, -26.569791793823242, -24.34833526611328, 0.0]",-23.468521118164062,True,True,True
7,acceptable_pareto,Acceptable Pareto Assignment,59,"[0.0, 0.7, 0.3, 0.0]",True,stage2_ext_004_obj_2,"[-157.65834045410156, -26.569791793823242, -24.34833526611328, 0.0]",-25.90335464477539,True,True,True
7,acceptable_pareto,Acceptable Pareto Assignment,60,"[0.0, 0.8, 0.0, 0.2]",True,stage2_ext_004_obj_2,"[-157.65834045410156, -26.569791793823242, -24.34833526611328, 0.0]",-21.255834579467773,True,True,True
7,acceptable_pareto,Acceptable Pareto Assignment,61,"[0.0, 0.8, 0.1, 0.1]",True,stage2_ext_004_obj_2,"[-157.65834045410156, -26.569791793823242, -24.34833526611328, 0.0]",-23.6906681060791,True,True,True
7,acceptable_pareto,Acceptable Pareto Assignment,62,"[0.0, 0.8, 0.2, 0.0]",True,stage2_ext_004_obj_2,"[-157.65834045410156, -26.569791793823242, -24.34833526611328, 0.0]",-26.12550163269043,True,True,True
7,acceptable_pareto,Acceptable Pareto Assignment,63,"[0.0, 0.9, 0.0, 0.1]",True,stage2_ext_004_obj_2,"[-157.65834045410156, -26.569791793823242, -24.34833526611328, 0.0]",-23.912811279296875,True,True,True
7,acceptable_pareto,Acceptable Pareto Assignment,64,"[0.0, 0.9, 0.1, 0.0]",True,stage2_ext_004_obj_2,"[-157.65834045410156, -26.569791793823242, -24.34833526611328, 0.0]",-26.347644805908203,True,True,True
7,acceptable_pareto,Acceptable Pareto Assignment,65,"[0.0, 1.0, 0.0, 0.0]",True,stage2_ext_004_obj_2,"[-157.65834045410156, -26.569791793823242, -24.34833526611328, 0.0]",-26.569791793823242,True,True,True
7,acceptable_pareto,Acceptable Pareto Assignment,66,"[0.1, 0.0, 0.0, 0.9]",True,stage2_ext_004_obj_2,"[-157.65834045410156, -26.569791793823242, -24.34833526611328, 0.0]",-15.765833854675293,True,True,True
7,acceptable_pareto,Acceptable Pareto Assignment,67,"[0.1, 0.0, 0.1, 0.8]",True,stage2_ext_004_obj_2,"[-157.65834045410156, -26.569791793823242, -24.34833526611328, 0.0]",-18.200668334960938,True,True,True
7,acceptable_pareto,Acceptable Pareto Assignment,68,"[0.1, 0.0, 0.2, 0.7]",True,stage2_ext_004_obj_2,"[-157.65834045410156, -26.569791793823242, -24.34833526611328, 0.0]",-20.635501861572266,True,True,True
7,acceptable_pareto,Acceptable Pareto Assignment,69,"[0.1, 0.0, 0.3, 0.6]",True,stage2_ext_004_obj_2,"[-157.65834045410156, -26.569791793823242, -24.34833526611328, 0.0]",-23.070335388183594,True,True,True
7,acceptable_pareto,Acceptable Pareto Assignment,70,"[0.1, 0.0, 0.4, 0.5]",True,stage2_ext_004_obj_2,"[-157.65834045410156, -26.569791793823242, -24.34833526611328, 0.0]",-25.505168914794922,True,True,True
7,acceptable_pareto,Acceptable Pareto Assignment,71,"[0.1, 0.0, 0.5, 0.4]",True,stage2_ext_004_obj_2,"[-157.65834045410156, -26.569791793823242, -24.34833526611328, 0.0]",-27.94000244140625,True,True,True
7,acceptable_pareto,Acceptable Pareto Assignment,72,"[0.1, 0.0, 0.6, 0.3]",True,stage2_ext_004_obj_2,"[-157.65834045410156, -26.569791793823242, -24.34833526611328, 0.0]",-30.374835968017578,True,True,True
7,acceptable_pareto,Acceptable Pareto Assignment,73,"[0.1, 0.0, 0.7, 0.2]",True,stage2_ext_004_obj_2,"[-157.65834045410156, -26.569791793823242, -24.34833526611328, 0.0]",-32.809669494628906,True,True,True
7,acceptable_pareto,Acceptable Pareto Assignment,74,"[0.1, 0.0, 0.8, 0.1]",True,stage2_ext_004_obj_2,"[-157.65834045410156, -26.569791793823242, -24.34833526611328, 0.0]",-35.244503021240234,True,True,True
7,acceptable_pareto,Acceptable Pareto Assignment,75,"[0.1, 0.0, 0.9, 0.0]",True,stage2_ext_004_obj_2,"[-157.65834045410156, -26.569791793823242, -24.34833526611328, 0.0]",-37.67933654785156,True,True,True
7,acceptable_pareto,Acceptable Pareto Assignment,76,"[0.1, 0.1, 0.0, 0.8]",True,stage2_ext_004_obj_2,"[-157.65834045410156, -26.569791793823242, -24.34833526611328, 0.0]",-18.422813415527344,True,True,True
7,acceptable_pareto,Acceptable Pareto Assignment,77,"[0.1, 0.1, 0.1, 0.7]",True,stage2_ext_004_obj_2,"[-157.65834045410156, -26.569791793823242, -24.34833526611328, 0.0]",-20.857646942138672,True,True,True
7,acceptable_pareto,Acceptable Pareto Assignment,78,"[0.1, 0.1, 0.2, 0.6]",True,stage2_ext_004_obj_2,"[-157.65834045410156, -26.569791793823242, -24.34833526611328, 0.0]",-23.29248046875,True,True,True
7,acceptable_pareto,Acceptable Pareto Assignment,79,"[0.1, 0.1, 0.3, 0.5]",True,stage2_ext_004_obj_2,"[-157.65834045410156, -26.569791793823242, -24.34833526611328, 0.0]",-25.727313995361328,True,True,True
7,acceptable_pareto,Acceptable Pareto Assignment,80,"[0.1, 0.1, 0.4, 0.4]",True,stage2_ext_004_obj_2,"[-157.65834045410156, -26.569791793823242, -24.34833526611328, 0.0]",-28.162147521972656,True,True,True
7,acceptable_pareto,Acceptable Pareto Assignment,81,"[0.1, 0.1, 0.5, 0.3]",True,stage2_ext_004_obj_2,"[-157.65834045410156, -26.569791793823242, -24.34833526611328, 0.0]",-30.596981048583984,True,True,True
7,acceptable_pareto,Acceptable Pareto Assignment,82,"[0.1, 0.1, 0.6, 0.2]",True,stage2_ext_004_obj_2,"[-157.65834045410156, -26.569791793823242, -24.34833526611328, 0.0]",-33.03181457519531,True,True,True
7,acceptable_pareto,Acceptable Pareto Assignment,83,"[0.1, 0.1, 0.7, 0.1]",True,stage2_ext_004_obj_2,"[-157.65834045410156, -26.569791793823242, -24.34833526611328, 0.0]",-35.46664810180664,True,True,True
7,acceptable_pareto,Acceptable Pareto Assignment,84,"[0.1, 0.1, 0.8, 0.0]",True,stage2_ext_004_obj_2,"[-157.65834045410156, -26.569791793823242, -24.34833526611328, 0.0]",-37.90148162841797,True,True,True
7,acceptable_pareto,Acceptable Pareto Assignment,85,"[0.1, 0.2, 0.0, 0.7]",True,stage2_ext_004_obj_2,"[-157.65834045410156, -26.569791793823242, -24.34833526611328, 0.0]",-21.079792022705078,True,True,True
7,acceptable_pareto,Acceptable Pareto Assignment,86,"[0.1, 0.2, 0.1, 0.6]",True,stage2_ext_004_obj_2,"[-157.65834045410156, -26.569791793823242, -24.34833526611328, 0.0]",-23.514625549316406,True,True,True
7,acceptable_pareto,Acceptable Pareto Assignment,87,"[0.1, 0.2, 0.2, 0.5]",True,stage2_ext_004_obj_2,"[-157.65834045410156, -26.569791793823242, -24.34833526611328, 0.0]",-25.949459075927734,True,True,True
7,acceptable_pareto,Acceptable Pareto Assignment,88,"[0.1, 0.2, 0.3, 0.4]",True,stage2_ext_004_obj_2,"[-157.65834045410156, -26.569791793823242, -24.34833526611328, 0.0]",-28.384292602539062,True,True,True
7,acceptable_pareto,Acceptable Pareto Assignment,89,"[0.1, 0.2, 0.4, 0.3]",True,stage2_ext_004_obj_2,"[-157.65834045410156, -26.569791793823242, -24.34833526611328, 0.0]",-30.81912612915039,True,True,True
7,acceptable_pareto,Acceptable Pareto Assignment,90,"[0.1, 0.2, 0.5, 0.2]",True,stage2_ext_004_obj_2,"[-157.65834045410156, -26.569791793823242, -24.34833526611328, 0.0]",-33.25395965576172,True,True,True
7,acceptable_pareto,Acceptable Pareto Assignment,91,"[0.1, 0.2, 0.6, 0.1]",True,stage2_ext_004_obj_2,"[-157.65834045410156, -26.569791793823242, -24.34833526611328, 0.0]",-35.68879318237305,True,True,True
7,acceptable_pareto,Acceptable Pareto Assignment,92,"[0.1, 0.2, 0.7, 0.0]",True,stage2_ext_004_obj_2,"[-157.65834045410156, -26.569791793823242, -24.34833526611328, 0.0]",-38.123626708984375,True,True,True
7,acceptable_pareto,Acceptable Pareto Assignment,93,"[0.1, 0.3, 0.0, 0.6]",True,stage2_ext_004_obj_2,"[-157.65834045410156, -26.569791793823242, -24.34833526611328, 0.0]",-23.736770629882812,True,True,True
7,acceptable_pareto,Acceptable Pareto Assignment,94,"[0.1, 0.3, 0.1, 0.5]",True,stage2_ext_004_obj_2,"[-157.65834045410156, -26.569791793823242, -24.34833526611328, 0.0]",-26.17160415649414,True,True,True
7,acceptable_pareto,Acceptable Pareto Assignment,95,"[0.1, 0.3, 0.2, 0.4]",True,stage2_ext_004_obj_2,"[-157.65834045410156, -26.569791793823242, -24.34833526611328, 0.0]",-28.60643768310547,True,True,True
7,acceptable_pareto,Acceptable Pareto Assignment,96,"[0.1, 0.3, 0.3, 0.3]",True,stage2_ext_004_obj_2,"[-157.65834045410156, -26.569791793823242, -24.34833526611328, 0.0]",-31.041271209716797,True,True,True
7,acceptable_pareto,Acceptable Pareto Assignment,97,"[0.1, 0.3, 0.4, 0.2]",True,stage2_ext_004_obj_2,"[-157.65834045410156, -26.569791793823242, -24.34833526611328, 0.0]",-33.476104736328125,True,True,True
7,acceptable_pareto,Acceptable Pareto Assignment,98,"[0.1, 0.3, 0.5, 0.1]",True,stage2_ext_004_obj_2,"[-157.65834045410156, -26.569791793823242, -24.34833526611328, 0.0]",-35.91093826293945,True,True,True
7,acceptable_pareto,Acceptable Pareto Assignment,99,"[0.1, 0.3, 0.6, 0.0]",True,stage2_ext_004_obj_2,"[-157.65834045410156, -26.569791793823242, -24.34833526611328, 0.0]",-38.34577178955078,True,True,True
7,acceptable_pareto,Acceptable Pareto Assignment,100,"[0.1, 0.4, 0.0, 0.5]",True,stage2_ext_004_obj_2,"[-157.65834045410156, -26.569791793823242, -24.34833526611328, 0.0]",-26.39375114440918,True,True,True
7,acceptable_pareto,Acceptable Pareto Assignment,101,"[0.1, 0.4, 0.1, 0.4]",True,stage2_ext_004_obj_2,"[-157.65834045410156, -26.569791793823242, -24.34833526611328, 0.0]",-28.828584671020508,True,True,True
7,acceptable_pareto,Acceptable Pareto Assignment,102,"[0.1, 0.4, 0.2, 0.3]",True,stage2_ext_004_obj_2,"[-157.65834045410156, -26.569791793823242, -24.34833526611328, 0.0]",-31.263418197631836,True,True,True
7,acceptable_pareto,Acceptable Pareto Assignment,103,"[0.1, 0.4, 0.3, 0.2]",True,stage2_ext_004_obj_2,"[-157.65834045410156, -26.569791793823242, -24.34833526611328, 0.0]",-33.6982536315918,True,True,True
7,acceptable_pareto,Acceptable Pareto Assignment,104,"[0.1, 0.4, 0.4, 0.1]",True,stage2_ext_004_obj_2,"[-157.65834045410156, -26.569791793823242, -24.34833526611328, 0.0]",-36.133087158203125,True,True,True
7,acceptable_pareto,Acceptable Pareto Assignment,105,"[0.1, 0.4, 0.5, 0.0]",True,stage2_ext_004_obj_2,"[-157.65834045410156, -26.569791793823242, -24.34833526611328, 0.0]",-38.56791687011719,True,True,True
7,acceptable_pareto,Acceptable Pareto Assignment,106,"[0.1, 0.5, 0.0, 0.4]",True,stage2_ext_004_obj_2,"[-157.65834045410156, -26.569791793823242, -24.34833526611328, 0.0]",-29.050729751586914,True,True,True
7,acceptable_pareto,Acceptable Pareto Assignment,107,"[0.1, 0.5, 0.1, 0.3]",True,stage2_ext_004_obj_2,"[-157.65834045410156, -26.569791793823242, -24.34833526611328, 0.0]",-31.485563278198242,True,True,True
7,acceptable_pareto,Acceptable Pareto Assignment,108,"[0.1, 0.5, 0.2, 0.2]",True,stage2_ext_004_obj_2,"[-157.65834045410156, -26.569791793823242, -24.34833526611328, 0.0]",-33.92039489746094,True,True,True
7,acceptable_pareto,Acceptable Pareto Assignment,109,"[0.1, 0.5, 0.3, 0.1]",True,stage2_ext_004_obj_2,"[-157.65834045410156, -26.569791793823242, -24.34833526611328, 0.0]",-36.35523223876953,True,True,True
7,acceptable_pareto,Acceptable Pareto Assignment,110,"[0.1, 0.5, 0.4, 0.0]",True,stage2_ext_004_obj_2,"[-157.65834045410156, -26.569791793823242, -24.34833526611328, 0.0]",-38.790061950683594,True,True,True
7,acceptable_pareto,Acceptable Pareto Assignment,111,"[0.1, 0.6, 0.0, 0.3]",True,stage2_ext_004_obj_2,"[-157.65834045410156, -26.569791793823242, -24.34833526611328, 0.0]",-31.70771026611328,True,True,True
7,acceptable_pareto,Acceptable Pareto Assignment,112,"[0.1, 0.6, 0.1, 0.2]",True,stage2_ext_004_obj_2,"[-157.65834045410156, -26.569791793823242, -24.34833526611328, 0.0]",-34.14254379272461,True,True,True
7,acceptable_pareto,Acceptable Pareto Assignment,113,"[0.1, 0.6, 0.2, 0.1]",True,stage2_ext_004_obj_2,"[-157.65834045410156, -26.569791793823242, -24.34833526611328, 0.0]",-36.57737731933594,True,True,True
7,acceptable_pareto,Acceptable Pareto Assignment,114,"[0.1, 0.6, 0.3, 0.0]",True,stage2_ext_004_obj_2,"[-157.65834045410156, -26.569791793823242, -24.34833526611328, 0.0]",-39.012210845947266,True,True,True
7,acceptable_pareto,Acceptable Pareto Assignment,115,"[0.1, 0.7, 0.0, 0.2]",True,stage2_ext_004_obj_2,"[-157.65834045410156, -26.569791793823242, -24.34833526611328, 0.0]",-34.364688873291016,True,True,True
7,acceptable_pareto,Acceptable Pareto Assignment,116,"[0.1, 0.7, 0.1, 0.1]",True,stage2_ext_004_obj_2,"[-157.65834045410156, -26.569791793823242, -24.34833526611328, 0.0]",-36.799522399902344,True,True,True
7,acceptable_pareto,Acceptable Pareto Assignment,117,"[0.1, 0.7, 0.2, 0.0]",True,stage2_ext_004_obj_2,"[-157.65834045410156, -26.569791793823242, -24.34833526611328, 0.0]",-39.23435592651367,True,True,True
7,acceptable_pareto,Acceptable Pareto Assignment,118,"[0.1, 0.8, 0.0, 0.1]",True,stage2_ext_004_obj_2,"[-157.65834045410156, -26.569791793823242, -24.34833526611328, 0.0]",-37.02166748046875,True,True,True
7,acceptable_pareto,Acceptable Pareto Assignment,119,"[0.1, 0.8, 0.1, 0.0]",True,stage2_ext_004_obj_2,"[-157.65834045410156, -26.569791793823242, -24.34833526611328, 0.0]",-39.45650100708008,True,True,True
7,acceptable_pareto,Acceptable Pareto Assignment,120,"[0.1, 0.9, 0.0, 0.0]",True,stage2_ext_004_obj_2,"[-157.65834045410156, -26.569791793823242, -24.34833526611328, 0.0]",-39.678646087646484,True,True,True
7,acceptable_pareto,Acceptable Pareto Assignment,121,"[0.2, 0.0, 0.0, 0.8]",True,stage2_ext_004_obj_2,"[-157.65834045410156, -26.569791793823242, -24.34833526611328, 0.0]",-31.531667709350586,True,True,True
7,acceptable_pareto,Acceptable Pareto Assignment,122,"[0.2, 0.0, 0.1, 0.7]",True,stage2_ext_004_obj_2,"[-157.65834045410156, -26.569791793823242, -24.34833526611328, 0.0]",-33.96649932861328,True,True,True
7,acceptable_pareto,Acceptable Pareto Assignment,123,"[0.2, 0.0, 0.2, 0.6]",True,stage2_ext_004_obj_2,"[-157.65834045410156, -26.569791793823242, -24.34833526611328, 0.0]",-36.401336669921875,True,True,True
7,acceptable_pareto,Acceptable Pareto Assignment,124,"[0.2, 0.0, 0.3, 0.5]",True,stage2_ext_004_obj_2,"[-157.65834045410156, -26.569791793823242, -24.34833526611328, 0.0]",-38.8361701965332,True,True,True
7,acceptable_pareto,Acceptable Pareto Assignment,125,"[0.2, 0.0, 0.4, 0.4]",True,stage2_ext_004_obj_2,"[-157.65834045410156, -26.569791793823242, -24.34833526611328, 0.0]",-41.27100372314453,True,True,True
7,acceptable_pareto,Acceptable Pareto Assignment,126,"[0.2, 0.0, 0.5, 0.3]",True,stage2_ext_004_obj_2,"[-157.65834045410156, -26.569791793823242, -24.34833526611328, 0.0]",-43.705833435058594,True,True,True
7,acceptable_pareto,Acceptable Pareto Assignment,127,"[0.2, 0.0, 0.6, 0.2]",True,stage2_ext_004_obj_2,"[-157.65834045410156, -26.569791793823242, -24.34833526611328, 0.0]",-46.14067077636719,True,True,True
7,acceptable_pareto,Acceptable Pareto Assignment,128,"[0.2, 0.0, 0.7, 0.1]",True,stage2_ext_004_obj_2,"[-157.65834045410156, -26.569791793823242, -24.34833526611328, 0.0]",-48.57550048828125,True,True,True
7,acceptable_pareto,Acceptable Pareto Assignment,129,"[0.2, 0.0, 0.8, 0.0]",True,stage2_ext_004_obj_2,"[-157.65834045410156, -26.569791793823242, -24.34833526611328, 0.0]",-51.010337829589844,True,True,True
7,acceptable_pareto,Acceptable Pareto Assignment,130,"[0.2, 0.1, 0.0, 0.7]",True,stage2_ext_004_obj_2,"[-157.65834045410156, -26.569791793823242, -24.34833526611328, 0.0]",-34.18864822387695,True,True,True
7,acceptable_pareto,Acceptable Pareto Assignment,131,"[0.2, 0.1, 0.1, 0.6]",True,stage2_ext_004_obj_2,"[-157.65834045410156, -26.569791793823242, -24.34833526611328, 0.0]",-36.62348175048828,True,True,True
7,acceptable_pareto,Acceptable Pareto Assignment,132,"[0.2, 0.1, 0.2, 0.5]",True,stage2_ext_004_obj_2,"[-157.65834045410156, -26.569791793823242, -24.34833526611328, 0.0]",-39.05831527709961,True,True,True
7,acceptable_pareto,Acceptable Pareto Assignment,133,"[0.2, 0.1, 0.3, 0.4]",True,stage2_ext_004_obj_2,"[-157.65834045410156, -26.569791793823242, -24.34833526611328, 0.0]",-41.49314880371094,True,True,True
7,acceptable_pareto,Acceptable Pareto Assignment,134,"[0.2, 0.1, 0.4, 0.3]",True,stage2_ext_004_obj_2,"[-157.65834045410156, -26.569791793823242, -24.34833526611328, 0.0]",-43.927982330322266,True,True,True
7,acceptable_pareto,Acceptable Pareto Assignment,135,"[0.2, 0.1, 0.5, 0.2]",True,stage2_ext_004_obj_2,"[-157.65834045410156, -26.569791793823242, -24.34833526611328, 0.0]",-46.362815856933594,True,True,True
7,acceptable_pareto,Acceptable Pareto Assignment,136,"[0.2, 0.1, 0.6, 0.1]",True,stage2_ext_004_obj_2,"[-157.65834045410156, -26.569791793823242, -24.34833526611328, 0.0]",-48.79764938354492,True,True,True
7,acceptable_pareto,Acceptable Pareto Assignment,137,"[0.2, 0.1, 0.7, 0.0]",True,stage2_ext_004_obj_2,"[-157.65834045410156, -26.569791793823242, -24.34833526611328, 0.0]",-51.23248291015625,True,True,True
7,acceptable_pareto,Acceptable Pareto Assignment,138,"[0.2, 0.2, 0.0, 0.6]",True,stage2_ext_004_obj_2,"[-157.65834045410156, -26.569791793823242, -24.34833526611328, 0.0]",-36.84562683105469,True,True,True
7,acceptable_pareto,Acceptable Pareto Assignment,139,"[0.2, 0.2, 0.1, 0.5]",True,stage2_ext_004_obj_2,"[-157.65834045410156, -26.569791793823242, -24.34833526611328, 0.0]",-39.280460357666016,True,True,True
7,acceptable_pareto,Acceptable Pareto Assignment,140,"[0.2, 0.2, 0.2, 0.4]",True,stage2_ext_004_obj_2,"[-157.65834045410156, -26.569791793823242, -24.34833526611328, 0.0]",-41.715293884277344,True,True,True
7,acceptable_pareto,Acceptable Pareto Assignment,141,"[0.2, 0.2, 0.3, 0.3]",True,stage2_ext_004_obj_2,"[-157.65834045410156, -26.569791793823242, -24.34833526611328, 0.0]",-44.15012741088867,True,True,True
7,acceptable_pareto,Acceptable Pareto Assignment,142,"[0.2, 0.2, 0.4, 0.2]",True,stage2_ext_004_obj_2,"[-157.65834045410156, -26.569791793823242, -24.34833526611328, 0.0]",-46.5849609375,True,True,True
7,acceptable_pareto,Acceptable Pareto Assignment,143,"[0.2, 0.2, 0.5, 0.1]",True,stage2_ext_004_obj_2,"[-157.65834045410156, -26.569791793823242, -24.34833526611328, 0.0]",-49.01979446411133,True,True,True
7,acceptable_pareto,Acceptable Pareto Assignment,144,"[0.2, 0.2, 0.6, 0.0]",True,stage2_ext_004_obj_2,"[-157.65834045410156, -26.569791793823242, -24.34833526611328, 0.0]",-51.454627990722656,True,True,True
7,acceptable_pareto,Acceptable Pareto Assignment,145,"[0.2, 0.3, 0.0, 0.5]",True,stage2_ext_004_obj_2,"[-157.65834045410156, -26.569791793823242, -24.34833526611328, 0.0]",-39.50260543823242,True,True,True
7,acceptable_pareto,Acceptable Pareto Assignment,146,"[0.2, 0.3, 0.1, 0.4]",True,stage2_ext_004_obj_2,"[-157.65834045410156, -26.569791793823242, -24.34833526611328, 0.0]",-41.93743896484375,True,True,True
7,acceptable_pareto,Acceptable Pareto Assignment,147,"[0.2, 0.3, 0.2, 0.3]",True,stage2_ext_004_obj_2,"[-157.65834045410156, -26.569791793823242, -24.34833526611328, 0.0]",-44.37227249145508,True,True,True
7,acceptable_pareto,Acceptable Pareto Assignment,148,"[0.2, 0.3, 0.3, 0.2]",True,stage2_ext_004_obj_2,"[-157.65834045410156, -26.569791793823242, -24.34833526611328, 0.0]",-46.807106018066406,True,True,True
7,acceptable_pareto,Acceptable Pareto Assignment,149,"[0.2, 0.3, 0.4, 0.1]",True,stage2_ext_004_obj_2,"[-157.65834045410156, -26.569791793823242, -24.34833526611328, 0.0]",-49.241939544677734,True,True,True
7,acceptable_pareto,Acceptable Pareto Assignment,150,"[0.2, 0.3, 0.5, 0.0]",True,stage2_ext_004_obj_2,"[-157.65834045410156, -26.569791793823242, -24.34833526611328, 0.0]",-51.67677307128906,True,True,True
7,acceptable_pareto,Acceptable Pareto Assignment,151,"[0.2, 0.4, 0.0, 0.4]",True,stage2_ext_004_obj_2,"[-157.65834045410156, -26.569791793823242, -24.34833526611328, 0.0]",-42.159584045410156,True,True,True
7,acceptable_pareto,Acceptable Pareto Assignment,152,"[0.2, 0.4, 0.1, 0.3]",True,stage2_ext_004_obj_2,"[-157.65834045410156, -26.569791793823242, -24.34833526611328, 0.0]",-44.594417572021484,True,True,True
7,acceptable_pareto,Acceptable Pareto Assignment,153,"[0.2, 0.4, 0.2, 0.2]",True,stage2_ext_004_obj_2,"[-157.65834045410156, -26.569791793823242, -24.34833526611328, 0.0]",-47.02925109863281,True,True,True
7,acceptable_pareto,Acceptable Pareto Assignment,154,"[0.2, 0.4, 0.3, 0.1]",True,stage2_ext_004_obj_2,"[-157.65834045410156, -26.569791793823242, -24.34833526611328, 0.0]",-49.46408462524414,True,True,True
7,acceptable_pareto,Acceptable Pareto Assignment,155,"[0.2, 0.4, 0.4, 0.0]",True,stage2_ext_004_obj_2,"[-157.65834045410156, -26.569791793823242, -24.34833526611328, 0.0]",-51.89891815185547,True,True,True
7,acceptable_pareto,Acceptable Pareto Assignment,156,"[0.2, 0.5, 0.0, 0.3]",True,stage2_ext_004_obj_2,"[-157.65834045410156, -26.569791793823242, -24.34833526611328, 0.0]",-44.81656265258789,True,True,True
7,acceptable_pareto,Acceptable Pareto Assignment,157,"[0.2, 0.5, 0.1, 0.2]",True,stage2_ext_004_obj_2,"[-157.65834045410156, -26.569791793823242, -24.34833526611328, 0.0]",-47.25139617919922,True,True,True
7,acceptable_pareto,Acceptable Pareto Assignment,158,"[0.2, 0.5, 0.2, 0.1]",True,stage2_ext_004_obj_2,"[-157.65834045410156, -26.569791793823242, -24.34833526611328, 0.0]",-49.68622970581055,True,True,True
7,acceptable_pareto,Acceptable Pareto Assignment,159,"[0.2, 0.5, 0.3, 0.0]",True,stage2_ext_004_obj_2,"[-157.65834045410156, -26.569791793823242, -24.34833526611328, 0.0]",-52.121063232421875,True,True,True
7,acceptable_pareto,Acceptable Pareto Assignment,160,"[0.2, 0.6, 0.0, 0.2]",True,stage2_ext_004_obj_2,"[-157.65834045410156, -26.569791793823242, -24.34833526611328, 0.0]",-47.473541259765625,True,True,True
7,acceptable_pareto,Acceptable Pareto Assignment,161,"[0.2, 0.6, 0.1, 0.1]",True,stage2_ext_004_obj_2,"[-157.65834045410156, -26.569791793823242, -24.34833526611328, 0.0]",-49.90837478637695,True,True,True
7,acceptable_pareto,Acceptable Pareto Assignment,162,"[0.2, 0.6, 0.2, 0.0]",True,stage2_ext_004_obj_2,"[-157.65834045410156, -26.569791793823242, -24.34833526611328, 0.0]",-52.34320831298828,True,True,True
7,acceptable_pareto,Acceptable Pareto Assignment,163,"[0.2, 0.7, 0.0, 0.1]",True,stage2_ext_004_obj_2,"[-157.65834045410156, -26.569791793823242, -24.34833526611328, 0.0]",-50.130523681640625,True,True,True
7,acceptable_pareto,Acceptable Pareto Assignment,164,"[0.2, 0.7, 0.1, 0.0]",True,stage2_ext_004_obj_2,"[-157.65834045410156, -26.569791793823242, -24.34833526611328, 0.0]",-52.56535720825195,True,True,True
7,acceptable_pareto,Acceptable Pareto Assignment,165,"[0.2, 0.8, 0.0, 0.0]",True,stage2_ext_004_obj_2,"[-157.65834045410156, -26.569791793823242, -24.34833526611328, 0.0]",-52.78750228881836,True,True,True
7,acceptable_pareto,Acceptable Pareto Assignment,166,"[0.3, 0.0, 0.0, 0.7]",True,stage2_ext_004_obj_2,"[-157.65834045410156, -26.569791793823242, -24.34833526611328, 0.0]",-47.29750442504883,True,True,True
7,acceptable_pareto,Acceptable Pareto Assignment,167,"[0.3, 0.0, 0.1, 0.6]",True,stage2_ext_004_obj_2,"[-157.65834045410156, -26.569791793823242, -24.34833526611328, 0.0]",-49.732337951660156,True,True,True
7,acceptable_pareto,Acceptable Pareto Assignment,168,"[0.3, 0.0, 0.2, 0.5]",True,stage2_ext_004_obj_2,"[-157.65834045410156, -26.569791793823242, -24.34833526611328, 0.0]",-52.167171478271484,True,True,True
7,acceptable_pareto,Acceptable Pareto Assignment,169,"[0.3, 0.0, 0.3, 0.4]",True,stage2_ext_004_obj_2,"[-157.65834045410156, -26.569791793823242, -24.34833526611328, 0.0]",-54.60200500488281,True,True,True
7,acceptable_pareto,Acceptable Pareto Assignment,170,"[0.3, 0.0, 0.4, 0.3]",True,stage2_ext_004_obj_2,"[-157.65834045410156, -26.569791793823242, -24.34833526611328, 0.0]",-57.03683853149414,True,True,True
7,acceptable_pareto,Acceptable Pareto Assignment,171,"[0.3, 0.0, 0.5, 0.2]",True,stage2_ext_004_obj_2,"[-157.65834045410156, -26.569791793823242, -24.34833526611328, 0.0]",-59.47167205810547,True,True,True
7,acceptable_pareto,Acceptable Pareto Assignment,172,"[0.3, 0.0, 0.6, 0.1]",True,stage2_ext_004_obj_2,"[-157.65834045410156, -26.569791793823242, -24.34833526611328, 0.0]",-61.9065055847168,True,True,True
7,acceptable_pareto,Acceptable Pareto Assignment,173,"[0.3, 0.0, 0.7, 0.0]",True,stage2_ext_004_obj_2,"[-157.65834045410156, -26.569791793823242, -24.34833526611328, 0.0]",-64.34133911132812,True,True,True
7,acceptable_pareto,Acceptable Pareto Assignment,174,"[0.3, 0.1, 0.0, 0.6]",True,stage2_ext_004_obj_2,"[-157.65834045410156, -26.569791793823242, -24.34833526611328, 0.0]",-49.95448303222656,True,True,True
7,acceptable_pareto,Acceptable Pareto Assignment,175,"[0.3, 0.1, 0.1, 0.5]",True,stage2_ext_004_obj_2,"[-157.65834045410156, -26.569791793823242, -24.34833526611328, 0.0]",-52.38931655883789,True,True,True
7,acceptable_pareto,Acceptable Pareto Assignment,176,"[0.3, 0.1, 0.2, 0.4]",True,stage2_ext_004_obj_2,"[-157.65834045410156, -26.569791793823242, -24.34833526611328, 0.0]",-54.82415008544922,True,True,True
7,acceptable_pareto,Acceptable Pareto Assignment,177,"[0.3, 0.1, 0.3, 0.3]",True,stage2_ext_004_obj_2,"[-157.65834045410156, -26.569791793823242, -24.34833526611328, 0.0]",-57.25898361206055,True,True,True
7,acceptable_pareto,Acceptable Pareto Assignment,178,"[0.3, 0.1, 0.4, 0.2]",True,stage2_ext_004_obj_2,"[-157.65834045410156, -26.569791793823242, -24.34833526611328, 0.0]",-59.693817138671875,True,True,True
7,acceptable_pareto,Acceptable Pareto Assignment,179,"[0.3, 0.1, 0.5, 0.1]",True,stage2_ext_004_obj_2,"[-157.65834045410156, -26.569791793823242, -24.34833526611328, 0.0]",-62.1286506652832,True,True,True
7,acceptable_pareto,Acceptable Pareto Assignment,180,"[0.3, 0.1, 0.6, 0.0]",True,stage2_ext_004_obj_2,"[-157.65834045410156, -26.569791793823242, -24.34833526611328, 0.0]",-64.56348419189453,True,True,True
7,acceptable_pareto,Acceptable Pareto Assignment,181,"[0.3, 0.2, 0.0, 0.5]",True,stage2_ext_004_obj_2,"[-157.65834045410156, -26.569791793823242, -24.34833526611328, 0.0]",-52.6114616394043,True,True,True
7,acceptable_pareto,Acceptable Pareto Assignment,182,"[0.3, 0.2, 0.1, 0.4]",True,stage2_ext_004_obj_2,"[-157.65834045410156, -26.569791793823242, -24.34833526611328, 0.0]",-55.046295166015625,True,True,True
7,acceptable_pareto,Acceptable Pareto Assignment,183,"[0.3, 0.2, 0.2, 0.3]",True,stage2_ext_004_obj_2,"[-157.65834045410156, -26.569791793823242, -24.34833526611328, 0.0]",-57.48112869262695,True,True,True
7,acceptable_pareto,Acceptable Pareto Assignment,184,"[0.3, 0.2, 0.3, 0.2]",True,stage2_ext_004_obj_2,"[-157.65834045410156, -26.569791793823242, -24.34833526611328, 0.0]",-59.91596221923828,True,True,True
7,acceptable_pareto,Acceptable Pareto Assignment,185,"[0.3, 0.2, 0.4, 0.1]",True,stage2_ext_004_obj_2,"[-157.65834045410156, -26.569791793823242, -24.34833526611328, 0.0]",-62.35079574584961,True,True,True
7,acceptable_pareto,Acceptable Pareto Assignment,186,"[0.3, 0.2, 0.5, 0.0]",True,stage2_ext_004_obj_2,"[-157.65834045410156, -26.569791793823242, -24.34833526611328, 0.0]",-64.78562927246094,True,True,True
7,acceptable_pareto,Acceptable Pareto Assignment,187,"[0.3, 0.3, 0.0, 0.4]",True,stage2_ext_004_obj_2,"[-157.65834045410156, -26.569791793823242, -24.34833526611328, 0.0]",-55.26844024658203,True,True,True
7,acceptable_pareto,Acceptable Pareto Assignment,188,"[0.3, 0.3, 0.1, 0.3]",True,stage2_ext_004_obj_2,"[-157.65834045410156, -26.569791793823242, -24.34833526611328, 0.0]",-57.70327377319336,True,True,True
7,acceptable_pareto,Acceptable Pareto Assignment,189,"[0.3, 0.3, 0.2, 0.2]",True,stage2_ext_004_obj_2,"[-157.65834045410156, -26.569791793823242, -24.34833526611328, 0.0]",-60.13810729980469,True,True,True
7,acceptable_pareto,Acceptable Pareto Assignment,190,"[0.3, 0.3, 0.3, 0.1]",True,stage2_ext_004_obj_2,"[-157.65834045410156, -26.569791793823242, -24.34833526611328, 0.0]",-62.572940826416016,True,True,True
7,acceptable_pareto,Acceptable Pareto Assignment,191,"[0.3, 0.3, 0.4, 0.0]",True,stage2_ext_004_obj_2,"[-157.65834045410156, -26.569791793823242, -24.34833526611328, 0.0]",-65.00777435302734,True,True,True
7,acceptable_pareto,Acceptable Pareto Assignment,192,"[0.3, 0.4, 0.0, 0.3]",True,stage2_ext_004_obj_2,"[-157.65834045410156, -26.569791793823242, -24.34833526611328, 0.0]",-57.92542266845703,True,True,True
7,acceptable_pareto,Acceptable Pareto Assignment,193,"[0.3, 0.4, 0.1, 0.2]",True,stage2_ext_004_obj_2,"[-157.65834045410156, -26.569791793823242, -24.34833526611328, 0.0]",-60.36025619506836,True,True,True
7,acceptable_pareto,Acceptable Pareto Assignment,194,"[0.3, 0.4, 0.2, 0.1]",True,stage2_ext_004_obj_2,"[-157.65834045410156, -26.569791793823242, -24.34833526611328, 0.0]",-62.79508972167969,True,True,True
7,acceptable_pareto,Acceptable Pareto Assignment,195,"[0.3, 0.4, 0.3, 0.0]",True,stage2_ext_004_obj_2,"[-157.65834045410156, -26.569791793823242, -24.34833526611328, 0.0]",-65.22992706298828,True,True,True
7,acceptable_pareto,Acceptable Pareto Assignment,196,"[0.3, 0.5, 0.0, 0.2]",True,stage2_ext_004_obj_2,"[-157.65834045410156, -26.569791793823242, -24.34833526611328, 0.0]",-60.582401275634766,True,True,True
7,acceptable_pareto,Acceptable Pareto Assignment,197,"[0.3, 0.5, 0.1, 0.1]",True,stage2_ext_004_obj_2,"[-157.65834045410156, -26.569791793823242, -24.34833526611328, 0.0]",-63.017234802246094,True,True,True
7,acceptable_pareto,Acceptable Pareto Assignment,198,"[0.3, 0.5, 0.2, 0.0]",True,stage2_ext_004_obj_2,"[-157.65834045410156, -26.569791793823242, -24.34833526611328, 0.0]",-65.45207214355469,True,True,True
7,acceptable_pareto,Acceptable Pareto Assignment,199,"[0.3, 0.6, 0.0, 0.1]",True,stage2_ext_004_obj_2,"[-157.65834045410156, -26.569791793823242, -24.34833526611328, 0.0]",-63.2393798828125,True,True,True
7,acceptable_pareto,Acceptable Pareto Assignment,200,"[0.3, 0.6, 0.1, 0.0]",True,stage2_ext_004_obj_2,"[-157.65834045410156, -26.569791793823242, -24.34833526611328, 0.0]",-65.67420959472656,True,True,True
7,acceptable_pareto,Acceptable Pareto Assignment,201,"[0.3, 0.7, 0.0, 0.0]",True,stage2_ext_004_obj_2,"[-157.65834045410156, -26.569791793823242, -24.34833526611328, 0.0]",-65.8963623046875,True,True,True
7,acceptable_pareto,Acceptable Pareto Assignment,202,"[0.4, 0.0, 0.0, 0.6]",True,stage2_ext_004_obj_2,"[-157.65834045410156, -26.569791793823242, -24.34833526611328, 0.0]",-63.06333541870117,True,True,True
7,acceptable_pareto,Acceptable Pareto Assignment,203,"[0.4, 0.0, 0.1, 0.5]",True,stage2_ext_004_obj_2,"[-157.65834045410156, -26.569791793823242, -24.34833526611328, 0.0]",-65.4981689453125,True,True,True
7,acceptable_pareto,Acceptable Pareto Assignment,204,"[0.4, 0.0, 0.2, 0.4]",True,stage2_ext_004_obj_2,"[-157.65834045410156, -26.569791793823242, -24.34833526611328, 0.0]",-67.93299865722656,True,True,True
7,acceptable_pareto,Acceptable Pareto Assignment,205,"[0.4, 0.0, 0.3, 0.3]",True,stage2_ext_004_obj_2,"[-157.65834045410156, -26.569791793823242, -24.34833526611328, 0.0]",-70.36783599853516,True,True,True
7,acceptable_pareto,Acceptable Pareto Assignment,206,"[0.4, 0.0, 0.4, 0.2]",True,stage2_ext_004_obj_2,"[-157.65834045410156, -26.569791793823242, -24.34833526611328, 0.0]",-72.80267333984375,True,True,True
7,acceptable_pareto,Acceptable Pareto Assignment,207,"[0.4, 0.0, 0.5, 0.1]",True,stage2_ext_004_obj_2,"[-157.65834045410156, -26.569791793823242, -24.34833526611328, 0.0]",-75.23750305175781,True,True,True
7,acceptable_pareto,Acceptable Pareto Assignment,208,"[0.4, 0.0, 0.6, 0.0]",True,stage2_ext_004_obj_2,"[-157.65834045410156, -26.569791793823242, -24.34833526611328, 0.0]",-77.6723403930664,True,True,True
7,acceptable_pareto,Acceptable Pareto Assignment,209,"[0.4, 0.1, 0.0, 0.5]",True,stage2_ext_004_obj_2,"[-157.65834045410156, -26.569791793823242, -24.34833526611328, 0.0]",-65.7203140258789,True,True,True
7,acceptable_pareto,Acceptable Pareto Assignment,210,"[0.4, 0.1, 0.1, 0.4]",True,stage2_ext_004_obj_2,"[-157.65834045410156, -26.569791793823242, -24.34833526611328, 0.0]",-68.1551513671875,True,True,True
7,acceptable_pareto,Acceptable Pareto Assignment,211,"[0.4, 0.1, 0.2, 0.3]",True,stage2_ext_004_obj_2,"[-157.65834045410156, -26.569791793823242, -24.34833526611328, 0.0]",-70.58998107910156,True,True,True
7,acceptable_pareto,Acceptable Pareto Assignment,212,"[0.4, 0.1, 0.3, 0.2]",True,stage2_ext_004_obj_2,"[-157.65834045410156, -26.569791793823242, -24.34833526611328, 0.0]",-73.02481842041016,True,True,True
7,acceptable_pareto,Acceptable Pareto Assignment,213,"[0.4, 0.1, 0.4, 0.1]",True,stage2_ext_004_obj_2,"[-157.65834045410156, -26.569791793823242, -24.34833526611328, 0.0]",-75.45964813232422,True,True,True
7,acceptable_pareto,Acceptable Pareto Assignment,214,"[0.4, 0.1, 0.5, 0.0]",True,stage2_ext_004_obj_2,"[-157.65834045410156, -26.569791793823242, -24.34833526611328, 0.0]",-77.89448547363281,True,True,True
7,acceptable_pareto,Acceptable Pareto Assignment,215,"[0.4, 0.2, 0.0, 0.4]",True,stage2_ext_004_obj_2,"[-157.65834045410156, -26.569791793823242, -24.34833526611328, 0.0]",-68.3772964477539,True,True,True
7,acceptable_pareto,Acceptable Pareto Assignment,216,"[0.4, 0.2, 0.1, 0.3]",True,stage2_ext_004_obj_2,"[-157.65834045410156, -26.569791793823242, -24.34833526611328, 0.0]",-70.8121337890625,True,True,True
7,acceptable_pareto,Acceptable Pareto Assignment,217,"[0.4, 0.2, 0.2, 0.2]",True,stage2_ext_004_obj_2,"[-157.65834045410156, -26.569791793823242, -24.34833526611328, 0.0]",-73.24696350097656,True,True,True
7,acceptable_pareto,Acceptable Pareto Assignment,218,"[0.4, 0.2, 0.3, 0.1]",True,stage2_ext_004_obj_2,"[-157.65834045410156, -26.569791793823242, -24.34833526611328, 0.0]",-75.68180084228516,True,True,True
7,acceptable_pareto,Acceptable Pareto Assignment,219,"[0.4, 0.2, 0.4, 0.0]",True,stage2_ext_004_obj_2,"[-157.65834045410156, -26.569791793823242, -24.34833526611328, 0.0]",-78.11663055419922,True,True,True
7,acceptable_pareto,Acceptable Pareto Assignment,220,"[0.4, 0.3, 0.0, 0.3]",True,stage2_ext_004_obj_2,"[-157.65834045410156, -26.569791793823242, -24.34833526611328, 0.0]",-71.03427124023438,True,True,True
7,acceptable_pareto,Acceptable Pareto Assignment,221,"[0.4, 0.3, 0.1, 0.2]",True,stage2_ext_004_obj_2,"[-157.65834045410156, -26.569791793823242, -24.34833526611328, 0.0]",-73.46910095214844,True,True,True
7,acceptable_pareto,Acceptable Pareto Assignment,222,"[0.4, 0.3, 0.2, 0.1]",True,stage2_ext_004_obj_2,"[-157.65834045410156, -26.569791793823242, -24.34833526611328, 0.0]",-75.90393829345703,True,True,True
7,acceptable_pareto,Acceptable Pareto Assignment,223,"[0.4, 0.3, 0.3, 0.0]",True,stage2_ext_004_obj_2,"[-157.65834045410156, -26.569791793823242, -24.34833526611328, 0.0]",-78.33877563476562,True,True,True
7,acceptable_pareto,Acceptable Pareto Assignment,224,"[0.4, 0.4, 0.0, 0.2]",True,stage2_ext_004_obj_2,"[-157.65834045410156, -26.569791793823242, -24.34833526611328, 0.0]",-73.69125366210938,True,True,True
7,acceptable_pareto,Acceptable Pareto Assignment,225,"[0.4, 0.4, 0.1, 0.1]",True,stage2_ext_004_obj_2,"[-157.65834045410156, -26.569791793823242, -24.34833526611328, 0.0]",-76.12608337402344,True,True,True
7,acceptable_pareto,Acceptable Pareto Assignment,226,"[0.4, 0.4, 0.2, 0.0]",True,stage2_ext_004_obj_2,"[-157.65834045410156, -26.569791793823242, -24.34833526611328, 0.0]",-78.56092071533203,True,True,True
7,acceptable_pareto,Acceptable Pareto Assignment,227,"[0.4, 0.5, 0.0, 0.1]",True,stage2_ext_004_obj_2,"[-157.65834045410156, -26.569791793823242, -24.34833526611328, 0.0]",-76.34822845458984,True,True,True
7,acceptable_pareto,Acceptable Pareto Assignment,228,"[0.4, 0.5, 0.1, 0.0]",True,stage2_ext_004_obj_2,"[-157.65834045410156, -26.569791793823242, -24.34833526611328, 0.0]",-78.78306579589844,True,True,True
7,acceptable_pareto,Acceptable Pareto Assignment,229,"[0.4, 0.6, 0.0, 0.0]",True,stage2_ext_004_obj_2,"[-157.65834045410156, -26.569791793823242, -24.34833526611328, 0.0]",-79.00521087646484,True,True,True
7,acceptable_pareto,Acceptable Pareto Assignment,230,"[0.5, 0.0, 0.0, 0.5]",True,stage2_ext_004_obj_2,"[-157.65834045410156, -26.569791793823242, -24.34833526611328, 0.0]",-78.82917022705078,True,True,True
7,acceptable_pareto,Acceptable Pareto Assignment,231,"[0.5, 0.0, 0.1, 0.4]",True,stage2_ext_004_obj_2,"[-157.65834045410156, -26.569791793823242, -24.34833526611328, 0.0]",-81.26400756835938,True,True,True
7,acceptable_pareto,Acceptable Pareto Assignment,232,"[0.5, 0.0, 0.2, 0.3]",True,stage2_ext_004_obj_2,"[-157.65834045410156, -26.569791793823242, -24.34833526611328, 0.0]",-83.69883728027344,True,True,True
7,acceptable_pareto,Acceptable Pareto Assignment,233,"[0.5, 0.0, 0.3, 0.2]",True,stage2_ext_004_obj_2,"[-157.65834045410156, -26.569791793823242, -24.34833526611328, 0.0]",-86.13367462158203,True,True,True
7,acceptable_pareto,Acceptable Pareto Assignment,234,"[0.5, 0.0, 0.4, 0.1]",True,stage2_ext_004_obj_2,"[-157.65834045410156, -26.569791793823242, -24.34833526611328, 0.0]",-88.5685043334961,True,True,True
7,acceptable_pareto,Acceptable Pareto Assignment,235,"[0.5, 0.0, 0.5, 0.0]",True,stage2_ext_004_obj_2,"[-157.65834045410156, -26.569791793823242, -24.34833526611328, 0.0]",-91.00334167480469,True,True,True
7,acceptable_pareto,Acceptable Pareto Assignment,236,"[0.5, 0.1, 0.0, 0.4]",True,stage2_ext_004_obj_2,"[-157.65834045410156, -26.569791793823242, -24.34833526611328, 0.0]",-81.48615264892578,True,True,True
7,acceptable_pareto,Acceptable Pareto Assignment,237,"[0.5, 0.1, 0.1, 0.3]",True,stage2_ext_004_obj_2,"[-157.65834045410156, -26.569791793823242, -24.34833526611328, 0.0]",-83.92098999023438,True,True,True
7,acceptable_pareto,Acceptable Pareto Assignment,238,"[0.5, 0.1, 0.2, 0.2]",True,stage2_ext_004_obj_2,"[-157.65834045410156, -26.569791793823242, -24.34833526611328, 0.0]",-86.35581970214844,True,True,True
7,acceptable_pareto,Acceptable Pareto Assignment,239,"[0.5, 0.1, 0.3, 0.1]",True,stage2_ext_004_obj_2,"[-157.65834045410156, -26.569791793823242, -24.34833526611328, 0.0]",-88.79065704345703,True,True,True
7,acceptable_pareto,Acceptable Pareto Assignment,240,"[0.5, 0.1, 0.4, 0.0]",True,stage2_ext_004_obj_2,"[-157.65834045410156, -26.569791793823242, -24.34833526611328, 0.0]",-91.2254867553711,True,True,True
7,acceptable_pareto,Acceptable Pareto Assignment,241,"[0.5, 0.2, 0.0, 0.3]",True,stage2_ext_004_obj_2,"[-157.65834045410156, -26.569791793823242, -24.34833526611328, 0.0]",-84.14312744140625,True,True,True
7,acceptable_pareto,Acceptable Pareto Assignment,242,"[0.5, 0.2, 0.1, 0.2]",True,stage2_ext_004_obj_2,"[-157.65834045410156, -26.569791793823242, -24.34833526611328, 0.0]",-86.57795715332031,True,True,True
7,acceptable_pareto,Acceptable Pareto Assignment,243,"[0.5, 0.2, 0.2, 0.1]",True,stage2_ext_004_obj_2,"[-157.65834045410156, -26.569791793823242, -24.34833526611328, 0.0]",-89.0127944946289,True,True,True
7,acceptable_pareto,Acceptable Pareto Assignment,244,"[0.5, 0.2, 0.3, 0.0]",True,stage2_ext_004_obj_2,"[-157.65834045410156, -26.569791793823242, -24.34833526611328, 0.0]",-91.4476318359375,True,True,True
7,acceptable_pareto,Acceptable Pareto Assignment,245,"[0.5, 0.3, 0.0, 0.2]",True,stage2_ext_004_obj_2,"[-157.65834045410156, -26.569791793823242, -24.34833526611328, 0.0]",-86.80010986328125,True,True,True
7,acceptable_pareto,Acceptable Pareto Assignment,246,"[0.5, 0.3, 0.1, 0.1]",True,stage2_ext_004_obj_2,"[-157.65834045410156, -26.569791793823242, -24.34833526611328, 0.0]",-89.23493957519531,True,True,True
7,acceptable_pareto,Acceptable Pareto Assignment,247,"[0.5, 0.3, 0.2, 0.0]",True,stage2_ext_004_obj_2,"[-157.65834045410156, -26.569791793823242, -24.34833526611328, 0.0]",-91.6697769165039,True,True,True
7,acceptable_pareto,Acceptable Pareto Assignment,248,"[0.5, 0.4, 0.0, 0.1]",True,stage2_ext_004_obj_2,"[-157.65834045410156, -26.569791793823242, -24.34833526611328, 0.0]",-89.45708465576172,True,True,True
7,acceptable_pareto,Acceptable Pareto Assignment,249,"[0.5, 0.4, 0.1, 0.0]",True,stage2_ext_004_obj_2,"[-157.65834045410156, -26.569791793823242, -24.34833526611328, 0.0]",-91.89192199707031,True,True,True
7,acceptable_pareto,Acceptable Pareto Assignment,250,"[0.5, 0.5, 0.0, 0.0]",True,stage2_ext_004_obj_2,"[-157.65834045410156, -26.569791793823242, -24.34833526611328, 0.0]",-92.11406707763672,True,True,True
7,acceptable_pareto,Acceptable Pareto Assignment,251,"[0.6, 0.0, 0.0, 0.4]",True,stage2_ext_004_obj_2,"[-157.65834045410156, -26.569791793823242, -24.34833526611328, 0.0]",-94.59500885009766,True,True,True
7,acceptable_pareto,Acceptable Pareto Assignment,252,"[0.6, 0.0, 0.1, 0.3]",True,stage2_ext_004_obj_2,"[-157.65834045410156, -26.569791793823242, -24.34833526611328, 0.0]",-97.02984619140625,True,True,True
7,acceptable_pareto,Acceptable Pareto Assignment,253,"[0.6, 0.0, 0.2, 0.2]",True,stage2_ext_004_obj_2,"[-157.65834045410156, -26.569791793823242, -24.34833526611328, 0.0]",-99.46467590332031,True,True,True
7,acceptable_pareto,Acceptable Pareto Assignment,254,"[0.6, 0.0, 0.3, 0.1]",True,stage2_ext_004_obj_2,"[-157.65834045410156, -26.569791793823242, -24.34833526611328, 0.0]",-101.8995132446289,True,True,True
7,acceptable_pareto,Acceptable Pareto Assignment,255,"[0.6, 0.0, 0.4, 0.0]",True,stage2_ext_004_obj_2,"[-157.65834045410156, -26.569791793823242, -24.34833526611328, 0.0]",-104.33434295654297,True,True,True
7,acceptable_pareto,Acceptable Pareto Assignment,256,"[0.6, 0.1, 0.0, 0.3]",True,stage2_ext_004_obj_2,"[-157.65834045410156, -26.569791793823242, -24.34833526611328, 0.0]",-97.25199127197266,True,True,True
7,acceptable_pareto,Acceptable Pareto Assignment,257,"[0.6, 0.1, 0.1, 0.2]",True,stage2_ext_004_obj_2,"[-157.65834045410156, -26.569791793823242, -24.34833526611328, 0.0]",-99.68682861328125,True,True,True
7,acceptable_pareto,Acceptable Pareto Assignment,258,"[0.6, 0.1, 0.2, 0.1]",True,stage2_ext_004_obj_2,"[-157.65834045410156, -26.569791793823242, -24.34833526611328, 0.0]",-102.12165832519531,True,True,True
7,acceptable_pareto,Acceptable Pareto Assignment,259,"[0.6, 0.1, 0.3, 0.0]",True,stage2_ext_004_obj_2,"[-157.65834045410156, -26.569791793823242, -24.34833526611328, 0.0]",-104.5564956665039,True,True,True
7,acceptable_pareto,Acceptable Pareto Assignment,260,"[0.6, 0.2, 0.0, 0.2]",True,stage2_ext_004_obj_2,"[-157.65834045410156, -26.569791793823242, -24.34833526611328, 0.0]",-99.90896606445312,True,True,True
7,acceptable_pareto,Acceptable Pareto Assignment,261,"[0.6, 0.2, 0.1, 0.1]",True,stage2_ext_004_obj_2,"[-157.65834045410156, -26.569791793823242, -24.34833526611328, 0.0]",-102.34379577636719,True,True,True
7,acceptable_pareto,Acceptable Pareto Assignment,262,"[0.6, 0.2, 0.2, 0.0]",True,stage2_ext_004_obj_2,"[-157.65834045410156, -26.569791793823242, -24.34833526611328, 0.0]",-104.77863311767578,True,True,True
7,acceptable_pareto,Acceptable Pareto Assignment,263,"[0.6, 0.3, 0.0, 0.1]",True,stage2_ext_004_obj_2,"[-157.65834045410156, -26.569791793823242, -24.34833526611328, 0.0]",-102.56594848632812,True,True,True
7,acceptable_pareto,Acceptable Pareto Assignment,264,"[0.6, 0.3, 0.1, 0.0]",True,stage2_ext_004_obj_2,"[-157.65834045410156, -26.569791793823242, -24.34833526611328, 0.0]",-105.00077819824219,True,True,True
7,acceptable_pareto,Acceptable Pareto Assignment,265,"[0.6, 0.4, 0.0, 0.0]",True,stage2_ext_004_obj_2,"[-157.65834045410156, -26.569791793823242, -24.34833526611328, 0.0]",-105.2229232788086,True,True,True
7,acceptable_pareto,Acceptable Pareto Assignment,266,"[0.7, 0.0, 0.0, 0.3]",True,stage2_ext_004_obj_2,"[-157.65834045410156, -26.569791793823242, -24.34833526611328, 0.0]",-110.36083984375,True,True,True
7,acceptable_pareto,Acceptable Pareto Assignment,267,"[0.7, 0.0, 0.1, 0.2]",True,stage2_ext_004_obj_2,"[-157.65834045410156, -26.569791793823242, -24.34833526611328, 0.0]",-112.79566955566406,True,True,True
7,acceptable_pareto,Acceptable Pareto Assignment,268,"[0.7, 0.0, 0.2, 0.1]",True,stage2_ext_004_obj_2,"[-157.65834045410156, -26.569791793823242, -24.34833526611328, 0.0]",-115.23050689697266,True,True,True
7,acceptable_pareto,Acceptable Pareto Assignment,269,"[0.7, 0.0, 0.3, 0.0]",True,stage2_ext_004_obj_2,"[-157.65834045410156, -26.569791793823242, -24.34833526611328, 0.0]",-117.66534423828125,True,True,True
7,acceptable_pareto,Acceptable Pareto Assignment,270,"[0.7, 0.1, 0.0, 0.2]",True,stage2_ext_004_obj_2,"[-157.65834045410156, -26.569791793823242, -24.34833526611328, 0.0]",-113.017822265625,True,True,True
7,acceptable_pareto,Acceptable Pareto Assignment,271,"[0.7, 0.1, 0.1, 0.1]",True,stage2_ext_004_obj_2,"[-157.65834045410156, -26.569791793823242, -24.34833526611328, 0.0]",-115.45265197753906,True,True,True
7,acceptable_pareto,Acceptable Pareto Assignment,272,"[0.7, 0.1, 0.2, 0.0]",True,stage2_ext_004_obj_2,"[-157.65834045410156, -26.569791793823242, -24.34833526611328, 0.0]",-117.88748931884766,True,True,True
7,acceptable_pareto,Acceptable Pareto Assignment,273,"[0.7, 0.2, 0.0, 0.1]",True,stage2_ext_004_obj_2,"[-157.65834045410156, -26.569791793823242, -24.34833526611328, 0.0]",-115.67479705810547,True,True,True
7,acceptable_pareto,Acceptable Pareto Assignment,274,"[0.7, 0.2, 0.1, 0.0]",True,stage2_ext_004_obj_2,"[-157.65834045410156, -26.569791793823242, -24.34833526611328, 0.0]",-118.10963439941406,True,True,True
7,acceptable_pareto,Acceptable Pareto Assignment,275,"[0.7, 0.3, 0.0, 0.0]",True,stage2_ext_004_obj_2,"[-157.65834045410156, -26.569791793823242, -24.34833526611328, 0.0]",-118.33177947998047,True,True,True
7,acceptable_pareto,Acceptable Pareto Assignment,276,"[0.8, 0.0, 0.0, 0.2]",True,stage2_ext_004_obj_2,"[-157.65834045410156, -26.569791793823242, -24.34833526611328, 0.0]",-126.12667083740234,True,True,True
7,acceptable_pareto,Acceptable Pareto Assignment,277,"[0.8, 0.0, 0.1, 0.1]",True,stage2_ext_004_obj_2,"[-157.65834045410156, -26.569791793823242, -24.34833526611328, 0.0]",-128.56150817871094,True,True,True
7,acceptable_pareto,Acceptable Pareto Assignment,278,"[0.8, 0.0, 0.2, 0.0]",True,stage2_ext_004_obj_2,"[-157.65834045410156, -26.569791793823242, -24.34833526611328, 0.0]",-130.996337890625,True,True,True
7,acceptable_pareto,Acceptable Pareto Assignment,279,"[0.8, 0.1, 0.0, 0.1]",True,stage2_ext_004_obj_2,"[-157.65834045410156, -26.569791793823242, -24.34833526611328, 0.0]",-128.7836456298828,True,True,True
7,acceptable_pareto,Acceptable Pareto Assignment,280,"[0.8, 0.1, 0.1, 0.0]",True,stage2_ext_004_obj_2,"[-157.65834045410156, -26.569791793823242, -24.34833526611328, 0.0]",-131.21847534179688,True,True,True
7,acceptable_pareto,Acceptable Pareto Assignment,281,"[0.8, 0.2, 0.0, 0.0]",True,stage2_ext_004_obj_2,"[-157.65834045410156, -26.569791793823242, -24.34833526611328, 0.0]",-131.4406280517578,True,True,True
7,acceptable_pareto,Acceptable Pareto Assignment,282,"[0.9, 0.0, 0.0, 0.1]",True,stage2_ext_004_obj_2,"[-157.65834045410156, -26.569791793823242, -24.34833526611328, 0.0]",-141.8925018310547,True,True,True
7,acceptable_pareto,Acceptable Pareto Assignment,283,"[0.9, 0.0, 0.1, 0.0]",True,stage2_ext_004_obj_2,"[-157.65834045410156, -26.569791793823242, -24.34833526611328, 0.0]",-144.32733154296875,True,True,True
7,acceptable_pareto,Acceptable Pareto Assignment,284,"[0.9, 0.1, 0.0, 0.0]",True,stage2_ext_004_obj_2,"[-157.65834045410156, -26.569791793823242, -24.34833526611328, 0.0]",-144.5494842529297,True,True,True
7,acceptable_pareto,Acceptable Pareto Assignment,285,"[1.0, 0.0, 0.0, 0.0]",True,stage2_ext_004_obj_2,"[-157.65834045410156, -26.569791793823242, -24.34833526611328, 0.0]",-157.65834045410156,True,True,True
11,raw_pareto,Raw Pareto Assignment,0,"[0.0, 0.0, 0.0, 1.0]",True,stage2_ext_005_obj_1,"[-170.60000610351562, -27.774999618530273, -18.80000114440918, 0.0]",0.0,True,True,True
11,raw_pareto,Raw Pareto Assignment,1,"[0.0, 0.0, 0.1, 0.9]",True,stage2_ext_005_obj_1,"[-170.60000610351562, -27.774999618530273, -18.80000114440918, 0.0]",-1.880000114440918,True,True,True
11,raw_pareto,Raw Pareto Assignment,2,"[0.0, 0.0, 0.2, 0.8]",True,stage2_ext_005_obj_1,"[-170.60000610351562, -27.774999618530273, -18.80000114440918, 0.0]",-3.760000228881836,True,True,True
11,raw_pareto,Raw Pareto Assignment,3,"[0.0, 0.0, 0.3, 0.7]",True,stage2_ext_005_obj_1,"[-170.60000610351562, -27.774999618530273, -18.80000114440918, 0.0]",-5.640000343322754,True,True,True
11,raw_pareto,Raw Pareto Assignment,4,"[0.0, 0.0, 0.4, 0.6]",True,stage2_ext_005_obj_1,"[-170.60000610351562, -27.774999618530273, -18.80000114440918, 0.0]",-7.520000457763672,True,True,True
11,raw_pareto,Raw Pareto Assignment,5,"[0.0, 0.0, 0.5, 0.5]",True,stage2_ext_005_obj_1,"[-170.60000610351562, -27.774999618530273, -18.80000114440918, 0.0]",-9.40000057220459,True,True,True
11,raw_pareto,Raw Pareto Assignment,6,"[0.0, 0.0, 0.6, 0.4]",True,stage2_ext_005_obj_1,"[-170.60000610351562, -27.774999618530273, -18.80000114440918, 0.0]",-11.280000686645508,True,True,True
11,raw_pareto,Raw Pareto Assignment,7,"[0.0, 0.0, 0.7, 0.3]",True,stage2_ext_005_obj_1,"[-170.60000610351562, -27.774999618530273, -18.80000114440918, 0.0]",-13.160000801086426,True,True,True
11,raw_pareto,Raw Pareto Assignment,8,"[0.0, 0.0, 0.8, 0.2]",True,stage2_ext_005_obj_1,"[-170.60000610351562, -27.774999618530273, -18.80000114440918, 0.0]",-15.040000915527344,True,True,True
11,raw_pareto,Raw Pareto Assignment,9,"[0.0, 0.0, 0.9, 0.1]",True,stage2_ext_005_obj_1,"[-170.60000610351562, -27.774999618530273, -18.80000114440918, 0.0]",-16.920000076293945,True,True,True
11,raw_pareto,Raw Pareto Assignment,10,"[0.0, 0.0, 1.0, 0.0]",True,stage2_ext_005_obj_1,"[-170.60000610351562, -27.774999618530273, -18.80000114440918, 0.0]",-18.80000114440918,True,True,True
11,raw_pareto,Raw Pareto Assignment,11,"[0.0, 0.1, 0.0, 0.9]",True,stage2_ext_009_obj_1,"[-109.95832824707031, -17.677812576293945, -19.01125144958496, 0.0]",-1.7677812576293945,True,True,True
11,raw_pareto,Raw Pareto Assignment,12,"[0.0, 0.1, 0.1, 0.8]",True,stage2_ext_009_obj_1,"[-109.95832824707031, -17.677812576293945, -19.01125144958496, 0.0]",-3.6689064502716064,True,True,True
11,raw_pareto,Raw Pareto Assignment,13,"[0.0, 0.1, 0.2, 0.7]",True,stage2_ext_009_obj_1,"[-109.95832824707031, -17.677812576293945, -19.01125144958496, 0.0]",-5.570031642913818,True,True,True
11,raw_pareto,Raw Pareto Assignment,14,"[0.0, 0.1, 0.3, 0.6]",True,stage2_ext_009_obj_1,"[-109.95832824707031, -17.677812576293945, -19.01125144958496, 0.0]",-7.471157073974609,True,True,True
11,raw_pareto,Raw Pareto Assignment,15,"[0.0, 0.1, 0.4, 0.5]",True,stage2_ext_009_obj_1,"[-109.95832824707031, -17.677812576293945, -19.01125144958496, 0.0]",-9.372282028198242,True,True,True
11,raw_pareto,Raw Pareto Assignment,16,"[0.0, 0.1, 0.5, 0.4]",True,stage2_ext_009_obj_1,"[-109.95832824707031, -17.677812576293945, -19.01125144958496, 0.0]",-11.273406982421875,True,True,True
11,raw_pareto,Raw Pareto Assignment,17,"[0.0, 0.1, 0.6, 0.3]",True,stage2_ext_009_obj_1,"[-109.95832824707031, -17.677812576293945, -19.01125144958496, 0.0]",-13.174532890319824,True,True,True
11,raw_pareto,Raw Pareto Assignment,18,"[0.0, 0.1, 0.7, 0.2]",True,stage2_ext_009_obj_1,"[-109.95832824707031, -17.677812576293945, -19.01125144958496, 0.0]",-15.07565689086914,True,True,True
11,raw_pareto,Raw Pareto Assignment,19,"[0.0, 0.1, 0.8, 0.1]",True,stage2_ext_009_obj_1,"[-109.95832824707031, -17.677812576293945, -19.01125144958496, 0.0]",-16.976783752441406,True,True,True
11,raw_pareto,Raw Pareto Assignment,20,"[0.0, 0.1, 0.9, 0.0]",True,stage2_ext_009_obj_1,"[-109.95832824707031, -17.677812576293945, -19.01125144958496, 0.0]",-18.877906799316406,True,True,True
11,raw_pareto,Raw Pareto Assignment,21,"[0.0, 0.2, 0.0, 0.8]",True,stage2_ext_009_obj_1,"[-109.95832824707031, -17.677812576293945, -19.01125144958496, 0.0]",-3.535562515258789,True,True,True
11,raw_pareto,Raw Pareto Assignment,22,"[0.0, 0.2, 0.1, 0.7]",True,stage2_ext_009_obj_1,"[-109.95832824707031, -17.677812576293945, -19.01125144958496, 0.0]",-5.436687469482422,True,True,True
11,raw_pareto,Raw Pareto Assignment,23,"[0.0, 0.2, 0.2, 0.6]",True,stage2_ext_009_obj_1,"[-109.95832824707031, -17.677812576293945, -19.01125144958496, 0.0]",-7.337812900543213,True,True,True
11,raw_pareto,Raw Pareto Assignment,24,"[0.0, 0.2, 0.3, 0.5]",True,stage2_ext_009_obj_1,"[-109.95832824707031, -17.677812576293945, -19.01125144958496, 0.0]",-9.238938331604004,True,True,True
11,raw_pareto,Raw Pareto Assignment,25,"[0.0, 0.2, 0.4, 0.4]",True,stage2_ext_009_obj_1,"[-109.95832824707031, -17.677812576293945, -19.01125144958496, 0.0]",-11.140063285827637,True,True,True
11,raw_pareto,Raw Pareto Assignment,26,"[0.0, 0.2, 0.5, 0.3]",True,stage2_ext_009_obj_1,"[-109.95832824707031, -17.677812576293945, -19.01125144958496, 0.0]",-13.04118824005127,True,True,True
11,raw_pareto,Raw Pareto Assignment,27,"[0.0, 0.2, 0.6, 0.2]",True,stage2_ext_009_obj_1,"[-109.95832824707031, -17.677812576293945, -19.01125144958496, 0.0]",-14.942314147949219,True,True,True
11,raw_pareto,Raw Pareto Assignment,28,"[0.0, 0.2, 0.7, 0.1]",True,stage2_ext_009_obj_1,"[-109.95832824707031, -17.677812576293945, -19.01125144958496, 0.0]",-16.84343719482422,True,True,True
11,raw_pareto,Raw Pareto Assignment,29,"[0.0, 0.2, 0.8, 0.0]",True,stage2_ext_009_obj_1,"[-109.95832824707031, -17.677812576293945, -19.01125144958496, 0.0]",-18.744564056396484,True,True,True
11,raw_pareto,Raw Pareto Assignment,30,"[0.0, 0.3, 0.0, 0.7]",True,stage2_ext_009_obj_1,"[-109.95832824707031, -17.677812576293945, -19.01125144958496, 0.0]",-5.303343772888184,True,True,True
11,raw_pareto,Raw Pareto Assignment,31,"[0.0, 0.3, 0.1, 0.6]",True,stage2_ext_009_obj_1,"[-109.95832824707031, -17.677812576293945, -19.01125144958496, 0.0]",-7.204468727111816,True,True,True
11,raw_pareto,Raw Pareto Assignment,32,"[0.0, 0.3, 0.2, 0.5]",True,stage2_ext_009_obj_1,"[-109.95832824707031, -17.677812576293945, -19.01125144958496, 0.0]",-9.105594635009766,True,True,True
11,raw_pareto,Raw Pareto Assignment,33,"[0.0, 0.3, 0.3, 0.4]",True,stage2_ext_009_obj_1,"[-109.95832824707031, -17.677812576293945, -19.01125144958496, 0.0]",-11.006719589233398,True,True,True
11,raw_pareto,Raw Pareto Assignment,34,"[0.0, 0.3, 0.4, 0.3]",True,stage2_ext_009_obj_1,"[-109.95832824707031, -17.677812576293945, -19.01125144958496, 0.0]",-12.907844543457031,True,True,True
11,raw_pareto,Raw Pareto Assignment,35,"[0.0, 0.3, 0.5, 0.2]",True,stage2_ext_009_obj_1,"[-109.95832824707031, -17.677812576293945, -19.01125144958496, 0.0]",-14.808969497680664,True,True,True
11,raw_pareto,Raw Pareto Assignment,36,"[0.0, 0.3, 0.6, 0.1]",True,stage2_ext_009_obj_1,"[-109.95832824707031, -17.677812576293945, -19.01125144958496, 0.0]",-16.710094451904297,True,True,True
11,raw_pareto,Raw Pareto Assignment,37,"[0.0, 0.3, 0.7, 0.0]",True,stage2_ext_009_obj_1,"[-109.95832824707031, -17.677812576293945, -19.01125144958496, 0.0]",-18.61121940612793,True,True,True
11,raw_pareto,Raw Pareto Assignment,38,"[0.0, 0.4, 0.0, 0.6]",True,stage2_ext_009_obj_1,"[-109.95832824707031, -17.677812576293945, -19.01125144958496, 0.0]",-7.071125030517578,True,True,True
11,raw_pareto,Raw Pareto Assignment,39,"[0.0, 0.4, 0.1, 0.5]",True,stage2_ext_009_obj_1,"[-109.95832824707031, -17.677812576293945, -19.01125144958496, 0.0]",-8.972249984741211,True,True,True
11,raw_pareto,Raw Pareto Assignment,40,"[0.0, 0.4, 0.2, 0.4]",True,stage2_ext_009_obj_1,"[-109.95832824707031, -17.677812576293945, -19.01125144958496, 0.0]",-10.873374938964844,True,True,True
11,raw_pareto,Raw Pareto Assignment,41,"[0.0, 0.4, 0.3, 0.3]",True,stage2_ext_009_obj_1,"[-109.95832824707031, -17.677812576293945, -19.01125144958496, 0.0]",-12.774500846862793,True,True,True
11,raw_pareto,Raw Pareto Assignment,42,"[0.0, 0.4, 0.4, 0.2]",True,stage2_ext_009_obj_1,"[-109.95832824707031, -17.677812576293945, -19.01125144958496, 0.0]",-14.675625801086426,True,True,True
11,raw_pareto,Raw Pareto Assignment,43,"[0.0, 0.4, 0.5, 0.1]",True,stage2_ext_009_obj_1,"[-109.95832824707031, -17.677812576293945, -19.01125144958496, 0.0]",-16.576751708984375,True,True,True
11,raw_pareto,Raw Pareto Assignment,44,"[0.0, 0.4, 0.6, 0.0]",True,stage2_ext_009_obj_1,"[-109.95832824707031, -17.677812576293945, -19.01125144958496, 0.0]",-18.477876663208008,True,True,True
11,raw_pareto,Raw Pareto Assignment,45,"[0.0, 0.5, 0.0, 0.5]",True,stage2_ext_009_obj_1,"[-109.95832824707031, -17.677812576293945, -19.01125144958496, 0.0]",-8.838906288146973,True,True,True
11,raw_pareto,Raw Pareto Assignment,46,"[0.0, 0.5, 0.1, 0.4]",True,stage2_ext_009_obj_1,"[-109.95832824707031, -17.677812576293945, -19.01125144958496, 0.0]",-10.740031242370605,True,True,True
11,raw_pareto,Raw Pareto Assignment,47,"[0.0, 0.5, 0.2, 0.3]",True,stage2_ext_009_obj_1,"[-109.95832824707031, -17.677812576293945, -19.01125144958496, 0.0]",-12.641157150268555,True,True,True
11,raw_pareto,Raw Pareto Assignment,48,"[0.0, 0.5, 0.3, 0.2]",True,stage2_ext_009_obj_1,"[-109.95832824707031, -17.677812576293945, -19.01125144958496, 0.0]",-14.542282104492188,True,True,True
11,raw_pareto,Raw Pareto Assignment,49,"[0.0, 0.5, 0.4, 0.1]",True,stage2_ext_009_obj_1,"[-109.95832824707031, -17.677812576293945, -19.01125144958496, 0.0]",-16.44340705871582,True,True,True
11,raw_pareto,Raw Pareto Assignment,50,"[0.0, 0.5, 0.5, 0.0]",True,stage2_ext_009_obj_1,"[-109.95832824707031, -17.677812576293945, -19.01125144958496, 0.0]",-18.344532012939453,True,True,True
11,raw_pareto,Raw Pareto Assignment,51,"[0.0, 0.6, 0.0, 0.4]",True,stage2_ext_009_obj_1,"[-109.95832824707031, -17.677812576293945, -19.01125144958496, 0.0]",-10.606687545776367,True,True,True
11,raw_pareto,Raw Pareto Assignment,52,"[0.0, 0.6, 0.1, 0.3]",True,stage2_ext_009_obj_1,"[-109.95832824707031, -17.677812576293945, -19.01125144958496, 0.0]",-12.5078125,True,True,True
11,raw_pareto,Raw Pareto Assignment,53,"[0.0, 0.6, 0.2, 0.2]",True,stage2_ext_009_obj_1,"[-109.95832824707031, -17.677812576293945, -19.01125144958496, 0.0]",-14.408937454223633,True,True,True
11,raw_pareto,Raw Pareto Assignment,54,"[0.0, 0.6, 0.3, 0.1]",True,stage2_ext_009_obj_1,"[-109.95832824707031, -17.677812576293945, -19.01125144958496, 0.0]",-16.310062408447266,True,True,True
11,raw_pareto,Raw Pareto Assignment,55,"[0.0, 0.6, 0.4, 0.0]",True,stage2_ext_009_obj_1,"[-109.95832824707031, -17.677812576293945, -19.01125144958496, 0.0]",-18.21118927001953,True,True,True
11,raw_pareto,Raw Pareto Assignment,56,"[0.0, 0.7, 0.0, 0.3]",True,stage2_ext_009_obj_1,"[-109.95832824707031, -17.677812576293945, -19.01125144958496, 0.0]",-12.374468803405762,True,True,True
11,raw_pareto,Raw Pareto Assignment,57,"[0.0, 0.7, 0.1, 0.2]",True,stage2_ext_009_obj_1,"[-109.95832824707031, -17.677812576293945, -19.01125144958496, 0.0]",-14.275593757629395,True,True,True
11,raw_pareto,Raw Pareto Assignment,58,"[0.0, 0.7, 0.2, 0.1]",True,stage2_ext_009_obj_1,"[-109.95832824707031, -17.677812576293945, -19.01125144958496, 0.0]",-16.176719665527344,True,True,True
11,raw_pareto,Raw Pareto Assignment,59,"[0.0, 0.7, 0.3, 0.0]",True,stage2_ext_009_obj_1,"[-109.95832824707031, -17.677812576293945, -19.01125144958496, 0.0]",-18.077844619750977,True,True,True
11,raw_pareto,Raw Pareto Assignment,60,"[0.0, 0.8, 0.0, 0.2]",True,stage2_ext_009_obj_1,"[-109.95832824707031, -17.677812576293945, -19.01125144958496, 0.0]",-14.142250061035156,True,True,True
11,raw_pareto,Raw Pareto Assignment,61,"[0.0, 0.8, 0.1, 0.1]",True,stage2_ext_009_obj_1,"[-109.95832824707031, -17.677812576293945, -19.01125144958496, 0.0]",-16.04337501525879,True,True,True
11,raw_pareto,Raw Pareto Assignment,62,"[0.0, 0.8, 0.2, 0.0]",True,stage2_ext_009_obj_1,"[-109.95832824707031, -17.677812576293945, -19.01125144958496, 0.0]",-17.944499969482422,True,True,True
11,raw_pareto,Raw Pareto Assignment,63,"[0.0, 0.9, 0.0, 0.1]",True,stage2_ext_009_obj_1,"[-109.95832824707031, -17.677812576293945, -19.01125144958496, 0.0]",-15.91003131866455,True,True,True
11,raw_pareto,Raw Pareto Assignment,64,"[0.0, 0.9, 0.1, 0.0]",True,stage2_ext_009_obj_1,"[-109.95832824707031, -17.677812576293945, -19.01125144958496, 0.0]",-17.8111572265625,True,True,True
11,raw_pareto,Raw Pareto Assignment,65,"[0.0, 1.0, 0.0, 0.0]",True,stage2_ext_009_obj_1,"[-109.95832824707031, -17.677812576293945, -19.01125144958496, 0.0]",-17.677812576293945,True,True,True
11,raw_pareto,Raw Pareto Assignment,66,"[0.1, 0.0, 0.0, 0.9]",True,stage2_ext_009_obj_1,"[-109.95832824707031, -17.677812576293945, -19.01125144958496, 0.0]",-10.995833396911621,True,True,True
11,raw_pareto,Raw Pareto Assignment,67,"[0.1, 0.0, 0.1, 0.8]",True,stage2_ext_009_obj_1,"[-109.95832824707031, -17.677812576293945, -19.01125144958496, 0.0]",-12.896958351135254,True,True,True
11,raw_pareto,Raw Pareto Assignment,68,"[0.1, 0.0, 0.2, 0.7]",True,stage2_ext_009_obj_1,"[-109.95832824707031, -17.677812576293945, -19.01125144958496, 0.0]",-14.798084259033203,True,True,True
11,raw_pareto,Raw Pareto Assignment,69,"[0.1, 0.0, 0.3, 0.6]",True,stage2_ext_009_obj_1,"[-109.95832824707031, -17.677812576293945, -19.01125144958496, 0.0]",-16.699209213256836,True,True,True
11,raw_pareto,Raw Pareto Assignment,70,"[0.1, 0.0, 0.4, 0.5]",True,stage2_ext_009_obj_1,"[-109.95832824707031, -17.677812576293945, -19.01125144958496, 0.0]",-18.60033416748047,True,True,True
11,raw_pareto,Raw Pareto Assignment,71,"[0.1, 0.0, 0.5, 0.4]",True,stage2_ext_009_obj_1,"[-109.95832824707031, -17.677812576293945, -19.01125144958496, 0.0]",-20.5014591217041,True,True,True
11,raw_pareto,Raw Pareto Assignment,72,"[0.1, 0.0, 0.6, 0.3]",True,stage2_ext_009_obj_1,"[-109.95832824707031, -17.677812576293945, -19.01125144958496, 0.0]",-22.402584075927734,True,True,True
11,raw_pareto,Raw Pareto Assignment,73,"[0.1, 0.0, 0.7, 0.2]",True,stage2_ext_009_obj_1,"[-109.95832824707031, -17.677812576293945, -19.01125144958496, 0.0]",-24.303709030151367,True,True,True
11,raw_pareto,Raw Pareto Assignment,74,"[0.1, 0.0, 0.8, 0.1]",True,stage2_ext_009_obj_1,"[-109.95832824707031, -17.677812576293945, -19.01125144958496, 0.0]",-26.204833984375,True,True,True
11,raw_pareto,Raw Pareto Assignment,75,"[0.1, 0.0, 0.9, 0.0]",True,stage2_ext_009_obj_1,"[-109.95832824707031, -17.677812576293945, -19.01125144958496, 0.0]",-28.105960845947266,True,True,True
11,raw_pareto,Raw Pareto Assignment,76,"[0.1, 0.1, 0.0, 0.8]",True,stage2_ext_009_obj_1,"[-109.95832824707031, -17.677812576293945, -19.01125144958496, 0.0]",-12.763614654541016,True,True,True
11,raw_pareto,Raw Pareto Assignment,77,"[0.1, 0.1, 0.1, 0.7]",True,stage2_ext_009_obj_1,"[-109.95832824707031, -17.677812576293945, -19.01125144958496, 0.0]",-14.664739608764648,True,True,True
11,raw_pareto,Raw Pareto Assignment,78,"[0.1, 0.1, 0.2, 0.6]",True,stage2_ext_009_obj_1,"[-109.95832824707031, -17.677812576293945, -19.01125144958496, 0.0]",-16.56586456298828,True,True,True
11,raw_pareto,Raw Pareto Assignment,79,"[0.1, 0.1, 0.3, 0.5]",True,stage2_ext_009_obj_1,"[-109.95832824707031, -17.677812576293945, -19.01125144958496, 0.0]",-18.466991424560547,True,True,True
11,raw_pareto,Raw Pareto Assignment,80,"[0.1, 0.1, 0.4, 0.4]",True,stage2_ext_009_obj_1,"[-109.95832824707031, -17.677812576293945, -19.01125144958496, 0.0]",-20.368114471435547,True,True,True
11,raw_pareto,Raw Pareto Assignment,81,"[0.1, 0.1, 0.5, 0.3]",True,stage2_ext_009_obj_1,"[-109.95832824707031, -17.677812576293945, -19.01125144958496, 0.0]",-22.269241333007812,True,True,True
11,raw_pareto,Raw Pareto Assignment,82,"[0.1, 0.1, 0.6, 0.2]",True,stage2_ext_009_obj_1,"[-109.95832824707031, -17.677812576293945, -19.01125144958496, 0.0]",-24.170366287231445,True,True,True
11,raw_pareto,Raw Pareto Assignment,83,"[0.1, 0.1, 0.7, 0.1]",True,stage2_ext_009_obj_1,"[-109.95832824707031, -17.677812576293945, -19.01125144958496, 0.0]",-26.071491241455078,True,True,True
11,raw_pareto,Raw Pareto Assignment,84,"[0.1, 0.1, 0.8, 0.0]",True,stage2_ext_009_obj_1,"[-109.95832824707031, -17.677812576293945, -19.01125144958496, 0.0]",-27.97261619567871,True,True,True
11,raw_pareto,Raw Pareto Assignment,85,"[0.1, 0.2, 0.0, 0.7]",True,stage2_ext_009_obj_1,"[-109.95832824707031, -17.677812576293945, -19.01125144958496, 0.0]",-14.53139591217041,True,True,True
11,raw_pareto,Raw Pareto Assignment,86,"[0.1, 0.2, 0.1, 0.6]",True,stage2_ext_009_obj_1,"[-109.95832824707031, -17.677812576293945, -19.01125144958496, 0.0]",-16.43252182006836,True,True,True
11,raw_pareto,Raw Pareto Assignment,87,"[0.1, 0.2, 0.2, 0.5]",True,stage2_ext_009_obj_1,"[-109.95832824707031, -17.677812576293945, -19.01125144958496, 0.0]",-18.333646774291992,True,True,True
11,raw_pareto,Raw Pareto Assignment,88,"[0.1, 0.2, 0.3, 0.4]",True,stage2_ext_009_obj_1,"[-109.95832824707031, -17.677812576293945, -19.01125144958496, 0.0]",-20.234771728515625,True,True,True
11,raw_pareto,Raw Pareto Assignment,89,"[0.1, 0.2, 0.4, 0.3]",True,stage2_ext_009_obj_1,"[-109.95832824707031, -17.677812576293945, -19.01125144958496, 0.0]",-22.135896682739258,True,True,True
11,raw_pareto,Raw Pareto Assignment,90,"[0.1, 0.2, 0.5, 0.2]",True,stage2_ext_009_obj_1,"[-109.95832824707031, -17.677812576293945, -19.01125144958496, 0.0]",-24.03702163696289,True,True,True
11,raw_pareto,Raw Pareto Assignment,91,"[0.1, 0.2, 0.6, 0.1]",True,stage2_ext_009_obj_1,"[-109.95832824707031, -17.677812576293945, -19.01125144958496, 0.0]",-25.938148498535156,True,True,True
11,raw_pareto,Raw Pareto Assignment,92,"[0.1, 0.2, 0.7, 0.0]",True,stage2_ext_009_obj_1,"[-109.95832824707031, -17.677812576293945, -19.01125144958496, 0.0]",-27.839271545410156,True,True,True
11,raw_pareto,Raw Pareto Assignment,93,"[0.1, 0.3, 0.0, 0.6]",True,stage2_ext_009_obj_1,"[-109.95832824707031, -17.677812576293945, -19.01125144958496, 0.0]",-16.299177169799805,True,True,True
11,raw_pareto,Raw Pareto Assignment,94,"[0.1, 0.3, 0.1, 0.5]",True,stage2_ext_009_obj_1,"[-109.95832824707031, -17.677812576293945, -19.01125144958496, 0.0]",-18.200302124023438,True,True,True
11,raw_pareto,Raw Pareto Assignment,95,"[0.1, 0.3, 0.2, 0.4]",True,stage2_ext_009_obj_1,"[-109.95832824707031, -17.677812576293945, -19.01125144958496, 0.0]",-20.10142707824707,True,True,True
11,raw_pareto,Raw Pareto Assignment,96,"[0.1, 0.3, 0.3, 0.3]",True,stage2_ext_009_obj_1,"[-109.95832824707031, -17.677812576293945, -19.01125144958496, 0.0]",-22.002552032470703,True,True,True
11,raw_pareto,Raw Pareto Assignment,97,"[0.1, 0.3, 0.4, 0.2]",True,stage2_ext_009_obj_1,"[-109.95832824707031, -17.677812576293945, -19.01125144958496, 0.0]",-23.90367889404297,True,True,True
11,raw_pareto,Raw Pareto Assignment,98,"[0.1, 0.3, 0.5, 0.1]",True,stage2_ext_009_obj_1,"[-109.95832824707031, -17.677812576293945, -19.01125144958496, 0.0]",-25.80480194091797,True,True,True
11,raw_pareto,Raw Pareto Assignment,99,"[0.1, 0.3, 0.6, 0.0]",True,stage2_ext_009_obj_1,"[-109.95832824707031, -17.677812576293945, -19.01125144958496, 0.0]",-27.705928802490234,True,True,True
11,raw_pareto,Raw Pareto Assignment,100,"[0.1, 0.4, 0.0, 0.5]",True,stage2_ext_009_obj_1,"[-109.95832824707031, -17.677812576293945, -19.01125144958496, 0.0]",-18.066959381103516,True,True,True
11,raw_pareto,Raw Pareto Assignment,101,"[0.1, 0.4, 0.1, 0.4]",True,stage2_ext_009_obj_1,"[-109.95832824707031, -17.677812576293945, -19.01125144958496, 0.0]",-19.96808433532715,True,True,True
11,raw_pareto,Raw Pareto Assignment,102,"[0.1, 0.4, 0.2, 0.3]",True,stage2_ext_009_obj_1,"[-109.95832824707031, -17.677812576293945, -19.01125144958496, 0.0]",-21.86920928955078,True,True,True
11,raw_pareto,Raw Pareto Assignment,103,"[0.1, 0.4, 0.3, 0.2]",True,stage2_ext_009_obj_1,"[-109.95832824707031, -17.677812576293945, -19.01125144958496, 0.0]",-23.770336151123047,True,True,True
11,raw_pareto,Raw Pareto Assignment,104,"[0.1, 0.4, 0.4, 0.1]",True,stage2_ext_009_obj_1,"[-109.95832824707031, -17.677812576293945, -19.01125144958496, 0.0]",-25.671459197998047,True,True,True
11,raw_pareto,Raw Pareto Assignment,105,"[0.1, 0.4, 0.5, 0.0]",True,stage2_ext_009_obj_1,"[-109.95832824707031, -17.677812576293945, -19.01125144958496, 0.0]",-27.572586059570312,True,True,True
11,raw_pareto,Raw Pareto Assignment,106,"[0.1, 0.5, 0.0, 0.4]",True,stage2_ext_009_obj_1,"[-109.95832824707031, -17.677812576293945, -19.01125144958496, 0.0]",-19.834739685058594,True,True,True
11,raw_pareto,Raw Pareto Assignment,107,"[0.1, 0.5, 0.1, 0.3]",True,stage2_ext_009_obj_1,"[-109.95832824707031, -17.677812576293945, -19.01125144958496, 0.0]",-21.735864639282227,True,True,True
11,raw_pareto,Raw Pareto Assignment,108,"[0.1, 0.5, 0.2, 0.2]",True,stage2_ext_009_obj_1,"[-109.95832824707031, -17.677812576293945, -19.01125144958496, 0.0]",-23.63698959350586,True,True,True
11,raw_pareto,Raw Pareto Assignment,109,"[0.1, 0.5, 0.3, 0.1]",True,stage2_ext_009_obj_1,"[-109.95832824707031, -17.677812576293945, -19.01125144958496, 0.0]",-25.538116455078125,True,True,True
11,raw_pareto,Raw Pareto Assignment,110,"[0.1, 0.5, 0.4, 0.0]",True,stage2_ext_009_obj_1,"[-109.95832824707031, -17.677812576293945, -19.01125144958496, 0.0]",-27.439239501953125,True,True,True
11,raw_pareto,Raw Pareto Assignment,111,"[0.1, 0.6, 0.0, 0.3]",True,stage2_ext_009_obj_1,"[-109.95832824707031, -17.677812576293945, -19.01125144958496, 0.0]",-21.602519989013672,True,True,True
11,raw_pareto,Raw Pareto Assignment,112,"[0.1, 0.6, 0.1, 0.2]",True,stage2_ext_009_obj_1,"[-109.95832824707031, -17.677812576293945, -19.01125144958496, 0.0]",-23.503644943237305,True,True,True
11,raw_pareto,Raw Pareto Assignment,113,"[0.1, 0.6, 0.2, 0.1]",True,stage2_ext_009_obj_1,"[-109.95832824707031, -17.677812576293945, -19.01125144958496, 0.0]",-25.404769897460938,True,True,True
11,raw_pareto,Raw Pareto Assignment,114,"[0.1, 0.6, 0.3, 0.0]",True,stage2_ext_009_obj_1,"[-109.95832824707031, -17.677812576293945, -19.01125144958496, 0.0]",-27.305896759033203,True,True,True
11,raw_pareto,Raw Pareto Assignment,115,"[0.1, 0.7, 0.0, 0.2]",True,stage2_ext_009_obj_1,"[-109.95832824707031, -17.677812576293945, -19.01125144958496, 0.0]",-23.370302200317383,True,True,True
11,raw_pareto,Raw Pareto Assignment,116,"[0.1, 0.7, 0.1, 0.1]",True,stage2_ext_009_obj_1,"[-109.95832824707031, -17.677812576293945, -19.01125144958496, 0.0]",-25.271427154541016,True,True,True
11,raw_pareto,Raw Pareto Assignment,117,"[0.1, 0.7, 0.2, 0.0]",True,stage2_ext_009_obj_1,"[-109.95832824707031, -17.677812576293945, -19.01125144958496, 0.0]",-27.17255210876465,True,True,True
11,raw_pareto,Raw Pareto Assignment,118,"[0.1, 0.8, 0.0, 0.1]",True,stage2_ext_009_obj_1,"[-109.95832824707031, -17.677812576293945, -19.01125144958496, 0.0]",-25.138084411621094,True,True,True
11,raw_pareto,Raw Pareto Assignment,119,"[0.1, 0.8, 0.1, 0.0]",True,stage2_ext_009_obj_1,"[-109.95832824707031, -17.677812576293945, -19.01125144958496, 0.0]",-27.039209365844727,True,True,True
11,raw_pareto,Raw Pareto Assignment,120,"[0.1, 0.9, 0.0, 0.0]",True,stage2_ext_009_obj_1,"[-109.95832824707031, -17.677812576293945, -19.01125144958496, 0.0]",-26.905864715576172,True,True,True
11,raw_pareto,Raw Pareto Assignment,121,"[0.2, 0.0, 0.0, 0.8]",True,stage2_ext_009_obj_1,"[-109.95832824707031, -17.677812576293945, -19.01125144958496, 0.0]",-21.991666793823242,True,True,True
11,raw_pareto,Raw Pareto Assignment,122,"[0.2, 0.0, 0.1, 0.7]",True,stage2_ext_009_obj_1,"[-109.95832824707031, -17.677812576293945, -19.01125144958496, 0.0]",-23.892791748046875,True,True,True
11,raw_pareto,Raw Pareto Assignment,123,"[0.2, 0.0, 0.2, 0.6]",True,stage2_ext_009_obj_1,"[-109.95832824707031, -17.677812576293945, -19.01125144958496, 0.0]",-25.793916702270508,True,True,True
11,raw_pareto,Raw Pareto Assignment,124,"[0.2, 0.0, 0.3, 0.5]",True,stage2_ext_009_obj_1,"[-109.95832824707031, -17.677812576293945, -19.01125144958496, 0.0]",-27.69504165649414,True,True,True
11,raw_pareto,Raw Pareto Assignment,125,"[0.2, 0.0, 0.4, 0.4]",True,stage2_ext_009_obj_1,"[-109.95832824707031, -17.677812576293945, -19.01125144958496, 0.0]",-29.596168518066406,True,True,True
11,raw_pareto,Raw Pareto Assignment,126,"[0.2, 0.0, 0.5, 0.3]",True,stage2_ext_009_obj_1,"[-109.95832824707031, -17.677812576293945, -19.01125144958496, 0.0]",-31.497291564941406,True,True,True
11,raw_pareto,Raw Pareto Assignment,127,"[0.2, 0.0, 0.6, 0.2]",True,stage2_ext_009_obj_1,"[-109.95832824707031, -17.677812576293945, -19.01125144958496, 0.0]",-33.39841842651367,True,True,True
11,raw_pareto,Raw Pareto Assignment,128,"[0.2, 0.0, 0.7, 0.1]",True,stage2_ext_009_obj_1,"[-109.95832824707031, -17.677812576293945, -19.01125144958496, 0.0]",-35.29954147338867,True,True,True
11,raw_pareto,Raw Pareto Assignment,129,"[0.2, 0.0, 0.8, 0.0]",True,stage2_ext_009_obj_1,"[-109.95832824707031, -17.677812576293945, -19.01125144958496, 0.0]",-37.20066833496094,True,True,True
11,raw_pareto,Raw Pareto Assignment,130,"[0.2, 0.1, 0.0, 0.7]",True,stage2_ext_009_obj_1,"[-109.95832824707031, -17.677812576293945, -19.01125144958496, 0.0]",-23.759449005126953,True,True,True
11,raw_pareto,Raw Pareto Assignment,131,"[0.2, 0.1, 0.1, 0.6]",True,stage2_ext_009_obj_1,"[-109.95832824707031, -17.677812576293945, -19.01125144958496, 0.0]",-25.660573959350586,True,True,True
11,raw_pareto,Raw Pareto Assignment,132,"[0.2, 0.1, 0.2, 0.5]",True,stage2_ext_009_obj_1,"[-109.95832824707031, -17.677812576293945, -19.01125144958496, 0.0]",-27.56169891357422,True,True,True
11,raw_pareto,Raw Pareto Assignment,133,"[0.2, 0.1, 0.3, 0.4]",True,stage2_ext_009_obj_1,"[-109.95832824707031, -17.677812576293945, -19.01125144958496, 0.0]",-29.462825775146484,True,True,True
11,raw_pareto,Raw Pareto Assignment,134,"[0.2, 0.1, 0.4, 0.3]",True,stage2_ext_009_obj_1,"[-109.95832824707031, -17.677812576293945, -19.01125144958496, 0.0]",-31.363948822021484,True,True,True
11,raw_pareto,Raw Pareto Assignment,135,"[0.2, 0.1, 0.5, 0.2]",True,stage2_ext_009_obj_1,"[-109.95832824707031, -17.677812576293945, -19.01125144958496, 0.0]",-33.26507568359375,True,True,True
11,raw_pareto,Raw Pareto Assignment,136,"[0.2, 0.1, 0.6, 0.1]",True,stage2_ext_009_obj_1,"[-109.95832824707031, -17.677812576293945, -19.01125144958496, 0.0]",-35.16619873046875,True,True,True
11,raw_pareto,Raw Pareto Assignment,137,"[0.2, 0.1, 0.7, 0.0]",True,stage2_ext_009_obj_1,"[-109.95832824707031, -17.677812576293945, -19.01125144958496, 0.0]",-37.067325592041016,True,True,True
11,raw_pareto,Raw Pareto Assignment,138,"[0.2, 0.2, 0.0, 0.6]",True,stage2_ext_009_obj_1,"[-109.95832824707031, -17.677812576293945, -19.01125144958496, 0.0]",-25.52722930908203,True,True,True
11,raw_pareto,Raw Pareto Assignment,139,"[0.2, 0.2, 0.1, 0.5]",True,stage2_ext_009_obj_1,"[-109.95832824707031, -17.677812576293945, -19.01125144958496, 0.0]",-27.428354263305664,True,True,True
11,raw_pareto,Raw Pareto Assignment,140,"[0.2, 0.2, 0.2, 0.4]",True,stage2_ext_009_obj_1,"[-109.95832824707031, -17.677812576293945, -19.01125144958496, 0.0]",-29.329479217529297,True,True,True
11,raw_pareto,Raw Pareto Assignment,141,"[0.2, 0.2, 0.3, 0.3]",True,stage2_ext_009_obj_1,"[-109.95832824707031, -17.677812576293945, -19.01125144958496, 0.0]",-31.230606079101562,True,True,True
11,raw_pareto,Raw Pareto Assignment,142,"[0.2, 0.2, 0.4, 0.2]",True,stage2_ext_009_obj_1,"[-109.95832824707031, -17.677812576293945, -19.01125144958496, 0.0]",-33.13172912597656,True,True,True
11,raw_pareto,Raw Pareto Assignment,143,"[0.2, 0.2, 0.5, 0.1]",True,stage2_ext_009_obj_1,"[-109.95832824707031, -17.677812576293945, -19.01125144958496, 0.0]",-35.03285598754883,True,True,True
11,raw_pareto,Raw Pareto Assignment,144,"[0.2, 0.2, 0.6, 0.0]",True,stage2_ext_009_obj_1,"[-109.95832824707031, -17.677812576293945, -19.01125144958496, 0.0]",-36.933982849121094,True,True,True
11,raw_pareto,Raw Pareto Assignment,145,"[0.2, 0.3, 0.0, 0.5]",True,stage2_ext_009_obj_1,"[-109.95832824707031, -17.677812576293945, -19.01125144958496, 0.0]",-27.29500961303711,True,True,True
11,raw_pareto,Raw Pareto Assignment,146,"[0.2, 0.3, 0.1, 0.4]",True,stage2_ext_009_obj_1,"[-109.95832824707031, -17.677812576293945, -19.01125144958496, 0.0]",-29.196134567260742,True,True,True
11,raw_pareto,Raw Pareto Assignment,147,"[0.2, 0.3, 0.2, 0.3]",True,stage2_ext_009_obj_1,"[-109.95832824707031, -17.677812576293945, -19.01125144958496, 0.0]",-31.097259521484375,True,True,True
11,raw_pareto,Raw Pareto Assignment,148,"[0.2, 0.3, 0.3, 0.2]",True,stage2_ext_009_obj_1,"[-109.95832824707031, -17.677812576293945, -19.01125144958496, 0.0]",-32.99838638305664,True,True,True
11,raw_pareto,Raw Pareto Assignment,149,"[0.2, 0.3, 0.4, 0.1]",True,stage2_ext_009_obj_1,"[-109.95832824707031, -17.677812576293945, -19.01125144958496, 0.0]",-34.89950942993164,True,True,True
11,raw_pareto,Raw Pareto Assignment,150,"[0.2, 0.3, 0.5, 0.0]",True,stage2_ext_009_obj_1,"[-109.95832824707031, -17.677812576293945, -19.01125144958496, 0.0]",-36.800636291503906,True,True,True
11,raw_pareto,Raw Pareto Assignment,151,"[0.2, 0.4, 0.0, 0.4]",True,stage2_ext_009_obj_1,"[-109.95832824707031, -17.677812576293945, -19.01125144958496, 0.0]",-29.06279182434082,True,True,True
11,raw_pareto,Raw Pareto Assignment,152,"[0.2, 0.4, 0.1, 0.3]",True,stage2_ext_009_obj_1,"[-109.95832824707031, -17.677812576293945, -19.01125144958496, 0.0]",-30.963916778564453,True,True,True
11,raw_pareto,Raw Pareto Assignment,153,"[0.2, 0.4, 0.2, 0.2]",True,stage2_ext_009_obj_1,"[-109.95832824707031, -17.677812576293945, -19.01125144958496, 0.0]",-32.86504364013672,True,True,True
11,raw_pareto,Raw Pareto Assignment,154,"[0.2, 0.4, 0.3, 0.1]",True,stage2_ext_009_obj_1,"[-109.95832824707031, -17.677812576293945, -19.01125144958496, 0.0]",-34.76616668701172,True,True,True
11,raw_pareto,Raw Pareto Assignment,155,"[0.2, 0.4, 0.4, 0.0]",True,stage2_ext_009_obj_1,"[-109.95832824707031, -17.677812576293945, -19.01125144958496, 0.0]",-36.667293548583984,True,True,True
11,raw_pareto,Raw Pareto Assignment,156,"[0.2, 0.5, 0.0, 0.3]",True,stage2_ext_009_obj_1,"[-109.95832824707031, -17.677812576293945, -19.01125144958496, 0.0]",-30.83057403564453,True,True,True
11,raw_pareto,Raw Pareto Assignment,157,"[0.2, 0.5, 0.1, 0.2]",True,stage2_ext_009_obj_1,"[-109.95832824707031, -17.677812576293945, -19.01125144958496, 0.0]",-32.7317008972168,True,True,True
11,raw_pareto,Raw Pareto Assignment,158,"[0.2, 0.5, 0.2, 0.1]",True,stage2_ext_009_obj_1,"[-109.95832824707031, -17.677812576293945, -19.01125144958496, 0.0]",-34.6328239440918,True,True,True
11,raw_pareto,Raw Pareto Assignment,159,"[0.2, 0.5, 0.3, 0.0]",True,stage2_ext_009_obj_1,"[-109.95832824707031, -17.677812576293945, -19.01125144958496, 0.0]",-36.53395080566406,True,True,True
11,raw_pareto,Raw Pareto Assignment,160,"[0.2, 0.6, 0.0, 0.2]",True,stage2_ext_009_obj_1,"[-109.95832824707031, -17.677812576293945, -19.01125144958496, 0.0]",-32.59835433959961,True,True,True
11,raw_pareto,Raw Pareto Assignment,161,"[0.2, 0.6, 0.1, 0.1]",True,stage2_ext_009_obj_1,"[-109.95832824707031, -17.677812576293945, -19.01125144958496, 0.0]",-34.499481201171875,True,True,True
11,raw_pareto,Raw Pareto Assignment,162,"[0.2, 0.6, 0.2, 0.0]",True,stage2_ext_009_obj_1,"[-109.95832824707031, -17.677812576293945, -19.01125144958496, 0.0]",-36.400604248046875,True,True,True
11,raw_pareto,Raw Pareto Assignment,163,"[0.2, 0.7, 0.0, 0.1]",True,stage2_ext_009_obj_1,"[-109.95832824707031, -17.677812576293945, -19.01125144958496, 0.0]",-34.36613464355469,True,True,True
11,raw_pareto,Raw Pareto Assignment,164,"[0.2, 0.7, 0.1, 0.0]",True,stage2_ext_009_obj_1,"[-109.95832824707031, -17.677812576293945, -19.01125144958496, 0.0]",-36.26726150512695,True,True,True
11,raw_pareto,Raw Pareto Assignment,165,"[0.2, 0.8, 0.0, 0.0]",True,stage2_ext_009_obj_1,"[-109.95832824707031, -17.677812576293945, -19.01125144958496, 0.0]",-36.13391876220703,True,True,True
11,raw_pareto,Raw Pareto Assignment,166,"[0.3, 0.0, 0.0, 0.7]",True,stage2_ext_009_obj_1,"[-109.95832824707031, -17.677812576293945, -19.01125144958496, 0.0]",-32.98749923706055,True,True,True
11,raw_pareto,Raw Pareto Assignment,167,"[0.3, 0.0, 0.1, 0.6]",True,stage2_ext_009_obj_1,"[-109.95832824707031, -17.677812576293945, -19.01125144958496, 0.0]",-34.88862609863281,True,True,True
11,raw_pareto,Raw Pareto Assignment,168,"[0.3, 0.0, 0.2, 0.5]",True,stage2_ext_009_obj_1,"[-109.95832824707031, -17.677812576293945, -19.01125144958496, 0.0]",-36.78974914550781,True,True,True
11,raw_pareto,Raw Pareto Assignment,169,"[0.3, 0.0, 0.3, 0.4]",True,stage2_ext_009_obj_1,"[-109.95832824707031, -17.677812576293945, -19.01125144958496, 0.0]",-38.69087600708008,True,True,True
11,raw_pareto,Raw Pareto Assignment,170,"[0.3, 0.0, 0.4, 0.3]",True,stage2_ext_009_obj_1,"[-109.95832824707031, -17.677812576293945, -19.01125144958496, 0.0]",-40.59199905395508,True,True,True
11,raw_pareto,Raw Pareto Assignment,171,"[0.3, 0.0, 0.5, 0.2]",True,stage2_ext_009_obj_1,"[-109.95832824707031, -17.677812576293945, -19.01125144958496, 0.0]",-42.493125915527344,True,True,True
11,raw_pareto,Raw Pareto Assignment,172,"[0.3, 0.0, 0.6, 0.1]",True,stage2_ext_009_obj_1,"[-109.95832824707031, -17.677812576293945, -19.01125144958496, 0.0]",-44.394248962402344,True,True,True
11,raw_pareto,Raw Pareto Assignment,173,"[0.3, 0.0, 0.7, 0.0]",True,stage2_ext_009_obj_1,"[-109.95832824707031, -17.677812576293945, -19.01125144958496, 0.0]",-46.29537582397461,True,True,True
11,raw_pareto,Raw Pareto Assignment,174,"[0.3, 0.1, 0.0, 0.6]",True,stage2_ext_009_obj_1,"[-109.95832824707031, -17.677812576293945, -19.01125144958496, 0.0]",-34.755279541015625,True,True,True
11,raw_pareto,Raw Pareto Assignment,175,"[0.3, 0.1, 0.1, 0.5]",True,stage2_ext_009_obj_1,"[-109.95832824707031, -17.677812576293945, -19.01125144958496, 0.0]",-36.65640640258789,True,True,True
11,raw_pareto,Raw Pareto Assignment,176,"[0.3, 0.1, 0.2, 0.4]",True,stage2_ext_009_obj_1,"[-109.95832824707031, -17.677812576293945, -19.01125144958496, 0.0]",-38.55752944946289,True,True,True
11,raw_pareto,Raw Pareto Assignment,177,"[0.3, 0.1, 0.3, 0.3]",True,stage2_ext_009_obj_1,"[-109.95832824707031, -17.677812576293945, -19.01125144958496, 0.0]",-40.458656311035156,True,True,True
11,raw_pareto,Raw Pareto Assignment,178,"[0.3, 0.1, 0.4, 0.2]",True,stage2_ext_009_obj_1,"[-109.95832824707031, -17.677812576293945, -19.01125144958496, 0.0]",-42.359779357910156,True,True,True
11,raw_pareto,Raw Pareto Assignment,179,"[0.3, 0.1, 0.5, 0.1]",True,stage2_ext_009_obj_1,"[-109.95832824707031, -17.677812576293945, -19.01125144958496, 0.0]",-44.26090621948242,True,True,True
11,raw_pareto,Raw Pareto Assignment,180,"[0.3, 0.1, 0.6, 0.0]",True,stage2_ext_009_obj_1,"[-109.95832824707031, -17.677812576293945, -19.01125144958496, 0.0]",-46.16203308105469,True,True,True
11,raw_pareto,Raw Pareto Assignment,181,"[0.3, 0.2, 0.0, 0.5]",True,stage2_ext_009_obj_1,"[-109.95832824707031, -17.677812576293945, -19.01125144958496, 0.0]",-36.52306365966797,True,True,True
11,raw_pareto,Raw Pareto Assignment,182,"[0.3, 0.2, 0.1, 0.4]",True,stage2_ext_009_obj_1,"[-109.95832824707031, -17.677812576293945, -19.01125144958496, 0.0]",-38.424190521240234,True,True,True
11,raw_pareto,Raw Pareto Assignment,183,"[0.3, 0.2, 0.2, 0.3]",True,stage2_ext_009_obj_1,"[-109.95832824707031, -17.677812576293945, -19.01125144958496, 0.0]",-40.325313568115234,True,True,True
11,raw_pareto,Raw Pareto Assignment,184,"[0.3, 0.2, 0.3, 0.2]",True,stage2_ext_009_obj_1,"[-109.95832824707031, -17.677812576293945, -19.01125144958496, 0.0]",-42.2264404296875,True,True,True
11,raw_pareto,Raw Pareto Assignment,185,"[0.3, 0.2, 0.4, 0.1]",True,stage2_ext_009_obj_1,"[-109.95832824707031, -17.677812576293945, -19.01125144958496, 0.0]",-44.1275634765625,True,True,True
11,raw_pareto,Raw Pareto Assignment,186,"[0.3, 0.2, 0.5, 0.0]",True,stage2_ext_009_obj_1,"[-109.95832824707031, -17.677812576293945, -19.01125144958496, 0.0]",-46.028690338134766,True,True,True
11,raw_pareto,Raw Pareto Assignment,187,"[0.3, 0.3, 0.0, 0.4]",True,stage2_ext_009_obj_1,"[-109.95832824707031, -17.677812576293945, -19.01125144958496, 0.0]",-38.29084396362305,True,True,True
11,raw_pareto,Raw Pareto Assignment,188,"[0.3, 0.3, 0.1, 0.3]",True,stage2_ext_009_obj_1,"[-109.95832824707031, -17.677812576293945, -19.01125144958496, 0.0]",-40.19197082519531,True,True,True
11,raw_pareto,Raw Pareto Assignment,189,"[0.3, 0.3, 0.2, 0.2]",True,stage2_ext_009_obj_1,"[-109.95832824707031, -17.677812576293945, -19.01125144958496, 0.0]",-42.09309387207031,True,True,True
11,raw_pareto,Raw Pareto Assignment,190,"[0.3, 0.3, 0.3, 0.1]",True,stage2_ext_009_obj_1,"[-109.95832824707031, -17.677812576293945, -19.01125144958496, 0.0]",-43.99422073364258,True,True,True
11,raw_pareto,Raw Pareto Assignment,191,"[0.3, 0.3, 0.4, 0.0]",True,stage2_ext_009_obj_1,"[-109.95832824707031, -17.677812576293945, -19.01125144958496, 0.0]",-45.89534378051758,True,True,True
11,raw_pareto,Raw Pareto Assignment,192,"[0.3, 0.4, 0.0, 0.3]",True,stage2_ext_009_obj_1,"[-109.95832824707031, -17.677812576293945, -19.01125144958496, 0.0]",-40.058624267578125,True,True,True
11,raw_pareto,Raw Pareto Assignment,193,"[0.3, 0.4, 0.1, 0.2]",True,stage2_ext_009_obj_1,"[-109.95832824707031, -17.677812576293945, -19.01125144958496, 0.0]",-41.95975112915039,True,True,True
11,raw_pareto,Raw Pareto Assignment,194,"[0.3, 0.4, 0.2, 0.1]",True,stage2_ext_009_obj_1,"[-109.95832824707031, -17.677812576293945, -19.01125144958496, 0.0]",-43.86087417602539,True,True,True
11,raw_pareto,Raw Pareto Assignment,195,"[0.3, 0.4, 0.3, 0.0]",True,stage2_ext_009_obj_1,"[-109.95832824707031, -17.677812576293945, -19.01125144958496, 0.0]",-45.762001037597656,True,True,True
11,raw_pareto,Raw Pareto Assignment,196,"[0.3, 0.5, 0.0, 0.2]",True,stage2_ext_009_obj_1,"[-109.95832824707031, -17.677812576293945, -19.01125144958496, 0.0]",-41.8264045715332,True,True,True
11,raw_pareto,Raw Pareto Assignment,197,"[0.3, 0.5, 0.1, 0.1]",True,stage2_ext_009_obj_1,"[-109.95832824707031, -17.677812576293945, -19.01125144958496, 0.0]",-43.72753143310547,True,True,True
11,raw_pareto,Raw Pareto Assignment,198,"[0.3, 0.5, 0.2, 0.0]",True,stage2_ext_009_obj_1,"[-109.95832824707031, -17.677812576293945, -19.01125144958496, 0.0]",-45.62865447998047,True,True,True
11,raw_pareto,Raw Pareto Assignment,199,"[0.3, 0.6, 0.0, 0.1]",True,stage2_ext_009_obj_1,"[-109.95832824707031, -17.677812576293945, -19.01125144958496, 0.0]",-43.59418487548828,True,True,True
11,raw_pareto,Raw Pareto Assignment,200,"[0.3, 0.6, 0.1, 0.0]",True,stage2_ext_009_obj_1,"[-109.95832824707031, -17.677812576293945, -19.01125144958496, 0.0]",-45.49531173706055,True,True,True
11,raw_pareto,Raw Pareto Assignment,201,"[0.3, 0.7, 0.0, 0.0]",True,stage2_ext_009_obj_1,"[-109.95832824707031, -17.677812576293945, -19.01125144958496, 0.0]",-45.361968994140625,True,True,True
11,raw_pareto,Raw Pareto Assignment,202,"[0.4, 0.0, 0.0, 0.6]",True,stage2_ext_009_obj_1,"[-109.95832824707031, -17.677812576293945, -19.01125144958496, 0.0]",-43.983333587646484,True,True,True
11,raw_pareto,Raw Pareto Assignment,203,"[0.4, 0.0, 0.1, 0.5]",True,stage2_ext_009_obj_1,"[-109.95832824707031, -17.677812576293945, -19.01125144958496, 0.0]",-45.88446044921875,True,True,True
11,raw_pareto,Raw Pareto Assignment,204,"[0.4, 0.0, 0.2, 0.4]",True,stage2_ext_009_obj_1,"[-109.95832824707031, -17.677812576293945, -19.01125144958496, 0.0]",-47.78558349609375,True,True,True
11,raw_pareto,Raw Pareto Assignment,205,"[0.4, 0.0, 0.3, 0.3]",True,stage2_ext_009_obj_1,"[-109.95832824707031, -17.677812576293945, -19.01125144958496, 0.0]",-49.686710357666016,True,True,True
11,raw_pareto,Raw Pareto Assignment,206,"[0.4, 0.0, 0.4, 0.2]",True,stage2_ext_009_obj_1,"[-109.95832824707031, -17.677812576293945, -19.01125144958496, 0.0]",-51.587833404541016,True,True,True
11,raw_pareto,Raw Pareto Assignment,207,"[0.4, 0.0, 0.5, 0.1]",True,stage2_ext_009_obj_1,"[-109.95832824707031, -17.677812576293945, -19.01125144958496, 0.0]",-53.48896026611328,True,True,True
11,raw_pareto,Raw Pareto Assignment,208,"[0.4, 0.0, 0.6, 0.0]",True,stage2_ext_009_obj_1,"[-109.95832824707031, -17.677812576293945, -19.01125144958496, 0.0]",-55.39008331298828,True,True,True
11,raw_pareto,Raw Pareto Assignment,209,"[0.4, 0.1, 0.0, 0.5]",True,stage2_ext_009_obj_1,"[-109.95832824707031, -17.677812576293945, -19.01125144958496, 0.0]",-45.75111389160156,True,True,True
11,raw_pareto,Raw Pareto Assignment,210,"[0.4, 0.1, 0.1, 0.4]",True,stage2_ext_009_obj_1,"[-109.95832824707031, -17.677812576293945, -19.01125144958496, 0.0]",-47.65224075317383,True,True,True
11,raw_pareto,Raw Pareto Assignment,211,"[0.4, 0.1, 0.2, 0.3]",True,stage2_ext_009_obj_1,"[-109.95832824707031, -17.677812576293945, -19.01125144958496, 0.0]",-49.55336380004883,True,True,True
11,raw_pareto,Raw Pareto Assignment,212,"[0.4, 0.1, 0.3, 0.2]",True,stage2_ext_009_obj_1,"[-109.95832824707031, -17.677812576293945, -19.01125144958496, 0.0]",-51.454490661621094,True,True,True
11,raw_pareto,Raw Pareto Assignment,213,"[0.4, 0.1, 0.4, 0.1]",True,stage2_ext_009_obj_1,"[-109.95832824707031, -17.677812576293945, -19.01125144958496, 0.0]",-53.355613708496094,True,True,True
11,raw_pareto,Raw Pareto Assignment,214,"[0.4, 0.1, 0.5, 0.0]",True,stage2_ext_009_obj_1,"[-109.95832824707031, -17.677812576293945, -19.01125144958496, 0.0]",-55.25674057006836,True,True,True
11,raw_pareto,Raw Pareto Assignment,215,"[0.4, 0.2, 0.0, 0.4]",True,stage2_ext_009_obj_1,"[-109.95832824707031, -17.677812576293945, -19.01125144958496, 0.0]",-47.518898010253906,True,True,True
11,raw_pareto,Raw Pareto Assignment,216,"[0.4, 0.2, 0.1, 0.3]",True,stage2_ext_009_obj_1,"[-109.95832824707031, -17.677812576293945, -19.01125144958496, 0.0]",-49.42002487182617,True,True,True
11,raw_pareto,Raw Pareto Assignment,217,"[0.4, 0.2, 0.2, 0.2]",True,stage2_ext_009_obj_1,"[-109.95832824707031, -17.677812576293945, -19.01125144958496, 0.0]",-51.32114791870117,True,True,True
11,raw_pareto,Raw Pareto Assignment,218,"[0.4, 0.2, 0.3, 0.1]",True,stage2_ext_009_obj_1,"[-109.95832824707031, -17.677812576293945, -19.01125144958496, 0.0]",-53.22227478027344,True,True,True
11,raw_pareto,Raw Pareto Assignment,219,"[0.4, 0.2, 0.4, 0.0]",True,stage2_ext_009_obj_1,"[-109.95832824707031, -17.677812576293945, -19.01125144958496, 0.0]",-55.12339782714844,True,True,True
11,raw_pareto,Raw Pareto Assignment,220,"[0.4, 0.3, 0.0, 0.3]",True,stage2_ext_009_obj_1,"[-109.95832824707031, -17.677812576293945, -19.01125144958496, 0.0]",-49.286678314208984,True,True,True
11,raw_pareto,Raw Pareto Assignment,221,"[0.4, 0.3, 0.1, 0.2]",True,stage2_ext_009_obj_1,"[-109.95832824707031, -17.677812576293945, -19.01125144958496, 0.0]",-51.18780517578125,True,True,True
11,raw_pareto,Raw Pareto Assignment,222,"[0.4, 0.3, 0.2, 0.1]",True,stage2_ext_009_obj_1,"[-109.95832824707031, -17.677812576293945, -19.01125144958496, 0.0]",-53.08892822265625,True,True,True
11,raw_pareto,Raw Pareto Assignment,223,"[0.4, 0.3, 0.3, 0.0]",True,stage2_ext_009_obj_1,"[-109.95832824707031, -17.677812576293945, -19.01125144958496, 0.0]",-54.990055084228516,True,True,True
11,raw_pareto,Raw Pareto Assignment,224,"[0.4, 0.4, 0.0, 0.2]",True,stage2_ext_009_obj_1,"[-109.95832824707031, -17.677812576293945, -19.01125144958496, 0.0]",-51.05445861816406,True,True,True
11,raw_pareto,Raw Pareto Assignment,225,"[0.4, 0.4, 0.1, 0.1]",True,stage2_ext_009_obj_1,"[-109.95832824707031, -17.677812576293945, -19.01125144958496, 0.0]",-52.95558547973633,True,True,True
11,raw_pareto,Raw Pareto Assignment,226,"[0.4, 0.4, 0.2, 0.0]",True,stage2_ext_009_obj_1,"[-109.95832824707031, -17.677812576293945, -19.01125144958496, 0.0]",-54.85670852661133,True,True,True
11,raw_pareto,Raw Pareto Assignment,227,"[0.4, 0.5, 0.0, 0.1]",True,stage2_ext_009_obj_1,"[-109.95832824707031, -17.677812576293945, -19.01125144958496, 0.0]",-52.82223892211914,True,True,True
11,raw_pareto,Raw Pareto Assignment,228,"[0.4, 0.5, 0.1, 0.0]",True,stage2_ext_009_obj_1,"[-109.95832824707031, -17.677812576293945, -19.01125144958496, 0.0]",-54.723365783691406,True,True,True
11,raw_pareto,Raw Pareto Assignment,229,"[0.4, 0.6, 0.0, 0.0]",True,stage2_ext_009_obj_1,"[-109.95832824707031, -17.677812576293945, -19.01125144958496, 0.0]",-54.59001922607422,True,True,True
11,raw_pareto,Raw Pareto Assignment,230,"[0.5, 0.0, 0.0, 0.5]",True,stage2_ext_009_obj_1,"[-109.95832824707031, -17.677812576293945, -19.01125144958496, 0.0]",-54.979164123535156,True,True,True
11,raw_pareto,Raw Pareto Assignment,231,"[0.5, 0.0, 0.1, 0.4]",True,stage2_ext_009_obj_1,"[-109.95832824707031, -17.677812576293945, -19.01125144958496, 0.0]",-56.88029098510742,True,True,True
11,raw_pareto,Raw Pareto Assignment,232,"[0.5, 0.0, 0.2, 0.3]",True,stage2_ext_009_obj_1,"[-109.95832824707031, -17.677812576293945, -19.01125144958496, 0.0]",-58.78141403198242,True,True,True
11,raw_pareto,Raw Pareto Assignment,233,"[0.5, 0.0, 0.3, 0.2]",True,stage2_ext_009_obj_1,"[-109.95832824707031, -17.677812576293945, -19.01125144958496, 0.0]",-60.68254089355469,True,True,True
11,raw_pareto,Raw Pareto Assignment,234,"[0.5, 0.0, 0.4, 0.1]",True,stage2_ext_009_obj_1,"[-109.95832824707031, -17.677812576293945, -19.01125144958496, 0.0]",-62.58366394042969,True,True,True
11,raw_pareto,Raw Pareto Assignment,235,"[0.5, 0.0, 0.5, 0.0]",True,stage2_ext_009_obj_1,"[-109.95832824707031, -17.677812576293945, -19.01125144958496, 0.0]",-64.48478698730469,True,True,True
11,raw_pareto,Raw Pareto Assignment,236,"[0.5, 0.1, 0.0, 0.4]",True,stage2_ext_009_obj_1,"[-109.95832824707031, -17.677812576293945, -19.01125144958496, 0.0]",-56.746944427490234,True,True,True
11,raw_pareto,Raw Pareto Assignment,237,"[0.5, 0.1, 0.1, 0.3]",True,stage2_ext_009_obj_1,"[-109.95832824707031, -17.677812576293945, -19.01125144958496, 0.0]",-58.6480712890625,True,True,True
11,raw_pareto,Raw Pareto Assignment,238,"[0.5, 0.1, 0.2, 0.2]",True,stage2_ext_009_obj_1,"[-109.95832824707031, -17.677812576293945, -19.01125144958496, 0.0]",-60.5491943359375,True,True,True
11,raw_pareto,Raw Pareto Assignment,239,"[0.5, 0.1, 0.3, 0.1]",True,stage2_ext_009_obj_1,"[-109.95832824707031, -17.677812576293945, -19.01125144958496, 0.0]",-62.450321197509766,True,True,True
11,raw_pareto,Raw Pareto Assignment,240,"[0.5, 0.1, 0.4, 0.0]",True,stage2_ext_009_obj_1,"[-109.95832824707031, -17.677812576293945, -19.01125144958496, 0.0]",-64.35144805908203,True,True,True
11,raw_pareto,Raw Pareto Assignment,241,"[0.5, 0.2, 0.0, 0.3]",True,stage2_ext_009_obj_1,"[-109.95832824707031, -17.677812576293945, -19.01125144958496, 0.0]",-58.51472473144531,True,True,True
11,raw_pareto,Raw Pareto Assignment,242,"[0.5, 0.2, 0.1, 0.2]",True,stage2_ext_009_obj_1,"[-109.95832824707031, -17.677812576293945, -19.01125144958496, 0.0]",-60.41585159301758,True,True,True
11,raw_pareto,Raw Pareto Assignment,243,"[0.5, 0.2, 0.2, 0.1]",True,stage2_ext_009_obj_1,"[-109.95832824707031, -17.677812576293945, -19.01125144958496, 0.0]",-62.31697463989258,True,True,True
11,raw_pareto,Raw Pareto Assignment,244,"[0.5, 0.2, 0.3, 0.0]",True,stage2_ext_009_obj_1,"[-109.95832824707031, -17.677812576293945, -19.01125144958496, 0.0]",-64.21810150146484,True,True,True
11,raw_pareto,Raw Pareto Assignment,245,"[0.5, 0.3, 0.0, 0.2]",True,stage2_ext_009_obj_1,"[-109.95832824707031, -17.677812576293945, -19.01125144958496, 0.0]",-60.282508850097656,True,True,True
11,raw_pareto,Raw Pareto Assignment,246,"[0.5, 0.3, 0.1, 0.1]",True,stage2_ext_009_obj_1,"[-109.95832824707031, -17.677812576293945, -19.01125144958496, 0.0]",-62.18363571166992,True,True,True
11,raw_pareto,Raw Pareto Assignment,247,"[0.5, 0.3, 0.2, 0.0]",True,stage2_ext_009_obj_1,"[-109.95832824707031, -17.677812576293945, -19.01125144958496, 0.0]",-64.08476257324219,True,True,True
11,raw_pareto,Raw Pareto Assignment,248,"[0.5, 0.4, 0.0, 0.1]",True,stage2_ext_009_obj_1,"[-109.95832824707031, -17.677812576293945, -19.01125144958496, 0.0]",-62.050289154052734,True,True,True
11,raw_pareto,Raw Pareto Assignment,249,"[0.5, 0.4, 0.1, 0.0]",True,stage2_ext_009_obj_1,"[-109.95832824707031, -17.677812576293945, -19.01125144958496, 0.0]",-63.951416015625,True,True,True
11,raw_pareto,Raw Pareto Assignment,250,"[0.5, 0.5, 0.0, 0.0]",True,stage2_ext_009_obj_1,"[-109.95832824707031, -17.677812576293945, -19.01125144958496, 0.0]",-63.81806945800781,True,True,True
11,raw_pareto,Raw Pareto Assignment,251,"[0.6, 0.0, 0.0, 0.4]",True,stage2_ext_009_obj_1,"[-109.95832824707031, -17.677812576293945, -19.01125144958496, 0.0]",-65.9749984741211,True,True,True
11,raw_pareto,Raw Pareto Assignment,252,"[0.6, 0.0, 0.1, 0.3]",True,stage2_ext_009_obj_1,"[-109.95832824707031, -17.677812576293945, -19.01125144958496, 0.0]",-67.8761215209961,True,True,True
11,raw_pareto,Raw Pareto Assignment,253,"[0.6, 0.0, 0.2, 0.2]",True,stage2_ext_009_obj_1,"[-109.95832824707031, -17.677812576293945, -19.01125144958496, 0.0]",-69.77725219726562,True,True,True
11,raw_pareto,Raw Pareto Assignment,254,"[0.6, 0.0, 0.3, 0.1]",True,stage2_ext_009_obj_1,"[-109.95832824707031, -17.677812576293945, -19.01125144958496, 0.0]",-71.67837524414062,True,True,True
11,raw_pareto,Raw Pareto Assignment,255,"[0.6, 0.0, 0.4, 0.0]",True,stage2_ext_009_obj_1,"[-109.95832824707031, -17.677812576293945, -19.01125144958496, 0.0]",-73.57949829101562,True,True,True
11,raw_pareto,Raw Pareto Assignment,256,"[0.6, 0.1, 0.0, 0.3]",True,stage2_ext_009_obj_1,"[-109.95832824707031, -17.677812576293945, -19.01125144958496, 0.0]",-67.74278259277344,True,True,True
11,raw_pareto,Raw Pareto Assignment,257,"[0.6, 0.1, 0.1, 0.2]",True,stage2_ext_009_obj_1,"[-109.95832824707031, -17.677812576293945, -19.01125144958496, 0.0]",-69.64390563964844,True,True,True
11,raw_pareto,Raw Pareto Assignment,258,"[0.6, 0.1, 0.2, 0.1]",True,stage2_ext_009_obj_1,"[-109.95832824707031, -17.677812576293945, -19.01125144958496, 0.0]",-71.54503631591797,True,True,True
11,raw_pareto,Raw Pareto Assignment,259,"[0.6, 0.1, 0.3, 0.0]",True,stage2_ext_009_obj_1,"[-109.95832824707031, -17.677812576293945, -19.01125144958496, 0.0]",-73.44615936279297,True,True,True
11,raw_pareto,Raw Pareto Assignment,260,"[0.6, 0.2, 0.0, 0.2]",True,stage2_ext_009_obj_1,"[-109.95832824707031, -17.677812576293945, -19.01125144958496, 0.0]",-69.51055908203125,True,True,True
11,raw_pareto,Raw Pareto Assignment,261,"[0.6, 0.2, 0.1, 0.1]",True,stage2_ext_009_obj_1,"[-109.95832824707031, -17.677812576293945, -19.01125144958496, 0.0]",-71.41168212890625,True,True,True
11,raw_pareto,Raw Pareto Assignment,262,"[0.6, 0.2, 0.2, 0.0]",True,stage2_ext_009_obj_1,"[-109.95832824707031, -17.677812576293945, -19.01125144958496, 0.0]",-73.31281280517578,True,True,True
11,raw_pareto,Raw Pareto Assignment,263,"[0.6, 0.3, 0.0, 0.1]",True,stage2_ext_009_obj_1,"[-109.95832824707031, -17.677812576293945, -19.01125144958496, 0.0]",-71.2783432006836,True,True,True
11,raw_pareto,Raw Pareto Assignment,264,"[0.6, 0.3, 0.1, 0.0]",True,stage2_ext_009_obj_1,"[-109.95832824707031, -17.677812576293945, -19.01125144958496, 0.0]",-73.1794662475586,True,True,True
11,raw_pareto,Raw Pareto Assignment,265,"[0.6, 0.4, 0.0, 0.0]",True,stage2_ext_009_obj_1,"[-109.95832824707031, -17.677812576293945, -19.01125144958496, 0.0]",-73.04612731933594,True,True,True
11,raw_pareto,Raw Pareto Assignment,266,"[0.7, 0.0, 0.0, 0.3]",True,stage2_ext_009_obj_1,"[-109.95832824707031, -17.677812576293945, -19.01125144958496, 0.0]",-76.9708251953125,True,True,True
11,raw_pareto,Raw Pareto Assignment,267,"[0.7, 0.0, 0.1, 0.2]",True,stage2_ext_009_obj_1,"[-109.95832824707031, -17.677812576293945, -19.01125144958496, 0.0]",-78.8719482421875,True,True,True
11,raw_pareto,Raw Pareto Assignment,268,"[0.7, 0.0, 0.2, 0.1]",True,stage2_ext_009_obj_1,"[-109.95832824707031, -17.677812576293945, -19.01125144958496, 0.0]",-80.77307891845703,True,True,True
11,raw_pareto,Raw Pareto Assignment,269,"[0.7, 0.0, 0.3, 0.0]",True,stage2_ext_009_obj_1,"[-109.95832824707031, -17.677812576293945, -19.01125144958496, 0.0]",-82.67420196533203,True,True,True
11,raw_pareto,Raw Pareto Assignment,270,"[0.7, 0.1, 0.0, 0.2]",True,stage2_ext_009_obj_1,"[-109.95832824707031, -17.677812576293945, -19.01125144958496, 0.0]",-78.73860931396484,True,True,True
11,raw_pareto,Raw Pareto Assignment,271,"[0.7, 0.1, 0.1, 0.1]",True,stage2_ext_009_obj_1,"[-109.95832824707031, -17.677812576293945, -19.01125144958496, 0.0]",-80.63973236083984,True,True,True
11,raw_pareto,Raw Pareto Assignment,272,"[0.7, 0.1, 0.2, 0.0]",True,stage2_ext_009_obj_1,"[-109.95832824707031, -17.677812576293945, -19.01125144958496, 0.0]",-82.54086303710938,True,True,True
11,raw_pareto,Raw Pareto Assignment,273,"[0.7, 0.2, 0.0, 0.1]",True,stage2_ext_009_obj_1,"[-109.95832824707031, -17.677812576293945, -19.01125144958496, 0.0]",-80.50638580322266,True,True,True
11,raw_pareto,Raw Pareto Assignment,274,"[0.7, 0.2, 0.1, 0.0]",True,stage2_ext_009_obj_1,"[-109.95832824707031, -17.677812576293945, -19.01125144958496, 0.0]",-82.40750885009766,True,True,True
11,raw_pareto,Raw Pareto Assignment,275,"[0.7, 0.3, 0.0, 0.0]",True,stage2_ext_009_obj_1,"[-109.95832824707031, -17.677812576293945, -19.01125144958496, 0.0]",-82.274169921875,True,True,True
11,raw_pareto,Raw Pareto Assignment,276,"[0.8, 0.0, 0.0, 0.2]",True,stage2_ext_009_obj_1,"[-109.95832824707031, -17.677812576293945, -19.01125144958496, 0.0]",-87.96666717529297,True,True,True
11,raw_pareto,Raw Pareto Assignment,277,"[0.8, 0.0, 0.1, 0.1]",True,stage2_ext_009_obj_1,"[-109.95832824707031, -17.677812576293945, -19.01125144958496, 0.0]",-89.86779022216797,True,True,True
11,raw_pareto,Raw Pareto Assignment,278,"[0.8, 0.0, 0.2, 0.0]",True,stage2_ext_009_obj_1,"[-109.95832824707031, -17.677812576293945, -19.01125144958496, 0.0]",-91.7689208984375,True,True,True
11,raw_pareto,Raw Pareto Assignment,279,"[0.8, 0.1, 0.0, 0.1]",True,stage2_ext_009_obj_1,"[-109.95832824707031, -17.677812576293945, -19.01125144958496, 0.0]",-89.73445129394531,True,True,True
11,raw_pareto,Raw Pareto Assignment,280,"[0.8, 0.1, 0.1, 0.0]",True,stage2_ext_009_obj_1,"[-109.95832824707031, -17.677812576293945, -19.01125144958496, 0.0]",-91.63557434082031,True,True,True
11,raw_pareto,Raw Pareto Assignment,281,"[0.8, 0.2, 0.0, 0.0]",True,stage2_ext_009_obj_1,"[-109.95832824707031, -17.677812576293945, -19.01125144958496, 0.0]",-91.50222778320312,True,True,True
11,raw_pareto,Raw Pareto Assignment,282,"[0.9, 0.0, 0.0, 0.1]",True,stage2_ext_009_obj_1,"[-109.95832824707031, -17.677812576293945, -19.01125144958496, 0.0]",-98.96249389648438,True,True,True
11,raw_pareto,Raw Pareto Assignment,283,"[0.9, 0.0, 0.1, 0.0]",True,stage2_ext_009_obj_1,"[-109.95832824707031, -17.677812576293945, -19.01125144958496, 0.0]",-100.86361694335938,True,True,True
11,raw_pareto,Raw Pareto Assignment,284,"[0.9, 0.1, 0.0, 0.0]",True,stage2_ext_009_obj_1,"[-109.95832824707031, -17.677812576293945, -19.01125144958496, 0.0]",-100.73027801513672,True,True,True
11,raw_pareto,Raw Pareto Assignment,285,"[1.0, 0.0, 0.0, 0.0]",True,stage2_ext_009_obj_1,"[-109.95832824707031, -17.677812576293945, -19.01125144958496, 0.0]",-109.95832824707031,True,True,True
11,acceptable_pareto,Acceptable Pareto Assignment,0,"[0.0, 0.0, 0.0, 1.0]",True,stage2_ext_005_obj_1,"[-170.60000610351562, -27.774999618530273, -18.80000114440918, 0.0]",0.0,True,True,True
11,acceptable_pareto,Acceptable Pareto Assignment,1,"[0.0, 0.0, 0.1, 0.9]",True,stage2_ext_005_obj_1,"[-170.60000610351562, -27.774999618530273, -18.80000114440918, 0.0]",-1.880000114440918,True,True,True
11,acceptable_pareto,Acceptable Pareto Assignment,2,"[0.0, 0.0, 0.2, 0.8]",True,stage2_ext_005_obj_1,"[-170.60000610351562, -27.774999618530273, -18.80000114440918, 0.0]",-3.760000228881836,True,True,True
11,acceptable_pareto,Acceptable Pareto Assignment,3,"[0.0, 0.0, 0.3, 0.7]",True,stage2_ext_005_obj_1,"[-170.60000610351562, -27.774999618530273, -18.80000114440918, 0.0]",-5.640000343322754,True,True,True
11,acceptable_pareto,Acceptable Pareto Assignment,4,"[0.0, 0.0, 0.4, 0.6]",True,stage2_ext_005_obj_1,"[-170.60000610351562, -27.774999618530273, -18.80000114440918, 0.0]",-7.520000457763672,True,True,True
11,acceptable_pareto,Acceptable Pareto Assignment,5,"[0.0, 0.0, 0.5, 0.5]",True,stage2_ext_005_obj_1,"[-170.60000610351562, -27.774999618530273, -18.80000114440918, 0.0]",-9.40000057220459,True,True,True
11,acceptable_pareto,Acceptable Pareto Assignment,6,"[0.0, 0.0, 0.6, 0.4]",True,stage2_ext_005_obj_1,"[-170.60000610351562, -27.774999618530273, -18.80000114440918, 0.0]",-11.280000686645508,True,True,True
11,acceptable_pareto,Acceptable Pareto Assignment,7,"[0.0, 0.0, 0.7, 0.3]",True,stage2_ext_005_obj_1,"[-170.60000610351562, -27.774999618530273, -18.80000114440918, 0.0]",-13.160000801086426,True,True,True
11,acceptable_pareto,Acceptable Pareto Assignment,8,"[0.0, 0.0, 0.8, 0.2]",True,stage2_ext_005_obj_1,"[-170.60000610351562, -27.774999618530273, -18.80000114440918, 0.0]",-15.040000915527344,True,True,True
11,acceptable_pareto,Acceptable Pareto Assignment,9,"[0.0, 0.0, 0.9, 0.1]",True,stage2_ext_005_obj_1,"[-170.60000610351562, -27.774999618530273, -18.80000114440918, 0.0]",-16.920000076293945,True,True,True
11,acceptable_pareto,Acceptable Pareto Assignment,10,"[0.0, 0.0, 1.0, 0.0]",True,stage2_ext_005_obj_1,"[-170.60000610351562, -27.774999618530273, -18.80000114440918, 0.0]",-18.80000114440918,True,True,True
11,acceptable_pareto,Acceptable Pareto Assignment,11,"[0.0, 0.1, 0.0, 0.9]",True,stage2_ext_009_obj_1,"[-109.95832824707031, -17.677812576293945, -19.01125144958496, 0.0]",-1.7677812576293945,True,True,True
11,acceptable_pareto,Acceptable Pareto Assignment,12,"[0.0, 0.1, 0.1, 0.8]",True,stage2_ext_009_obj_1,"[-109.95832824707031, -17.677812576293945, -19.01125144958496, 0.0]",-3.6689064502716064,True,True,True
11,acceptable_pareto,Acceptable Pareto Assignment,13,"[0.0, 0.1, 0.2, 0.7]",True,stage2_ext_009_obj_1,"[-109.95832824707031, -17.677812576293945, -19.01125144958496, 0.0]",-5.570031642913818,True,True,True
11,acceptable_pareto,Acceptable Pareto Assignment,14,"[0.0, 0.1, 0.3, 0.6]",True,stage2_ext_009_obj_1,"[-109.95832824707031, -17.677812576293945, -19.01125144958496, 0.0]",-7.471157073974609,True,True,True
11,acceptable_pareto,Acceptable Pareto Assignment,15,"[0.0, 0.1, 0.4, 0.5]",True,stage2_ext_009_obj_1,"[-109.95832824707031, -17.677812576293945, -19.01125144958496, 0.0]",-9.372282028198242,True,True,True
11,acceptable_pareto,Acceptable Pareto Assignment,16,"[0.0, 0.1, 0.5, 0.4]",True,stage2_ext_009_obj_1,"[-109.95832824707031, -17.677812576293945, -19.01125144958496, 0.0]",-11.273406982421875,True,True,True
11,acceptable_pareto,Acceptable Pareto Assignment,17,"[0.0, 0.1, 0.6, 0.3]",True,stage2_ext_009_obj_1,"[-109.95832824707031, -17.677812576293945, -19.01125144958496, 0.0]",-13.174532890319824,True,True,True
11,acceptable_pareto,Acceptable Pareto Assignment,18,"[0.0, 0.1, 0.7, 0.2]",True,stage2_ext_009_obj_1,"[-109.95832824707031, -17.677812576293945, -19.01125144958496, 0.0]",-15.07565689086914,True,True,True
11,acceptable_pareto,Acceptable Pareto Assignment,19,"[0.0, 0.1, 0.8, 0.1]",True,stage2_ext_009_obj_1,"[-109.95832824707031, -17.677812576293945, -19.01125144958496, 0.0]",-16.976783752441406,True,True,True
11,acceptable_pareto,Acceptable Pareto Assignment,20,"[0.0, 0.1, 0.9, 0.0]",True,stage2_ext_009_obj_1,"[-109.95832824707031, -17.677812576293945, -19.01125144958496, 0.0]",-18.877906799316406,True,True,True
11,acceptable_pareto,Acceptable Pareto Assignment,21,"[0.0, 0.2, 0.0, 0.8]",True,stage2_ext_009_obj_1,"[-109.95832824707031, -17.677812576293945, -19.01125144958496, 0.0]",-3.535562515258789,True,True,True
11,acceptable_pareto,Acceptable Pareto Assignment,22,"[0.0, 0.2, 0.1, 0.7]",True,stage2_ext_009_obj_1,"[-109.95832824707031, -17.677812576293945, -19.01125144958496, 0.0]",-5.436687469482422,True,True,True
11,acceptable_pareto,Acceptable Pareto Assignment,23,"[0.0, 0.2, 0.2, 0.6]",True,stage2_ext_009_obj_1,"[-109.95832824707031, -17.677812576293945, -19.01125144958496, 0.0]",-7.337812900543213,True,True,True
11,acceptable_pareto,Acceptable Pareto Assignment,24,"[0.0, 0.2, 0.3, 0.5]",True,stage2_ext_009_obj_1,"[-109.95832824707031, -17.677812576293945, -19.01125144958496, 0.0]",-9.238938331604004,True,True,True
11,acceptable_pareto,Acceptable Pareto Assignment,25,"[0.0, 0.2, 0.4, 0.4]",True,stage2_ext_009_obj_1,"[-109.95832824707031, -17.677812576293945, -19.01125144958496, 0.0]",-11.140063285827637,True,True,True
11,acceptable_pareto,Acceptable Pareto Assignment,26,"[0.0, 0.2, 0.5, 0.3]",True,stage2_ext_009_obj_1,"[-109.95832824707031, -17.677812576293945, -19.01125144958496, 0.0]",-13.04118824005127,True,True,True
11,acceptable_pareto,Acceptable Pareto Assignment,27,"[0.0, 0.2, 0.6, 0.2]",True,stage2_ext_009_obj_1,"[-109.95832824707031, -17.677812576293945, -19.01125144958496, 0.0]",-14.942314147949219,True,True,True
11,acceptable_pareto,Acceptable Pareto Assignment,28,"[0.0, 0.2, 0.7, 0.1]",True,stage2_ext_009_obj_1,"[-109.95832824707031, -17.677812576293945, -19.01125144958496, 0.0]",-16.84343719482422,True,True,True
11,acceptable_pareto,Acceptable Pareto Assignment,29,"[0.0, 0.2, 0.8, 0.0]",True,stage2_ext_009_obj_1,"[-109.95832824707031, -17.677812576293945, -19.01125144958496, 0.0]",-18.744564056396484,True,True,True
11,acceptable_pareto,Acceptable Pareto Assignment,30,"[0.0, 0.3, 0.0, 0.7]",True,stage2_ext_009_obj_1,"[-109.95832824707031, -17.677812576293945, -19.01125144958496, 0.0]",-5.303343772888184,True,True,True
11,acceptable_pareto,Acceptable Pareto Assignment,31,"[0.0, 0.3, 0.1, 0.6]",True,stage2_ext_009_obj_1,"[-109.95832824707031, -17.677812576293945, -19.01125144958496, 0.0]",-7.204468727111816,True,True,True
11,acceptable_pareto,Acceptable Pareto Assignment,32,"[0.0, 0.3, 0.2, 0.5]",True,stage2_ext_009_obj_1,"[-109.95832824707031, -17.677812576293945, -19.01125144958496, 0.0]",-9.105594635009766,True,True,True
11,acceptable_pareto,Acceptable Pareto Assignment,33,"[0.0, 0.3, 0.3, 0.4]",True,stage2_ext_009_obj_1,"[-109.95832824707031, -17.677812576293945, -19.01125144958496, 0.0]",-11.006719589233398,True,True,True
11,acceptable_pareto,Acceptable Pareto Assignment,34,"[0.0, 0.3, 0.4, 0.3]",True,stage2_ext_009_obj_1,"[-109.95832824707031, -17.677812576293945, -19.01125144958496, 0.0]",-12.907844543457031,True,True,True
11,acceptable_pareto,Acceptable Pareto Assignment,35,"[0.0, 0.3, 0.5, 0.2]",True,stage2_ext_009_obj_1,"[-109.95832824707031, -17.677812576293945, -19.01125144958496, 0.0]",-14.808969497680664,True,True,True
11,acceptable_pareto,Acceptable Pareto Assignment,36,"[0.0, 0.3, 0.6, 0.1]",True,stage2_ext_009_obj_1,"[-109.95832824707031, -17.677812576293945, -19.01125144958496, 0.0]",-16.710094451904297,True,True,True
11,acceptable_pareto,Acceptable Pareto Assignment,37,"[0.0, 0.3, 0.7, 0.0]",True,stage2_ext_009_obj_1,"[-109.95832824707031, -17.677812576293945, -19.01125144958496, 0.0]",-18.61121940612793,True,True,True
11,acceptable_pareto,Acceptable Pareto Assignment,38,"[0.0, 0.4, 0.0, 0.6]",True,stage2_ext_009_obj_1,"[-109.95832824707031, -17.677812576293945, -19.01125144958496, 0.0]",-7.071125030517578,True,True,True
11,acceptable_pareto,Acceptable Pareto Assignment,39,"[0.0, 0.4, 0.1, 0.5]",True,stage2_ext_009_obj_1,"[-109.95832824707031, -17.677812576293945, -19.01125144958496, 0.0]",-8.972249984741211,True,True,True
11,acceptable_pareto,Acceptable Pareto Assignment,40,"[0.0, 0.4, 0.2, 0.4]",True,stage2_ext_009_obj_1,"[-109.95832824707031, -17.677812576293945, -19.01125144958496, 0.0]",-10.873374938964844,True,True,True
11,acceptable_pareto,Acceptable Pareto Assignment,41,"[0.0, 0.4, 0.3, 0.3]",True,stage2_ext_009_obj_1,"[-109.95832824707031, -17.677812576293945, -19.01125144958496, 0.0]",-12.774500846862793,True,True,True
11,acceptable_pareto,Acceptable Pareto Assignment,42,"[0.0, 0.4, 0.4, 0.2]",True,stage2_ext_009_obj_1,"[-109.95832824707031, -17.677812576293945, -19.01125144958496, 0.0]",-14.675625801086426,True,True,True
11,acceptable_pareto,Acceptable Pareto Assignment,43,"[0.0, 0.4, 0.5, 0.1]",True,stage2_ext_009_obj_1,"[-109.95832824707031, -17.677812576293945, -19.01125144958496, 0.0]",-16.576751708984375,True,True,True
11,acceptable_pareto,Acceptable Pareto Assignment,44,"[0.0, 0.4, 0.6, 0.0]",True,stage2_ext_009_obj_1,"[-109.95832824707031, -17.677812576293945, -19.01125144958496, 0.0]",-18.477876663208008,True,True,True
11,acceptable_pareto,Acceptable Pareto Assignment,45,"[0.0, 0.5, 0.0, 0.5]",True,stage2_ext_009_obj_1,"[-109.95832824707031, -17.677812576293945, -19.01125144958496, 0.0]",-8.838906288146973,True,True,True
11,acceptable_pareto,Acceptable Pareto Assignment,46,"[0.0, 0.5, 0.1, 0.4]",True,stage2_ext_009_obj_1,"[-109.95832824707031, -17.677812576293945, -19.01125144958496, 0.0]",-10.740031242370605,True,True,True
11,acceptable_pareto,Acceptable Pareto Assignment,47,"[0.0, 0.5, 0.2, 0.3]",True,stage2_ext_009_obj_1,"[-109.95832824707031, -17.677812576293945, -19.01125144958496, 0.0]",-12.641157150268555,True,True,True
11,acceptable_pareto,Acceptable Pareto Assignment,48,"[0.0, 0.5, 0.3, 0.2]",True,stage2_ext_009_obj_1,"[-109.95832824707031, -17.677812576293945, -19.01125144958496, 0.0]",-14.542282104492188,True,True,True
11,acceptable_pareto,Acceptable Pareto Assignment,49,"[0.0, 0.5, 0.4, 0.1]",True,stage2_ext_009_obj_1,"[-109.95832824707031, -17.677812576293945, -19.01125144958496, 0.0]",-16.44340705871582,True,True,True
11,acceptable_pareto,Acceptable Pareto Assignment,50,"[0.0, 0.5, 0.5, 0.0]",True,stage2_ext_009_obj_1,"[-109.95832824707031, -17.677812576293945, -19.01125144958496, 0.0]",-18.344532012939453,True,True,True
11,acceptable_pareto,Acceptable Pareto Assignment,51,"[0.0, 0.6, 0.0, 0.4]",True,stage2_ext_009_obj_1,"[-109.95832824707031, -17.677812576293945, -19.01125144958496, 0.0]",-10.606687545776367,True,True,True
11,acceptable_pareto,Acceptable Pareto Assignment,52,"[0.0, 0.6, 0.1, 0.3]",True,stage2_ext_009_obj_1,"[-109.95832824707031, -17.677812576293945, -19.01125144958496, 0.0]",-12.5078125,True,True,True
11,acceptable_pareto,Acceptable Pareto Assignment,53,"[0.0, 0.6, 0.2, 0.2]",True,stage2_ext_009_obj_1,"[-109.95832824707031, -17.677812576293945, -19.01125144958496, 0.0]",-14.408937454223633,True,True,True
11,acceptable_pareto,Acceptable Pareto Assignment,54,"[0.0, 0.6, 0.3, 0.1]",True,stage2_ext_009_obj_1,"[-109.95832824707031, -17.677812576293945, -19.01125144958496, 0.0]",-16.310062408447266,True,True,True
11,acceptable_pareto,Acceptable Pareto Assignment,55,"[0.0, 0.6, 0.4, 0.0]",True,stage2_ext_009_obj_1,"[-109.95832824707031, -17.677812576293945, -19.01125144958496, 0.0]",-18.21118927001953,True,True,True
11,acceptable_pareto,Acceptable Pareto Assignment,56,"[0.0, 0.7, 0.0, 0.3]",True,stage2_ext_009_obj_1,"[-109.95832824707031, -17.677812576293945, -19.01125144958496, 0.0]",-12.374468803405762,True,True,True
11,acceptable_pareto,Acceptable Pareto Assignment,57,"[0.0, 0.7, 0.1, 0.2]",True,stage2_ext_009_obj_1,"[-109.95832824707031, -17.677812576293945, -19.01125144958496, 0.0]",-14.275593757629395,True,True,True
11,acceptable_pareto,Acceptable Pareto Assignment,58,"[0.0, 0.7, 0.2, 0.1]",True,stage2_ext_009_obj_1,"[-109.95832824707031, -17.677812576293945, -19.01125144958496, 0.0]",-16.176719665527344,True,True,True
11,acceptable_pareto,Acceptable Pareto Assignment,59,"[0.0, 0.7, 0.3, 0.0]",True,stage2_ext_009_obj_1,"[-109.95832824707031, -17.677812576293945, -19.01125144958496, 0.0]",-18.077844619750977,True,True,True
11,acceptable_pareto,Acceptable Pareto Assignment,60,"[0.0, 0.8, 0.0, 0.2]",True,stage2_ext_009_obj_1,"[-109.95832824707031, -17.677812576293945, -19.01125144958496, 0.0]",-14.142250061035156,True,True,True
11,acceptable_pareto,Acceptable Pareto Assignment,61,"[0.0, 0.8, 0.1, 0.1]",True,stage2_ext_009_obj_1,"[-109.95832824707031, -17.677812576293945, -19.01125144958496, 0.0]",-16.04337501525879,True,True,True
11,acceptable_pareto,Acceptable Pareto Assignment,62,"[0.0, 0.8, 0.2, 0.0]",True,stage2_ext_009_obj_1,"[-109.95832824707031, -17.677812576293945, -19.01125144958496, 0.0]",-17.944499969482422,True,True,True
11,acceptable_pareto,Acceptable Pareto Assignment,63,"[0.0, 0.9, 0.0, 0.1]",True,stage2_ext_009_obj_1,"[-109.95832824707031, -17.677812576293945, -19.01125144958496, 0.0]",-15.91003131866455,True,True,True
11,acceptable_pareto,Acceptable Pareto Assignment,64,"[0.0, 0.9, 0.1, 0.0]",True,stage2_ext_009_obj_1,"[-109.95832824707031, -17.677812576293945, -19.01125144958496, 0.0]",-17.8111572265625,True,True,True
11,acceptable_pareto,Acceptable Pareto Assignment,65,"[0.0, 1.0, 0.0, 0.0]",True,stage2_ext_009_obj_1,"[-109.95832824707031, -17.677812576293945, -19.01125144958496, 0.0]",-17.677812576293945,True,True,True
11,acceptable_pareto,Acceptable Pareto Assignment,66,"[0.1, 0.0, 0.0, 0.9]",True,stage2_ext_009_obj_1,"[-109.95832824707031, -17.677812576293945, -19.01125144958496, 0.0]",-10.995833396911621,True,True,True
11,acceptable_pareto,Acceptable Pareto Assignment,67,"[0.1, 0.0, 0.1, 0.8]",True,stage2_ext_009_obj_1,"[-109.95832824707031, -17.677812576293945, -19.01125144958496, 0.0]",-12.896958351135254,True,True,True
11,acceptable_pareto,Acceptable Pareto Assignment,68,"[0.1, 0.0, 0.2, 0.7]",True,stage2_ext_009_obj_1,"[-109.95832824707031, -17.677812576293945, -19.01125144958496, 0.0]",-14.798084259033203,True,True,True
11,acceptable_pareto,Acceptable Pareto Assignment,69,"[0.1, 0.0, 0.3, 0.6]",True,stage2_ext_009_obj_1,"[-109.95832824707031, -17.677812576293945, -19.01125144958496, 0.0]",-16.699209213256836,True,True,True
11,acceptable_pareto,Acceptable Pareto Assignment,70,"[0.1, 0.0, 0.4, 0.5]",True,stage2_ext_009_obj_1,"[-109.95832824707031, -17.677812576293945, -19.01125144958496, 0.0]",-18.60033416748047,True,True,True
11,acceptable_pareto,Acceptable Pareto Assignment,71,"[0.1, 0.0, 0.5, 0.4]",True,stage2_ext_009_obj_1,"[-109.95832824707031, -17.677812576293945, -19.01125144958496, 0.0]",-20.5014591217041,True,True,True
11,acceptable_pareto,Acceptable Pareto Assignment,72,"[0.1, 0.0, 0.6, 0.3]",True,stage2_ext_009_obj_1,"[-109.95832824707031, -17.677812576293945, -19.01125144958496, 0.0]",-22.402584075927734,True,True,True
11,acceptable_pareto,Acceptable Pareto Assignment,73,"[0.1, 0.0, 0.7, 0.2]",True,stage2_ext_009_obj_1,"[-109.95832824707031, -17.677812576293945, -19.01125144958496, 0.0]",-24.303709030151367,True,True,True
11,acceptable_pareto,Acceptable Pareto Assignment,74,"[0.1, 0.0, 0.8, 0.1]",True,stage2_ext_009_obj_1,"[-109.95832824707031, -17.677812576293945, -19.01125144958496, 0.0]",-26.204833984375,True,True,True
11,acceptable_pareto,Acceptable Pareto Assignment,75,"[0.1, 0.0, 0.9, 0.0]",True,stage2_ext_009_obj_1,"[-109.95832824707031, -17.677812576293945, -19.01125144958496, 0.0]",-28.105960845947266,True,True,True
11,acceptable_pareto,Acceptable Pareto Assignment,76,"[0.1, 0.1, 0.0, 0.8]",True,stage2_ext_009_obj_1,"[-109.95832824707031, -17.677812576293945, -19.01125144958496, 0.0]",-12.763614654541016,True,True,True
11,acceptable_pareto,Acceptable Pareto Assignment,77,"[0.1, 0.1, 0.1, 0.7]",True,stage2_ext_009_obj_1,"[-109.95832824707031, -17.677812576293945, -19.01125144958496, 0.0]",-14.664739608764648,True,True,True
11,acceptable_pareto,Acceptable Pareto Assignment,78,"[0.1, 0.1, 0.2, 0.6]",True,stage2_ext_009_obj_1,"[-109.95832824707031, -17.677812576293945, -19.01125144958496, 0.0]",-16.56586456298828,True,True,True
11,acceptable_pareto,Acceptable Pareto Assignment,79,"[0.1, 0.1, 0.3, 0.5]",True,stage2_ext_009_obj_1,"[-109.95832824707031, -17.677812576293945, -19.01125144958496, 0.0]",-18.466991424560547,True,True,True
11,acceptable_pareto,Acceptable Pareto Assignment,80,"[0.1, 0.1, 0.4, 0.4]",True,stage2_ext_009_obj_1,"[-109.95832824707031, -17.677812576293945, -19.01125144958496, 0.0]",-20.368114471435547,True,True,True
11,acceptable_pareto,Acceptable Pareto Assignment,81,"[0.1, 0.1, 0.5, 0.3]",True,stage2_ext_009_obj_1,"[-109.95832824707031, -17.677812576293945, -19.01125144958496, 0.0]",-22.269241333007812,True,True,True
11,acceptable_pareto,Acceptable Pareto Assignment,82,"[0.1, 0.1, 0.6, 0.2]",True,stage2_ext_009_obj_1,"[-109.95832824707031, -17.677812576293945, -19.01125144958496, 0.0]",-24.170366287231445,True,True,True
11,acceptable_pareto,Acceptable Pareto Assignment,83,"[0.1, 0.1, 0.7, 0.1]",True,stage2_ext_009_obj_1,"[-109.95832824707031, -17.677812576293945, -19.01125144958496, 0.0]",-26.071491241455078,True,True,True
11,acceptable_pareto,Acceptable Pareto Assignment,84,"[0.1, 0.1, 0.8, 0.0]",True,stage2_ext_009_obj_1,"[-109.95832824707031, -17.677812576293945, -19.01125144958496, 0.0]",-27.97261619567871,True,True,True
11,acceptable_pareto,Acceptable Pareto Assignment,85,"[0.1, 0.2, 0.0, 0.7]",True,stage2_ext_009_obj_1,"[-109.95832824707031, -17.677812576293945, -19.01125144958496, 0.0]",-14.53139591217041,True,True,True
11,acceptable_pareto,Acceptable Pareto Assignment,86,"[0.1, 0.2, 0.1, 0.6]",True,stage2_ext_009_obj_1,"[-109.95832824707031, -17.677812576293945, -19.01125144958496, 0.0]",-16.43252182006836,True,True,True
11,acceptable_pareto,Acceptable Pareto Assignment,87,"[0.1, 0.2, 0.2, 0.5]",True,stage2_ext_009_obj_1,"[-109.95832824707031, -17.677812576293945, -19.01125144958496, 0.0]",-18.333646774291992,True,True,True
11,acceptable_pareto,Acceptable Pareto Assignment,88,"[0.1, 0.2, 0.3, 0.4]",True,stage2_ext_009_obj_1,"[-109.95832824707031, -17.677812576293945, -19.01125144958496, 0.0]",-20.234771728515625,True,True,True
11,acceptable_pareto,Acceptable Pareto Assignment,89,"[0.1, 0.2, 0.4, 0.3]",True,stage2_ext_009_obj_1,"[-109.95832824707031, -17.677812576293945, -19.01125144958496, 0.0]",-22.135896682739258,True,True,True
11,acceptable_pareto,Acceptable Pareto Assignment,90,"[0.1, 0.2, 0.5, 0.2]",True,stage2_ext_009_obj_1,"[-109.95832824707031, -17.677812576293945, -19.01125144958496, 0.0]",-24.03702163696289,True,True,True
11,acceptable_pareto,Acceptable Pareto Assignment,91,"[0.1, 0.2, 0.6, 0.1]",True,stage2_ext_009_obj_1,"[-109.95832824707031, -17.677812576293945, -19.01125144958496, 0.0]",-25.938148498535156,True,True,True
11,acceptable_pareto,Acceptable Pareto Assignment,92,"[0.1, 0.2, 0.7, 0.0]",True,stage2_ext_009_obj_1,"[-109.95832824707031, -17.677812576293945, -19.01125144958496, 0.0]",-27.839271545410156,True,True,True
11,acceptable_pareto,Acceptable Pareto Assignment,93,"[0.1, 0.3, 0.0, 0.6]",True,stage2_ext_009_obj_1,"[-109.95832824707031, -17.677812576293945, -19.01125144958496, 0.0]",-16.299177169799805,True,True,True
11,acceptable_pareto,Acceptable Pareto Assignment,94,"[0.1, 0.3, 0.1, 0.5]",True,stage2_ext_009_obj_1,"[-109.95832824707031, -17.677812576293945, -19.01125144958496, 0.0]",-18.200302124023438,True,True,True
11,acceptable_pareto,Acceptable Pareto Assignment,95,"[0.1, 0.3, 0.2, 0.4]",True,stage2_ext_009_obj_1,"[-109.95832824707031, -17.677812576293945, -19.01125144958496, 0.0]",-20.10142707824707,True,True,True
11,acceptable_pareto,Acceptable Pareto Assignment,96,"[0.1, 0.3, 0.3, 0.3]",True,stage2_ext_009_obj_1,"[-109.95832824707031, -17.677812576293945, -19.01125144958496, 0.0]",-22.002552032470703,True,True,True
11,acceptable_pareto,Acceptable Pareto Assignment,97,"[0.1, 0.3, 0.4, 0.2]",True,stage2_ext_009_obj_1,"[-109.95832824707031, -17.677812576293945, -19.01125144958496, 0.0]",-23.90367889404297,True,True,True
11,acceptable_pareto,Acceptable Pareto Assignment,98,"[0.1, 0.3, 0.5, 0.1]",True,stage2_ext_009_obj_1,"[-109.95832824707031, -17.677812576293945, -19.01125144958496, 0.0]",-25.80480194091797,True,True,True
11,acceptable_pareto,Acceptable Pareto Assignment,99,"[0.1, 0.3, 0.6, 0.0]",True,stage2_ext_009_obj_1,"[-109.95832824707031, -17.677812576293945, -19.01125144958496, 0.0]",-27.705928802490234,True,True,True
11,acceptable_pareto,Acceptable Pareto Assignment,100,"[0.1, 0.4, 0.0, 0.5]",True,stage2_ext_009_obj_1,"[-109.95832824707031, -17.677812576293945, -19.01125144958496, 0.0]",-18.066959381103516,True,True,True
11,acceptable_pareto,Acceptable Pareto Assignment,101,"[0.1, 0.4, 0.1, 0.4]",True,stage2_ext_009_obj_1,"[-109.95832824707031, -17.677812576293945, -19.01125144958496, 0.0]",-19.96808433532715,True,True,True
11,acceptable_pareto,Acceptable Pareto Assignment,102,"[0.1, 0.4, 0.2, 0.3]",True,stage2_ext_009_obj_1,"[-109.95832824707031, -17.677812576293945, -19.01125144958496, 0.0]",-21.86920928955078,True,True,True
11,acceptable_pareto,Acceptable Pareto Assignment,103,"[0.1, 0.4, 0.3, 0.2]",True,stage2_ext_009_obj_1,"[-109.95832824707031, -17.677812576293945, -19.01125144958496, 0.0]",-23.770336151123047,True,True,True
11,acceptable_pareto,Acceptable Pareto Assignment,104,"[0.1, 0.4, 0.4, 0.1]",True,stage2_ext_009_obj_1,"[-109.95832824707031, -17.677812576293945, -19.01125144958496, 0.0]",-25.671459197998047,True,True,True
11,acceptable_pareto,Acceptable Pareto Assignment,105,"[0.1, 0.4, 0.5, 0.0]",True,stage2_ext_009_obj_1,"[-109.95832824707031, -17.677812576293945, -19.01125144958496, 0.0]",-27.572586059570312,True,True,True
11,acceptable_pareto,Acceptable Pareto Assignment,106,"[0.1, 0.5, 0.0, 0.4]",True,stage2_ext_009_obj_1,"[-109.95832824707031, -17.677812576293945, -19.01125144958496, 0.0]",-19.834739685058594,True,True,True
11,acceptable_pareto,Acceptable Pareto Assignment,107,"[0.1, 0.5, 0.1, 0.3]",True,stage2_ext_009_obj_1,"[-109.95832824707031, -17.677812576293945, -19.01125144958496, 0.0]",-21.735864639282227,True,True,True
11,acceptable_pareto,Acceptable Pareto Assignment,108,"[0.1, 0.5, 0.2, 0.2]",True,stage2_ext_009_obj_1,"[-109.95832824707031, -17.677812576293945, -19.01125144958496, 0.0]",-23.63698959350586,True,True,True
11,acceptable_pareto,Acceptable Pareto Assignment,109,"[0.1, 0.5, 0.3, 0.1]",True,stage2_ext_009_obj_1,"[-109.95832824707031, -17.677812576293945, -19.01125144958496, 0.0]",-25.538116455078125,True,True,True
11,acceptable_pareto,Acceptable Pareto Assignment,110,"[0.1, 0.5, 0.4, 0.0]",True,stage2_ext_009_obj_1,"[-109.95832824707031, -17.677812576293945, -19.01125144958496, 0.0]",-27.439239501953125,True,True,True
11,acceptable_pareto,Acceptable Pareto Assignment,111,"[0.1, 0.6, 0.0, 0.3]",True,stage2_ext_009_obj_1,"[-109.95832824707031, -17.677812576293945, -19.01125144958496, 0.0]",-21.602519989013672,True,True,True
11,acceptable_pareto,Acceptable Pareto Assignment,112,"[0.1, 0.6, 0.1, 0.2]",True,stage2_ext_009_obj_1,"[-109.95832824707031, -17.677812576293945, -19.01125144958496, 0.0]",-23.503644943237305,True,True,True
11,acceptable_pareto,Acceptable Pareto Assignment,113,"[0.1, 0.6, 0.2, 0.1]",True,stage2_ext_009_obj_1,"[-109.95832824707031, -17.677812576293945, -19.01125144958496, 0.0]",-25.404769897460938,True,True,True
11,acceptable_pareto,Acceptable Pareto Assignment,114,"[0.1, 0.6, 0.3, 0.0]",True,stage2_ext_009_obj_1,"[-109.95832824707031, -17.677812576293945, -19.01125144958496, 0.0]",-27.305896759033203,True,True,True
11,acceptable_pareto,Acceptable Pareto Assignment,115,"[0.1, 0.7, 0.0, 0.2]",True,stage2_ext_009_obj_1,"[-109.95832824707031, -17.677812576293945, -19.01125144958496, 0.0]",-23.370302200317383,True,True,True
11,acceptable_pareto,Acceptable Pareto Assignment,116,"[0.1, 0.7, 0.1, 0.1]",True,stage2_ext_009_obj_1,"[-109.95832824707031, -17.677812576293945, -19.01125144958496, 0.0]",-25.271427154541016,True,True,True
11,acceptable_pareto,Acceptable Pareto Assignment,117,"[0.1, 0.7, 0.2, 0.0]",True,stage2_ext_009_obj_1,"[-109.95832824707031, -17.677812576293945, -19.01125144958496, 0.0]",-27.17255210876465,True,True,True
11,acceptable_pareto,Acceptable Pareto Assignment,118,"[0.1, 0.8, 0.0, 0.1]",True,stage2_ext_009_obj_1,"[-109.95832824707031, -17.677812576293945, -19.01125144958496, 0.0]",-25.138084411621094,True,True,True
11,acceptable_pareto,Acceptable Pareto Assignment,119,"[0.1, 0.8, 0.1, 0.0]",True,stage2_ext_009_obj_1,"[-109.95832824707031, -17.677812576293945, -19.01125144958496, 0.0]",-27.039209365844727,True,True,True
11,acceptable_pareto,Acceptable Pareto Assignment,120,"[0.1, 0.9, 0.0, 0.0]",True,stage2_ext_009_obj_1,"[-109.95832824707031, -17.677812576293945, -19.01125144958496, 0.0]",-26.905864715576172,True,True,True
11,acceptable_pareto,Acceptable Pareto Assignment,121,"[0.2, 0.0, 0.0, 0.8]",True,stage2_ext_009_obj_1,"[-109.95832824707031, -17.677812576293945, -19.01125144958496, 0.0]",-21.991666793823242,True,True,True
11,acceptable_pareto,Acceptable Pareto Assignment,122,"[0.2, 0.0, 0.1, 0.7]",True,stage2_ext_009_obj_1,"[-109.95832824707031, -17.677812576293945, -19.01125144958496, 0.0]",-23.892791748046875,True,True,True
11,acceptable_pareto,Acceptable Pareto Assignment,123,"[0.2, 0.0, 0.2, 0.6]",True,stage2_ext_009_obj_1,"[-109.95832824707031, -17.677812576293945, -19.01125144958496, 0.0]",-25.793916702270508,True,True,True
11,acceptable_pareto,Acceptable Pareto Assignment,124,"[0.2, 0.0, 0.3, 0.5]",True,stage2_ext_009_obj_1,"[-109.95832824707031, -17.677812576293945, -19.01125144958496, 0.0]",-27.69504165649414,True,True,True
11,acceptable_pareto,Acceptable Pareto Assignment,125,"[0.2, 0.0, 0.4, 0.4]",True,stage2_ext_009_obj_1,"[-109.95832824707031, -17.677812576293945, -19.01125144958496, 0.0]",-29.596168518066406,True,True,True
11,acceptable_pareto,Acceptable Pareto Assignment,126,"[0.2, 0.0, 0.5, 0.3]",True,stage2_ext_009_obj_1,"[-109.95832824707031, -17.677812576293945, -19.01125144958496, 0.0]",-31.497291564941406,True,True,True
11,acceptable_pareto,Acceptable Pareto Assignment,127,"[0.2, 0.0, 0.6, 0.2]",True,stage2_ext_009_obj_1,"[-109.95832824707031, -17.677812576293945, -19.01125144958496, 0.0]",-33.39841842651367,True,True,True
11,acceptable_pareto,Acceptable Pareto Assignment,128,"[0.2, 0.0, 0.7, 0.1]",True,stage2_ext_009_obj_1,"[-109.95832824707031, -17.677812576293945, -19.01125144958496, 0.0]",-35.29954147338867,True,True,True
11,acceptable_pareto,Acceptable Pareto Assignment,129,"[0.2, 0.0, 0.8, 0.0]",True,stage2_ext_009_obj_1,"[-109.95832824707031, -17.677812576293945, -19.01125144958496, 0.0]",-37.20066833496094,True,True,True
11,acceptable_pareto,Acceptable Pareto Assignment,130,"[0.2, 0.1, 0.0, 0.7]",True,stage2_ext_009_obj_1,"[-109.95832824707031, -17.677812576293945, -19.01125144958496, 0.0]",-23.759449005126953,True,True,True
11,acceptable_pareto,Acceptable Pareto Assignment,131,"[0.2, 0.1, 0.1, 0.6]",True,stage2_ext_009_obj_1,"[-109.95832824707031, -17.677812576293945, -19.01125144958496, 0.0]",-25.660573959350586,True,True,True
11,acceptable_pareto,Acceptable Pareto Assignment,132,"[0.2, 0.1, 0.2, 0.5]",True,stage2_ext_009_obj_1,"[-109.95832824707031, -17.677812576293945, -19.01125144958496, 0.0]",-27.56169891357422,True,True,True
11,acceptable_pareto,Acceptable Pareto Assignment,133,"[0.2, 0.1, 0.3, 0.4]",True,stage2_ext_009_obj_1,"[-109.95832824707031, -17.677812576293945, -19.01125144958496, 0.0]",-29.462825775146484,True,True,True
11,acceptable_pareto,Acceptable Pareto Assignment,134,"[0.2, 0.1, 0.4, 0.3]",True,stage2_ext_009_obj_1,"[-109.95832824707031, -17.677812576293945, -19.01125144958496, 0.0]",-31.363948822021484,True,True,True
11,acceptable_pareto,Acceptable Pareto Assignment,135,"[0.2, 0.1, 0.5, 0.2]",True,stage2_ext_009_obj_1,"[-109.95832824707031, -17.677812576293945, -19.01125144958496, 0.0]",-33.26507568359375,True,True,True
11,acceptable_pareto,Acceptable Pareto Assignment,136,"[0.2, 0.1, 0.6, 0.1]",True,stage2_ext_009_obj_1,"[-109.95832824707031, -17.677812576293945, -19.01125144958496, 0.0]",-35.16619873046875,True,True,True
11,acceptable_pareto,Acceptable Pareto Assignment,137,"[0.2, 0.1, 0.7, 0.0]",True,stage2_ext_009_obj_1,"[-109.95832824707031, -17.677812576293945, -19.01125144958496, 0.0]",-37.067325592041016,True,True,True
11,acceptable_pareto,Acceptable Pareto Assignment,138,"[0.2, 0.2, 0.0, 0.6]",True,stage2_ext_009_obj_1,"[-109.95832824707031, -17.677812576293945, -19.01125144958496, 0.0]",-25.52722930908203,True,True,True
11,acceptable_pareto,Acceptable Pareto Assignment,139,"[0.2, 0.2, 0.1, 0.5]",True,stage2_ext_009_obj_1,"[-109.95832824707031, -17.677812576293945, -19.01125144958496, 0.0]",-27.428354263305664,True,True,True
11,acceptable_pareto,Acceptable Pareto Assignment,140,"[0.2, 0.2, 0.2, 0.4]",True,stage2_ext_009_obj_1,"[-109.95832824707031, -17.677812576293945, -19.01125144958496, 0.0]",-29.329479217529297,True,True,True
11,acceptable_pareto,Acceptable Pareto Assignment,141,"[0.2, 0.2, 0.3, 0.3]",True,stage2_ext_009_obj_1,"[-109.95832824707031, -17.677812576293945, -19.01125144958496, 0.0]",-31.230606079101562,True,True,True
11,acceptable_pareto,Acceptable Pareto Assignment,142,"[0.2, 0.2, 0.4, 0.2]",True,stage2_ext_009_obj_1,"[-109.95832824707031, -17.677812576293945, -19.01125144958496, 0.0]",-33.13172912597656,True,True,True
11,acceptable_pareto,Acceptable Pareto Assignment,143,"[0.2, 0.2, 0.5, 0.1]",True,stage2_ext_009_obj_1,"[-109.95832824707031, -17.677812576293945, -19.01125144958496, 0.0]",-35.03285598754883,True,True,True
11,acceptable_pareto,Acceptable Pareto Assignment,144,"[0.2, 0.2, 0.6, 0.0]",True,stage2_ext_009_obj_1,"[-109.95832824707031, -17.677812576293945, -19.01125144958496, 0.0]",-36.933982849121094,True,True,True
11,acceptable_pareto,Acceptable Pareto Assignment,145,"[0.2, 0.3, 0.0, 0.5]",True,stage2_ext_009_obj_1,"[-109.95832824707031, -17.677812576293945, -19.01125144958496, 0.0]",-27.29500961303711,True,True,True
11,acceptable_pareto,Acceptable Pareto Assignment,146,"[0.2, 0.3, 0.1, 0.4]",True,stage2_ext_009_obj_1,"[-109.95832824707031, -17.677812576293945, -19.01125144958496, 0.0]",-29.196134567260742,True,True,True
11,acceptable_pareto,Acceptable Pareto Assignment,147,"[0.2, 0.3, 0.2, 0.3]",True,stage2_ext_009_obj_1,"[-109.95832824707031, -17.677812576293945, -19.01125144958496, 0.0]",-31.097259521484375,True,True,True
11,acceptable_pareto,Acceptable Pareto Assignment,148,"[0.2, 0.3, 0.3, 0.2]",True,stage2_ext_009_obj_1,"[-109.95832824707031, -17.677812576293945, -19.01125144958496, 0.0]",-32.99838638305664,True,True,True
11,acceptable_pareto,Acceptable Pareto Assignment,149,"[0.2, 0.3, 0.4, 0.1]",True,stage2_ext_009_obj_1,"[-109.95832824707031, -17.677812576293945, -19.01125144958496, 0.0]",-34.89950942993164,True,True,True
11,acceptable_pareto,Acceptable Pareto Assignment,150,"[0.2, 0.3, 0.5, 0.0]",True,stage2_ext_009_obj_1,"[-109.95832824707031, -17.677812576293945, -19.01125144958496, 0.0]",-36.800636291503906,True,True,True
11,acceptable_pareto,Acceptable Pareto Assignment,151,"[0.2, 0.4, 0.0, 0.4]",True,stage2_ext_009_obj_1,"[-109.95832824707031, -17.677812576293945, -19.01125144958496, 0.0]",-29.06279182434082,True,True,True
11,acceptable_pareto,Acceptable Pareto Assignment,152,"[0.2, 0.4, 0.1, 0.3]",True,stage2_ext_009_obj_1,"[-109.95832824707031, -17.677812576293945, -19.01125144958496, 0.0]",-30.963916778564453,True,True,True
11,acceptable_pareto,Acceptable Pareto Assignment,153,"[0.2, 0.4, 0.2, 0.2]",True,stage2_ext_009_obj_1,"[-109.95832824707031, -17.677812576293945, -19.01125144958496, 0.0]",-32.86504364013672,True,True,True
11,acceptable_pareto,Acceptable Pareto Assignment,154,"[0.2, 0.4, 0.3, 0.1]",True,stage2_ext_009_obj_1,"[-109.95832824707031, -17.677812576293945, -19.01125144958496, 0.0]",-34.76616668701172,True,True,True
11,acceptable_pareto,Acceptable Pareto Assignment,155,"[0.2, 0.4, 0.4, 0.0]",True,stage2_ext_009_obj_1,"[-109.95832824707031, -17.677812576293945, -19.01125144958496, 0.0]",-36.667293548583984,True,True,True
11,acceptable_pareto,Acceptable Pareto Assignment,156,"[0.2, 0.5, 0.0, 0.3]",True,stage2_ext_009_obj_1,"[-109.95832824707031, -17.677812576293945, -19.01125144958496, 0.0]",-30.83057403564453,True,True,True
11,acceptable_pareto,Acceptable Pareto Assignment,157,"[0.2, 0.5, 0.1, 0.2]",True,stage2_ext_009_obj_1,"[-109.95832824707031, -17.677812576293945, -19.01125144958496, 0.0]",-32.7317008972168,True,True,True
11,acceptable_pareto,Acceptable Pareto Assignment,158,"[0.2, 0.5, 0.2, 0.1]",True,stage2_ext_009_obj_1,"[-109.95832824707031, -17.677812576293945, -19.01125144958496, 0.0]",-34.6328239440918,True,True,True
11,acceptable_pareto,Acceptable Pareto Assignment,159,"[0.2, 0.5, 0.3, 0.0]",True,stage2_ext_009_obj_1,"[-109.95832824707031, -17.677812576293945, -19.01125144958496, 0.0]",-36.53395080566406,True,True,True
11,acceptable_pareto,Acceptable Pareto Assignment,160,"[0.2, 0.6, 0.0, 0.2]",True,stage2_ext_009_obj_1,"[-109.95832824707031, -17.677812576293945, -19.01125144958496, 0.0]",-32.59835433959961,True,True,True
11,acceptable_pareto,Acceptable Pareto Assignment,161,"[0.2, 0.6, 0.1, 0.1]",True,stage2_ext_009_obj_1,"[-109.95832824707031, -17.677812576293945, -19.01125144958496, 0.0]",-34.499481201171875,True,True,True
11,acceptable_pareto,Acceptable Pareto Assignment,162,"[0.2, 0.6, 0.2, 0.0]",True,stage2_ext_009_obj_1,"[-109.95832824707031, -17.677812576293945, -19.01125144958496, 0.0]",-36.400604248046875,True,True,True
11,acceptable_pareto,Acceptable Pareto Assignment,163,"[0.2, 0.7, 0.0, 0.1]",True,stage2_ext_009_obj_1,"[-109.95832824707031, -17.677812576293945, -19.01125144958496, 0.0]",-34.36613464355469,True,True,True
11,acceptable_pareto,Acceptable Pareto Assignment,164,"[0.2, 0.7, 0.1, 0.0]",True,stage2_ext_009_obj_1,"[-109.95832824707031, -17.677812576293945, -19.01125144958496, 0.0]",-36.26726150512695,True,True,True
11,acceptable_pareto,Acceptable Pareto Assignment,165,"[0.2, 0.8, 0.0, 0.0]",True,stage2_ext_009_obj_1,"[-109.95832824707031, -17.677812576293945, -19.01125144958496, 0.0]",-36.13391876220703,True,True,True
11,acceptable_pareto,Acceptable Pareto Assignment,166,"[0.3, 0.0, 0.0, 0.7]",True,stage2_ext_009_obj_1,"[-109.95832824707031, -17.677812576293945, -19.01125144958496, 0.0]",-32.98749923706055,True,True,True
11,acceptable_pareto,Acceptable Pareto Assignment,167,"[0.3, 0.0, 0.1, 0.6]",True,stage2_ext_009_obj_1,"[-109.95832824707031, -17.677812576293945, -19.01125144958496, 0.0]",-34.88862609863281,True,True,True
11,acceptable_pareto,Acceptable Pareto Assignment,168,"[0.3, 0.0, 0.2, 0.5]",True,stage2_ext_009_obj_1,"[-109.95832824707031, -17.677812576293945, -19.01125144958496, 0.0]",-36.78974914550781,True,True,True
11,acceptable_pareto,Acceptable Pareto Assignment,169,"[0.3, 0.0, 0.3, 0.4]",True,stage2_ext_009_obj_1,"[-109.95832824707031, -17.677812576293945, -19.01125144958496, 0.0]",-38.69087600708008,True,True,True
11,acceptable_pareto,Acceptable Pareto Assignment,170,"[0.3, 0.0, 0.4, 0.3]",True,stage2_ext_009_obj_1,"[-109.95832824707031, -17.677812576293945, -19.01125144958496, 0.0]",-40.59199905395508,True,True,True
11,acceptable_pareto,Acceptable Pareto Assignment,171,"[0.3, 0.0, 0.5, 0.2]",True,stage2_ext_009_obj_1,"[-109.95832824707031, -17.677812576293945, -19.01125144958496, 0.0]",-42.493125915527344,True,True,True
11,acceptable_pareto,Acceptable Pareto Assignment,172,"[0.3, 0.0, 0.6, 0.1]",True,stage2_ext_009_obj_1,"[-109.95832824707031, -17.677812576293945, -19.01125144958496, 0.0]",-44.394248962402344,True,True,True
11,acceptable_pareto,Acceptable Pareto Assignment,173,"[0.3, 0.0, 0.7, 0.0]",True,stage2_ext_009_obj_1,"[-109.95832824707031, -17.677812576293945, -19.01125144958496, 0.0]",-46.29537582397461,True,True,True
11,acceptable_pareto,Acceptable Pareto Assignment,174,"[0.3, 0.1, 0.0, 0.6]",True,stage2_ext_009_obj_1,"[-109.95832824707031, -17.677812576293945, -19.01125144958496, 0.0]",-34.755279541015625,True,True,True
11,acceptable_pareto,Acceptable Pareto Assignment,175,"[0.3, 0.1, 0.1, 0.5]",True,stage2_ext_009_obj_1,"[-109.95832824707031, -17.677812576293945, -19.01125144958496, 0.0]",-36.65640640258789,True,True,True
11,acceptable_pareto,Acceptable Pareto Assignment,176,"[0.3, 0.1, 0.2, 0.4]",True,stage2_ext_009_obj_1,"[-109.95832824707031, -17.677812576293945, -19.01125144958496, 0.0]",-38.55752944946289,True,True,True
11,acceptable_pareto,Acceptable Pareto Assignment,177,"[0.3, 0.1, 0.3, 0.3]",True,stage2_ext_009_obj_1,"[-109.95832824707031, -17.677812576293945, -19.01125144958496, 0.0]",-40.458656311035156,True,True,True
11,acceptable_pareto,Acceptable Pareto Assignment,178,"[0.3, 0.1, 0.4, 0.2]",True,stage2_ext_009_obj_1,"[-109.95832824707031, -17.677812576293945, -19.01125144958496, 0.0]",-42.359779357910156,True,True,True
11,acceptable_pareto,Acceptable Pareto Assignment,179,"[0.3, 0.1, 0.5, 0.1]",True,stage2_ext_009_obj_1,"[-109.95832824707031, -17.677812576293945, -19.01125144958496, 0.0]",-44.26090621948242,True,True,True
11,acceptable_pareto,Acceptable Pareto Assignment,180,"[0.3, 0.1, 0.6, 0.0]",True,stage2_ext_009_obj_1,"[-109.95832824707031, -17.677812576293945, -19.01125144958496, 0.0]",-46.16203308105469,True,True,True
11,acceptable_pareto,Acceptable Pareto Assignment,181,"[0.3, 0.2, 0.0, 0.5]",True,stage2_ext_009_obj_1,"[-109.95832824707031, -17.677812576293945, -19.01125144958496, 0.0]",-36.52306365966797,True,True,True
11,acceptable_pareto,Acceptable Pareto Assignment,182,"[0.3, 0.2, 0.1, 0.4]",True,stage2_ext_009_obj_1,"[-109.95832824707031, -17.677812576293945, -19.01125144958496, 0.0]",-38.424190521240234,True,True,True
11,acceptable_pareto,Acceptable Pareto Assignment,183,"[0.3, 0.2, 0.2, 0.3]",True,stage2_ext_009_obj_1,"[-109.95832824707031, -17.677812576293945, -19.01125144958496, 0.0]",-40.325313568115234,True,True,True
11,acceptable_pareto,Acceptable Pareto Assignment,184,"[0.3, 0.2, 0.3, 0.2]",True,stage2_ext_009_obj_1,"[-109.95832824707031, -17.677812576293945, -19.01125144958496, 0.0]",-42.2264404296875,True,True,True
11,acceptable_pareto,Acceptable Pareto Assignment,185,"[0.3, 0.2, 0.4, 0.1]",True,stage2_ext_009_obj_1,"[-109.95832824707031, -17.677812576293945, -19.01125144958496, 0.0]",-44.1275634765625,True,True,True
11,acceptable_pareto,Acceptable Pareto Assignment,186,"[0.3, 0.2, 0.5, 0.0]",True,stage2_ext_009_obj_1,"[-109.95832824707031, -17.677812576293945, -19.01125144958496, 0.0]",-46.028690338134766,True,True,True
11,acceptable_pareto,Acceptable Pareto Assignment,187,"[0.3, 0.3, 0.0, 0.4]",True,stage2_ext_009_obj_1,"[-109.95832824707031, -17.677812576293945, -19.01125144958496, 0.0]",-38.29084396362305,True,True,True
11,acceptable_pareto,Acceptable Pareto Assignment,188,"[0.3, 0.3, 0.1, 0.3]",True,stage2_ext_009_obj_1,"[-109.95832824707031, -17.677812576293945, -19.01125144958496, 0.0]",-40.19197082519531,True,True,True
11,acceptable_pareto,Acceptable Pareto Assignment,189,"[0.3, 0.3, 0.2, 0.2]",True,stage2_ext_009_obj_1,"[-109.95832824707031, -17.677812576293945, -19.01125144958496, 0.0]",-42.09309387207031,True,True,True
11,acceptable_pareto,Acceptable Pareto Assignment,190,"[0.3, 0.3, 0.3, 0.1]",True,stage2_ext_009_obj_1,"[-109.95832824707031, -17.677812576293945, -19.01125144958496, 0.0]",-43.99422073364258,True,True,True
11,acceptable_pareto,Acceptable Pareto Assignment,191,"[0.3, 0.3, 0.4, 0.0]",True,stage2_ext_009_obj_1,"[-109.95832824707031, -17.677812576293945, -19.01125144958496, 0.0]",-45.89534378051758,True,True,True
11,acceptable_pareto,Acceptable Pareto Assignment,192,"[0.3, 0.4, 0.0, 0.3]",True,stage2_ext_009_obj_1,"[-109.95832824707031, -17.677812576293945, -19.01125144958496, 0.0]",-40.058624267578125,True,True,True
11,acceptable_pareto,Acceptable Pareto Assignment,193,"[0.3, 0.4, 0.1, 0.2]",True,stage2_ext_009_obj_1,"[-109.95832824707031, -17.677812576293945, -19.01125144958496, 0.0]",-41.95975112915039,True,True,True
11,acceptable_pareto,Acceptable Pareto Assignment,194,"[0.3, 0.4, 0.2, 0.1]",True,stage2_ext_009_obj_1,"[-109.95832824707031, -17.677812576293945, -19.01125144958496, 0.0]",-43.86087417602539,True,True,True
11,acceptable_pareto,Acceptable Pareto Assignment,195,"[0.3, 0.4, 0.3, 0.0]",True,stage2_ext_009_obj_1,"[-109.95832824707031, -17.677812576293945, -19.01125144958496, 0.0]",-45.762001037597656,True,True,True
11,acceptable_pareto,Acceptable Pareto Assignment,196,"[0.3, 0.5, 0.0, 0.2]",True,stage2_ext_009_obj_1,"[-109.95832824707031, -17.677812576293945, -19.01125144958496, 0.0]",-41.8264045715332,True,True,True
11,acceptable_pareto,Acceptable Pareto Assignment,197,"[0.3, 0.5, 0.1, 0.1]",True,stage2_ext_009_obj_1,"[-109.95832824707031, -17.677812576293945, -19.01125144958496, 0.0]",-43.72753143310547,True,True,True
11,acceptable_pareto,Acceptable Pareto Assignment,198,"[0.3, 0.5, 0.2, 0.0]",True,stage2_ext_009_obj_1,"[-109.95832824707031, -17.677812576293945, -19.01125144958496, 0.0]",-45.62865447998047,True,True,True
11,acceptable_pareto,Acceptable Pareto Assignment,199,"[0.3, 0.6, 0.0, 0.1]",True,stage2_ext_009_obj_1,"[-109.95832824707031, -17.677812576293945, -19.01125144958496, 0.0]",-43.59418487548828,True,True,True
11,acceptable_pareto,Acceptable Pareto Assignment,200,"[0.3, 0.6, 0.1, 0.0]",True,stage2_ext_009_obj_1,"[-109.95832824707031, -17.677812576293945, -19.01125144958496, 0.0]",-45.49531173706055,True,True,True
11,acceptable_pareto,Acceptable Pareto Assignment,201,"[0.3, 0.7, 0.0, 0.0]",True,stage2_ext_009_obj_1,"[-109.95832824707031, -17.677812576293945, -19.01125144958496, 0.0]",-45.361968994140625,True,True,True
11,acceptable_pareto,Acceptable Pareto Assignment,202,"[0.4, 0.0, 0.0, 0.6]",True,stage2_ext_009_obj_1,"[-109.95832824707031, -17.677812576293945, -19.01125144958496, 0.0]",-43.983333587646484,True,True,True
11,acceptable_pareto,Acceptable Pareto Assignment,203,"[0.4, 0.0, 0.1, 0.5]",True,stage2_ext_009_obj_1,"[-109.95832824707031, -17.677812576293945, -19.01125144958496, 0.0]",-45.88446044921875,True,True,True
11,acceptable_pareto,Acceptable Pareto Assignment,204,"[0.4, 0.0, 0.2, 0.4]",True,stage2_ext_009_obj_1,"[-109.95832824707031, -17.677812576293945, -19.01125144958496, 0.0]",-47.78558349609375,True,True,True
11,acceptable_pareto,Acceptable Pareto Assignment,205,"[0.4, 0.0, 0.3, 0.3]",True,stage2_ext_009_obj_1,"[-109.95832824707031, -17.677812576293945, -19.01125144958496, 0.0]",-49.686710357666016,True,True,True
11,acceptable_pareto,Acceptable Pareto Assignment,206,"[0.4, 0.0, 0.4, 0.2]",True,stage2_ext_009_obj_1,"[-109.95832824707031, -17.677812576293945, -19.01125144958496, 0.0]",-51.587833404541016,True,True,True
11,acceptable_pareto,Acceptable Pareto Assignment,207,"[0.4, 0.0, 0.5, 0.1]",True,stage2_ext_009_obj_1,"[-109.95832824707031, -17.677812576293945, -19.01125144958496, 0.0]",-53.48896026611328,True,True,True
11,acceptable_pareto,Acceptable Pareto Assignment,208,"[0.4, 0.0, 0.6, 0.0]",True,stage2_ext_009_obj_1,"[-109.95832824707031, -17.677812576293945, -19.01125144958496, 0.0]",-55.39008331298828,True,True,True
11,acceptable_pareto,Acceptable Pareto Assignment,209,"[0.4, 0.1, 0.0, 0.5]",True,stage2_ext_009_obj_1,"[-109.95832824707031, -17.677812576293945, -19.01125144958496, 0.0]",-45.75111389160156,True,True,True
11,acceptable_pareto,Acceptable Pareto Assignment,210,"[0.4, 0.1, 0.1, 0.4]",True,stage2_ext_009_obj_1,"[-109.95832824707031, -17.677812576293945, -19.01125144958496, 0.0]",-47.65224075317383,True,True,True
11,acceptable_pareto,Acceptable Pareto Assignment,211,"[0.4, 0.1, 0.2, 0.3]",True,stage2_ext_009_obj_1,"[-109.95832824707031, -17.677812576293945, -19.01125144958496, 0.0]",-49.55336380004883,True,True,True
11,acceptable_pareto,Acceptable Pareto Assignment,212,"[0.4, 0.1, 0.3, 0.2]",True,stage2_ext_009_obj_1,"[-109.95832824707031, -17.677812576293945, -19.01125144958496, 0.0]",-51.454490661621094,True,True,True
11,acceptable_pareto,Acceptable Pareto Assignment,213,"[0.4, 0.1, 0.4, 0.1]",True,stage2_ext_009_obj_1,"[-109.95832824707031, -17.677812576293945, -19.01125144958496, 0.0]",-53.355613708496094,True,True,True
11,acceptable_pareto,Acceptable Pareto Assignment,214,"[0.4, 0.1, 0.5, 0.0]",True,stage2_ext_009_obj_1,"[-109.95832824707031, -17.677812576293945, -19.01125144958496, 0.0]",-55.25674057006836,True,True,True
11,acceptable_pareto,Acceptable Pareto Assignment,215,"[0.4, 0.2, 0.0, 0.4]",True,stage2_ext_009_obj_1,"[-109.95832824707031, -17.677812576293945, -19.01125144958496, 0.0]",-47.518898010253906,True,True,True
11,acceptable_pareto,Acceptable Pareto Assignment,216,"[0.4, 0.2, 0.1, 0.3]",True,stage2_ext_009_obj_1,"[-109.95832824707031, -17.677812576293945, -19.01125144958496, 0.0]",-49.42002487182617,True,True,True
11,acceptable_pareto,Acceptable Pareto Assignment,217,"[0.4, 0.2, 0.2, 0.2]",True,stage2_ext_009_obj_1,"[-109.95832824707031, -17.677812576293945, -19.01125144958496, 0.0]",-51.32114791870117,True,True,True
11,acceptable_pareto,Acceptable Pareto Assignment,218,"[0.4, 0.2, 0.3, 0.1]",True,stage2_ext_009_obj_1,"[-109.95832824707031, -17.677812576293945, -19.01125144958496, 0.0]",-53.22227478027344,True,True,True
11,acceptable_pareto,Acceptable Pareto Assignment,219,"[0.4, 0.2, 0.4, 0.0]",True,stage2_ext_009_obj_1,"[-109.95832824707031, -17.677812576293945, -19.01125144958496, 0.0]",-55.12339782714844,True,True,True
11,acceptable_pareto,Acceptable Pareto Assignment,220,"[0.4, 0.3, 0.0, 0.3]",True,stage2_ext_009_obj_1,"[-109.95832824707031, -17.677812576293945, -19.01125144958496, 0.0]",-49.286678314208984,True,True,True
11,acceptable_pareto,Acceptable Pareto Assignment,221,"[0.4, 0.3, 0.1, 0.2]",True,stage2_ext_009_obj_1,"[-109.95832824707031, -17.677812576293945, -19.01125144958496, 0.0]",-51.18780517578125,True,True,True
11,acceptable_pareto,Acceptable Pareto Assignment,222,"[0.4, 0.3, 0.2, 0.1]",True,stage2_ext_009_obj_1,"[-109.95832824707031, -17.677812576293945, -19.01125144958496, 0.0]",-53.08892822265625,True,True,True
11,acceptable_pareto,Acceptable Pareto Assignment,223,"[0.4, 0.3, 0.3, 0.0]",True,stage2_ext_009_obj_1,"[-109.95832824707031, -17.677812576293945, -19.01125144958496, 0.0]",-54.990055084228516,True,True,True
11,acceptable_pareto,Acceptable Pareto Assignment,224,"[0.4, 0.4, 0.0, 0.2]",True,stage2_ext_009_obj_1,"[-109.95832824707031, -17.677812576293945, -19.01125144958496, 0.0]",-51.05445861816406,True,True,True
11,acceptable_pareto,Acceptable Pareto Assignment,225,"[0.4, 0.4, 0.1, 0.1]",True,stage2_ext_009_obj_1,"[-109.95832824707031, -17.677812576293945, -19.01125144958496, 0.0]",-52.95558547973633,True,True,True
11,acceptable_pareto,Acceptable Pareto Assignment,226,"[0.4, 0.4, 0.2, 0.0]",True,stage2_ext_009_obj_1,"[-109.95832824707031, -17.677812576293945, -19.01125144958496, 0.0]",-54.85670852661133,True,True,True
11,acceptable_pareto,Acceptable Pareto Assignment,227,"[0.4, 0.5, 0.0, 0.1]",True,stage2_ext_009_obj_1,"[-109.95832824707031, -17.677812576293945, -19.01125144958496, 0.0]",-52.82223892211914,True,True,True
11,acceptable_pareto,Acceptable Pareto Assignment,228,"[0.4, 0.5, 0.1, 0.0]",True,stage2_ext_009_obj_1,"[-109.95832824707031, -17.677812576293945, -19.01125144958496, 0.0]",-54.723365783691406,True,True,True
11,acceptable_pareto,Acceptable Pareto Assignment,229,"[0.4, 0.6, 0.0, 0.0]",True,stage2_ext_009_obj_1,"[-109.95832824707031, -17.677812576293945, -19.01125144958496, 0.0]",-54.59001922607422,True,True,True
11,acceptable_pareto,Acceptable Pareto Assignment,230,"[0.5, 0.0, 0.0, 0.5]",True,stage2_ext_009_obj_1,"[-109.95832824707031, -17.677812576293945, -19.01125144958496, 0.0]",-54.979164123535156,True,True,True
11,acceptable_pareto,Acceptable Pareto Assignment,231,"[0.5, 0.0, 0.1, 0.4]",True,stage2_ext_009_obj_1,"[-109.95832824707031, -17.677812576293945, -19.01125144958496, 0.0]",-56.88029098510742,True,True,True
11,acceptable_pareto,Acceptable Pareto Assignment,232,"[0.5, 0.0, 0.2, 0.3]",True,stage2_ext_009_obj_1,"[-109.95832824707031, -17.677812576293945, -19.01125144958496, 0.0]",-58.78141403198242,True,True,True
11,acceptable_pareto,Acceptable Pareto Assignment,233,"[0.5, 0.0, 0.3, 0.2]",True,stage2_ext_009_obj_1,"[-109.95832824707031, -17.677812576293945, -19.01125144958496, 0.0]",-60.68254089355469,True,True,True
11,acceptable_pareto,Acceptable Pareto Assignment,234,"[0.5, 0.0, 0.4, 0.1]",True,stage2_ext_009_obj_1,"[-109.95832824707031, -17.677812576293945, -19.01125144958496, 0.0]",-62.58366394042969,True,True,True
11,acceptable_pareto,Acceptable Pareto Assignment,235,"[0.5, 0.0, 0.5, 0.0]",True,stage2_ext_009_obj_1,"[-109.95832824707031, -17.677812576293945, -19.01125144958496, 0.0]",-64.48478698730469,True,True,True
11,acceptable_pareto,Acceptable Pareto Assignment,236,"[0.5, 0.1, 0.0, 0.4]",True,stage2_ext_009_obj_1,"[-109.95832824707031, -17.677812576293945, -19.01125144958496, 0.0]",-56.746944427490234,True,True,True
11,acceptable_pareto,Acceptable Pareto Assignment,237,"[0.5, 0.1, 0.1, 0.3]",True,stage2_ext_009_obj_1,"[-109.95832824707031, -17.677812576293945, -19.01125144958496, 0.0]",-58.6480712890625,True,True,True
11,acceptable_pareto,Acceptable Pareto Assignment,238,"[0.5, 0.1, 0.2, 0.2]",True,stage2_ext_009_obj_1,"[-109.95832824707031, -17.677812576293945, -19.01125144958496, 0.0]",-60.5491943359375,True,True,True
11,acceptable_pareto,Acceptable Pareto Assignment,239,"[0.5, 0.1, 0.3, 0.1]",True,stage2_ext_009_obj_1,"[-109.95832824707031, -17.677812576293945, -19.01125144958496, 0.0]",-62.450321197509766,True,True,True
11,acceptable_pareto,Acceptable Pareto Assignment,240,"[0.5, 0.1, 0.4, 0.0]",True,stage2_ext_009_obj_1,"[-109.95832824707031, -17.677812576293945, -19.01125144958496, 0.0]",-64.35144805908203,True,True,True
11,acceptable_pareto,Acceptable Pareto Assignment,241,"[0.5, 0.2, 0.0, 0.3]",True,stage2_ext_009_obj_1,"[-109.95832824707031, -17.677812576293945, -19.01125144958496, 0.0]",-58.51472473144531,True,True,True
11,acceptable_pareto,Acceptable Pareto Assignment,242,"[0.5, 0.2, 0.1, 0.2]",True,stage2_ext_009_obj_1,"[-109.95832824707031, -17.677812576293945, -19.01125144958496, 0.0]",-60.41585159301758,True,True,True
11,acceptable_pareto,Acceptable Pareto Assignment,243,"[0.5, 0.2, 0.2, 0.1]",True,stage2_ext_009_obj_1,"[-109.95832824707031, -17.677812576293945, -19.01125144958496, 0.0]",-62.31697463989258,True,True,True
11,acceptable_pareto,Acceptable Pareto Assignment,244,"[0.5, 0.2, 0.3, 0.0]",True,stage2_ext_009_obj_1,"[-109.95832824707031, -17.677812576293945, -19.01125144958496, 0.0]",-64.21810150146484,True,True,True
11,acceptable_pareto,Acceptable Pareto Assignment,245,"[0.5, 0.3, 0.0, 0.2]",True,stage2_ext_009_obj_1,"[-109.95832824707031, -17.677812576293945, -19.01125144958496, 0.0]",-60.282508850097656,True,True,True
11,acceptable_pareto,Acceptable Pareto Assignment,246,"[0.5, 0.3, 0.1, 0.1]",True,stage2_ext_009_obj_1,"[-109.95832824707031, -17.677812576293945, -19.01125144958496, 0.0]",-62.18363571166992,True,True,True
11,acceptable_pareto,Acceptable Pareto Assignment,247,"[0.5, 0.3, 0.2, 0.0]",True,stage2_ext_009_obj_1,"[-109.95832824707031, -17.677812576293945, -19.01125144958496, 0.0]",-64.08476257324219,True,True,True
11,acceptable_pareto,Acceptable Pareto Assignment,248,"[0.5, 0.4, 0.0, 0.1]",True,stage2_ext_009_obj_1,"[-109.95832824707031, -17.677812576293945, -19.01125144958496, 0.0]",-62.050289154052734,True,True,True
11,acceptable_pareto,Acceptable Pareto Assignment,249,"[0.5, 0.4, 0.1, 0.0]",True,stage2_ext_009_obj_1,"[-109.95832824707031, -17.677812576293945, -19.01125144958496, 0.0]",-63.951416015625,True,True,True
11,acceptable_pareto,Acceptable Pareto Assignment,250,"[0.5, 0.5, 0.0, 0.0]",True,stage2_ext_009_obj_1,"[-109.95832824707031, -17.677812576293945, -19.01125144958496, 0.0]",-63.81806945800781,True,True,True
11,acceptable_pareto,Acceptable Pareto Assignment,251,"[0.6, 0.0, 0.0, 0.4]",True,stage2_ext_009_obj_1,"[-109.95832824707031, -17.677812576293945, -19.01125144958496, 0.0]",-65.9749984741211,True,True,True
11,acceptable_pareto,Acceptable Pareto Assignment,252,"[0.6, 0.0, 0.1, 0.3]",True,stage2_ext_009_obj_1,"[-109.95832824707031, -17.677812576293945, -19.01125144958496, 0.0]",-67.8761215209961,True,True,True
11,acceptable_pareto,Acceptable Pareto Assignment,253,"[0.6, 0.0, 0.2, 0.2]",True,stage2_ext_009_obj_1,"[-109.95832824707031, -17.677812576293945, -19.01125144958496, 0.0]",-69.77725219726562,True,True,True
11,acceptable_pareto,Acceptable Pareto Assignment,254,"[0.6, 0.0, 0.3, 0.1]",True,stage2_ext_009_obj_1,"[-109.95832824707031, -17.677812576293945, -19.01125144958496, 0.0]",-71.67837524414062,True,True,True
11,acceptable_pareto,Acceptable Pareto Assignment,255,"[0.6, 0.0, 0.4, 0.0]",True,stage2_ext_009_obj_1,"[-109.95832824707031, -17.677812576293945, -19.01125144958496, 0.0]",-73.57949829101562,True,True,True
11,acceptable_pareto,Acceptable Pareto Assignment,256,"[0.6, 0.1, 0.0, 0.3]",True,stage2_ext_009_obj_1,"[-109.95832824707031, -17.677812576293945, -19.01125144958496, 0.0]",-67.74278259277344,True,True,True
11,acceptable_pareto,Acceptable Pareto Assignment,257,"[0.6, 0.1, 0.1, 0.2]",True,stage2_ext_009_obj_1,"[-109.95832824707031, -17.677812576293945, -19.01125144958496, 0.0]",-69.64390563964844,True,True,True
11,acceptable_pareto,Acceptable Pareto Assignment,258,"[0.6, 0.1, 0.2, 0.1]",True,stage2_ext_009_obj_1,"[-109.95832824707031, -17.677812576293945, -19.01125144958496, 0.0]",-71.54503631591797,True,True,True
11,acceptable_pareto,Acceptable Pareto Assignment,259,"[0.6, 0.1, 0.3, 0.0]",True,stage2_ext_009_obj_1,"[-109.95832824707031, -17.677812576293945, -19.01125144958496, 0.0]",-73.44615936279297,True,True,True
11,acceptable_pareto,Acceptable Pareto Assignment,260,"[0.6, 0.2, 0.0, 0.2]",True,stage2_ext_009_obj_1,"[-109.95832824707031, -17.677812576293945, -19.01125144958496, 0.0]",-69.51055908203125,True,True,True
11,acceptable_pareto,Acceptable Pareto Assignment,261,"[0.6, 0.2, 0.1, 0.1]",True,stage2_ext_009_obj_1,"[-109.95832824707031, -17.677812576293945, -19.01125144958496, 0.0]",-71.41168212890625,True,True,True
11,acceptable_pareto,Acceptable Pareto Assignment,262,"[0.6, 0.2, 0.2, 0.0]",True,stage2_ext_009_obj_1,"[-109.95832824707031, -17.677812576293945, -19.01125144958496, 0.0]",-73.31281280517578,True,True,True
11,acceptable_pareto,Acceptable Pareto Assignment,263,"[0.6, 0.3, 0.0, 0.1]",True,stage2_ext_009_obj_1,"[-109.95832824707031, -17.677812576293945, -19.01125144958496, 0.0]",-71.2783432006836,True,True,True
11,acceptable_pareto,Acceptable Pareto Assignment,264,"[0.6, 0.3, 0.1, 0.0]",True,stage2_ext_009_obj_1,"[-109.95832824707031, -17.677812576293945, -19.01125144958496, 0.0]",-73.1794662475586,True,True,True
11,acceptable_pareto,Acceptable Pareto Assignment,265,"[0.6, 0.4, 0.0, 0.0]",True,stage2_ext_009_obj_1,"[-109.95832824707031, -17.677812576293945, -19.01125144958496, 0.0]",-73.04612731933594,True,True,True
11,acceptable_pareto,Acceptable Pareto Assignment,266,"[0.7, 0.0, 0.0, 0.3]",True,stage2_ext_009_obj_1,"[-109.95832824707031, -17.677812576293945, -19.01125144958496, 0.0]",-76.9708251953125,True,True,True
11,acceptable_pareto,Acceptable Pareto Assignment,267,"[0.7, 0.0, 0.1, 0.2]",True,stage2_ext_009_obj_1,"[-109.95832824707031, -17.677812576293945, -19.01125144958496, 0.0]",-78.8719482421875,True,True,True
11,acceptable_pareto,Acceptable Pareto Assignment,268,"[0.7, 0.0, 0.2, 0.1]",True,stage2_ext_009_obj_1,"[-109.95832824707031, -17.677812576293945, -19.01125144958496, 0.0]",-80.77307891845703,True,True,True
11,acceptable_pareto,Acceptable Pareto Assignment,269,"[0.7, 0.0, 0.3, 0.0]",True,stage2_ext_009_obj_1,"[-109.95832824707031, -17.677812576293945, -19.01125144958496, 0.0]",-82.67420196533203,True,True,True
11,acceptable_pareto,Acceptable Pareto Assignment,270,"[0.7, 0.1, 0.0, 0.2]",True,stage2_ext_009_obj_1,"[-109.95832824707031, -17.677812576293945, -19.01125144958496, 0.0]",-78.73860931396484,True,True,True
11,acceptable_pareto,Acceptable Pareto Assignment,271,"[0.7, 0.1, 0.1, 0.1]",True,stage2_ext_009_obj_1,"[-109.95832824707031, -17.677812576293945, -19.01125144958496, 0.0]",-80.63973236083984,True,True,True
11,acceptable_pareto,Acceptable Pareto Assignment,272,"[0.7, 0.1, 0.2, 0.0]",True,stage2_ext_009_obj_1,"[-109.95832824707031, -17.677812576293945, -19.01125144958496, 0.0]",-82.54086303710938,True,True,True
11,acceptable_pareto,Acceptable Pareto Assignment,273,"[0.7, 0.2, 0.0, 0.1]",True,stage2_ext_009_obj_1,"[-109.95832824707031, -17.677812576293945, -19.01125144958496, 0.0]",-80.50638580322266,True,True,True
11,acceptable_pareto,Acceptable Pareto Assignment,274,"[0.7, 0.2, 0.1, 0.0]",True,stage2_ext_009_obj_1,"[-109.95832824707031, -17.677812576293945, -19.01125144958496, 0.0]",-82.40750885009766,True,True,True
11,acceptable_pareto,Acceptable Pareto Assignment,275,"[0.7, 0.3, 0.0, 0.0]",True,stage2_ext_009_obj_1,"[-109.95832824707031, -17.677812576293945, -19.01125144958496, 0.0]",-82.274169921875,True,True,True
11,acceptable_pareto,Acceptable Pareto Assignment,276,"[0.8, 0.0, 0.0, 0.2]",True,stage2_ext_009_obj_1,"[-109.95832824707031, -17.677812576293945, -19.01125144958496, 0.0]",-87.96666717529297,True,True,True
11,acceptable_pareto,Acceptable Pareto Assignment,277,"[0.8, 0.0, 0.1, 0.1]",True,stage2_ext_009_obj_1,"[-109.95832824707031, -17.677812576293945, -19.01125144958496, 0.0]",-89.86779022216797,True,True,True
11,acceptable_pareto,Acceptable Pareto Assignment,278,"[0.8, 0.0, 0.2, 0.0]",True,stage2_ext_009_obj_1,"[-109.95832824707031, -17.677812576293945, -19.01125144958496, 0.0]",-91.7689208984375,True,True,True
11,acceptable_pareto,Acceptable Pareto Assignment,279,"[0.8, 0.1, 0.0, 0.1]",True,stage2_ext_009_obj_1,"[-109.95832824707031, -17.677812576293945, -19.01125144958496, 0.0]",-89.73445129394531,True,True,True
11,acceptable_pareto,Acceptable Pareto Assignment,280,"[0.8, 0.1, 0.1, 0.0]",True,stage2_ext_009_obj_1,"[-109.95832824707031, -17.677812576293945, -19.01125144958496, 0.0]",-91.63557434082031,True,True,True
11,acceptable_pareto,Acceptable Pareto Assignment,281,"[0.8, 0.2, 0.0, 0.0]",True,stage2_ext_009_obj_1,"[-109.95832824707031, -17.677812576293945, -19.01125144958496, 0.0]",-91.50222778320312,True,True,True
11,acceptable_pareto,Acceptable Pareto Assignment,282,"[0.9, 0.0, 0.0, 0.1]",True,stage2_ext_009_obj_1,"[-109.95832824707031, -17.677812576293945, -19.01125144958496, 0.0]",-98.96249389648438,True,True,True
11,acceptable_pareto,Acceptable Pareto Assignment,283,"[0.9, 0.0, 0.1, 0.0]",True,stage2_ext_009_obj_1,"[-109.95832824707031, -17.677812576293945, -19.01125144958496, 0.0]",-100.86361694335938,True,True,True
11,acceptable_pareto,Acceptable Pareto Assignment,284,"[0.9, 0.1, 0.0, 0.0]",True,stage2_ext_009_obj_1,"[-109.95832824707031, -17.677812576293945, -19.01125144958496, 0.0]",-100.73027801513672,True,True,True
11,acceptable_pareto,Acceptable Pareto Assignment,285,"[1.0, 0.0, 0.0, 0.0]",True,stage2_ext_009_obj_1,"[-109.95832824707031, -17.677812576293945, -19.01125144958496, 0.0]",-109.95832824707031,True,True,True
19,raw_pareto,Raw Pareto Assignment,0,"[0.0, 0.0, 0.0, 1.0]",True,stage2_ext_001_obj_1,"[-127.54582977294922, -20.826457977294922, -21.36916732788086, 0.0]",0.0,True,True,True
19,raw_pareto,Raw Pareto Assignment,1,"[0.0, 0.0, 0.1, 0.9]",True,stage2_ext_005_obj_2,"[-170.60000610351562, -27.774999618530273, -19.860000610351562, 0.0]",-1.9860000610351562,True,True,True
19,raw_pareto,Raw Pareto Assignment,2,"[0.0, 0.0, 0.2, 0.8]",True,stage2_ext_005_obj_2,"[-170.60000610351562, -27.774999618530273, -19.860000610351562, 0.0]",-3.9720001220703125,True,True,True
19,raw_pareto,Raw Pareto Assignment,3,"[0.0, 0.0, 0.3, 0.7]",True,stage2_ext_005_obj_2,"[-170.60000610351562, -27.774999618530273, -19.860000610351562, 0.0]",-5.958000183105469,True,True,True
19,raw_pareto,Raw Pareto Assignment,4,"[0.0, 0.0, 0.4, 0.6]",True,stage2_ext_005_obj_2,"[-170.60000610351562, -27.774999618530273, -19.860000610351562, 0.0]",-7.944000244140625,True,True,True
19,raw_pareto,Raw Pareto Assignment,5,"[0.0, 0.0, 0.5, 0.5]",True,stage2_ext_005_obj_2,"[-170.60000610351562, -27.774999618530273, -19.860000610351562, 0.0]",-9.930000305175781,True,True,True
19,raw_pareto,Raw Pareto Assignment,6,"[0.0, 0.0, 0.6, 0.4]",True,stage2_ext_005_obj_2,"[-170.60000610351562, -27.774999618530273, -19.860000610351562, 0.0]",-11.916000366210938,True,True,True
19,raw_pareto,Raw Pareto Assignment,7,"[0.0, 0.0, 0.7, 0.3]",True,stage2_ext_005_obj_2,"[-170.60000610351562, -27.774999618530273, -19.860000610351562, 0.0]",-13.902000427246094,True,True,True
19,raw_pareto,Raw Pareto Assignment,8,"[0.0, 0.0, 0.8, 0.2]",True,stage2_ext_005_obj_2,"[-170.60000610351562, -27.774999618530273, -19.860000610351562, 0.0]",-15.88800048828125,True,True,True
19,raw_pareto,Raw Pareto Assignment,9,"[0.0, 0.0, 0.9, 0.1]",True,stage2_ext_005_obj_2,"[-170.60000610351562, -27.774999618530273, -19.860000610351562, 0.0]",-17.874000549316406,True,True,True
19,raw_pareto,Raw Pareto Assignment,10,"[0.0, 0.0, 1.0, 0.0]",True,stage2_ext_005_obj_2,"[-170.60000610351562, -27.774999618530273, -19.860000610351562, 0.0]",-19.860000610351562,True,True,True
19,raw_pareto,Raw Pareto Assignment,11,"[0.0, 0.1, 0.0, 0.9]",True,stage2_ext_001_obj_1,"[-127.54582977294922, -20.826457977294922, -21.36916732788086, 0.0]",-2.082645893096924,True,True,True
19,raw_pareto,Raw Pareto Assignment,12,"[0.0, 0.1, 0.1, 0.8]",True,stage2_ext_002_obj_2,"[-131.79165649414062, -20.956249237060547, -20.058334350585938, 0.0]",-4.101458549499512,True,True,True
19,raw_pareto,Raw Pareto Assignment,13,"[0.0, 0.1, 0.2, 0.7]",True,stage2_ext_002_obj_2,"[-131.79165649414062, -20.956249237060547, -20.058334350585938, 0.0]",-6.1072916984558105,True,True,True
19,raw_pareto,Raw Pareto Assignment,14,"[0.0, 0.1, 0.3, 0.6]",True,stage2_ext_002_obj_2,"[-131.79165649414062, -20.956249237060547, -20.058334350585938, 0.0]",-8.11312484741211,True,True,True
19,raw_pareto,Raw Pareto Assignment,15,"[0.0, 0.1, 0.4, 0.5]",True,stage2_ext_002_obj_2,"[-131.79165649414062, -20.956249237060547, -20.058334350585938, 0.0]",-10.118958473205566,True,True,True
19,raw_pareto,Raw Pareto Assignment,16,"[0.0, 0.1, 0.5, 0.4]",True,stage2_ext_002_obj_2,"[-131.79165649414062, -20.956249237060547, -20.058334350585938, 0.0]",-12.124792098999023,True,True,True
19,raw_pareto,Raw Pareto Assignment,17,"[0.0, 0.1, 0.6, 0.3]",True,stage2_ext_002_obj_2,"[-131.79165649414062, -20.956249237060547, -20.058334350585938, 0.0]",-14.13062572479248,True,True,True
19,raw_pareto,Raw Pareto Assignment,18,"[0.0, 0.1, 0.7, 0.2]",True,stage2_ext_002_obj_2,"[-131.79165649414062, -20.956249237060547, -20.058334350585938, 0.0]",-16.136459350585938,True,True,True
19,raw_pareto,Raw Pareto Assignment,19,"[0.0, 0.1, 0.8, 0.1]",True,stage2_ext_002_obj_2,"[-131.79165649414062, -20.956249237060547, -20.058334350585938, 0.0]",-18.142292022705078,True,True,True
19,raw_pareto,Raw Pareto Assignment,20,"[0.0, 0.1, 0.9, 0.0]",True,stage2_ext_002_obj_2,"[-131.79165649414062, -20.956249237060547, -20.058334350585938, 0.0]",-20.14812469482422,True,True,True
19,raw_pareto,Raw Pareto Assignment,21,"[0.0, 0.2, 0.0, 0.8]",True,stage2_ext_001_obj_1,"[-127.54582977294922, -20.826457977294922, -21.36916732788086, 0.0]",-4.165291786193848,True,True,True
19,raw_pareto,Raw Pareto Assignment,22,"[0.0, 0.2, 0.1, 0.7]",True,stage2_ext_002_obj_2,"[-131.79165649414062, -20.956249237060547, -20.058334350585938, 0.0]",-6.197083473205566,True,True,True
19,raw_pareto,Raw Pareto Assignment,23,"[0.0, 0.2, 0.2, 0.6]",True,stage2_ext_002_obj_2,"[-131.79165649414062, -20.956249237060547, -20.058334350585938, 0.0]",-8.202917098999023,True,True,True
19,raw_pareto,Raw Pareto Assignment,24,"[0.0, 0.2, 0.3, 0.5]",True,stage2_ext_002_obj_2,"[-131.79165649414062, -20.956249237060547, -20.058334350585938, 0.0]",-10.208749771118164,True,True,True
19,raw_pareto,Raw Pareto Assignment,25,"[0.0, 0.2, 0.4, 0.4]",True,stage2_ext_002_obj_2,"[-131.79165649414062, -20.956249237060547, -20.058334350585938, 0.0]",-12.214583396911621,True,True,True
19,raw_pareto,Raw Pareto Assignment,26,"[0.0, 0.2, 0.5, 0.3]",True,stage2_ext_002_obj_2,"[-131.79165649414062, -20.956249237060547, -20.058334350585938, 0.0]",-14.220417022705078,True,True,True
19,raw_pareto,Raw Pareto Assignment,27,"[0.0, 0.2, 0.6, 0.2]",True,stage2_ext_002_obj_2,"[-131.79165649414062, -20.956249237060547, -20.058334350585938, 0.0]",-16.22624969482422,True,True,True
19,raw_pareto,Raw Pareto Assignment,28,"[0.0, 0.2, 0.7, 0.1]",True,stage2_ext_002_obj_2,"[-131.79165649414062, -20.956249237060547, -20.058334350585938, 0.0]",-18.23208236694336,True,True,True
19,raw_pareto,Raw Pareto Assignment,29,"[0.0, 0.2, 0.8, 0.0]",True,stage2_ext_002_obj_2,"[-131.79165649414062, -20.956249237060547, -20.058334350585938, 0.0]",-20.237916946411133,True,True,True
19,raw_pareto,Raw Pareto Assignment,30,"[0.0, 0.3, 0.0, 0.7]",True,stage2_ext_001_obj_1,"[-127.54582977294922, -20.826457977294922, -21.36916732788086, 0.0]",-6.2479376792907715,True,True,True
19,raw_pareto,Raw Pareto Assignment,31,"[0.0, 0.3, 0.1, 0.6]",True,stage2_ext_002_obj_2,"[-131.79165649414062, -20.956249237060547, -20.058334350585938, 0.0]",-8.292708396911621,True,True,True
19,raw_pareto,Raw Pareto Assignment,32,"[0.0, 0.3, 0.2, 0.5]",True,stage2_ext_002_obj_2,"[-131.79165649414062, -20.956249237060547, -20.058334350585938, 0.0]",-10.298542022705078,True,True,True
19,raw_pareto,Raw Pareto Assignment,33,"[0.0, 0.3, 0.3, 0.4]",True,stage2_ext_002_obj_2,"[-131.79165649414062, -20.956249237060547, -20.058334350585938, 0.0]",-12.304375648498535,True,True,True
19,raw_pareto,Raw Pareto Assignment,34,"[0.0, 0.3, 0.4, 0.3]",True,stage2_ext_002_obj_2,"[-131.79165649414062, -20.956249237060547, -20.058334350585938, 0.0]",-14.310209274291992,True,True,True
19,raw_pareto,Raw Pareto Assignment,35,"[0.0, 0.3, 0.5, 0.2]",True,stage2_ext_002_obj_2,"[-131.79165649414062, -20.956249237060547, -20.058334350585938, 0.0]",-16.316041946411133,True,True,True
19,raw_pareto,Raw Pareto Assignment,36,"[0.0, 0.3, 0.6, 0.1]",True,stage2_ext_002_obj_2,"[-131.79165649414062, -20.956249237060547, -20.058334350585938, 0.0]",-18.321876525878906,True,True,True
19,raw_pareto,Raw Pareto Assignment,37,"[0.0, 0.3, 0.7, 0.0]",True,stage2_ext_002_obj_2,"[-131.79165649414062, -20.956249237060547, -20.058334350585938, 0.0]",-20.327709197998047,True,True,True
19,raw_pareto,Raw Pareto Assignment,38,"[0.0, 0.4, 0.0, 0.6]",True,stage2_ext_001_obj_1,"[-127.54582977294922, -20.826457977294922, -21.36916732788086, 0.0]",-8.330583572387695,True,True,True
19,raw_pareto,Raw Pareto Assignment,39,"[0.0, 0.4, 0.1, 0.5]",True,stage2_ext_002_obj_2,"[-131.79165649414062, -20.956249237060547, -20.058334350585938, 0.0]",-10.388333320617676,True,True,True
19,raw_pareto,Raw Pareto Assignment,40,"[0.0, 0.4, 0.2, 0.4]",True,stage2_ext_002_obj_2,"[-131.79165649414062, -20.956249237060547, -20.058334350585938, 0.0]",-12.394166946411133,True,True,True
19,raw_pareto,Raw Pareto Assignment,41,"[0.0, 0.4, 0.3, 0.3]",True,stage2_ext_002_obj_2,"[-131.79165649414062, -20.956249237060547, -20.058334350585938, 0.0]",-14.399999618530273,True,True,True
19,raw_pareto,Raw Pareto Assignment,42,"[0.0, 0.4, 0.4, 0.2]",True,stage2_ext_002_obj_2,"[-131.79165649414062, -20.956249237060547, -20.058334350585938, 0.0]",-16.405834197998047,True,True,True
19,raw_pareto,Raw Pareto Assignment,43,"[0.0, 0.4, 0.5, 0.1]",True,stage2_ext_002_obj_2,"[-131.79165649414062, -20.956249237060547, -20.058334350585938, 0.0]",-18.411666870117188,True,True,True
19,raw_pareto,Raw Pareto Assignment,44,"[0.0, 0.4, 0.6, 0.0]",True,stage2_ext_002_obj_2,"[-131.79165649414062, -20.956249237060547, -20.058334350585938, 0.0]",-20.417499542236328,True,True,True
19,raw_pareto,Raw Pareto Assignment,45,"[0.0, 0.5, 0.0, 0.5]",True,stage2_ext_001_obj_1,"[-127.54582977294922, -20.826457977294922, -21.36916732788086, 0.0]",-10.413228988647461,True,True,True
19,raw_pareto,Raw Pareto Assignment,46,"[0.0, 0.5, 0.1, 0.4]",True,stage2_ext_002_obj_2,"[-131.79165649414062, -20.956249237060547, -20.058334350585938, 0.0]",-12.48395824432373,True,True,True
19,raw_pareto,Raw Pareto Assignment,47,"[0.0, 0.5, 0.2, 0.3]",True,stage2_ext_002_obj_2,"[-131.79165649414062, -20.956249237060547, -20.058334350585938, 0.0]",-14.489791870117188,True,True,True
19,raw_pareto,Raw Pareto Assignment,48,"[0.0, 0.5, 0.3, 0.2]",True,stage2_ext_002_obj_2,"[-131.79165649414062, -20.956249237060547, -20.058334350585938, 0.0]",-16.495624542236328,True,True,True
19,raw_pareto,Raw Pareto Assignment,49,"[0.0, 0.5, 0.4, 0.1]",True,stage2_ext_002_obj_2,"[-131.79165649414062, -20.956249237060547, -20.058334350585938, 0.0]",-18.50145721435547,True,True,True
19,raw_pareto,Raw Pareto Assignment,50,"[0.0, 0.5, 0.5, 0.0]",True,stage2_ext_002_obj_2,"[-131.79165649414062, -20.956249237060547, -20.058334350585938, 0.0]",-20.507291793823242,True,True,True
19,raw_pareto,Raw Pareto Assignment,51,"[0.0, 0.6, 0.0, 0.4]",True,stage2_ext_001_obj_1,"[-127.54582977294922, -20.826457977294922, -21.36916732788086, 0.0]",-12.495875358581543,True,True,True
19,raw_pareto,Raw Pareto Assignment,52,"[0.0, 0.6, 0.1, 0.3]",True,stage2_ext_002_obj_2,"[-131.79165649414062, -20.956249237060547, -20.058334350585938, 0.0]",-14.579584121704102,True,True,True
19,raw_pareto,Raw Pareto Assignment,53,"[0.0, 0.6, 0.2, 0.2]",True,stage2_ext_002_obj_2,"[-131.79165649414062, -20.956249237060547, -20.058334350585938, 0.0]",-16.585416793823242,True,True,True
19,raw_pareto,Raw Pareto Assignment,54,"[0.0, 0.6, 0.3, 0.1]",True,stage2_ext_002_obj_2,"[-131.79165649414062, -20.956249237060547, -20.058334350585938, 0.0]",-18.591251373291016,True,True,True
19,raw_pareto,Raw Pareto Assignment,55,"[0.0, 0.6, 0.4, 0.0]",True,stage2_ext_002_obj_2,"[-131.79165649414062, -20.956249237060547, -20.058334350585938, 0.0]",-20.597084045410156,True,True,True
19,raw_pareto,Raw Pareto Assignment,56,"[0.0, 0.7, 0.0, 0.3]",True,stage2_ext_001_obj_1,"[-127.54582977294922, -20.826457977294922, -21.36916732788086, 0.0]",-14.578520774841309,True,True,True
19,raw_pareto,Raw Pareto Assignment,57,"[0.0, 0.7, 0.1, 0.2]",True,stage2_ext_002_obj_2,"[-131.79165649414062, -20.956249237060547, -20.058334350585938, 0.0]",-16.675207138061523,True,True,True
19,raw_pareto,Raw Pareto Assignment,58,"[0.0, 0.7, 0.2, 0.1]",True,stage2_ext_002_obj_2,"[-131.79165649414062, -20.956249237060547, -20.058334350585938, 0.0]",-18.681041717529297,True,True,True
19,raw_pareto,Raw Pareto Assignment,59,"[0.0, 0.7, 0.3, 0.0]",True,stage2_ext_002_obj_2,"[-131.79165649414062, -20.956249237060547, -20.058334350585938, 0.0]",-20.686874389648438,True,True,True
19,raw_pareto,Raw Pareto Assignment,60,"[0.0, 0.8, 0.0, 0.2]",True,stage2_ext_001_obj_1,"[-127.54582977294922, -20.826457977294922, -21.36916732788086, 0.0]",-16.66116714477539,True,True,True
19,raw_pareto,Raw Pareto Assignment,61,"[0.0, 0.8, 0.1, 0.1]",True,stage2_ext_002_obj_2,"[-131.79165649414062, -20.956249237060547, -20.058334350585938, 0.0]",-18.770832061767578,True,True,True
19,raw_pareto,Raw Pareto Assignment,62,"[0.0, 0.8, 0.2, 0.0]",True,stage2_ext_002_obj_2,"[-131.79165649414062, -20.956249237060547, -20.058334350585938, 0.0]",-20.77666664123535,True,True,True
19,raw_pareto,Raw Pareto Assignment,63,"[0.0, 0.9, 0.0, 0.1]",True,stage2_ext_001_obj_1,"[-127.54582977294922, -20.826457977294922, -21.36916732788086, 0.0]",-18.743812561035156,True,True,True
19,raw_pareto,Raw Pareto Assignment,64,"[0.0, 0.9, 0.1, 0.0]",True,stage2_ext_002_obj_2,"[-131.79165649414062, -20.956249237060547, -20.058334350585938, 0.0]",-20.866456985473633,True,True,True
19,raw_pareto,Raw Pareto Assignment,65,"[0.0, 1.0, 0.0, 0.0]",True,stage2_ext_001_obj_1,"[-127.54582977294922, -20.826457977294922, -21.36916732788086, 0.0]",-20.826457977294922,True,True,True
19,raw_pareto,Raw Pareto Assignment,66,"[0.1, 0.0, 0.0, 0.9]",True,stage2_ext_001_obj_1,"[-127.54582977294922, -20.826457977294922, -21.36916732788086, 0.0]",-12.754583358764648,True,True,True
19,raw_pareto,Raw Pareto Assignment,67,"[0.1, 0.0, 0.1, 0.8]",True,stage2_ext_001_obj_1,"[-127.54582977294922, -20.826457977294922, -21.36916732788086, 0.0]",-14.891500473022461,True,True,True
19,raw_pareto,Raw Pareto Assignment,68,"[0.1, 0.0, 0.2, 0.7]",True,stage2_ext_001_obj_1,"[-127.54582977294922, -20.826457977294922, -21.36916732788086, 0.0]",-17.028417587280273,True,True,True
19,raw_pareto,Raw Pareto Assignment,69,"[0.1, 0.0, 0.3, 0.6]",True,stage2_ext_001_obj_1,"[-127.54582977294922, -20.826457977294922, -21.36916732788086, 0.0]",-19.165332794189453,True,True,True
19,raw_pareto,Raw Pareto Assignment,70,"[0.1, 0.0, 0.4, 0.5]",True,stage2_ext_002_obj_2,"[-131.79165649414062, -20.956249237060547, -20.058334350585938, 0.0]",-21.202499389648438,True,True,True
19,raw_pareto,Raw Pareto Assignment,71,"[0.1, 0.0, 0.5, 0.4]",True,stage2_ext_002_obj_2,"[-131.79165649414062, -20.956249237060547, -20.058334350585938, 0.0]",-23.208332061767578,True,True,True
19,raw_pareto,Raw Pareto Assignment,72,"[0.1, 0.0, 0.6, 0.3]",True,stage2_ext_002_obj_2,"[-131.79165649414062, -20.956249237060547, -20.058334350585938, 0.0]",-25.21416664123535,True,True,True
19,raw_pareto,Raw Pareto Assignment,73,"[0.1, 0.0, 0.7, 0.2]",True,stage2_ext_002_obj_2,"[-131.79165649414062, -20.956249237060547, -20.058334350585938, 0.0]",-27.219999313354492,True,True,True
19,raw_pareto,Raw Pareto Assignment,74,"[0.1, 0.0, 0.8, 0.1]",True,stage2_ext_002_obj_2,"[-131.79165649414062, -20.956249237060547, -20.058334350585938, 0.0]",-29.225833892822266,True,True,True
19,raw_pareto,Raw Pareto Assignment,75,"[0.1, 0.0, 0.9, 0.0]",True,stage2_ext_002_obj_2,"[-131.79165649414062, -20.956249237060547, -20.058334350585938, 0.0]",-31.231666564941406,True,True,True
19,raw_pareto,Raw Pareto Assignment,76,"[0.1, 0.1, 0.0, 0.8]",True,stage2_ext_001_obj_1,"[-127.54582977294922, -20.826457977294922, -21.36916732788086, 0.0]",-14.837228775024414,True,True,True
19,raw_pareto,Raw Pareto Assignment,77,"[0.1, 0.1, 0.1, 0.7]",True,stage2_ext_001_obj_1,"[-127.54582977294922, -20.826457977294922, -21.36916732788086, 0.0]",-16.974145889282227,True,True,True
19,raw_pareto,Raw Pareto Assignment,78,"[0.1, 0.1, 0.2, 0.6]",True,stage2_ext_001_obj_1,"[-127.54582977294922, -20.826457977294922, -21.36916732788086, 0.0]",-19.11106300354004,True,True,True
19,raw_pareto,Raw Pareto Assignment,79,"[0.1, 0.1, 0.3, 0.5]",True,stage2_ext_001_obj_1,"[-127.54582977294922, -20.826457977294922, -21.36916732788086, 0.0]",-21.24797821044922,True,True,True
19,raw_pareto,Raw Pareto Assignment,80,"[0.1, 0.1, 0.4, 0.4]",True,stage2_ext_002_obj_2,"[-131.79165649414062, -20.956249237060547, -20.058334350585938, 0.0]",-23.298124313354492,True,True,True
19,raw_pareto,Raw Pareto Assignment,81,"[0.1, 0.1, 0.5, 0.3]",True,stage2_ext_002_obj_2,"[-131.79165649414062, -20.956249237060547, -20.058334350585938, 0.0]",-25.303958892822266,True,True,True
19,raw_pareto,Raw Pareto Assignment,82,"[0.1, 0.1, 0.6, 0.2]",True,stage2_ext_002_obj_2,"[-131.79165649414062, -20.956249237060547, -20.058334350585938, 0.0]",-27.309791564941406,True,True,True
19,raw_pareto,Raw Pareto Assignment,83,"[0.1, 0.1, 0.7, 0.1]",True,stage2_ext_002_obj_2,"[-131.79165649414062, -20.956249237060547, -20.058334350585938, 0.0]",-29.315624237060547,True,True,True
19,raw_pareto,Raw Pareto Assignment,84,"[0.1, 0.1, 0.8, 0.0]",True,stage2_ext_002_obj_2,"[-131.79165649414062, -20.956249237060547, -20.058334350585938, 0.0]",-31.321456909179688,True,True,True
19,raw_pareto,Raw Pareto Assignment,85,"[0.1, 0.2, 0.0, 0.7]",True,stage2_ext_001_obj_1,"[-127.54582977294922, -20.826457977294922, -21.36916732788086, 0.0]",-16.919876098632812,True,True,True
19,raw_pareto,Raw Pareto Assignment,86,"[0.1, 0.2, 0.1, 0.6]",True,stage2_ext_001_obj_1,"[-127.54582977294922, -20.826457977294922, -21.36916732788086, 0.0]",-19.056793212890625,True,True,True
19,raw_pareto,Raw Pareto Assignment,87,"[0.1, 0.2, 0.2, 0.5]",True,stage2_ext_001_obj_1,"[-127.54582977294922, -20.826457977294922, -21.36916732788086, 0.0]",-21.193710327148438,True,True,True
19,raw_pareto,Raw Pareto Assignment,88,"[0.1, 0.2, 0.3, 0.4]",True,stage2_ext_001_obj_1,"[-127.54582977294922, -20.826457977294922, -21.36916732788086, 0.0]",-23.33062744140625,True,True,True
19,raw_pareto,Raw Pareto Assignment,89,"[0.1, 0.2, 0.4, 0.3]",True,stage2_ext_002_obj_2,"[-131.79165649414062, -20.956249237060547, -20.058334350585938, 0.0]",-25.393749237060547,True,True,True
19,raw_pareto,Raw Pareto Assignment,90,"[0.1, 0.2, 0.5, 0.2]",True,stage2_ext_002_obj_2,"[-131.79165649414062, -20.956249237060547, -20.058334350585938, 0.0]",-27.399581909179688,True,True,True
19,raw_pareto,Raw Pareto Assignment,91,"[0.1, 0.2, 0.6, 0.1]",True,stage2_ext_002_obj_2,"[-131.79165649414062, -20.956249237060547, -20.058334350585938, 0.0]",-29.405414581298828,True,True,True
19,raw_pareto,Raw Pareto Assignment,92,"[0.1, 0.2, 0.7, 0.0]",True,stage2_ext_002_obj_2,"[-131.79165649414062, -20.956249237060547, -20.058334350585938, 0.0]",-31.41124725341797,True,True,True
19,raw_pareto,Raw Pareto Assignment,93,"[0.1, 0.3, 0.0, 0.6]",True,stage2_ext_001_obj_1,"[-127.54582977294922, -20.826457977294922, -21.36916732788086, 0.0]",-19.002521514892578,True,True,True
19,raw_pareto,Raw Pareto Assignment,94,"[0.1, 0.3, 0.1, 0.5]",True,stage2_ext_001_obj_1,"[-127.54582977294922, -20.826457977294922, -21.36916732788086, 0.0]",-21.13943862915039,True,True,True
19,raw_pareto,Raw Pareto Assignment,95,"[0.1, 0.3, 0.2, 0.4]",True,stage2_ext_001_obj_1,"[-127.54582977294922, -20.826457977294922, -21.36916732788086, 0.0]",-23.276355743408203,True,True,True
19,raw_pareto,Raw Pareto Assignment,96,"[0.1, 0.3, 0.3, 0.3]",True,stage2_ext_001_obj_1,"[-127.54582977294922, -20.826457977294922, -21.36916732788086, 0.0]",-25.413272857666016,True,True,True
19,raw_pareto,Raw Pareto Assignment,97,"[0.1, 0.3, 0.4, 0.2]",True,stage2_ext_002_obj_2,"[-131.79165649414062, -20.956249237060547, -20.058334350585938, 0.0]",-27.489376068115234,True,True,True
19,raw_pareto,Raw Pareto Assignment,98,"[0.1, 0.3, 0.5, 0.1]",True,stage2_ext_002_obj_2,"[-131.79165649414062, -20.956249237060547, -20.058334350585938, 0.0]",-29.495208740234375,True,True,True
19,raw_pareto,Raw Pareto Assignment,99,"[0.1, 0.3, 0.6, 0.0]",True,stage2_ext_002_obj_2,"[-131.79165649414062, -20.956249237060547, -20.058334350585938, 0.0]",-31.501041412353516,True,True,True
19,raw_pareto,Raw Pareto Assignment,100,"[0.1, 0.4, 0.0, 0.5]",True,stage2_ext_001_obj_1,"[-127.54582977294922, -20.826457977294922, -21.36916732788086, 0.0]",-21.085166931152344,True,True,True
19,raw_pareto,Raw Pareto Assignment,101,"[0.1, 0.4, 0.1, 0.4]",True,stage2_ext_001_obj_1,"[-127.54582977294922, -20.826457977294922, -21.36916732788086, 0.0]",-23.222084045410156,True,True,True
19,raw_pareto,Raw Pareto Assignment,102,"[0.1, 0.4, 0.2, 0.3]",True,stage2_ext_001_obj_1,"[-127.54582977294922, -20.826457977294922, -21.36916732788086, 0.0]",-25.35900115966797,True,True,True
19,raw_pareto,Raw Pareto Assignment,103,"[0.1, 0.4, 0.3, 0.2]",True,stage2_ext_001_obj_1,"[-127.54582977294922, -20.826457977294922, -21.36916732788086, 0.0]",-27.49591827392578,True,True,True
19,raw_pareto,Raw Pareto Assignment,104,"[0.1, 0.4, 0.4, 0.1]",True,stage2_ext_002_obj_2,"[-131.79165649414062, -20.956249237060547, -20.058334350585938, 0.0]",-29.584999084472656,True,True,True
19,raw_pareto,Raw Pareto Assignment,105,"[0.1, 0.4, 0.5, 0.0]",True,stage2_ext_002_obj_2,"[-131.79165649414062, -20.956249237060547, -20.058334350585938, 0.0]",-31.590831756591797,True,True,True
19,raw_pareto,Raw Pareto Assignment,106,"[0.1, 0.5, 0.0, 0.4]",True,stage2_ext_001_obj_1,"[-127.54582977294922, -20.826457977294922, -21.36916732788086, 0.0]",-23.16781234741211,True,True,True
19,raw_pareto,Raw Pareto Assignment,107,"[0.1, 0.5, 0.1, 0.3]",True,stage2_ext_001_obj_1,"[-127.54582977294922, -20.826457977294922, -21.36916732788086, 0.0]",-25.304729461669922,True,True,True
19,raw_pareto,Raw Pareto Assignment,108,"[0.1, 0.5, 0.2, 0.2]",True,stage2_ext_001_obj_1,"[-127.54582977294922, -20.826457977294922, -21.36916732788086, 0.0]",-27.441646575927734,True,True,True
19,raw_pareto,Raw Pareto Assignment,109,"[0.1, 0.5, 0.3, 0.1]",True,stage2_ext_001_obj_1,"[-127.54582977294922, -20.826457977294922, -21.36916732788086, 0.0]",-29.578563690185547,True,True,True
19,raw_pareto,Raw Pareto Assignment,110,"[0.1, 0.5, 0.4, 0.0]",True,stage2_ext_002_obj_2,"[-131.79165649414062, -20.956249237060547, -20.058334350585938, 0.0]",-31.680625915527344,True,True,True
19,raw_pareto,Raw Pareto Assignment,111,"[0.1, 0.6, 0.0, 0.3]",True,stage2_ext_001_obj_1,"[-127.54582977294922, -20.826457977294922, -21.36916732788086, 0.0]",-25.250457763671875,True,True,True
19,raw_pareto,Raw Pareto Assignment,112,"[0.1, 0.6, 0.1, 0.2]",True,stage2_ext_001_obj_1,"[-127.54582977294922, -20.826457977294922, -21.36916732788086, 0.0]",-27.387374877929688,True,True,True
19,raw_pareto,Raw Pareto Assignment,113,"[0.1, 0.6, 0.2, 0.1]",True,stage2_ext_001_obj_1,"[-127.54582977294922, -20.826457977294922, -21.36916732788086, 0.0]",-29.5242919921875,True,True,True
19,raw_pareto,Raw Pareto Assignment,114,"[0.1, 0.6, 0.3, 0.0]",True,stage2_ext_001_obj_1,"[-127.54582977294922, -20.826457977294922, -21.36916732788086, 0.0]",-31.661209106445312,True,True,True
19,raw_pareto,Raw Pareto Assignment,115,"[0.1, 0.7, 0.0, 0.2]",True,stage2_ext_001_obj_1,"[-127.54582977294922, -20.826457977294922, -21.36916732788086, 0.0]",-27.33310317993164,True,True,True
19,raw_pareto,Raw Pareto Assignment,116,"[0.1, 0.7, 0.1, 0.1]",True,stage2_ext_001_obj_1,"[-127.54582977294922, -20.826457977294922, -21.36916732788086, 0.0]",-29.470020294189453,True,True,True
19,raw_pareto,Raw Pareto Assignment,117,"[0.1, 0.7, 0.2, 0.0]",True,stage2_ext_001_obj_1,"[-127.54582977294922, -20.826457977294922, -21.36916732788086, 0.0]",-31.606937408447266,True,True,True
19,raw_pareto,Raw Pareto Assignment,118,"[0.1, 0.8, 0.0, 0.1]",True,stage2_ext_001_obj_1,"[-127.54582977294922, -20.826457977294922, -21.36916732788086, 0.0]",-29.41575050354004,True,True,True
19,raw_pareto,Raw Pareto Assignment,119,"[0.1, 0.8, 0.1, 0.0]",True,stage2_ext_001_obj_1,"[-127.54582977294922, -20.826457977294922, -21.36916732788086, 0.0]",-31.55266761779785,True,True,True
19,raw_pareto,Raw Pareto Assignment,120,"[0.1, 0.9, 0.0, 0.0]",True,stage2_ext_001_obj_1,"[-127.54582977294922, -20.826457977294922, -21.36916732788086, 0.0]",-31.498395919799805,True,True,True
19,raw_pareto,Raw Pareto Assignment,121,"[0.2, 0.0, 0.0, 0.8]",True,stage2_ext_001_obj_1,"[-127.54582977294922, -20.826457977294922, -21.36916732788086, 0.0]",-25.509166717529297,True,True,True
19,raw_pareto,Raw Pareto Assignment,122,"[0.2, 0.0, 0.1, 0.7]",True,stage2_ext_001_obj_1,"[-127.54582977294922, -20.826457977294922, -21.36916732788086, 0.0]",-27.64608383178711,True,True,True
19,raw_pareto,Raw Pareto Assignment,123,"[0.2, 0.0, 0.2, 0.6]",True,stage2_ext_001_obj_1,"[-127.54582977294922, -20.826457977294922, -21.36916732788086, 0.0]",-29.783000946044922,True,True,True
19,raw_pareto,Raw Pareto Assignment,124,"[0.2, 0.0, 0.3, 0.5]",True,stage2_ext_001_obj_1,"[-127.54582977294922, -20.826457977294922, -21.36916732788086, 0.0]",-31.919918060302734,True,True,True
19,raw_pareto,Raw Pareto Assignment,125,"[0.2, 0.0, 0.4, 0.4]",True,stage2_ext_001_obj_1,"[-127.54582977294922, -20.826457977294922, -21.36916732788086, 0.0]",-34.05683517456055,True,True,True
19,raw_pareto,Raw Pareto Assignment,126,"[0.2, 0.0, 0.5, 0.3]",True,stage2_ext_001_obj_1,"[-127.54582977294922, -20.826457977294922, -21.36916732788086, 0.0]",-36.193748474121094,True,True,True
19,raw_pareto,Raw Pareto Assignment,127,"[0.2, 0.0, 0.6, 0.2]",True,stage2_ext_001_obj_1,"[-127.54582977294922, -20.826457977294922, -21.36916732788086, 0.0]",-38.330665588378906,True,True,True
19,raw_pareto,Raw Pareto Assignment,128,"[0.2, 0.0, 0.7, 0.1]",True,stage2_ext_002_obj_2,"[-131.79165649414062, -20.956249237060547, -20.058334350585938, 0.0]",-40.399166107177734,True,True,True
19,raw_pareto,Raw Pareto Assignment,129,"[0.2, 0.0, 0.8, 0.0]",True,stage2_ext_002_obj_2,"[-131.79165649414062, -20.956249237060547, -20.058334350585938, 0.0]",-42.404998779296875,True,True,True
19,raw_pareto,Raw Pareto Assignment,130,"[0.2, 0.1, 0.0, 0.7]",True,stage2_ext_001_obj_1,"[-127.54582977294922, -20.826457977294922, -21.36916732788086, 0.0]",-27.591812133789062,True,True,True
19,raw_pareto,Raw Pareto Assignment,131,"[0.2, 0.1, 0.1, 0.6]",True,stage2_ext_001_obj_1,"[-127.54582977294922, -20.826457977294922, -21.36916732788086, 0.0]",-29.728729248046875,True,True,True
19,raw_pareto,Raw Pareto Assignment,132,"[0.2, 0.1, 0.2, 0.5]",True,stage2_ext_001_obj_1,"[-127.54582977294922, -20.826457977294922, -21.36916732788086, 0.0]",-31.865646362304688,True,True,True
19,raw_pareto,Raw Pareto Assignment,133,"[0.2, 0.1, 0.3, 0.4]",True,stage2_ext_001_obj_1,"[-127.54582977294922, -20.826457977294922, -21.36916732788086, 0.0]",-34.0025634765625,True,True,True
19,raw_pareto,Raw Pareto Assignment,134,"[0.2, 0.1, 0.4, 0.3]",True,stage2_ext_001_obj_1,"[-127.54582977294922, -20.826457977294922, -21.36916732788086, 0.0]",-36.13948059082031,True,True,True
19,raw_pareto,Raw Pareto Assignment,135,"[0.2, 0.1, 0.5, 0.2]",True,stage2_ext_001_obj_1,"[-127.54582977294922, -20.826457977294922, -21.36916732788086, 0.0]",-38.276397705078125,True,True,True
19,raw_pareto,Raw Pareto Assignment,136,"[0.2, 0.1, 0.6, 0.1]",True,stage2_ext_001_obj_1,"[-127.54582977294922, -20.826457977294922, -21.36916732788086, 0.0]",-40.41331481933594,True,True,True
19,raw_pareto,Raw Pareto Assignment,137,"[0.2, 0.1, 0.7, 0.0]",True,stage2_ext_002_obj_2,"[-131.79165649414062, -20.956249237060547, -20.058334350585938, 0.0]",-42.494789123535156,True,True,True
19,raw_pareto,Raw Pareto Assignment,138,"[0.2, 0.2, 0.0, 0.6]",True,stage2_ext_001_obj_1,"[-127.54582977294922, -20.826457977294922, -21.36916732788086, 0.0]",-29.674457550048828,True,True,True
19,raw_pareto,Raw Pareto Assignment,139,"[0.2, 0.2, 0.1, 0.5]",True,stage2_ext_001_obj_1,"[-127.54582977294922, -20.826457977294922, -21.36916732788086, 0.0]",-31.81137466430664,True,True,True
19,raw_pareto,Raw Pareto Assignment,140,"[0.2, 0.2, 0.2, 0.4]",True,stage2_ext_001_obj_1,"[-127.54582977294922, -20.826457977294922, -21.36916732788086, 0.0]",-33.94829177856445,True,True,True
19,raw_pareto,Raw Pareto Assignment,141,"[0.2, 0.2, 0.3, 0.3]",True,stage2_ext_001_obj_1,"[-127.54582977294922, -20.826457977294922, -21.36916732788086, 0.0]",-36.085208892822266,True,True,True
19,raw_pareto,Raw Pareto Assignment,142,"[0.2, 0.2, 0.4, 0.2]",True,stage2_ext_001_obj_1,"[-127.54582977294922, -20.826457977294922, -21.36916732788086, 0.0]",-38.22212600708008,True,True,True
19,raw_pareto,Raw Pareto Assignment,143,"[0.2, 0.2, 0.5, 0.1]",True,stage2_ext_001_obj_1,"[-127.54582977294922, -20.826457977294922, -21.36916732788086, 0.0]",-40.359039306640625,True,True,True
19,raw_pareto,Raw Pareto Assignment,144,"[0.2, 0.2, 0.6, 0.0]",True,stage2_ext_001_obj_1,"[-127.54582977294922, -20.826457977294922, -21.36916732788086, 0.0]",-42.49595642089844,True,True,True
19,raw_pareto,Raw Pareto Assignment,145,"[0.2, 0.3, 0.0, 0.5]",True,stage2_ext_001_obj_1,"[-127.54582977294922, -20.826457977294922, -21.36916732788086, 0.0]",-31.757104873657227,True,True,True
19,raw_pareto,Raw Pareto Assignment,146,"[0.2, 0.3, 0.1, 0.4]",True,stage2_ext_001_obj_1,"[-127.54582977294922, -20.826457977294922, -21.36916732788086, 0.0]",-33.894020080566406,True,True,True
19,raw_pareto,Raw Pareto Assignment,147,"[0.2, 0.3, 0.2, 0.3]",True,stage2_ext_001_obj_1,"[-127.54582977294922, -20.826457977294922, -21.36916732788086, 0.0]",-36.03093719482422,True,True,True
19,raw_pareto,Raw Pareto Assignment,148,"[0.2, 0.3, 0.3, 0.2]",True,stage2_ext_001_obj_1,"[-127.54582977294922, -20.826457977294922, -21.36916732788086, 0.0]",-38.16785430908203,True,True,True
19,raw_pareto,Raw Pareto Assignment,149,"[0.2, 0.3, 0.4, 0.1]",True,stage2_ext_001_obj_1,"[-127.54582977294922, -20.826457977294922, -21.36916732788086, 0.0]",-40.304771423339844,True,True,True
19,raw_pareto,Raw Pareto Assignment,150,"[0.2, 0.3, 0.5, 0.0]",True,stage2_ext_001_obj_1,"[-127.54582977294922, -20.826457977294922, -21.36916732788086, 0.0]",-42.441688537597656,True,True,True
19,raw_pareto,Raw Pareto Assignment,151,"[0.2, 0.4, 0.0, 0.4]",True,stage2_ext_001_obj_1,"[-127.54582977294922, -20.826457977294922, -21.36916732788086, 0.0]",-33.839752197265625,True,True,True
19,raw_pareto,Raw Pareto Assignment,152,"[0.2, 0.4, 0.1, 0.3]",True,stage2_ext_001_obj_1,"[-127.54582977294922, -20.826457977294922, -21.36916732788086, 0.0]",-35.97666931152344,True,True,True
19,raw_pareto,Raw Pareto Assignment,153,"[0.2, 0.4, 0.2, 0.2]",True,stage2_ext_001_obj_1,"[-127.54582977294922, -20.826457977294922, -21.36916732788086, 0.0]",-38.11358642578125,True,True,True
19,raw_pareto,Raw Pareto Assignment,154,"[0.2, 0.4, 0.3, 0.1]",True,stage2_ext_001_obj_1,"[-127.54582977294922, -20.826457977294922, -21.36916732788086, 0.0]",-40.25050354003906,True,True,True
19,raw_pareto,Raw Pareto Assignment,155,"[0.2, 0.4, 0.4, 0.0]",True,stage2_ext_001_obj_1,"[-127.54582977294922, -20.826457977294922, -21.36916732788086, 0.0]",-42.387420654296875,True,True,True
19,raw_pareto,Raw Pareto Assignment,156,"[0.2, 0.5, 0.0, 0.3]",True,stage2_ext_001_obj_1,"[-127.54582977294922, -20.826457977294922, -21.36916732788086, 0.0]",-35.922393798828125,True,True,True
19,raw_pareto,Raw Pareto Assignment,157,"[0.2, 0.5, 0.1, 0.2]",True,stage2_ext_001_obj_1,"[-127.54582977294922, -20.826457977294922, -21.36916732788086, 0.0]",-38.05931091308594,True,True,True
19,raw_pareto,Raw Pareto Assignment,158,"[0.2, 0.5, 0.2, 0.1]",True,stage2_ext_001_obj_1,"[-127.54582977294922, -20.826457977294922, -21.36916732788086, 0.0]",-40.19622802734375,True,True,True
19,raw_pareto,Raw Pareto Assignment,159,"[0.2, 0.5, 0.3, 0.0]",True,stage2_ext_001_obj_1,"[-127.54582977294922, -20.826457977294922, -21.36916732788086, 0.0]",-42.33314514160156,True,True,True
19,raw_pareto,Raw Pareto Assignment,160,"[0.2, 0.6, 0.0, 0.2]",True,stage2_ext_001_obj_1,"[-127.54582977294922, -20.826457977294922, -21.36916732788086, 0.0]",-38.005043029785156,True,True,True
19,raw_pareto,Raw Pareto Assignment,161,"[0.2, 0.6, 0.1, 0.1]",True,stage2_ext_001_obj_1,"[-127.54582977294922, -20.826457977294922, -21.36916732788086, 0.0]",-40.14196014404297,True,True,True
19,raw_pareto,Raw Pareto Assignment,162,"[0.2, 0.6, 0.2, 0.0]",True,stage2_ext_001_obj_1,"[-127.54582977294922, -20.826457977294922, -21.36916732788086, 0.0]",-42.27887725830078,True,True,True
19,raw_pareto,Raw Pareto Assignment,163,"[0.2, 0.7, 0.0, 0.1]",True,stage2_ext_001_obj_1,"[-127.54582977294922, -20.826457977294922, -21.36916732788086, 0.0]",-40.08768844604492,True,True,True
19,raw_pareto,Raw Pareto Assignment,164,"[0.2, 0.7, 0.1, 0.0]",True,stage2_ext_001_obj_1,"[-127.54582977294922, -20.826457977294922, -21.36916732788086, 0.0]",-42.224605560302734,True,True,True
19,raw_pareto,Raw Pareto Assignment,165,"[0.2, 0.8, 0.0, 0.0]",True,stage2_ext_001_obj_1,"[-127.54582977294922, -20.826457977294922, -21.36916732788086, 0.0]",-42.17033386230469,True,True,True
19,raw_pareto,Raw Pareto Assignment,166,"[0.3, 0.0, 0.0, 0.7]",True,stage2_ext_001_obj_1,"[-127.54582977294922, -20.826457977294922, -21.36916732788086, 0.0]",-38.26375198364258,True,True,True
19,raw_pareto,Raw Pareto Assignment,167,"[0.3, 0.0, 0.1, 0.6]",True,stage2_ext_001_obj_1,"[-127.54582977294922, -20.826457977294922, -21.36916732788086, 0.0]",-40.40066909790039,True,True,True
19,raw_pareto,Raw Pareto Assignment,168,"[0.3, 0.0, 0.2, 0.5]",True,stage2_ext_001_obj_1,"[-127.54582977294922, -20.826457977294922, -21.36916732788086, 0.0]",-42.5375862121582,True,True,True
19,raw_pareto,Raw Pareto Assignment,169,"[0.3, 0.0, 0.3, 0.4]",True,stage2_ext_001_obj_1,"[-127.54582977294922, -20.826457977294922, -21.36916732788086, 0.0]",-44.674503326416016,True,True,True
19,raw_pareto,Raw Pareto Assignment,170,"[0.3, 0.0, 0.4, 0.3]",True,stage2_ext_001_obj_1,"[-127.54582977294922, -20.826457977294922, -21.36916732788086, 0.0]",-46.81142044067383,True,True,True
19,raw_pareto,Raw Pareto Assignment,171,"[0.3, 0.0, 0.5, 0.2]",True,stage2_ext_001_obj_1,"[-127.54582977294922, -20.826457977294922, -21.36916732788086, 0.0]",-48.948333740234375,True,True,True
19,raw_pareto,Raw Pareto Assignment,172,"[0.3, 0.0, 0.6, 0.1]",True,stage2_ext_001_obj_1,"[-127.54582977294922, -20.826457977294922, -21.36916732788086, 0.0]",-51.08525085449219,True,True,True
19,raw_pareto,Raw Pareto Assignment,173,"[0.3, 0.0, 0.7, 0.0]",True,stage2_ext_001_obj_1,"[-127.54582977294922, -20.826457977294922, -21.36916732788086, 0.0]",-53.22216796875,True,True,True
19,raw_pareto,Raw Pareto Assignment,174,"[0.3, 0.1, 0.0, 0.6]",True,stage2_ext_001_obj_1,"[-127.54582977294922, -20.826457977294922, -21.36916732788086, 0.0]",-40.346397399902344,True,True,True
19,raw_pareto,Raw Pareto Assignment,175,"[0.3, 0.1, 0.1, 0.5]",True,stage2_ext_001_obj_1,"[-127.54582977294922, -20.826457977294922, -21.36916732788086, 0.0]",-42.483314514160156,True,True,True
19,raw_pareto,Raw Pareto Assignment,176,"[0.3, 0.1, 0.2, 0.4]",True,stage2_ext_001_obj_1,"[-127.54582977294922, -20.826457977294922, -21.36916732788086, 0.0]",-44.62023162841797,True,True,True
19,raw_pareto,Raw Pareto Assignment,177,"[0.3, 0.1, 0.3, 0.3]",True,stage2_ext_001_obj_1,"[-127.54582977294922, -20.826457977294922, -21.36916732788086, 0.0]",-46.75714874267578,True,True,True
19,raw_pareto,Raw Pareto Assignment,178,"[0.3, 0.1, 0.4, 0.2]",True,stage2_ext_001_obj_1,"[-127.54582977294922, -20.826457977294922, -21.36916732788086, 0.0]",-48.894065856933594,True,True,True
19,raw_pareto,Raw Pareto Assignment,179,"[0.3, 0.1, 0.5, 0.1]",True,stage2_ext_001_obj_1,"[-127.54582977294922, -20.826457977294922, -21.36916732788086, 0.0]",-51.030982971191406,True,True,True
19,raw_pareto,Raw Pareto Assignment,180,"[0.3, 0.1, 0.6, 0.0]",True,stage2_ext_001_obj_1,"[-127.54582977294922, -20.826457977294922, -21.36916732788086, 0.0]",-53.16790008544922,True,True,True
19,raw_pareto,Raw Pareto Assignment,181,"[0.3, 0.2, 0.0, 0.5]",True,stage2_ext_001_obj_1,"[-127.54582977294922, -20.826457977294922, -21.36916732788086, 0.0]",-42.42904281616211,True,True,True
19,raw_pareto,Raw Pareto Assignment,182,"[0.3, 0.2, 0.1, 0.4]",True,stage2_ext_001_obj_1,"[-127.54582977294922, -20.826457977294922, -21.36916732788086, 0.0]",-44.56595993041992,True,True,True
19,raw_pareto,Raw Pareto Assignment,183,"[0.3, 0.2, 0.2, 0.3]",True,stage2_ext_001_obj_1,"[-127.54582977294922, -20.826457977294922, -21.36916732788086, 0.0]",-46.702877044677734,True,True,True
19,raw_pareto,Raw Pareto Assignment,184,"[0.3, 0.2, 0.3, 0.2]",True,stage2_ext_001_obj_1,"[-127.54582977294922, -20.826457977294922, -21.36916732788086, 0.0]",-48.83979415893555,True,True,True
19,raw_pareto,Raw Pareto Assignment,185,"[0.3, 0.2, 0.4, 0.1]",True,stage2_ext_001_obj_1,"[-127.54582977294922, -20.826457977294922, -21.36916732788086, 0.0]",-50.97671127319336,True,True,True
19,raw_pareto,Raw Pareto Assignment,186,"[0.3, 0.2, 0.5, 0.0]",True,stage2_ext_001_obj_1,"[-127.54582977294922, -20.826457977294922, -21.36916732788086, 0.0]",-53.113624572753906,True,True,True
19,raw_pareto,Raw Pareto Assignment,187,"[0.3, 0.3, 0.0, 0.4]",True,stage2_ext_001_obj_1,"[-127.54582977294922, -20.826457977294922, -21.36916732788086, 0.0]",-44.511688232421875,True,True,True
19,raw_pareto,Raw Pareto Assignment,188,"[0.3, 0.3, 0.1, 0.3]",True,stage2_ext_001_obj_1,"[-127.54582977294922, -20.826457977294922, -21.36916732788086, 0.0]",-46.64860534667969,True,True,True
19,raw_pareto,Raw Pareto Assignment,189,"[0.3, 0.3, 0.2, 0.2]",True,stage2_ext_001_obj_1,"[-127.54582977294922, -20.826457977294922, -21.36916732788086, 0.0]",-48.7855224609375,True,True,True
19,raw_pareto,Raw Pareto Assignment,190,"[0.3, 0.3, 0.3, 0.1]",True,stage2_ext_001_obj_1,"[-127.54582977294922, -20.826457977294922, -21.36916732788086, 0.0]",-50.92243957519531,True,True,True
19,raw_pareto,Raw Pareto Assignment,191,"[0.3, 0.3, 0.4, 0.0]",True,stage2_ext_001_obj_1,"[-127.54582977294922, -20.826457977294922, -21.36916732788086, 0.0]",-53.059356689453125,True,True,True
19,raw_pareto,Raw Pareto Assignment,192,"[0.3, 0.4, 0.0, 0.3]",True,stage2_ext_001_obj_1,"[-127.54582977294922, -20.826457977294922, -21.36916732788086, 0.0]",-46.594337463378906,True,True,True
19,raw_pareto,Raw Pareto Assignment,193,"[0.3, 0.4, 0.1, 0.2]",True,stage2_ext_001_obj_1,"[-127.54582977294922, -20.826457977294922, -21.36916732788086, 0.0]",-48.73125457763672,True,True,True
19,raw_pareto,Raw Pareto Assignment,194,"[0.3, 0.4, 0.2, 0.1]",True,stage2_ext_001_obj_1,"[-127.54582977294922, -20.826457977294922, -21.36916732788086, 0.0]",-50.86817169189453,True,True,True
19,raw_pareto,Raw Pareto Assignment,195,"[0.3, 0.4, 0.3, 0.0]",True,stage2_ext_001_obj_1,"[-127.54582977294922, -20.826457977294922, -21.36916732788086, 0.0]",-53.005088806152344,True,True,True
19,raw_pareto,Raw Pareto Assignment,196,"[0.3, 0.5, 0.0, 0.2]",True,stage2_ext_001_obj_1,"[-127.54582977294922, -20.826457977294922, -21.36916732788086, 0.0]",-48.676979064941406,True,True,True
19,raw_pareto,Raw Pareto Assignment,197,"[0.3, 0.5, 0.1, 0.1]",True,stage2_ext_001_obj_1,"[-127.54582977294922, -20.826457977294922, -21.36916732788086, 0.0]",-50.81389617919922,True,True,True
19,raw_pareto,Raw Pareto Assignment,198,"[0.3, 0.5, 0.2, 0.0]",True,stage2_ext_001_obj_1,"[-127.54582977294922, -20.826457977294922, -21.36916732788086, 0.0]",-52.95081329345703,True,True,True
19,raw_pareto,Raw Pareto Assignment,199,"[0.3, 0.6, 0.0, 0.1]",True,stage2_ext_001_obj_1,"[-127.54582977294922, -20.826457977294922, -21.36916732788086, 0.0]",-50.75962829589844,True,True,True
19,raw_pareto,Raw Pareto Assignment,200,"[0.3, 0.6, 0.1, 0.0]",True,stage2_ext_001_obj_1,"[-127.54582977294922, -20.826457977294922, -21.36916732788086, 0.0]",-52.89654541015625,True,True,True
19,raw_pareto,Raw Pareto Assignment,201,"[0.3, 0.7, 0.0, 0.0]",True,stage2_ext_001_obj_1,"[-127.54582977294922, -20.826457977294922, -21.36916732788086, 0.0]",-52.8422737121582,True,True,True
19,raw_pareto,Raw Pareto Assignment,202,"[0.4, 0.0, 0.0, 0.6]",True,stage2_ext_001_obj_1,"[-127.54582977294922, -20.826457977294922, -21.36916732788086, 0.0]",-51.018333435058594,True,True,True
19,raw_pareto,Raw Pareto Assignment,203,"[0.4, 0.0, 0.1, 0.5]",True,stage2_ext_001_obj_1,"[-127.54582977294922, -20.826457977294922, -21.36916732788086, 0.0]",-53.155250549316406,True,True,True
19,raw_pareto,Raw Pareto Assignment,204,"[0.4, 0.0, 0.2, 0.4]",True,stage2_ext_001_obj_1,"[-127.54582977294922, -20.826457977294922, -21.36916732788086, 0.0]",-55.29216766357422,True,True,True
19,raw_pareto,Raw Pareto Assignment,205,"[0.4, 0.0, 0.3, 0.3]",True,stage2_ext_001_obj_1,"[-127.54582977294922, -20.826457977294922, -21.36916732788086, 0.0]",-57.42908477783203,True,True,True
19,raw_pareto,Raw Pareto Assignment,206,"[0.4, 0.0, 0.4, 0.2]",True,stage2_ext_001_obj_1,"[-127.54582977294922, -20.826457977294922, -21.36916732788086, 0.0]",-59.566001892089844,True,True,True
19,raw_pareto,Raw Pareto Assignment,207,"[0.4, 0.0, 0.5, 0.1]",True,stage2_ext_001_obj_1,"[-127.54582977294922, -20.826457977294922, -21.36916732788086, 0.0]",-61.702919006347656,True,True,True
19,raw_pareto,Raw Pareto Assignment,208,"[0.4, 0.0, 0.6, 0.0]",True,stage2_ext_001_obj_1,"[-127.54582977294922, -20.826457977294922, -21.36916732788086, 0.0]",-63.83983612060547,True,True,True
19,raw_pareto,Raw Pareto Assignment,209,"[0.4, 0.1, 0.0, 0.5]",True,stage2_ext_001_obj_1,"[-127.54582977294922, -20.826457977294922, -21.36916732788086, 0.0]",-53.10097885131836,True,True,True
19,raw_pareto,Raw Pareto Assignment,210,"[0.4, 0.1, 0.1, 0.4]",True,stage2_ext_001_obj_1,"[-127.54582977294922, -20.826457977294922, -21.36916732788086, 0.0]",-55.23789596557617,True,True,True
19,raw_pareto,Raw Pareto Assignment,211,"[0.4, 0.1, 0.2, 0.3]",True,stage2_ext_001_obj_1,"[-127.54582977294922, -20.826457977294922, -21.36916732788086, 0.0]",-57.374813079833984,True,True,True
19,raw_pareto,Raw Pareto Assignment,212,"[0.4, 0.1, 0.3, 0.2]",True,stage2_ext_001_obj_1,"[-127.54582977294922, -20.826457977294922, -21.36916732788086, 0.0]",-59.5117301940918,True,True,True
19,raw_pareto,Raw Pareto Assignment,213,"[0.4, 0.1, 0.4, 0.1]",True,stage2_ext_001_obj_1,"[-127.54582977294922, -20.826457977294922, -21.36916732788086, 0.0]",-61.64864730834961,True,True,True
19,raw_pareto,Raw Pareto Assignment,214,"[0.4, 0.1, 0.5, 0.0]",True,stage2_ext_001_obj_1,"[-127.54582977294922, -20.826457977294922, -21.36916732788086, 0.0]",-63.785560607910156,True,True,True
19,raw_pareto,Raw Pareto Assignment,215,"[0.4, 0.2, 0.0, 0.4]",True,stage2_ext_001_obj_1,"[-127.54582977294922, -20.826457977294922, -21.36916732788086, 0.0]",-55.183624267578125,True,True,True
19,raw_pareto,Raw Pareto Assignment,216,"[0.4, 0.2, 0.1, 0.3]",True,stage2_ext_001_obj_1,"[-127.54582977294922, -20.826457977294922, -21.36916732788086, 0.0]",-57.32054138183594,True,True,True
19,raw_pareto,Raw Pareto Assignment,217,"[0.4, 0.2, 0.2, 0.2]",True,stage2_ext_001_obj_1,"[-127.54582977294922, -20.826457977294922, -21.36916732788086, 0.0]",-59.45745849609375,True,True,True
19,raw_pareto,Raw Pareto Assignment,218,"[0.4, 0.2, 0.3, 0.1]",True,stage2_ext_001_obj_1,"[-127.54582977294922, -20.826457977294922, -21.36916732788086, 0.0]",-61.59437561035156,True,True,True
19,raw_pareto,Raw Pareto Assignment,219,"[0.4, 0.2, 0.4, 0.0]",True,stage2_ext_001_obj_1,"[-127.54582977294922, -20.826457977294922, -21.36916732788086, 0.0]",-63.731292724609375,True,True,True
19,raw_pareto,Raw Pareto Assignment,220,"[0.4, 0.3, 0.0, 0.3]",True,stage2_ext_001_obj_1,"[-127.54582977294922, -20.826457977294922, -21.36916732788086, 0.0]",-57.26626968383789,True,True,True
19,raw_pareto,Raw Pareto Assignment,221,"[0.4, 0.3, 0.1, 0.2]",True,stage2_ext_001_obj_1,"[-127.54582977294922, -20.826457977294922, -21.36916732788086, 0.0]",-59.4031867980957,True,True,True
19,raw_pareto,Raw Pareto Assignment,222,"[0.4, 0.3, 0.2, 0.1]",True,stage2_ext_001_obj_1,"[-127.54582977294922, -20.826457977294922, -21.36916732788086, 0.0]",-61.540103912353516,True,True,True
19,raw_pareto,Raw Pareto Assignment,223,"[0.4, 0.3, 0.3, 0.0]",True,stage2_ext_001_obj_1,"[-127.54582977294922, -20.826457977294922, -21.36916732788086, 0.0]",-63.67702102661133,True,True,True
19,raw_pareto,Raw Pareto Assignment,224,"[0.4, 0.4, 0.0, 0.2]",True,stage2_ext_001_obj_1,"[-127.54582977294922, -20.826457977294922, -21.36916732788086, 0.0]",-59.348915100097656,True,True,True
19,raw_pareto,Raw Pareto Assignment,225,"[0.4, 0.4, 0.1, 0.1]",True,stage2_ext_001_obj_1,"[-127.54582977294922, -20.826457977294922, -21.36916732788086, 0.0]",-61.48583221435547,True,True,True
19,raw_pareto,Raw Pareto Assignment,226,"[0.4, 0.4, 0.2, 0.0]",True,stage2_ext_001_obj_1,"[-127.54582977294922, -20.826457977294922, -21.36916732788086, 0.0]",-63.62274932861328,True,True,True
19,raw_pareto,Raw Pareto Assignment,227,"[0.4, 0.5, 0.0, 0.1]",True,stage2_ext_001_obj_1,"[-127.54582977294922, -20.826457977294922, -21.36916732788086, 0.0]",-61.43156433105469,True,True,True
19,raw_pareto,Raw Pareto Assignment,228,"[0.4, 0.5, 0.1, 0.0]",True,stage2_ext_001_obj_1,"[-127.54582977294922, -20.826457977294922, -21.36916732788086, 0.0]",-63.5684814453125,True,True,True
19,raw_pareto,Raw Pareto Assignment,229,"[0.4, 0.6, 0.0, 0.0]",True,stage2_ext_001_obj_1,"[-127.54582977294922, -20.826457977294922, -21.36916732788086, 0.0]",-63.51420974731445,True,True,True
19,raw_pareto,Raw Pareto Assignment,230,"[0.5, 0.0, 0.0, 0.5]",True,stage2_ext_001_obj_1,"[-127.54582977294922, -20.826457977294922, -21.36916732788086, 0.0]",-63.77291488647461,True,True,True
19,raw_pareto,Raw Pareto Assignment,231,"[0.5, 0.0, 0.1, 0.4]",True,stage2_ext_001_obj_1,"[-127.54582977294922, -20.826457977294922, -21.36916732788086, 0.0]",-65.90982818603516,True,True,True
19,raw_pareto,Raw Pareto Assignment,232,"[0.5, 0.0, 0.2, 0.3]",True,stage2_ext_001_obj_1,"[-127.54582977294922, -20.826457977294922, -21.36916732788086, 0.0]",-68.04674530029297,True,True,True
19,raw_pareto,Raw Pareto Assignment,233,"[0.5, 0.0, 0.3, 0.2]",True,stage2_ext_001_obj_1,"[-127.54582977294922, -20.826457977294922, -21.36916732788086, 0.0]",-70.18366241455078,True,True,True
19,raw_pareto,Raw Pareto Assignment,234,"[0.5, 0.0, 0.4, 0.1]",True,stage2_ext_001_obj_1,"[-127.54582977294922, -20.826457977294922, -21.36916732788086, 0.0]",-72.3205795288086,True,True,True
19,raw_pareto,Raw Pareto Assignment,235,"[0.5, 0.0, 0.5, 0.0]",True,stage2_ext_001_obj_1,"[-127.54582977294922, -20.826457977294922, -21.36916732788086, 0.0]",-74.4574966430664,True,True,True
19,raw_pareto,Raw Pareto Assignment,236,"[0.5, 0.1, 0.0, 0.4]",True,stage2_ext_001_obj_1,"[-127.54582977294922, -20.826457977294922, -21.36916732788086, 0.0]",-65.85556030273438,True,True,True
19,raw_pareto,Raw Pareto Assignment,237,"[0.5, 0.1, 0.1, 0.3]",True,stage2_ext_001_obj_1,"[-127.54582977294922, -20.826457977294922, -21.36916732788086, 0.0]",-67.99247741699219,True,True,True
19,raw_pareto,Raw Pareto Assignment,238,"[0.5, 0.1, 0.2, 0.2]",True,stage2_ext_001_obj_1,"[-127.54582977294922, -20.826457977294922, -21.36916732788086, 0.0]",-70.12939453125,True,True,True
19,raw_pareto,Raw Pareto Assignment,239,"[0.5, 0.1, 0.3, 0.1]",True,stage2_ext_001_obj_1,"[-127.54582977294922, -20.826457977294922, -21.36916732788086, 0.0]",-72.26631164550781,True,True,True
19,raw_pareto,Raw Pareto Assignment,240,"[0.5, 0.1, 0.4, 0.0]",True,stage2_ext_001_obj_1,"[-127.54582977294922, -20.826457977294922, -21.36916732788086, 0.0]",-74.40322875976562,True,True,True
19,raw_pareto,Raw Pareto Assignment,241,"[0.5, 0.2, 0.0, 0.3]",True,stage2_ext_001_obj_1,"[-127.54582977294922, -20.826457977294922, -21.36916732788086, 0.0]",-67.9382095336914,True,True,True
19,raw_pareto,Raw Pareto Assignment,242,"[0.5, 0.2, 0.1, 0.2]",True,stage2_ext_001_obj_1,"[-127.54582977294922, -20.826457977294922, -21.36916732788086, 0.0]",-70.07512664794922,True,True,True
19,raw_pareto,Raw Pareto Assignment,243,"[0.5, 0.2, 0.2, 0.1]",True,stage2_ext_001_obj_1,"[-127.54582977294922, -20.826457977294922, -21.36916732788086, 0.0]",-72.21204376220703,True,True,True
19,raw_pareto,Raw Pareto Assignment,244,"[0.5, 0.2, 0.3, 0.0]",True,stage2_ext_001_obj_1,"[-127.54582977294922, -20.826457977294922, -21.36916732788086, 0.0]",-74.34896087646484,True,True,True
19,raw_pareto,Raw Pareto Assignment,245,"[0.5, 0.3, 0.0, 0.2]",True,stage2_ext_001_obj_1,"[-127.54582977294922, -20.826457977294922, -21.36916732788086, 0.0]",-70.0208511352539,True,True,True
19,raw_pareto,Raw Pareto Assignment,246,"[0.5, 0.3, 0.1, 0.1]",True,stage2_ext_001_obj_1,"[-127.54582977294922, -20.826457977294922, -21.36916732788086, 0.0]",-72.15776824951172,True,True,True
19,raw_pareto,Raw Pareto Assignment,247,"[0.5, 0.3, 0.2, 0.0]",True,stage2_ext_001_obj_1,"[-127.54582977294922, -20.826457977294922, -21.36916732788086, 0.0]",-74.29468536376953,True,True,True
19,raw_pareto,Raw Pareto Assignment,248,"[0.5, 0.4, 0.0, 0.1]",True,stage2_ext_001_obj_1,"[-127.54582977294922, -20.826457977294922, -21.36916732788086, 0.0]",-72.10350036621094,True,True,True
19,raw_pareto,Raw Pareto Assignment,249,"[0.5, 0.4, 0.1, 0.0]",True,stage2_ext_001_obj_1,"[-127.54582977294922, -20.826457977294922, -21.36916732788086, 0.0]",-74.24041748046875,True,True,True
19,raw_pareto,Raw Pareto Assignment,250,"[0.5, 0.5, 0.0, 0.0]",True,stage2_ext_001_obj_1,"[-127.54582977294922, -20.826457977294922, -21.36916732788086, 0.0]",-74.18614196777344,True,True,True
19,raw_pareto,Raw Pareto Assignment,251,"[0.6, 0.0, 0.0, 0.4]",True,stage2_ext_001_obj_1,"[-127.54582977294922, -20.826457977294922, -21.36916732788086, 0.0]",-76.52750396728516,True,True,True
19,raw_pareto,Raw Pareto Assignment,252,"[0.6, 0.0, 0.1, 0.3]",True,stage2_ext_001_obj_1,"[-127.54582977294922, -20.826457977294922, -21.36916732788086, 0.0]",-78.66442108154297,True,True,True
19,raw_pareto,Raw Pareto Assignment,253,"[0.6, 0.0, 0.2, 0.2]",True,stage2_ext_001_obj_1,"[-127.54582977294922, -20.826457977294922, -21.36916732788086, 0.0]",-80.80133819580078,True,True,True
19,raw_pareto,Raw Pareto Assignment,254,"[0.6, 0.0, 0.3, 0.1]",True,stage2_ext_001_obj_1,"[-127.54582977294922, -20.826457977294922, -21.36916732788086, 0.0]",-82.9382553100586,True,True,True
19,raw_pareto,Raw Pareto Assignment,255,"[0.6, 0.0, 0.4, 0.0]",True,stage2_ext_001_obj_1,"[-127.54582977294922, -20.826457977294922, -21.36916732788086, 0.0]",-85.0751724243164,True,True,True
19,raw_pareto,Raw Pareto Assignment,256,"[0.6, 0.1, 0.0, 0.3]",True,stage2_ext_001_obj_1,"[-127.54582977294922, -20.826457977294922, -21.36916732788086, 0.0]",-78.61015319824219,True,True,True
19,raw_pareto,Raw Pareto Assignment,257,"[0.6, 0.1, 0.1, 0.2]",True,stage2_ext_001_obj_1,"[-127.54582977294922, -20.826457977294922, -21.36916732788086, 0.0]",-80.7470703125,True,True,True
19,raw_pareto,Raw Pareto Assignment,258,"[0.6, 0.1, 0.2, 0.1]",True,stage2_ext_001_obj_1,"[-127.54582977294922, -20.826457977294922, -21.36916732788086, 0.0]",-82.88398742675781,True,True,True
19,raw_pareto,Raw Pareto Assignment,259,"[0.6, 0.1, 0.3, 0.0]",True,stage2_ext_001_obj_1,"[-127.54582977294922, -20.826457977294922, -21.36916732788086, 0.0]",-85.02090454101562,True,True,True
19,raw_pareto,Raw Pareto Assignment,260,"[0.6, 0.2, 0.0, 0.2]",True,stage2_ext_001_obj_1,"[-127.54582977294922, -20.826457977294922, -21.36916732788086, 0.0]",-80.69279479980469,True,True,True
19,raw_pareto,Raw Pareto Assignment,261,"[0.6, 0.2, 0.1, 0.1]",True,stage2_ext_001_obj_1,"[-127.54582977294922, -20.826457977294922, -21.36916732788086, 0.0]",-82.8297119140625,True,True,True
19,raw_pareto,Raw Pareto Assignment,262,"[0.6, 0.2, 0.2, 0.0]",True,stage2_ext_001_obj_1,"[-127.54582977294922, -20.826457977294922, -21.36916732788086, 0.0]",-84.96662902832031,True,True,True
19,raw_pareto,Raw Pareto Assignment,263,"[0.6, 0.3, 0.0, 0.1]",True,stage2_ext_001_obj_1,"[-127.54582977294922, -20.826457977294922, -21.36916732788086, 0.0]",-82.77544403076172,True,True,True
19,raw_pareto,Raw Pareto Assignment,264,"[0.6, 0.3, 0.1, 0.0]",True,stage2_ext_001_obj_1,"[-127.54582977294922, -20.826457977294922, -21.36916732788086, 0.0]",-84.91236114501953,True,True,True
19,raw_pareto,Raw Pareto Assignment,265,"[0.6, 0.4, 0.0, 0.0]",True,stage2_ext_001_obj_1,"[-127.54582977294922, -20.826457977294922, -21.36916732788086, 0.0]",-84.85808563232422,True,True,True
19,raw_pareto,Raw Pareto Assignment,266,"[0.7, 0.0, 0.0, 0.3]",True,stage2_ext_001_obj_1,"[-127.54582977294922, -20.826457977294922, -21.36916732788086, 0.0]",-89.2820816040039,True,True,True
19,raw_pareto,Raw Pareto Assignment,267,"[0.7, 0.0, 0.1, 0.2]",True,stage2_ext_001_obj_1,"[-127.54582977294922, -20.826457977294922, -21.36916732788086, 0.0]",-91.41899871826172,True,True,True
19,raw_pareto,Raw Pareto Assignment,268,"[0.7, 0.0, 0.2, 0.1]",True,stage2_ext_001_obj_1,"[-127.54582977294922, -20.826457977294922, -21.36916732788086, 0.0]",-93.55591583251953,True,True,True
19,raw_pareto,Raw Pareto Assignment,269,"[0.7, 0.0, 0.3, 0.0]",True,stage2_ext_001_obj_1,"[-127.54582977294922, -20.826457977294922, -21.36916732788086, 0.0]",-95.69283294677734,True,True,True
19,raw_pareto,Raw Pareto Assignment,270,"[0.7, 0.1, 0.0, 0.2]",True,stage2_ext_001_obj_1,"[-127.54582977294922, -20.826457977294922, -21.36916732788086, 0.0]",-91.36473083496094,True,True,True
19,raw_pareto,Raw Pareto Assignment,271,"[0.7, 0.1, 0.1, 0.1]",True,stage2_ext_001_obj_1,"[-127.54582977294922, -20.826457977294922, -21.36916732788086, 0.0]",-93.50164794921875,True,True,True
19,raw_pareto,Raw Pareto Assignment,272,"[0.7, 0.1, 0.2, 0.0]",True,stage2_ext_001_obj_1,"[-127.54582977294922, -20.826457977294922, -21.36916732788086, 0.0]",-95.63856506347656,True,True,True
19,raw_pareto,Raw Pareto Assignment,273,"[0.7, 0.2, 0.0, 0.1]",True,stage2_ext_001_obj_1,"[-127.54582977294922, -20.826457977294922, -21.36916732788086, 0.0]",-93.44737243652344,True,True,True
19,raw_pareto,Raw Pareto Assignment,274,"[0.7, 0.2, 0.1, 0.0]",True,stage2_ext_001_obj_1,"[-127.54582977294922, -20.826457977294922, -21.36916732788086, 0.0]",-95.58428955078125,True,True,True
19,raw_pareto,Raw Pareto Assignment,275,"[0.7, 0.3, 0.0, 0.0]",True,stage2_ext_001_obj_1,"[-127.54582977294922, -20.826457977294922, -21.36916732788086, 0.0]",-95.53002166748047,True,True,True
19,raw_pareto,Raw Pareto Assignment,276,"[0.8, 0.0, 0.0, 0.2]",True,stage2_ext_001_obj_1,"[-127.54582977294922, -20.826457977294922, -21.36916732788086, 0.0]",-102.03666687011719,True,True,True
19,raw_pareto,Raw Pareto Assignment,277,"[0.8, 0.0, 0.1, 0.1]",True,stage2_ext_001_obj_1,"[-127.54582977294922, -20.826457977294922, -21.36916732788086, 0.0]",-104.173583984375,True,True,True
19,raw_pareto,Raw Pareto Assignment,278,"[0.8, 0.0, 0.2, 0.0]",True,stage2_ext_001_obj_1,"[-127.54582977294922, -20.826457977294922, -21.36916732788086, 0.0]",-106.31050109863281,True,True,True
19,raw_pareto,Raw Pareto Assignment,279,"[0.8, 0.1, 0.0, 0.1]",True,stage2_ext_001_obj_1,"[-127.54582977294922, -20.826457977294922, -21.36916732788086, 0.0]",-104.11931610107422,True,True,True
19,raw_pareto,Raw Pareto Assignment,280,"[0.8, 0.1, 0.1, 0.0]",True,stage2_ext_001_obj_1,"[-127.54582977294922, -20.826457977294922, -21.36916732788086, 0.0]",-106.25623321533203,True,True,True
19,raw_pareto,Raw Pareto Assignment,281,"[0.8, 0.2, 0.0, 0.0]",True,stage2_ext_001_obj_1,"[-127.54582977294922, -20.826457977294922, -21.36916732788086, 0.0]",-106.20195770263672,True,True,True
19,raw_pareto,Raw Pareto Assignment,282,"[0.9, 0.0, 0.0, 0.1]",True,stage2_ext_001_obj_1,"[-127.54582977294922, -20.826457977294922, -21.36916732788086, 0.0]",-114.79124450683594,True,True,True
19,raw_pareto,Raw Pareto Assignment,283,"[0.9, 0.0, 0.1, 0.0]",True,stage2_ext_001_obj_1,"[-127.54582977294922, -20.826457977294922, -21.36916732788086, 0.0]",-116.92816162109375,True,True,True
19,raw_pareto,Raw Pareto Assignment,284,"[0.9, 0.1, 0.0, 0.0]",True,stage2_ext_001_obj_1,"[-127.54582977294922, -20.826457977294922, -21.36916732788086, 0.0]",-116.87389373779297,True,True,True
19,raw_pareto,Raw Pareto Assignment,285,"[1.0, 0.0, 0.0, 0.0]",True,stage2_ext_001_obj_1,"[-127.54582977294922, -20.826457977294922, -21.36916732788086, 0.0]",-127.54582977294922,True,True,True
19,acceptable_pareto,Acceptable Pareto Assignment,0,"[0.0, 0.0, 0.0, 1.0]",True,stage2_ext_001_obj_1,"[-127.54582977294922, -20.826457977294922, -21.36916732788086, 0.0]",0.0,True,True,True
19,acceptable_pareto,Acceptable Pareto Assignment,1,"[0.0, 0.0, 0.1, 0.9]",True,stage2_ext_005_obj_2,"[-170.60000610351562, -27.774999618530273, -19.860000610351562, 0.0]",-1.9860000610351562,True,True,True
19,acceptable_pareto,Acceptable Pareto Assignment,2,"[0.0, 0.0, 0.2, 0.8]",True,stage2_ext_005_obj_2,"[-170.60000610351562, -27.774999618530273, -19.860000610351562, 0.0]",-3.9720001220703125,True,True,True
19,acceptable_pareto,Acceptable Pareto Assignment,3,"[0.0, 0.0, 0.3, 0.7]",True,stage2_ext_005_obj_2,"[-170.60000610351562, -27.774999618530273, -19.860000610351562, 0.0]",-5.958000183105469,True,True,True
19,acceptable_pareto,Acceptable Pareto Assignment,4,"[0.0, 0.0, 0.4, 0.6]",True,stage2_ext_005_obj_2,"[-170.60000610351562, -27.774999618530273, -19.860000610351562, 0.0]",-7.944000244140625,True,True,True
19,acceptable_pareto,Acceptable Pareto Assignment,5,"[0.0, 0.0, 0.5, 0.5]",True,stage2_ext_005_obj_2,"[-170.60000610351562, -27.774999618530273, -19.860000610351562, 0.0]",-9.930000305175781,True,True,True
19,acceptable_pareto,Acceptable Pareto Assignment,6,"[0.0, 0.0, 0.6, 0.4]",True,stage2_ext_005_obj_2,"[-170.60000610351562, -27.774999618530273, -19.860000610351562, 0.0]",-11.916000366210938,True,True,True
19,acceptable_pareto,Acceptable Pareto Assignment,7,"[0.0, 0.0, 0.7, 0.3]",True,stage2_ext_005_obj_2,"[-170.60000610351562, -27.774999618530273, -19.860000610351562, 0.0]",-13.902000427246094,True,True,True
19,acceptable_pareto,Acceptable Pareto Assignment,8,"[0.0, 0.0, 0.8, 0.2]",True,stage2_ext_005_obj_2,"[-170.60000610351562, -27.774999618530273, -19.860000610351562, 0.0]",-15.88800048828125,True,True,True
19,acceptable_pareto,Acceptable Pareto Assignment,9,"[0.0, 0.0, 0.9, 0.1]",True,stage2_ext_005_obj_2,"[-170.60000610351562, -27.774999618530273, -19.860000610351562, 0.0]",-17.874000549316406,True,True,True
19,acceptable_pareto,Acceptable Pareto Assignment,10,"[0.0, 0.0, 1.0, 0.0]",True,stage2_ext_005_obj_2,"[-170.60000610351562, -27.774999618530273, -19.860000610351562, 0.0]",-19.860000610351562,True,True,True
19,acceptable_pareto,Acceptable Pareto Assignment,11,"[0.0, 0.1, 0.0, 0.9]",True,stage2_ext_001_obj_1,"[-127.54582977294922, -20.826457977294922, -21.36916732788086, 0.0]",-2.082645893096924,True,True,True
19,acceptable_pareto,Acceptable Pareto Assignment,12,"[0.0, 0.1, 0.1, 0.8]",True,stage2_ext_002_obj_2,"[-131.79165649414062, -20.956249237060547, -20.058334350585938, 0.0]",-4.101458549499512,True,True,True
19,acceptable_pareto,Acceptable Pareto Assignment,13,"[0.0, 0.1, 0.2, 0.7]",True,stage2_ext_002_obj_2,"[-131.79165649414062, -20.956249237060547, -20.058334350585938, 0.0]",-6.1072916984558105,True,True,True
19,acceptable_pareto,Acceptable Pareto Assignment,14,"[0.0, 0.1, 0.3, 0.6]",True,stage2_ext_002_obj_2,"[-131.79165649414062, -20.956249237060547, -20.058334350585938, 0.0]",-8.11312484741211,True,True,True
19,acceptable_pareto,Acceptable Pareto Assignment,15,"[0.0, 0.1, 0.4, 0.5]",True,stage2_ext_002_obj_2,"[-131.79165649414062, -20.956249237060547, -20.058334350585938, 0.0]",-10.118958473205566,True,True,True
19,acceptable_pareto,Acceptable Pareto Assignment,16,"[0.0, 0.1, 0.5, 0.4]",True,stage2_ext_002_obj_2,"[-131.79165649414062, -20.956249237060547, -20.058334350585938, 0.0]",-12.124792098999023,True,True,True
19,acceptable_pareto,Acceptable Pareto Assignment,17,"[0.0, 0.1, 0.6, 0.3]",True,stage2_ext_002_obj_2,"[-131.79165649414062, -20.956249237060547, -20.058334350585938, 0.0]",-14.13062572479248,True,True,True
19,acceptable_pareto,Acceptable Pareto Assignment,18,"[0.0, 0.1, 0.7, 0.2]",True,stage2_ext_002_obj_2,"[-131.79165649414062, -20.956249237060547, -20.058334350585938, 0.0]",-16.136459350585938,True,True,True
19,acceptable_pareto,Acceptable Pareto Assignment,19,"[0.0, 0.1, 0.8, 0.1]",True,stage2_ext_002_obj_2,"[-131.79165649414062, -20.956249237060547, -20.058334350585938, 0.0]",-18.142292022705078,True,True,True
19,acceptable_pareto,Acceptable Pareto Assignment,20,"[0.0, 0.1, 0.9, 0.0]",True,stage2_ext_002_obj_2,"[-131.79165649414062, -20.956249237060547, -20.058334350585938, 0.0]",-20.14812469482422,True,True,True
19,acceptable_pareto,Acceptable Pareto Assignment,21,"[0.0, 0.2, 0.0, 0.8]",True,stage2_ext_001_obj_1,"[-127.54582977294922, -20.826457977294922, -21.36916732788086, 0.0]",-4.165291786193848,True,True,True
19,acceptable_pareto,Acceptable Pareto Assignment,22,"[0.0, 0.2, 0.1, 0.7]",True,stage2_ext_002_obj_2,"[-131.79165649414062, -20.956249237060547, -20.058334350585938, 0.0]",-6.197083473205566,True,True,True
19,acceptable_pareto,Acceptable Pareto Assignment,23,"[0.0, 0.2, 0.2, 0.6]",True,stage2_ext_002_obj_2,"[-131.79165649414062, -20.956249237060547, -20.058334350585938, 0.0]",-8.202917098999023,True,True,True
19,acceptable_pareto,Acceptable Pareto Assignment,24,"[0.0, 0.2, 0.3, 0.5]",True,stage2_ext_002_obj_2,"[-131.79165649414062, -20.956249237060547, -20.058334350585938, 0.0]",-10.208749771118164,True,True,True
19,acceptable_pareto,Acceptable Pareto Assignment,25,"[0.0, 0.2, 0.4, 0.4]",True,stage2_ext_002_obj_2,"[-131.79165649414062, -20.956249237060547, -20.058334350585938, 0.0]",-12.214583396911621,True,True,True
19,acceptable_pareto,Acceptable Pareto Assignment,26,"[0.0, 0.2, 0.5, 0.3]",True,stage2_ext_002_obj_2,"[-131.79165649414062, -20.956249237060547, -20.058334350585938, 0.0]",-14.220417022705078,True,True,True
19,acceptable_pareto,Acceptable Pareto Assignment,27,"[0.0, 0.2, 0.6, 0.2]",True,stage2_ext_002_obj_2,"[-131.79165649414062, -20.956249237060547, -20.058334350585938, 0.0]",-16.22624969482422,True,True,True
19,acceptable_pareto,Acceptable Pareto Assignment,28,"[0.0, 0.2, 0.7, 0.1]",True,stage2_ext_002_obj_2,"[-131.79165649414062, -20.956249237060547, -20.058334350585938, 0.0]",-18.23208236694336,True,True,True
19,acceptable_pareto,Acceptable Pareto Assignment,29,"[0.0, 0.2, 0.8, 0.0]",True,stage2_ext_002_obj_2,"[-131.79165649414062, -20.956249237060547, -20.058334350585938, 0.0]",-20.237916946411133,True,True,True
19,acceptable_pareto,Acceptable Pareto Assignment,30,"[0.0, 0.3, 0.0, 0.7]",True,stage2_ext_001_obj_1,"[-127.54582977294922, -20.826457977294922, -21.36916732788086, 0.0]",-6.2479376792907715,True,True,True
19,acceptable_pareto,Acceptable Pareto Assignment,31,"[0.0, 0.3, 0.1, 0.6]",True,stage2_ext_002_obj_2,"[-131.79165649414062, -20.956249237060547, -20.058334350585938, 0.0]",-8.292708396911621,True,True,True
19,acceptable_pareto,Acceptable Pareto Assignment,32,"[0.0, 0.3, 0.2, 0.5]",True,stage2_ext_002_obj_2,"[-131.79165649414062, -20.956249237060547, -20.058334350585938, 0.0]",-10.298542022705078,True,True,True
19,acceptable_pareto,Acceptable Pareto Assignment,33,"[0.0, 0.3, 0.3, 0.4]",True,stage2_ext_002_obj_2,"[-131.79165649414062, -20.956249237060547, -20.058334350585938, 0.0]",-12.304375648498535,True,True,True
19,acceptable_pareto,Acceptable Pareto Assignment,34,"[0.0, 0.3, 0.4, 0.3]",True,stage2_ext_002_obj_2,"[-131.79165649414062, -20.956249237060547, -20.058334350585938, 0.0]",-14.310209274291992,True,True,True
19,acceptable_pareto,Acceptable Pareto Assignment,35,"[0.0, 0.3, 0.5, 0.2]",True,stage2_ext_002_obj_2,"[-131.79165649414062, -20.956249237060547, -20.058334350585938, 0.0]",-16.316041946411133,True,True,True
19,acceptable_pareto,Acceptable Pareto Assignment,36,"[0.0, 0.3, 0.6, 0.1]",True,stage2_ext_002_obj_2,"[-131.79165649414062, -20.956249237060547, -20.058334350585938, 0.0]",-18.321876525878906,True,True,True
19,acceptable_pareto,Acceptable Pareto Assignment,37,"[0.0, 0.3, 0.7, 0.0]",True,stage2_ext_002_obj_2,"[-131.79165649414062, -20.956249237060547, -20.058334350585938, 0.0]",-20.327709197998047,True,True,True
19,acceptable_pareto,Acceptable Pareto Assignment,38,"[0.0, 0.4, 0.0, 0.6]",True,stage2_ext_001_obj_1,"[-127.54582977294922, -20.826457977294922, -21.36916732788086, 0.0]",-8.330583572387695,True,True,True
19,acceptable_pareto,Acceptable Pareto Assignment,39,"[0.0, 0.4, 0.1, 0.5]",True,stage2_ext_002_obj_2,"[-131.79165649414062, -20.956249237060547, -20.058334350585938, 0.0]",-10.388333320617676,True,True,True
19,acceptable_pareto,Acceptable Pareto Assignment,40,"[0.0, 0.4, 0.2, 0.4]",True,stage2_ext_002_obj_2,"[-131.79165649414062, -20.956249237060547, -20.058334350585938, 0.0]",-12.394166946411133,True,True,True
19,acceptable_pareto,Acceptable Pareto Assignment,41,"[0.0, 0.4, 0.3, 0.3]",True,stage2_ext_002_obj_2,"[-131.79165649414062, -20.956249237060547, -20.058334350585938, 0.0]",-14.399999618530273,True,True,True
19,acceptable_pareto,Acceptable Pareto Assignment,42,"[0.0, 0.4, 0.4, 0.2]",True,stage2_ext_002_obj_2,"[-131.79165649414062, -20.956249237060547, -20.058334350585938, 0.0]",-16.405834197998047,True,True,True
19,acceptable_pareto,Acceptable Pareto Assignment,43,"[0.0, 0.4, 0.5, 0.1]",True,stage2_ext_002_obj_2,"[-131.79165649414062, -20.956249237060547, -20.058334350585938, 0.0]",-18.411666870117188,True,True,True
19,acceptable_pareto,Acceptable Pareto Assignment,44,"[0.0, 0.4, 0.6, 0.0]",True,stage2_ext_002_obj_2,"[-131.79165649414062, -20.956249237060547, -20.058334350585938, 0.0]",-20.417499542236328,True,True,True
19,acceptable_pareto,Acceptable Pareto Assignment,45,"[0.0, 0.5, 0.0, 0.5]",True,stage2_ext_001_obj_1,"[-127.54582977294922, -20.826457977294922, -21.36916732788086, 0.0]",-10.413228988647461,True,True,True
19,acceptable_pareto,Acceptable Pareto Assignment,46,"[0.0, 0.5, 0.1, 0.4]",True,stage2_ext_002_obj_2,"[-131.79165649414062, -20.956249237060547, -20.058334350585938, 0.0]",-12.48395824432373,True,True,True
19,acceptable_pareto,Acceptable Pareto Assignment,47,"[0.0, 0.5, 0.2, 0.3]",True,stage2_ext_002_obj_2,"[-131.79165649414062, -20.956249237060547, -20.058334350585938, 0.0]",-14.489791870117188,True,True,True
19,acceptable_pareto,Acceptable Pareto Assignment,48,"[0.0, 0.5, 0.3, 0.2]",True,stage2_ext_002_obj_2,"[-131.79165649414062, -20.956249237060547, -20.058334350585938, 0.0]",-16.495624542236328,True,True,True
19,acceptable_pareto,Acceptable Pareto Assignment,49,"[0.0, 0.5, 0.4, 0.1]",True,stage2_ext_002_obj_2,"[-131.79165649414062, -20.956249237060547, -20.058334350585938, 0.0]",-18.50145721435547,True,True,True
19,acceptable_pareto,Acceptable Pareto Assignment,50,"[0.0, 0.5, 0.5, 0.0]",True,stage2_ext_002_obj_2,"[-131.79165649414062, -20.956249237060547, -20.058334350585938, 0.0]",-20.507291793823242,True,True,True
19,acceptable_pareto,Acceptable Pareto Assignment,51,"[0.0, 0.6, 0.0, 0.4]",True,stage2_ext_001_obj_1,"[-127.54582977294922, -20.826457977294922, -21.36916732788086, 0.0]",-12.495875358581543,True,True,True
19,acceptable_pareto,Acceptable Pareto Assignment,52,"[0.0, 0.6, 0.1, 0.3]",True,stage2_ext_002_obj_2,"[-131.79165649414062, -20.956249237060547, -20.058334350585938, 0.0]",-14.579584121704102,True,True,True
19,acceptable_pareto,Acceptable Pareto Assignment,53,"[0.0, 0.6, 0.2, 0.2]",True,stage2_ext_002_obj_2,"[-131.79165649414062, -20.956249237060547, -20.058334350585938, 0.0]",-16.585416793823242,True,True,True
19,acceptable_pareto,Acceptable Pareto Assignment,54,"[0.0, 0.6, 0.3, 0.1]",True,stage2_ext_002_obj_2,"[-131.79165649414062, -20.956249237060547, -20.058334350585938, 0.0]",-18.591251373291016,True,True,True
19,acceptable_pareto,Acceptable Pareto Assignment,55,"[0.0, 0.6, 0.4, 0.0]",True,stage2_ext_002_obj_2,"[-131.79165649414062, -20.956249237060547, -20.058334350585938, 0.0]",-20.597084045410156,True,True,True
19,acceptable_pareto,Acceptable Pareto Assignment,56,"[0.0, 0.7, 0.0, 0.3]",True,stage2_ext_001_obj_1,"[-127.54582977294922, -20.826457977294922, -21.36916732788086, 0.0]",-14.578520774841309,True,True,True
19,acceptable_pareto,Acceptable Pareto Assignment,57,"[0.0, 0.7, 0.1, 0.2]",True,stage2_ext_002_obj_2,"[-131.79165649414062, -20.956249237060547, -20.058334350585938, 0.0]",-16.675207138061523,True,True,True
19,acceptable_pareto,Acceptable Pareto Assignment,58,"[0.0, 0.7, 0.2, 0.1]",True,stage2_ext_002_obj_2,"[-131.79165649414062, -20.956249237060547, -20.058334350585938, 0.0]",-18.681041717529297,True,True,True
19,acceptable_pareto,Acceptable Pareto Assignment,59,"[0.0, 0.7, 0.3, 0.0]",True,stage2_ext_002_obj_2,"[-131.79165649414062, -20.956249237060547, -20.058334350585938, 0.0]",-20.686874389648438,True,True,True
19,acceptable_pareto,Acceptable Pareto Assignment,60,"[0.0, 0.8, 0.0, 0.2]",True,stage2_ext_001_obj_1,"[-127.54582977294922, -20.826457977294922, -21.36916732788086, 0.0]",-16.66116714477539,True,True,True
19,acceptable_pareto,Acceptable Pareto Assignment,61,"[0.0, 0.8, 0.1, 0.1]",True,stage2_ext_002_obj_2,"[-131.79165649414062, -20.956249237060547, -20.058334350585938, 0.0]",-18.770832061767578,True,True,True
19,acceptable_pareto,Acceptable Pareto Assignment,62,"[0.0, 0.8, 0.2, 0.0]",True,stage2_ext_002_obj_2,"[-131.79165649414062, -20.956249237060547, -20.058334350585938, 0.0]",-20.77666664123535,True,True,True
19,acceptable_pareto,Acceptable Pareto Assignment,63,"[0.0, 0.9, 0.0, 0.1]",True,stage2_ext_001_obj_1,"[-127.54582977294922, -20.826457977294922, -21.36916732788086, 0.0]",-18.743812561035156,True,True,True
19,acceptable_pareto,Acceptable Pareto Assignment,64,"[0.0, 0.9, 0.1, 0.0]",True,stage2_ext_002_obj_2,"[-131.79165649414062, -20.956249237060547, -20.058334350585938, 0.0]",-20.866456985473633,True,True,True
19,acceptable_pareto,Acceptable Pareto Assignment,65,"[0.0, 1.0, 0.0, 0.0]",True,stage2_ext_001_obj_1,"[-127.54582977294922, -20.826457977294922, -21.36916732788086, 0.0]",-20.826457977294922,True,True,True
19,acceptable_pareto,Acceptable Pareto Assignment,66,"[0.1, 0.0, 0.0, 0.9]",True,stage2_ext_001_obj_1,"[-127.54582977294922, -20.826457977294922, -21.36916732788086, 0.0]",-12.754583358764648,True,True,True
19,acceptable_pareto,Acceptable Pareto Assignment,67,"[0.1, 0.0, 0.1, 0.8]",True,stage2_ext_001_obj_1,"[-127.54582977294922, -20.826457977294922, -21.36916732788086, 0.0]",-14.891500473022461,True,True,True
19,acceptable_pareto,Acceptable Pareto Assignment,68,"[0.1, 0.0, 0.2, 0.7]",True,stage2_ext_001_obj_1,"[-127.54582977294922, -20.826457977294922, -21.36916732788086, 0.0]",-17.028417587280273,True,True,True
19,acceptable_pareto,Acceptable Pareto Assignment,69,"[0.1, 0.0, 0.3, 0.6]",True,stage2_ext_001_obj_1,"[-127.54582977294922, -20.826457977294922, -21.36916732788086, 0.0]",-19.165332794189453,True,True,True
19,acceptable_pareto,Acceptable Pareto Assignment,70,"[0.1, 0.0, 0.4, 0.5]",True,stage2_ext_002_obj_2,"[-131.79165649414062, -20.956249237060547, -20.058334350585938, 0.0]",-21.202499389648438,True,True,True
19,acceptable_pareto,Acceptable Pareto Assignment,71,"[0.1, 0.0, 0.5, 0.4]",True,stage2_ext_002_obj_2,"[-131.79165649414062, -20.956249237060547, -20.058334350585938, 0.0]",-23.208332061767578,True,True,True
19,acceptable_pareto,Acceptable Pareto Assignment,72,"[0.1, 0.0, 0.6, 0.3]",True,stage2_ext_002_obj_2,"[-131.79165649414062, -20.956249237060547, -20.058334350585938, 0.0]",-25.21416664123535,True,True,True
19,acceptable_pareto,Acceptable Pareto Assignment,73,"[0.1, 0.0, 0.7, 0.2]",True,stage2_ext_002_obj_2,"[-131.79165649414062, -20.956249237060547, -20.058334350585938, 0.0]",-27.219999313354492,True,True,True
19,acceptable_pareto,Acceptable Pareto Assignment,74,"[0.1, 0.0, 0.8, 0.1]",True,stage2_ext_002_obj_2,"[-131.79165649414062, -20.956249237060547, -20.058334350585938, 0.0]",-29.225833892822266,True,True,True
19,acceptable_pareto,Acceptable Pareto Assignment,75,"[0.1, 0.0, 0.9, 0.0]",True,stage2_ext_002_obj_2,"[-131.79165649414062, -20.956249237060547, -20.058334350585938, 0.0]",-31.231666564941406,True,True,True
19,acceptable_pareto,Acceptable Pareto Assignment,76,"[0.1, 0.1, 0.0, 0.8]",True,stage2_ext_001_obj_1,"[-127.54582977294922, -20.826457977294922, -21.36916732788086, 0.0]",-14.837228775024414,True,True,True
19,acceptable_pareto,Acceptable Pareto Assignment,77,"[0.1, 0.1, 0.1, 0.7]",True,stage2_ext_001_obj_1,"[-127.54582977294922, -20.826457977294922, -21.36916732788086, 0.0]",-16.974145889282227,True,True,True
19,acceptable_pareto,Acceptable Pareto Assignment,78,"[0.1, 0.1, 0.2, 0.6]",True,stage2_ext_001_obj_1,"[-127.54582977294922, -20.826457977294922, -21.36916732788086, 0.0]",-19.11106300354004,True,True,True
19,acceptable_pareto,Acceptable Pareto Assignment,79,"[0.1, 0.1, 0.3, 0.5]",True,stage2_ext_001_obj_1,"[-127.54582977294922, -20.826457977294922, -21.36916732788086, 0.0]",-21.24797821044922,True,True,True
19,acceptable_pareto,Acceptable Pareto Assignment,80,"[0.1, 0.1, 0.4, 0.4]",True,stage2_ext_002_obj_2,"[-131.79165649414062, -20.956249237060547, -20.058334350585938, 0.0]",-23.298124313354492,True,True,True
19,acceptable_pareto,Acceptable Pareto Assignment,81,"[0.1, 0.1, 0.5, 0.3]",True,stage2_ext_002_obj_2,"[-131.79165649414062, -20.956249237060547, -20.058334350585938, 0.0]",-25.303958892822266,True,True,True
19,acceptable_pareto,Acceptable Pareto Assignment,82,"[0.1, 0.1, 0.6, 0.2]",True,stage2_ext_002_obj_2,"[-131.79165649414062, -20.956249237060547, -20.058334350585938, 0.0]",-27.309791564941406,True,True,True
19,acceptable_pareto,Acceptable Pareto Assignment,83,"[0.1, 0.1, 0.7, 0.1]",True,stage2_ext_002_obj_2,"[-131.79165649414062, -20.956249237060547, -20.058334350585938, 0.0]",-29.315624237060547,True,True,True
19,acceptable_pareto,Acceptable Pareto Assignment,84,"[0.1, 0.1, 0.8, 0.0]",True,stage2_ext_002_obj_2,"[-131.79165649414062, -20.956249237060547, -20.058334350585938, 0.0]",-31.321456909179688,True,True,True
19,acceptable_pareto,Acceptable Pareto Assignment,85,"[0.1, 0.2, 0.0, 0.7]",True,stage2_ext_001_obj_1,"[-127.54582977294922, -20.826457977294922, -21.36916732788086, 0.0]",-16.919876098632812,True,True,True
19,acceptable_pareto,Acceptable Pareto Assignment,86,"[0.1, 0.2, 0.1, 0.6]",True,stage2_ext_001_obj_1,"[-127.54582977294922, -20.826457977294922, -21.36916732788086, 0.0]",-19.056793212890625,True,True,True
19,acceptable_pareto,Acceptable Pareto Assignment,87,"[0.1, 0.2, 0.2, 0.5]",True,stage2_ext_001_obj_1,"[-127.54582977294922, -20.826457977294922, -21.36916732788086, 0.0]",-21.193710327148438,True,True,True
19,acceptable_pareto,Acceptable Pareto Assignment,88,"[0.1, 0.2, 0.3, 0.4]",True,stage2_ext_001_obj_1,"[-127.54582977294922, -20.826457977294922, -21.36916732788086, 0.0]",-23.33062744140625,True,True,True
19,acceptable_pareto,Acceptable Pareto Assignment,89,"[0.1, 0.2, 0.4, 0.3]",True,stage2_ext_002_obj_2,"[-131.79165649414062, -20.956249237060547, -20.058334350585938, 0.0]",-25.393749237060547,True,True,True
19,acceptable_pareto,Acceptable Pareto Assignment,90,"[0.1, 0.2, 0.5, 0.2]",True,stage2_ext_002_obj_2,"[-131.79165649414062, -20.956249237060547, -20.058334350585938, 0.0]",-27.399581909179688,True,True,True
19,acceptable_pareto,Acceptable Pareto Assignment,91,"[0.1, 0.2, 0.6, 0.1]",True,stage2_ext_002_obj_2,"[-131.79165649414062, -20.956249237060547, -20.058334350585938, 0.0]",-29.405414581298828,True,True,True
19,acceptable_pareto,Acceptable Pareto Assignment,92,"[0.1, 0.2, 0.7, 0.0]",True,stage2_ext_002_obj_2,"[-131.79165649414062, -20.956249237060547, -20.058334350585938, 0.0]",-31.41124725341797,True,True,True
19,acceptable_pareto,Acceptable Pareto Assignment,93,"[0.1, 0.3, 0.0, 0.6]",True,stage2_ext_001_obj_1,"[-127.54582977294922, -20.826457977294922, -21.36916732788086, 0.0]",-19.002521514892578,True,True,True
19,acceptable_pareto,Acceptable Pareto Assignment,94,"[0.1, 0.3, 0.1, 0.5]",True,stage2_ext_001_obj_1,"[-127.54582977294922, -20.826457977294922, -21.36916732788086, 0.0]",-21.13943862915039,True,True,True
19,acceptable_pareto,Acceptable Pareto Assignment,95,"[0.1, 0.3, 0.2, 0.4]",True,stage2_ext_001_obj_1,"[-127.54582977294922, -20.826457977294922, -21.36916732788086, 0.0]",-23.276355743408203,True,True,True
19,acceptable_pareto,Acceptable Pareto Assignment,96,"[0.1, 0.3, 0.3, 0.3]",True,stage2_ext_001_obj_1,"[-127.54582977294922, -20.826457977294922, -21.36916732788086, 0.0]",-25.413272857666016,True,True,True
19,acceptable_pareto,Acceptable Pareto Assignment,97,"[0.1, 0.3, 0.4, 0.2]",True,stage2_ext_002_obj_2,"[-131.79165649414062, -20.956249237060547, -20.058334350585938, 0.0]",-27.489376068115234,True,True,True
19,acceptable_pareto,Acceptable Pareto Assignment,98,"[0.1, 0.3, 0.5, 0.1]",True,stage2_ext_002_obj_2,"[-131.79165649414062, -20.956249237060547, -20.058334350585938, 0.0]",-29.495208740234375,True,True,True
19,acceptable_pareto,Acceptable Pareto Assignment,99,"[0.1, 0.3, 0.6, 0.0]",True,stage2_ext_002_obj_2,"[-131.79165649414062, -20.956249237060547, -20.058334350585938, 0.0]",-31.501041412353516,True,True,True
19,acceptable_pareto,Acceptable Pareto Assignment,100,"[0.1, 0.4, 0.0, 0.5]",True,stage2_ext_001_obj_1,"[-127.54582977294922, -20.826457977294922, -21.36916732788086, 0.0]",-21.085166931152344,True,True,True
19,acceptable_pareto,Acceptable Pareto Assignment,101,"[0.1, 0.4, 0.1, 0.4]",True,stage2_ext_001_obj_1,"[-127.54582977294922, -20.826457977294922, -21.36916732788086, 0.0]",-23.222084045410156,True,True,True
19,acceptable_pareto,Acceptable Pareto Assignment,102,"[0.1, 0.4, 0.2, 0.3]",True,stage2_ext_001_obj_1,"[-127.54582977294922, -20.826457977294922, -21.36916732788086, 0.0]",-25.35900115966797,True,True,True
19,acceptable_pareto,Acceptable Pareto Assignment,103,"[0.1, 0.4, 0.3, 0.2]",True,stage2_ext_001_obj_1,"[-127.54582977294922, -20.826457977294922, -21.36916732788086, 0.0]",-27.49591827392578,True,True,True
19,acceptable_pareto,Acceptable Pareto Assignment,104,"[0.1, 0.4, 0.4, 0.1]",True,stage2_ext_002_obj_2,"[-131.79165649414062, -20.956249237060547, -20.058334350585938, 0.0]",-29.584999084472656,True,True,True
19,acceptable_pareto,Acceptable Pareto Assignment,105,"[0.1, 0.4, 0.5, 0.0]",True,stage2_ext_002_obj_2,"[-131.79165649414062, -20.956249237060547, -20.058334350585938, 0.0]",-31.590831756591797,True,True,True
19,acceptable_pareto,Acceptable Pareto Assignment,106,"[0.1, 0.5, 0.0, 0.4]",True,stage2_ext_001_obj_1,"[-127.54582977294922, -20.826457977294922, -21.36916732788086, 0.0]",-23.16781234741211,True,True,True
19,acceptable_pareto,Acceptable Pareto Assignment,107,"[0.1, 0.5, 0.1, 0.3]",True,stage2_ext_001_obj_1,"[-127.54582977294922, -20.826457977294922, -21.36916732788086, 0.0]",-25.304729461669922,True,True,True
19,acceptable_pareto,Acceptable Pareto Assignment,108,"[0.1, 0.5, 0.2, 0.2]",True,stage2_ext_001_obj_1,"[-127.54582977294922, -20.826457977294922, -21.36916732788086, 0.0]",-27.441646575927734,True,True,True
19,acceptable_pareto,Acceptable Pareto Assignment,109,"[0.1, 0.5, 0.3, 0.1]",True,stage2_ext_001_obj_1,"[-127.54582977294922, -20.826457977294922, -21.36916732788086, 0.0]",-29.578563690185547,True,True,True
19,acceptable_pareto,Acceptable Pareto Assignment,110,"[0.1, 0.5, 0.4, 0.0]",True,stage2_ext_002_obj_2,"[-131.79165649414062, -20.956249237060547, -20.058334350585938, 0.0]",-31.680625915527344,True,True,True
19,acceptable_pareto,Acceptable Pareto Assignment,111,"[0.1, 0.6, 0.0, 0.3]",True,stage2_ext_001_obj_1,"[-127.54582977294922, -20.826457977294922, -21.36916732788086, 0.0]",-25.250457763671875,True,True,True
19,acceptable_pareto,Acceptable Pareto Assignment,112,"[0.1, 0.6, 0.1, 0.2]",True,stage2_ext_001_obj_1,"[-127.54582977294922, -20.826457977294922, -21.36916732788086, 0.0]",-27.387374877929688,True,True,True
19,acceptable_pareto,Acceptable Pareto Assignment,113,"[0.1, 0.6, 0.2, 0.1]",True,stage2_ext_001_obj_1,"[-127.54582977294922, -20.826457977294922, -21.36916732788086, 0.0]",-29.5242919921875,True,True,True
19,acceptable_pareto,Acceptable Pareto Assignment,114,"[0.1, 0.6, 0.3, 0.0]",True,stage2_ext_001_obj_1,"[-127.54582977294922, -20.826457977294922, -21.36916732788086, 0.0]",-31.661209106445312,True,True,True
19,acceptable_pareto,Acceptable Pareto Assignment,115,"[0.1, 0.7, 0.0, 0.2]",True,stage2_ext_001_obj_1,"[-127.54582977294922, -20.826457977294922, -21.36916732788086, 0.0]",-27.33310317993164,True,True,True
19,acceptable_pareto,Acceptable Pareto Assignment,116,"[0.1, 0.7, 0.1, 0.1]",True,stage2_ext_001_obj_1,"[-127.54582977294922, -20.826457977294922, -21.36916732788086, 0.0]",-29.470020294189453,True,True,True
19,acceptable_pareto,Acceptable Pareto Assignment,117,"[0.1, 0.7, 0.2, 0.0]",True,stage2_ext_001_obj_1,"[-127.54582977294922, -20.826457977294922, -21.36916732788086, 0.0]",-31.606937408447266,True,True,True
19,acceptable_pareto,Acceptable Pareto Assignment,118,"[0.1, 0.8, 0.0, 0.1]",True,stage2_ext_001_obj_1,"[-127.54582977294922, -20.826457977294922, -21.36916732788086, 0.0]",-29.41575050354004,True,True,True
19,acceptable_pareto,Acceptable Pareto Assignment,119,"[0.1, 0.8, 0.1, 0.0]",True,stage2_ext_001_obj_1,"[-127.54582977294922, -20.826457977294922, -21.36916732788086, 0.0]",-31.55266761779785,True,True,True
19,acceptable_pareto,Acceptable Pareto Assignment,120,"[0.1, 0.9, 0.0, 0.0]",True,stage2_ext_001_obj_1,"[-127.54582977294922, -20.826457977294922, -21.36916732788086, 0.0]",-31.498395919799805,True,True,True
19,acceptable_pareto,Acceptable Pareto Assignment,121,"[0.2, 0.0, 0.0, 0.8]",True,stage2_ext_001_obj_1,"[-127.54582977294922, -20.826457977294922, -21.36916732788086, 0.0]",-25.509166717529297,True,True,True
19,acceptable_pareto,Acceptable Pareto Assignment,122,"[0.2, 0.0, 0.1, 0.7]",True,stage2_ext_001_obj_1,"[-127.54582977294922, -20.826457977294922, -21.36916732788086, 0.0]",-27.64608383178711,True,True,True
19,acceptable_pareto,Acceptable Pareto Assignment,123,"[0.2, 0.0, 0.2, 0.6]",True,stage2_ext_001_obj_1,"[-127.54582977294922, -20.826457977294922, -21.36916732788086, 0.0]",-29.783000946044922,True,True,True
19,acceptable_pareto,Acceptable Pareto Assignment,124,"[0.2, 0.0, 0.3, 0.5]",True,stage2_ext_001_obj_1,"[-127.54582977294922, -20.826457977294922, -21.36916732788086, 0.0]",-31.919918060302734,True,True,True
19,acceptable_pareto,Acceptable Pareto Assignment,125,"[0.2, 0.0, 0.4, 0.4]",True,stage2_ext_001_obj_1,"[-127.54582977294922, -20.826457977294922, -21.36916732788086, 0.0]",-34.05683517456055,True,True,True
19,acceptable_pareto,Acceptable Pareto Assignment,126,"[0.2, 0.0, 0.5, 0.3]",True,stage2_ext_001_obj_1,"[-127.54582977294922, -20.826457977294922, -21.36916732788086, 0.0]",-36.193748474121094,True,True,True
19,acceptable_pareto,Acceptable Pareto Assignment,127,"[0.2, 0.0, 0.6, 0.2]",True,stage2_ext_001_obj_1,"[-127.54582977294922, -20.826457977294922, -21.36916732788086, 0.0]",-38.330665588378906,True,True,True
19,acceptable_pareto,Acceptable Pareto Assignment,128,"[0.2, 0.0, 0.7, 0.1]",True,stage2_ext_002_obj_2,"[-131.79165649414062, -20.956249237060547, -20.058334350585938, 0.0]",-40.399166107177734,True,True,True
19,acceptable_pareto,Acceptable Pareto Assignment,129,"[0.2, 0.0, 0.8, 0.0]",True,stage2_ext_002_obj_2,"[-131.79165649414062, -20.956249237060547, -20.058334350585938, 0.0]",-42.404998779296875,True,True,True
19,acceptable_pareto,Acceptable Pareto Assignment,130,"[0.2, 0.1, 0.0, 0.7]",True,stage2_ext_001_obj_1,"[-127.54582977294922, -20.826457977294922, -21.36916732788086, 0.0]",-27.591812133789062,True,True,True
19,acceptable_pareto,Acceptable Pareto Assignment,131,"[0.2, 0.1, 0.1, 0.6]",True,stage2_ext_001_obj_1,"[-127.54582977294922, -20.826457977294922, -21.36916732788086, 0.0]",-29.728729248046875,True,True,True
19,acceptable_pareto,Acceptable Pareto Assignment,132,"[0.2, 0.1, 0.2, 0.5]",True,stage2_ext_001_obj_1,"[-127.54582977294922, -20.826457977294922, -21.36916732788086, 0.0]",-31.865646362304688,True,True,True
19,acceptable_pareto,Acceptable Pareto Assignment,133,"[0.2, 0.1, 0.3, 0.4]",True,stage2_ext_001_obj_1,"[-127.54582977294922, -20.826457977294922, -21.36916732788086, 0.0]",-34.0025634765625,True,True,True
19,acceptable_pareto,Acceptable Pareto Assignment,134,"[0.2, 0.1, 0.4, 0.3]",True,stage2_ext_001_obj_1,"[-127.54582977294922, -20.826457977294922, -21.36916732788086, 0.0]",-36.13948059082031,True,True,True
19,acceptable_pareto,Acceptable Pareto Assignment,135,"[0.2, 0.1, 0.5, 0.2]",True,stage2_ext_001_obj_1,"[-127.54582977294922, -20.826457977294922, -21.36916732788086, 0.0]",-38.276397705078125,True,True,True
19,acceptable_pareto,Acceptable Pareto Assignment,136,"[0.2, 0.1, 0.6, 0.1]",True,stage2_ext_001_obj_1,"[-127.54582977294922, -20.826457977294922, -21.36916732788086, 0.0]",-40.41331481933594,True,True,True
19,acceptable_pareto,Acceptable Pareto Assignment,137,"[0.2, 0.1, 0.7, 0.0]",True,stage2_ext_002_obj_2,"[-131.79165649414062, -20.956249237060547, -20.058334350585938, 0.0]",-42.494789123535156,True,True,True
19,acceptable_pareto,Acceptable Pareto Assignment,138,"[0.2, 0.2, 0.0, 0.6]",True,stage2_ext_001_obj_1,"[-127.54582977294922, -20.826457977294922, -21.36916732788086, 0.0]",-29.674457550048828,True,True,True
19,acceptable_pareto,Acceptable Pareto Assignment,139,"[0.2, 0.2, 0.1, 0.5]",True,stage2_ext_001_obj_1,"[-127.54582977294922, -20.826457977294922, -21.36916732788086, 0.0]",-31.81137466430664,True,True,True
19,acceptable_pareto,Acceptable Pareto Assignment,140,"[0.2, 0.2, 0.2, 0.4]",True,stage2_ext_001_obj_1,"[-127.54582977294922, -20.826457977294922, -21.36916732788086, 0.0]",-33.94829177856445,True,True,True
19,acceptable_pareto,Acceptable Pareto Assignment,141,"[0.2, 0.2, 0.3, 0.3]",True,stage2_ext_001_obj_1,"[-127.54582977294922, -20.826457977294922, -21.36916732788086, 0.0]",-36.085208892822266,True,True,True
19,acceptable_pareto,Acceptable Pareto Assignment,142,"[0.2, 0.2, 0.4, 0.2]",True,stage2_ext_001_obj_1,"[-127.54582977294922, -20.826457977294922, -21.36916732788086, 0.0]",-38.22212600708008,True,True,True
19,acceptable_pareto,Acceptable Pareto Assignment,143,"[0.2, 0.2, 0.5, 0.1]",True,stage2_ext_001_obj_1,"[-127.54582977294922, -20.826457977294922, -21.36916732788086, 0.0]",-40.359039306640625,True,True,True
19,acceptable_pareto,Acceptable Pareto Assignment,144,"[0.2, 0.2, 0.6, 0.0]",True,stage2_ext_001_obj_1,"[-127.54582977294922, -20.826457977294922, -21.36916732788086, 0.0]",-42.49595642089844,True,True,True
19,acceptable_pareto,Acceptable Pareto Assignment,145,"[0.2, 0.3, 0.0, 0.5]",True,stage2_ext_001_obj_1,"[-127.54582977294922, -20.826457977294922, -21.36916732788086, 0.0]",-31.757104873657227,True,True,True
19,acceptable_pareto,Acceptable Pareto Assignment,146,"[0.2, 0.3, 0.1, 0.4]",True,stage2_ext_001_obj_1,"[-127.54582977294922, -20.826457977294922, -21.36916732788086, 0.0]",-33.894020080566406,True,True,True
19,acceptable_pareto,Acceptable Pareto Assignment,147,"[0.2, 0.3, 0.2, 0.3]",True,stage2_ext_001_obj_1,"[-127.54582977294922, -20.826457977294922, -21.36916732788086, 0.0]",-36.03093719482422,True,True,True
19,acceptable_pareto,Acceptable Pareto Assignment,148,"[0.2, 0.3, 0.3, 0.2]",True,stage2_ext_001_obj_1,"[-127.54582977294922, -20.826457977294922, -21.36916732788086, 0.0]",-38.16785430908203,True,True,True
19,acceptable_pareto,Acceptable Pareto Assignment,149,"[0.2, 0.3, 0.4, 0.1]",True,stage2_ext_001_obj_1,"[-127.54582977294922, -20.826457977294922, -21.36916732788086, 0.0]",-40.304771423339844,True,True,True
19,acceptable_pareto,Acceptable Pareto Assignment,150,"[0.2, 0.3, 0.5, 0.0]",True,stage2_ext_001_obj_1,"[-127.54582977294922, -20.826457977294922, -21.36916732788086, 0.0]",-42.441688537597656,True,True,True
19,acceptable_pareto,Acceptable Pareto Assignment,151,"[0.2, 0.4, 0.0, 0.4]",True,stage2_ext_001_obj_1,"[-127.54582977294922, -20.826457977294922, -21.36916732788086, 0.0]",-33.839752197265625,True,True,True
19,acceptable_pareto,Acceptable Pareto Assignment,152,"[0.2, 0.4, 0.1, 0.3]",True,stage2_ext_001_obj_1,"[-127.54582977294922, -20.826457977294922, -21.36916732788086, 0.0]",-35.97666931152344,True,True,True
19,acceptable_pareto,Acceptable Pareto Assignment,153,"[0.2, 0.4, 0.2, 0.2]",True,stage2_ext_001_obj_1,"[-127.54582977294922, -20.826457977294922, -21.36916732788086, 0.0]",-38.11358642578125,True,True,True
19,acceptable_pareto,Acceptable Pareto Assignment,154,"[0.2, 0.4, 0.3, 0.1]",True,stage2_ext_001_obj_1,"[-127.54582977294922, -20.826457977294922, -21.36916732788086, 0.0]",-40.25050354003906,True,True,True
19,acceptable_pareto,Acceptable Pareto Assignment,155,"[0.2, 0.4, 0.4, 0.0]",True,stage2_ext_001_obj_1,"[-127.54582977294922, -20.826457977294922, -21.36916732788086, 0.0]",-42.387420654296875,True,True,True
19,acceptable_pareto,Acceptable Pareto Assignment,156,"[0.2, 0.5, 0.0, 0.3]",True,stage2_ext_001_obj_1,"[-127.54582977294922, -20.826457977294922, -21.36916732788086, 0.0]",-35.922393798828125,True,True,True
19,acceptable_pareto,Acceptable Pareto Assignment,157,"[0.2, 0.5, 0.1, 0.2]",True,stage2_ext_001_obj_1,"[-127.54582977294922, -20.826457977294922, -21.36916732788086, 0.0]",-38.05931091308594,True,True,True
19,acceptable_pareto,Acceptable Pareto Assignment,158,"[0.2, 0.5, 0.2, 0.1]",True,stage2_ext_001_obj_1,"[-127.54582977294922, -20.826457977294922, -21.36916732788086, 0.0]",-40.19622802734375,True,True,True
19,acceptable_pareto,Acceptable Pareto Assignment,159,"[0.2, 0.5, 0.3, 0.0]",True,stage2_ext_001_obj_1,"[-127.54582977294922, -20.826457977294922, -21.36916732788086, 0.0]",-42.33314514160156,True,True,True
19,acceptable_pareto,Acceptable Pareto Assignment,160,"[0.2, 0.6, 0.0, 0.2]",True,stage2_ext_001_obj_1,"[-127.54582977294922, -20.826457977294922, -21.36916732788086, 0.0]",-38.005043029785156,True,True,True
19,acceptable_pareto,Acceptable Pareto Assignment,161,"[0.2, 0.6, 0.1, 0.1]",True,stage2_ext_001_obj_1,"[-127.54582977294922, -20.826457977294922, -21.36916732788086, 0.0]",-40.14196014404297,True,True,True
19,acceptable_pareto,Acceptable Pareto Assignment,162,"[0.2, 0.6, 0.2, 0.0]",True,stage2_ext_001_obj_1,"[-127.54582977294922, -20.826457977294922, -21.36916732788086, 0.0]",-42.27887725830078,True,True,True
19,acceptable_pareto,Acceptable Pareto Assignment,163,"[0.2, 0.7, 0.0, 0.1]",True,stage2_ext_001_obj_1,"[-127.54582977294922, -20.826457977294922, -21.36916732788086, 0.0]",-40.08768844604492,True,True,True
19,acceptable_pareto,Acceptable Pareto Assignment,164,"[0.2, 0.7, 0.1, 0.0]",True,stage2_ext_001_obj_1,"[-127.54582977294922, -20.826457977294922, -21.36916732788086, 0.0]",-42.224605560302734,True,True,True
19,acceptable_pareto,Acceptable Pareto Assignment,165,"[0.2, 0.8, 0.0, 0.0]",True,stage2_ext_001_obj_1,"[-127.54582977294922, -20.826457977294922, -21.36916732788086, 0.0]",-42.17033386230469,True,True,True
19,acceptable_pareto,Acceptable Pareto Assignment,166,"[0.3, 0.0, 0.0, 0.7]",True,stage2_ext_001_obj_1,"[-127.54582977294922, -20.826457977294922, -21.36916732788086, 0.0]",-38.26375198364258,True,True,True
19,acceptable_pareto,Acceptable Pareto Assignment,167,"[0.3, 0.0, 0.1, 0.6]",True,stage2_ext_001_obj_1,"[-127.54582977294922, -20.826457977294922, -21.36916732788086, 0.0]",-40.40066909790039,True,True,True
19,acceptable_pareto,Acceptable Pareto Assignment,168,"[0.3, 0.0, 0.2, 0.5]",True,stage2_ext_001_obj_1,"[-127.54582977294922, -20.826457977294922, -21.36916732788086, 0.0]",-42.5375862121582,True,True,True
19,acceptable_pareto,Acceptable Pareto Assignment,169,"[0.3, 0.0, 0.3, 0.4]",True,stage2_ext_001_obj_1,"[-127.54582977294922, -20.826457977294922, -21.36916732788086, 0.0]",-44.674503326416016,True,True,True
19,acceptable_pareto,Acceptable Pareto Assignment,170,"[0.3, 0.0, 0.4, 0.3]",True,stage2_ext_001_obj_1,"[-127.54582977294922, -20.826457977294922, -21.36916732788086, 0.0]",-46.81142044067383,True,True,True
19,acceptable_pareto,Acceptable Pareto Assignment,171,"[0.3, 0.0, 0.5, 0.2]",True,stage2_ext_001_obj_1,"[-127.54582977294922, -20.826457977294922, -21.36916732788086, 0.0]",-48.948333740234375,True,True,True
19,acceptable_pareto,Acceptable Pareto Assignment,172,"[0.3, 0.0, 0.6, 0.1]",True,stage2_ext_001_obj_1,"[-127.54582977294922, -20.826457977294922, -21.36916732788086, 0.0]",-51.08525085449219,True,True,True
19,acceptable_pareto,Acceptable Pareto Assignment,173,"[0.3, 0.0, 0.7, 0.0]",True,stage2_ext_001_obj_1,"[-127.54582977294922, -20.826457977294922, -21.36916732788086, 0.0]",-53.22216796875,True,True,True
19,acceptable_pareto,Acceptable Pareto Assignment,174,"[0.3, 0.1, 0.0, 0.6]",True,stage2_ext_001_obj_1,"[-127.54582977294922, -20.826457977294922, -21.36916732788086, 0.0]",-40.346397399902344,True,True,True
19,acceptable_pareto,Acceptable Pareto Assignment,175,"[0.3, 0.1, 0.1, 0.5]",True,stage2_ext_001_obj_1,"[-127.54582977294922, -20.826457977294922, -21.36916732788086, 0.0]",-42.483314514160156,True,True,True
19,acceptable_pareto,Acceptable Pareto Assignment,176,"[0.3, 0.1, 0.2, 0.4]",True,stage2_ext_001_obj_1,"[-127.54582977294922, -20.826457977294922, -21.36916732788086, 0.0]",-44.62023162841797,True,True,True
19,acceptable_pareto,Acceptable Pareto Assignment,177,"[0.3, 0.1, 0.3, 0.3]",True,stage2_ext_001_obj_1,"[-127.54582977294922, -20.826457977294922, -21.36916732788086, 0.0]",-46.75714874267578,True,True,True
19,acceptable_pareto,Acceptable Pareto Assignment,178,"[0.3, 0.1, 0.4, 0.2]",True,stage2_ext_001_obj_1,"[-127.54582977294922, -20.826457977294922, -21.36916732788086, 0.0]",-48.894065856933594,True,True,True
19,acceptable_pareto,Acceptable Pareto Assignment,179,"[0.3, 0.1, 0.5, 0.1]",True,stage2_ext_001_obj_1,"[-127.54582977294922, -20.826457977294922, -21.36916732788086, 0.0]",-51.030982971191406,True,True,True
19,acceptable_pareto,Acceptable Pareto Assignment,180,"[0.3, 0.1, 0.6, 0.0]",True,stage2_ext_001_obj_1,"[-127.54582977294922, -20.826457977294922, -21.36916732788086, 0.0]",-53.16790008544922,True,True,True
19,acceptable_pareto,Acceptable Pareto Assignment,181,"[0.3, 0.2, 0.0, 0.5]",True,stage2_ext_001_obj_1,"[-127.54582977294922, -20.826457977294922, -21.36916732788086, 0.0]",-42.42904281616211,True,True,True
19,acceptable_pareto,Acceptable Pareto Assignment,182,"[0.3, 0.2, 0.1, 0.4]",True,stage2_ext_001_obj_1,"[-127.54582977294922, -20.826457977294922, -21.36916732788086, 0.0]",-44.56595993041992,True,True,True
19,acceptable_pareto,Acceptable Pareto Assignment,183,"[0.3, 0.2, 0.2, 0.3]",True,stage2_ext_001_obj_1,"[-127.54582977294922, -20.826457977294922, -21.36916732788086, 0.0]",-46.702877044677734,True,True,True
19,acceptable_pareto,Acceptable Pareto Assignment,184,"[0.3, 0.2, 0.3, 0.2]",True,stage2_ext_001_obj_1,"[-127.54582977294922, -20.826457977294922, -21.36916732788086, 0.0]",-48.83979415893555,True,True,True
19,acceptable_pareto,Acceptable Pareto Assignment,185,"[0.3, 0.2, 0.4, 0.1]",True,stage2_ext_001_obj_1,"[-127.54582977294922, -20.826457977294922, -21.36916732788086, 0.0]",-50.97671127319336,True,True,True
19,acceptable_pareto,Acceptable Pareto Assignment,186,"[0.3, 0.2, 0.5, 0.0]",True,stage2_ext_001_obj_1,"[-127.54582977294922, -20.826457977294922, -21.36916732788086, 0.0]",-53.113624572753906,True,True,True
19,acceptable_pareto,Acceptable Pareto Assignment,187,"[0.3, 0.3, 0.0, 0.4]",True,stage2_ext_001_obj_1,"[-127.54582977294922, -20.826457977294922, -21.36916732788086, 0.0]",-44.511688232421875,True,True,True
19,acceptable_pareto,Acceptable Pareto Assignment,188,"[0.3, 0.3, 0.1, 0.3]",True,stage2_ext_001_obj_1,"[-127.54582977294922, -20.826457977294922, -21.36916732788086, 0.0]",-46.64860534667969,True,True,True
19,acceptable_pareto,Acceptable Pareto Assignment,189,"[0.3, 0.3, 0.2, 0.2]",True,stage2_ext_001_obj_1,"[-127.54582977294922, -20.826457977294922, -21.36916732788086, 0.0]",-48.7855224609375,True,True,True
19,acceptable_pareto,Acceptable Pareto Assignment,190,"[0.3, 0.3, 0.3, 0.1]",True,stage2_ext_001_obj_1,"[-127.54582977294922, -20.826457977294922, -21.36916732788086, 0.0]",-50.92243957519531,True,True,True
19,acceptable_pareto,Acceptable Pareto Assignment,191,"[0.3, 0.3, 0.4, 0.0]",True,stage2_ext_001_obj_1,"[-127.54582977294922, -20.826457977294922, -21.36916732788086, 0.0]",-53.059356689453125,True,True,True
19,acceptable_pareto,Acceptable Pareto Assignment,192,"[0.3, 0.4, 0.0, 0.3]",True,stage2_ext_001_obj_1,"[-127.54582977294922, -20.826457977294922, -21.36916732788086, 0.0]",-46.594337463378906,True,True,True
19,acceptable_pareto,Acceptable Pareto Assignment,193,"[0.3, 0.4, 0.1, 0.2]",True,stage2_ext_001_obj_1,"[-127.54582977294922, -20.826457977294922, -21.36916732788086, 0.0]",-48.73125457763672,True,True,True
19,acceptable_pareto,Acceptable Pareto Assignment,194,"[0.3, 0.4, 0.2, 0.1]",True,stage2_ext_001_obj_1,"[-127.54582977294922, -20.826457977294922, -21.36916732788086, 0.0]",-50.86817169189453,True,True,True
19,acceptable_pareto,Acceptable Pareto Assignment,195,"[0.3, 0.4, 0.3, 0.0]",True,stage2_ext_001_obj_1,"[-127.54582977294922, -20.826457977294922, -21.36916732788086, 0.0]",-53.005088806152344,True,True,True
19,acceptable_pareto,Acceptable Pareto Assignment,196,"[0.3, 0.5, 0.0, 0.2]",True,stage2_ext_001_obj_1,"[-127.54582977294922, -20.826457977294922, -21.36916732788086, 0.0]",-48.676979064941406,True,True,True
19,acceptable_pareto,Acceptable Pareto Assignment,197,"[0.3, 0.5, 0.1, 0.1]",True,stage2_ext_001_obj_1,"[-127.54582977294922, -20.826457977294922, -21.36916732788086, 0.0]",-50.81389617919922,True,True,True
19,acceptable_pareto,Acceptable Pareto Assignment,198,"[0.3, 0.5, 0.2, 0.0]",True,stage2_ext_001_obj_1,"[-127.54582977294922, -20.826457977294922, -21.36916732788086, 0.0]",-52.95081329345703,True,True,True
19,acceptable_pareto,Acceptable Pareto Assignment,199,"[0.3, 0.6, 0.0, 0.1]",True,stage2_ext_001_obj_1,"[-127.54582977294922, -20.826457977294922, -21.36916732788086, 0.0]",-50.75962829589844,True,True,True
19,acceptable_pareto,Acceptable Pareto Assignment,200,"[0.3, 0.6, 0.1, 0.0]",True,stage2_ext_001_obj_1,"[-127.54582977294922, -20.826457977294922, -21.36916732788086, 0.0]",-52.89654541015625,True,True,True
19,acceptable_pareto,Acceptable Pareto Assignment,201,"[0.3, 0.7, 0.0, 0.0]",True,stage2_ext_001_obj_1,"[-127.54582977294922, -20.826457977294922, -21.36916732788086, 0.0]",-52.8422737121582,True,True,True
19,acceptable_pareto,Acceptable Pareto Assignment,202,"[0.4, 0.0, 0.0, 0.6]",True,stage2_ext_001_obj_1,"[-127.54582977294922, -20.826457977294922, -21.36916732788086, 0.0]",-51.018333435058594,True,True,True
19,acceptable_pareto,Acceptable Pareto Assignment,203,"[0.4, 0.0, 0.1, 0.5]",True,stage2_ext_001_obj_1,"[-127.54582977294922, -20.826457977294922, -21.36916732788086, 0.0]",-53.155250549316406,True,True,True
19,acceptable_pareto,Acceptable Pareto Assignment,204,"[0.4, 0.0, 0.2, 0.4]",True,stage2_ext_001_obj_1,"[-127.54582977294922, -20.826457977294922, -21.36916732788086, 0.0]",-55.29216766357422,True,True,True
19,acceptable_pareto,Acceptable Pareto Assignment,205,"[0.4, 0.0, 0.3, 0.3]",True,stage2_ext_001_obj_1,"[-127.54582977294922, -20.826457977294922, -21.36916732788086, 0.0]",-57.42908477783203,True,True,True
19,acceptable_pareto,Acceptable Pareto Assignment,206,"[0.4, 0.0, 0.4, 0.2]",True,stage2_ext_001_obj_1,"[-127.54582977294922, -20.826457977294922, -21.36916732788086, 0.0]",-59.566001892089844,True,True,True
19,acceptable_pareto,Acceptable Pareto Assignment,207,"[0.4, 0.0, 0.5, 0.1]",True,stage2_ext_001_obj_1,"[-127.54582977294922, -20.826457977294922, -21.36916732788086, 0.0]",-61.702919006347656,True,True,True
19,acceptable_pareto,Acceptable Pareto Assignment,208,"[0.4, 0.0, 0.6, 0.0]",True,stage2_ext_001_obj_1,"[-127.54582977294922, -20.826457977294922, -21.36916732788086, 0.0]",-63.83983612060547,True,True,True
19,acceptable_pareto,Acceptable Pareto Assignment,209,"[0.4, 0.1, 0.0, 0.5]",True,stage2_ext_001_obj_1,"[-127.54582977294922, -20.826457977294922, -21.36916732788086, 0.0]",-53.10097885131836,True,True,True
19,acceptable_pareto,Acceptable Pareto Assignment,210,"[0.4, 0.1, 0.1, 0.4]",True,stage2_ext_001_obj_1,"[-127.54582977294922, -20.826457977294922, -21.36916732788086, 0.0]",-55.23789596557617,True,True,True
19,acceptable_pareto,Acceptable Pareto Assignment,211,"[0.4, 0.1, 0.2, 0.3]",True,stage2_ext_001_obj_1,"[-127.54582977294922, -20.826457977294922, -21.36916732788086, 0.0]",-57.374813079833984,True,True,True
19,acceptable_pareto,Acceptable Pareto Assignment,212,"[0.4, 0.1, 0.3, 0.2]",True,stage2_ext_001_obj_1,"[-127.54582977294922, -20.826457977294922, -21.36916732788086, 0.0]",-59.5117301940918,True,True,True
19,acceptable_pareto,Acceptable Pareto Assignment,213,"[0.4, 0.1, 0.4, 0.1]",True,stage2_ext_001_obj_1,"[-127.54582977294922, -20.826457977294922, -21.36916732788086, 0.0]",-61.64864730834961,True,True,True
19,acceptable_pareto,Acceptable Pareto Assignment,214,"[0.4, 0.1, 0.5, 0.0]",True,stage2_ext_001_obj_1,"[-127.54582977294922, -20.826457977294922, -21.36916732788086, 0.0]",-63.785560607910156,True,True,True
19,acceptable_pareto,Acceptable Pareto Assignment,215,"[0.4, 0.2, 0.0, 0.4]",True,stage2_ext_001_obj_1,"[-127.54582977294922, -20.826457977294922, -21.36916732788086, 0.0]",-55.183624267578125,True,True,True
19,acceptable_pareto,Acceptable Pareto Assignment,216,"[0.4, 0.2, 0.1, 0.3]",True,stage2_ext_001_obj_1,"[-127.54582977294922, -20.826457977294922, -21.36916732788086, 0.0]",-57.32054138183594,True,True,True
19,acceptable_pareto,Acceptable Pareto Assignment,217,"[0.4, 0.2, 0.2, 0.2]",True,stage2_ext_001_obj_1,"[-127.54582977294922, -20.826457977294922, -21.36916732788086, 0.0]",-59.45745849609375,True,True,True
19,acceptable_pareto,Acceptable Pareto Assignment,218,"[0.4, 0.2, 0.3, 0.1]",True,stage2_ext_001_obj_1,"[-127.54582977294922, -20.826457977294922, -21.36916732788086, 0.0]",-61.59437561035156,True,True,True
19,acceptable_pareto,Acceptable Pareto Assignment,219,"[0.4, 0.2, 0.4, 0.0]",True,stage2_ext_001_obj_1,"[-127.54582977294922, -20.826457977294922, -21.36916732788086, 0.0]",-63.731292724609375,True,True,True
19,acceptable_pareto,Acceptable Pareto Assignment,220,"[0.4, 0.3, 0.0, 0.3]",True,stage2_ext_001_obj_1,"[-127.54582977294922, -20.826457977294922, -21.36916732788086, 0.0]",-57.26626968383789,True,True,True
19,acceptable_pareto,Acceptable Pareto Assignment,221,"[0.4, 0.3, 0.1, 0.2]",True,stage2_ext_001_obj_1,"[-127.54582977294922, -20.826457977294922, -21.36916732788086, 0.0]",-59.4031867980957,True,True,True
19,acceptable_pareto,Acceptable Pareto Assignment,222,"[0.4, 0.3, 0.2, 0.1]",True,stage2_ext_001_obj_1,"[-127.54582977294922, -20.826457977294922, -21.36916732788086, 0.0]",-61.540103912353516,True,True,True
19,acceptable_pareto,Acceptable Pareto Assignment,223,"[0.4, 0.3, 0.3, 0.0]",True,stage2_ext_001_obj_1,"[-127.54582977294922, -20.826457977294922, -21.36916732788086, 0.0]",-63.67702102661133,True,True,True
19,acceptable_pareto,Acceptable Pareto Assignment,224,"[0.4, 0.4, 0.0, 0.2]",True,stage2_ext_001_obj_1,"[-127.54582977294922, -20.826457977294922, -21.36916732788086, 0.0]",-59.348915100097656,True,True,True
19,acceptable_pareto,Acceptable Pareto Assignment,225,"[0.4, 0.4, 0.1, 0.1]",True,stage2_ext_001_obj_1,"[-127.54582977294922, -20.826457977294922, -21.36916732788086, 0.0]",-61.48583221435547,True,True,True
19,acceptable_pareto,Acceptable Pareto Assignment,226,"[0.4, 0.4, 0.2, 0.0]",True,stage2_ext_001_obj_1,"[-127.54582977294922, -20.826457977294922, -21.36916732788086, 0.0]",-63.62274932861328,True,True,True
19,acceptable_pareto,Acceptable Pareto Assignment,227,"[0.4, 0.5, 0.0, 0.1]",True,stage2_ext_001_obj_1,"[-127.54582977294922, -20.826457977294922, -21.36916732788086, 0.0]",-61.43156433105469,True,True,True
19,acceptable_pareto,Acceptable Pareto Assignment,228,"[0.4, 0.5, 0.1, 0.0]",True,stage2_ext_001_obj_1,"[-127.54582977294922, -20.826457977294922, -21.36916732788086, 0.0]",-63.5684814453125,True,True,True
19,acceptable_pareto,Acceptable Pareto Assignment,229,"[0.4, 0.6, 0.0, 0.0]",True,stage2_ext_001_obj_1,"[-127.54582977294922, -20.826457977294922, -21.36916732788086, 0.0]",-63.51420974731445,True,True,True
19,acceptable_pareto,Acceptable Pareto Assignment,230,"[0.5, 0.0, 0.0, 0.5]",True,stage2_ext_001_obj_1,"[-127.54582977294922, -20.826457977294922, -21.36916732788086, 0.0]",-63.77291488647461,True,True,True
19,acceptable_pareto,Acceptable Pareto Assignment,231,"[0.5, 0.0, 0.1, 0.4]",True,stage2_ext_001_obj_1,"[-127.54582977294922, -20.826457977294922, -21.36916732788086, 0.0]",-65.90982818603516,True,True,True
19,acceptable_pareto,Acceptable Pareto Assignment,232,"[0.5, 0.0, 0.2, 0.3]",True,stage2_ext_001_obj_1,"[-127.54582977294922, -20.826457977294922, -21.36916732788086, 0.0]",-68.04674530029297,True,True,True
19,acceptable_pareto,Acceptable Pareto Assignment,233,"[0.5, 0.0, 0.3, 0.2]",True,stage2_ext_001_obj_1,"[-127.54582977294922, -20.826457977294922, -21.36916732788086, 0.0]",-70.18366241455078,True,True,True
19,acceptable_pareto,Acceptable Pareto Assignment,234,"[0.5, 0.0, 0.4, 0.1]",True,stage2_ext_001_obj_1,"[-127.54582977294922, -20.826457977294922, -21.36916732788086, 0.0]",-72.3205795288086,True,True,True
19,acceptable_pareto,Acceptable Pareto Assignment,235,"[0.5, 0.0, 0.5, 0.0]",True,stage2_ext_001_obj_1,"[-127.54582977294922, -20.826457977294922, -21.36916732788086, 0.0]",-74.4574966430664,True,True,True
19,acceptable_pareto,Acceptable Pareto Assignment,236,"[0.5, 0.1, 0.0, 0.4]",True,stage2_ext_001_obj_1,"[-127.54582977294922, -20.826457977294922, -21.36916732788086, 0.0]",-65.85556030273438,True,True,True
19,acceptable_pareto,Acceptable Pareto Assignment,237,"[0.5, 0.1, 0.1, 0.3]",True,stage2_ext_001_obj_1,"[-127.54582977294922, -20.826457977294922, -21.36916732788086, 0.0]",-67.99247741699219,True,True,True
19,acceptable_pareto,Acceptable Pareto Assignment,238,"[0.5, 0.1, 0.2, 0.2]",True,stage2_ext_001_obj_1,"[-127.54582977294922, -20.826457977294922, -21.36916732788086, 0.0]",-70.12939453125,True,True,True
19,acceptable_pareto,Acceptable Pareto Assignment,239,"[0.5, 0.1, 0.3, 0.1]",True,stage2_ext_001_obj_1,"[-127.54582977294922, -20.826457977294922, -21.36916732788086, 0.0]",-72.26631164550781,True,True,True
19,acceptable_pareto,Acceptable Pareto Assignment,240,"[0.5, 0.1, 0.4, 0.0]",True,stage2_ext_001_obj_1,"[-127.54582977294922, -20.826457977294922, -21.36916732788086, 0.0]",-74.40322875976562,True,True,True
19,acceptable_pareto,Acceptable Pareto Assignment,241,"[0.5, 0.2, 0.0, 0.3]",True,stage2_ext_001_obj_1,"[-127.54582977294922, -20.826457977294922, -21.36916732788086, 0.0]",-67.9382095336914,True,True,True
19,acceptable_pareto,Acceptable Pareto Assignment,242,"[0.5, 0.2, 0.1, 0.2]",True,stage2_ext_001_obj_1,"[-127.54582977294922, -20.826457977294922, -21.36916732788086, 0.0]",-70.07512664794922,True,True,True
19,acceptable_pareto,Acceptable Pareto Assignment,243,"[0.5, 0.2, 0.2, 0.1]",True,stage2_ext_001_obj_1,"[-127.54582977294922, -20.826457977294922, -21.36916732788086, 0.0]",-72.21204376220703,True,True,True
19,acceptable_pareto,Acceptable Pareto Assignment,244,"[0.5, 0.2, 0.3, 0.0]",True,stage2_ext_001_obj_1,"[-127.54582977294922, -20.826457977294922, -21.36916732788086, 0.0]",-74.34896087646484,True,True,True
19,acceptable_pareto,Acceptable Pareto Assignment,245,"[0.5, 0.3, 0.0, 0.2]",True,stage2_ext_001_obj_1,"[-127.54582977294922, -20.826457977294922, -21.36916732788086, 0.0]",-70.0208511352539,True,True,True
19,acceptable_pareto,Acceptable Pareto Assignment,246,"[0.5, 0.3, 0.1, 0.1]",True,stage2_ext_001_obj_1,"[-127.54582977294922, -20.826457977294922, -21.36916732788086, 0.0]",-72.15776824951172,True,True,True
19,acceptable_pareto,Acceptable Pareto Assignment,247,"[0.5, 0.3, 0.2, 0.0]",True,stage2_ext_001_obj_1,"[-127.54582977294922, -20.826457977294922, -21.36916732788086, 0.0]",-74.29468536376953,True,True,True
19,acceptable_pareto,Acceptable Pareto Assignment,248,"[0.5, 0.4, 0.0, 0.1]",True,stage2_ext_001_obj_1,"[-127.54582977294922, -20.826457977294922, -21.36916732788086, 0.0]",-72.10350036621094,True,True,True
19,acceptable_pareto,Acceptable Pareto Assignment,249,"[0.5, 0.4, 0.1, 0.0]",True,stage2_ext_001_obj_1,"[-127.54582977294922, -20.826457977294922, -21.36916732788086, 0.0]",-74.24041748046875,True,True,True
19,acceptable_pareto,Acceptable Pareto Assignment,250,"[0.5, 0.5, 0.0, 0.0]",True,stage2_ext_001_obj_1,"[-127.54582977294922, -20.826457977294922, -21.36916732788086, 0.0]",-74.18614196777344,True,True,True
19,acceptable_pareto,Acceptable Pareto Assignment,251,"[0.6, 0.0, 0.0, 0.4]",True,stage2_ext_001_obj_1,"[-127.54582977294922, -20.826457977294922, -21.36916732788086, 0.0]",-76.52750396728516,True,True,True
19,acceptable_pareto,Acceptable Pareto Assignment,252,"[0.6, 0.0, 0.1, 0.3]",True,stage2_ext_001_obj_1,"[-127.54582977294922, -20.826457977294922, -21.36916732788086, 0.0]",-78.66442108154297,True,True,True
19,acceptable_pareto,Acceptable Pareto Assignment,253,"[0.6, 0.0, 0.2, 0.2]",True,stage2_ext_001_obj_1,"[-127.54582977294922, -20.826457977294922, -21.36916732788086, 0.0]",-80.80133819580078,True,True,True
19,acceptable_pareto,Acceptable Pareto Assignment,254,"[0.6, 0.0, 0.3, 0.1]",True,stage2_ext_001_obj_1,"[-127.54582977294922, -20.826457977294922, -21.36916732788086, 0.0]",-82.9382553100586,True,True,True
19,acceptable_pareto,Acceptable Pareto Assignment,255,"[0.6, 0.0, 0.4, 0.0]",True,stage2_ext_001_obj_1,"[-127.54582977294922, -20.826457977294922, -21.36916732788086, 0.0]",-85.0751724243164,True,True,True
19,acceptable_pareto,Acceptable Pareto Assignment,256,"[0.6, 0.1, 0.0, 0.3]",True,stage2_ext_001_obj_1,"[-127.54582977294922, -20.826457977294922, -21.36916732788086, 0.0]",-78.61015319824219,True,True,True
19,acceptable_pareto,Acceptable Pareto Assignment,257,"[0.6, 0.1, 0.1, 0.2]",True,stage2_ext_001_obj_1,"[-127.54582977294922, -20.826457977294922, -21.36916732788086, 0.0]",-80.7470703125,True,True,True
19,acceptable_pareto,Acceptable Pareto Assignment,258,"[0.6, 0.1, 0.2, 0.1]",True,stage2_ext_001_obj_1,"[-127.54582977294922, -20.826457977294922, -21.36916732788086, 0.0]",-82.88398742675781,True,True,True
19,acceptable_pareto,Acceptable Pareto Assignment,259,"[0.6, 0.1, 0.3, 0.0]",True,stage2_ext_001_obj_1,"[-127.54582977294922, -20.826457977294922, -21.36916732788086, 0.0]",-85.02090454101562,True,True,True
19,acceptable_pareto,Acceptable Pareto Assignment,260,"[0.6, 0.2, 0.0, 0.2]",True,stage2_ext_001_obj_1,"[-127.54582977294922, -20.826457977294922, -21.36916732788086, 0.0]",-80.69279479980469,True,True,True
19,acceptable_pareto,Acceptable Pareto Assignment,261,"[0.6, 0.2, 0.1, 0.1]",True,stage2_ext_001_obj_1,"[-127.54582977294922, -20.826457977294922, -21.36916732788086, 0.0]",-82.8297119140625,True,True,True
19,acceptable_pareto,Acceptable Pareto Assignment,262,"[0.6, 0.2, 0.2, 0.0]",True,stage2_ext_001_obj_1,"[-127.54582977294922, -20.826457977294922, -21.36916732788086, 0.0]",-84.96662902832031,True,True,True
19,acceptable_pareto,Acceptable Pareto Assignment,263,"[0.6, 0.3, 0.0, 0.1]",True,stage2_ext_001_obj_1,"[-127.54582977294922, -20.826457977294922, -21.36916732788086, 0.0]",-82.77544403076172,True,True,True
19,acceptable_pareto,Acceptable Pareto Assignment,264,"[0.6, 0.3, 0.1, 0.0]",True,stage2_ext_001_obj_1,"[-127.54582977294922, -20.826457977294922, -21.36916732788086, 0.0]",-84.91236114501953,True,True,True
19,acceptable_pareto,Acceptable Pareto Assignment,265,"[0.6, 0.4, 0.0, 0.0]",True,stage2_ext_001_obj_1,"[-127.54582977294922, -20.826457977294922, -21.36916732788086, 0.0]",-84.85808563232422,True,True,True
19,acceptable_pareto,Acceptable Pareto Assignment,266,"[0.7, 0.0, 0.0, 0.3]",True,stage2_ext_001_obj_1,"[-127.54582977294922, -20.826457977294922, -21.36916732788086, 0.0]",-89.2820816040039,True,True,True
19,acceptable_pareto,Acceptable Pareto Assignment,267,"[0.7, 0.0, 0.1, 0.2]",True,stage2_ext_001_obj_1,"[-127.54582977294922, -20.826457977294922, -21.36916732788086, 0.0]",-91.41899871826172,True,True,True
19,acceptable_pareto,Acceptable Pareto Assignment,268,"[0.7, 0.0, 0.2, 0.1]",True,stage2_ext_001_obj_1,"[-127.54582977294922, -20.826457977294922, -21.36916732788086, 0.0]",-93.55591583251953,True,True,True
19,acceptable_pareto,Acceptable Pareto Assignment,269,"[0.7, 0.0, 0.3, 0.0]",True,stage2_ext_001_obj_1,"[-127.54582977294922, -20.826457977294922, -21.36916732788086, 0.0]",-95.69283294677734,True,True,True
19,acceptable_pareto,Acceptable Pareto Assignment,270,"[0.7, 0.1, 0.0, 0.2]",True,stage2_ext_001_obj_1,"[-127.54582977294922, -20.826457977294922, -21.36916732788086, 0.0]",-91.36473083496094,True,True,True
19,acceptable_pareto,Acceptable Pareto Assignment,271,"[0.7, 0.1, 0.1, 0.1]",True,stage2_ext_001_obj_1,"[-127.54582977294922, -20.826457977294922, -21.36916732788086, 0.0]",-93.50164794921875,True,True,True
19,acceptable_pareto,Acceptable Pareto Assignment,272,"[0.7, 0.1, 0.2, 0.0]",True,stage2_ext_001_obj_1,"[-127.54582977294922, -20.826457977294922, -21.36916732788086, 0.0]",-95.63856506347656,True,True,True
19,acceptable_pareto,Acceptable Pareto Assignment,273,"[0.7, 0.2, 0.0, 0.1]",True,stage2_ext_001_obj_1,"[-127.54582977294922, -20.826457977294922, -21.36916732788086, 0.0]",-93.44737243652344,True,True,True
19,acceptable_pareto,Acceptable Pareto Assignment,274,"[0.7, 0.2, 0.1, 0.0]",True,stage2_ext_001_obj_1,"[-127.54582977294922, -20.826457977294922, -21.36916732788086, 0.0]",-95.58428955078125,True,True,True
19,acceptable_pareto,Acceptable Pareto Assignment,275,"[0.7, 0.3, 0.0, 0.0]",True,stage2_ext_001_obj_1,"[-127.54582977294922, -20.826457977294922, -21.36916732788086, 0.0]",-95.53002166748047,True,True,True
19,acceptable_pareto,Acceptable Pareto Assignment,276,"[0.8, 0.0, 0.0, 0.2]",True,stage2_ext_001_obj_1,"[-127.54582977294922, -20.826457977294922, -21.36916732788086, 0.0]",-102.03666687011719,True,True,True
19,acceptable_pareto,Acceptable Pareto Assignment,277,"[0.8, 0.0, 0.1, 0.1]",True,stage2_ext_001_obj_1,"[-127.54582977294922, -20.826457977294922, -21.36916732788086, 0.0]",-104.173583984375,True,True,True
19,acceptable_pareto,Acceptable Pareto Assignment,278,"[0.8, 0.0, 0.2, 0.0]",True,stage2_ext_001_obj_1,"[-127.54582977294922, -20.826457977294922, -21.36916732788086, 0.0]",-106.31050109863281,True,True,True
19,acceptable_pareto,Acceptable Pareto Assignment,279,"[0.8, 0.1, 0.0, 0.1]",True,stage2_ext_001_obj_1,"[-127.54582977294922, -20.826457977294922, -21.36916732788086, 0.0]",-104.11931610107422,True,True,True
19,acceptable_pareto,Acceptable Pareto Assignment,280,"[0.8, 0.1, 0.1, 0.0]",True,stage2_ext_001_obj_1,"[-127.54582977294922, -20.826457977294922, -21.36916732788086, 0.0]",-106.25623321533203,True,True,True
19,acceptable_pareto,Acceptable Pareto Assignment,281,"[0.8, 0.2, 0.0, 0.0]",True,stage2_ext_001_obj_1,"[-127.54582977294922, -20.826457977294922, -21.36916732788086, 0.0]",-106.20195770263672,True,True,True
19,acceptable_pareto,Acceptable Pareto Assignment,282,"[0.9, 0.0, 0.0, 0.1]",True,stage2_ext_001_obj_1,"[-127.54582977294922, -20.826457977294922, -21.36916732788086, 0.0]",-114.79124450683594,True,True,True
19,acceptable_pareto,Acceptable Pareto Assignment,283,"[0.9, 0.0, 0.1, 0.0]",True,stage2_ext_001_obj_1,"[-127.54582977294922, -20.826457977294922, -21.36916732788086, 0.0]",-116.92816162109375,True,True,True
19,acceptable_pareto,Acceptable Pareto Assignment,284,"[0.9, 0.1, 0.0, 0.0]",True,stage2_ext_001_obj_1,"[-127.54582977294922, -20.826457977294922, -21.36916732788086, 0.0]",-116.87389373779297,True,True,True
19,acceptable_pareto,Acceptable Pareto Assignment,285,"[1.0, 0.0, 0.0, 0.0]",True,stage2_ext_001_obj_1,"[-127.54582977294922, -20.826457977294922, -21.36916732788086, 0.0]",-127.54582977294922,True,True,True
