method_name,seed,policy_id,candidate_label,episode_id,env_idx,env_seed,step_idx,rule_id,severity,blue_action_name,blue_target_hostname,blue_target_subnet,red_action_name,red_target_hostname,critical_state_before,critical_state_after,compromised_hosts_before,compromised_hosts_after,response_context
ours_stage2_fair,11,stage2_ext_016_obj_0,objective_selected,episode_000,0,11,52,Q2_user_action_during_critical_breach,high,DecoySvchost,User4,User,Impact,Op_Server0,"[""Op_Server0""]","[""Op_Server0""]","[""Enterprise2"", ""Op_Server0"", ""User0"", ""User3""]","[""Enterprise2"", ""Op_Server0"", ""User0"", ""User3""]","{""blue_first_relevant_response_after_critical"": 43, ""blue_first_relevant_response_after_enterprise"": 7, ""enterprise_foothold_step"": 5, ""first_critical_hit_step"": 42, ""window_end"": null, ""window_start"": null}"
ours_stage2_fair,11,stage2_ext_016_obj_0,objective_selected,episode_000,0,11,54,Q2_user_action_during_critical_breach,high,DecoyVsftpd,User0,User,Impact,Op_Server0,"[""Op_Server0""]","[""Op_Server0""]","[""Enterprise2"", ""Op_Server0"", ""User0"", ""User3""]","[""Enterprise2"", ""Op_Server0"", ""User0"", ""User3""]","{""blue_first_relevant_response_after_critical"": 43, ""blue_first_relevant_response_after_enterprise"": 7, ""enterprise_foothold_step"": 5, ""first_critical_hit_step"": 42, ""window_end"": null, ""window_start"": null}"
ours_stage2_fair,11,stage2_ext_016_obj_0,objective_selected,episode_000,0,11,56,Q2_user_action_during_critical_breach,high,DecoySmss,User4,User,Impact,Op_Server0,"[""Op_Server0""]","[""Op_Server0""]","[""Enterprise2"", ""Op_Server0"", ""User0"", ""User3""]","[""Enterprise2"", ""Op_Server0"", ""User0"", ""User3""]","{""blue_first_relevant_response_after_critical"": 43, ""blue_first_relevant_response_after_enterprise"": 7, ""enterprise_foothold_step"": 5, ""first_critical_hit_step"": 42, ""window_end"": null, ""window_start"": null}"
ours_stage2_fair,11,stage2_ext_016_obj_0,objective_selected,episode_000,0,11,57,Q2_user_action_during_critical_breach,high,DecoyVsftpd,User4,User,Impact,Op_Server0,"[""Op_Server0""]","[""Op_Server0""]","[""Enterprise2"", ""Op_Server0"", ""User0"", ""User3""]","[""Enterprise2"", ""Op_Server0"", ""User0"", ""User3""]","{""blue_first_relevant_response_after_critical"": 43, ""blue_first_relevant_response_after_enterprise"": 7, ""enterprise_foothold_step"": 5, ""first_critical_hit_step"": 42, ""window_end"": null, ""window_start"": null}"
ours_stage2_fair,11,stage2_ext_016_obj_0,objective_selected,episode_000,0,11,59,Q2_user_action_during_critical_breach,high,DecoyHarakaSMPT,User1,User,Impact,Op_Server0,"[""Op_Server0""]","[""Op_Server0""]","[""Enterprise2"", ""Op_Server0"", ""User0"", ""User3""]","[""Enterprise2"", ""Op_Server0"", ""User0"", ""User3""]","{""blue_first_relevant_response_after_critical"": 43, ""blue_first_relevant_response_after_enterprise"": 7, ""enterprise_foothold_step"": 5, ""first_critical_hit_step"": 42, ""window_end"": null, ""window_start"": null}"
ours_stage2_fair,11,stage2_ext_016_obj_0,objective_selected,episode_000,0,11,60,Q2_user_action_during_critical_breach,high,DecoyVsftpd,User0,User,Impact,Op_Server0,"[""Op_Server0""]","[""Op_Server0""]","[""Enterprise2"", ""Op_Server0"", ""User0"", ""User3""]","[""Enterprise2"", ""Op_Server0"", ""User0"", ""User3""]","{""blue_first_relevant_response_after_critical"": 43, ""blue_first_relevant_response_after_enterprise"": 7, ""enterprise_foothold_step"": 5, ""first_critical_hit_step"": 42, ""window_end"": null, ""window_start"": null}"
ours_stage2_fair,11,stage2_ext_016_obj_0,objective_selected,episode_000,0,11,62,Q2_user_action_during_critical_breach,high,DecoyHarakaSMPT,User1,User,Impact,Op_Server0,"[""Op_Server0""]","[""Op_Server0""]","[""Enterprise2"", ""Op_Server0"", ""User0"", ""User3""]","[""Enterprise2"", ""Op_Server0"", ""User0"", ""User3""]","{""blue_first_relevant_response_after_critical"": 43, ""blue_first_relevant_response_after_enterprise"": 7, ""enterprise_foothold_step"": 5, ""first_critical_hit_step"": 42, ""window_end"": null, ""window_start"": null}"
ours_stage2_fair,11,stage2_ext_016_obj_0,objective_selected,episode_000,0,11,68,Q2_user_action_during_critical_breach,high,Remove,User3,User,Impact,Op_Server0,"[""Op_Server0""]","[""Op_Server0""]","[""Op_Server0"", ""User0"", ""User3""]","[""Op_Server0"", ""User0"", ""User3""]","{""blue_first_relevant_response_after_critical"": 43, ""blue_first_relevant_response_after_enterprise"": 7, ""enterprise_foothold_step"": 5, ""first_critical_hit_step"": 42, ""window_end"": null, ""window_start"": null}"
ours_stage2_fair,11,stage2_ext_016_obj_0,objective_selected,episode_000,0,11,76,Q2_user_action_during_critical_breach,high,DecoyApache,User0,User,Impact,Op_Server0,"[""Op_Server0""]","[""Op_Server0""]","[""Op_Server0"", ""User0"", ""User3""]","[""Op_Server0"", ""User0"", ""User3""]","{""blue_first_relevant_response_after_critical"": 43, ""blue_first_relevant_response_after_enterprise"": 7, ""enterprise_foothold_step"": 5, ""first_critical_hit_step"": 42, ""window_end"": null, ""window_start"": null}"
ours_stage2_fair,11,stage2_ext_016_obj_0,objective_selected,episode_000,0,11,77,Q2_user_action_during_critical_breach,high,DecoyApache,User0,User,Impact,Op_Server0,"[""Op_Server0""]","[""Op_Server0""]","[""Op_Server0"", ""User0"", ""User3""]","[""Op_Server0"", ""User0"", ""User3""]","{""blue_first_relevant_response_after_critical"": 43, ""blue_first_relevant_response_after_enterprise"": 7, ""enterprise_foothold_step"": 5, ""first_critical_hit_step"": 42, ""window_end"": null, ""window_start"": null}"
ours_stage2_fair,11,stage2_ext_016_obj_0,objective_selected,episode_000,0,11,80,Q2_user_action_during_critical_breach,high,Remove,User3,User,Impact,Op_Server0,"[""Op_Server0""]","[""Op_Server0""]","[""Op_Server0"", ""User0"", ""User3""]","[""Op_Server0"", ""User0"", ""User3""]","{""blue_first_relevant_response_after_critical"": 43, ""blue_first_relevant_response_after_enterprise"": 7, ""enterprise_foothold_step"": 5, ""first_critical_hit_step"": 42, ""window_end"": null, ""window_start"": null}"
ours_stage2_fair,11,stage2_ext_016_obj_0,objective_selected,episode_000,0,11,81,Q2_user_action_during_critical_breach,high,DecoyTomcat,User4,User,Impact,Op_Server0,"[""Op_Server0""]","[""Op_Server0""]","[""Op_Server0"", ""User0"", ""User3""]","[""Op_Server0"", ""User0"", ""User3""]","{""blue_first_relevant_response_after_critical"": 43, ""blue_first_relevant_response_after_enterprise"": 7, ""enterprise_foothold_step"": 5, ""first_critical_hit_step"": 42, ""window_end"": null, ""window_start"": null}"
ours_stage2_fair,11,stage2_ext_016_obj_0,objective_selected,episode_000,0,11,91,Q2_user_action_during_critical_breach,high,DecoyApache,User4,User,Impact,Op_Server0,"[""Op_Server0""]","[""Op_Server0""]","[""Enterprise2"", ""Op_Server0"", ""User0"", ""User3""]","[""Enterprise2"", ""Op_Server0"", ""User0"", ""User3""]","{""blue_first_relevant_response_after_critical"": 43, ""blue_first_relevant_response_after_enterprise"": 7, ""enterprise_foothold_step"": 5, ""first_critical_hit_step"": 42, ""window_end"": null, ""window_start"": null}"
ours_stage2_fair,11,stage2_ext_016_obj_0,objective_selected,episode_000,0,11,94,Q2_user_action_during_critical_breach,high,Remove,User1,User,Impact,Op_Server0,"[""Op_Server0""]","[""Op_Server0""]","[""Enterprise2"", ""Op_Server0"", ""User0"", ""User3""]","[""Enterprise2"", ""Op_Server0"", ""User0"", ""User3""]","{""blue_first_relevant_response_after_critical"": 43, ""blue_first_relevant_response_after_enterprise"": 7, ""enterprise_foothold_step"": 5, ""first_critical_hit_step"": 42, ""window_end"": null, ""window_start"": null}"
ours_stage2_fair,11,stage2_ext_016_obj_0,objective_selected,episode_000,0,11,96,Q2_user_action_during_critical_breach,high,DecoySvchost,User2,User,Impact,Op_Server0,"[""Op_Server0""]","[""Op_Server0""]","[""Enterprise2"", ""Op_Server0"", ""User0"", ""User3""]","[""Enterprise2"", ""Op_Server0"", ""User0"", ""User3""]","{""blue_first_relevant_response_after_critical"": 43, ""blue_first_relevant_response_after_enterprise"": 7, ""enterprise_foothold_step"": 5, ""first_critical_hit_step"": 42, ""window_end"": null, ""window_start"": null}"
ours_stage2_fair,11,stage2_ext_016_obj_0,objective_selected,episode_000,0,11,97,Q2_user_action_during_critical_breach,high,DecoyFemitter,User4,User,Impact,Op_Server0,"[""Op_Server0""]","[""Op_Server0""]","[""Enterprise2"", ""Op_Server0"", ""User0"", ""User3""]","[""Enterprise2"", ""Op_Server0"", ""User0"", ""User3""]","{""blue_first_relevant_response_after_critical"": 43, ""blue_first_relevant_response_after_enterprise"": 7, ""enterprise_foothold_step"": 5, ""first_critical_hit_step"": 42, ""window_end"": null, ""window_start"": null}"
ours_stage2_fair,11,stage2_ext_016_obj_0,objective_selected,episode_000,0,11,98,Q2_user_action_during_critical_breach,high,Restore,User1,User,Impact,Op_Server0,"[""Op_Server0""]","[""Op_Server0""]","[""Enterprise2"", ""Op_Server0"", ""User0"", ""User3""]","[""Enterprise2"", ""Op_Server0"", ""User0"", ""User3""]","{""blue_first_relevant_response_after_critical"": 43, ""blue_first_relevant_response_after_enterprise"": 7, ""enterprise_foothold_step"": 5, ""first_critical_hit_step"": 42, ""window_end"": null, ""window_start"": null}"
ours_stage2_fair,11,stage2_ext_016_obj_0,objective_selected,episode_000,0,11,99,Q2_user_action_during_critical_breach,high,DecoyVsftpd,User0,User,Impact,Op_Server0,"[""Op_Server0""]","[""Op_Server0""]","[""Enterprise2"", ""Op_Server0"", ""User0"", ""User3""]","[""Enterprise2"", ""Op_Server0"", ""User0"", ""User3""]","{""blue_first_relevant_response_after_critical"": 43, ""blue_first_relevant_response_after_enterprise"": 7, ""enterprise_foothold_step"": 5, ""first_critical_hit_step"": 42, ""window_end"": null, ""window_start"": null}"
ours_stage2_fair,11,stage2_ext_016_obj_0,objective_selected,episode_000,0,11,96,Q4_user_focus_after_enterprise_foothold,medium,DecoySvchost,User2,User,Impact,Op_Server0,"[""Op_Server0""]","[""Op_Server0""]","[""Enterprise2"", ""Op_Server0"", ""User0"", ""User3""]","[""Enterprise2"", ""Op_Server0"", ""User0"", ""User3""]","{""blue_first_relevant_response_after_critical"": 43, ""blue_first_relevant_response_after_enterprise"": 7, ""enterprise_foothold_step"": 5, ""first_critical_hit_step"": 42, ""window_end"": 98, ""window_start"": 96}"
ours_stage2_fair,11,stage2_ext_016_obj_0,objective_selected,episode_000,0,11,97,Q4_user_focus_after_enterprise_foothold,medium,DecoyFemitter,User4,User,Impact,Op_Server0,"[""Op_Server0""]","[""Op_Server0""]","[""Enterprise2"", ""Op_Server0"", ""User0"", ""User3""]","[""Enterprise2"", ""Op_Server0"", ""User0"", ""User3""]","{""blue_first_relevant_response_after_critical"": 43, ""blue_first_relevant_response_after_enterprise"": 7, ""enterprise_foothold_step"": 5, ""first_critical_hit_step"": 42, ""window_end"": 99, ""window_start"": 97}"
ours_stage2_fair,11,stage2_ext_016_obj_0,objective_selected,episode_000,1,1011,13,Q2_user_action_during_critical_breach,high,DecoyFemitter,User2,User,PrivilegeEscalate,Op_Server0,"[""Op_Server0""]","[""Op_Server0""]","[""Enterprise0"", ""Op_Server0"", ""User0"", ""User4""]","[""Enterprise0"", ""Op_Server0"", ""User0"", ""User4""]","{""blue_first_relevant_response_after_critical"": 14, ""blue_first_relevant_response_after_enterprise"": 11, ""enterprise_foothold_step"": 5, ""first_critical_hit_step"": 12, ""window_end"": null, ""window_start"": null}"
ours_stage2_fair,11,stage2_ext_016_obj_0,objective_selected,episode_000,1,1011,19,Q2_user_action_during_critical_breach,high,DecoyApache,User0,User,Impact,Op_Server0,"[""Op_Server0""]","[""Op_Server0""]","[""Op_Server0"", ""User0"", ""User4""]","[""Op_Server0"", ""User0"", ""User4""]","{""blue_first_relevant_response_after_critical"": 14, ""blue_first_relevant_response_after_enterprise"": 11, ""enterprise_foothold_step"": 5, ""first_critical_hit_step"": 12, ""window_end"": null, ""window_start"": null}"
ours_stage2_fair,11,stage2_ext_016_obj_0,objective_selected,episode_000,1,1011,25,Q2_user_action_during_critical_breach,high,DecoySvchost,User0,User,Impact,Op_Server0,"[""Op_Server0""]","[""Op_Server0""]","[""Op_Server0"", ""User0"", ""User4""]","[""Op_Server0"", ""User0"", ""User4""]","{""blue_first_relevant_response_after_critical"": 14, ""blue_first_relevant_response_after_enterprise"": 11, ""enterprise_foothold_step"": 5, ""first_critical_hit_step"": 12, ""window_end"": null, ""window_start"": null}"
ours_stage2_fair,11,stage2_ext_016_obj_0,objective_selected,episode_000,1,1011,34,Q2_user_action_during_critical_breach,high,Restore,User4,User,PrivilegeEscalate,Op_Server0,"[""Op_Server0""]","[""Op_Server0""]","[""Enterprise2"", ""Op_Server0"", ""User0"", ""User4""]","[""Enterprise2"", ""Op_Server0"", ""User0""]","{""blue_first_relevant_response_after_critical"": 14, ""blue_first_relevant_response_after_enterprise"": 11, ""enterprise_foothold_step"": 5, ""first_critical_hit_step"": 12, ""window_end"": null, ""window_start"": null}"
ours_stage2_fair,11,stage2_ext_016_obj_0,objective_selected,episode_000,1,1011,42,Q2_user_action_during_critical_breach,high,DecoyVsftpd,User4,User,Impact,Op_Server0,"[""Op_Server0""]","[""Op_Server0""]","[""Op_Server0"", ""User0""]","[""Op_Server0"", ""User0""]","{""blue_first_relevant_response_after_critical"": 14, ""blue_first_relevant_response_after_enterprise"": 11, ""enterprise_foothold_step"": 5, ""first_critical_hit_step"": 12, ""window_end"": null, ""window_start"": null}"
ours_stage2_fair,11,stage2_ext_016_obj_0,objective_selected,episode_000,1,1011,43,Q2_user_action_during_critical_breach,high,DecoyVsftpd,User3,User,Impact,Op_Server0,"[""Op_Server0""]","[""Op_Server0""]","[""Op_Server0"", ""User0""]","[""Op_Server0"", ""User0""]","{""blue_first_relevant_response_after_critical"": 14, ""blue_first_relevant_response_after_enterprise"": 11, ""enterprise_foothold_step"": 5, ""first_critical_hit_step"": 12, ""window_end"": null, ""window_start"": null}"
ours_stage2_fair,11,stage2_ext_016_obj_0,objective_selected,episode_000,1,1011,44,Q2_user_action_during_critical_breach,high,Remove,User3,User,Impact,Op_Server0,"[""Op_Server0""]","[""Op_Server0""]","[""Op_Server0"", ""User0""]","[""Op_Server0"", ""User0""]","{""blue_first_relevant_response_after_critical"": 14, ""blue_first_relevant_response_after_enterprise"": 11, ""enterprise_foothold_step"": 5, ""first_critical_hit_step"": 12, ""window_end"": null, ""window_start"": null}"
ours_stage2_fair,11,stage2_ext_016_obj_0,objective_selected,episode_000,1,1011,46,Q2_user_action_during_critical_breach,high,DecoySvchost,User0,User,Impact,Op_Server0,"[""Op_Server0""]","[""Op_Server0""]","[""Op_Server0"", ""User0""]","[""Op_Server0"", ""User0""]","{""blue_first_relevant_response_after_critical"": 14, ""blue_first_relevant_response_after_enterprise"": 11, ""enterprise_foothold_step"": 5, ""first_critical_hit_step"": 12, ""window_end"": null, ""window_start"": null}"
ours_stage2_fair,11,stage2_ext_016_obj_0,objective_selected,episode_000,1,1011,50,Q2_user_action_during_critical_breach,high,DecoyApache,User0,User,Impact,Op_Server0,"[""Op_Server0""]","[""Op_Server0""]","[""Op_Server0"", ""User0""]","[""Op_Server0"", ""User0""]","{""blue_first_relevant_response_after_critical"": 14, ""blue_first_relevant_response_after_enterprise"": 11, ""enterprise_foothold_step"": 5, ""first_critical_hit_step"": 12, ""window_end"": null, ""window_start"": null}"
ours_stage2_fair,11,stage2_ext_016_obj_0,objective_selected,episode_000,1,1011,52,Q2_user_action_during_critical_breach,high,DecoySmss,User4,User,Impact,Op_Server0,"[""Op_Server0""]","[""Op_Server0""]","[""Op_Server0"", ""User0""]","[""Op_Server0"", ""User0""]","{""blue_first_relevant_response_after_critical"": 14, ""blue_first_relevant_response_after_enterprise"": 11, ""enterprise_foothold_step"": 5, ""first_critical_hit_step"": 12, ""window_end"": null, ""window_start"": null}"
ours_stage2_fair,11,stage2_ext_016_obj_0,objective_selected,episode_000,1,1011,54,Q2_user_action_during_critical_breach,high,DecoyVsftpd,User2,User,Impact,Op_Server0,"[""Op_Server0""]","[""Op_Server0""]","[""Op_Server0"", ""User0""]","[""Op_Server0"", ""User0""]","{""blue_first_relevant_response_after_critical"": 14, ""blue_first_relevant_response_after_enterprise"": 11, ""enterprise_foothold_step"": 5, ""first_critical_hit_step"": 12, ""window_end"": null, ""window_start"": null}"
ours_stage2_fair,11,stage2_ext_016_obj_0,objective_selected,episode_000,1,1011,57,Q2_user_action_during_critical_breach,high,DecoyVsftpd,User0,User,Impact,Op_Server0,"[""Op_Server0""]","[""Op_Server0""]","[""Op_Server0"", ""User0""]","[""Op_Server0"", ""User0""]","{""blue_first_relevant_response_after_critical"": 14, ""blue_first_relevant_response_after_enterprise"": 11, ""enterprise_foothold_step"": 5, ""first_critical_hit_step"": 12, ""window_end"": null, ""window_start"": null}"
ours_stage2_fair,11,stage2_ext_016_obj_0,objective_selected,episode_000,1,1011,62,Q2_user_action_during_critical_breach,high,DecoySvchost,User2,User,Impact,Op_Server0,"[""Op_Server0""]","[""Op_Server0""]","[""Op_Server0"", ""User0""]","[""Op_Server0"", ""User0""]","{""blue_first_relevant_response_after_critical"": 14, ""blue_first_relevant_response_after_enterprise"": 11, ""enterprise_foothold_step"": 5, ""first_critical_hit_step"": 12, ""window_end"": null, ""window_start"": null}"
ours_stage2_fair,11,stage2_ext_016_obj_0,objective_selected,episode_000,1,1011,64,Q2_user_action_during_critical_breach,high,DecoyFemitter,User2,User,Impact,Op_Server0,"[""Op_Server0""]","[""Op_Server0""]","[""Op_Server0"", ""User0""]","[""Op_Server0"", ""User0""]","{""blue_first_relevant_response_after_critical"": 14, ""blue_first_relevant_response_after_enterprise"": 11, ""enterprise_foothold_step"": 5, ""first_critical_hit_step"": 12, ""window_end"": null, ""window_start"": null}"
ours_stage2_fair,11,stage2_ext_016_obj_0,objective_selected,episode_000,1,1011,74,Q2_user_action_during_critical_breach,high,Restore,User4,User,Impact,Op_Server0,"[""Op_Server0""]","[""Op_Server0""]","[""Op_Server0"", ""User0""]","[""Op_Server0"", ""User0""]","{""blue_first_relevant_response_after_critical"": 14, ""blue_first_relevant_response_after_enterprise"": 11, ""enterprise_foothold_step"": 5, ""first_critical_hit_step"": 12, ""window_end"": null, ""window_start"": null}"
ours_stage2_fair,11,stage2_ext_016_obj_0,objective_selected,episode_000,1,1011,90,Q2_user_action_during_critical_breach,high,Remove,User1,User,Impact,Op_Server0,"[""Op_Server0""]","[""Op_Server0""]","[""Enterprise2"", ""Op_Server0"", ""User0""]","[""Enterprise2"", ""Op_Server0"", ""User0""]","{""blue_first_relevant_response_after_critical"": 14, ""blue_first_relevant_response_after_enterprise"": 11, ""enterprise_foothold_step"": 5, ""first_critical_hit_step"": 12, ""window_end"": null, ""window_start"": null}"
ours_stage2_fair,11,stage2_ext_016_obj_0,objective_selected,episode_000,1,1011,92,Q2_user_action_during_critical_breach,high,DecoyVsftpd,User3,User,Impact,Op_Server0,"[""Op_Server0""]","[""Op_Server0""]","[""Enterprise2"", ""Op_Server0"", ""User0""]","[""Enterprise2"", ""Op_Server0"", ""User0""]","{""blue_first_relevant_response_after_critical"": 14, ""blue_first_relevant_response_after_enterprise"": 11, ""enterprise_foothold_step"": 5, ""first_critical_hit_step"": 12, ""window_end"": null, ""window_start"": null}"
ours_stage2_fair,11,stage2_ext_016_obj_0,objective_selected,episode_000,1,1011,93,Q2_user_action_during_critical_breach,high,DecoySvchost,User2,User,Impact,Op_Server0,"[""Op_Server0""]","[""Op_Server0""]","[""Enterprise2"", ""Op_Server0"", ""User0""]","[""Enterprise2"", ""Op_Server0"", ""User0""]","{""blue_first_relevant_response_after_critical"": 14, ""blue_first_relevant_response_after_enterprise"": 11, ""enterprise_foothold_step"": 5, ""first_critical_hit_step"": 12, ""window_end"": null, ""window_start"": null}"
ours_stage2_fair,11,stage2_ext_016_obj_0,objective_selected,episode_000,1,1011,6,Q4_user_focus_after_enterprise_foothold,medium,DecoyHarakaSMPT,User4,User,PrivilegeEscalate,Enterprise0,[],[],"[""Enterprise0"", ""User0"", ""User4""]","[""Enterprise0"", ""User0"", ""User4""]","{""blue_first_relevant_response_after_critical"": 14, ""blue_first_relevant_response_after_enterprise"": 11, ""enterprise_foothold_step"": 5, ""first_critical_hit_step"": 12, ""window_end"": 8, ""window_start"": 6}"
ours_stage2_fair,11,stage2_ext_016_obj_0,objective_selected,episode_000,1,1011,42,Q4_user_focus_after_enterprise_foothold,medium,DecoyVsftpd,User4,User,Impact,Op_Server0,"[""Op_Server0""]","[""Op_Server0""]","[""Op_Server0"", ""User0""]","[""Op_Server0"", ""User0""]","{""blue_first_relevant_response_after_critical"": 14, ""blue_first_relevant_response_after_enterprise"": 11, ""enterprise_foothold_step"": 5, ""first_critical_hit_step"": 12, ""window_end"": 44, ""window_start"": 42}"
ours_stage2_fair,11,stage2_ext_016_obj_0,objective_selected,episode_000,2,2011,32,Q2_user_action_during_critical_breach,high,DecoySvchost,User4,User,Impact,Op_Server0,"[""Op_Server0""]","[""Op_Server0""]","[""Enterprise1"", ""Enterprise2"", ""Op_Server0"", ""User0"", ""User2""]","[""Enterprise1"", ""Enterprise2"", ""Op_Server0"", ""User0"", ""User2""]","{""blue_first_relevant_response_after_critical"": 31, ""blue_first_relevant_response_after_enterprise"": 8, ""enterprise_foothold_step"": 5, ""first_critical_hit_step"": 30, ""window_end"": null, ""window_start"": null}"
ours_stage2_fair,11,stage2_ext_016_obj_0,objective_selected,episode_000,2,2011,33,Q2_user_action_during_critical_breach,high,DecoyApache,User2,User,Impact,Op_Server0,"[""Op_Server0""]","[""Op_Server0""]","[""Enterprise1"", ""Enterprise2"", ""Op_Server0"", ""User0"", ""User2""]","[""Enterprise1"", ""Enterprise2"", ""Op_Server0"", ""User0"", ""User2""]","{""blue_first_relevant_response_after_critical"": 31, ""blue_first_relevant_response_after_enterprise"": 8, ""enterprise_foothold_step"": 5, ""first_critical_hit_step"": 30, ""window_end"": null, ""window_start"": null}"
ours_stage2_fair,11,stage2_ext_016_obj_0,objective_selected,episode_000,2,2011,42,Q2_user_action_during_critical_breach,high,Remove,User0,User,Impact,Op_Server0,"[""Op_Server0""]","[""Op_Server0""]","[""Enterprise1"", ""Enterprise2"", ""Op_Server0"", ""User0"", ""User2""]","[""Enterprise1"", ""Enterprise2"", ""Op_Server0"", ""User0"", ""User2""]","{""blue_first_relevant_response_after_critical"": 31, ""blue_first_relevant_response_after_enterprise"": 8, ""enterprise_foothold_step"": 5, ""first_critical_hit_step"": 30, ""window_end"": null, ""window_start"": null}"
ours_stage2_fair,11,stage2_ext_016_obj_0,objective_selected,episode_000,2,2011,50,Q2_user_action_during_critical_breach,high,DecoyVsftpd,User0,User,Impact,Op_Server0,"[""Op_Server0""]","[""Op_Server0""]","[""Enterprise1"", ""Op_Server0"", ""User0"", ""User2""]","[""Enterprise1"", ""Op_Server0"", ""User0"", ""User2""]","{""blue_first_relevant_response_after_critical"": 31, ""blue_first_relevant_response_after_enterprise"": 8, ""enterprise_foothold_step"": 5, ""first_critical_hit_step"": 30, ""window_end"": null, ""window_start"": null}"
ours_stage2_fair,11,stage2_ext_016_obj_0,objective_selected,episode_000,2,2011,52,Q2_user_action_during_critical_breach,high,DecoySmss,User2,User,Impact,Op_Server0,"[""Op_Server0""]","[""Op_Server0""]","[""Enterprise1"", ""Op_Server0"", ""User0"", ""User2""]","[""Enterprise1"", ""Op_Server0"", ""User0"", ""User2""]","{""blue_first_relevant_response_after_critical"": 31, ""blue_first_relevant_response_after_enterprise"": 8, ""enterprise_foothold_step"": 5, ""first_critical_hit_step"": 30, ""window_end"": null, ""window_start"": null}"
ours_stage2_fair,11,stage2_ext_016_obj_0,objective_selected,episode_000,2,2011,55,Q2_user_action_during_critical_breach,high,DecoyHarakaSMPT,User1,User,Impact,Op_Server0,"[""Op_Server0""]","[""Op_Server0""]","[""Enterprise1"", ""Op_Server0"", ""User0"", ""User2""]","[""Enterprise1"", ""Op_Server0"", ""User0"", ""User2""]","{""blue_first_relevant_response_after_critical"": 31, ""blue_first_relevant_response_after_enterprise"": 8, ""enterprise_foothold_step"": 5, ""first_critical_hit_step"": 30, ""window_end"": null, ""window_start"": null}"
ours_stage2_fair,11,stage2_ext_016_obj_0,objective_selected,episode_000,2,2011,57,Q2_user_action_during_critical_breach,high,DecoyVsftpd,User4,User,Impact,Op_Server0,"[""Op_Server0""]","[""Op_Server0""]","[""Enterprise1"", ""Op_Server0"", ""User0"", ""User2""]","[""Enterprise1"", ""Op_Server0"", ""User0"", ""User2""]","{""blue_first_relevant_response_after_critical"": 31, ""blue_first_relevant_response_after_enterprise"": 8, ""enterprise_foothold_step"": 5, ""first_critical_hit_step"": 30, ""window_end"": null, ""window_start"": null}"
ours_stage2_fair,11,stage2_ext_016_obj_0,objective_selected,episode_000,2,2011,58,Q2_user_action_during_critical_breach,high,DecoyVsftpd,User0,User,Impact,Op_Server0,"[""Op_Server0""]","[""Op_Server0""]","[""Enterprise1"", ""Op_Server0"", ""User0"", ""User2""]","[""Enterprise1"", ""Op_Server0"", ""User0"", ""User2""]","{""blue_first_relevant_response_after_critical"": 31, ""blue_first_relevant_response_after_enterprise"": 8, ""enterprise_foothold_step"": 5, ""first_critical_hit_step"": 30, ""window_end"": null, ""window_start"": null}"
ours_stage2_fair,11,stage2_ext_016_obj_0,objective_selected,episode_000,2,2011,60,Q2_user_action_during_critical_breach,high,DecoyTomcat,User4,User,Impact,Op_Server0,"[""Op_Server0""]","[""Op_Server0""]","[""Enterprise1"", ""Op_Server0"", ""User0"", ""User2""]","[""Enterprise1"", ""Op_Server0"", ""User0"", ""User2""]","{""blue_first_relevant_response_after_critical"": 31, ""blue_first_relevant_response_after_enterprise"": 8, ""enterprise_foothold_step"": 5, ""first_critical_hit_step"": 30, ""window_end"": null, ""window_start"": null}"
ours_stage2_fair,11,stage2_ext_016_obj_0,objective_selected,episode_000,2,2011,62,Q2_user_action_during_critical_breach,high,Analyse,User1,User,Impact,Op_Server0,"[""Op_Server0""]","[""Op_Server0""]","[""Enterprise1"", ""Op_Server0"", ""User0"", ""User2""]","[""Enterprise1"", ""Op_Server0"", ""User0"", ""User2""]","{""blue_first_relevant_response_after_critical"": 31, ""blue_first_relevant_response_after_enterprise"": 8, ""enterprise_foothold_step"": 5, ""first_critical_hit_step"": 30, ""window_end"": null, ""window_start"": null}"
ours_stage2_fair,11,stage2_ext_016_obj_0,objective_selected,episode_000,2,2011,63,Q2_user_action_during_critical_breach,high,DecoySmss,User4,User,Impact,Op_Server0,"[""Op_Server0""]","[""Op_Server0""]","[""Enterprise1"", ""Op_Server0"", ""User0"", ""User2""]","[""Enterprise1"", ""Op_Server0"", ""User0"", ""User2""]","{""blue_first_relevant_response_after_critical"": 31, ""blue_first_relevant_response_after_enterprise"": 8, ""enterprise_foothold_step"": 5, ""first_critical_hit_step"": 30, ""window_end"": null, ""window_start"": null}"
ours_stage2_fair,11,stage2_ext_016_obj_0,objective_selected,episode_000,2,2011,67,Q2_user_action_during_critical_breach,high,DecoyTomcat,User2,User,Impact,Op_Server0,"[""Op_Server0""]","[""Op_Server0""]","[""Enterprise1"", ""Op_Server0"", ""User0"", ""User2""]","[""Enterprise1"", ""Op_Server0"", ""User0"", ""User2""]","{""blue_first_relevant_response_after_critical"": 31, ""blue_first_relevant_response_after_enterprise"": 8, ""enterprise_foothold_step"": 5, ""first_critical_hit_step"": 30, ""window_end"": null, ""window_start"": null}"
ours_stage2_fair,11,stage2_ext_016_obj_0,objective_selected,episode_000,2,2011,68,Q2_user_action_during_critical_breach,high,Remove,User3,User,Impact,Op_Server0,"[""Op_Server0""]","[""Op_Server0""]","[""Enterprise1"", ""Op_Server0"", ""User0"", ""User2""]","[""Enterprise1"", ""Op_Server0"", ""User0"", ""User2""]","{""blue_first_relevant_response_after_critical"": 31, ""blue_first_relevant_response_after_enterprise"": 8, ""enterprise_foothold_step"": 5, ""first_critical_hit_step"": 30, ""window_end"": null, ""window_start"": null}"
ours_stage2_fair,11,stage2_ext_016_obj_0,objective_selected,episode_000,2,2011,70,Q2_user_action_during_critical_breach,high,DecoySmss,User4,User,Impact,Op_Server0,"[""Op_Server0""]","[""Op_Server0""]","[""Enterprise1"", ""Op_Server0"", ""User0"", ""User2""]","[""Enterprise1"", ""Op_Server0"", ""User0"", ""User2""]","{""blue_first_relevant_response_after_critical"": 31, ""blue_first_relevant_response_after_enterprise"": 8, ""enterprise_foothold_step"": 5, ""first_critical_hit_step"": 30, ""window_end"": null, ""window_start"": null}"
ours_stage2_fair,11,stage2_ext_016_obj_0,objective_selected,episode_000,2,2011,75,Q2_user_action_during_critical_breach,high,DecoyApache,User3,User,Impact,Op_Server0,"[""Op_Server0""]","[""Op_Server0""]","[""Enterprise1"", ""Op_Server0"", ""User0"", ""User2""]","[""Enterprise1"", ""Op_Server0"", ""User0"", ""User2""]","{""blue_first_relevant_response_after_critical"": 31, ""blue_first_relevant_response_after_enterprise"": 8, ""enterprise_foothold_step"": 5, ""first_critical_hit_step"": 30, ""window_end"": null, ""window_start"": null}"
ours_stage2_fair,11,stage2_ext_016_obj_0,objective_selected,episode_000,2,2011,77,Q2_user_action_during_critical_breach,high,DecoySmss,User4,User,Impact,Op_Server0,"[""Op_Server0""]","[""Op_Server0""]","[""Enterprise1"", ""Op_Server0"", ""User0"", ""User2""]","[""Enterprise1"", ""Op_Server0"", ""User0"", ""User2""]","{""blue_first_relevant_response_after_critical"": 31, ""blue_first_relevant_response_after_enterprise"": 8, ""enterprise_foothold_step"": 5, ""first_critical_hit_step"": 30, ""window_end"": null, ""window_start"": null}"
ours_stage2_fair,11,stage2_ext_016_obj_0,objective_selected,episode_000,2,2011,78,Q2_user_action_during_critical_breach,high,DecoySvchost,User0,User,Impact,Op_Server0,"[""Op_Server0""]","[""Op_Server0""]","[""Enterprise1"", ""Op_Server0"", ""User0"", ""User2""]","[""Enterprise1"", ""Op_Server0"", ""User0"", ""User2""]","{""blue_first_relevant_response_after_critical"": 31, ""blue_first_relevant_response_after_enterprise"": 8, ""enterprise_foothold_step"": 5, ""first_critical_hit_step"": 30, ""window_end"": null, ""window_start"": null}"
ours_stage2_fair,11,stage2_ext_016_obj_0,objective_selected,episode_000,2,2011,84,Q2_user_action_during_critical_breach,high,Restore,User4,User,Impact,Op_Server0,"[""Op_Server0""]","[""Op_Server0""]","[""Enterprise1"", ""Op_Server0"", ""User0"", ""User2""]","[""Enterprise1"", ""Op_Server0"", ""User0"", ""User2""]","{""blue_first_relevant_response_after_critical"": 31, ""blue_first_relevant_response_after_enterprise"": 8, ""enterprise_foothold_step"": 5, ""first_critical_hit_step"": 30, ""window_end"": null, ""window_start"": null}"
ours_stage2_fair,11,stage2_ext_016_obj_0,objective_selected,episode_000,2,2011,86,Q2_user_action_during_critical_breach,high,DecoySmss,User4,User,Impact,Op_Server0,"[""Op_Server0""]","[""Op_Server0""]","[""Enterprise1"", ""Op_Server0"", ""User0"", ""User2""]","[""Enterprise1"", ""Op_Server0"", ""User0"", ""User2""]","{""blue_first_relevant_response_after_critical"": 31, ""blue_first_relevant_response_after_enterprise"": 8, ""enterprise_foothold_step"": 5, ""first_critical_hit_step"": 30, ""window_end"": null, ""window_start"": null}"
ours_stage2_fair,11,stage2_ext_016_obj_0,objective_selected,episode_000,2,2011,91,Q2_user_action_during_critical_breach,high,DecoySvchost,User0,User,Impact,Op_Server0,"[""Op_Server0""]","[""Op_Server0""]","[""Enterprise1"", ""Op_Server0"", ""User0"", ""User2""]","[""Enterprise1"", ""Op_Server0"", ""User0"", ""User2""]","{""blue_first_relevant_response_after_critical"": 31, ""blue_first_relevant_response_after_enterprise"": 8, ""enterprise_foothold_step"": 5, ""first_critical_hit_step"": 30, ""window_end"": null, ""window_start"": null}"
ours_stage2_fair,11,stage2_ext_016_obj_0,objective_selected,episode_000,3,3011,14,Q2_user_action_during_critical_breach,high,DecoyFemitter,User1,User,Impact,Op_Server0,"[""Op_Server0""]","[""Op_Server0""]","[""Enterprise1"", ""Enterprise2"", ""Op_Server0"", ""User0"", ""User1""]","[""Enterprise1"", ""Enterprise2"", ""Op_Server0"", ""User0"", ""User1""]","{""blue_first_relevant_response_after_critical"": 16, ""blue_first_relevant_response_after_enterprise"": 7, ""enterprise_foothold_step"": 5, ""first_critical_hit_step"": 12, ""window_end"": null, ""window_start"": null}"
ours_stage2_fair,11,stage2_ext_016_obj_0,objective_selected,episode_000,3,3011,15,Q2_user_action_during_critical_breach,high,DecoySmss,User0,User,Impact,Op_Server0,"[""Op_Server0""]","[""Op_Server0""]","[""Enterprise1"", ""Enterprise2"", ""Op_Server0"", ""User0"", ""User1""]","[""Enterprise1"", ""Enterprise2"", ""Op_Server0"", ""User0"", ""User1""]","{""blue_first_relevant_response_after_critical"": 16, ""blue_first_relevant_response_after_enterprise"": 7, ""enterprise_foothold_step"": 5, ""first_critical_hit_step"": 12, ""window_end"": null, ""window_start"": null}"
ours_stage2_fair,11,stage2_ext_016_obj_0,objective_selected,episode_000,3,3011,20,Q2_user_action_during_critical_breach,high,DecoySmss,User4,User,Impact,Op_Server0,"[""Op_Server0""]","[""Op_Server0""]","[""Enterprise1"", ""Enterprise2"", ""Op_Server0"", ""User0"", ""User1""]","[""Enterprise1"", ""Enterprise2"", ""Op_Server0"", ""User0"", ""User1""]","{""blue_first_relevant_response_after_critical"": 16, ""blue_first_relevant_response_after_enterprise"": 7, ""enterprise_foothold_step"": 5, ""first_critical_hit_step"": 12, ""window_end"": null, ""window_start"": null}"
ours_stage2_fair,11,stage2_ext_016_obj_0,objective_selected,episode_000,3,3011,21,Q2_user_action_during_critical_breach,high,DecoyVsftpd,User3,User,Impact,Op_Server0,"[""Op_Server0""]","[""Op_Server0""]","[""Enterprise1"", ""Enterprise2"", ""Op_Server0"", ""User0"", ""User1""]","[""Enterprise1"", ""Enterprise2"", ""Op_Server0"", ""User0"", ""User1""]","{""blue_first_relevant_response_after_critical"": 16, ""blue_first_relevant_response_after_enterprise"": 7, ""enterprise_foothold_step"": 5, ""first_critical_hit_step"": 12, ""window_end"": null, ""window_start"": null}"
ours_stage2_fair,11,stage2_ext_016_obj_0,objective_selected,episode_000,3,3011,23,Q2_user_action_during_critical_breach,high,DecoyVsftpd,User0,User,Impact,Op_Server0,"[""Op_Server0""]","[""Op_Server0""]","[""Enterprise2"", ""Op_Server0"", ""User0"", ""User1""]","[""Enterprise2"", ""Op_Server0"", ""User0"", ""User1""]","{""blue_first_relevant_response_after_critical"": 16, ""blue_first_relevant_response_after_enterprise"": 7, ""enterprise_foothold_step"": 5, ""first_critical_hit_step"": 12, ""window_end"": null, ""window_start"": null}"
ours_stage2_fair,11,stage2_ext_016_obj_0,objective_selected,episode_000,3,3011,25,Q2_user_action_during_critical_breach,high,DecoyVsftpd,User3,User,Impact,Op_Server0,"[""Op_Server0""]","[""Op_Server0""]","[""Enterprise2"", ""Op_Server0"", ""User0"", ""User1""]","[""Enterprise2"", ""Op_Server0"", ""User0"", ""User1""]","{""blue_first_relevant_response_after_critical"": 16, ""blue_first_relevant_response_after_enterprise"": 7, ""enterprise_foothold_step"": 5, ""first_critical_hit_step"": 12, ""window_end"": null, ""window_start"": null}"
ours_stage2_fair,11,stage2_ext_016_obj_0,objective_selected,episode_000,3,3011,29,Q2_user_action_during_critical_breach,high,Remove,User1,User,Impact,Op_Server0,"[""Op_Server0""]","[""Op_Server0""]","[""Enterprise2"", ""Op_Server0"", ""User0"", ""User1""]","[""Enterprise2"", ""Op_Server0"", ""User0"", ""User1""]","{""blue_first_relevant_response_after_critical"": 16, ""blue_first_relevant_response_after_enterprise"": 7, ""enterprise_foothold_step"": 5, ""first_critical_hit_step"": 12, ""window_end"": null, ""window_start"": null}"
ours_stage2_fair,11,stage2_ext_016_obj_0,objective_selected,episode_000,3,3011,33,Q2_user_action_during_critical_breach,high,DecoySmss,User1,User,Impact,Op_Server0,"[""Op_Server0""]","[""Op_Server0""]","[""Op_Server0"", ""User0"", ""User1""]","[""Op_Server0"", ""User0"", ""User1""]","{""blue_first_relevant_response_after_critical"": 16, ""blue_first_relevant_response_after_enterprise"": 7, ""enterprise_foothold_step"": 5, ""first_critical_hit_step"": 12, ""window_end"": null, ""window_start"": null}"
ours_stage2_fair,11,stage2_ext_016_obj_0,objective_selected,episode_000,3,3011,34,Q2_user_action_during_critical_breach,high,DecoySmss,User4,User,Impact,Op_Server0,"[""Op_Server0""]","[""Op_Server0""]","[""Op_Server0"", ""User0"", ""User1""]","[""Op_Server0"", ""User0"", ""User1""]","{""blue_first_relevant_response_after_critical"": 16, ""blue_first_relevant_response_after_enterprise"": 7, ""enterprise_foothold_step"": 5, ""first_critical_hit_step"": 12, ""window_end"": null, ""window_start"": null}"
ours_stage2_fair,11,stage2_ext_016_obj_0,objective_selected,episode_000,3,3011,36,Q2_user_action_during_critical_breach,high,DecoySmss,User4,User,Impact,Op_Server0,"[""Op_Server0""]","[""Op_Server0""]","[""Op_Server0"", ""User0"", ""User1""]","[""Op_Server0"", ""User0"", ""User1""]","{""blue_first_relevant_response_after_critical"": 16, ""blue_first_relevant_response_after_enterprise"": 7, ""enterprise_foothold_step"": 5, ""first_critical_hit_step"": 12, ""window_end"": null, ""window_start"": null}"
ours_stage2_fair,11,stage2_ext_016_obj_0,objective_selected,episode_000,3,3011,41,Q2_user_action_during_critical_breach,high,DecoySvchost,User2,User,Impact,Op_Server0,"[""Op_Server0""]","[""Op_Server0""]","[""Op_Server0"", ""User0"", ""User1""]","[""Op_Server0"", ""User0"", ""User1""]","{""blue_first_relevant_response_after_critical"": 16, ""blue_first_relevant_response_after_enterprise"": 7, ""enterprise_foothold_step"": 5, ""first_critical_hit_step"": 12, ""window_end"": null, ""window_start"": null}"
ours_stage2_fair,11,stage2_ext_016_obj_0,objective_selected,episode_000,3,3011,43,Q2_user_action_during_critical_breach,high,DecoySvchost,User0,User,Impact,Op_Server0,"[""Op_Server0""]","[""Op_Server0""]","[""Op_Server0"", ""User0"", ""User1""]","[""Op_Server0"", ""User0"", ""User1""]","{""blue_first_relevant_response_after_critical"": 16, ""blue_first_relevant_response_after_enterprise"": 7, ""enterprise_foothold_step"": 5, ""first_critical_hit_step"": 12, ""window_end"": null, ""window_start"": null}"
ours_stage2_fair,11,stage2_ext_016_obj_0,objective_selected,episode_000,3,3011,44,Q2_user_action_during_critical_breach,high,DecoySmss,User2,User,Impact,Op_Server0,"[""Op_Server0""]","[""Op_Server0""]","[""Op_Server0"", ""User0"", ""User1""]","[""Op_Server0"", ""User0"", ""User1""]","{""blue_first_relevant_response_after_critical"": 16, ""blue_first_relevant_response_after_enterprise"": 7, ""enterprise_foothold_step"": 5, ""first_critical_hit_step"": 12, ""window_end"": null, ""window_start"": null}"
ours_stage2_fair,11,stage2_ext_016_obj_0,objective_selected,episode_000,3,3011,47,Q2_user_action_during_critical_breach,high,Remove,User1,User,Impact,Op_Server0,"[""Op_Server0""]","[""Op_Server0""]","[""Op_Server0"", ""User0"", ""User1""]","[""Op_Server0"", ""User0"", ""User1""]","{""blue_first_relevant_response_after_critical"": 16, ""blue_first_relevant_response_after_enterprise"": 7, ""enterprise_foothold_step"": 5, ""first_critical_hit_step"": 12, ""window_end"": null, ""window_start"": null}"
ours_stage2_fair,11,stage2_ext_016_obj_0,objective_selected,episode_000,3,3011,53,Q2_user_action_during_critical_breach,high,Remove,User3,User,Impact,Op_Server0,"[""Op_Server0""]","[""Op_Server0""]","[""Op_Server0"", ""User0"", ""User1""]","[""Op_Server0"", ""User0"", ""User1""]","{""blue_first_relevant_response_after_critical"": 16, ""blue_first_relevant_response_after_enterprise"": 7, ""enterprise_foothold_step"": 5, ""first_critical_hit_step"": 12, ""window_end"": null, ""window_start"": null}"
ours_stage2_fair,11,stage2_ext_016_obj_0,objective_selected,episode_000,3,3011,57,Q2_user_action_during_critical_breach,high,Remove,User3,User,Impact,Op_Server0,"[""Op_Server0""]","[""Op_Server0""]","[""Op_Server0"", ""User0"", ""User1""]","[""Op_Server0"", ""User0"", ""User1""]","{""blue_first_relevant_response_after_critical"": 16, ""blue_first_relevant_response_after_enterprise"": 7, ""enterprise_foothold_step"": 5, ""first_critical_hit_step"": 12, ""window_end"": null, ""window_start"": null}"
ours_stage2_fair,11,stage2_ext_016_obj_0,objective_selected,episode_000,3,3011,58,Q2_user_action_during_critical_breach,high,DecoySvchost,User4,User,Impact,Op_Server0,"[""Op_Server0""]","[""Op_Server0""]","[""Op_Server0"", ""User0"", ""User1""]","[""Op_Server0"", ""User0"", ""User1""]","{""blue_first_relevant_response_after_critical"": 16, ""blue_first_relevant_response_after_enterprise"": 7, ""enterprise_foothold_step"": 5, ""first_critical_hit_step"": 12, ""window_end"": null, ""window_start"": null}"
ours_stage2_fair,11,stage2_ext_016_obj_0,objective_selected,episode_000,3,3011,67,Q2_user_action_during_critical_breach,high,Remove,User1,User,Impact,Op_Server0,"[""Op_Server0""]","[""Op_Server0""]","[""Enterprise2"", ""Op_Server0"", ""User0"", ""User1""]","[""Enterprise2"", ""Op_Server0"", ""User0"", ""User1""]","{""blue_first_relevant_response_after_critical"": 16, ""blue_first_relevant_response_after_enterprise"": 7, ""enterprise_foothold_step"": 5, ""first_critical_hit_step"": 12, ""window_end"": null, ""window_start"": null}"
ours_stage2_fair,11,stage2_ext_016_obj_0,objective_selected,episode_000,3,3011,71,Q2_user_action_during_critical_breach,high,DecoySmss,User2,User,Impact,Op_Server0,"[""Op_Server0""]","[""Op_Server0""]","[""Enterprise2"", ""Op_Server0"", ""User0"", ""User1""]","[""Enterprise2"", ""Op_Server0"", ""User0"", ""User1""]","{""blue_first_relevant_response_after_critical"": 16, ""blue_first_relevant_response_after_enterprise"": 7, ""enterprise_foothold_step"": 5, ""first_critical_hit_step"": 12, ""window_end"": null, ""window_start"": null}"
ours_stage2_fair,11,stage2_ext_016_obj_0,objective_selected,episode_000,3,3011,73,Q2_user_action_during_critical_breach,high,DecoySmss,User4,User,Impact,Op_Server0,"[""Op_Server0""]","[""Op_Server0""]","[""Enterprise2"", ""Op_Server0"", ""User0"", ""User1""]","[""Enterprise2"", ""Op_Server0"", ""User0"", ""User1""]","{""blue_first_relevant_response_after_critical"": 16, ""blue_first_relevant_response_after_enterprise"": 7, ""enterprise_foothold_step"": 5, ""first_critical_hit_step"": 12, ""window_end"": null, ""window_start"": null}"
ours_stage2_fair,11,stage2_ext_016_obj_0,objective_selected,episode_000,3,3011,74,Q2_user_action_during_critical_breach,high,DecoyTomcat,User2,User,Impact,Op_Server0,"[""Op_Server0""]","[""Op_Server0""]","[""Enterprise2"", ""Op_Server0"", ""User0"", ""User1""]","[""Enterprise2"", ""Op_Server0"", ""User0"", ""User1""]","{""blue_first_relevant_response_after_critical"": 16, ""blue_first_relevant_response_after_enterprise"": 7, ""enterprise_foothold_step"": 5, ""first_critical_hit_step"": 12, ""window_end"": null, ""window_start"": null}"
ours_stage2_fair,11,stage2_ext_016_obj_0,objective_selected,episode_000,3,3011,75,Q2_user_action_during_critical_breach,high,DecoyTomcat,User0,User,Impact,Op_Server0,"[""Op_Server0""]","[""Op_Server0""]","[""Enterprise2"", ""Op_Server0"", ""User0"", ""User1""]","[""Enterprise2"", ""Op_Server0"", ""User0"", ""User1""]","{""blue_first_relevant_response_after_critical"": 16, ""blue_first_relevant_response_after_enterprise"": 7, ""enterprise_foothold_step"": 5, ""first_critical_hit_step"": 12, ""window_end"": null, ""window_start"": null}"
ours_stage2_fair,11,stage2_ext_016_obj_0,objective_selected,episode_000,3,3011,79,Q2_user_action_during_critical_breach,high,DecoyHarakaSMPT,User1,User,PrivilegeEscalate,Op_Server0,"[""Op_Server0""]","[""Op_Server0""]","[""Enterprise2"", ""Op_Server0"", ""User0"", ""User1""]","[""Enterprise2"", ""Op_Server0"", ""User0"", ""User1""]","{""blue_first_relevant_response_after_critical"": 16, ""blue_first_relevant_response_after_enterprise"": 7, ""enterprise_foothold_step"": 5, ""first_critical_hit_step"": 12, ""window_end"": null, ""window_start"": null}"
ours_stage2_fair,11,stage2_ext_016_obj_0,objective_selected,episode_000,3,3011,81,Q2_user_action_during_critical_breach,high,DecoySmss,User4,User,Impact,Op_Server0,"[""Op_Server0""]","[""Op_Server0""]","[""Enterprise2"", ""Op_Server0"", ""User0"", ""User1""]","[""Enterprise2"", ""Op_Server0"", ""User0"", ""User1""]","{""blue_first_relevant_response_after_critical"": 16, ""blue_first_relevant_response_after_enterprise"": 7, ""enterprise_foothold_step"": 5, ""first_critical_hit_step"": 12, ""window_end"": null, ""window_start"": null}"
ours_stage2_fair,11,stage2_ext_016_obj_0,objective_selected,episode_000,3,3011,82,Q2_user_action_during_critical_breach,high,DecoyTomcat,User4,User,Impact,Op_Server0,"[""Op_Server0""]","[""Op_Server0""]","[""Enterprise2"", ""Op_Server0"", ""User0"", ""User1""]","[""Enterprise2"", ""Op_Server0"", ""User0"", ""User1""]","{""blue_first_relevant_response_after_critical"": 16, ""blue_first_relevant_response_after_enterprise"": 7, ""enterprise_foothold_step"": 5, ""first_critical_hit_step"": 12, ""window_end"": null, ""window_start"": null}"
ours_stage2_fair,11,stage2_ext_016_obj_0,objective_selected,episode_000,3,3011,83,Q2_user_action_during_critical_breach,high,Remove,User1,User,Impact,Op_Server0,"[""Op_Server0""]","[""Op_Server0""]","[""Enterprise2"", ""Op_Server0"", ""User0"", ""User1""]","[""Enterprise2"", ""Op_Server0"", ""User0"", ""User1""]","{""blue_first_relevant_response_after_critical"": 16, ""blue_first_relevant_response_after_enterprise"": 7, ""enterprise_foothold_step"": 5, ""first_critical_hit_step"": 12, ""window_end"": null, ""window_start"": null}"
ours_stage2_fair,11,stage2_ext_016_obj_0,objective_selected,episode_000,3,3011,84,Q2_user_action_during_critical_breach,high,DecoyFemitter,User3,User,Impact,Op_Server0,"[""Op_Server0""]","[""Op_Server0""]","[""Enterprise2"", ""Op_Server0"", ""User0"", ""User1""]","[""Enterprise2"", ""Op_Server0"", ""User0"", ""User1""]","{""blue_first_relevant_response_after_critical"": 16, ""blue_first_relevant_response_after_enterprise"": 7, ""enterprise_foothold_step"": 5, ""first_critical_hit_step"": 12, ""window_end"": null, ""window_start"": null}"
ours_stage2_fair,11,stage2_ext_016_obj_0,objective_selected,episode_000,3,3011,85,Q2_user_action_during_critical_breach,high,DecoySvchost,User4,User,Impact,Op_Server0,"[""Op_Server0""]","[""Op_Server0""]","[""Enterprise2"", ""Op_Server0"", ""User0"", ""User1""]","[""Enterprise2"", ""Op_Server0"", ""User0"", ""User1""]","{""blue_first_relevant_response_after_critical"": 16, ""blue_first_relevant_response_after_enterprise"": 7, ""enterprise_foothold_step"": 5, ""first_critical_hit_step"": 12, ""window_end"": null, ""window_start"": null}"
ours_stage2_fair,11,stage2_ext_016_obj_0,objective_selected,episode_000,3,3011,99,Q2_user_action_during_critical_breach,high,Remove,User1,User,Impact,Op_Server0,"[""Op_Server0""]","[""Op_Server0""]","[""Op_Server0"", ""User0"", ""User1""]","[""Op_Server0"", ""User0"", ""User1""]","{""blue_first_relevant_response_after_critical"": 16, ""blue_first_relevant_response_after_enterprise"": 7, ""enterprise_foothold_step"": 5, ""first_critical_hit_step"": 12, ""window_end"": null, ""window_start"": null}"
ours_stage2_fair,11,stage2_ext_016_obj_0,objective_selected,episode_000,3,3011,12,Q3_missed_immediate_response_to_critical_hit,high,Restore,Op_Server0,Operational,ExploitRemoteService,,[],"[""Op_Server0""]","[""Enterprise1"", ""Enterprise2"", ""User0"", ""User1""]","[""Enterprise1"", ""Enterprise2"", ""Op_Server0"", ""User0"", ""User1""]","{""blue_first_relevant_response_after_critical"": 16, ""blue_first_relevant_response_after_enterprise"": 7, ""enterprise_foothold_step"": 5, ""first_critical_hit_step"": 12, ""window_end"": 15, ""window_start"": 13}"
ours_stage2_fair,11,stage2_ext_016_obj_0,objective_selected,episode_000,3,3011,73,Q4_user_focus_after_enterprise_foothold,medium,DecoySmss,User4,User,Impact,Op_Server0,"[""Op_Server0""]","[""Op_Server0""]","[""Enterprise2"", ""Op_Server0"", ""User0"", ""User1""]","[""Enterprise2"", ""Op_Server0"", ""User0"", ""User1""]","{""blue_first_relevant_response_after_critical"": 16, ""blue_first_relevant_response_after_enterprise"": 7, ""enterprise_foothold_step"": 5, ""first_critical_hit_step"": 12, ""window_end"": 75, ""window_start"": 73}"
ours_stage2_fair,11,stage2_ext_016_obj_0,objective_selected,episode_000,3,3011,81,Q4_user_focus_after_enterprise_foothold,medium,DecoySmss,User4,User,Impact,Op_Server0,"[""Op_Server0""]","[""Op_Server0""]","[""Enterprise2"", ""Op_Server0"", ""User0"", ""User1""]","[""Enterprise2"", ""Op_Server0"", ""User0"", ""User1""]","{""blue_first_relevant_response_after_critical"": 16, ""blue_first_relevant_response_after_enterprise"": 7, ""enterprise_foothold_step"": 5, ""first_critical_hit_step"": 12, ""window_end"": 83, ""window_start"": 81}"
ours_stage2_fair,11,stage2_ext_016_obj_0,objective_selected,episode_000,3,3011,82,Q4_user_focus_after_enterprise_foothold,medium,DecoyTomcat,User4,User,Impact,Op_Server0,"[""Op_Server0""]","[""Op_Server0""]","[""Enterprise2"", ""Op_Server0"", ""User0"", ""User1""]","[""Enterprise2"", ""Op_Server0"", ""User0"", ""User1""]","{""blue_first_relevant_response_after_critical"": 16, ""blue_first_relevant_response_after_enterprise"": 7, ""enterprise_foothold_step"": 5, ""first_critical_hit_step"": 12, ""window_end"": 84, ""window_start"": 82}"
ours_stage2_fair,11,stage2_ext_016_obj_0,objective_selected,episode_000,3,3011,83,Q4_user_focus_after_enterprise_foothold,medium,Remove,User1,User,Impact,Op_Server0,"[""Op_Server0""]","[""Op_Server0""]","[""Enterprise2"", ""Op_Server0"", ""User0"", ""User1""]","[""Enterprise2"", ""Op_Server0"", ""User0"", ""User1""]","{""blue_first_relevant_response_after_critical"": 16, ""blue_first_relevant_response_after_enterprise"": 7, ""enterprise_foothold_step"": 5, ""first_critical_hit_step"": 12, ""window_end"": 85, ""window_start"": 83}"
ours_stage2_fair,11,stage2_ext_016_obj_0,objective_selected,episode_000,4,4011,67,Q2_user_action_during_critical_breach,high,DecoyTomcat,User4,User,PrivilegeEscalate,Op_Server0,"[""Op_Server0""]","[""Op_Server0""]","[""Enterprise2"", ""Op_Server0"", ""User0"", ""User4""]","[""Enterprise2"", ""Op_Server0"", ""User0"", ""User4""]","{""blue_first_relevant_response_after_critical"": 68, ""blue_first_relevant_response_after_enterprise"": 7, ""enterprise_foothold_step"": 5, ""first_critical_hit_step"": 66, ""window_end"": null, ""window_start"": null}"
ours_stage2_fair,11,stage2_ext_016_obj_0,objective_selected,episode_000,4,4011,69,Q2_user_action_during_critical_breach,high,DecoySvchost,User4,User,Impact,Op_Server0,"[""Op_Server0""]","[""Op_Server0""]","[""Enterprise2"", ""Op_Server0"", ""User0"", ""User4""]","[""Enterprise2"", ""Op_Server0"", ""User0"", ""User4""]","{""blue_first_relevant_response_after_critical"": 68, ""blue_first_relevant_response_after_enterprise"": 7, ""enterprise_foothold_step"": 5, ""first_critical_hit_step"": 66, ""window_end"": null, ""window_start"": null}"
ours_stage2_fair,11,stage2_ext_016_obj_0,objective_selected,episode_000,4,4011,72,Q2_user_action_during_critical_breach,high,DecoyTomcat,User4,User,Impact,Op_Server0,"[""Op_Server0""]","[""Op_Server0""]","[""Enterprise2"", ""Op_Server0"", ""User0"", ""User4""]","[""Enterprise2"", ""Op_Server0"", ""User0"", ""User4""]","{""blue_first_relevant_response_after_critical"": 68, ""blue_first_relevant_response_after_enterprise"": 7, ""enterprise_foothold_step"": 5, ""first_critical_hit_step"": 66, ""window_end"": null, ""window_start"": null}"
ours_stage2_fair,11,stage2_ext_016_obj_0,objective_selected,episode_000,4,4011,79,Q2_user_action_during_critical_breach,high,DecoySvchost,User2,User,Impact,Op_Server0,"[""Op_Server0""]","[""Op_Server0""]","[""Enterprise2"", ""Op_Server0"", ""User0"", ""User4""]","[""Enterprise2"", ""Op_Server0"", ""User0"", ""User4""]","{""blue_first_relevant_response_after_critical"": 68, ""blue_first_relevant_response_after_enterprise"": 7, ""enterprise_foothold_step"": 5, ""first_critical_hit_step"": 66, ""window_end"": null, ""window_start"": null}"
ours_stage2_fair,11,stage2_ext_016_obj_0,objective_selected,episode_000,4,4011,84,Q2_user_action_during_critical_breach,high,DecoyTomcat,User2,User,Impact,Op_Server0,"[""Op_Server0""]","[""Op_Server0""]","[""Op_Server0"", ""User0"", ""User4""]","[""Op_Server0"", ""User0"", ""User4""]","{""blue_first_relevant_response_after_critical"": 68, ""blue_first_relevant_response_after_enterprise"": 7, ""enterprise_foothold_step"": 5, ""first_critical_hit_step"": 66, ""window_end"": null, ""window_start"": null}"
ours_stage2_fair,11,stage2_ext_016_obj_0,objective_selected,episode_000,4,4011,87,Q2_user_action_during_critical_breach,high,DecoySmss,User1,User,Impact,Op_Server0,"[""Op_Server0""]","[""Op_Server0""]","[""Op_Server0"", ""User0"", ""User4""]","[""Op_Server0"", ""User0"", ""User4""]","{""blue_first_relevant_response_after_critical"": 68, ""blue_first_relevant_response_after_enterprise"": 7, ""enterprise_foothold_step"": 5, ""first_critical_hit_step"": 66, ""window_end"": null, ""window_start"": null}"
ours_stage2_fair,11,stage2_ext_016_obj_0,objective_selected,episode_000,4,4011,93,Q2_user_action_during_critical_breach,high,DecoyFemitter,User3,User,Impact,Op_Server0,"[""Op_Server0""]","[""Op_Server0""]","[""Op_Server0"", ""User0"", ""User4""]","[""Op_Server0"", ""User0"", ""User4""]","{""blue_first_relevant_response_after_critical"": 68, ""blue_first_relevant_response_after_enterprise"": 7, ""enterprise_foothold_step"": 5, ""first_critical_hit_step"": 66, ""window_end"": null, ""window_start"": null}"
ours_stage2_fair,11,stage2_ext_016_obj_0,objective_selected,episode_000,4,4011,97,Q2_user_action_during_critical_breach,high,DecoyApache,User1,User,Impact,Op_Server0,"[""Op_Server0""]","[""Op_Server0""]","[""Op_Server0"", ""User0"", ""User4""]","[""Op_Server0"", ""User0"", ""User4""]","{""blue_first_relevant_response_after_critical"": 68, ""blue_first_relevant_response_after_enterprise"": 7, ""enterprise_foothold_step"": 5, ""first_critical_hit_step"": 66, ""window_end"": null, ""window_start"": null}"
ours_stage2_fair,11,stage2_ext_016_obj_0,objective_selected,episode_000,4,4011,24,Q4_user_focus_after_enterprise_foothold,medium,Restore,User1,User,ExploitRemoteService,,[],[],"[""Enterprise0"", ""Enterprise2"", ""User0"", ""User4""]","[""Enterprise0"", ""Enterprise2"", ""User0"", ""User4""]","{""blue_first_relevant_response_after_critical"": 68, ""blue_first_relevant_response_after_enterprise"": 7, ""enterprise_foothold_step"": 5, ""first_critical_hit_step"": 66, ""window_end"": 26, ""window_start"": 24}"
ours_stage2_fair,11,stage2_ext_016_obj_0,objective_selected,episode_000,5,5011,34,Q2_user_action_during_critical_breach,high,DecoySvchost,User1,User,Impact,Op_Server0,"[""Op_Server0""]","[""Op_Server0""]","[""Enterprise2"", ""Op_Server0"", ""User0"", ""User3""]","[""Enterprise2"", ""Op_Server0"", ""User0"", ""User3""]","{""blue_first_relevant_response_after_critical"": 29, ""blue_first_relevant_response_after_enterprise"": 6, ""enterprise_foothold_step"": 5, ""first_critical_hit_step"": 28, ""window_end"": null, ""window_start"": null}"
ours_stage2_fair,11,stage2_ext_016_obj_0,objective_selected,episode_000,5,5011,37,Q2_user_action_during_critical_breach,high,DecoySvchost,User2,User,Impact,Op_Server0,"[""Op_Server0""]","[""Op_Server0""]","[""Enterprise2"", ""Op_Server0"", ""User0"", ""User3""]","[""Enterprise2"", ""Op_Server0"", ""User0"", ""User3""]","{""blue_first_relevant_response_after_critical"": 29, ""blue_first_relevant_response_after_enterprise"": 6, ""enterprise_foothold_step"": 5, ""first_critical_hit_step"": 28, ""window_end"": null, ""window_start"": null}"
ours_stage2_fair,11,stage2_ext_016_obj_0,objective_selected,episode_000,5,5011,38,Q2_user_action_during_critical_breach,high,Remove,User1,User,Impact,Op_Server0,"[""Op_Server0""]","[""Op_Server0""]","[""Enterprise2"", ""Op_Server0"", ""User0"", ""User3""]","[""Enterprise2"", ""Op_Server0"", ""User0"", ""User3""]","{""blue_first_relevant_response_after_critical"": 29, ""blue_first_relevant_response_after_enterprise"": 6, ""enterprise_foothold_step"": 5, ""first_critical_hit_step"": 28, ""window_end"": null, ""window_start"": null}"
ours_stage2_fair,11,stage2_ext_016_obj_0,objective_selected,episode_000,5,5011,39,Q2_user_action_during_critical_breach,high,DecoyVsftpd,User4,User,Impact,Op_Server0,"[""Op_Server0""]","[""Op_Server0""]","[""Enterprise2"", ""Op_Server0"", ""User0"", ""User3""]","[""Enterprise2"", ""Op_Server0"", ""User0"", ""User3""]","{""blue_first_relevant_response_after_critical"": 29, ""blue_first_relevant_response_after_enterprise"": 6, ""enterprise_foothold_step"": 5, ""first_critical_hit_step"": 28, ""window_end"": null, ""window_start"": null}"
ours_stage2_fair,11,stage2_ext_016_obj_0,objective_selected,episode_000,5,5011,40,Q2_user_action_during_critical_breach,high,DecoyHarakaSMPT,User1,User,Impact,Op_Server0,"[""Op_Server0""]","[""Op_Server0""]","[""Enterprise2"", ""Op_Server0"", ""User0"", ""User3""]","[""Enterprise2"", ""Op_Server0"", ""User0"", ""User3""]","{""blue_first_relevant_response_after_critical"": 29, ""blue_first_relevant_response_after_enterprise"": 6, ""enterprise_foothold_step"": 5, ""first_critical_hit_step"": 28, ""window_end"": null, ""window_start"": null}"
ours_stage2_fair,11,stage2_ext_016_obj_0,objective_selected,episode_000,5,5011,41,Q2_user_action_during_critical_breach,high,DecoyHarakaSMPT,User1,User,Impact,Op_Server0,"[""Op_Server0""]","[""Op_Server0""]","[""Enterprise2"", ""Op_Server0"", ""User0"", ""User3""]","[""Enterprise2"", ""Op_Server0"", ""User0"", ""User3""]","{""blue_first_relevant_response_after_critical"": 29, ""blue_first_relevant_response_after_enterprise"": 6, ""enterprise_foothold_step"": 5, ""first_critical_hit_step"": 28, ""window_end"": null, ""window_start"": null}"
ours_stage2_fair,11,stage2_ext_016_obj_0,objective_selected,episode_000,5,5011,49,Q2_user_action_during_critical_breach,high,DecoySmss,User3,User,PrivilegeEscalate,Op_Server0,"[""Op_Server0""]","[""Op_Server0""]","[""Enterprise2"", ""Op_Server0"", ""User0"", ""User3""]","[""Enterprise2"", ""Op_Server0"", ""User0"", ""User3""]","{""blue_first_relevant_response_after_critical"": 29, ""blue_first_relevant_response_after_enterprise"": 6, ""enterprise_foothold_step"": 5, ""first_critical_hit_step"": 28, ""window_end"": null, ""window_start"": null}"
ours_stage2_fair,11,stage2_ext_016_obj_0,objective_selected,episode_000,5,5011,59,Q2_user_action_during_critical_breach,high,DecoyFemitter,User2,User,PrivilegeEscalate,Op_Server0,"[""Op_Server0""]","[""Op_Server0""]","[""Enterprise2"", ""Op_Server0"", ""User0"", ""User3""]","[""Enterprise2"", ""Op_Server0"", ""User0"", ""User3""]","{""blue_first_relevant_response_after_critical"": 29, ""blue_first_relevant_response_after_enterprise"": 6, ""enterprise_foothold_step"": 5, ""first_critical_hit_step"": 28, ""window_end"": null, ""window_start"": null}"
ours_stage2_fair,11,stage2_ext_016_obj_0,objective_selected,episode_000,5,5011,67,Q2_user_action_during_critical_breach,high,DecoySmss,User4,User,Impact,Op_Server0,"[""Op_Server0""]","[""Op_Server0""]","[""Op_Server0"", ""User0"", ""User3""]","[""Op_Server0"", ""User0"", ""User3""]","{""blue_first_relevant_response_after_critical"": 29, ""blue_first_relevant_response_after_enterprise"": 6, ""enterprise_foothold_step"": 5, ""first_critical_hit_step"": 28, ""window_end"": null, ""window_start"": null}"
ours_stage2_fair,11,stage2_ext_016_obj_0,objective_selected,episode_000,5,5011,69,Q2_user_action_during_critical_breach,high,DecoySmss,User4,User,Impact,Op_Server0,"[""Op_Server0""]","[""Op_Server0""]","[""Op_Server0"", ""User0"", ""User3""]","[""Op_Server0"", ""User0"", ""User3""]","{""blue_first_relevant_response_after_critical"": 29, ""blue_first_relevant_response_after_enterprise"": 6, ""enterprise_foothold_step"": 5, ""first_critical_hit_step"": 28, ""window_end"": null, ""window_start"": null}"
ours_stage2_fair,11,stage2_ext_016_obj_0,objective_selected,episode_000,5,5011,70,Q2_user_action_during_critical_breach,high,DecoySvchost,User0,User,Impact,Op_Server0,"[""Op_Server0""]","[""Op_Server0""]","[""Op_Server0"", ""User0"", ""User3""]","[""Op_Server0"", ""User0"", ""User3""]","{""blue_first_relevant_response_after_critical"": 29, ""blue_first_relevant_response_after_enterprise"": 6, ""enterprise_foothold_step"": 5, ""first_critical_hit_step"": 28, ""window_end"": null, ""window_start"": null}"
ours_stage2_fair,11,stage2_ext_016_obj_0,objective_selected,episode_000,5,5011,72,Q2_user_action_during_critical_breach,high,DecoyVsftpd,User0,User,Impact,Op_Server0,"[""Op_Server0""]","[""Op_Server0""]","[""Op_Server0"", ""User0"", ""User3""]","[""Op_Server0"", ""User0"", ""User3""]","{""blue_first_relevant_response_after_critical"": 29, ""blue_first_relevant_response_after_enterprise"": 6, ""enterprise_foothold_step"": 5, ""first_critical_hit_step"": 28, ""window_end"": null, ""window_start"": null}"
ours_stage2_fair,11,stage2_ext_016_obj_0,objective_selected,episode_000,5,5011,75,Q2_user_action_during_critical_breach,high,DecoySmss,User0,User,Impact,Op_Server0,"[""Op_Server0""]","[""Op_Server0""]","[""Op_Server0"", ""User0"", ""User3""]","[""Op_Server0"", ""User0"", ""User3""]","{""blue_first_relevant_response_after_critical"": 29, ""blue_first_relevant_response_after_enterprise"": 6, ""enterprise_foothold_step"": 5, ""first_critical_hit_step"": 28, ""window_end"": null, ""window_start"": null}"
ours_stage2_fair,11,stage2_ext_016_obj_0,objective_selected,episode_000,5,5011,90,Q2_user_action_during_critical_breach,high,Restore,User1,User,Impact,Op_Server0,"[""Op_Server0""]","[""Op_Server0""]","[""Op_Server0"", ""User0"", ""User3""]","[""Op_Server0"", ""User0"", ""User3""]","{""blue_first_relevant_response_after_critical"": 29, ""blue_first_relevant_response_after_enterprise"": 6, ""enterprise_foothold_step"": 5, ""first_critical_hit_step"": 28, ""window_end"": null, ""window_start"": null}"
ours_stage2_fair,11,stage2_ext_016_obj_0,objective_selected,episode_000,5,5011,91,Q2_user_action_during_critical_breach,high,DecoySmss,User4,User,Impact,Op_Server0,"[""Op_Server0""]","[""Op_Server0""]","[""Op_Server0"", ""User0"", ""User3""]","[""Op_Server0"", ""User0"", ""User3""]","{""blue_first_relevant_response_after_critical"": 29, ""blue_first_relevant_response_after_enterprise"": 6, ""enterprise_foothold_step"": 5, ""first_critical_hit_step"": 28, ""window_end"": null, ""window_start"": null}"
ours_stage2_fair,11,stage2_ext_016_obj_0,objective_selected,episode_000,5,5011,92,Q2_user_action_during_critical_breach,high,DecoyFemitter,User2,User,Impact,Op_Server0,"[""Op_Server0""]","[""Op_Server0""]","[""Op_Server0"", ""User0"", ""User3""]","[""Op_Server0"", ""User0"", ""User3""]","{""blue_first_relevant_response_after_critical"": 29, ""blue_first_relevant_response_after_enterprise"": 6, ""enterprise_foothold_step"": 5, ""first_critical_hit_step"": 28, ""window_end"": null, ""window_start"": null}"
ours_stage2_fair,11,stage2_ext_016_obj_0,objective_selected,episode_000,5,5011,93,Q2_user_action_during_critical_breach,high,DecoyApache,User0,User,Impact,Op_Server0,"[""Op_Server0""]","[""Op_Server0""]","[""Op_Server0"", ""User0"", ""User3""]","[""Op_Server0"", ""User0"", ""User3""]","{""blue_first_relevant_response_after_critical"": 29, ""blue_first_relevant_response_after_enterprise"": 6, ""enterprise_foothold_step"": 5, ""first_critical_hit_step"": 28, ""window_end"": null, ""window_start"": null}"
ours_stage2_fair,11,stage2_ext_016_obj_0,objective_selected,episode_000,5,5011,16,Q4_user_focus_after_enterprise_foothold,medium,Restore,User2,User,ExploitRemoteService,,[],[],"[""Enterprise2"", ""User0"", ""User3""]","[""Enterprise2"", ""User0"", ""User3""]","{""blue_first_relevant_response_after_critical"": 29, ""blue_first_relevant_response_after_enterprise"": 6, ""enterprise_foothold_step"": 5, ""first_critical_hit_step"": 28, ""window_end"": 18, ""window_start"": 16}"
ours_stage2_fair,11,stage2_ext_016_obj_0,objective_selected,episode_000,5,5011,37,Q4_user_focus_after_enterprise_foothold,medium,DecoySvchost,User2,User,Impact,Op_Server0,"[""Op_Server0""]","[""Op_Server0""]","[""Enterprise2"", ""Op_Server0"", ""User0"", ""User3""]","[""Enterprise2"", ""Op_Server0"", ""User0"", ""User3""]","{""blue_first_relevant_response_after_critical"": 29, ""blue_first_relevant_response_after_enterprise"": 6, ""enterprise_foothold_step"": 5, ""first_critical_hit_step"": 28, ""window_end"": 39, ""window_start"": 37}"
ours_stage2_fair,11,stage2_ext_016_obj_0,objective_selected,episode_000,5,5011,38,Q4_user_focus_after_enterprise_foothold,medium,Remove,User1,User,Impact,Op_Server0,"[""Op_Server0""]","[""Op_Server0""]","[""Enterprise2"", ""Op_Server0"", ""User0"", ""User3""]","[""Enterprise2"", ""Op_Server0"", ""User0"", ""User3""]","{""blue_first_relevant_response_after_critical"": 29, ""blue_first_relevant_response_after_enterprise"": 6, ""enterprise_foothold_step"": 5, ""first_critical_hit_step"": 28, ""window_end"": 40, ""window_start"": 38}"
ours_stage2_fair,11,stage2_ext_016_obj_0,objective_selected,episode_000,5,5011,39,Q4_user_focus_after_enterprise_foothold,medium,DecoyVsftpd,User4,User,Impact,Op_Server0,"[""Op_Server0""]","[""Op_Server0""]","[""Enterprise2"", ""Op_Server0"", ""User0"", ""User3""]","[""Enterprise2"", ""Op_Server0"", ""User0"", ""User3""]","{""blue_first_relevant_response_after_critical"": 29, ""blue_first_relevant_response_after_enterprise"": 6, ""enterprise_foothold_step"": 5, ""first_critical_hit_step"": 28, ""window_end"": 41, ""window_start"": 39}"
ours_stage2_fair,11,stage2_ext_016_obj_0,objective_selected,episode_000,5,5011,90,Q4_user_focus_after_enterprise_foothold,medium,Restore,User1,User,Impact,Op_Server0,"[""Op_Server0""]","[""Op_Server0""]","[""Op_Server0"", ""User0"", ""User3""]","[""Op_Server0"", ""User0"", ""User3""]","{""blue_first_relevant_response_after_critical"": 29, ""blue_first_relevant_response_after_enterprise"": 6, ""enterprise_foothold_step"": 5, ""first_critical_hit_step"": 28, ""window_end"": 92, ""window_start"": 90}"
ours_stage2_fair,11,stage2_ext_016_obj_0,objective_selected,episode_000,5,5011,91,Q4_user_focus_after_enterprise_foothold,medium,DecoySmss,User4,User,Impact,Op_Server0,"[""Op_Server0""]","[""Op_Server0""]","[""Op_Server0"", ""User0"", ""User3""]","[""Op_Server0"", ""User0"", ""User3""]","{""blue_first_relevant_response_after_critical"": 29, ""blue_first_relevant_response_after_enterprise"": 6, ""enterprise_foothold_step"": 5, ""first_critical_hit_step"": 28, ""window_end"": 93, ""window_start"": 91}"
ours_stage2_fair,11,stage2_ext_016_obj_0,objective_selected,episode_000,5,5011,24,Q5_repeated_low_value_decoy_loop,medium,DecoySmss,User4,User,ExploitRemoteService,,[],[],"[""Enterprise2"", ""User0"", ""User3""]","[""Enterprise2"", ""User0"", ""User3""]","{""blue_first_relevant_response_after_critical"": 29, ""blue_first_relevant_response_after_enterprise"": 6, ""enterprise_foothold_step"": 5, ""first_critical_hit_step"": 28, ""window_end"": 30, ""window_start"": 21}"
ours_stage2_fair,11,stage2_ext_016_obj_0,objective_selected,episode_000,6,6011,43,Q2_user_action_during_critical_breach,high,DecoySmss,User4,User,Impact,Op_Server0,"[""Op_Server0""]","[""Op_Server0""]","[""Enterprise0"", ""Enterprise2"", ""Op_Server0"", ""User0"", ""User3""]","[""Enterprise0"", ""Enterprise2"", ""Op_Server0"", ""User0"", ""User3""]","{""blue_first_relevant_response_after_critical"": 42, ""blue_first_relevant_response_after_enterprise"": 34, ""enterprise_foothold_step"": 33, ""first_critical_hit_step"": 40, ""window_end"": null, ""window_start"": null}"
ours_stage2_fair,11,stage2_ext_016_obj_0,objective_selected,episode_000,6,6011,53,Q2_user_action_during_critical_breach,high,DecoySmss,User2,User,PrivilegeEscalate,Op_Server0,"[""Op_Server0""]","[""Op_Server0""]","[""Enterprise0"", ""Op_Server0"", ""User0"", ""User3""]","[""Enterprise0"", ""Op_Server0"", ""User0"", ""User3""]","{""blue_first_relevant_response_after_critical"": 42, ""blue_first_relevant_response_after_enterprise"": 34, ""enterprise_foothold_step"": 33, ""first_critical_hit_step"": 40, ""window_end"": null, ""window_start"": null}"
ours_stage2_fair,11,stage2_ext_016_obj_0,objective_selected,episode_000,6,6011,56,Q2_user_action_during_critical_breach,high,DecoySmss,User4,User,Impact,Op_Server0,"[""Op_Server0""]","[""Op_Server0""]","[""Enterprise0"", ""Op_Server0"", ""User0"", ""User3""]","[""Enterprise0"", ""Op_Server0"", ""User0"", ""User3""]","{""blue_first_relevant_response_after_critical"": 42, ""blue_first_relevant_response_after_enterprise"": 34, ""enterprise_foothold_step"": 33, ""first_critical_hit_step"": 40, ""window_end"": null, ""window_start"": null}"
ours_stage2_fair,11,stage2_ext_016_obj_0,objective_selected,episode_000,6,6011,67,Q2_user_action_during_critical_breach,high,DecoySmss,User4,User,Impact,Op_Server0,"[""Op_Server0""]","[""Op_Server0""]","[""Op_Server0"", ""User0"", ""User3""]","[""Op_Server0"", ""User0"", ""User3""]","{""blue_first_relevant_response_after_critical"": 42, ""blue_first_relevant_response_after_enterprise"": 34, ""enterprise_foothold_step"": 33, ""first_critical_hit_step"": 40, ""window_end"": null, ""window_start"": null}"
ours_stage2_fair,11,stage2_ext_016_obj_0,objective_selected,episode_000,6,6011,68,Q2_user_action_during_critical_breach,high,DecoySmss,User4,User,Impact,Op_Server0,"[""Op_Server0""]","[""Op_Server0""]","[""Op_Server0"", ""User0"", ""User3""]","[""Op_Server0"", ""User0"", ""User3""]","{""blue_first_relevant_response_after_critical"": 42, ""blue_first_relevant_response_after_enterprise"": 34, ""enterprise_foothold_step"": 33, ""first_critical_hit_step"": 40, ""window_end"": null, ""window_start"": null}"
ours_stage2_fair,11,stage2_ext_016_obj_0,objective_selected,episode_000,6,6011,75,Q2_user_action_during_critical_breach,high,DecoyApache,User0,User,Impact,Op_Server0,"[""Op_Server0""]","[""Op_Server0""]","[""Op_Server0"", ""User0"", ""User3""]","[""Op_Server0"", ""User0"", ""User3""]","{""blue_first_relevant_response_after_critical"": 42, ""blue_first_relevant_response_after_enterprise"": 34, ""enterprise_foothold_step"": 33, ""first_critical_hit_step"": 40, ""window_end"": null, ""window_start"": null}"
ours_stage2_fair,11,stage2_ext_016_obj_0,objective_selected,episode_000,6,6011,77,Q2_user_action_during_critical_breach,high,DecoyFemitter,User3,User,Impact,Op_Server0,"[""Op_Server0""]","[""Op_Server0""]","[""Op_Server0"", ""User0"", ""User3""]","[""Op_Server0"", ""User0"", ""User3""]","{""blue_first_relevant_response_after_critical"": 42, ""blue_first_relevant_response_after_enterprise"": 34, ""enterprise_foothold_step"": 33, ""first_critical_hit_step"": 40, ""window_end"": null, ""window_start"": null}"
ours_stage2_fair,11,stage2_ext_016_obj_0,objective_selected,episode_000,6,6011,86,Q2_user_action_during_critical_breach,high,DecoySmss,User4,User,Impact,Op_Server0,"[""Op_Server0""]","[""Op_Server0""]","[""Enterprise2"", ""Op_Server0"", ""User0"", ""User3""]","[""Enterprise2"", ""Op_Server0"", ""User0"", ""User3""]","{""blue_first_relevant_response_after_critical"": 42, ""blue_first_relevant_response_after_enterprise"": 34, ""enterprise_foothold_step"": 33, ""first_critical_hit_step"": 40, ""window_end"": null, ""window_start"": null}"
ours_stage2_fair,11,stage2_ext_016_obj_0,objective_selected,episode_000,6,6011,97,Q2_user_action_during_critical_breach,high,DecoyVsftpd,User0,User,Impact,Op_Server0,"[""Op_Server0""]","[""Op_Server0""]","[""Enterprise2"", ""Op_Server0"", ""User0"", ""User3""]","[""Enterprise2"", ""Op_Server0"", ""User0"", ""User3""]","{""blue_first_relevant_response_after_critical"": 42, ""blue_first_relevant_response_after_enterprise"": 34, ""enterprise_foothold_step"": 33, ""first_critical_hit_step"": 40, ""window_end"": null, ""window_start"": null}"
ours_stage2_fair,11,stage2_ext_016_obj_0,objective_selected,episode_000,6,6011,82,Q5_repeated_low_value_decoy_loop,medium,DecoySmss,User4,User,PrivilegeEscalate,Enterprise2,[],[],"[""Enterprise2"", ""User0"", ""User3""]","[""Enterprise2"", ""User0"", ""User3""]","{""blue_first_relevant_response_after_critical"": 42, ""blue_first_relevant_response_after_enterprise"": 34, ""enterprise_foothold_step"": 33, ""first_critical_hit_step"": 40, ""window_end"": 90, ""window_start"": 81}"
ours_stage2_fair,11,stage2_ext_016_obj_0,objective_selected,episode_000,7,7011,22,Q2_user_action_during_critical_breach,high,Remove,User3,User,PrivilegeEscalate,Op_Server0,"[""Op_Server0""]","[""Op_Server0""]","[""Enterprise0"", ""Op_Server0"", ""User0"", ""User3""]","[""Enterprise0"", ""Op_Server0"", ""User0"", ""User3""]","{""blue_first_relevant_response_after_critical"": 19, ""blue_first_relevant_response_after_enterprise"": 10, ""enterprise_foothold_step"": 5, ""first_critical_hit_step"": 16, ""window_end"": null, ""window_start"": null}"
ours_stage2_fair,11,stage2_ext_016_obj_0,objective_selected,episode_000,7,7011,25,Q2_user_action_during_critical_breach,high,DecoyTomcat,User2,User,Impact,Op_Server0,"[""Op_Server0""]","[""Op_Server0""]","[""Enterprise0"", ""Op_Server0"", ""User0"", ""User3""]","[""Enterprise0"", ""Op_Server0"", ""User0"", ""User3""]","{""blue_first_relevant_response_after_critical"": 19, ""blue_first_relevant_response_after_enterprise"": 10, ""enterprise_foothold_step"": 5, ""first_critical_hit_step"": 16, ""window_end"": null, ""window_start"": null}"
ours_stage2_fair,11,stage2_ext_016_obj_0,objective_selected,episode_000,7,7011,31,Q2_user_action_during_critical_breach,high,DecoySvchost,User4,User,Impact,Op_Server0,"[""Op_Server0""]","[""Op_Server0""]","[""Enterprise0"", ""Op_Server0"", ""User0"", ""User3""]","[""Enterprise0"", ""Op_Server0"", ""User0"", ""User3""]","{""blue_first_relevant_response_after_critical"": 19, ""blue_first_relevant_response_after_enterprise"": 10, ""enterprise_foothold_step"": 5, ""first_critical_hit_step"": 16, ""window_end"": null, ""window_start"": null}"
ours_stage2_fair,11,stage2_ext_016_obj_0,objective_selected,episode_000,7,7011,32,Q2_user_action_during_critical_breach,high,DecoySvchost,User0,User,Impact,Op_Server0,"[""Op_Server0""]","[""Op_Server0""]","[""Enterprise0"", ""Op_Server0"", ""User0"", ""User3""]","[""Enterprise0"", ""Op_Server0"", ""User0"", ""User3""]","{""blue_first_relevant_response_after_critical"": 19, ""blue_first_relevant_response_after_enterprise"": 10, ""enterprise_foothold_step"": 5, ""first_critical_hit_step"": 16, ""window_end"": null, ""window_start"": null}"
ours_stage2_fair,11,stage2_ext_016_obj_0,objective_selected,episode_000,7,7011,33,Q2_user_action_during_critical_breach,high,DecoySvchost,User4,User,Impact,Op_Server0,"[""Op_Server0""]","[""Op_Server0""]","[""Enterprise0"", ""Op_Server0"", ""User0"", ""User3""]","[""Enterprise0"", ""Op_Server0"", ""User0"", ""User3""]","{""blue_first_relevant_response_after_critical"": 19, ""blue_first_relevant_response_after_enterprise"": 10, ""enterprise_foothold_step"": 5, ""first_critical_hit_step"": 16, ""window_end"": null, ""window_start"": null}"
ours_stage2_fair,11,stage2_ext_016_obj_0,objective_selected,episode_000,7,7011,36,Q2_user_action_during_critical_breach,high,DecoyApache,User1,User,Impact,Op_Server0,"[""Op_Server0""]","[""Op_Server0""]","[""Enterprise0"", ""Op_Server0"", ""User0"", ""User3""]","[""Enterprise0"", ""Op_Server0"", ""User0"", ""User3""]","{""blue_first_relevant_response_after_critical"": 19, ""blue_first_relevant_response_after_enterprise"": 10, ""enterprise_foothold_step"": 5, ""first_critical_hit_step"": 16, ""window_end"": null, ""window_start"": null}"
ours_stage2_fair,11,stage2_ext_016_obj_0,objective_selected,episode_000,7,7011,42,Q2_user_action_during_critical_breach,high,DecoyVsftpd,User0,User,Impact,Op_Server0,"[""Op_Server0""]","[""Op_Server0""]","[""Enterprise0"", ""Op_Server0"", ""User0"", ""User3""]","[""Enterprise0"", ""Op_Server0"", ""User0"", ""User3""]","{""blue_first_relevant_response_after_critical"": 19, ""blue_first_relevant_response_after_enterprise"": 10, ""enterprise_foothold_step"": 5, ""first_critical_hit_step"": 16, ""window_end"": null, ""window_start"": null}"
ours_stage2_fair,11,stage2_ext_016_obj_0,objective_selected,episode_000,7,7011,53,Q2_user_action_during_critical_breach,high,Analyse,User1,User,Impact,Op_Server0,"[""Op_Server0""]","[""Op_Server0""]","[""Enterprise0"", ""Op_Server0"", ""User0"", ""User3""]","[""Enterprise0"", ""Op_Server0"", ""User0"", ""User3""]","{""blue_first_relevant_response_after_critical"": 19, ""blue_first_relevant_response_after_enterprise"": 10, ""enterprise_foothold_step"": 5, ""first_critical_hit_step"": 16, ""window_end"": null, ""window_start"": null}"
ours_stage2_fair,11,stage2_ext_016_obj_0,objective_selected,episode_000,7,7011,57,Q2_user_action_during_critical_breach,high,DecoyVsftpd,User4,User,PrivilegeEscalate,Op_Server0,"[""Op_Server0""]","[""Op_Server0""]","[""Enterprise0"", ""Op_Server0"", ""User0"", ""User3""]","[""Enterprise0"", ""Op_Server0"", ""User0"", ""User3""]","{""blue_first_relevant_response_after_critical"": 19, ""blue_first_relevant_response_after_enterprise"": 10, ""enterprise_foothold_step"": 5, ""first_critical_hit_step"": 16, ""window_end"": null, ""window_start"": null}"
ours_stage2_fair,11,stage2_ext_016_obj_0,objective_selected,episode_000,7,7011,59,Q2_user_action_during_critical_breach,high,DecoyTomcat,User2,User,Impact,Op_Server0,"[""Op_Server0""]","[""Op_Server0""]","[""Enterprise0"", ""Op_Server0"", ""User0"", ""User3""]","[""Enterprise0"", ""Op_Server0"", ""User0"", ""User3""]","{""blue_first_relevant_response_after_critical"": 19, ""blue_first_relevant_response_after_enterprise"": 10, ""enterprise_foothold_step"": 5, ""first_critical_hit_step"": 16, ""window_end"": null, ""window_start"": null}"
ours_stage2_fair,11,stage2_ext_016_obj_0,objective_selected,episode_000,7,7011,64,Q2_user_action_during_critical_breach,high,DecoySmss,User4,User,Impact,Op_Server0,"[""Op_Server0""]","[""Op_Server0""]","[""Enterprise0"", ""Op_Server0"", ""User0"", ""User3""]","[""Enterprise0"", ""Op_Server0"", ""User0"", ""User3""]","{""blue_first_relevant_response_after_critical"": 19, ""blue_first_relevant_response_after_enterprise"": 10, ""enterprise_foothold_step"": 5, ""first_critical_hit_step"": 16, ""window_end"": null, ""window_start"": null}"
ours_stage2_fair,11,stage2_ext_016_obj_0,objective_selected,episode_000,7,7011,67,Q2_user_action_during_critical_breach,high,DecoySmss,User4,User,Impact,Op_Server0,"[""Op_Server0""]","[""Op_Server0""]","[""Enterprise0"", ""Op_Server0"", ""User0"", ""User3""]","[""Enterprise0"", ""Op_Server0"", ""User0"", ""User3""]","{""blue_first_relevant_response_after_critical"": 19, ""blue_first_relevant_response_after_enterprise"": 10, ""enterprise_foothold_step"": 5, ""first_critical_hit_step"": 16, ""window_end"": null, ""window_start"": null}"
ours_stage2_fair,11,stage2_ext_016_obj_0,objective_selected,episode_000,7,7011,69,Q2_user_action_during_critical_breach,high,DecoyApache,User2,User,Impact,Op_Server0,"[""Op_Server0""]","[""Op_Server0""]","[""Enterprise0"", ""Op_Server0"", ""User0"", ""User3""]","[""Enterprise0"", ""Op_Server0"", ""User0"", ""User3""]","{""blue_first_relevant_response_after_critical"": 19, ""blue_first_relevant_response_after_enterprise"": 10, ""enterprise_foothold_step"": 5, ""first_critical_hit_step"": 16, ""window_end"": null, ""window_start"": null}"
ours_stage2_fair,11,stage2_ext_016_obj_0,objective_selected,episode_000,7,7011,75,Q2_user_action_during_critical_breach,high,DecoySmss,User2,User,Impact,Op_Server0,"[""Op_Server0""]","[""Op_Server0""]","[""Op_Server0"", ""User0"", ""User3""]","[""Op_Server0"", ""User0"", ""User3""]","{""blue_first_relevant_response_after_critical"": 19, ""blue_first_relevant_response_after_enterprise"": 10, ""enterprise_foothold_step"": 5, ""first_critical_hit_step"": 16, ""window_end"": null, ""window_start"": null}"
ours_stage2_fair,11,stage2_ext_016_obj_0,objective_selected,episode_000,7,7011,90,Q2_user_action_during_critical_breach,high,DecoyVsftpd,User0,User,Impact,Op_Server0,"[""Op_Server0""]","[""Op_Server0""]","[""Op_Server0"", ""User0"", ""User3""]","[""Op_Server0"", ""User0"", ""User3""]","{""blue_first_relevant_response_after_critical"": 19, ""blue_first_relevant_response_after_enterprise"": 10, ""enterprise_foothold_step"": 5, ""first_critical_hit_step"": 16, ""window_end"": null, ""window_start"": null}"
ours_stage2_fair,11,stage2_ext_016_obj_0,objective_selected,episode_000,7,7011,95,Q2_user_action_during_critical_breach,high,Remove,User3,User,Impact,Op_Server0,"[""Op_Server0""]","[""Op_Server0""]","[""Op_Server0"", ""User0"", ""User3""]","[""Op_Server0"", ""User0"", ""User3""]","{""blue_first_relevant_response_after_critical"": 19, ""blue_first_relevant_response_after_enterprise"": 10, ""enterprise_foothold_step"": 5, ""first_critical_hit_step"": 16, ""window_end"": null, ""window_start"": null}"
ours_stage2_fair,11,stage2_ext_016_obj_0,objective_selected,episode_000,7,7011,97,Q2_user_action_during_critical_breach,high,DecoyVsftpd,User3,User,Impact,Op_Server0,"[""Op_Server0""]","[""Op_Server0""]","[""Op_Server0"", ""User0"", ""User3""]","[""Op_Server0"", ""User0"", ""User3""]","{""blue_first_relevant_response_after_critical"": 19, ""blue_first_relevant_response_after_enterprise"": 10, ""enterprise_foothold_step"": 5, ""first_critical_hit_step"": 16, ""window_end"": null, ""window_start"": null}"
ours_stage2_fair,11,stage2_ext_016_obj_0,objective_selected,episode_000,7,7011,6,Q4_user_focus_after_enterprise_foothold,medium,DecoyVsftpd,User3,User,PrivilegeEscalate,Enterprise0,[],[],"[""Enterprise0"", ""User0"", ""User3""]","[""Enterprise0"", ""User0"", ""User3""]","{""blue_first_relevant_response_after_critical"": 19, ""blue_first_relevant_response_after_enterprise"": 10, ""enterprise_foothold_step"": 5, ""first_critical_hit_step"": 16, ""window_end"": 8, ""window_start"": 6}"
ours_stage2_fair,11,stage2_ext_016_obj_0,objective_selected,episode_000,7,7011,31,Q4_user_focus_after_enterprise_foothold,medium,DecoySvchost,User4,User,Impact,Op_Server0,"[""Op_Server0""]","[""Op_Server0""]","[""Enterprise0"", ""Op_Server0"", ""User0"", ""User3""]","[""Enterprise0"", ""Op_Server0"", ""User0"", ""User3""]","{""blue_first_relevant_response_after_critical"": 19, ""blue_first_relevant_response_after_enterprise"": 10, ""enterprise_foothold_step"": 5, ""first_critical_hit_step"": 16, ""window_end"": 33, ""window_start"": 31}"
ours_stage2_fair,11,stage2_ext_016_obj_0,objective_selected,episode_001,0,12,32,Q2_user_action_during_critical_breach,high,DecoySmss,User4,User,PrivilegeEscalate,Op_Server0,"[""Op_Server0""]","[""Op_Server0""]","[""Enterprise2"", ""Op_Server0"", ""User0"", ""User3""]","[""Enterprise2"", ""Op_Server0"", ""User0"", ""User3""]","{""blue_first_relevant_response_after_critical"": 13, ""blue_first_relevant_response_after_enterprise"": 12, ""enterprise_foothold_step"": 5, ""first_critical_hit_step"": 12, ""window_end"": null, ""window_start"": null}"
ours_stage2_fair,11,stage2_ext_016_obj_0,objective_selected,episode_001,0,12,36,Q2_user_action_during_critical_breach,high,DecoyHarakaSMPT,User1,User,Impact,Op_Server0,"[""Op_Server0""]","[""Op_Server0""]","[""Enterprise2"", ""Op_Server0"", ""User0"", ""User3""]","[""Enterprise2"", ""Op_Server0"", ""User0"", ""User3""]","{""blue_first_relevant_response_after_critical"": 13, ""blue_first_relevant_response_after_enterprise"": 12, ""enterprise_foothold_step"": 5, ""first_critical_hit_step"": 12, ""window_end"": null, ""window_start"": null}"
ours_stage2_fair,11,stage2_ext_016_obj_0,objective_selected,episode_001,0,12,42,Q2_user_action_during_critical_breach,high,DecoyVsftpd,User4,User,Impact,Op_Server0,"[""Op_Server0""]","[""Op_Server0""]","[""Op_Server0"", ""User0"", ""User3""]","[""Op_Server0"", ""User0"", ""User3""]","{""blue_first_relevant_response_after_critical"": 13, ""blue_first_relevant_response_after_enterprise"": 12, ""enterprise_foothold_step"": 5, ""first_critical_hit_step"": 12, ""window_end"": null, ""window_start"": null}"
ours_stage2_fair,11,stage2_ext_016_obj_0,objective_selected,episode_001,0,12,44,Q2_user_action_during_critical_breach,high,DecoySvchost,User4,User,Impact,Op_Server0,"[""Op_Server0""]","[""Op_Server0""]","[""Op_Server0"", ""User0"", ""User3""]","[""Op_Server0"", ""User0"", ""User3""]","{""blue_first_relevant_response_after_critical"": 13, ""blue_first_relevant_response_after_enterprise"": 12, ""enterprise_foothold_step"": 5, ""first_critical_hit_step"": 12, ""window_end"": null, ""window_start"": null}"
ours_stage2_fair,11,stage2_ext_016_obj_0,objective_selected,episode_001,0,12,51,Q1_sleep_during_critical_breach,high,Sleep,,,Impact,Op_Server0,"[""Op_Server0""]","[""Op_Server0""]","[""Op_Server0"", ""User0"", ""User3""]","[""Op_Server0"", ""User0"", ""User3""]","{""blue_first_relevant_response_after_critical"": 13, ""blue_first_relevant_response_after_enterprise"": 12, ""enterprise_foothold_step"": 5, ""first_critical_hit_step"": 12, ""window_end"": null, ""window_start"": null}"
ours_stage2_fair,11,stage2_ext_016_obj_0,objective_selected,episode_001,0,12,55,Q2_user_action_during_critical_breach,high,DecoyTomcat,User2,User,Impact,Op_Server0,"[""Op_Server0""]","[""Op_Server0""]","[""Op_Server0"", ""User0"", ""User3""]","[""Op_Server0"", ""User0"", ""User3""]","{""blue_first_relevant_response_after_critical"": 13, ""blue_first_relevant_response_after_enterprise"": 12, ""enterprise_foothold_step"": 5, ""first_critical_hit_step"": 12, ""window_end"": null, ""window_start"": null}"
ours_stage2_fair,11,stage2_ext_016_obj_0,objective_selected,episode_001,0,12,58,Q2_user_action_during_critical_breach,high,DecoyVsftpd,User2,User,Impact,Op_Server0,"[""Op_Server0""]","[""Op_Server0""]","[""Op_Server0"", ""User0"", ""User3""]","[""Op_Server0"", ""User0"", ""User3""]","{""blue_first_relevant_response_after_critical"": 13, ""blue_first_relevant_response_after_enterprise"": 12, ""enterprise_foothold_step"": 5, ""first_critical_hit_step"": 12, ""window_end"": null, ""window_start"": null}"
ours_stage2_fair,11,stage2_ext_016_obj_0,objective_selected,episode_001,0,12,61,Q2_user_action_during_critical_breach,high,DecoySmss,User4,User,Impact,Op_Server0,"[""Op_Server0""]","[""Op_Server0""]","[""Op_Server0"", ""User0"", ""User3""]","[""Op_Server0"", ""User0"", ""User3""]","{""blue_first_relevant_response_after_critical"": 13, ""blue_first_relevant_response_after_enterprise"": 12, ""enterprise_foothold_step"": 5, ""first_critical_hit_step"": 12, ""window_end"": null, ""window_start"": null}"
ours_stage2_fair,11,stage2_ext_016_obj_0,objective_selected,episode_001,0,12,64,Q2_user_action_during_critical_breach,high,DecoyVsftpd,User0,User,Impact,Op_Server0,"[""Op_Server0""]","[""Op_Server0""]","[""Op_Server0"", ""User0"", ""User3""]","[""Op_Server0"", ""User0"", ""User3""]","{""blue_first_relevant_response_after_critical"": 13, ""blue_first_relevant_response_after_enterprise"": 12, ""enterprise_foothold_step"": 5, ""first_critical_hit_step"": 12, ""window_end"": null, ""window_start"": null}"
ours_stage2_fair,11,stage2_ext_016_obj_0,objective_selected,episode_001,0,12,68,Q2_user_action_during_critical_breach,high,DecoyFemitter,User4,User,Impact,Op_Server0,"[""Op_Server0""]","[""Op_Server0""]","[""Op_Server0"", ""User0"", ""User3""]","[""Op_Server0"", ""User0"", ""User3""]","{""blue_first_relevant_response_after_critical"": 13, ""blue_first_relevant_response_after_enterprise"": 12, ""enterprise_foothold_step"": 5, ""first_critical_hit_step"": 12, ""window_end"": null, ""window_start"": null}"
ours_stage2_fair,11,stage2_ext_016_obj_0,objective_selected,episode_001,0,12,81,Q2_user_action_during_critical_breach,high,DecoyTomcat,User4,User,Impact,Op_Server0,"[""Op_Server0""]","[""Op_Server0""]","[""Enterprise2"", ""Op_Server0"", ""User0"", ""User3""]","[""Enterprise2"", ""Op_Server0"", ""User0"", ""User3""]","{""blue_first_relevant_response_after_critical"": 13, ""blue_first_relevant_response_after_enterprise"": 12, ""enterprise_foothold_step"": 5, ""first_critical_hit_step"": 12, ""window_end"": null, ""window_start"": null}"
ours_stage2_fair,11,stage2_ext_016_obj_0,objective_selected,episode_001,0,12,84,Q2_user_action_during_critical_breach,high,DecoyVsftpd,User0,User,Impact,Op_Server0,"[""Op_Server0""]","[""Op_Server0""]","[""Op_Server0"", ""User0"", ""User3""]","[""Op_Server0"", ""User0"", ""User3""]","{""blue_first_relevant_response_after_critical"": 13, ""blue_first_relevant_response_after_enterprise"": 12, ""enterprise_foothold_step"": 5, ""first_critical_hit_step"": 12, ""window_end"": null, ""window_start"": null}"
ours_stage2_fair,11,stage2_ext_016_obj_0,objective_selected,episode_001,0,12,91,Q2_user_action_during_critical_breach,high,Analyse,User1,User,Impact,Op_Server0,"[""Op_Server0""]","[""Op_Server0""]","[""Op_Server0"", ""User0"", ""User3""]","[""Op_Server0"", ""User0"", ""User3""]","{""blue_first_relevant_response_after_critical"": 13, ""blue_first_relevant_response_after_enterprise"": 12, ""enterprise_foothold_step"": 5, ""first_critical_hit_step"": 12, ""window_end"": null, ""window_start"": null}"
ours_stage2_fair,11,stage2_ext_016_obj_0,objective_selected,episode_001,0,12,95,Q2_user_action_during_critical_breach,high,DecoySmss,User4,User,Impact,Op_Server0,"[""Op_Server0""]","[""Op_Server0""]","[""Op_Server0"", ""User0"", ""User3""]","[""Op_Server0"", ""User0"", ""User3""]","{""blue_first_relevant_response_after_critical"": 13, ""blue_first_relevant_response_after_enterprise"": 12, ""enterprise_foothold_step"": 5, ""first_critical_hit_step"": 12, ""window_end"": null, ""window_start"": null}"
ours_stage2_fair,11,stage2_ext_016_obj_0,objective_selected,episode_001,1,1012,36,Q2_user_action_during_critical_breach,high,Remove,User1,User,Impact,Op_Server0,"[""Op_Server0""]","[""Op_Server0""]","[""Enterprise1"", ""Enterprise2"", ""Op_Server0"", ""User0"", ""User2""]","[""Enterprise1"", ""Enterprise2"", ""Op_Server0"", ""User0"", ""User2""]","{""blue_first_relevant_response_after_critical"": 35, ""blue_first_relevant_response_after_enterprise"": 14, ""enterprise_foothold_step"": 13, ""first_critical_hit_step"": 32, ""window_end"": null, ""window_start"": null}"
ours_stage2_fair,11,stage2_ext_016_obj_0,objective_selected,episode_001,1,1012,39,Q2_user_action_during_critical_breach,high,Restore,User1,User,Impact,Op_Server0,"[""Op_Server0""]","[""Op_Server0""]","[""Enterprise1"", ""Op_Server0"", ""User0"", ""User2""]","[""Enterprise1"", ""Op_Server0"", ""User0"", ""User2""]","{""blue_first_relevant_response_after_critical"": 35, ""blue_first_relevant_response_after_enterprise"": 14, ""enterprise_foothold_step"": 13, ""first_critical_hit_step"": 32, ""window_end"": null, ""window_start"": null}"
ours_stage2_fair,11,stage2_ext_016_obj_0,objective_selected,episode_001,1,1012,40,Q2_user_action_during_critical_breach,high,DecoySmss,User4,User,Impact,Op_Server0,"[""Op_Server0""]","[""Op_Server0""]","[""Enterprise1"", ""Op_Server0"", ""User0"", ""User2""]","[""Enterprise1"", ""Op_Server0"", ""User0"", ""User2""]","{""blue_first_relevant_response_after_critical"": 35, ""blue_first_relevant_response_after_enterprise"": 14, ""enterprise_foothold_step"": 13, ""first_critical_hit_step"": 32, ""window_end"": null, ""window_start"": null}"
ours_stage2_fair,11,stage2_ext_016_obj_0,objective_selected,episode_001,1,1012,45,Q2_user_action_during_critical_breach,high,DecoySvchost,User0,User,Impact,Op_Server0,"[""Op_Server0""]","[""Op_Server0""]","[""Enterprise1"", ""Op_Server0"", ""User0"", ""User2""]","[""Enterprise1"", ""Op_Server0"", ""User0"", ""User2""]","{""blue_first_relevant_response_after_critical"": 35, ""blue_first_relevant_response_after_enterprise"": 14, ""enterprise_foothold_step"": 13, ""first_critical_hit_step"": 32, ""window_end"": null, ""window_start"": null}"
ours_stage2_fair,11,stage2_ext_016_obj_0,objective_selected,episode_001,1,1012,57,Q2_user_action_during_critical_breach,high,DecoyApache,User0,User,Impact,Op_Server0,"[""Op_Server0""]","[""Op_Server0""]","[""Enterprise1"", ""Op_Server0"", ""User0"", ""User2""]","[""Enterprise1"", ""Op_Server0"", ""User0"", ""User2""]","{""blue_first_relevant_response_after_critical"": 35, ""blue_first_relevant_response_after_enterprise"": 14, ""enterprise_foothold_step"": 13, ""first_critical_hit_step"": 32, ""window_end"": null, ""window_start"": null}"
ours_stage2_fair,11,stage2_ext_016_obj_0,objective_selected,episode_001,1,1012,59,Q2_user_action_during_critical_breach,high,DecoyFemitter,User2,User,Impact,Op_Server0,"[""Op_Server0""]","[""Op_Server0""]","[""Enterprise1"", ""Op_Server0"", ""User0"", ""User2""]","[""Enterprise1"", ""Op_Server0"", ""User0"", ""User2""]","{""blue_first_relevant_response_after_critical"": 35, ""blue_first_relevant_response_after_enterprise"": 14, ""enterprise_foothold_step"": 13, ""first_critical_hit_step"": 32, ""window_end"": null, ""window_start"": null}"
ours_stage2_fair,11,stage2_ext_016_obj_0,objective_selected,episode_001,1,1012,66,Q2_user_action_during_critical_breach,high,DecoyVsftpd,User2,User,Impact,Op_Server0,"[""Op_Server0""]","[""Op_Server0""]","[""Enterprise1"", ""Op_Server0"", ""User0"", ""User2""]","[""Enterprise1"", ""Op_Server0"", ""User0"", ""User2""]","{""blue_first_relevant_response_after_critical"": 35, ""blue_first_relevant_response_after_enterprise"": 14, ""enterprise_foothold_step"": 13, ""first_critical_hit_step"": 32, ""window_end"": null, ""window_start"": null}"
ours_stage2_fair,11,stage2_ext_016_obj_0,objective_selected,episode_001,1,1012,67,Q2_user_action_during_critical_breach,high,DecoyTomcat,User1,User,Impact,Op_Server0,"[""Op_Server0""]","[""Op_Server0""]","[""Enterprise1"", ""Op_Server0"", ""User0"", ""User2""]","[""Enterprise1"", ""Op_Server0"", ""User0"", ""User2""]","{""blue_first_relevant_response_after_critical"": 35, ""blue_first_relevant_response_after_enterprise"": 14, ""enterprise_foothold_step"": 13, ""first_critical_hit_step"": 32, ""window_end"": null, ""window_start"": null}"
ours_stage2_fair,11,stage2_ext_016_obj_0,objective_selected,episode_001,1,1012,69,Q2_user_action_during_critical_breach,high,DecoyVsftpd,User1,User,Impact,Op_Server0,"[""Op_Server0""]","[""Op_Server0""]","[""Enterprise1"", ""Op_Server0"", ""User0"", ""User2""]","[""Enterprise1"", ""Op_Server0"", ""User0"", ""User2""]","{""blue_first_relevant_response_after_critical"": 35, ""blue_first_relevant_response_after_enterprise"": 14, ""enterprise_foothold_step"": 13, ""first_critical_hit_step"": 32, ""window_end"": null, ""window_start"": null}"
ours_stage2_fair,11,stage2_ext_016_obj_0,objective_selected,episode_001,1,1012,72,Q2_user_action_during_critical_breach,high,DecoyApache,User1,User,Impact,Op_Server0,"[""Op_Server0""]","[""Op_Server0""]","[""Enterprise1"", ""Op_Server0"", ""User0"", ""User2""]","[""Enterprise1"", ""Op_Server0"", ""User0"", ""User2""]","{""blue_first_relevant_response_after_critical"": 35, ""blue_first_relevant_response_after_enterprise"": 14, ""enterprise_foothold_step"": 13, ""first_critical_hit_step"": 32, ""window_end"": null, ""window_start"": null}"
ours_stage2_fair,11,stage2_ext_016_obj_0,objective_selected,episode_001,1,1012,73,Q2_user_action_during_critical_breach,high,DecoySmss,User4,User,Impact,Op_Server0,"[""Op_Server0""]","[""Op_Server0""]","[""Enterprise1"", ""Op_Server0"", ""User0"", ""User2""]","[""Enterprise1"", ""Op_Server0"", ""User0"", ""User2""]","{""blue_first_relevant_response_after_critical"": 35, ""blue_first_relevant_response_after_enterprise"": 14, ""enterprise_foothold_step"": 13, ""first_critical_hit_step"": 32, ""window_end"": null, ""window_start"": null}"
ours_stage2_fair,11,stage2_ext_016_obj_0,objective_selected,episode_001,1,1012,74,Q2_user_action_during_critical_breach,high,DecoyFemitter,User2,User,Impact,Op_Server0,"[""Op_Server0""]","[""Op_Server0""]","[""Enterprise1"", ""Op_Server0"", ""User0"", ""User2""]","[""Enterprise1"", ""Op_Server0"", ""User0"", ""User2""]","{""blue_first_relevant_response_after_critical"": 35, ""blue_first_relevant_response_after_enterprise"": 14, ""enterprise_foothold_step"": 13, ""first_critical_hit_step"": 32, ""window_end"": null, ""window_start"": null}"
ours_stage2_fair,11,stage2_ext_016_obj_0,objective_selected,episode_001,1,1012,79,Q2_user_action_during_critical_breach,high,DecoySmss,User4,User,Impact,Op_Server0,"[""Op_Server0""]","[""Op_Server0""]","[""Enterprise1"", ""Op_Server0"", ""User0"", ""User2""]","[""Enterprise1"", ""Op_Server0"", ""User0"", ""User2""]","{""blue_first_relevant_response_after_critical"": 35, ""blue_first_relevant_response_after_enterprise"": 14, ""enterprise_foothold_step"": 13, ""first_critical_hit_step"": 32, ""window_end"": null, ""window_start"": null}"
ours_stage2_fair,11,stage2_ext_016_obj_0,objective_selected,episode_001,1,1012,84,Q2_user_action_during_critical_breach,high,DecoyHarakaSMPT,User1,User,PrivilegeEscalate,Op_Server0,"[""Op_Server0""]","[""Op_Server0""]","[""Enterprise1"", ""Op_Server0"", ""User0"", ""User2""]","[""Enterprise1"", ""Op_Server0"", ""User0"", ""User2""]","{""blue_first_relevant_response_after_critical"": 35, ""blue_first_relevant_response_after_enterprise"": 14, ""enterprise_foothold_step"": 13, ""first_critical_hit_step"": 32, ""window_end"": null, ""window_start"": null}"
ours_stage2_fair,11,stage2_ext_016_obj_0,objective_selected,episode_001,1,1012,87,Q2_user_action_during_critical_breach,high,DecoyVsftpd,User3,User,Impact,Op_Server0,"[""Op_Server0""]","[""Op_Server0""]","[""Enterprise1"", ""Op_Server0"", ""User0"", ""User2""]","[""Enterprise1"", ""Op_Server0"", ""User0"", ""User2""]","{""blue_first_relevant_response_after_critical"": 35, ""blue_first_relevant_response_after_enterprise"": 14, ""enterprise_foothold_step"": 13, ""first_critical_hit_step"": 32, ""window_end"": null, ""window_start"": null}"
ours_stage2_fair,11,stage2_ext_016_obj_0,objective_selected,episode_001,1,1012,89,Q2_user_action_during_critical_breach,high,DecoyVsftpd,User4,User,Impact,Op_Server0,"[""Op_Server0""]","[""Op_Server0""]","[""Enterprise1"", ""Op_Server0"", ""User0"", ""User2""]","[""Enterprise1"", ""Op_Server0"", ""User0"", ""User2""]","{""blue_first_relevant_response_after_critical"": 35, ""blue_first_relevant_response_after_enterprise"": 14, ""enterprise_foothold_step"": 13, ""first_critical_hit_step"": 32, ""window_end"": null, ""window_start"": null}"
ours_stage2_fair,11,stage2_ext_016_obj_0,objective_selected,episode_001,1,1012,92,Q2_user_action_during_critical_breach,high,DecoyVsftpd,User0,User,Impact,Op_Server0,"[""Op_Server0""]","[""Op_Server0""]","[""Enterprise1"", ""Op_Server0"", ""User0"", ""User2""]","[""Enterprise1"", ""Op_Server0"", ""User0"", ""User2""]","{""blue_first_relevant_response_after_critical"": 35, ""blue_first_relevant_response_after_enterprise"": 14, ""enterprise_foothold_step"": 13, ""first_critical_hit_step"": 32, ""window_end"": null, ""window_start"": null}"
ours_stage2_fair,11,stage2_ext_016_obj_0,objective_selected,episode_001,1,1012,93,Q2_user_action_during_critical_breach,high,DecoyVsftpd,User4,User,Impact,Op_Server0,"[""Op_Server0""]","[""Op_Server0""]","[""Enterprise1"", ""Op_Server0"", ""User0"", ""User2""]","[""Enterprise1"", ""Op_Server0"", ""User0"", ""User2""]","{""blue_first_relevant_response_after_critical"": 35, ""blue_first_relevant_response_after_enterprise"": 14, ""enterprise_foothold_step"": 13, ""first_critical_hit_step"": 32, ""window_end"": null, ""window_start"": null}"
ours_stage2_fair,11,stage2_ext_016_obj_0,objective_selected,episode_001,1,1012,98,Q2_user_action_during_critical_breach,high,DecoyTomcat,User2,User,Impact,Op_Server0,"[""Op_Server0""]","[""Op_Server0""]","[""Enterprise1"", ""Op_Server0"", ""User0"", ""User2""]","[""Enterprise1"", ""Op_Server0"", ""User0"", ""User2""]","{""blue_first_relevant_response_after_critical"": 35, ""blue_first_relevant_response_after_enterprise"": 14, ""enterprise_foothold_step"": 13, ""first_critical_hit_step"": 32, ""window_end"": null, ""window_start"": null}"
ours_stage2_fair,11,stage2_ext_016_obj_0,objective_selected,episode_001,1,1012,72,Q4_user_focus_after_enterprise_foothold,medium,DecoyApache,User1,User,Impact,Op_Server0,"[""Op_Server0""]","[""Op_Server0""]","[""Enterprise1"", ""Op_Server0"", ""User0"", ""User2""]","[""Enterprise1"", ""Op_Server0"", ""User0"", ""User2""]","{""blue_first_relevant_response_after_critical"": 35, ""blue_first_relevant_response_after_enterprise"": 14, ""enterprise_foothold_step"": 13, ""first_critical_hit_step"": 32, ""window_end"": 74, ""window_start"": 72}"
ours_stage2_fair,11,stage2_ext_016_obj_0,objective_selected,episode_001,2,2012,18,Q2_user_action_during_critical_breach,high,Remove,User2,User,Impact,Op_Server0,"[""Op_Server0""]","[""Op_Server0""]","[""Enterprise0"", ""Enterprise2"", ""Op_Server0"", ""User0"", ""User3""]","[""Enterprise0"", ""Enterprise2"", ""Op_Server0"", ""User0"", ""User3""]","{""blue_first_relevant_response_after_critical"": 19, ""blue_first_relevant_response_after_enterprise"": 11, ""enterprise_foothold_step"": 5, ""first_critical_hit_step"": 16, ""window_end"": null, ""window_start"": null}"
ours_stage2_fair,11,stage2_ext_016_obj_0,objective_selected,episode_001,2,2012,20,Q2_user_action_during_critical_breach,high,DecoyVsftpd,User0,User,Impact,Op_Server0,"[""Op_Server0""]","[""Op_Server0""]","[""Enterprise2"", ""Op_Server0"", ""User0"", ""User3""]","[""Enterprise2"", ""Op_Server0"", ""User0"", ""User3""]","{""blue_first_relevant_response_after_critical"": 19, ""blue_first_relevant_response_after_enterprise"": 11, ""enterprise_foothold_step"": 5, ""first_critical_hit_step"": 16, ""window_end"": null, ""window_start"": null}"
ours_stage2_fair,11,stage2_ext_016_obj_0,objective_selected,episode_001,2,2012,25,Q2_user_action_during_critical_breach,high,Restore,User4,User,Impact,Op_Server0,"[""Op_Server0""]","[""Op_Server0""]","[""Enterprise2"", ""Op_Server0"", ""User0"", ""User3""]","[""Enterprise2"", ""Op_Server0"", ""User0"", ""User3""]","{""blue_first_relevant_response_after_critical"": 19, ""blue_first_relevant_response_after_enterprise"": 11, ""enterprise_foothold_step"": 5, ""first_critical_hit_step"": 16, ""window_end"": null, ""window_start"": null}"
ours_stage2_fair,11,stage2_ext_016_obj_0,objective_selected,episode_001,2,2012,28,Q2_user_action_during_critical_breach,high,DecoyApache,User0,User,Impact,Op_Server0,"[""Op_Server0""]","[""Op_Server0""]","[""Enterprise2"", ""Op_Server0"", ""User0"", ""User3""]","[""Enterprise2"", ""Op_Server0"", ""User0"", ""User3""]","{""blue_first_relevant_response_after_critical"": 19, ""blue_first_relevant_response_after_enterprise"": 11, ""enterprise_foothold_step"": 5, ""first_critical_hit_step"": 16, ""window_end"": null, ""window_start"": null}"
ours_stage2_fair,11,stage2_ext_016_obj_0,objective_selected,episode_001,2,2012,33,Q2_user_action_during_critical_breach,high,Remove,User1,User,Impact,Op_Server0,"[""Op_Server0""]","[""Op_Server0""]","[""Op_Server0"", ""User0"", ""User3""]","[""Op_Server0"", ""User0"", ""User3""]","{""blue_first_relevant_response_after_critical"": 19, ""blue_first_relevant_response_after_enterprise"": 11, ""enterprise_foothold_step"": 5, ""first_critical_hit_step"": 16, ""window_end"": null, ""window_start"": null}"
ours_stage2_fair,11,stage2_ext_016_obj_0,objective_selected,episode_001,2,2012,34,Q2_user_action_during_critical_breach,high,Remove,User0,User,Impact,Op_Server0,"[""Op_Server0""]","[""Op_Server0""]","[""Op_Server0"", ""User0"", ""User3""]","[""Op_Server0"", ""User0"", ""User3""]","{""blue_first_relevant_response_after_critical"": 19, ""blue_first_relevant_response_after_enterprise"": 11, ""enterprise_foothold_step"": 5, ""first_critical_hit_step"": 16, ""window_end"": null, ""window_start"": null}"
ours_stage2_fair,11,stage2_ext_016_obj_0,objective_selected,episode_001,2,2012,55,Q2_user_action_during_critical_breach,high,DecoySvchost,User4,User,Impact,Op_Server0,"[""Op_Server0""]","[""Op_Server0""]","[""Enterprise2"", ""Op_Server0"", ""User0"", ""User3""]","[""Enterprise2"", ""Op_Server0"", ""User0"", ""User3""]","{""blue_first_relevant_response_after_critical"": 19, ""blue_first_relevant_response_after_enterprise"": 11, ""enterprise_foothold_step"": 5, ""first_critical_hit_step"": 16, ""window_end"": null, ""window_start"": null}"
ours_stage2_fair,11,stage2_ext_016_obj_0,objective_selected,episode_001,2,2012,59,Q2_user_action_during_critical_breach,high,DecoySmss,User3,User,Impact,Op_Server0,"[""Op_Server0""]","[""Op_Server0""]","[""Enterprise2"", ""Op_Server0"", ""User0"", ""User3""]","[""Enterprise2"", ""Op_Server0"", ""User0"", ""User3""]","{""blue_first_relevant_response_after_critical"": 19, ""blue_first_relevant_response_after_enterprise"": 11, ""enterprise_foothold_step"": 5, ""first_critical_hit_step"": 16, ""window_end"": null, ""window_start"": null}"
ours_stage2_fair,11,stage2_ext_016_obj_0,objective_selected,episode_001,2,2012,72,Q2_user_action_during_critical_breach,high,Analyse,User1,User,Impact,Op_Server0,"[""Op_Server0""]","[""Op_Server0""]","[""Enterprise2"", ""Op_Server0"", ""User0"", ""User3""]","[""Enterprise2"", ""Op_Server0"", ""User0"", ""User3""]","{""blue_first_relevant_response_after_critical"": 19, ""blue_first_relevant_response_after_enterprise"": 11, ""enterprise_foothold_step"": 5, ""first_critical_hit_step"": 16, ""window_end"": null, ""window_start"": null}"
ours_stage2_fair,11,stage2_ext_016_obj_0,objective_selected,episode_001,2,2012,83,Q2_user_action_during_critical_breach,high,DecoySmss,User0,User,Impact,Op_Server0,"[""Op_Server0""]","[""Op_Server0""]","[""Op_Server0"", ""User0"", ""User3""]","[""Op_Server0"", ""User0"", ""User3""]","{""blue_first_relevant_response_after_critical"": 19, ""blue_first_relevant_response_after_enterprise"": 11, ""enterprise_foothold_step"": 5, ""first_critical_hit_step"": 16, ""window_end"": null, ""window_start"": null}"
ours_stage2_fair,11,stage2_ext_016_obj_0,objective_selected,episode_001,2,2012,84,Q2_user_action_during_critical_breach,high,DecoySvchost,User4,User,Impact,Op_Server0,"[""Op_Server0""]","[""Op_Server0""]","[""Op_Server0"", ""User0"", ""User3""]","[""Op_Server0"", ""User0"", ""User3""]","{""blue_first_relevant_response_after_critical"": 19, ""blue_first_relevant_response_after_enterprise"": 11, ""enterprise_foothold_step"": 5, ""first_critical_hit_step"": 16, ""window_end"": null, ""window_start"": null}"
ours_stage2_fair,11,stage2_ext_016_obj_0,objective_selected,episode_001,2,2012,85,Q2_user_action_during_critical_breach,high,DecoySmss,User4,User,Impact,Op_Server0,"[""Op_Server0""]","[""Op_Server0""]","[""Op_Server0"", ""User0"", ""User3""]","[""Op_Server0"", ""User0"", ""User3""]","{""blue_first_relevant_response_after_critical"": 19, ""blue_first_relevant_response_after_enterprise"": 11, ""enterprise_foothold_step"": 5, ""first_critical_hit_step"": 16, ""window_end"": null, ""window_start"": null}"
ours_stage2_fair,11,stage2_ext_016_obj_0,objective_selected,episode_001,2,2012,6,Q4_user_focus_after_enterprise_foothold,medium,DecoySmss,User3,User,PrivilegeEscalate,Enterprise0,[],[],"[""Enterprise0"", ""User0"", ""User3""]","[""Enterprise0"", ""User0"", ""User3""]","{""blue_first_relevant_response_after_critical"": 19, ""blue_first_relevant_response_after_enterprise"": 11, ""enterprise_foothold_step"": 5, ""first_critical_hit_step"": 16, ""window_end"": 8, ""window_start"": 6}"
ours_stage2_fair,11,stage2_ext_016_obj_0,objective_selected,episode_001,2,2012,64,Q4_user_focus_after_enterprise_foothold,medium,DecoyVsftpd,User0,User,ExploitRemoteService,,[],[],"[""Enterprise2"", ""User0"", ""User3""]","[""Enterprise2"", ""User0"", ""User3""]","{""blue_first_relevant_response_after_critical"": 19, ""blue_first_relevant_response_after_enterprise"": 11, ""enterprise_foothold_step"": 5, ""first_critical_hit_step"": 16, ""window_end"": 66, ""window_start"": 64}"
ours_stage2_fair,11,stage2_ext_016_obj_0,objective_selected,episode_001,2,2012,65,Q4_user_focus_after_enterprise_foothold,medium,DecoySmss,User4,User,PrivilegeEscalate,Enterprise2,[],[],"[""Enterprise2"", ""User0"", ""User3""]","[""Enterprise2"", ""User0"", ""User3""]","{""blue_first_relevant_response_after_critical"": 19, ""blue_first_relevant_response_after_enterprise"": 11, ""enterprise_foothold_step"": 5, ""first_critical_hit_step"": 16, ""window_end"": 67, ""window_start"": 65}"
ours_stage2_fair,11,stage2_ext_016_obj_0,objective_selected,episode_001,2,2012,83,Q4_user_focus_after_enterprise_foothold,medium,DecoySmss,User0,User,Impact,Op_Server0,"[""Op_Server0""]","[""Op_Server0""]","[""Op_Server0"", ""User0"", ""User3""]","[""Op_Server0"", ""User0"", ""User3""]","{""blue_first_relevant_response_after_critical"": 19, ""blue_first_relevant_response_after_enterprise"": 11, ""enterprise_foothold_step"": 5, ""first_critical_hit_step"": 16, ""window_end"": 85, ""window_start"": 83}"
ours_stage2_fair,11,stage2_ext_016_obj_0,objective_selected,episode_001,3,3012,13,Q2_user_action_during_critical_breach,high,Restore,User4,User,PrivilegeEscalate,Op_Server0,"[""Op_Server0""]","[""Op_Server0""]","[""Enterprise1"", ""Enterprise2"", ""Op_Server0"", ""User0"", ""User2""]","[""Enterprise1"", ""Enterprise2"", ""Op_Server0"", ""User0"", ""User2""]","{""blue_first_relevant_response_after_critical"": 15, ""blue_first_relevant_response_after_enterprise"": 6, ""enterprise_foothold_step"": 5, ""first_critical_hit_step"": 12, ""window_end"": null, ""window_start"": null}"
ours_stage2_fair,11,stage2_ext_016_obj_0,objective_selected,episode_001,3,3012,21,Q2_user_action_during_critical_breach,high,DecoySvchost,User4,User,Impact,Op_Server0,"[""Op_Server0""]","[""Op_Server0""]","[""Enterprise1"", ""Enterprise2"", ""Op_Server0"", ""User0"", ""User2""]","[""Enterprise1"", ""Enterprise2"", ""Op_Server0"", ""User0"", ""User2""]","{""blue_first_relevant_response_after_critical"": 15, ""blue_first_relevant_response_after_enterprise"": 6, ""enterprise_foothold_step"": 5, ""first_critical_hit_step"": 12, ""window_end"": null, ""window_start"": null}"
ours_stage2_fair,11,stage2_ext_016_obj_0,objective_selected,episode_001,3,3012,29,Q2_user_action_during_critical_breach,high,DecoySvchost,User2,User,Impact,Op_Server0,"[""Op_Server0""]","[""Op_Server0""]","[""Op_Server0"", ""User0"", ""User2""]","[""Op_Server0"", ""User0"", ""User2""]","{""blue_first_relevant_response_after_critical"": 15, ""blue_first_relevant_response_after_enterprise"": 6, ""enterprise_foothold_step"": 5, ""first_critical_hit_step"": 12, ""window_end"": null, ""window_start"": null}"
ours_stage2_fair,11,stage2_ext_016_obj_0,objective_selected,episode_001,3,3012,32,Q2_user_action_during_critical_breach,high,DecoyApache,User0,User,Impact,Op_Server0,"[""Op_Server0""]","[""Op_Server0""]","[""Op_Server0"", ""User0"", ""User2""]","[""Op_Server0"", ""User0"", ""User2""]","{""blue_first_relevant_response_after_critical"": 15, ""blue_first_relevant_response_after_enterprise"": 6, ""enterprise_foothold_step"": 5, ""first_critical_hit_step"": 12, ""window_end"": null, ""window_start"": null}"
ours_stage2_fair,11,stage2_ext_016_obj_0,objective_selected,episode_001,3,3012,41,Q2_user_action_during_critical_breach,high,DecoyVsftpd,User3,User,Impact,Op_Server0,"[""Op_Server0""]","[""Op_Server0""]","[""Op_Server0"", ""User0"", ""User2""]","[""Op_Server0"", ""User0"", ""User2""]","{""blue_first_relevant_response_after_critical"": 15, ""blue_first_relevant_response_after_enterprise"": 6, ""enterprise_foothold_step"": 5, ""first_critical_hit_step"": 12, ""window_end"": null, ""window_start"": null}"
ours_stage2_fair,11,stage2_ext_016_obj_0,objective_selected,episode_001,3,3012,42,Q2_user_action_during_critical_breach,high,DecoySmss,User4,User,Impact,Op_Server0,"[""Op_Server0""]","[""Op_Server0""]","[""Op_Server0"", ""User0"", ""User2""]","[""Op_Server0"", ""User0"", ""User2""]","{""blue_first_relevant_response_after_critical"": 15, ""blue_first_relevant_response_after_enterprise"": 6, ""enterprise_foothold_step"": 5, ""first_critical_hit_step"": 12, ""window_end"": null, ""window_start"": null}"
ours_stage2_fair,11,stage2_ext_016_obj_0,objective_selected,episode_001,3,3012,49,Q2_user_action_during_critical_breach,high,DecoyVsftpd,User4,User,Impact,Op_Server0,"[""Op_Server0""]","[""Op_Server0""]","[""Op_Server0"", ""User0"", ""User2""]","[""Op_Server0"", ""User0"", ""User2""]","{""blue_first_relevant_response_after_critical"": 15, ""blue_first_relevant_response_after_enterprise"": 6, ""enterprise_foothold_step"": 5, ""first_critical_hit_step"": 12, ""window_end"": null, ""window_start"": null}"
ours_stage2_fair,11,stage2_ext_016_obj_0,objective_selected,episode_001,3,3012,63,Q2_user_action_during_critical_breach,high,DecoySmss,User1,User,Impact,Op_Server0,"[""Op_Server0""]","[""Op_Server0""]","[""Op_Server0"", ""User0"", ""User2""]","[""Op_Server0"", ""User0"", ""User2""]","{""blue_first_relevant_response_after_critical"": 15, ""blue_first_relevant_response_after_enterprise"": 6, ""enterprise_foothold_step"": 5, ""first_critical_hit_step"": 12, ""window_end"": null, ""window_start"": null}"
ours_stage2_fair,11,stage2_ext_016_obj_0,objective_selected,episode_001,3,3012,65,Q2_user_action_during_critical_breach,high,Restore,User4,User,Impact,Op_Server0,"[""Op_Server0""]","[""Op_Server0""]","[""Op_Server0"", ""User0"", ""User2""]","[""Op_Server0"", ""User0"", ""User2""]","{""blue_first_relevant_response_after_critical"": 15, ""blue_first_relevant_response_after_enterprise"": 6, ""enterprise_foothold_step"": 5, ""first_critical_hit_step"": 12, ""window_end"": null, ""window_start"": null}"
ours_stage2_fair,11,stage2_ext_016_obj_0,objective_selected,episode_001,3,3012,69,Q2_user_action_during_critical_breach,high,DecoyVsftpd,User4,User,Impact,Op_Server0,"[""Op_Server0""]","[""Op_Server0""]","[""Op_Server0"", ""User0"", ""User2""]","[""Op_Server0"", ""User0"", ""User2""]","{""blue_first_relevant_response_after_critical"": 15, ""blue_first_relevant_response_after_enterprise"": 6, ""enterprise_foothold_step"": 5, ""first_critical_hit_step"": 12, ""window_end"": null, ""window_start"": null}"
ours_stage2_fair,11,stage2_ext_016_obj_0,objective_selected,episode_001,3,3012,73,Q2_user_action_during_critical_breach,high,Analyse,User2,User,Impact,Op_Server0,"[""Op_Server0""]","[""Op_Server0""]","[""Op_Server0"", ""User0"", ""User2""]","[""Op_Server0"", ""User0"", ""User2""]","{""blue_first_relevant_response_after_critical"": 15, ""blue_first_relevant_response_after_enterprise"": 6, ""enterprise_foothold_step"": 5, ""first_critical_hit_step"": 12, ""window_end"": null, ""window_start"": null}"
ours_stage2_fair,11,stage2_ext_016_obj_0,objective_selected,episode_001,3,3012,74,Q2_user_action_during_critical_breach,high,DecoyApache,User0,User,Impact,Op_Server0,"[""Op_Server0""]","[""Op_Server0""]","[""Op_Server0"", ""User0"", ""User2""]","[""Op_Server0"", ""User0"", ""User2""]","{""blue_first_relevant_response_after_critical"": 15, ""blue_first_relevant_response_after_enterprise"": 6, ""enterprise_foothold_step"": 5, ""first_critical_hit_step"": 12, ""window_end"": null, ""window_start"": null}"
ours_stage2_fair,11,stage2_ext_016_obj_0,objective_selected,episode_001,3,3012,76,Q2_user_action_during_critical_breach,high,DecoySmss,User4,User,Impact,Op_Server0,"[""Op_Server0""]","[""Op_Server0""]","[""Op_Server0"", ""User0"", ""User2""]","[""Op_Server0"", ""User0"", ""User2""]","{""blue_first_relevant_response_after_critical"": 15, ""blue_first_relevant_response_after_enterprise"": 6, ""enterprise_foothold_step"": 5, ""first_critical_hit_step"": 12, ""window_end"": null, ""window_start"": null}"
ours_stage2_fair,11,stage2_ext_016_obj_0,objective_selected,episode_001,3,3012,98,Q2_user_action_during_critical_breach,high,DecoySvchost,User2,User,Impact,Op_Server0,"[""Op_Server0""]","[""Op_Server0""]","[""Enterprise2"", ""Op_Server0"", ""User0"", ""User2""]","[""Enterprise2"", ""Op_Server0"", ""User0"", ""User2""]","{""blue_first_relevant_response_after_critical"": 15, ""blue_first_relevant_response_after_enterprise"": 6, ""enterprise_foothold_step"": 5, ""first_critical_hit_step"": 12, ""window_end"": null, ""window_start"": null}"
ours_stage2_fair,11,stage2_ext_016_obj_0,objective_selected,episode_001,4,4012,15,Q2_user_action_during_critical_breach,high,DecoyTomcat,User2,User,Impact,Op_Server0,"[""Op_Server0""]","[""Op_Server0""]","[""Enterprise0"", ""Enterprise2"", ""Op_Server0"", ""User0"", ""User3""]","[""Enterprise0"", ""Enterprise2"", ""Op_Server0"", ""User0"", ""User3""]","{""blue_first_relevant_response_after_critical"": 13, ""blue_first_relevant_response_after_enterprise"": 6, ""enterprise_foothold_step"": 5, ""first_critical_hit_step"": 12, ""window_end"": null, ""window_start"": null}"
ours_stage2_fair,11,stage2_ext_016_obj_0,objective_selected,episode_001,4,4012,17,Q2_user_action_during_critical_breach,high,DecoyApache,User1,User,Impact,Op_Server0,"[""Op_Server0""]","[""Op_Server0""]","[""Enterprise0"", ""Enterprise2"", ""Op_Server0"", ""User0"", ""User3""]","[""Enterprise0"", ""Enterprise2"", ""Op_Server0"", ""User0"", ""User3""]","{""blue_first_relevant_response_after_critical"": 13, ""blue_first_relevant_response_after_enterprise"": 6, ""enterprise_foothold_step"": 5, ""first_critical_hit_step"": 12, ""window_end"": null, ""window_start"": null}"
ours_stage2_fair,11,stage2_ext_016_obj_0,objective_selected,episode_001,4,4012,18,Q2_user_action_during_critical_breach,high,DecoyApache,User0,User,Impact,Op_Server0,"[""Op_Server0""]","[""Op_Server0""]","[""Enterprise0"", ""Enterprise2"", ""Op_Server0"", ""User0"", ""User3""]","[""Enterprise0"", ""Enterprise2"", ""Op_Server0"", ""User0"", ""User3""]","{""blue_first_relevant_response_after_critical"": 13, ""blue_first_relevant_response_after_enterprise"": 6, ""enterprise_foothold_step"": 5, ""first_critical_hit_step"": 12, ""window_end"": null, ""window_start"": null}"
ours_stage2_fair,11,stage2_ext_016_obj_0,objective_selected,episode_001,4,4012,31,Q2_user_action_during_critical_breach,high,Restore,User1,User,Impact,Op_Server0,"[""Op_Server0""]","[""Op_Server0""]","[""Enterprise0"", ""Op_Server0"", ""User0"", ""User3""]","[""Enterprise0"", ""Op_Server0"", ""User0"", ""User3""]","{""blue_first_relevant_response_after_critical"": 13, ""blue_first_relevant_response_after_enterprise"": 6, ""enterprise_foothold_step"": 5, ""first_critical_hit_step"": 12, ""window_end"": null, ""window_start"": null}"
ours_stage2_fair,11,stage2_ext_016_obj_0,objective_selected,episode_001,4,4012,37,Q2_user_action_during_critical_breach,high,DecoyVsftpd,User4,User,Impact,Op_Server0,"[""Op_Server0""]","[""Op_Server0""]","[""Enterprise0"", ""Op_Server0"", ""User0"", ""User3""]","[""Enterprise0"", ""Op_Server0"", ""User0"", ""User3""]","{""blue_first_relevant_response_after_critical"": 13, ""blue_first_relevant_response_after_enterprise"": 6, ""enterprise_foothold_step"": 5, ""first_critical_hit_step"": 12, ""window_end"": null, ""window_start"": null}"
ours_stage2_fair,11,stage2_ext_016_obj_0,objective_selected,episode_001,4,4012,39,Q2_user_action_during_critical_breach,high,Remove,User1,User,Impact,Op_Server0,"[""Op_Server0""]","[""Op_Server0""]","[""Enterprise0"", ""Op_Server0"", ""User0"", ""User3""]","[""Enterprise0"", ""Op_Server0"", ""User0"", ""User3""]","{""blue_first_relevant_response_after_critical"": 13, ""blue_first_relevant_response_after_enterprise"": 6, ""enterprise_foothold_step"": 5, ""first_critical_hit_step"": 12, ""window_end"": null, ""window_start"": null}"
ours_stage2_fair,11,stage2_ext_016_obj_0,objective_selected,episode_001,4,4012,52,Q2_user_action_during_critical_breach,high,DecoyTomcat,User2,User,Impact,Op_Server0,"[""Op_Server0""]","[""Op_Server0""]","[""Enterprise0"", ""Op_Server0"", ""User0"", ""User3""]","[""Enterprise0"", ""Op_Server0"", ""User0"", ""User3""]","{""blue_first_relevant_response_after_critical"": 13, ""blue_first_relevant_response_after_enterprise"": 6, ""enterprise_foothold_step"": 5, ""first_critical_hit_step"": 12, ""window_end"": null, ""window_start"": null}"
ours_stage2_fair,11,stage2_ext_016_obj_0,objective_selected,episode_001,4,4012,53,Q2_user_action_during_critical_breach,high,DecoyTomcat,User2,User,Impact,Op_Server0,"[""Op_Server0""]","[""Op_Server0""]","[""Enterprise0"", ""Op_Server0"", ""User0"", ""User3""]","[""Enterprise0"", ""Op_Server0"", ""User0"", ""User3""]","{""blue_first_relevant_response_after_critical"": 13, ""blue_first_relevant_response_after_enterprise"": 6, ""enterprise_foothold_step"": 5, ""first_critical_hit_step"": 12, ""window_end"": null, ""window_start"": null}"
ours_stage2_fair,11,stage2_ext_016_obj_0,objective_selected,episode_001,4,4012,61,Q2_user_action_during_critical_breach,high,Remove,User3,User,Impact,Op_Server0,"[""Op_Server0""]","[""Op_Server0""]","[""Enterprise0"", ""Op_Server0"", ""User0"", ""User3""]","[""Enterprise0"", ""Op_Server0"", ""User0"", ""User3""]","{""blue_first_relevant_response_after_critical"": 13, ""blue_first_relevant_response_after_enterprise"": 6, ""enterprise_foothold_step"": 5, ""first_critical_hit_step"": 12, ""window_end"": null, ""window_start"": null}"
ours_stage2_fair,11,stage2_ext_016_obj_0,objective_selected,episode_001,4,4012,63,Q2_user_action_during_critical_breach,high,DecoyApache,User1,User,Impact,Op_Server0,"[""Op_Server0""]","[""Op_Server0""]","[""Enterprise0"", ""Op_Server0"", ""User0"", ""User3""]","[""Enterprise0"", ""Op_Server0"", ""User0"", ""User3""]","{""blue_first_relevant_response_after_critical"": 13, ""blue_first_relevant_response_after_enterprise"": 6, ""enterprise_foothold_step"": 5, ""first_critical_hit_step"": 12, ""window_end"": null, ""window_start"": null}"
ours_stage2_fair,11,stage2_ext_016_obj_0,objective_selected,episode_001,4,4012,68,Q2_user_action_during_critical_breach,high,DecoySmss,User0,User,Impact,Op_Server0,"[""Op_Server0""]","[""Op_Server0""]","[""Op_Server0"", ""User0"", ""User3""]","[""Op_Server0"", ""User0"", ""User3""]","{""blue_first_relevant_response_after_critical"": 13, ""blue_first_relevant_response_after_enterprise"": 6, ""enterprise_foothold_step"": 5, ""first_critical_hit_step"": 12, ""window_end"": null, ""window_start"": null}"
ours_stage2_fair,11,stage2_ext_016_obj_0,objective_selected,episode_001,4,4012,70,Q2_user_action_during_critical_breach,high,DecoyVsftpd,User0,User,Impact,Op_Server0,"[""Op_Server0""]","[""Op_Server0""]","[""Op_Server0"", ""User0"", ""User3""]","[""Op_Server0"", ""User0"", ""User3""]","{""blue_first_relevant_response_after_critical"": 13, ""blue_first_relevant_response_after_enterprise"": 6, ""enterprise_foothold_step"": 5, ""first_critical_hit_step"": 12, ""window_end"": null, ""window_start"": null}"
ours_stage2_fair,11,stage2_ext_016_obj_0,objective_selected,episode_001,4,4012,72,Q2_user_action_during_critical_breach,high,DecoySmss,User4,User,Impact,Op_Server0,"[""Op_Server0""]","[""Op_Server0""]","[""Op_Server0"", ""User0"", ""User3""]","[""Op_Server0"", ""User0"", ""User3""]","{""blue_first_relevant_response_after_critical"": 13, ""blue_first_relevant_response_after_enterprise"": 6, ""enterprise_foothold_step"": 5, ""first_critical_hit_step"": 12, ""window_end"": null, ""window_start"": null}"
ours_stage2_fair,11,stage2_ext_016_obj_0,objective_selected,episode_001,4,4012,73,Q2_user_action_during_critical_breach,high,DecoySmss,User2,User,Impact,Op_Server0,"[""Op_Server0""]","[""Op_Server0""]","[""Op_Server0"", ""User0"", ""User3""]","[""Op_Server0"", ""User0"", ""User3""]","{""blue_first_relevant_response_after_critical"": 13, ""blue_first_relevant_response_after_enterprise"": 6, ""enterprise_foothold_step"": 5, ""first_critical_hit_step"": 12, ""window_end"": null, ""window_start"": null}"
ours_stage2_fair,11,stage2_ext_016_obj_0,objective_selected,episode_001,4,4012,83,Q2_user_action_during_critical_breach,high,DecoySmss,User4,User,Impact,Op_Server0,"[""Op_Server0""]","[""Op_Server0""]","[""Enterprise2"", ""Op_Server0"", ""User0"", ""User3""]","[""Enterprise2"", ""Op_Server0"", ""User0"", ""User3""]","{""blue_first_relevant_response_after_critical"": 13, ""blue_first_relevant_response_after_enterprise"": 6, ""enterprise_foothold_step"": 5, ""first_critical_hit_step"": 12, ""window_end"": null, ""window_start"": null}"
ours_stage2_fair,11,stage2_ext_016_obj_0,objective_selected,episode_001,4,4012,88,Q2_user_action_during_critical_breach,high,DecoyVsftpd,User3,User,Impact,Op_Server0,"[""Op_Server0""]","[""Op_Server0""]","[""Enterprise2"", ""Op_Server0"", ""User0"", ""User3""]","[""Enterprise2"", ""Op_Server0"", ""User0"", ""User3""]","{""blue_first_relevant_response_after_critical"": 13, ""blue_first_relevant_response_after_enterprise"": 6, ""enterprise_foothold_step"": 5, ""first_critical_hit_step"": 12, ""window_end"": null, ""window_start"": null}"
ours_stage2_fair,11,stage2_ext_016_obj_0,objective_selected,episode_001,4,4012,99,Q2_user_action_during_critical_breach,high,DecoySmss,User4,User,Impact,Op_Server0,"[""Op_Server0""]","[""Op_Server0""]","[""Op_Server0"", ""User0"", ""User3""]","[""Op_Server0"", ""User0"", ""User3""]","{""blue_first_relevant_response_after_critical"": 13, ""blue_first_relevant_response_after_enterprise"": 6, ""enterprise_foothold_step"": 5, ""first_critical_hit_step"": 12, ""window_end"": null, ""window_start"": null}"
ours_stage2_fair,11,stage2_ext_016_obj_0,objective_selected,episode_001,5,5012,66,Q2_user_action_during_critical_breach,high,DecoyVsftpd,User4,User,Impact,Op_Server0,"[""Op_Server0""]","[""Op_Server0""]","[""Enterprise2"", ""Op_Server0"", ""User0"", ""User4""]","[""Enterprise2"", ""Op_Server0"", ""User0"", ""User4""]","{""blue_first_relevant_response_after_critical"": 63, ""blue_first_relevant_response_after_enterprise"": 6, ""enterprise_foothold_step"": 5, ""first_critical_hit_step"": 62, ""window_end"": null, ""window_start"": null}"
ours_stage2_fair,11,stage2_ext_016_obj_0,objective_selected,episode_001,5,5012,70,Q2_user_action_during_critical_breach,high,DecoyHarakaSMPT,User1,User,PrivilegeEscalate,Op_Server0,"[""Op_Server0""]","[""Op_Server0""]","[""Enterprise2"", ""Op_Server0"", ""User0"", ""User4""]","[""Enterprise2"", ""Op_Server0"", ""User0"", ""User4""]","{""blue_first_relevant_response_after_critical"": 63, ""blue_first_relevant_response_after_enterprise"": 6, ""enterprise_foothold_step"": 5, ""first_critical_hit_step"": 62, ""window_end"": null, ""window_start"": null}"
ours_stage2_fair,11,stage2_ext_016_obj_0,objective_selected,episode_001,5,5012,72,Q2_user_action_during_critical_breach,high,DecoyApache,User4,User,Impact,Op_Server0,"[""Op_Server0""]","[""Op_Server0""]","[""Enterprise2"", ""Op_Server0"", ""User0"", ""User4""]","[""Enterprise2"", ""Op_Server0"", ""User0"", ""User4""]","{""blue_first_relevant_response_after_critical"": 63, ""blue_first_relevant_response_after_enterprise"": 6, ""enterprise_foothold_step"": 5, ""first_critical_hit_step"": 62, ""window_end"": null, ""window_start"": null}"
ours_stage2_fair,11,stage2_ext_016_obj_0,objective_selected,episode_001,5,5012,76,Q2_user_action_during_critical_breach,high,DecoySmss,User4,User,Impact,Op_Server0,"[""Op_Server0""]","[""Op_Server0""]","[""Enterprise2"", ""Op_Server0"", ""User0"", ""User4""]","[""Enterprise2"", ""Op_Server0"", ""User0"", ""User4""]","{""blue_first_relevant_response_after_critical"": 63, ""blue_first_relevant_response_after_enterprise"": 6, ""enterprise_foothold_step"": 5, ""first_critical_hit_step"": 62, ""window_end"": null, ""window_start"": null}"
ours_stage2_fair,11,stage2_ext_016_obj_0,objective_selected,episode_001,5,5012,77,Q2_user_action_during_critical_breach,high,Remove,User3,User,Impact,Op_Server0,"[""Op_Server0""]","[""Op_Server0""]","[""Enterprise2"", ""Op_Server0"", ""User0"", ""User4""]","[""Enterprise2"", ""Op_Server0"", ""User0"", ""User4""]","{""blue_first_relevant_response_after_critical"": 63, ""blue_first_relevant_response_after_enterprise"": 6, ""enterprise_foothold_step"": 5, ""first_critical_hit_step"": 62, ""window_end"": null, ""window_start"": null}"
ours_stage2_fair,11,stage2_ext_016_obj_0,objective_selected,episode_001,5,5012,79,Q2_user_action_during_critical_breach,high,DecoyVsftpd,User3,User,Impact,Op_Server0,"[""Op_Server0""]","[""Op_Server0""]","[""Enterprise2"", ""Op_Server0"", ""User0"", ""User4""]","[""Enterprise2"", ""Op_Server0"", ""User0"", ""User4""]","{""blue_first_relevant_response_after_critical"": 63, ""blue_first_relevant_response_after_enterprise"": 6, ""enterprise_foothold_step"": 5, ""first_critical_hit_step"": 62, ""window_end"": null, ""window_start"": null}"
ours_stage2_fair,11,stage2_ext_016_obj_0,objective_selected,episode_001,5,5012,81,Q2_user_action_during_critical_breach,high,DecoyApache,User1,User,Impact,Op_Server0,"[""Op_Server0""]","[""Op_Server0""]","[""Enterprise2"", ""Op_Server0"", ""User0"", ""User4""]","[""Enterprise2"", ""Op_Server0"", ""User0"", ""User4""]","{""blue_first_relevant_response_after_critical"": 63, ""blue_first_relevant_response_after_enterprise"": 6, ""enterprise_foothold_step"": 5, ""first_critical_hit_step"": 62, ""window_end"": null, ""window_start"": null}"
ours_stage2_fair,11,stage2_ext_016_obj_0,objective_selected,episode_001,5,5012,82,Q2_user_action_during_critical_breach,high,DecoyTomcat,User2,User,Impact,Op_Server0,"[""Op_Server0""]","[""Op_Server0""]","[""Enterprise2"", ""Op_Server0"", ""User0"", ""User4""]","[""Enterprise2"", ""Op_Server0"", ""User0"", ""User4""]","{""blue_first_relevant_response_after_critical"": 63, ""blue_first_relevant_response_after_enterprise"": 6, ""enterprise_foothold_step"": 5, ""first_critical_hit_step"": 62, ""window_end"": null, ""window_start"": null}"
ours_stage2_fair,11,stage2_ext_016_obj_0,objective_selected,episode_001,5,5012,84,Q2_user_action_during_critical_breach,high,DecoySvchost,User2,User,Impact,Op_Server0,"[""Op_Server0""]","[""Op_Server0""]","[""Enterprise2"", ""Op_Server0"", ""User0"", ""User4""]","[""Enterprise2"", ""Op_Server0"", ""User0"", ""User4""]","{""blue_first_relevant_response_after_critical"": 63, ""blue_first_relevant_response_after_enterprise"": 6, ""enterprise_foothold_step"": 5, ""first_critical_hit_step"": 62, ""window_end"": null, ""window_start"": null}"
ours_stage2_fair,11,stage2_ext_016_obj_0,objective_selected,episode_001,5,5012,86,Q2_user_action_during_critical_breach,high,DecoyApache,User0,User,Impact,Op_Server0,"[""Op_Server0""]","[""Op_Server0""]","[""Enterprise2"", ""Op_Server0"", ""User0"", ""User4""]","[""Enterprise2"", ""Op_Server0"", ""User0"", ""User4""]","{""blue_first_relevant_response_after_critical"": 63, ""blue_first_relevant_response_after_enterprise"": 6, ""enterprise_foothold_step"": 5, ""first_critical_hit_step"": 62, ""window_end"": null, ""window_start"": null}"
ours_stage2_fair,11,stage2_ext_016_obj_0,objective_selected,episode_001,5,5012,96,Q2_user_action_during_critical_breach,high,DecoySvchost,User0,User,Impact,Op_Server0,"[""Op_Server0""]","[""Op_Server0""]","[""Enterprise2"", ""Op_Server0"", ""User0"", ""User4""]","[""Enterprise2"", ""Op_Server0"", ""User0"", ""User4""]","{""blue_first_relevant_response_after_critical"": 63, ""blue_first_relevant_response_after_enterprise"": 6, ""enterprise_foothold_step"": 5, ""first_critical_hit_step"": 62, ""window_end"": null, ""window_start"": null}"
ours_stage2_fair,11,stage2_ext_016_obj_0,objective_selected,episode_001,5,5012,97,Q2_user_action_during_critical_breach,high,DecoyVsftpd,User0,User,Impact,Op_Server0,"[""Op_Server0""]","[""Op_Server0""]","[""Enterprise2"", ""Op_Server0"", ""User0"", ""User4""]","[""Enterprise2"", ""Op_Server0"", ""User0"", ""User4""]","{""blue_first_relevant_response_after_critical"": 63, ""blue_first_relevant_response_after_enterprise"": 6, ""enterprise_foothold_step"": 5, ""first_critical_hit_step"": 62, ""window_end"": null, ""window_start"": null}"
ours_stage2_fair,11,stage2_ext_016_obj_0,objective_selected,episode_001,5,5012,59,Q4_user_focus_after_enterprise_foothold,medium,Remove,User1,User,ExploitRemoteService,,[],[],"[""User0"", ""User4""]","[""Enterprise2"", ""User0"", ""User4""]","{""blue_first_relevant_response_after_critical"": 63, ""blue_first_relevant_response_after_enterprise"": 6, ""enterprise_foothold_step"": 5, ""first_critical_hit_step"": 62, ""window_end"": 61, ""window_start"": 59}"
ours_stage2_fair,11,stage2_ext_016_obj_0,objective_selected,episode_001,6,6012,14,Q2_user_action_during_critical_breach,high,Remove,User3,User,Impact,Op_Server0,"[""Op_Server0""]","[""Op_Server0""]","[""Enterprise1"", ""Op_Server0"", ""User0"", ""User2""]","[""Enterprise1"", ""Op_Server0"", ""User0"", ""User2""]","{""blue_first_relevant_response_after_critical"": 16, ""blue_first_relevant_response_after_enterprise"": 9, ""enterprise_foothold_step"": 5, ""first_critical_hit_step"": 12, ""window_end"": null, ""window_start"": null}"
ours_stage2_fair,11,stage2_ext_016_obj_0,objective_selected,episode_001,6,6012,15,Q2_user_action_during_critical_breach,high,DecoyTomcat,User2,User,Impact,Op_Server0,"[""Op_Server0""]","[""Op_Server0""]","[""Enterprise1"", ""Op_Server0"", ""User0"", ""User2""]","[""Enterprise1"", ""Op_Server0"", ""User0"", ""User2""]","{""blue_first_relevant_response_after_critical"": 16, ""blue_first_relevant_response_after_enterprise"": 9, ""enterprise_foothold_step"": 5, ""first_critical_hit_step"": 12, ""window_end"": null, ""window_start"": null}"
ours_stage2_fair,11,stage2_ext_016_obj_0,objective_selected,episode_001,6,6012,20,Q2_user_action_during_critical_breach,high,DecoyVsftpd,User4,User,PrivilegeEscalate,Op_Server0,"[""Op_Server0""]","[""Op_Server0""]","[""Enterprise1"", ""Op_Server0"", ""User0"", ""User2""]","[""Enterprise1"", ""Op_Server0"", ""User0"", ""User2""]","{""blue_first_relevant_response_after_critical"": 16, ""blue_first_relevant_response_after_enterprise"": 9, ""enterprise_foothold_step"": 5, ""first_critical_hit_step"": 12, ""window_end"": null, ""window_start"": null}"
ours_stage2_fair,11,stage2_ext_016_obj_0,objective_selected,episode_001,6,6012,21,Q2_user_action_during_critical_breach,high,DecoyVsftpd,User4,User,Impact,Op_Server0,"[""Op_Server0""]","[""Op_Server0""]","[""Enterprise1"", ""Op_Server0"", ""User0"", ""User2""]","[""Enterprise1"", ""Op_Server0"", ""User0"", ""User2""]","{""blue_first_relevant_response_after_critical"": 16, ""blue_first_relevant_response_after_enterprise"": 9, ""enterprise_foothold_step"": 5, ""first_critical_hit_step"": 12, ""window_end"": null, ""window_start"": null}"
ours_stage2_fair,11,stage2_ext_016_obj_0,objective_selected,episode_001,6,6012,35,Q2_user_action_during_critical_breach,high,DecoyVsftpd,User4,User,Impact,Op_Server0,"[""Op_Server0""]","[""Op_Server0""]","[""Enterprise1"", ""Op_Server0"", ""User0"", ""User2""]","[""Enterprise1"", ""Op_Server0"", ""User0"", ""User2""]","{""blue_first_relevant_response_after_critical"": 16, ""blue_first_relevant_response_after_enterprise"": 9, ""enterprise_foothold_step"": 5, ""first_critical_hit_step"": 12, ""window_end"": null, ""window_start"": null}"
ours_stage2_fair,11,stage2_ext_016_obj_0,objective_selected,episode_001,6,6012,36,Q2_user_action_during_critical_breach,high,DecoySmss,User1,User,Impact,Op_Server0,"[""Op_Server0""]","[""Op_Server0""]","[""Enterprise1"", ""Op_Server0"", ""User0"", ""User2""]","[""Enterprise1"", ""Op_Server0"", ""User0"", ""User2""]","{""blue_first_relevant_response_after_critical"": 16, ""blue_first_relevant_response_after_enterprise"": 9, ""enterprise_foothold_step"": 5, ""first_critical_hit_step"": 12, ""window_end"": null, ""window_start"": null}"
ours_stage2_fair,11,stage2_ext_016_obj_0,objective_selected,episode_001,6,6012,47,Q2_user_action_during_critical_breach,high,Remove,User3,User,Impact,Op_Server0,"[""Op_Server0""]","[""Op_Server0""]","[""Enterprise1"", ""Op_Server0"", ""User0"", ""User2""]","[""Enterprise1"", ""Op_Server0"", ""User0"", ""User2""]","{""blue_first_relevant_response_after_critical"": 16, ""blue_first_relevant_response_after_enterprise"": 9, ""enterprise_foothold_step"": 5, ""first_critical_hit_step"": 12, ""window_end"": null, ""window_start"": null}"
ours_stage2_fair,11,stage2_ext_016_obj_0,objective_selected,episode_001,6,6012,58,Q2_user_action_during_critical_breach,high,Restore,User1,User,Impact,Op_Server0,"[""Op_Server0""]","[""Op_Server0""]","[""Enterprise1"", ""Op_Server0"", ""User0"", ""User2""]","[""Enterprise1"", ""Op_Server0"", ""User0"", ""User2""]","{""blue_first_relevant_response_after_critical"": 16, ""blue_first_relevant_response_after_enterprise"": 9, ""enterprise_foothold_step"": 5, ""first_critical_hit_step"": 12, ""window_end"": null, ""window_start"": null}"
ours_stage2_fair,11,stage2_ext_016_obj_0,objective_selected,episode_001,6,6012,59,Q2_user_action_during_critical_breach,high,DecoyApache,User2,User,Impact,Op_Server0,"[""Op_Server0""]","[""Op_Server0""]","[""Enterprise1"", ""Op_Server0"", ""User0"", ""User2""]","[""Enterprise1"", ""Op_Server0"", ""User0"", ""User2""]","{""blue_first_relevant_response_after_critical"": 16, ""blue_first_relevant_response_after_enterprise"": 9, ""enterprise_foothold_step"": 5, ""first_critical_hit_step"": 12, ""window_end"": null, ""window_start"": null}"
ours_stage2_fair,11,stage2_ext_016_obj_0,objective_selected,episode_001,6,6012,63,Q2_user_action_during_critical_breach,high,DecoySmss,User4,User,PrivilegeEscalate,Op_Server0,"[""Op_Server0""]","[""Op_Server0""]","[""Enterprise1"", ""Op_Server0"", ""User0"", ""User2""]","[""Enterprise1"", ""Op_Server0"", ""User0"", ""User2""]","{""blue_first_relevant_response_after_critical"": 16, ""blue_first_relevant_response_after_enterprise"": 9, ""enterprise_foothold_step"": 5, ""first_critical_hit_step"": 12, ""window_end"": null, ""window_start"": null}"
ours_stage2_fair,11,stage2_ext_016_obj_0,objective_selected,episode_001,6,6012,67,Q2_user_action_during_critical_breach,high,DecoySmss,User2,User,Impact,Op_Server0,"[""Op_Server0""]","[""Op_Server0""]","[""Enterprise1"", ""Op_Server0"", ""User0"", ""User2""]","[""Enterprise1"", ""Op_Server0"", ""User0"", ""User2""]","{""blue_first_relevant_response_after_critical"": 16, ""blue_first_relevant_response_after_enterprise"": 9, ""enterprise_foothold_step"": 5, ""first_critical_hit_step"": 12, ""window_end"": null, ""window_start"": null}"
ours_stage2_fair,11,stage2_ext_016_obj_0,objective_selected,episode_001,6,6012,69,Q2_user_action_during_critical_breach,high,DecoySmss,User4,User,Impact,Op_Server0,"[""Op_Server0""]","[""Op_Server0""]","[""Enterprise1"", ""Op_Server0"", ""User0"", ""User2""]","[""Enterprise1"", ""Op_Server0"", ""User0"", ""User2""]","{""blue_first_relevant_response_after_critical"": 16, ""blue_first_relevant_response_after_enterprise"": 9, ""enterprise_foothold_step"": 5, ""first_critical_hit_step"": 12, ""window_end"": null, ""window_start"": null}"
ours_stage2_fair,11,stage2_ext_016_obj_0,objective_selected,episode_001,6,6012,78,Q2_user_action_during_critical_breach,high,DecoyTomcat,User4,User,Impact,Op_Server0,"[""Op_Server0""]","[""Op_Server0""]","[""Enterprise1"", ""Op_Server0"", ""User0"", ""User2""]","[""Enterprise1"", ""Op_Server0"", ""User0"", ""User2""]","{""blue_first_relevant_response_after_critical"": 16, ""blue_first_relevant_response_after_enterprise"": 9, ""enterprise_foothold_step"": 5, ""first_critical_hit_step"": 12, ""window_end"": null, ""window_start"": null}"
ours_stage2_fair,11,stage2_ext_016_obj_0,objective_selected,episode_001,6,6012,79,Q2_user_action_during_critical_breach,high,DecoySmss,User4,User,Impact,Op_Server0,"[""Op_Server0""]","[""Op_Server0""]","[""Enterprise1"", ""Op_Server0"", ""User0"", ""User2""]","[""Enterprise1"", ""Op_Server0"", ""User0"", ""User2""]","{""blue_first_relevant_response_after_critical"": 16, ""blue_first_relevant_response_after_enterprise"": 9, ""enterprise_foothold_step"": 5, ""first_critical_hit_step"": 12, ""window_end"": null, ""window_start"": null}"
ours_stage2_fair,11,stage2_ext_016_obj_0,objective_selected,episode_001,6,6012,81,Q2_user_action_during_critical_breach,high,DecoySmss,User2,User,Impact,Op_Server0,"[""Op_Server0""]","[""Op_Server0""]","[""Enterprise1"", ""Op_Server0"", ""User0"", ""User2""]","[""Enterprise1"", ""Op_Server0"", ""User0"", ""User2""]","{""blue_first_relevant_response_after_critical"": 16, ""blue_first_relevant_response_after_enterprise"": 9, ""enterprise_foothold_step"": 5, ""first_critical_hit_step"": 12, ""window_end"": null, ""window_start"": null}"
ours_stage2_fair,11,stage2_ext_016_obj_0,objective_selected,episode_001,6,6012,12,Q3_missed_immediate_response_to_critical_hit,high,Remove,Defender,Enterprise,ExploitRemoteService,,[],"[""Op_Server0""]","[""Enterprise1"", ""User0"", ""User2""]","[""Enterprise1"", ""Op_Server0"", ""User0"", ""User2""]","{""blue_first_relevant_response_after_critical"": 16, ""blue_first_relevant_response_after_enterprise"": 9, ""enterprise_foothold_step"": 5, ""first_critical_hit_step"": 12, ""window_end"": 15, ""window_start"": 13}"
ours_stage2_fair,11,stage2_ext_016_obj_0,objective_selected,episode_001,6,6012,19,Q4_user_focus_after_enterprise_foothold,medium,DecoyVsftpd,User3,User,ExploitRemoteService,,[],"[""Op_Server0""]","[""Enterprise1"", ""User0"", ""User2""]","[""Enterprise1"", ""Op_Server0"", ""User0"", ""User2""]","{""blue_first_relevant_response_after_critical"": 16, ""blue_first_relevant_response_after_enterprise"": 9, ""enterprise_foothold_step"": 5, ""first_critical_hit_step"": 12, ""window_end"": 21, ""window_start"": 19}"
ours_stage2_fair,11,stage2_ext_016_obj_0,objective_selected,episode_001,7,7012,16,Q2_user_action_during_critical_breach,high,Remove,User1,User,Impact,Op_Server0,"[""Op_Server0""]","[""Op_Server0""]","[""Enterprise0"", ""Enterprise2"", ""Op_Server0"", ""User0"", ""User3""]","[""Enterprise0"", ""Enterprise2"", ""Op_Server0"", ""User0"", ""User3""]","{""blue_first_relevant_response_after_critical"": 14, ""blue_first_relevant_response_after_enterprise"": 6, ""enterprise_foothold_step"": 5, ""first_critical_hit_step"": 12, ""window_end"": null, ""window_start"": null}"
ours_stage2_fair,11,stage2_ext_016_obj_0,objective_selected,episode_001,7,7012,18,Q2_user_action_during_critical_breach,high,DecoySmss,User2,User,Impact,Op_Server0,"[""Op_Server0""]","[""Op_Server0""]","[""Enterprise0"", ""Enterprise2"", ""Op_Server0"", ""User0"", ""User3""]","[""Enterprise0"", ""Enterprise2"", ""Op_Server0"", ""User0"", ""User3""]","{""blue_first_relevant_response_after_critical"": 14, ""blue_first_relevant_response_after_enterprise"": 6, ""enterprise_foothold_step"": 5, ""first_critical_hit_step"": 12, ""window_end"": null, ""window_start"": null}"
ours_stage2_fair,11,stage2_ext_016_obj_0,objective_selected,episode_001,7,7012,19,Q2_user_action_during_critical_breach,high,Remove,User2,User,Impact,Op_Server0,"[""Op_Server0""]","[""Op_Server0""]","[""Enterprise0"", ""Enterprise2"", ""Op_Server0"", ""User0"", ""User3""]","[""Enterprise0"", ""Enterprise2"", ""Op_Server0"", ""User0"", ""User3""]","{""blue_first_relevant_response_after_critical"": 14, ""blue_first_relevant_response_after_enterprise"": 6, ""enterprise_foothold_step"": 5, ""first_critical_hit_step"": 12, ""window_end"": null, ""window_start"": null}"
ours_stage2_fair,11,stage2_ext_016_obj_0,objective_selected,episode_001,7,7012,24,Q2_user_action_during_critical_breach,high,DecoyApache,User0,User,Impact,Op_Server0,"[""Op_Server0""]","[""Op_Server0""]","[""Enterprise0"", ""Enterprise2"", ""Op_Server0"", ""User0"", ""User3""]","[""Enterprise0"", ""Enterprise2"", ""Op_Server0"", ""User0"", ""User3""]","{""blue_first_relevant_response_after_critical"": 14, ""blue_first_relevant_response_after_enterprise"": 6, ""enterprise_foothold_step"": 5, ""first_critical_hit_step"": 12, ""window_end"": null, ""window_start"": null}"
ours_stage2_fair,11,stage2_ext_016_obj_0,objective_selected,episode_001,7,7012,25,Q2_user_action_during_critical_breach,high,DecoyVsftpd,User4,User,Impact,Op_Server0,"[""Op_Server0""]","[""Op_Server0""]","[""Enterprise0"", ""Enterprise2"", ""Op_Server0"", ""User0"", ""User3""]","[""Enterprise0"", ""Enterprise2"", ""Op_Server0"", ""User0"", ""User3""]","{""blue_first_relevant_response_after_critical"": 14, ""blue_first_relevant_response_after_enterprise"": 6, ""enterprise_foothold_step"": 5, ""first_critical_hit_step"": 12, ""window_end"": null, ""window_start"": null}"
ours_stage2_fair,11,stage2_ext_016_obj_0,objective_selected,episode_001,7,7012,26,Q2_user_action_during_critical_breach,high,DecoySvchost,User0,User,Impact,Op_Server0,"[""Op_Server0""]","[""Op_Server0""]","[""Enterprise0"", ""Enterprise2"", ""Op_Server0"", ""User0"", ""User3""]","[""Enterprise0"", ""Enterprise2"", ""Op_Server0"", ""User0"", ""User3""]","{""blue_first_relevant_response_after_critical"": 14, ""blue_first_relevant_response_after_enterprise"": 6, ""enterprise_foothold_step"": 5, ""first_critical_hit_step"": 12, ""window_end"": null, ""window_start"": null}"
ours_stage2_fair,11,stage2_ext_016_obj_0,objective_selected,episode_001,7,7012,28,Q2_user_action_during_critical_breach,high,DecoyTomcat,User2,User,Impact,Op_Server0,"[""Op_Server0""]","[""Op_Server0""]","[""Enterprise0"", ""Enterprise2"", ""Op_Server0"", ""User0"", ""User3""]","[""Enterprise0"", ""Enterprise2"", ""Op_Server0"", ""User0"", ""User3""]","{""blue_first_relevant_response_after_critical"": 14, ""blue_first_relevant_response_after_enterprise"": 6, ""enterprise_foothold_step"": 5, ""first_critical_hit_step"": 12, ""window_end"": null, ""window_start"": null}"
ours_stage2_fair,11,stage2_ext_016_obj_0,objective_selected,episode_001,7,7012,30,Q2_user_action_during_critical_breach,high,DecoySmss,User0,User,Impact,Op_Server0,"[""Op_Server0""]","[""Op_Server0""]","[""Enterprise0"", ""Enterprise2"", ""Op_Server0"", ""User0"", ""User3""]","[""Enterprise0"", ""Enterprise2"", ""Op_Server0"", ""User0"", ""User3""]","{""blue_first_relevant_response_after_critical"": 14, ""blue_first_relevant_response_after_enterprise"": 6, ""enterprise_foothold_step"": 5, ""first_critical_hit_step"": 12, ""window_end"": null, ""window_start"": null}"
ours_stage2_fair,11,stage2_ext_016_obj_0,objective_selected,episode_001,7,7012,33,Q2_user_action_during_critical_breach,high,DecoyVsftpd,User0,User,Impact,Op_Server0,"[""Op_Server0""]","[""Op_Server0""]","[""Enterprise0"", ""Enterprise2"", ""Op_Server0"", ""User0"", ""User3""]","[""Enterprise0"", ""Enterprise2"", ""Op_Server0"", ""User0"", ""User3""]","{""blue_first_relevant_response_after_critical"": 14, ""blue_first_relevant_response_after_enterprise"": 6, ""enterprise_foothold_step"": 5, ""first_critical_hit_step"": 12, ""window_end"": null, ""window_start"": null}"
ours_stage2_fair,11,stage2_ext_016_obj_0,objective_selected,episode_001,7,7012,37,Q2_user_action_during_critical_breach,high,Remove,User3,User,Impact,Op_Server0,"[""Op_Server0""]","[""Op_Server0""]","[""Enterprise0"", ""Enterprise2"", ""Op_Server0"", ""User0"", ""User3""]","[""Enterprise0"", ""Enterprise2"", ""Op_Server0"", ""User0"", ""User3""]","{""blue_first_relevant_response_after_critical"": 14, ""blue_first_relevant_response_after_enterprise"": 6, ""enterprise_foothold_step"": 5, ""first_critical_hit_step"": 12, ""window_end"": null, ""window_start"": null}"
ours_stage2_fair,11,stage2_ext_016_obj_0,objective_selected,episode_001,7,7012,45,Q2_user_action_during_critical_breach,high,DecoySmss,User4,User,Impact,Op_Server0,"[""Op_Server0""]","[""Op_Server0""]","[""Enterprise0"", ""Op_Server0"", ""User0"", ""User3""]","[""Enterprise0"", ""Op_Server0"", ""User0"", ""User3""]","{""blue_first_relevant_response_after_critical"": 14, ""blue_first_relevant_response_after_enterprise"": 6, ""enterprise_foothold_step"": 5, ""first_critical_hit_step"": 12, ""window_end"": null, ""window_start"": null}"
ours_stage2_fair,11,stage2_ext_016_obj_0,objective_selected,episode_001,7,7012,47,Q2_user_action_during_critical_breach,high,DecoySSHD,User4,User,Impact,Op_Server0,"[""Op_Server0""]","[""Op_Server0""]","[""Enterprise0"", ""Op_Server0"", ""User0"", ""User3""]","[""Enterprise0"", ""Op_Server0"", ""User0"", ""User3""]","{""blue_first_relevant_response_after_critical"": 14, ""blue_first_relevant_response_after_enterprise"": 6, ""enterprise_foothold_step"": 5, ""first_critical_hit_step"": 12, ""window_end"": null, ""window_start"": null}"
ours_stage2_fair,11,stage2_ext_016_obj_0,objective_selected,episode_001,7,7012,48,Q2_user_action_during_critical_breach,high,DecoyVsftpd,User3,User,Impact,Op_Server0,"[""Op_Server0""]","[""Op_Server0""]","[""Enterprise0"", ""Op_Server0"", ""User0"", ""User3""]","[""Enterprise0"", ""Op_Server0"", ""User0"", ""User3""]","{""blue_first_relevant_response_after_critical"": 14, ""blue_first_relevant_response_after_enterprise"": 6, ""enterprise_foothold_step"": 5, ""first_critical_hit_step"": 12, ""window_end"": null, ""window_start"": null}"
ours_stage2_fair,11,stage2_ext_016_obj_0,objective_selected,episode_001,7,7012,54,Q2_user_action_during_critical_breach,high,DecoyVsftpd,User0,User,Impact,Op_Server0,"[""Op_Server0""]","[""Op_Server0""]","[""Enterprise0"", ""Op_Server0"", ""User0"", ""User3""]","[""Enterprise0"", ""Op_Server0"", ""User0"", ""User3""]","{""blue_first_relevant_response_after_critical"": 14, ""blue_first_relevant_response_after_enterprise"": 6, ""enterprise_foothold_step"": 5, ""first_critical_hit_step"": 12, ""window_end"": null, ""window_start"": null}"
ours_stage2_fair,11,stage2_ext_016_obj_0,objective_selected,episode_001,7,7012,56,Q2_user_action_during_critical_breach,high,DecoySvchost,User0,User,Impact,Op_Server0,"[""Op_Server0""]","[""Op_Server0""]","[""Enterprise0"", ""Op_Server0"", ""User0"", ""User3""]","[""Enterprise0"", ""Op_Server0"", ""User0"", ""User3""]","{""blue_first_relevant_response_after_critical"": 14, ""blue_first_relevant_response_after_enterprise"": 6, ""enterprise_foothold_step"": 5, ""first_critical_hit_step"": 12, ""window_end"": null, ""window_start"": null}"
ours_stage2_fair,11,stage2_ext_016_obj_0,objective_selected,episode_001,7,7012,67,Q2_user_action_during_critical_breach,high,DecoyHarakaSMPT,User1,User,Impact,Op_Server0,"[""Op_Server0""]","[""Op_Server0""]","[""Op_Server0"", ""User0"", ""User3""]","[""Op_Server0"", ""User0"", ""User3""]","{""blue_first_relevant_response_after_critical"": 14, ""blue_first_relevant_response_after_enterprise"": 6, ""enterprise_foothold_step"": 5, ""first_critical_hit_step"": 12, ""window_end"": null, ""window_start"": null}"
ours_stage2_fair,11,stage2_ext_016_obj_0,objective_selected,episode_001,7,7012,70,Q2_user_action_during_critical_breach,high,DecoySvchost,User0,User,Impact,Op_Server0,"[""Op_Server0""]","[""Op_Server0""]","[""Op_Server0"", ""User0"", ""User3""]","[""Op_Server0"", ""User0"", ""User3""]","{""blue_first_relevant_response_after_critical"": 14, ""blue_first_relevant_response_after_enterprise"": 6, ""enterprise_foothold_step"": 5, ""first_critical_hit_step"": 12, ""window_end"": null, ""window_start"": null}"
ours_stage2_fair,11,stage2_ext_016_obj_0,objective_selected,episode_001,7,7012,71,Q2_user_action_during_critical_breach,high,DecoyApache,User4,User,Impact,Op_Server0,"[""Op_Server0""]","[""Op_Server0""]","[""Op_Server0"", ""User0"", ""User3""]","[""Op_Server0"", ""User0"", ""User3""]","{""blue_first_relevant_response_after_critical"": 14, ""blue_first_relevant_response_after_enterprise"": 6, ""enterprise_foothold_step"": 5, ""first_critical_hit_step"": 12, ""window_end"": null, ""window_start"": null}"
ours_stage2_fair,11,stage2_ext_016_obj_0,objective_selected,episode_001,7,7012,84,Q2_user_action_during_critical_breach,high,DecoyHarakaSMPT,User1,User,Impact,Op_Server0,"[""Op_Server0""]","[""Op_Server0""]","[""Enterprise2"", ""Op_Server0"", ""User0"", ""User3""]","[""Enterprise2"", ""Op_Server0"", ""User0"", ""User3""]","{""blue_first_relevant_response_after_critical"": 14, ""blue_first_relevant_response_after_enterprise"": 6, ""enterprise_foothold_step"": 5, ""first_critical_hit_step"": 12, ""window_end"": null, ""window_start"": null}"
ours_stage2_fair,11,stage2_ext_016_obj_0,objective_selected,episode_001,7,7012,88,Q2_user_action_during_critical_breach,high,DecoyHarakaSMPT,User1,User,Impact,Op_Server0,"[""Op_Server0""]","[""Op_Server0""]","[""Enterprise2"", ""Op_Server0"", ""User0"", ""User3""]","[""Enterprise2"", ""Op_Server0"", ""User0"", ""User3""]","{""blue_first_relevant_response_after_critical"": 14, ""blue_first_relevant_response_after_enterprise"": 6, ""enterprise_foothold_step"": 5, ""first_critical_hit_step"": 12, ""window_end"": null, ""window_start"": null}"
ours_stage2_fair,11,stage2_ext_016_obj_0,objective_selected,episode_001,7,7012,89,Q2_user_action_during_critical_breach,high,DecoyTomcat,User2,User,Impact,Op_Server0,"[""Op_Server0""]","[""Op_Server0""]","[""Enterprise2"", ""Op_Server0"", ""User0"", ""User3""]","[""Enterprise2"", ""Op_Server0"", ""User0"", ""User3""]","{""blue_first_relevant_response_after_critical"": 14, ""blue_first_relevant_response_after_enterprise"": 6, ""enterprise_foothold_step"": 5, ""first_critical_hit_step"": 12, ""window_end"": null, ""window_start"": null}"
ours_stage2_fair,11,stage2_ext_016_obj_0,objective_selected,episode_001,7,7012,90,Q2_user_action_during_critical_breach,high,DecoySvchost,User1,User,Impact,Op_Server0,"[""Op_Server0""]","[""Op_Server0""]","[""Enterprise2"", ""Op_Server0"", ""User0"", ""User3""]","[""Enterprise2"", ""Op_Server0"", ""User0"", ""User3""]","{""blue_first_relevant_response_after_critical"": 14, ""blue_first_relevant_response_after_enterprise"": 6, ""enterprise_foothold_step"": 5, ""first_critical_hit_step"": 12, ""window_end"": null, ""window_start"": null}"
ours_stage2_fair,11,stage2_ext_016_obj_0,objective_selected,episode_001,7,7012,92,Q2_user_action_during_critical_breach,high,DecoySmss,User0,User,Impact,Op_Server0,"[""Op_Server0""]","[""Op_Server0""]","[""Enterprise2"", ""Op_Server0"", ""User0"", ""User3""]","[""Enterprise2"", ""Op_Server0"", ""User0"", ""User3""]","{""blue_first_relevant_response_after_critical"": 14, ""blue_first_relevant_response_after_enterprise"": 6, ""enterprise_foothold_step"": 5, ""first_critical_hit_step"": 12, ""window_end"": null, ""window_start"": null}"
ours_stage2_fair,11,stage2_ext_016_obj_0,objective_selected,episode_001,7,7012,94,Q2_user_action_during_critical_breach,high,Remove,User0,User,Impact,Op_Server0,"[""Op_Server0""]","[""Op_Server0""]","[""Enterprise2"", ""Op_Server0"", ""User0"", ""User3""]","[""Enterprise2"", ""Op_Server0"", ""User0"", ""User3""]","{""blue_first_relevant_response_after_critical"": 14, ""blue_first_relevant_response_after_enterprise"": 6, ""enterprise_foothold_step"": 5, ""first_critical_hit_step"": 12, ""window_end"": null, ""window_start"": null}"
ours_stage2_fair,11,stage2_ext_016_obj_0,objective_selected,episode_001,7,7012,98,Q2_user_action_during_critical_breach,high,Remove,User3,User,Impact,Op_Server0,"[""Op_Server0""]","[""Op_Server0""]","[""Enterprise2"", ""Op_Server0"", ""User0"", ""User3""]","[""Enterprise2"", ""Op_Server0"", ""User0"", ""User3""]","{""blue_first_relevant_response_after_critical"": 14, ""blue_first_relevant_response_after_enterprise"": 6, ""enterprise_foothold_step"": 5, ""first_critical_hit_step"": 12, ""window_end"": null, ""window_start"": null}"
ours_stage2_fair,11,stage2_ext_016_obj_0,objective_selected,episode_001,7,7012,24,Q4_user_focus_after_enterprise_foothold,medium,DecoyApache,User0,User,Impact,Op_Server0,"[""Op_Server0""]","[""Op_Server0""]","[""Enterprise0"", ""Enterprise2"", ""Op_Server0"", ""User0"", ""User3""]","[""Enterprise0"", ""Enterprise2"", ""Op_Server0"", ""User0"", ""User3""]","{""blue_first_relevant_response_after_critical"": 14, ""blue_first_relevant_response_after_enterprise"": 6, ""enterprise_foothold_step"": 5, ""first_critical_hit_step"": 12, ""window_end"": 26, ""window_start"": 24}"
ours_stage2_fair,11,stage2_ext_016_obj_0,objective_selected,episode_001,7,7012,88,Q4_user_focus_after_enterprise_foothold,medium,DecoyHarakaSMPT,User1,User,Impact,Op_Server0,"[""Op_Server0""]","[""Op_Server0""]","[""Enterprise2"", ""Op_Server0"", ""User0"", ""User3""]","[""Enterprise2"", ""Op_Server0"", ""User0"", ""User3""]","{""blue_first_relevant_response_after_critical"": 14, ""blue_first_relevant_response_after_enterprise"": 6, ""enterprise_foothold_step"": 5, ""first_critical_hit_step"": 12, ""window_end"": 90, ""window_start"": 88}"
ours_stage2_fair,11,stage2_ext_016_obj_0,objective_selected,episode_002,0,13,45,Q2_user_action_during_critical_breach,high,DecoyVsftpd,User4,User,Impact,Op_Server0,"[""Op_Server0""]","[""Op_Server0""]","[""Enterprise1"", ""Enterprise2"", ""Op_Server0"", ""User0""]","[""Enterprise1"", ""Enterprise2"", ""Op_Server0"", ""User0""]","{""blue_first_relevant_response_after_critical"": 43, ""blue_first_relevant_response_after_enterprise"": 6, ""enterprise_foothold_step"": 5, ""first_critical_hit_step"": 42, ""window_end"": null, ""window_start"": null}"
ours_stage2_fair,11,stage2_ext_016_obj_0,objective_selected,episode_002,0,13,47,Q2_user_action_during_critical_breach,high,DecoySvchost,User0,User,Impact,Op_Server0,"[""Op_Server0""]","[""Op_Server0""]","[""Enterprise1"", ""Enterprise2"", ""Op_Server0"", ""User0""]","[""Enterprise1"", ""Enterprise2"", ""Op_Server0"", ""User0""]","{""blue_first_relevant_response_after_critical"": 43, ""blue_first_relevant_response_after_enterprise"": 6, ""enterprise_foothold_step"": 5, ""first_critical_hit_step"": 42, ""window_end"": null, ""window_start"": null}"
ours_stage2_fair,11,stage2_ext_016_obj_0,objective_selected,episode_002,0,13,50,Q2_user_action_during_critical_breach,high,DecoyVsftpd,User0,User,Impact,Op_Server0,"[""Op_Server0""]","[""Op_Server0""]","[""Enterprise1"", ""Op_Server0"", ""User0""]","[""Enterprise1"", ""Op_Server0"", ""User0""]","{""blue_first_relevant_response_after_critical"": 43, ""blue_first_relevant_response_after_enterprise"": 6, ""enterprise_foothold_step"": 5, ""first_critical_hit_step"": 42, ""window_end"": null, ""window_start"": null}"
ours_stage2_fair,11,stage2_ext_016_obj_0,objective_selected,episode_002,0,13,52,Q2_user_action_during_critical_breach,high,DecoySmss,User4,User,Impact,Op_Server0,"[""Op_Server0""]","[""Op_Server0""]","[""Enterprise1"", ""Op_Server0"", ""User0""]","[""Enterprise1"", ""Op_Server0"", ""User0""]","{""blue_first_relevant_response_after_critical"": 43, ""blue_first_relevant_response_after_enterprise"": 6, ""enterprise_foothold_step"": 5, ""first_critical_hit_step"": 42, ""window_end"": null, ""window_start"": null}"
ours_stage2_fair,11,stage2_ext_016_obj_0,objective_selected,episode_002,0,13,74,Q2_user_action_during_critical_breach,high,DecoyVsftpd,User0,User,PrivilegeEscalate,Op_Server0,"[""Op_Server0""]","[""Op_Server0""]","[""Enterprise1"", ""Enterprise2"", ""Op_Server0"", ""User0""]","[""Enterprise1"", ""Enterprise2"", ""Op_Server0"", ""User0""]","{""blue_first_relevant_response_after_critical"": 43, ""blue_first_relevant_response_after_enterprise"": 6, ""enterprise_foothold_step"": 5, ""first_critical_hit_step"": 42, ""window_end"": null, ""window_start"": null}"
ours_stage2_fair,11,stage2_ext_016_obj_0,objective_selected,episode_002,0,13,75,Q2_user_action_during_critical_breach,high,DecoySmss,User2,User,Impact,Op_Server0,"[""Op_Server0""]","[""Op_Server0""]","[""Enterprise1"", ""Enterprise2"", ""Op_Server0"", ""User0""]","[""Enterprise1"", ""Enterprise2"", ""Op_Server0"", ""User0""]","{""blue_first_relevant_response_after_critical"": 43, ""blue_first_relevant_response_after_enterprise"": 6, ""enterprise_foothold_step"": 5, ""first_critical_hit_step"": 42, ""window_end"": null, ""window_start"": null}"
ours_stage2_fair,11,stage2_ext_016_obj_0,objective_selected,episode_002,0,13,81,Q2_user_action_during_critical_breach,high,DecoyVsftpd,User0,User,Impact,Op_Server0,"[""Op_Server0""]","[""Op_Server0""]","[""Enterprise1"", ""Op_Server0"", ""User0""]","[""Enterprise1"", ""Op_Server0"", ""User0""]","{""blue_first_relevant_response_after_critical"": 43, ""blue_first_relevant_response_after_enterprise"": 6, ""enterprise_foothold_step"": 5, ""first_critical_hit_step"": 42, ""window_end"": null, ""window_start"": null}"
ours_stage2_fair,11,stage2_ext_016_obj_0,objective_selected,episode_002,0,13,83,Q2_user_action_during_critical_breach,high,DecoySmss,User4,User,Impact,Op_Server0,"[""Op_Server0""]","[""Op_Server0""]","[""Enterprise1"", ""Op_Server0"", ""User0""]","[""Enterprise1"", ""Op_Server0"", ""User0""]","{""blue_first_relevant_response_after_critical"": 43, ""blue_first_relevant_response_after_enterprise"": 6, ""enterprise_foothold_step"": 5, ""first_critical_hit_step"": 42, ""window_end"": null, ""window_start"": null}"
ours_stage2_fair,11,stage2_ext_016_obj_0,objective_selected,episode_002,0,13,87,Q2_user_action_during_critical_breach,high,DecoyTomcat,User2,User,Impact,Op_Server0,"[""Op_Server0""]","[""Op_Server0""]","[""Enterprise1"", ""Op_Server0"", ""User0""]","[""Enterprise1"", ""Op_Server0"", ""User0""]","{""blue_first_relevant_response_after_critical"": 43, ""blue_first_relevant_response_after_enterprise"": 6, ""enterprise_foothold_step"": 5, ""first_critical_hit_step"": 42, ""window_end"": null, ""window_start"": null}"
ours_stage2_fair,11,stage2_ext_016_obj_0,objective_selected,episode_002,0,13,90,Q2_user_action_during_critical_breach,high,DecoyTomcat,User2,User,Impact,Op_Server0,"[""Op_Server0""]","[""Op_Server0""]","[""Enterprise1"", ""Op_Server0"", ""User0""]","[""Enterprise1"", ""Op_Server0"", ""User0""]","{""blue_first_relevant_response_after_critical"": 43, ""blue_first_relevant_response_after_enterprise"": 6, ""enterprise_foothold_step"": 5, ""first_critical_hit_step"": 42, ""window_end"": null, ""window_start"": null}"
ours_stage2_fair,11,stage2_ext_016_obj_0,objective_selected,episode_002,0,13,94,Q2_user_action_during_critical_breach,high,DecoyTomcat,User4,User,Impact,Op_Server0,"[""Op_Server0""]","[""Op_Server0""]","[""Enterprise1"", ""Op_Server0"", ""User0""]","[""Enterprise1"", ""Op_Server0"", ""User0""]","{""blue_first_relevant_response_after_critical"": 43, ""blue_first_relevant_response_after_enterprise"": 6, ""enterprise_foothold_step"": 5, ""first_critical_hit_step"": 42, ""window_end"": null, ""window_start"": null}"
ours_stage2_fair,11,stage2_ext_016_obj_0,objective_selected,episode_002,0,13,96,Q2_user_action_during_critical_breach,high,DecoySvchost,User0,User,Impact,Op_Server0,"[""Op_Server0""]","[""Op_Server0""]","[""Enterprise1"", ""Op_Server0"", ""User0""]","[""Enterprise1"", ""Op_Server0"", ""User0""]","{""blue_first_relevant_response_after_critical"": 43, ""blue_first_relevant_response_after_enterprise"": 6, ""enterprise_foothold_step"": 5, ""first_critical_hit_step"": 42, ""window_end"": null, ""window_start"": null}"
ours_stage2_fair,11,stage2_ext_016_obj_0,objective_selected,episode_002,0,13,97,Q2_user_action_during_critical_breach,high,DecoySvchost,User0,User,Impact,Op_Server0,"[""Op_Server0""]","[""Op_Server0""]","[""Enterprise1"", ""Op_Server0"", ""User0""]","[""Enterprise1"", ""Op_Server0"", ""User0""]","{""blue_first_relevant_response_after_critical"": 43, ""blue_first_relevant_response_after_enterprise"": 6, ""enterprise_foothold_step"": 5, ""first_critical_hit_step"": 42, ""window_end"": null, ""window_start"": null}"
ours_stage2_fair,11,stage2_ext_016_obj_0,objective_selected,episode_002,0,13,98,Q2_user_action_during_critical_breach,high,Remove,User1,User,Impact,Op_Server0,"[""Op_Server0""]","[""Op_Server0""]","[""Enterprise1"", ""Op_Server0"", ""User0""]","[""Enterprise1"", ""Op_Server0"", ""User0""]","{""blue_first_relevant_response_after_critical"": 43, ""blue_first_relevant_response_after_enterprise"": 6, ""enterprise_foothold_step"": 5, ""first_critical_hit_step"": 42, ""window_end"": null, ""window_start"": null}"
ours_stage2_fair,11,stage2_ext_016_obj_0,objective_selected,episode_002,0,13,18,Q4_user_focus_after_enterprise_foothold,medium,DecoyApache,User3,User,PrivilegeEscalate,Enterprise2,[],[],"[""Enterprise1"", ""Enterprise2"", ""User0"", ""User1""]","[""Enterprise1"", ""Enterprise2"", ""User0"", ""User1""]","{""blue_first_relevant_response_after_critical"": 43, ""blue_first_relevant_response_after_enterprise"": 6, ""enterprise_foothold_step"": 5, ""first_critical_hit_step"": 42, ""window_end"": 20, ""window_start"": 18}"
ours_stage2_fair,11,stage2_ext_016_obj_0,objective_selected,episode_002,0,13,19,Q4_user_focus_after_enterprise_foothold,medium,DecoySmss,User2,User,DiscoverNetworkServices,,[],[],"[""Enterprise1"", ""Enterprise2"", ""User0"", ""User1""]","[""Enterprise1"", ""Enterprise2"", ""User0"", ""User1""]","{""blue_first_relevant_response_after_critical"": 43, ""blue_first_relevant_response_after_enterprise"": 6, ""enterprise_foothold_step"": 5, ""first_critical_hit_step"": 42, ""window_end"": 21, ""window_start"": 19}"
ours_stage2_fair,11,stage2_ext_016_obj_0,objective_selected,episode_002,0,13,96,Q4_user_focus_after_enterprise_foothold,medium,DecoySvchost,User0,User,Impact,Op_Server0,"[""Op_Server0""]","[""Op_Server0""]","[""Enterprise1"", ""Op_Server0"", ""User0""]","[""Enterprise1"", ""Op_Server0"", ""User0""]","{""blue_first_relevant_response_after_critical"": 43, ""blue_first_relevant_response_after_enterprise"": 6, ""enterprise_foothold_step"": 5, ""first_critical_hit_step"": 42, ""window_end"": 98, ""window_start"": 96}"
ours_stage2_fair,11,stage2_ext_016_obj_0,objective_selected,episode_002,1,1013,22,Q2_user_action_during_critical_breach,high,Remove,User1,User,Impact,Op_Server0,"[""Op_Server0""]","[""Op_Server0""]","[""Enterprise1"", ""Op_Server0"", ""User0"", ""User2""]","[""Enterprise1"", ""Op_Server0"", ""User0"", ""User2""]","{""blue_first_relevant_response_after_critical"": 19, ""blue_first_relevant_response_after_enterprise"": 7, ""enterprise_foothold_step"": 5, ""first_critical_hit_step"": 18, ""window_end"": null, ""window_start"": null}"
ours_stage2_fair,11,stage2_ext_016_obj_0,objective_selected,episode_002,1,1013,32,Q2_user_action_during_critical_breach,high,DecoySSHD,User3,User,Impact,Op_Server0,"[""Op_Server0""]","[""Op_Server0""]","[""Enterprise1"", ""Op_Server0"", ""User0"", ""User2""]","[""Enterprise1"", ""Op_Server0"", ""User0"", ""User2""]","{""blue_first_relevant_response_after_critical"": 19, ""blue_first_relevant_response_after_enterprise"": 7, ""enterprise_foothold_step"": 5, ""first_critical_hit_step"": 18, ""window_end"": null, ""window_start"": null}"
ours_stage2_fair,11,stage2_ext_016_obj_0,objective_selected,episode_002,1,1013,33,Q2_user_action_during_critical_breach,high,Remove,User3,User,Impact,Op_Server0,"[""Op_Server0""]","[""Op_Server0""]","[""Enterprise1"", ""Op_Server0"", ""User0"", ""User2""]","[""Enterprise1"", ""Op_Server0"", ""User0"", ""User2""]","{""blue_first_relevant_response_after_critical"": 19, ""blue_first_relevant_response_after_enterprise"": 7, ""enterprise_foothold_step"": 5, ""first_critical_hit_step"": 18, ""window_end"": null, ""window_start"": null}"
ours_stage2_fair,11,stage2_ext_016_obj_0,objective_selected,episode_002,1,1013,44,Q2_user_action_during_critical_breach,high,DecoyVsftpd,User0,User,Impact,Op_Server0,"[""Op_Server0""]","[""Op_Server0""]","[""Enterprise2"", ""Op_Server0"", ""User0"", ""User2""]","[""Enterprise2"", ""Op_Server0"", ""User0"", ""User2""]","{""blue_first_relevant_response_after_critical"": 19, ""blue_first_relevant_response_after_enterprise"": 7, ""enterprise_foothold_step"": 5, ""first_critical_hit_step"": 18, ""window_end"": null, ""window_start"": null}"
ours_stage2_fair,11,stage2_ext_016_obj_0,objective_selected,episode_002,1,1013,46,Q2_user_action_during_critical_breach,high,DecoyTomcat,User2,User,Impact,Op_Server0,"[""Op_Server0""]","[""Op_Server0""]","[""Enterprise2"", ""Op_Server0"", ""User0"", ""User2""]","[""Enterprise2"", ""Op_Server0"", ""User0"", ""User2""]","{""blue_first_relevant_response_after_critical"": 19, ""blue_first_relevant_response_after_enterprise"": 7, ""enterprise_foothold_step"": 5, ""first_critical_hit_step"": 18, ""window_end"": null, ""window_start"": null}"
ours_stage2_fair,11,stage2_ext_016_obj_0,objective_selected,episode_002,1,1013,49,Q2_user_action_during_critical_breach,high,DecoyVsftpd,User4,User,Impact,Op_Server0,"[""Op_Server0""]","[""Op_Server0""]","[""Enterprise2"", ""Op_Server0"", ""User0"", ""User2""]","[""Enterprise2"", ""Op_Server0"", ""User0"", ""User2""]","{""blue_first_relevant_response_after_critical"": 19, ""blue_first_relevant_response_after_enterprise"": 7, ""enterprise_foothold_step"": 5, ""first_critical_hit_step"": 18, ""window_end"": null, ""window_start"": null}"
ours_stage2_fair,11,stage2_ext_016_obj_0,objective_selected,episode_002,1,1013,50,Q2_user_action_during_critical_breach,high,DecoyVsftpd,User0,User,Impact,Op_Server0,"[""Op_Server0""]","[""Op_Server0""]","[""Enterprise2"", ""Op_Server0"", ""User0"", ""User2""]","[""Enterprise2"", ""Op_Server0"", ""User0"", ""User2""]","{""blue_first_relevant_response_after_critical"": 19, ""blue_first_relevant_response_after_enterprise"": 7, ""enterprise_foothold_step"": 5, ""first_critical_hit_step"": 18, ""window_end"": null, ""window_start"": null}"
ours_stage2_fair,11,stage2_ext_016_obj_0,objective_selected,episode_002,1,1013,58,Q2_user_action_during_critical_breach,high,DecoySmss,User2,User,Impact,Op_Server0,"[""Op_Server0""]","[""Op_Server0""]","[""Enterprise2"", ""Op_Server0"", ""User0"", ""User2""]","[""Enterprise2"", ""Op_Server0"", ""User0"", ""User2""]","{""blue_first_relevant_response_after_critical"": 19, ""blue_first_relevant_response_after_enterprise"": 7, ""enterprise_foothold_step"": 5, ""first_critical_hit_step"": 18, ""window_end"": null, ""window_start"": null}"
ours_stage2_fair,11,stage2_ext_016_obj_0,objective_selected,episode_002,1,1013,60,Q2_user_action_during_critical_breach,high,DecoyTomcat,User2,User,Impact,Op_Server0,"[""Op_Server0""]","[""Op_Server0""]","[""Enterprise2"", ""Op_Server0"", ""User0"", ""User2""]","[""Enterprise2"", ""Op_Server0"", ""User0"", ""User2""]","{""blue_first_relevant_response_after_critical"": 19, ""blue_first_relevant_response_after_enterprise"": 7, ""enterprise_foothold_step"": 5, ""first_critical_hit_step"": 18, ""window_end"": null, ""window_start"": null}"
ours_stage2_fair,11,stage2_ext_016_obj_0,objective_selected,episode_002,1,1013,62,Q2_user_action_during_critical_breach,high,Restore,User1,User,Impact,Op_Server0,"[""Op_Server0""]","[""Op_Server0""]","[""Enterprise2"", ""Op_Server0"", ""User0"", ""User2""]","[""Enterprise2"", ""Op_Server0"", ""User0"", ""User2""]","{""blue_first_relevant_response_after_critical"": 19, ""blue_first_relevant_response_after_enterprise"": 7, ""enterprise_foothold_step"": 5, ""first_critical_hit_step"": 18, ""window_end"": null, ""window_start"": null}"
ours_stage2_fair,11,stage2_ext_016_obj_0,objective_selected,episode_002,1,1013,63,Q2_user_action_during_critical_breach,high,Remove,User1,User,Impact,Op_Server0,"[""Op_Server0""]","[""Op_Server0""]","[""Enterprise2"", ""Op_Server0"", ""User0"", ""User2""]","[""Enterprise2"", ""Op_Server0"", ""User0"", ""User2""]","{""blue_first_relevant_response_after_critical"": 19, ""blue_first_relevant_response_after_enterprise"": 7, ""enterprise_foothold_step"": 5, ""first_critical_hit_step"": 18, ""window_end"": null, ""window_start"": null}"
ours_stage2_fair,11,stage2_ext_016_obj_0,objective_selected,episode_002,1,1013,65,Q2_user_action_during_critical_breach,high,DecoyFemitter,User2,User,Impact,Op_Server0,"[""Op_Server0""]","[""Op_Server0""]","[""Op_Server0"", ""User0"", ""User2""]","[""Op_Server0"", ""User0"", ""User2""]","{""blue_first_relevant_response_after_critical"": 19, ""blue_first_relevant_response_after_enterprise"": 7, ""enterprise_foothold_step"": 5, ""first_critical_hit_step"": 18, ""window_end"": null, ""window_start"": null}"
ours_stage2_fair,11,stage2_ext_016_obj_0,objective_selected,episode_002,1,1013,69,Q2_user_action_during_critical_breach,high,DecoyVsftpd,User4,User,Impact,Op_Server0,"[""Op_Server0""]","[""Op_Server0""]","[""Op_Server0"", ""User0"", ""User2""]","[""Op_Server0"", ""User0"", ""User2""]","{""blue_first_relevant_response_after_critical"": 19, ""blue_first_relevant_response_after_enterprise"": 7, ""enterprise_foothold_step"": 5, ""first_critical_hit_step"": 18, ""window_end"": null, ""window_start"": null}"
ours_stage2_fair,11,stage2_ext_016_obj_0,objective_selected,episode_002,1,1013,78,Q2_user_action_during_critical_breach,high,Remove,User1,User,Impact,Op_Server0,"[""Op_Server0""]","[""Op_Server0""]","[""Op_Server0"", ""User0"", ""User2""]","[""Op_Server0"", ""User0"", ""User2""]","{""blue_first_relevant_response_after_critical"": 19, ""blue_first_relevant_response_after_enterprise"": 7, ""enterprise_foothold_step"": 5, ""first_critical_hit_step"": 18, ""window_end"": null, ""window_start"": null}"
ours_stage2_fair,11,stage2_ext_016_obj_0,objective_selected,episode_002,1,1013,82,Q2_user_action_during_critical_breach,high,Remove,User1,User,Impact,Op_Server0,"[""Op_Server0""]","[""Op_Server0""]","[""Op_Server0"", ""User0"", ""User2""]","[""Op_Server0"", ""User0"", ""User2""]","{""blue_first_relevant_response_after_critical"": 19, ""blue_first_relevant_response_after_enterprise"": 7, ""enterprise_foothold_step"": 5, ""first_critical_hit_step"": 18, ""window_end"": null, ""window_start"": null}"
ours_stage2_fair,11,stage2_ext_016_obj_0,objective_selected,episode_002,1,1013,85,Q2_user_action_during_critical_breach,high,DecoySvchost,User0,User,Impact,Op_Server0,"[""Op_Server0""]","[""Op_Server0""]","[""Op_Server0"", ""User0"", ""User2""]","[""Op_Server0"", ""User0"", ""User2""]","{""blue_first_relevant_response_after_critical"": 19, ""blue_first_relevant_response_after_enterprise"": 7, ""enterprise_foothold_step"": 5, ""first_critical_hit_step"": 18, ""window_end"": null, ""window_start"": null}"
ours_stage2_fair,11,stage2_ext_016_obj_0,objective_selected,episode_002,1,1013,87,Q2_user_action_during_critical_breach,high,DecoyVsftpd,User4,User,Impact,Op_Server0,"[""Op_Server0""]","[""Op_Server0""]","[""Op_Server0"", ""User0"", ""User2""]","[""Op_Server0"", ""User0"", ""User2""]","{""blue_first_relevant_response_after_critical"": 19, ""blue_first_relevant_response_after_enterprise"": 7, ""enterprise_foothold_step"": 5, ""first_critical_hit_step"": 18, ""window_end"": null, ""window_start"": null}"
ours_stage2_fair,11,stage2_ext_016_obj_0,objective_selected,episode_002,1,1013,94,Q2_user_action_during_critical_breach,high,DecoyHarakaSMPT,User0,User,Impact,Op_Server0,"[""Op_Server0""]","[""Op_Server0""]","[""Op_Server0"", ""User0"", ""User2""]","[""Op_Server0"", ""User0"", ""User2""]","{""blue_first_relevant_response_after_critical"": 19, ""blue_first_relevant_response_after_enterprise"": 7, ""enterprise_foothold_step"": 5, ""first_critical_hit_step"": 18, ""window_end"": null, ""window_start"": null}"
ours_stage2_fair,11,stage2_ext_016_obj_0,objective_selected,episode_002,1,1013,95,Q2_user_action_during_critical_breach,high,DecoySmss,User4,User,Impact,Op_Server0,"[""Op_Server0""]","[""Op_Server0""]","[""Op_Server0"", ""User0"", ""User2""]","[""Op_Server0"", ""User0"", ""User2""]","{""blue_first_relevant_response_after_critical"": 19, ""blue_first_relevant_response_after_enterprise"": 7, ""enterprise_foothold_step"": 5, ""first_critical_hit_step"": 18, ""window_end"": null, ""window_start"": null}"
ours_stage2_fair,11,stage2_ext_016_obj_0,objective_selected,episode_002,1,1013,96,Q2_user_action_during_critical_breach,high,DecoySmss,User0,User,Impact,Op_Server0,"[""Op_Server0""]","[""Op_Server0""]","[""Op_Server0"", ""User0"", ""User2""]","[""Op_Server0"", ""User0"", ""User2""]","{""blue_first_relevant_response_after_critical"": 19, ""blue_first_relevant_response_after_enterprise"": 7, ""enterprise_foothold_step"": 5, ""first_critical_hit_step"": 18, ""window_end"": null, ""window_start"": null}"
ours_stage2_fair,11,stage2_ext_016_obj_0,objective_selected,episode_002,1,1013,94,Q4_user_focus_after_enterprise_foothold,medium,DecoyHarakaSMPT,User0,User,Impact,Op_Server0,"[""Op_Server0""]","[""Op_Server0""]","[""Op_Server0"", ""User0"", ""User2""]","[""Op_Server0"", ""User0"", ""User2""]","{""blue_first_relevant_response_after_critical"": 19, ""blue_first_relevant_response_after_enterprise"": 7, ""enterprise_foothold_step"": 5, ""first_critical_hit_step"": 18, ""window_end"": 96, ""window_start"": 94}"
ours_stage2_fair,11,stage2_ext_016_obj_0,objective_selected,episode_002,2,2013,18,Q2_user_action_during_critical_breach,high,DecoyVsftpd,User0,User,Impact,Op_Server0,"[""Op_Server0""]","[""Op_Server0""]","[""Enterprise2"", ""Op_Server0"", ""User0"", ""User4""]","[""Enterprise2"", ""Op_Server0"", ""User0"", ""User4""]","{""blue_first_relevant_response_after_critical"": 15, ""blue_first_relevant_response_after_enterprise"": 8, ""enterprise_foothold_step"": 5, ""first_critical_hit_step"": 12, ""window_end"": null, ""window_start"": null}"
ours_stage2_fair,11,stage2_ext_016_obj_0,objective_selected,episode_002,2,2013,19,Q2_user_action_during_critical_breach,high,DecoyFemitter,User2,User,Impact,Op_Server0,"[""Op_Server0""]","[""Op_Server0""]","[""Enterprise2"", ""Op_Server0"", ""User0"", ""User4""]","[""Enterprise2"", ""Op_Server0"", ""User0"", ""User4""]","{""blue_first_relevant_response_after_critical"": 15, ""blue_first_relevant_response_after_enterprise"": 8, ""enterprise_foothold_step"": 5, ""first_critical_hit_step"": 12, ""window_end"": null, ""window_start"": null}"
ours_stage2_fair,11,stage2_ext_016_obj_0,objective_selected,episode_002,2,2013,22,Q2_user_action_during_critical_breach,high,Remove,User1,User,Impact,Op_Server0,"[""Op_Server0""]","[""Op_Server0""]","[""Enterprise2"", ""Op_Server0"", ""User0"", ""User4""]","[""Enterprise2"", ""Op_Server0"", ""User0"", ""User4""]","{""blue_first_relevant_response_after_critical"": 15, ""blue_first_relevant_response_after_enterprise"": 8, ""enterprise_foothold_step"": 5, ""first_critical_hit_step"": 12, ""window_end"": null, ""window_start"": null}"
ours_stage2_fair,11,stage2_ext_016_obj_0,objective_selected,episode_002,2,2013,24,Q2_user_action_during_critical_breach,high,DecoyTomcat,User4,User,Impact,Op_Server0,"[""Op_Server0""]","[""Op_Server0""]","[""Enterprise2"", ""Op_Server0"", ""User0"", ""User4""]","[""Enterprise2"", ""Op_Server0"", ""User0"", ""User4""]","{""blue_first_relevant_response_after_critical"": 15, ""blue_first_relevant_response_after_enterprise"": 8, ""enterprise_foothold_step"": 5, ""first_critical_hit_step"": 12, ""window_end"": null, ""window_start"": null}"
ours_stage2_fair,11,stage2_ext_016_obj_0,objective_selected,episode_002,2,2013,25,Q2_user_action_during_critical_breach,high,DecoySmss,User2,User,Impact,Op_Server0,"[""Op_Server0""]","[""Op_Server0""]","[""Enterprise2"", ""Op_Server0"", ""User0"", ""User4""]","[""Enterprise2"", ""Op_Server0"", ""User0"", ""User4""]","{""blue_first_relevant_response_after_critical"": 15, ""blue_first_relevant_response_after_enterprise"": 8, ""enterprise_foothold_step"": 5, ""first_critical_hit_step"": 12, ""window_end"": null, ""window_start"": null}"
ours_stage2_fair,11,stage2_ext_016_obj_0,objective_selected,episode_002,2,2013,26,Q2_user_action_during_critical_breach,high,DecoySvchost,User2,User,Impact,Op_Server0,"[""Op_Server0""]","[""Op_Server0""]","[""Enterprise2"", ""Op_Server0"", ""User0"", ""User4""]","[""Enterprise2"", ""Op_Server0"", ""User0"", ""User4""]","{""blue_first_relevant_response_after_critical"": 15, ""blue_first_relevant_response_after_enterprise"": 8, ""enterprise_foothold_step"": 5, ""first_critical_hit_step"": 12, ""window_end"": null, ""window_start"": null}"
ours_stage2_fair,11,stage2_ext_016_obj_0,objective_selected,episode_002,2,2013,30,Q2_user_action_during_critical_breach,high,DecoyTomcat,User2,User,Impact,Op_Server0,"[""Op_Server0""]","[""Op_Server0""]","[""Enterprise2"", ""Op_Server0"", ""User0"", ""User4""]","[""Enterprise2"", ""Op_Server0"", ""User0"", ""User4""]","{""blue_first_relevant_response_after_critical"": 15, ""blue_first_relevant_response_after_enterprise"": 8, ""enterprise_foothold_step"": 5, ""first_critical_hit_step"": 12, ""window_end"": null, ""window_start"": null}"
ours_stage2_fair,11,stage2_ext_016_obj_0,objective_selected,episode_002,2,2013,33,Q2_user_action_during_critical_breach,high,Remove,User1,User,Impact,Op_Server0,"[""Op_Server0""]","[""Op_Server0""]","[""Enterprise2"", ""Op_Server0"", ""User0"", ""User4""]","[""Enterprise2"", ""Op_Server0"", ""User0"", ""User4""]","{""blue_first_relevant_response_after_critical"": 15, ""blue_first_relevant_response_after_enterprise"": 8, ""enterprise_foothold_step"": 5, ""first_critical_hit_step"": 12, ""window_end"": null, ""window_start"": null}"
ours_stage2_fair,11,stage2_ext_016_obj_0,objective_selected,episode_002,2,2013,40,Q2_user_action_during_critical_breach,high,DecoySmss,User2,User,PrivilegeEscalate,Op_Server0,"[""Op_Server0""]","[""Op_Server0""]","[""Enterprise2"", ""Op_Server0"", ""User0"", ""User4""]","[""Enterprise2"", ""Op_Server0"", ""User0"", ""User4""]","{""blue_first_relevant_response_after_critical"": 15, ""blue_first_relevant_response_after_enterprise"": 8, ""enterprise_foothold_step"": 5, ""first_critical_hit_step"": 12, ""window_end"": null, ""window_start"": null}"
ours_stage2_fair,11,stage2_ext_016_obj_0,objective_selected,episode_002,2,2013,41,Q2_user_action_during_critical_breach,high,Remove,User4,User,Impact,Op_Server0,"[""Op_Server0""]","[""Op_Server0""]","[""Enterprise2"", ""Op_Server0"", ""User0"", ""User4""]","[""Enterprise2"", ""Op_Server0"", ""User0"", ""User4""]","{""blue_first_relevant_response_after_critical"": 15, ""blue_first_relevant_response_after_enterprise"": 8, ""enterprise_foothold_step"": 5, ""first_critical_hit_step"": 12, ""window_end"": null, ""window_start"": null}"
ours_stage2_fair,11,stage2_ext_016_obj_0,objective_selected,episode_002,2,2013,44,Q2_user_action_during_critical_breach,high,DecoyApache,User0,User,Impact,Op_Server0,"[""Op_Server0""]","[""Op_Server0""]","[""Enterprise2"", ""Op_Server0"", ""User0"", ""User4""]","[""Enterprise2"", ""Op_Server0"", ""User0"", ""User4""]","{""blue_first_relevant_response_after_critical"": 15, ""blue_first_relevant_response_after_enterprise"": 8, ""enterprise_foothold_step"": 5, ""first_critical_hit_step"": 12, ""window_end"": null, ""window_start"": null}"
ours_stage2_fair,11,stage2_ext_016_obj_0,objective_selected,episode_002,2,2013,45,Q2_user_action_during_critical_breach,high,DecoySvchost,User0,User,Impact,Op_Server0,"[""Op_Server0""]","[""Op_Server0""]","[""Enterprise2"", ""Op_Server0"", ""User0"", ""User4""]","[""Enterprise2"", ""Op_Server0"", ""User0"", ""User4""]","{""blue_first_relevant_response_after_critical"": 15, ""blue_first_relevant_response_after_enterprise"": 8, ""enterprise_foothold_step"": 5, ""first_critical_hit_step"": 12, ""window_end"": null, ""window_start"": null}"
ours_stage2_fair,11,stage2_ext_016_obj_0,objective_selected,episode_002,2,2013,50,Q2_user_action_during_critical_breach,high,DecoySvchost,User0,User,Impact,Op_Server0,"[""Op_Server0""]","[""Op_Server0""]","[""Enterprise2"", ""Op_Server0"", ""User0"", ""User4""]","[""Enterprise2"", ""Op_Server0"", ""User0"", ""User4""]","{""blue_first_relevant_response_after_critical"": 15, ""blue_first_relevant_response_after_enterprise"": 8, ""enterprise_foothold_step"": 5, ""first_critical_hit_step"": 12, ""window_end"": null, ""window_start"": null}"
ours_stage2_fair,11,stage2_ext_016_obj_0,objective_selected,episode_002,2,2013,54,Q2_user_action_during_critical_breach,high,Restore,User0,User,Impact,Op_Server0,"[""Op_Server0""]","[""Op_Server0""]","[""Enterprise2"", ""Op_Server0"", ""User0"", ""User4""]","[""Enterprise2"", ""Op_Server0"", ""User0"", ""User4""]","{""blue_first_relevant_response_after_critical"": 15, ""blue_first_relevant_response_after_enterprise"": 8, ""enterprise_foothold_step"": 5, ""first_critical_hit_step"": 12, ""window_end"": null, ""window_start"": null}"
ours_stage2_fair,11,stage2_ext_016_obj_0,objective_selected,episode_002,2,2013,57,Q2_user_action_during_critical_breach,high,DecoyTomcat,User4,User,Impact,Op_Server0,"[""Op_Server0""]","[""Op_Server0""]","[""Enterprise2"", ""Op_Server0"", ""User0"", ""User4""]","[""Enterprise2"", ""Op_Server0"", ""User0"", ""User4""]","{""blue_first_relevant_response_after_critical"": 15, ""blue_first_relevant_response_after_enterprise"": 8, ""enterprise_foothold_step"": 5, ""first_critical_hit_step"": 12, ""window_end"": null, ""window_start"": null}"
ours_stage2_fair,11,stage2_ext_016_obj_0,objective_selected,episode_002,2,2013,58,Q2_user_action_during_critical_breach,high,DecoySmss,User0,User,Impact,Op_Server0,"[""Op_Server0""]","[""Op_Server0""]","[""Enterprise2"", ""Op_Server0"", ""User0"", ""User4""]","[""Enterprise2"", ""Op_Server0"", ""User0"", ""User4""]","{""blue_first_relevant_response_after_critical"": 15, ""blue_first_relevant_response_after_enterprise"": 8, ""enterprise_foothold_step"": 5, ""first_critical_hit_step"": 12, ""window_end"": null, ""window_start"": null}"
ours_stage2_fair,11,stage2_ext_016_obj_0,objective_selected,episode_002,2,2013,62,Q2_user_action_during_critical_breach,high,DecoySmss,User2,User,PrivilegeEscalate,Op_Server0,"[""Op_Server0""]","[""Op_Server0""]","[""Enterprise2"", ""Op_Server0"", ""User0"", ""User4""]","[""Enterprise2"", ""Op_Server0"", ""User0"", ""User4""]","{""blue_first_relevant_response_after_critical"": 15, ""blue_first_relevant_response_after_enterprise"": 8, ""enterprise_foothold_step"": 5, ""first_critical_hit_step"": 12, ""window_end"": null, ""window_start"": null}"
ours_stage2_fair,11,stage2_ext_016_obj_0,objective_selected,episode_002,2,2013,81,Q2_user_action_during_critical_breach,high,DecoySvchost,User2,User,Impact,Op_Server0,"[""Op_Server0""]","[""Op_Server0""]","[""Op_Server0"", ""User0"", ""User4""]","[""Op_Server0"", ""User0"", ""User4""]","{""blue_first_relevant_response_after_critical"": 15, ""blue_first_relevant_response_after_enterprise"": 8, ""enterprise_foothold_step"": 5, ""first_critical_hit_step"": 12, ""window_end"": null, ""window_start"": null}"
ours_stage2_fair,11,stage2_ext_016_obj_0,objective_selected,episode_002,2,2013,91,Q2_user_action_during_critical_breach,high,DecoySmss,User2,User,Impact,Op_Server0,"[""Op_Server0""]","[""Op_Server0""]","[""Op_Server0"", ""User0"", ""User4""]","[""Op_Server0"", ""User0"", ""User4""]","{""blue_first_relevant_response_after_critical"": 15, ""blue_first_relevant_response_after_enterprise"": 8, ""enterprise_foothold_step"": 5, ""first_critical_hit_step"": 12, ""window_end"": null, ""window_start"": null}"
ours_stage2_fair,11,stage2_ext_016_obj_0,objective_selected,episode_002,2,2013,96,Q2_user_action_during_critical_breach,high,DecoySvchost,User0,User,Impact,Op_Server0,"[""Op_Server0""]","[""Op_Server0""]","[""Op_Server0"", ""User0"", ""User4""]","[""Op_Server0"", ""User0"", ""User4""]","{""blue_first_relevant_response_after_critical"": 15, ""blue_first_relevant_response_after_enterprise"": 8, ""enterprise_foothold_step"": 5, ""first_critical_hit_step"": 12, ""window_end"": null, ""window_start"": null}"
ours_stage2_fair,11,stage2_ext_016_obj_0,objective_selected,episode_002,2,2013,24,Q4_user_focus_after_enterprise_foothold,medium,DecoyTomcat,User4,User,Impact,Op_Server0,"[""Op_Server0""]","[""Op_Server0""]","[""Enterprise2"", ""Op_Server0"", ""User0"", ""User4""]","[""Enterprise2"", ""Op_Server0"", ""User0"", ""User4""]","{""blue_first_relevant_response_after_critical"": 15, ""blue_first_relevant_response_after_enterprise"": 8, ""enterprise_foothold_step"": 5, ""first_critical_hit_step"": 12, ""window_end"": 26, ""window_start"": 24}"
ours_stage2_fair,11,stage2_ext_016_obj_0,objective_selected,episode_002,2,2013,60,Q4_user_focus_after_enterprise_foothold,medium,DecoyVsftpd,User4,User,PrivilegeEscalate,Op_Server0,[],[],"[""Enterprise2"", ""User0"", ""User4""]","[""Enterprise2"", ""User0"", ""User4""]","{""blue_first_relevant_response_after_critical"": 15, ""blue_first_relevant_response_after_enterprise"": 8, ""enterprise_foothold_step"": 5, ""first_critical_hit_step"": 12, ""window_end"": 62, ""window_start"": 60}"
ours_stage2_fair,11,stage2_ext_016_obj_0,objective_selected,episode_002,3,3013,13,Q2_user_action_during_critical_breach,high,Remove,User3,User,PrivilegeEscalate,Op_Server0,"[""Op_Server0""]","[""Op_Server0""]","[""Enterprise1"", ""Enterprise2"", ""Op_Server0"", ""User0"", ""User2""]","[""Enterprise1"", ""Enterprise2"", ""Op_Server0"", ""User0"", ""User2""]","{""blue_first_relevant_response_after_critical"": 15, ""blue_first_relevant_response_after_enterprise"": 11, ""enterprise_foothold_step"": 5, ""first_critical_hit_step"": 12, ""window_end"": null, ""window_start"": null}"
ours_stage2_fair,11,stage2_ext_016_obj_0,objective_selected,episode_002,3,3013,14,Q2_user_action_during_critical_breach,high,DecoySvchost,User4,User,Impact,Op_Server0,"[""Op_Server0""]","[""Op_Server0""]","[""Enterprise1"", ""Enterprise2"", ""Op_Server0"", ""User0"", ""User2""]","[""Enterprise1"", ""Enterprise2"", ""Op_Server0"", ""User0"", ""User2""]","{""blue_first_relevant_response_after_critical"": 15, ""blue_first_relevant_response_after_enterprise"": 11, ""enterprise_foothold_step"": 5, ""first_critical_hit_step"": 12, ""window_end"": null, ""window_start"": null}"
ours_stage2_fair,11,stage2_ext_016_obj_0,objective_selected,episode_002,3,3013,18,Q2_user_action_during_critical_breach,high,DecoySmss,User2,User,Impact,Op_Server0,"[""Op_Server0""]","[""Op_Server0""]","[""Enterprise1"", ""Op_Server0"", ""User0"", ""User2""]","[""Enterprise1"", ""Op_Server0"", ""User0"", ""User2""]","{""blue_first_relevant_response_after_critical"": 15, ""blue_first_relevant_response_after_enterprise"": 11, ""enterprise_foothold_step"": 5, ""first_critical_hit_step"": 12, ""window_end"": null, ""window_start"": null}"
ours_stage2_fair,11,stage2_ext_016_obj_0,objective_selected,episode_002,3,3013,22,Q2_user_action_during_critical_breach,high,DecoyVsftpd,User0,User,Impact,Op_Server0,"[""Op_Server0""]","[""Op_Server0""]","[""Enterprise1"", ""Op_Server0"", ""User0"", ""User2""]","[""Enterprise1"", ""Op_Server0"", ""User0"", ""User2""]","{""blue_first_relevant_response_after_critical"": 15, ""blue_first_relevant_response_after_enterprise"": 11, ""enterprise_foothold_step"": 5, ""first_critical_hit_step"": 12, ""window_end"": null, ""window_start"": null}"
ours_stage2_fair,11,stage2_ext_016_obj_0,objective_selected,episode_002,3,3013,26,Q2_user_action_during_critical_breach,high,DecoySvchost,User0,User,Impact,Op_Server0,"[""Op_Server0""]","[""Op_Server0""]","[""Enterprise1"", ""Op_Server0"", ""User0"", ""User2""]","[""Enterprise1"", ""Op_Server0"", ""User0"", ""User2""]","{""blue_first_relevant_response_after_critical"": 15, ""blue_first_relevant_response_after_enterprise"": 11, ""enterprise_foothold_step"": 5, ""first_critical_hit_step"": 12, ""window_end"": null, ""window_start"": null}"
ours_stage2_fair,11,stage2_ext_016_obj_0,objective_selected,episode_002,3,3013,28,Q2_user_action_during_critical_breach,high,DecoyVsftpd,User0,User,Impact,Op_Server0,"[""Op_Server0""]","[""Op_Server0""]","[""Enterprise1"", ""Op_Server0"", ""User0"", ""User2""]","[""Enterprise1"", ""Op_Server0"", ""User0"", ""User2""]","{""blue_first_relevant_response_after_critical"": 15, ""blue_first_relevant_response_after_enterprise"": 11, ""enterprise_foothold_step"": 5, ""first_critical_hit_step"": 12, ""window_end"": null, ""window_start"": null}"
ours_stage2_fair,11,stage2_ext_016_obj_0,objective_selected,episode_002,3,3013,48,Q2_user_action_during_critical_breach,high,DecoyHarakaSMPT,User1,User,Impact,Op_Server0,"[""Op_Server0""]","[""Op_Server0""]","[""Op_Server0"", ""User0"", ""User2""]","[""Op_Server0"", ""User0"", ""User2""]","{""blue_first_relevant_response_after_critical"": 15, ""blue_first_relevant_response_after_enterprise"": 11, ""enterprise_foothold_step"": 5, ""first_critical_hit_step"": 12, ""window_end"": null, ""window_start"": null}"
ours_stage2_fair,11,stage2_ext_016_obj_0,objective_selected,episode_002,3,3013,55,Q2_user_action_during_critical_breach,high,DecoySmss,User2,User,Impact,Op_Server0,"[""Op_Server0""]","[""Op_Server0""]","[""Op_Server0"", ""User0"", ""User2""]","[""Op_Server0"", ""User0"", ""User2""]","{""blue_first_relevant_response_after_critical"": 15, ""blue_first_relevant_response_after_enterprise"": 11, ""enterprise_foothold_step"": 5, ""first_critical_hit_step"": 12, ""window_end"": null, ""window_start"": null}"
ours_stage2_fair,11,stage2_ext_016_obj_0,objective_selected,episode_002,3,3013,61,Q2_user_action_during_critical_breach,high,DecoySvchost,User0,User,Impact,Op_Server0,"[""Op_Server0""]","[""Op_Server0""]","[""Op_Server0"", ""User0"", ""User2""]","[""Op_Server0"", ""User0"", ""User2""]","{""blue_first_relevant_response_after_critical"": 15, ""blue_first_relevant_response_after_enterprise"": 11, ""enterprise_foothold_step"": 5, ""first_critical_hit_step"": 12, ""window_end"": null, ""window_start"": null}"
ours_stage2_fair,11,stage2_ext_016_obj_0,objective_selected,episode_002,3,3013,64,Q2_user_action_during_critical_breach,high,DecoyHarakaSMPT,User1,User,Impact,Op_Server0,"[""Op_Server0""]","[""Op_Server0""]","[""Op_Server0"", ""User0"", ""User2""]","[""Op_Server0"", ""User0"", ""User2""]","{""blue_first_relevant_response_after_critical"": 15, ""blue_first_relevant_response_after_enterprise"": 11, ""enterprise_foothold_step"": 5, ""first_critical_hit_step"": 12, ""window_end"": null, ""window_start"": null}"
ours_stage2_fair,11,stage2_ext_016_obj_0,objective_selected,episode_002,3,3013,66,Q2_user_action_during_critical_breach,high,Remove,User3,User,Impact,Op_Server0,"[""Op_Server0""]","[""Op_Server0""]","[""Op_Server0"", ""User0"", ""User2""]","[""Op_Server0"", ""User0"", ""User2""]","{""blue_first_relevant_response_after_critical"": 15, ""blue_first_relevant_response_after_enterprise"": 11, ""enterprise_foothold_step"": 5, ""first_critical_hit_step"": 12, ""window_end"": null, ""window_start"": null}"
ours_stage2_fair,11,stage2_ext_016_obj_0,objective_selected,episode_002,3,3013,69,Q2_user_action_during_critical_breach,high,Restore,User1,User,Impact,Op_Server0,"[""Op_Server0""]","[""Op_Server0""]","[""Op_Server0"", ""User0"", ""User2""]","[""Op_Server0"", ""User0"", ""User2""]","{""blue_first_relevant_response_after_critical"": 15, ""blue_first_relevant_response_after_enterprise"": 11, ""enterprise_foothold_step"": 5, ""first_critical_hit_step"": 12, ""window_end"": null, ""window_start"": null}"
ours_stage2_fair,11,stage2_ext_016_obj_0,objective_selected,episode_002,3,3013,70,Q2_user_action_during_critical_breach,high,DecoySmss,User4,User,Impact,Op_Server0,"[""Op_Server0""]","[""Op_Server0""]","[""Op_Server0"", ""User0"", ""User2""]","[""Op_Server0"", ""User0"", ""User2""]","{""blue_first_relevant_response_after_critical"": 15, ""blue_first_relevant_response_after_enterprise"": 11, ""enterprise_foothold_step"": 5, ""first_critical_hit_step"": 12, ""window_end"": null, ""window_start"": null}"
ours_stage2_fair,11,stage2_ext_016_obj_0,objective_selected,episode_002,3,3013,71,Q2_user_action_during_critical_breach,high,DecoySvchost,User0,User,Impact,Op_Server0,"[""Op_Server0""]","[""Op_Server0""]","[""Op_Server0"", ""User0"", ""User2""]","[""Op_Server0"", ""User0"", ""User2""]","{""blue_first_relevant_response_after_critical"": 15, ""blue_first_relevant_response_after_enterprise"": 11, ""enterprise_foothold_step"": 5, ""first_critical_hit_step"": 12, ""window_end"": null, ""window_start"": null}"
ours_stage2_fair,11,stage2_ext_016_obj_0,objective_selected,episode_002,3,3013,74,Q2_user_action_during_critical_breach,high,DecoyVsftpd,User3,User,Impact,Op_Server0,"[""Op_Server0""]","[""Op_Server0""]","[""Op_Server0"", ""User0"", ""User2""]","[""Op_Server0"", ""User0"", ""User2""]","{""blue_first_relevant_response_after_critical"": 15, ""blue_first_relevant_response_after_enterprise"": 11, ""enterprise_foothold_step"": 5, ""first_critical_hit_step"": 12, ""window_end"": null, ""window_start"": null}"
ours_stage2_fair,11,stage2_ext_016_obj_0,objective_selected,episode_002,3,3013,76,Q2_user_action_during_critical_breach,high,DecoySmss,User4,User,Impact,Op_Server0,"[""Op_Server0""]","[""Op_Server0""]","[""Op_Server0"", ""User0"", ""User2""]","[""Op_Server0"", ""User0"", ""User2""]","{""blue_first_relevant_response_after_critical"": 15, ""blue_first_relevant_response_after_enterprise"": 11, ""enterprise_foothold_step"": 5, ""first_critical_hit_step"": 12, ""window_end"": null, ""window_start"": null}"
ours_stage2_fair,11,stage2_ext_016_obj_0,objective_selected,episode_002,3,3013,79,Q2_user_action_during_critical_breach,high,DecoySmss,User4,User,Impact,Op_Server0,"[""Op_Server0""]","[""Op_Server0""]","[""Op_Server0"", ""User0"", ""User2""]","[""Op_Server0"", ""User0"", ""User2""]","{""blue_first_relevant_response_after_critical"": 15, ""blue_first_relevant_response_after_enterprise"": 11, ""enterprise_foothold_step"": 5, ""first_critical_hit_step"": 12, ""window_end"": null, ""window_start"": null}"
ours_stage2_fair,11,stage2_ext_016_obj_0,objective_selected,episode_002,3,3013,80,Q2_user_action_during_critical_breach,high,Remove,User0,User,Impact,Op_Server0,"[""Op_Server0""]","[""Op_Server0""]","[""Op_Server0"", ""User0"", ""User2""]","[""Op_Server0"", ""User0"", ""User2""]","{""blue_first_relevant_response_after_critical"": 15, ""blue_first_relevant_response_after_enterprise"": 11, ""enterprise_foothold_step"": 5, ""first_critical_hit_step"": 12, ""window_end"": null, ""window_start"": null}"
ours_stage2_fair,11,stage2_ext_016_obj_0,objective_selected,episode_002,3,3013,81,Q2_user_action_during_critical_breach,high,DecoyVsftpd,User3,User,Impact,Op_Server0,"[""Op_Server0""]","[""Op_Server0""]","[""Op_Server0"", ""User0"", ""User2""]","[""Op_Server0"", ""User0"", ""User2""]","{""blue_first_relevant_response_after_critical"": 15, ""blue_first_relevant_response_after_enterprise"": 11, ""enterprise_foothold_step"": 5, ""first_critical_hit_step"": 12, ""window_end"": null, ""window_start"": null}"
ours_stage2_fair,11,stage2_ext_016_obj_0,objective_selected,episode_002,3,3013,82,Q2_user_action_during_critical_breach,high,DecoyVsftpd,User0,User,Impact,Op_Server0,"[""Op_Server0""]","[""Op_Server0""]","[""Op_Server0"", ""User0"", ""User2""]","[""Op_Server0"", ""User0"", ""User2""]","{""blue_first_relevant_response_after_critical"": 15, ""blue_first_relevant_response_after_enterprise"": 11, ""enterprise_foothold_step"": 5, ""first_critical_hit_step"": 12, ""window_end"": null, ""window_start"": null}"
ours_stage2_fair,11,stage2_ext_016_obj_0,objective_selected,episode_002,3,3013,91,Q2_user_action_during_critical_breach,high,DecoySmss,User2,User,Impact,Op_Server0,"[""Op_Server0""]","[""Op_Server0""]","[""Op_Server0"", ""User0"", ""User2""]","[""Op_Server0"", ""User0"", ""User2""]","{""blue_first_relevant_response_after_critical"": 15, ""blue_first_relevant_response_after_enterprise"": 11, ""enterprise_foothold_step"": 5, ""first_critical_hit_step"": 12, ""window_end"": null, ""window_start"": null}"
ours_stage2_fair,11,stage2_ext_016_obj_0,objective_selected,episode_002,3,3013,12,Q4_user_focus_after_enterprise_foothold,medium,DecoySSHD,User3,User,ExploitRemoteService,,[],"[""Op_Server0""]","[""Enterprise1"", ""Enterprise2"", ""User0"", ""User2""]","[""Enterprise1"", ""Enterprise2"", ""Op_Server0"", ""User0"", ""User2""]","{""blue_first_relevant_response_after_critical"": 15, ""blue_first_relevant_response_after_enterprise"": 11, ""enterprise_foothold_step"": 5, ""first_critical_hit_step"": 12, ""window_end"": 14, ""window_start"": 12}"
ours_stage2_fair,11,stage2_ext_016_obj_0,objective_selected,episode_002,3,3013,69,Q4_user_focus_after_enterprise_foothold,medium,Restore,User1,User,Impact,Op_Server0,"[""Op_Server0""]","[""Op_Server0""]","[""Op_Server0"", ""User0"", ""User2""]","[""Op_Server0"", ""User0"", ""User2""]","{""blue_first_relevant_response_after_critical"": 15, ""blue_first_relevant_response_after_enterprise"": 11, ""enterprise_foothold_step"": 5, ""first_critical_hit_step"": 12, ""window_end"": 71, ""window_start"": 69}"
ours_stage2_fair,11,stage2_ext_016_obj_0,objective_selected,episode_002,3,3013,79,Q4_user_focus_after_enterprise_foothold,medium,DecoySmss,User4,User,Impact,Op_Server0,"[""Op_Server0""]","[""Op_Server0""]","[""Op_Server0"", ""User0"", ""User2""]","[""Op_Server0"", ""User0"", ""User2""]","{""blue_first_relevant_response_after_critical"": 15, ""blue_first_relevant_response_after_enterprise"": 11, ""enterprise_foothold_step"": 5, ""first_critical_hit_step"": 12, ""window_end"": 81, ""window_start"": 79}"
ours_stage2_fair,11,stage2_ext_016_obj_0,objective_selected,episode_002,3,3013,80,Q4_user_focus_after_enterprise_foothold,medium,Remove,User0,User,Impact,Op_Server0,"[""Op_Server0""]","[""Op_Server0""]","[""Op_Server0"", ""User0"", ""User2""]","[""Op_Server0"", ""User0"", ""User2""]","{""blue_first_relevant_response_after_critical"": 15, ""blue_first_relevant_response_after_enterprise"": 11, ""enterprise_foothold_step"": 5, ""first_critical_hit_step"": 12, ""window_end"": 82, ""window_start"": 80}"
ours_stage2_fair,11,stage2_ext_016_obj_0,objective_selected,episode_002,3,3013,70,Q5_repeated_low_value_decoy_loop,medium,DecoySmss,User4,User,Impact,Op_Server0,"[""Op_Server0""]","[""Op_Server0""]","[""Op_Server0"", ""User0"", ""User2""]","[""Op_Server0"", ""User0"", ""User2""]","{""blue_first_relevant_response_after_critical"": 15, ""blue_first_relevant_response_after_enterprise"": 11, ""enterprise_foothold_step"": 5, ""first_critical_hit_step"": 12, ""window_end"": 79, ""window_start"": 70}"
ours_stage2_fair,11,stage2_ext_016_obj_0,objective_selected,episode_002,4,4013,18,Q2_user_action_during_critical_breach,high,DecoyVsftpd,User4,User,Impact,Op_Server0,"[""Op_Server0""]","[""Op_Server0""]","[""Enterprise1"", ""Op_Server0"", ""User0"", ""User2""]","[""Enterprise1"", ""Op_Server0"", ""User0"", ""User2""]","{""blue_first_relevant_response_after_critical"": 19, ""blue_first_relevant_response_after_enterprise"": 6, ""enterprise_foothold_step"": 5, ""first_critical_hit_step"": 16, ""window_end"": null, ""window_start"": null}"
ours_stage2_fair,11,stage2_ext_016_obj_0,objective_selected,episode_002,4,4013,22,Q2_user_action_during_critical_breach,high,DecoySmss,User4,User,PrivilegeEscalate,Op_Server0,"[""Op_Server0""]","[""Op_Server0""]","[""Enterprise1"", ""Op_Server0"", ""User0"", ""User2""]","[""Enterprise1"", ""Op_Server0"", ""User0"", ""User2""]","{""blue_first_relevant_response_after_critical"": 19, ""blue_first_relevant_response_after_enterprise"": 6, ""enterprise_foothold_step"": 5, ""first_critical_hit_step"": 16, ""window_end"": null, ""window_start"": null}"
ours_stage2_fair,11,stage2_ext_016_obj_0,objective_selected,episode_002,4,4013,23,Q2_user_action_during_critical_breach,high,Restore,User1,User,Impact,Op_Server0,"[""Op_Server0""]","[""Op_Server0""]","[""Enterprise1"", ""Op_Server0"", ""User0"", ""User2""]","[""Enterprise1"", ""Op_Server0"", ""User0"", ""User2""]","{""blue_first_relevant_response_after_critical"": 19, ""blue_first_relevant_response_after_enterprise"": 6, ""enterprise_foothold_step"": 5, ""first_critical_hit_step"": 16, ""window_end"": null, ""window_start"": null}"
ours_stage2_fair,11,stage2_ext_016_obj_0,objective_selected,episode_002,4,4013,32,Q2_user_action_during_critical_breach,high,DecoyFemitter,User1,User,Impact,Op_Server0,"[""Op_Server0""]","[""Op_Server0""]","[""Enterprise1"", ""Op_Server0"", ""User0"", ""User2""]","[""Enterprise1"", ""Op_Server0"", ""User0"", ""User2""]","{""blue_first_relevant_response_after_critical"": 19, ""blue_first_relevant_response_after_enterprise"": 6, ""enterprise_foothold_step"": 5, ""first_critical_hit_step"": 16, ""window_end"": null, ""window_start"": null}"
ours_stage2_fair,11,stage2_ext_016_obj_0,objective_selected,episode_002,4,4013,34,Q2_user_action_during_critical_breach,high,DecoySvchost,User1,User,Impact,Op_Server0,"[""Op_Server0""]","[""Op_Server0""]","[""Enterprise1"", ""Op_Server0"", ""User0"", ""User2""]","[""Enterprise1"", ""Op_Server0"", ""User0"", ""User2""]","{""blue_first_relevant_response_after_critical"": 19, ""blue_first_relevant_response_after_enterprise"": 6, ""enterprise_foothold_step"": 5, ""first_critical_hit_step"": 16, ""window_end"": null, ""window_start"": null}"
ours_stage2_fair,11,stage2_ext_016_obj_0,objective_selected,episode_002,4,4013,60,Q2_user_action_during_critical_breach,high,Remove,User3,User,Impact,Op_Server0,"[""Op_Server0""]","[""Op_Server0""]","[""Enterprise2"", ""Op_Server0"", ""User0"", ""User2""]","[""Enterprise2"", ""Op_Server0"", ""User0"", ""User2""]","{""blue_first_relevant_response_after_critical"": 19, ""blue_first_relevant_response_after_enterprise"": 6, ""enterprise_foothold_step"": 5, ""first_critical_hit_step"": 16, ""window_end"": null, ""window_start"": null}"
ours_stage2_fair,11,stage2_ext_016_obj_0,objective_selected,episode_002,4,4013,66,Q2_user_action_during_critical_breach,high,DecoyVsftpd,User3,User,Impact,Op_Server0,"[""Op_Server0""]","[""Op_Server0""]","[""Enterprise2"", ""Op_Server0"", ""User0"", ""User2""]","[""Enterprise2"", ""Op_Server0"", ""User0"", ""User2""]","{""blue_first_relevant_response_after_critical"": 19, ""blue_first_relevant_response_after_enterprise"": 6, ""enterprise_foothold_step"": 5, ""first_critical_hit_step"": 16, ""window_end"": null, ""window_start"": null}"
ours_stage2_fair,11,stage2_ext_016_obj_0,objective_selected,episode_002,4,4013,67,Q2_user_action_during_critical_breach,high,DecoyTomcat,User2,User,Impact,Op_Server0,"[""Op_Server0""]","[""Op_Server0""]","[""Enterprise2"", ""Op_Server0"", ""User0"", ""User2""]","[""Enterprise2"", ""Op_Server0"", ""User0"", ""User2""]","{""blue_first_relevant_response_after_critical"": 19, ""blue_first_relevant_response_after_enterprise"": 6, ""enterprise_foothold_step"": 5, ""first_critical_hit_step"": 16, ""window_end"": null, ""window_start"": null}"
ours_stage2_fair,11,stage2_ext_016_obj_0,objective_selected,episode_002,4,4013,68,Q2_user_action_during_critical_breach,high,DecoyVsftpd,User3,User,Impact,Op_Server0,"[""Op_Server0""]","[""Op_Server0""]","[""Enterprise2"", ""Op_Server0"", ""User0"", ""User2""]","[""Enterprise2"", ""Op_Server0"", ""User0"", ""User2""]","{""blue_first_relevant_response_after_critical"": 19, ""blue_first_relevant_response_after_enterprise"": 6, ""enterprise_foothold_step"": 5, ""first_critical_hit_step"": 16, ""window_end"": null, ""window_start"": null}"
ours_stage2_fair,11,stage2_ext_016_obj_0,objective_selected,episode_002,4,4013,70,Q2_user_action_during_critical_breach,high,DecoyApache,User0,User,Impact,Op_Server0,"[""Op_Server0""]","[""Op_Server0""]","[""Enterprise2"", ""Op_Server0"", ""User0"", ""User2""]","[""Enterprise2"", ""Op_Server0"", ""User0"", ""User2""]","{""blue_first_relevant_response_after_critical"": 19, ""blue_first_relevant_response_after_enterprise"": 6, ""enterprise_foothold_step"": 5, ""first_critical_hit_step"": 16, ""window_end"": null, ""window_start"": null}"
ours_stage2_fair,11,stage2_ext_016_obj_0,objective_selected,episode_002,4,4013,72,Q2_user_action_during_critical_breach,high,DecoySvchost,User0,User,Impact,Op_Server0,"[""Op_Server0""]","[""Op_Server0""]","[""Enterprise2"", ""Op_Server0"", ""User0"", ""User2""]","[""Enterprise2"", ""Op_Server0"", ""User0"", ""User2""]","{""blue_first_relevant_response_after_critical"": 19, ""blue_first_relevant_response_after_enterprise"": 6, ""enterprise_foothold_step"": 5, ""first_critical_hit_step"": 16, ""window_end"": null, ""window_start"": null}"
ours_stage2_fair,11,stage2_ext_016_obj_0,objective_selected,episode_002,4,4013,73,Q2_user_action_during_critical_breach,high,Restore,User2,User,Impact,Op_Server0,"[""Op_Server0""]","[""Op_Server0""]","[""Enterprise2"", ""Op_Server0"", ""User0"", ""User2""]","[""Enterprise2"", ""Op_Server0"", ""User0""]","{""blue_first_relevant_response_after_critical"": 19, ""blue_first_relevant_response_after_enterprise"": 6, ""enterprise_foothold_step"": 5, ""first_critical_hit_step"": 16, ""window_end"": null, ""window_start"": null}"
ours_stage2_fair,11,stage2_ext_016_obj_0,objective_selected,episode_002,4,4013,78,Q2_user_action_during_critical_breach,high,DecoySmss,User2,User,Impact,Op_Server0,"[""Op_Server0""]","[""Op_Server0""]","[""Enterprise2"", ""Op_Server0"", ""User0""]","[""Enterprise2"", ""Op_Server0"", ""User0""]","{""blue_first_relevant_response_after_critical"": 19, ""blue_first_relevant_response_after_enterprise"": 6, ""enterprise_foothold_step"": 5, ""first_critical_hit_step"": 16, ""window_end"": null, ""window_start"": null}"
ours_stage2_fair,11,stage2_ext_016_obj_0,objective_selected,episode_002,4,4013,99,Q2_user_action_during_critical_breach,high,DecoySmss,User2,User,Impact,Op_Server0,"[""Op_Server0""]","[""Op_Server0""]","[""Enterprise2"", ""Op_Server0"", ""User0""]","[""Enterprise2"", ""Op_Server0"", ""User0""]","{""blue_first_relevant_response_after_critical"": 19, ""blue_first_relevant_response_after_enterprise"": 6, ""enterprise_foothold_step"": 5, ""first_critical_hit_step"": 16, ""window_end"": null, ""window_start"": null}"
ours_stage2_fair,11,stage2_ext_016_obj_0,objective_selected,episode_002,4,4013,50,Q4_user_focus_after_enterprise_foothold,medium,DecoySvchost,User0,User,PrivilegeEscalate,Enterprise2,[],[],"[""Enterprise2"", ""User0"", ""User2""]","[""Enterprise2"", ""User0"", ""User2""]","{""blue_first_relevant_response_after_critical"": 19, ""blue_first_relevant_response_after_enterprise"": 6, ""enterprise_foothold_step"": 5, ""first_critical_hit_step"": 16, ""window_end"": 52, ""window_start"": 50}"
ours_stage2_fair,11,stage2_ext_016_obj_0,objective_selected,episode_002,4,4013,66,Q4_user_focus_after_enterprise_foothold,medium,DecoyVsftpd,User3,User,Impact,Op_Server0,"[""Op_Server0""]","[""Op_Server0""]","[""Enterprise2"", ""Op_Server0"", ""User0"", ""User2""]","[""Enterprise2"", ""Op_Server0"", ""User0"", ""User2""]","{""blue_first_relevant_response_after_critical"": 19, ""blue_first_relevant_response_after_enterprise"": 6, ""enterprise_foothold_step"": 5, ""first_critical_hit_step"": 16, ""window_end"": 68, ""window_start"": 66}"
ours_stage2_fair,11,stage2_ext_016_obj_0,objective_selected,episode_002,5,5013,24,Q2_user_action_during_critical_breach,high,DecoyTomcat,User2,User,Impact,Op_Server0,"[""Op_Server0""]","[""Op_Server0""]","[""Enterprise0"", ""Op_Server0"", ""User0"", ""User3""]","[""Enterprise0"", ""Op_Server0"", ""User0"", ""User3""]","{""blue_first_relevant_response_after_critical"": 19, ""blue_first_relevant_response_after_enterprise"": 8, ""enterprise_foothold_step"": 5, ""first_critical_hit_step"": 18, ""window_end"": null, ""window_start"": null}"
ours_stage2_fair,11,stage2_ext_016_obj_0,objective_selected,episode_002,5,5013,25,Q2_user_action_during_critical_breach,high,DecoySSHD,User4,User,Impact,Op_Server0,"[""Op_Server0""]","[""Op_Server0""]","[""Enterprise0"", ""Op_Server0"", ""User0"", ""User3""]","[""Enterprise0"", ""Op_Server0"", ""User0"", ""User3""]","{""blue_first_relevant_response_after_critical"": 19, ""blue_first_relevant_response_after_enterprise"": 8, ""enterprise_foothold_step"": 5, ""first_critical_hit_step"": 18, ""window_end"": null, ""window_start"": null}"
ours_stage2_fair,11,stage2_ext_016_obj_0,objective_selected,episode_002,5,5013,28,Q2_user_action_during_critical_breach,high,DecoyTomcat,User2,User,Impact,Op_Server0,"[""Op_Server0""]","[""Op_Server0""]","[""Enterprise0"", ""Op_Server0"", ""User0"", ""User3""]","[""Enterprise0"", ""Op_Server0"", ""User0"", ""User3""]","{""blue_first_relevant_response_after_critical"": 19, ""blue_first_relevant_response_after_enterprise"": 8, ""enterprise_foothold_step"": 5, ""first_critical_hit_step"": 18, ""window_end"": null, ""window_start"": null}"
ours_stage2_fair,11,stage2_ext_016_obj_0,objective_selected,episode_002,5,5013,30,Q2_user_action_during_critical_breach,high,Analyse,User1,User,Impact,Op_Server0,"[""Op_Server0""]","[""Op_Server0""]","[""Enterprise0"", ""Op_Server0"", ""User0"", ""User3""]","[""Enterprise0"", ""Op_Server0"", ""User0"", ""User3""]","{""blue_first_relevant_response_after_critical"": 19, ""blue_first_relevant_response_after_enterprise"": 8, ""enterprise_foothold_step"": 5, ""first_critical_hit_step"": 18, ""window_end"": null, ""window_start"": null}"
ours_stage2_fair,11,stage2_ext_016_obj_0,objective_selected,episode_002,5,5013,33,Q2_user_action_during_critical_breach,high,DecoySmss,User2,User,Impact,Op_Server0,"[""Op_Server0""]","[""Op_Server0""]","[""Enterprise0"", ""Op_Server0"", ""User0"", ""User3""]","[""Enterprise0"", ""Op_Server0"", ""User0"", ""User3""]","{""blue_first_relevant_response_after_critical"": 19, ""blue_first_relevant_response_after_enterprise"": 8, ""enterprise_foothold_step"": 5, ""first_critical_hit_step"": 18, ""window_end"": null, ""window_start"": null}"
ours_stage2_fair,11,stage2_ext_016_obj_0,objective_selected,episode_002,5,5013,37,Q2_user_action_during_critical_breach,high,DecoySmss,User2,User,Impact,Op_Server0,"[""Op_Server0""]","[""Op_Server0""]","[""Enterprise0"", ""Op_Server0"", ""User0"", ""User3""]","[""Enterprise0"", ""Op_Server0"", ""User0"", ""User3""]","{""blue_first_relevant_response_after_critical"": 19, ""blue_first_relevant_response_after_enterprise"": 8, ""enterprise_foothold_step"": 5, ""first_critical_hit_step"": 18, ""window_end"": null, ""window_start"": null}"
ours_stage2_fair,11,stage2_ext_016_obj_0,objective_selected,episode_002,5,5013,38,Q2_user_action_during_critical_breach,high,DecoySvchost,User4,User,Impact,Op_Server0,"[""Op_Server0""]","[""Op_Server0""]","[""Enterprise0"", ""Op_Server0"", ""User0"", ""User3""]","[""Enterprise0"", ""Op_Server0"", ""User0"", ""User3""]","{""blue_first_relevant_response_after_critical"": 19, ""blue_first_relevant_response_after_enterprise"": 8, ""enterprise_foothold_step"": 5, ""first_critical_hit_step"": 18, ""window_end"": null, ""window_start"": null}"
ours_stage2_fair,11,stage2_ext_016_obj_0,objective_selected,episode_002,5,5013,46,Q2_user_action_during_critical_breach,high,DecoyVsftpd,User0,User,Impact,Op_Server0,"[""Op_Server0""]","[""Op_Server0""]","[""Enterprise0"", ""Op_Server0"", ""User0"", ""User3""]","[""Enterprise0"", ""Op_Server0"", ""User0"", ""User3""]","{""blue_first_relevant_response_after_critical"": 19, ""blue_first_relevant_response_after_enterprise"": 8, ""enterprise_foothold_step"": 5, ""first_critical_hit_step"": 18, ""window_end"": null, ""window_start"": null}"
ours_stage2_fair,11,stage2_ext_016_obj_0,objective_selected,episode_002,5,5013,50,Q2_user_action_during_critical_breach,high,DecoySmss,User4,User,Impact,Op_Server0,"[""Op_Server0""]","[""Op_Server0""]","[""Enterprise0"", ""Op_Server0"", ""User0"", ""User3""]","[""Enterprise0"", ""Op_Server0"", ""User0"", ""User3""]","{""blue_first_relevant_response_after_critical"": 19, ""blue_first_relevant_response_after_enterprise"": 8, ""enterprise_foothold_step"": 5, ""first_critical_hit_step"": 18, ""window_end"": null, ""window_start"": null}"
ours_stage2_fair,11,stage2_ext_016_obj_0,objective_selected,episode_002,5,5013,54,Q2_user_action_during_critical_breach,high,Remove,User4,User,Impact,Op_Server0,"[""Op_Server0""]","[""Op_Server0""]","[""Enterprise0"", ""Op_Server0"", ""User0"", ""User3""]","[""Enterprise0"", ""Op_Server0"", ""User0"", ""User3""]","{""blue_first_relevant_response_after_critical"": 19, ""blue_first_relevant_response_after_enterprise"": 8, ""enterprise_foothold_step"": 5, ""first_critical_hit_step"": 18, ""window_end"": null, ""window_start"": null}"
ours_stage2_fair,11,stage2_ext_016_obj_0,objective_selected,episode_002,5,5013,59,Q2_user_action_during_critical_breach,high,Remove,User4,User,Impact,Op_Server0,"[""Op_Server0""]","[""Op_Server0""]","[""Enterprise0"", ""Op_Server0"", ""User0"", ""User3""]","[""Enterprise0"", ""Op_Server0"", ""User0"", ""User3""]","{""blue_first_relevant_response_after_critical"": 19, ""blue_first_relevant_response_after_enterprise"": 8, ""enterprise_foothold_step"": 5, ""first_critical_hit_step"": 18, ""window_end"": null, ""window_start"": null}"
ours_stage2_fair,11,stage2_ext_016_obj_0,objective_selected,episode_002,5,5013,61,Q2_user_action_during_critical_breach,high,DecoySmss,User3,User,Impact,Op_Server0,"[""Op_Server0""]","[""Op_Server0""]","[""Enterprise0"", ""Op_Server0"", ""User0"", ""User3""]","[""Enterprise0"", ""Op_Server0"", ""User0"", ""User3""]","{""blue_first_relevant_response_after_critical"": 19, ""blue_first_relevant_response_after_enterprise"": 8, ""enterprise_foothold_step"": 5, ""first_critical_hit_step"": 18, ""window_end"": null, ""window_start"": null}"
ours_stage2_fair,11,stage2_ext_016_obj_0,objective_selected,episode_002,5,5013,64,Q2_user_action_during_critical_breach,high,DecoySmss,User2,User,Impact,Op_Server0,"[""Op_Server0""]","[""Op_Server0""]","[""Enterprise0"", ""Op_Server0"", ""User0"", ""User3""]","[""Enterprise0"", ""Op_Server0"", ""User0"", ""User3""]","{""blue_first_relevant_response_after_critical"": 19, ""blue_first_relevant_response_after_enterprise"": 8, ""enterprise_foothold_step"": 5, ""first_critical_hit_step"": 18, ""window_end"": null, ""window_start"": null}"
ours_stage2_fair,11,stage2_ext_016_obj_0,objective_selected,episode_002,5,5013,71,Q2_user_action_during_critical_breach,high,DecoyApache,User0,User,Impact,Op_Server0,"[""Op_Server0""]","[""Op_Server0""]","[""Enterprise0"", ""Op_Server0"", ""User0"", ""User3""]","[""Enterprise0"", ""Op_Server0"", ""User0"", ""User3""]","{""blue_first_relevant_response_after_critical"": 19, ""blue_first_relevant_response_after_enterprise"": 8, ""enterprise_foothold_step"": 5, ""first_critical_hit_step"": 18, ""window_end"": null, ""window_start"": null}"
ours_stage2_fair,11,stage2_ext_016_obj_0,objective_selected,episode_002,5,5013,81,Q2_user_action_during_critical_breach,high,DecoyHarakaSMPT,User1,User,Impact,Op_Server0,"[""Op_Server0""]","[""Op_Server0""]","[""Enterprise0"", ""Enterprise2"", ""Op_Server0"", ""User0"", ""User3""]","[""Enterprise0"", ""Enterprise2"", ""Op_Server0"", ""User0"", ""User3""]","{""blue_first_relevant_response_after_critical"": 19, ""blue_first_relevant_response_after_enterprise"": 8, ""enterprise_foothold_step"": 5, ""first_critical_hit_step"": 18, ""window_end"": null, ""window_start"": null}"
ours_stage2_fair,11,stage2_ext_016_obj_0,objective_selected,episode_002,5,5013,85,Q2_user_action_during_critical_breach,high,DecoySmss,User4,User,Impact,Op_Server0,"[""Op_Server0""]","[""Op_Server0""]","[""Enterprise2"", ""Op_Server0"", ""User0"", ""User3""]","[""Enterprise2"", ""Op_Server0"", ""User0"", ""User3""]","{""blue_first_relevant_response_after_critical"": 19, ""blue_first_relevant_response_after_enterprise"": 8, ""enterprise_foothold_step"": 5, ""first_critical_hit_step"": 18, ""window_end"": null, ""window_start"": null}"
ours_stage2_fair,11,stage2_ext_016_obj_0,objective_selected,episode_002,5,5013,87,Q2_user_action_during_critical_breach,high,DecoySmss,User2,User,Impact,Op_Server0,"[""Op_Server0""]","[""Op_Server0""]","[""Enterprise2"", ""Op_Server0"", ""User0"", ""User3""]","[""Enterprise2"", ""Op_Server0"", ""User0"", ""User3""]","{""blue_first_relevant_response_after_critical"": 19, ""blue_first_relevant_response_after_enterprise"": 8, ""enterprise_foothold_step"": 5, ""first_critical_hit_step"": 18, ""window_end"": null, ""window_start"": null}"
ours_stage2_fair,11,stage2_ext_016_obj_0,objective_selected,episode_002,5,5013,91,Q2_user_action_during_critical_breach,high,DecoySmss,User2,User,Impact,Op_Server0,"[""Op_Server0""]","[""Op_Server0""]","[""Enterprise2"", ""Op_Server0"", ""User0"", ""User3""]","[""Enterprise2"", ""Op_Server0"", ""User0"", ""User3""]","{""blue_first_relevant_response_after_critical"": 19, ""blue_first_relevant_response_after_enterprise"": 8, ""enterprise_foothold_step"": 5, ""first_critical_hit_step"": 18, ""window_end"": null, ""window_start"": null}"
ours_stage2_fair,11,stage2_ext_016_obj_0,objective_selected,episode_002,5,5013,92,Q2_user_action_during_critical_breach,high,DecoySmss,User4,User,Impact,Op_Server0,"[""Op_Server0""]","[""Op_Server0""]","[""Enterprise2"", ""Op_Server0"", ""User0"", ""User3""]","[""Enterprise2"", ""Op_Server0"", ""User0"", ""User3""]","{""blue_first_relevant_response_after_critical"": 19, ""blue_first_relevant_response_after_enterprise"": 8, ""enterprise_foothold_step"": 5, ""first_critical_hit_step"": 18, ""window_end"": null, ""window_start"": null}"
ours_stage2_fair,11,stage2_ext_016_obj_0,objective_selected,episode_002,5,5013,93,Q2_user_action_during_critical_breach,high,DecoySmss,User0,User,Impact,Op_Server0,"[""Op_Server0""]","[""Op_Server0""]","[""Enterprise2"", ""Op_Server0"", ""User0"", ""User3""]","[""Enterprise2"", ""Op_Server0"", ""User0"", ""User3""]","{""blue_first_relevant_response_after_critical"": 19, ""blue_first_relevant_response_after_enterprise"": 8, ""enterprise_foothold_step"": 5, ""first_critical_hit_step"": 18, ""window_end"": null, ""window_start"": null}"
ours_stage2_fair,11,stage2_ext_016_obj_0,objective_selected,episode_002,5,5013,96,Q2_user_action_during_critical_breach,high,DecoyTomcat,User1,User,Impact,Op_Server0,"[""Op_Server0""]","[""Op_Server0""]","[""Enterprise2"", ""Op_Server0"", ""User0"", ""User3""]","[""Enterprise2"", ""Op_Server0"", ""User0"", ""User3""]","{""blue_first_relevant_response_after_critical"": 19, ""blue_first_relevant_response_after_enterprise"": 8, ""enterprise_foothold_step"": 5, ""first_critical_hit_step"": 18, ""window_end"": null, ""window_start"": null}"
ours_stage2_fair,11,stage2_ext_016_obj_0,objective_selected,episode_002,5,5013,99,Q2_user_action_during_critical_breach,high,DecoyVsftpd,User2,User,Impact,Op_Server0,"[""Op_Server0""]","[""Op_Server0""]","[""Enterprise2"", ""Op_Server0"", ""User0"", ""User3""]","[""Enterprise2"", ""Op_Server0"", ""User0"", ""User3""]","{""blue_first_relevant_response_after_critical"": 19, ""blue_first_relevant_response_after_enterprise"": 8, ""enterprise_foothold_step"": 5, ""first_critical_hit_step"": 18, ""window_end"": null, ""window_start"": null}"
ours_stage2_fair,11,stage2_ext_016_obj_0,objective_selected,episode_002,5,5013,91,Q4_user_focus_after_enterprise_foothold,medium,DecoySmss,User2,User,Impact,Op_Server0,"[""Op_Server0""]","[""Op_Server0""]","[""Enterprise2"", ""Op_Server0"", ""User0"", ""User3""]","[""Enterprise2"", ""Op_Server0"", ""User0"", ""User3""]","{""blue_first_relevant_response_after_critical"": 19, ""blue_first_relevant_response_after_enterprise"": 8, ""enterprise_foothold_step"": 5, ""first_critical_hit_step"": 18, ""window_end"": 93, ""window_start"": 91}"
ours_stage2_fair,11,stage2_ext_016_obj_0,objective_selected,episode_002,6,6013,14,Q2_user_action_during_critical_breach,high,Remove,User3,User,Impact,Op_Server0,"[""Op_Server0""]","[""Op_Server0""]","[""Enterprise1"", ""Enterprise2"", ""Op_Server0"", ""User0"", ""User2""]","[""Enterprise1"", ""Enterprise2"", ""Op_Server0"", ""User0"", ""User2""]","{""blue_first_relevant_response_after_critical"": 13, ""blue_first_relevant_response_after_enterprise"": 13, ""enterprise_foothold_step"": 5, ""first_critical_hit_step"": 12, ""window_end"": null, ""window_start"": null}"
ours_stage2_fair,11,stage2_ext_016_obj_0,objective_selected,episode_002,6,6013,22,Q2_user_action_during_critical_breach,high,Remove,User3,User,Impact,Op_Server0,"[""Op_Server0""]","[""Op_Server0""]","[""Enterprise1"", ""Enterprise2"", ""Op_Server0"", ""User0"", ""User2""]","[""Enterprise1"", ""Enterprise2"", ""Op_Server0"", ""User0"", ""User2""]","{""blue_first_relevant_response_after_critical"": 13, ""blue_first_relevant_response_after_enterprise"": 13, ""enterprise_foothold_step"": 5, ""first_critical_hit_step"": 12, ""window_end"": null, ""window_start"": null}"
ours_stage2_fair,11,stage2_ext_016_obj_0,objective_selected,episode_002,6,6013,24,Q2_user_action_during_critical_breach,high,DecoySmss,User4,User,Impact,Op_Server0,"[""Op_Server0""]","[""Op_Server0""]","[""Enterprise1"", ""Enterprise2"", ""Op_Server0"", ""User0"", ""User2""]","[""Enterprise1"", ""Enterprise2"", ""Op_Server0"", ""User0"", ""User2""]","{""blue_first_relevant_response_after_critical"": 13, ""blue_first_relevant_response_after_enterprise"": 13, ""enterprise_foothold_step"": 5, ""first_critical_hit_step"": 12, ""window_end"": null, ""window_start"": null}"
ours_stage2_fair,11,stage2_ext_016_obj_0,objective_selected,episode_002,6,6013,41,Q2_user_action_during_critical_breach,high,Restore,User1,User,Impact,Op_Server0,"[""Op_Server0""]","[""Op_Server0""]","[""Enterprise1"", ""Op_Server0"", ""User0"", ""User2""]","[""Enterprise1"", ""Op_Server0"", ""User0"", ""User2""]","{""blue_first_relevant_response_after_critical"": 13, ""blue_first_relevant_response_after_enterprise"": 13, ""enterprise_foothold_step"": 5, ""first_critical_hit_step"": 12, ""window_end"": null, ""window_start"": null}"
ours_stage2_fair,11,stage2_ext_016_obj_0,objective_selected,episode_002,6,6013,42,Q2_user_action_during_critical_breach,high,DecoyTomcat,User4,User,Impact,Op_Server0,"[""Op_Server0""]","[""Op_Server0""]","[""Enterprise1"", ""Op_Server0"", ""User0"", ""User2""]","[""Enterprise1"", ""Op_Server0"", ""User0"", ""User2""]","{""blue_first_relevant_response_after_critical"": 13, ""blue_first_relevant_response_after_enterprise"": 13, ""enterprise_foothold_step"": 5, ""first_critical_hit_step"": 12, ""window_end"": null, ""window_start"": null}"
ours_stage2_fair,11,stage2_ext_016_obj_0,objective_selected,episode_002,6,6013,43,Q2_user_action_during_critical_breach,high,DecoyApache,User2,User,Impact,Op_Server0,"[""Op_Server0""]","[""Op_Server0""]","[""Enterprise1"", ""Op_Server0"", ""User0"", ""User2""]","[""Enterprise1"", ""Op_Server0"", ""User0"", ""User2""]","{""blue_first_relevant_response_after_critical"": 13, ""blue_first_relevant_response_after_enterprise"": 13, ""enterprise_foothold_step"": 5, ""first_critical_hit_step"": 12, ""window_end"": null, ""window_start"": null}"
ours_stage2_fair,11,stage2_ext_016_obj_0,objective_selected,episode_002,6,6013,44,Q2_user_action_during_critical_breach,high,DecoySmss,User0,User,Impact,Op_Server0,"[""Op_Server0""]","[""Op_Server0""]","[""Enterprise1"", ""Op_Server0"", ""User0"", ""User2""]","[""Enterprise1"", ""Op_Server0"", ""User0"", ""User2""]","{""blue_first_relevant_response_after_critical"": 13, ""blue_first_relevant_response_after_enterprise"": 13, ""enterprise_foothold_step"": 5, ""first_critical_hit_step"": 12, ""window_end"": null, ""window_start"": null}"
ours_stage2_fair,11,stage2_ext_016_obj_0,objective_selected,episode_002,6,6013,53,Q1_sleep_during_critical_breach,high,Sleep,,,Impact,Op_Server0,"[""Op_Server0""]","[""Op_Server0""]","[""Enterprise1"", ""Op_Server0"", ""User0"", ""User2""]","[""Enterprise1"", ""Op_Server0"", ""User0"", ""User2""]","{""blue_first_relevant_response_after_critical"": 13, ""blue_first_relevant_response_after_enterprise"": 13, ""enterprise_foothold_step"": 5, ""first_critical_hit_step"": 12, ""window_end"": null, ""window_start"": null}"
ours_stage2_fair,11,stage2_ext_016_obj_0,objective_selected,episode_002,6,6013,55,Q2_user_action_during_critical_breach,high,DecoyHarakaSMPT,User1,User,Impact,Op_Server0,"[""Op_Server0""]","[""Op_Server0""]","[""Enterprise1"", ""Op_Server0"", ""User0"", ""User2""]","[""Enterprise1"", ""Op_Server0"", ""User0"", ""User2""]","{""blue_first_relevant_response_after_critical"": 13, ""blue_first_relevant_response_after_enterprise"": 13, ""enterprise_foothold_step"": 5, ""first_critical_hit_step"": 12, ""window_end"": null, ""window_start"": null}"
ours_stage2_fair,11,stage2_ext_016_obj_0,objective_selected,episode_002,6,6013,56,Q2_user_action_during_critical_breach,high,Restore,User4,User,Impact,Op_Server0,"[""Op_Server0""]","[""Op_Server0""]","[""Enterprise1"", ""Op_Server0"", ""User0"", ""User2""]","[""Enterprise1"", ""Op_Server0"", ""User0"", ""User2""]","{""blue_first_relevant_response_after_critical"": 13, ""blue_first_relevant_response_after_enterprise"": 13, ""enterprise_foothold_step"": 5, ""first_critical_hit_step"": 12, ""window_end"": null, ""window_start"": null}"
ours_stage2_fair,11,stage2_ext_016_obj_0,objective_selected,episode_002,6,6013,60,Q2_user_action_during_critical_breach,high,Restore,User2,User,Impact,Op_Server0,"[""Op_Server0""]","[""Op_Server0""]","[""Enterprise1"", ""Op_Server0"", ""User0"", ""User2""]","[""Enterprise1"", ""Op_Server0"", ""User0""]","{""blue_first_relevant_response_after_critical"": 13, ""blue_first_relevant_response_after_enterprise"": 13, ""enterprise_foothold_step"": 5, ""first_critical_hit_step"": 12, ""window_end"": null, ""window_start"": null}"
ours_stage2_fair,11,stage2_ext_016_obj_0,objective_selected,episode_002,6,6013,65,Q2_user_action_during_critical_breach,high,DecoyVsftpd,User1,User,Impact,Op_Server0,"[""Op_Server0""]","[""Op_Server0""]","[""Enterprise1"", ""Op_Server0"", ""User0""]","[""Enterprise1"", ""Op_Server0"", ""User0""]","{""blue_first_relevant_response_after_critical"": 13, ""blue_first_relevant_response_after_enterprise"": 13, ""enterprise_foothold_step"": 5, ""first_critical_hit_step"": 12, ""window_end"": null, ""window_start"": null}"
ours_stage2_fair,11,stage2_ext_016_obj_0,objective_selected,episode_002,6,6013,69,Q2_user_action_during_critical_breach,high,DecoyVsftpd,User0,User,PrivilegeEscalate,Op_Server0,"[""Op_Server0""]","[""Op_Server0""]","[""Enterprise1"", ""Op_Server0"", ""User0""]","[""Enterprise1"", ""Op_Server0"", ""User0""]","{""blue_first_relevant_response_after_critical"": 13, ""blue_first_relevant_response_after_enterprise"": 13, ""enterprise_foothold_step"": 5, ""first_critical_hit_step"": 12, ""window_end"": null, ""window_start"": null}"
ours_stage2_fair,11,stage2_ext_016_obj_0,objective_selected,episode_002,6,6013,83,Q2_user_action_during_critical_breach,high,DecoyVsftpd,User4,User,Impact,Op_Server0,"[""Op_Server0""]","[""Op_Server0""]","[""Enterprise1"", ""Op_Server0"", ""User0""]","[""Enterprise1"", ""Op_Server0"", ""User0""]","{""blue_first_relevant_response_after_critical"": 13, ""blue_first_relevant_response_after_enterprise"": 13, ""enterprise_foothold_step"": 5, ""first_critical_hit_step"": 12, ""window_end"": null, ""window_start"": null}"
ours_stage2_fair,11,stage2_ext_016_obj_0,objective_selected,episode_002,6,6013,87,Q2_user_action_during_critical_breach,high,DecoyVsftpd,User4,User,Impact,Op_Server0,"[""Op_Server0""]","[""Op_Server0""]","[""Enterprise1"", ""Op_Server0"", ""User0""]","[""Enterprise1"", ""Op_Server0"", ""User0""]","{""blue_first_relevant_response_after_critical"": 13, ""blue_first_relevant_response_after_enterprise"": 13, ""enterprise_foothold_step"": 5, ""first_critical_hit_step"": 12, ""window_end"": null, ""window_start"": null}"
ours_stage2_fair,11,stage2_ext_016_obj_0,objective_selected,episode_002,6,6013,88,Q2_user_action_during_critical_breach,high,DecoyVsftpd,User4,User,Impact,Op_Server0,"[""Op_Server0""]","[""Op_Server0""]","[""Enterprise1"", ""Op_Server0"", ""User0""]","[""Enterprise1"", ""Op_Server0"", ""User0""]","{""blue_first_relevant_response_after_critical"": 13, ""blue_first_relevant_response_after_enterprise"": 13, ""enterprise_foothold_step"": 5, ""first_critical_hit_step"": 12, ""window_end"": null, ""window_start"": null}"
ours_stage2_fair,11,stage2_ext_016_obj_0,objective_selected,episode_002,6,6013,90,Q2_user_action_during_critical_breach,high,DecoyFemitter,User0,User,Impact,Op_Server0,"[""Op_Server0""]","[""Op_Server0""]","[""Enterprise1"", ""Op_Server0"", ""User0""]","[""Enterprise1"", ""Op_Server0"", ""User0""]","{""blue_first_relevant_response_after_critical"": 13, ""blue_first_relevant_response_after_enterprise"": 13, ""enterprise_foothold_step"": 5, ""first_critical_hit_step"": 12, ""window_end"": null, ""window_start"": null}"
ours_stage2_fair,11,stage2_ext_016_obj_0,objective_selected,episode_002,6,6013,91,Q2_user_action_during_critical_breach,high,DecoySmss,User4,User,Impact,Op_Server0,"[""Op_Server0""]","[""Op_Server0""]","[""Enterprise1"", ""Op_Server0"", ""User0""]","[""Enterprise1"", ""Op_Server0"", ""User0""]","{""blue_first_relevant_response_after_critical"": 13, ""blue_first_relevant_response_after_enterprise"": 13, ""enterprise_foothold_step"": 5, ""first_critical_hit_step"": 12, ""window_end"": null, ""window_start"": null}"
ours_stage2_fair,11,stage2_ext_016_obj_0,objective_selected,episode_002,6,6013,97,Q2_user_action_during_critical_breach,high,DecoySmss,User2,User,Impact,Op_Server0,"[""Op_Server0""]","[""Op_Server0""]","[""Enterprise1"", ""Op_Server0"", ""User0""]","[""Enterprise1"", ""Op_Server0"", ""User0""]","{""blue_first_relevant_response_after_critical"": 13, ""blue_first_relevant_response_after_enterprise"": 13, ""enterprise_foothold_step"": 5, ""first_critical_hit_step"": 12, ""window_end"": null, ""window_start"": null}"
ours_stage2_fair,11,stage2_ext_016_obj_0,objective_selected,episode_002,6,6013,99,Q2_user_action_during_critical_breach,high,DecoyApache,User0,User,Impact,Op_Server0,"[""Op_Server0""]","[""Op_Server0""]","[""Enterprise1"", ""Op_Server0"", ""User0""]","[""Enterprise1"", ""Op_Server0"", ""User0""]","{""blue_first_relevant_response_after_critical"": 13, ""blue_first_relevant_response_after_enterprise"": 13, ""enterprise_foothold_step"": 5, ""first_critical_hit_step"": 12, ""window_end"": null, ""window_start"": null}"
ours_stage2_fair,11,stage2_ext_016_obj_0,objective_selected,episode_002,6,6013,8,Q4_user_focus_after_enterprise_foothold,medium,DecoySvchost,User2,User,DiscoverNetworkServices,,[],[],"[""Enterprise1"", ""User0"", ""User2""]","[""Enterprise1"", ""User0"", ""User2""]","{""blue_first_relevant_response_after_critical"": 13, ""blue_first_relevant_response_after_enterprise"": 13, ""enterprise_foothold_step"": 5, ""first_critical_hit_step"": 12, ""window_end"": 10, ""window_start"": 8}"
ours_stage2_fair,11,stage2_ext_016_obj_0,objective_selected,episode_002,6,6013,9,Q4_user_focus_after_enterprise_foothold,medium,DecoyVsftpd,User0,User,ExploitRemoteService,,[],[],"[""Enterprise1"", ""User0"", ""User2""]","[""Enterprise1"", ""Enterprise2"", ""User0"", ""User2""]","{""blue_first_relevant_response_after_critical"": 13, ""blue_first_relevant_response_after_enterprise"": 13, ""enterprise_foothold_step"": 5, ""first_critical_hit_step"": 12, ""window_end"": 11, ""window_start"": 9}"
ours_stage2_fair,11,stage2_ext_016_obj_0,objective_selected,episode_002,6,6013,10,Q4_user_focus_after_enterprise_foothold,medium,Analyse,User1,User,PrivilegeEscalate,Enterprise2,[],[],"[""Enterprise1"", ""Enterprise2"", ""User0"", ""User2""]","[""Enterprise1"", ""Enterprise2"", ""User0"", ""User2""]","{""blue_first_relevant_response_after_critical"": 13, ""blue_first_relevant_response_after_enterprise"": 13, ""enterprise_foothold_step"": 5, ""first_critical_hit_step"": 12, ""window_end"": 12, ""window_start"": 10}"
ours_stage2_fair,11,stage2_ext_016_obj_0,objective_selected,episode_002,6,6013,41,Q4_user_focus_after_enterprise_foothold,medium,Restore,User1,User,Impact,Op_Server0,"[""Op_Server0""]","[""Op_Server0""]","[""Enterprise1"", ""Op_Server0"", ""User0"", ""User2""]","[""Enterprise1"", ""Op_Server0"", ""User0"", ""User2""]","{""blue_first_relevant_response_after_critical"": 13, ""blue_first_relevant_response_after_enterprise"": 13, ""enterprise_foothold_step"": 5, ""first_critical_hit_step"": 12, ""window_end"": 43, ""window_start"": 41}"
ours_stage2_fair,11,stage2_ext_016_obj_0,objective_selected,episode_002,6,6013,42,Q4_user_focus_after_enterprise_foothold,medium,DecoyTomcat,User4,User,Impact,Op_Server0,"[""Op_Server0""]","[""Op_Server0""]","[""Enterprise1"", ""Op_Server0"", ""User0"", ""User2""]","[""Enterprise1"", ""Op_Server0"", ""User0"", ""User2""]","{""blue_first_relevant_response_after_critical"": 13, ""blue_first_relevant_response_after_enterprise"": 13, ""enterprise_foothold_step"": 5, ""first_critical_hit_step"": 12, ""window_end"": 44, ""window_start"": 42}"
ours_stage2_fair,11,stage2_ext_016_obj_0,objective_selected,episode_002,6,6013,83,Q5_repeated_low_value_decoy_loop,medium,DecoyVsftpd,User4,User,Impact,Op_Server0,"[""Op_Server0""]","[""Op_Server0""]","[""Enterprise1"", ""Op_Server0"", ""User0""]","[""Enterprise1"", ""Op_Server0"", ""User0""]","{""blue_first_relevant_response_after_critical"": 13, ""blue_first_relevant_response_after_enterprise"": 13, ""enterprise_foothold_step"": 5, ""first_critical_hit_step"": 12, ""window_end"": 88, ""window_start"": 79}"
ours_stage2_fair,11,stage2_ext_016_obj_0,objective_selected,episode_002,7,7013,13,Q2_user_action_during_critical_breach,high,Analyse,User1,User,PrivilegeEscalate,Op_Server0,"[""Op_Server0""]","[""Op_Server0""]","[""Enterprise1"", ""Enterprise2"", ""Op_Server0"", ""User0"", ""User2""]","[""Enterprise1"", ""Enterprise2"", ""Op_Server0"", ""User0"", ""User2""]","{""blue_first_relevant_response_after_critical"": 15, ""blue_first_relevant_response_after_enterprise"": 6, ""enterprise_foothold_step"": 5, ""first_critical_hit_step"": 12, ""window_end"": null, ""window_start"": null}"
ours_stage2_fair,11,stage2_ext_016_obj_0,objective_selected,episode_002,7,7013,17,Q2_user_action_during_critical_breach,high,Analyse,User3,User,Impact,Op_Server0,"[""Op_Server0""]","[""Op_Server0""]","[""Enterprise1"", ""Enterprise2"", ""Op_Server0"", ""User0"", ""User2""]","[""Enterprise1"", ""Enterprise2"", ""Op_Server0"", ""User0"", ""User2""]","{""blue_first_relevant_response_after_critical"": 15, ""blue_first_relevant_response_after_enterprise"": 6, ""enterprise_foothold_step"": 5, ""first_critical_hit_step"": 12, ""window_end"": null, ""window_start"": null}"
ours_stage2_fair,11,stage2_ext_016_obj_0,objective_selected,episode_002,7,7013,28,Q2_user_action_during_critical_breach,high,DecoyVsftpd,User4,User,Impact,Op_Server0,"[""Op_Server0""]","[""Op_Server0""]","[""Enterprise1"", ""Enterprise2"", ""Op_Server0"", ""User0"", ""User2""]","[""Enterprise1"", ""Enterprise2"", ""Op_Server0"", ""User0"", ""User2""]","{""blue_first_relevant_response_after_critical"": 15, ""blue_first_relevant_response_after_enterprise"": 6, ""enterprise_foothold_step"": 5, ""first_critical_hit_step"": 12, ""window_end"": null, ""window_start"": null}"
ours_stage2_fair,11,stage2_ext_016_obj_0,objective_selected,episode_002,7,7013,29,Q2_user_action_during_critical_breach,high,Remove,User1,User,Impact,Op_Server0,"[""Op_Server0""]","[""Op_Server0""]","[""Enterprise1"", ""Enterprise2"", ""Op_Server0"", ""User0"", ""User2""]","[""Enterprise1"", ""Enterprise2"", ""Op_Server0"", ""User0"", ""User2""]","{""blue_first_relevant_response_after_critical"": 15, ""blue_first_relevant_response_after_enterprise"": 6, ""enterprise_foothold_step"": 5, ""first_critical_hit_step"": 12, ""window_end"": null, ""window_start"": null}"
ours_stage2_fair,11,stage2_ext_016_obj_0,objective_selected,episode_002,7,7013,31,Q2_user_action_during_critical_breach,high,DecoyVsftpd,User4,User,Impact,Op_Server0,"[""Op_Server0""]","[""Op_Server0""]","[""Enterprise1"", ""Op_Server0"", ""User0"", ""User2""]","[""Enterprise1"", ""Op_Server0"", ""User0"", ""User2""]","{""blue_first_relevant_response_after_critical"": 15, ""blue_first_relevant_response_after_enterprise"": 6, ""enterprise_foothold_step"": 5, ""first_critical_hit_step"": 12, ""window_end"": null, ""window_start"": null}"
ours_stage2_fair,11,stage2_ext_016_obj_0,objective_selected,episode_002,7,7013,37,Q2_user_action_during_critical_breach,high,DecoyTomcat,User2,User,Impact,Op_Server0,"[""Op_Server0""]","[""Op_Server0""]","[""Enterprise1"", ""Op_Server0"", ""User0"", ""User2""]","[""Enterprise1"", ""Op_Server0"", ""User0"", ""User2""]","{""blue_first_relevant_response_after_critical"": 15, ""blue_first_relevant_response_after_enterprise"": 6, ""enterprise_foothold_step"": 5, ""first_critical_hit_step"": 12, ""window_end"": null, ""window_start"": null}"
ours_stage2_fair,11,stage2_ext_016_obj_0,objective_selected,episode_002,7,7013,40,Q2_user_action_during_critical_breach,high,DecoySvchost,User0,User,Impact,Op_Server0,"[""Op_Server0""]","[""Op_Server0""]","[""Enterprise1"", ""Op_Server0"", ""User0"", ""User2""]","[""Enterprise1"", ""Op_Server0"", ""User0"", ""User2""]","{""blue_first_relevant_response_after_critical"": 15, ""blue_first_relevant_response_after_enterprise"": 6, ""enterprise_foothold_step"": 5, ""first_critical_hit_step"": 12, ""window_end"": null, ""window_start"": null}"
ours_stage2_fair,11,stage2_ext_016_obj_0,objective_selected,episode_002,7,7013,44,Q2_user_action_during_critical_breach,high,DecoySmss,User2,User,Impact,Op_Server0,"[""Op_Server0""]","[""Op_Server0""]","[""Enterprise1"", ""Op_Server0"", ""User0"", ""User2""]","[""Enterprise1"", ""Op_Server0"", ""User0"", ""User2""]","{""blue_first_relevant_response_after_critical"": 15, ""blue_first_relevant_response_after_enterprise"": 6, ""enterprise_foothold_step"": 5, ""first_critical_hit_step"": 12, ""window_end"": null, ""window_start"": null}"
ours_stage2_fair,11,stage2_ext_016_obj_0,objective_selected,episode_002,7,7013,49,Q2_user_action_during_critical_breach,high,DecoySmss,User4,User,Impact,Op_Server0,"[""Op_Server0""]","[""Op_Server0""]","[""Enterprise1"", ""Op_Server0"", ""User0"", ""User2""]","[""Enterprise1"", ""Op_Server0"", ""User0"", ""User2""]","{""blue_first_relevant_response_after_critical"": 15, ""blue_first_relevant_response_after_enterprise"": 6, ""enterprise_foothold_step"": 5, ""first_critical_hit_step"": 12, ""window_end"": null, ""window_start"": null}"
ours_stage2_fair,11,stage2_ext_016_obj_0,objective_selected,episode_002,7,7013,52,Q2_user_action_during_critical_breach,high,DecoyFemitter,User1,User,Impact,Op_Server0,"[""Op_Server0""]","[""Op_Server0""]","[""Enterprise1"", ""Op_Server0"", ""User0"", ""User2""]","[""Enterprise1"", ""Op_Server0"", ""User0"", ""User2""]","{""blue_first_relevant_response_after_critical"": 15, ""blue_first_relevant_response_after_enterprise"": 6, ""enterprise_foothold_step"": 5, ""first_critical_hit_step"": 12, ""window_end"": null, ""window_start"": null}"
ours_stage2_fair,11,stage2_ext_016_obj_0,objective_selected,episode_002,7,7013,55,Q2_user_action_during_critical_breach,high,DecoySmss,User4,User,Impact,Op_Server0,"[""Op_Server0""]","[""Op_Server0""]","[""Enterprise1"", ""Op_Server0"", ""User0"", ""User2""]","[""Enterprise1"", ""Op_Server0"", ""User0"", ""User2""]","{""blue_first_relevant_response_after_critical"": 15, ""blue_first_relevant_response_after_enterprise"": 6, ""enterprise_foothold_step"": 5, ""first_critical_hit_step"": 12, ""window_end"": null, ""window_start"": null}"
ours_stage2_fair,11,stage2_ext_016_obj_0,objective_selected,episode_002,7,7013,60,Q2_user_action_during_critical_breach,high,DecoySmss,User4,User,Impact,Op_Server0,"[""Op_Server0""]","[""Op_Server0""]","[""Enterprise1"", ""Op_Server0"", ""User0"", ""User2""]","[""Enterprise1"", ""Op_Server0"", ""User0"", ""User2""]","{""blue_first_relevant_response_after_critical"": 15, ""blue_first_relevant_response_after_enterprise"": 6, ""enterprise_foothold_step"": 5, ""first_critical_hit_step"": 12, ""window_end"": null, ""window_start"": null}"
ours_stage2_fair,11,stage2_ext_016_obj_0,objective_selected,episode_002,7,7013,61,Q2_user_action_during_critical_breach,high,DecoyTomcat,User2,User,Impact,Op_Server0,"[""Op_Server0""]","[""Op_Server0""]","[""Enterprise1"", ""Op_Server0"", ""User0"", ""User2""]","[""Enterprise1"", ""Op_Server0"", ""User0"", ""User2""]","{""blue_first_relevant_response_after_critical"": 15, ""blue_first_relevant_response_after_enterprise"": 6, ""enterprise_foothold_step"": 5, ""first_critical_hit_step"": 12, ""window_end"": null, ""window_start"": null}"
ours_stage2_fair,11,stage2_ext_016_obj_0,objective_selected,episode_002,7,7013,68,Q2_user_action_during_critical_breach,high,DecoyTomcat,User2,User,Impact,Op_Server0,"[""Op_Server0""]","[""Op_Server0""]","[""Enterprise1"", ""Op_Server0"", ""User0"", ""User2""]","[""Enterprise1"", ""Op_Server0"", ""User0"", ""User2""]","{""blue_first_relevant_response_after_critical"": 15, ""blue_first_relevant_response_after_enterprise"": 6, ""enterprise_foothold_step"": 5, ""first_critical_hit_step"": 12, ""window_end"": null, ""window_start"": null}"
ours_stage2_fair,11,stage2_ext_016_obj_0,objective_selected,episode_002,7,7013,71,Q2_user_action_during_critical_breach,high,DecoyApache,User0,User,Impact,Op_Server0,"[""Op_Server0""]","[""Op_Server0""]","[""Enterprise1"", ""Op_Server0"", ""User0"", ""User2""]","[""Enterprise1"", ""Op_Server0"", ""User0"", ""User2""]","{""blue_first_relevant_response_after_critical"": 15, ""blue_first_relevant_response_after_enterprise"": 6, ""enterprise_foothold_step"": 5, ""first_critical_hit_step"": 12, ""window_end"": null, ""window_start"": null}"
ours_stage2_fair,11,stage2_ext_016_obj_0,objective_selected,episode_002,7,7013,73,Q2_user_action_during_critical_breach,high,DecoyApache,User3,User,Impact,Op_Server0,"[""Op_Server0""]","[""Op_Server0""]","[""Enterprise1"", ""Op_Server0"", ""User0"", ""User2""]","[""Enterprise1"", ""Op_Server0"", ""User0"", ""User2""]","{""blue_first_relevant_response_after_critical"": 15, ""blue_first_relevant_response_after_enterprise"": 6, ""enterprise_foothold_step"": 5, ""first_critical_hit_step"": 12, ""window_end"": null, ""window_start"": null}"
ours_stage2_fair,11,stage2_ext_016_obj_0,objective_selected,episode_002,7,7013,77,Q2_user_action_during_critical_breach,high,DecoySmss,User4,User,Impact,Op_Server0,"[""Op_Server0""]","[""Op_Server0""]","[""Enterprise1"", ""Op_Server0"", ""User0"", ""User2""]","[""Enterprise1"", ""Op_Server0"", ""User0"", ""User2""]","{""blue_first_relevant_response_after_critical"": 15, ""blue_first_relevant_response_after_enterprise"": 6, ""enterprise_foothold_step"": 5, ""first_critical_hit_step"": 12, ""window_end"": null, ""window_start"": null}"
ours_stage2_fair,11,stage2_ext_016_obj_0,objective_selected,episode_002,7,7013,78,Q2_user_action_during_critical_breach,high,DecoyFemitter,User1,User,Impact,Op_Server0,"[""Op_Server0""]","[""Op_Server0""]","[""Enterprise1"", ""Op_Server0"", ""User0"", ""User2""]","[""Enterprise1"", ""Op_Server0"", ""User0"", ""User2""]","{""blue_first_relevant_response_after_critical"": 15, ""blue_first_relevant_response_after_enterprise"": 6, ""enterprise_foothold_step"": 5, ""first_critical_hit_step"": 12, ""window_end"": null, ""window_start"": null}"
ours_stage2_fair,11,stage2_ext_016_obj_0,objective_selected,episode_002,7,7013,79,Q2_user_action_during_critical_breach,high,DecoyTomcat,User2,User,Impact,Op_Server0,"[""Op_Server0""]","[""Op_Server0""]","[""Enterprise1"", ""Op_Server0"", ""User0"", ""User2""]","[""Enterprise1"", ""Op_Server0"", ""User0"", ""User2""]","{""blue_first_relevant_response_after_critical"": 15, ""blue_first_relevant_response_after_enterprise"": 6, ""enterprise_foothold_step"": 5, ""first_critical_hit_step"": 12, ""window_end"": null, ""window_start"": null}"
ours_stage2_fair,11,stage2_ext_016_obj_0,objective_selected,episode_002,7,7013,80,Q2_user_action_during_critical_breach,high,DecoySmss,User4,User,Impact,Op_Server0,"[""Op_Server0""]","[""Op_Server0""]","[""Enterprise1"", ""Op_Server0"", ""User0"", ""User2""]","[""Enterprise1"", ""Op_Server0"", ""User0"", ""User2""]","{""blue_first_relevant_response_after_critical"": 15, ""blue_first_relevant_response_after_enterprise"": 6, ""enterprise_foothold_step"": 5, ""first_critical_hit_step"": 12, ""window_end"": null, ""window_start"": null}"
ours_stage2_fair,11,stage2_ext_016_obj_0,objective_selected,episode_002,7,7013,83,Q2_user_action_during_critical_breach,high,DecoyVsftpd,User4,User,Impact,Op_Server0,"[""Op_Server0""]","[""Op_Server0""]","[""Enterprise1"", ""Op_Server0"", ""User0"", ""User2""]","[""Enterprise1"", ""Op_Server0"", ""User0"", ""User2""]","{""blue_first_relevant_response_after_critical"": 15, ""blue_first_relevant_response_after_enterprise"": 6, ""enterprise_foothold_step"": 5, ""first_critical_hit_step"": 12, ""window_end"": null, ""window_start"": null}"
ours_stage2_fair,11,stage2_ext_016_obj_0,objective_selected,episode_002,7,7013,85,Q2_user_action_during_critical_breach,high,DecoySmss,User4,User,Impact,Op_Server0,"[""Op_Server0""]","[""Op_Server0""]","[""Enterprise1"", ""Op_Server0"", ""User0"", ""User2""]","[""Enterprise1"", ""Op_Server0"", ""User0"", ""User2""]","{""blue_first_relevant_response_after_critical"": 15, ""blue_first_relevant_response_after_enterprise"": 6, ""enterprise_foothold_step"": 5, ""first_critical_hit_step"": 12, ""window_end"": null, ""window_start"": null}"
ours_stage2_fair,11,stage2_ext_016_obj_0,objective_selected,episode_002,7,7013,87,Q2_user_action_during_critical_breach,high,DecoySmss,User2,User,Impact,Op_Server0,"[""Op_Server0""]","[""Op_Server0""]","[""Enterprise1"", ""Op_Server0"", ""User0"", ""User2""]","[""Enterprise1"", ""Op_Server0"", ""User0"", ""User2""]","{""blue_first_relevant_response_after_critical"": 15, ""blue_first_relevant_response_after_enterprise"": 6, ""enterprise_foothold_step"": 5, ""first_critical_hit_step"": 12, ""window_end"": null, ""window_start"": null}"
ours_stage2_fair,11,stage2_ext_016_obj_0,objective_selected,episode_002,7,7013,91,Q2_user_action_during_critical_breach,high,DecoyVsftpd,User0,User,Impact,Op_Server0,"[""Op_Server0""]","[""Op_Server0""]","[""Enterprise1"", ""Op_Server0"", ""User0"", ""User2""]","[""Enterprise1"", ""Op_Server0"", ""User0"", ""User2""]","{""blue_first_relevant_response_after_critical"": 15, ""blue_first_relevant_response_after_enterprise"": 6, ""enterprise_foothold_step"": 5, ""first_critical_hit_step"": 12, ""window_end"": null, ""window_start"": null}"
ours_stage2_fair,11,stage2_ext_016_obj_0,objective_selected,episode_002,7,7013,77,Q4_user_focus_after_enterprise_foothold,medium,DecoySmss,User4,User,Impact,Op_Server0,"[""Op_Server0""]","[""Op_Server0""]","[""Enterprise1"", ""Op_Server0"", ""User0"", ""User2""]","[""Enterprise1"", ""Op_Server0"", ""User0"", ""User2""]","{""blue_first_relevant_response_after_critical"": 15, ""blue_first_relevant_response_after_enterprise"": 6, ""enterprise_foothold_step"": 5, ""first_critical_hit_step"": 12, ""window_end"": 79, ""window_start"": 77}"
ours_stage2_fair,11,stage2_ext_016_obj_0,objective_selected,episode_002,7,7013,78,Q4_user_focus_after_enterprise_foothold,medium,DecoyFemitter,User1,User,Impact,Op_Server0,"[""Op_Server0""]","[""Op_Server0""]","[""Enterprise1"", ""Op_Server0"", ""User0"", ""User2""]","[""Enterprise1"", ""Op_Server0"", ""User0"", ""User2""]","{""blue_first_relevant_response_after_critical"": 15, ""blue_first_relevant_response_after_enterprise"": 6, ""enterprise_foothold_step"": 5, ""first_critical_hit_step"": 12, ""window_end"": 80, ""window_start"": 78}"
ours_stage2_fair,11,stage2_ext_016_obj_0,objective_selected,episode_002,7,7013,77,Q5_repeated_low_value_decoy_loop,medium,DecoySmss,User4,User,Impact,Op_Server0,"[""Op_Server0""]","[""Op_Server0""]","[""Enterprise1"", ""Op_Server0"", ""User0"", ""User2""]","[""Enterprise1"", ""Op_Server0"", ""User0"", ""User2""]","{""blue_first_relevant_response_after_critical"": 15, ""blue_first_relevant_response_after_enterprise"": 6, ""enterprise_foothold_step"": 5, ""first_critical_hit_step"": 12, ""window_end"": 85, ""window_start"": 76}"
